会话id,业务,组号,轮次,query,期望工具,期望参数,源行号
1k1,影视,1,第1轮,有什么谍战剧,vod_search,"{""action"": ""search"", ""query"": {""field"": ""tag"", ""value"": ""谍战""}}",10006
1k1,影视,1,第2轮,大家都在看的,vod_search,"{""action"": ""search"", ""query"": {""field"": ""tag"", ""value"": ""谍战""}}",10007
1k1,影视,1,第3轮,免费的有吗,vod_search_all,"{""action"": ""search"", ""query"": {""and"": [{""field"": ""tag"", ""value"": ""谍战""}, {""field"": ""is_fee"", ""value"": ""0""}]}}",10008
1k1,影视,1,第4轮,能免费看的,vod_search,"{""action"": ""search"", ""query"": {""and"": [{""field"": ""tag"", ""value"": ""谍战""}, {""field"": ""is_fee"", ""value"": ""0""}]}}",10009
1k1,影视,1,第5轮,要近三年拍的,vod_search,"{""action"": ""search"", ""query"": {""and"": [{""field"": ""tag"", ""value"": ""谍战""}, {""field"": ""is_fee"", ""value"": ""0""}, {""field"": ""release_time"", ""from"": ""20230101"", ""to"": ""20261231""}]}}",10010
1k2,影视,2,第1轮,来点灾难片,vod_search,"{""action"": ""search"", ""query"": {""field"": ""tag"", ""value"": ""灾难""}}",10011
1k2,影视,2,第2轮,特效大片那种,vod_search,"{""action"": ""search"", ""query"": {}}",10012
1k2,影视,2,第3轮,要视效震撼的,vod_search,"{""action"": ""search"", ""query"": {""field"": ""tag"", ""value"": ""灾难""}}",10013
1k2,影视,2,第4轮,海外的,vod_search_all,"{""action"": ""search"", ""query"": {}}",10014
1k2,影视,2,第5轮,国外的有吗,vod_search_all,"{""action"": ""search"", ""query"": {""and"": [{""field"": ""tag"", ""value"": ""灾难""}, {""field"": ""area"", ""value"": ""国外""}]}}",10015
1k3,影视,3,第1轮,来点武侠剧,vod_search,"{""action"": ""search"", ""query"": {""field"": ""tag"", ""value"": ""武侠""}}",10016
1k3,影视,3,第2轮,要内地拍的,vod_search_all,"{""action"": ""search"", ""query"": {""and"": [{""field"": ""tag"", ""value"": ""武侠""}, {""field"": ""area"", ""value"": ""内地""}]}}",10017
1k3,影视,3,第3轮,武打戏好的,vod_search,"{""action"": ""search"", ""query"": {""and"": [{""field"": ""tag"", ""value"": ""武侠""}, {""field"": ""area"", ""value"": ""内地""}]}}",10018
1k3,影视,3,第4轮,评分高的,vod_search,"{""action"": ""search"", ""query"": {""and"": [{""field"": ""tag"", ""value"": ""武侠""}, {""field"": ""area"", ""value"": ""内地""}]}, ""sort"": {""rate"": {""order"": ""desc""}}}",10019
1k3,影视,3,第5轮,画质清楚的,vod_search,"{""action"": ""search"", ""query"": {}}",10020
1k4,影视,4,第1轮,我想看职场剧,vod_search,"{""action"": ""search"", ""query"": {""field"": ""tag"", ""value"": ""职场""}}",10021
1k4,影视,4,第2轮,金融题材的,vod_search,"{""action"": ""search"", ""query"": {""field"": ""tag"", ""value"": ""职场""}}",10022
1k4,影视,4,第3轮,带字幕的,vod_search,"{""action"": ""search"", ""query"": {}}",10023
1k4,影视,4,第4轮,有字幕的,vod_search,"{""action"": ""search"", ""query"": {}}",10024
1k4,影视,4,第5轮,集数少点的,vod_search,"{""action"": ""search"", ""query"": {}}",10025
1k5,影视,5,第1轮,年代剧,vod_search,"{""action"": ""search"", ""query"": {""field"": ""tag"", ""value"": ""年代""}}",10026
1k5,影视,5,第2轮,八九十年代背景的,vod_search,"{""action"": ""search"", ""query"": {""field"": ""tag"", ""value"": ""年代""}}",10027
1k5,影视,5,第3轮,要集数多的那种,vod_search,"{""action"": ""search"", ""query"": {}}",10028
1k5,影视,5,第4轮,演员阵容豪华的,vod_search,"{""action"": ""search"", ""query"": {}}",10029
1k5,影视,5,第5轮,收视率高点的,vod_search,"{""action"": ""search"", ""query"": {}}",10030
1k6,影视,6,第1轮,有哪些悬疑美剧,vod_search_all,"{""action"": ""search"", ""query"": {""field"": ""tag"", ""value"": ""悬疑""}, ""sort"": {""rate"": {""order"": ""desc""}}}",10031
1k6,影视,6,第2轮,有中文字幕版,vod_search,"{""action"": ""search"", ""query"": {}}",10032
1k6,影视,6,第3轮,已完结的,vod_search,"{""action"": ""search"", ""query"": {""and"": [{""field"": ""tag"", ""value"": ""悬疑""}, {""field"": ""is_over"", ""value"": 1}]}, ""sort"": {""rate"": {""order"": ""desc""}}}",10033
1k6,影视,6,第4轮,有中文字幕,vod_search,"{""action"": ""search"", ""query"": {}}",10034
1k6,影视,6,第5轮,完结的有没有,vod_search,"{""action"": ""search"", ""query"": {""and"": [{""field"": ""tag"", ""value"": ""悬疑""}, {""field"": ""is_over"", ""value"": 1}]}, ""sort"": {""rate"": {""order"": ""desc""}}}",10035
1k7,影视,7,第1轮,想看治愈系的剧,vod_fuzzy_search,"{""query"": ""想看治愈系的剧""}",10036
1k7,影视,7,第2轮,日本拍的,vod_search_all,"{""action"": ""search"", ""query"": {""and"": [{""field"": ""tag"", ""value"": ""治愈""}, {""field"": ""area"", ""value"": ""日本""}]}}",10037
1k7,影视,7,第3轮,日本那种,vod_search_all,"{""action"": ""search"", ""query"": {""and"": [{""field"": ""tag"", ""value"": ""治愈""}, {""field"": ""area"", ""value"": ""日本""}]}}",10038
1k7,影视,7,第4轮,日本的,vod_search_all,"{""action"": ""search"", ""query"": {""and"": [{""field"": ""tag"", ""value"": ""治愈""}, {""field"": ""area"", ""value"": ""日本""}]}}",10039
1k7,影视,7,第5轮,画面精美的,vod_search,"{""action"": ""search"", ""query"": {}}",10040
1k8,影视,8,第1轮,讲亲情的剧,vod_fuzzy_search,"{""query"": ""讲亲情的剧""}",10041
1k8,影视,8,第2轮,HE结局的,fan_knowledge_agent,"{""messages"": [{""role"": ""user"", ""content"": ""HE结局的""}], ""riskRespStrategy"": ""all_replace""}",10042
1k8,影视,8,第3轮,大团圆结局的,fan_knowledge_agent,"{""messages"": [{""role"": ""user"", ""content"": ""大团圆结局的""}], ""riskRespStrategy"": ""all_replace""}",10043
1k8,影视,8,第4轮,不收费的有吗,vod_search,"{""action"": ""search"", ""query"": {}}",10044
1k8,影视,8,第5轮,1080P的,vod_search,"{""action"": ""search"", ""query"": {}}",10045
1k9,影视,9,第1轮,推荐几部军旅剧,vod_search,"{""action"": ""search"", ""query"": {""field"": ""tag"", ""value"": ""军旅""}}",10046
1k9,影视,9,第2轮,现代题材的,vod_search,"{""action"": ""search"", ""query"": {""field"": ""tag"", ""value"": ""军旅""}}",10047
1k9,影视,9,第3轮,现代军旅的,vod_search,"{""action"": ""search"", ""query"": {""field"": ""tag"", ""value"": ""军旅""}}",10048
1k9,影视,9,第4轮,国产的有没有的那种,vod_search_all,"{""action"": ""search"", ""query"": {""and"": [{""field"": ""tag"", ""value"": ""军旅""}, {""field"": ""area"", ""value"": ""内地""}]}}",10049
1k9,影视,9,第5轮,是国产的吗,vod_search_all,"{""action"": ""search"", ""query"": {""and"": [{""field"": ""tag"", ""value"": ""军旅""}, {""field"": ""area"", ""value"": ""内地""}]}}",10050
1k10,影视,10,第1轮,好看的韩剧,vod_search_all,"{""action"": ""search"", ""query"": {""field"": ""category"", ""value"": ""电视剧""}, ""sort"": {""rate"": {""order"": ""desc""}}}",10051
1k10,影视,10,第2轮,不用追更的,vod_search,"{""action"": ""search"", ""query"": {""field"": ""category"", ""value"": ""电视剧""}, ""sort"": {""rate"": {""order"": ""desc""}}}",10052
1k10,影视,10,第3轮,高分的有没有,vod_search,"{""action"": ""search"", ""query"": {""field"": ""category"", ""value"": ""电视剧""}, ""sort"": {""rate"": {""order"": ""desc""}}}",10053
1k10,影视,10,第4轮,已完结的,vod_search,"{""action"": ""search"", ""query"": {""and"": [{""field"": ""category"", ""value"": ""电视剧""}, {""field"": ""is_over"", ""value"": 1}]}, ""sort"": {""rate"": {""order"": ""desc""}}}",10054
1k10,影视,10,第5轮,豆瓣8分以上的,vod_search,"{""action"": ""search"", ""query"": {}}",10055
1k11,影视,11,第1轮,放几部破案剧,vod_search,"{""action"": ""search"", ""query"": {""field"": ""tag"", ""value"": ""破案""}}",10056
1k11,影视,11,第2轮,评分高的,vod_search,"{""action"": ""search"", ""query"": {""field"": ""tag"", ""value"": ""破案""}, ""sort"": {""rate"": {""order"": ""desc""}}}",10057
1k11,影视,11,第3轮,国内的有没有,vod_search_all,"{""action"": ""search"", ""query"": {""and"": [{""field"": ""tag"", ""value"": ""破案""}, {""field"": ""area"", ""value"": ""国内""}]}, ""sort"": {""rate"": {""order"": ""desc""}}}",10058
1k11,影视,11,第4轮,真事改编,vod_search,"{""action"": ""search"", ""query"": {}}",10059
1k11,影视,11,第5轮,评分高点的,vod_search_all,"{""action"": ""search"", ""query"": {""and"": [{""field"": ""tag"", ""value"": ""破案""}, {""field"": ""area"", ""value"": ""国内""}]}, ""sort"": {""rate"": {""order"": ""desc""}}}",10060
1k12,影视,12,第1轮,看看动画片,vod_search,"{""action"": ""search"", ""query"": {""field"": ""tag"", ""value"": ""动画""}}",10061
1k12,影视,12,第2轮,七八岁能看的,educ_search,"{""action"": ""search"", ""query"": {""field"": ""tag"", ""value"": ""动画""}}",10062
1k12,影视,12,第3轮,一个半小时以内的,vod_search,"{""action"": ""search"", ""query"": {""field"": ""tag"", ""value"": ""动画""}}",10063
1k12,影视,12,第4轮,适合七八岁的,educ_search,"{""action"": ""search"", ""query"": {}}",10064
1k12,影视,12,第5轮,有教育意义的,vod_search,"{""action"": ""search"", ""query"": {}}",10065
1k13,影视,13,第1轮,有啥好看的国产动画电影,vod_search,"{""action"": ""search"", ""query"": {""and"": [{""field"": ""category"", ""value"": ""电影""}, {""field"": ""tag"", ""value"": ""动画""}]}}",10066
1k13,影视,13,第2轮,高票房的,vod_search,"{""action"": ""search"", ""messages"": [{""role"": ""user"", ""content"": ""高票房的""}], ""riskRespStrategy"": ""all_replace""}",10067
1k13,影视,13,第3轮,去年上映的,vod_search,"{""action"": ""search"", ""query"": {""and"": [{""field"": ""category"", ""value"": ""电影""}, {""field"": ""tag"", ""value"": ""动画""}, {""field"": ""release_time"", ""from"": ""20230101"", ""to"": ""20261231""}]}}",10068
1k13,影视,13,第4轮,神话故事改编的,vod_search,"{""action"": ""search"", ""query"": {}}",10069
1k13,影视,13,第5轮,画面精美的,vod_search,"{""action"": ""search"", ""query"": {}}",10070
1k14,影视,14,第1轮,放几部经典老电影,vod_fuzzy_search,"{""query"": ""放几部经典老电影""}",10071
1k14,影视,14,第2轮,免费能看吗,vod_search,"{""action"": ""search"", ""query"": {""and"": [{""field"": ""category"", ""value"": ""电影""}, {""field"": ""is_fee"", ""value"": ""0""}]}}",10072
1k14,影视,14,第3轮,评分高的,vod_search,"{""action"": ""search"", ""query"": {""and"": [{""field"": ""category"", ""value"": ""电影""}, {""field"": ""is_fee"", ""value"": ""0""}]}, ""sort"": {""rate"": {""order"": ""desc""}}}",10073
1k14,影视,14,第4轮,有中文字幕的,vod_search,"{""action"": ""search"", ""query"": {}}",10074
1k14,影视,14,第5轮,有修复版的吗,vod_search,"{""action"": ""search"", ""query"": {}}",10075
1k15,影视,15,第1轮,推荐几部动作片,vod_search,"{""action"": ""search"", ""query"": {""field"": ""tag"", ""value"": ""动作""}}",10076
1k15,影视,15,第2轮,枪战激烈的,vod_search,"{""action"": ""search"", ""query"": {""field"": ""tag"", ""value"": ""动作""}}",10077
1k15,影视,15,第3轮,美国大片的那种,vod_search_all,"{""action"": ""search"", ""query"": {""and"": [{""field"": ""tag"", ""value"": ""动作""}, {""field"": ""area"", ""value"": ""美国""}]}}",10078
1k15,影视,15,第4轮,好莱坞的,vod_search_all,"{""action"": ""search"", ""query"": {}}",10079
1k15,影视,15,第5轮,口碑好点的,vod_search,"{""action"": ""search"", ""query"": {""and"": [{""field"": ""tag"", ""value"": ""动作""}, {""field"": ""area"", ""value"": ""美国""}]}, ""sort"": {""rate"": {""order"": ""desc""}}}",10080
1k16,影视,16,第1轮,恋爱剧有哪些,vod_search,"{""action"": ""search"", ""query"": {""field"": ""tag"", ""value"": ""恋爱""}}",10081
1k16,影视,16,第2轮,女主好看的,vod_search,"{""action"": ""search"", ""query"": {""field"": ""tag"", ""value"": ""恋爱""}}",10082
1k16,影视,16,第3轮,圆满结局的,fan_knowledge_agent,"{""messages"": [{""role"": ""user"", ""content"": ""圆满结局的""}], ""riskRespStrategy"": ""all_replace""}",10083
1k16,影视,16,第4轮,颜值高的,vod_search,"{""action"": ""search"", ""query"": {}}",10084
1k16,影视,16,第5轮,要甜甜的恋爱那种,vod_search,"{""action"": ""search"", ""query"": {}}",10085
1k17,影视,17,第1轮,我想看历史剧,vod_search,"{""action"": ""search"", ""query"": {""field"": ""tag"", ""value"": ""历史""}}",10086
1k17,影视,17,第2轮,要唐朝背景的,vod_search,"{""action"": ""search"", ""query"": {""field"": ""tag"", ""value"": ""历史""}}",10087
1k17,影视,17,第3轮,不用追更,vod_search,"{""action"": ""search"", ""query"": {""field"": ""tag"", ""value"": ""历史""}}",10088
1k17,影视,17,第4轮,咱们自己拍的有吗,vod_search_all,"{""action"": ""search"", ""query"": {}}",10089
1k17,影视,17,第5轮,国产的有吗,vod_search_all,"{""action"": ""search"", ""query"": {""and"": [{""field"": ""tag"", ""value"": ""历史""}, {""field"": ""area"", ""value"": ""内地""}]}}",10090
1k18,影视,18,第1轮,我想看医疗剧,vod_search,"{""action"": ""search"", ""query"": {""field"": ""tag"", ""value"": ""医疗""}}",10091
1k18,影视,18,第2轮,打分高的有吗,vod_search,"{""action"": ""search"", ""query"": {""field"": ""tag"", ""value"": ""医疗""}}",10092
1k18,影视,18,第3轮,手术戏真实的,vod_search,"{""action"": ""search"", ""query"": {""field"": ""tag"", ""value"": ""医疗""}}",10093
1k18,影视,18,第4轮,手术场面真实的,vod_search,"{""action"": ""search"", ""query"": {}}",10094
1k18,影视,18,第5轮,专业度高的,vod_search,"{""action"": ""search"", ""query"": {}}",10095
1k19,影视,19,第1轮,真人秀综艺有哪些,vod_search,"{""action"": ""search"", ""query"": {""and"": [{""field"": ""category"", ""value"": ""综艺""}, {""field"": ""tag"", ""value"": ""真人秀""}]}}",10096
1k19,影视,19,第2轮,有明星嘉宾的,vod_search,"{""action"": ""search"", ""query"": {""and"": [{""field"": ""category"", ""value"": ""综艺""}, {""field"": ""tag"", ""value"": ""真人秀""}]}}",10097
1k19,影视,19,第3轮,周六播的,vod_search,"{""action"": ""search"", ""query"": {""and"": [{""field"": ""category"", ""value"": ""综艺""}, {""field"": ""tag"", ""value"": ""真人秀""}]}}",10098
1k19,影视,19,第4轮,明星多的,vod_search,"{""action"": ""search"", ""query"": {}}",10099
1k19,影视,19,第5轮,最新那季,vod_search,"{""action"": ""search"", ""query"": {""and"": [{""field"": ""category"", ""value"": ""综艺""}, {""field"": ""tag"", ""value"": ""真人秀""}]}, ""sort"": {""new"": {""order"": ""desc""}}}",10100
1k20,影视,20,第1轮,有什么脱口秀节目,vod_fuzzy_search,"{""query"": ""有什么脱口秀节目""}",10101
1k20,影视,20,第2轮,要有字幕的,vod_search,"{""action"": ""search"", ""query"": {}}",10102
1k20,影视,20,第3轮,要脱口秀大会那种,vod_search,"{""action"": ""search"", ""query"": {""field"": ""tag"", ""value"": ""脱口秀""}}",10103
1k20,影视,20,第4轮,单人的,vod_search,"{""action"": ""search"", ""query"": {}}",10104
1k20,影视,20,第5轮,高分的有吗,vod_search,"{""action"": ""search"", ""query"": {}}",10105
1k21,影视,21,第1轮,我想看恐怖片,vod_search,"{""action"": ""search"", ""query"": {""field"": ""tag"", ""value"": ""恐怖""}}",10106
1k21,影视,21,第2轮,东南亚的,vod_search_all,"{""action"": ""search"", ""query"": {""field"": ""tag"", ""value"": ""恐怖""}}",10107
1k21,影视,21,第3轮,别太吓人的,vod_search,"{""action"": ""search"", ""query"": {""field"": ""tag"", ""value"": ""恐怖""}}",10108
1k21,影视,21,第4轮,国语配音的有吗,vod_search,"{""action"": ""search"", ""query"": {""and"": [{""field"": ""tag"", ""value"": ""恐怖""}, {""field"": ""language"", ""value"": ""国语""}]}}",10109
1k21,影视,21,第5轮,不太吓人的,vod_search,"{""action"": ""search"", ""query"": {}}",10110
1k22,影视,22,第1轮,律政剧,vod_search,"{""action"": ""search"", ""query"": {""field"": ""category"", ""value"": ""电视剧""}}",10111
1k22,影视,22,第2轮,美剧吧,vod_search_all,"{""action"": ""search"", ""query"": {""field"": ""category"", ""value"": ""电视剧""}}",10112
1k22,影视,22,第3轮,不用追更的,vod_search,"{""action"": ""search"", ""query"": {""field"": ""category"", ""value"": ""电视剧""}}",10113
1k22,影视,22,第4轮,完结的有没有,vod_search,"{""action"": ""search"", ""query"": {""and"": [{""field"": ""category"", ""value"": ""电视剧""}, {""field"": ""is_over"", ""value"": 1}]}}",10114
1k22,影视,22,第5轮,美剧优先,vod_search_all,"{""action"": ""search"", ""query"": {}}",10115
1k23,影视,23,第1轮,推荐些体育题材电影,vod_search,"{""action"": ""search"", ""query"": {""and"": [{""field"": ""category"", ""value"": ""电影""}, {""field"": ""tag"", ""value"": ""体育""}]}}",10116
1k23,影视,23,第2轮,真事改编的,vod_search,"{""action"": ""search"", ""query"": {""and"": [{""field"": ""category"", ""value"": ""电影""}, {""field"": ""tag"", ""value"": ""体育""}]}}",10117
1k23,影视,23,第3轮,免费的有没有,vod_search,"{""action"": ""search"", ""query"": {""and"": [{""field"": ""category"", ""value"": ""电影""}, {""field"": ""tag"", ""value"": ""体育""}, {""field"": ""is_fee"", ""value"": ""0""}]}}",10118
1k23,影视,23,第4轮,免费的,vod_search,"{""action"": ""search"", ""query"": {""and"": [{""field"": ""category"", ""value"": ""电影""}, {""field"": ""tag"", ""value"": ""体育""}, {""field"": ""is_fee"", ""value"": ""0""}]}}",10119
1k23,影视,23,第5轮,不收费的有吗,vod_search,"{""action"": ""search"", ""query"": {}}",10120
1k24,影视,24,第1轮,放好看的电影,vod_search,"{""action"": ""search"", ""query"": {""field"": ""category"", ""value"": ""电影""}}",10121
1k24,影视,24,第2轮,国产的有没有,vod_search_all,"{""action"": ""search"", ""query"": {""and"": [{""field"": ""category"", ""value"": ""电影""}, {""field"": ""area"", ""value"": ""内地""}]}}",10122
1k24,影视,24,第3轮,打分高一些的,vod_search,"{""action"": ""search"", ""query"": {""and"": [{""field"": ""category"", ""value"": ""电影""}, {""field"": ""area"", ""value"": ""内地""}]}}",10123
1k24,影视,24,第4轮,人气高一些的,vod_search,"{""action"": ""search"", ""query"": {""and"": [{""field"": ""category"", ""value"": ""电影""}, {""field"": ""area"", ""value"": ""内地""}]}, ""sort"": {""hot"": {""order"": ""desc""}}}",10124
1k24,影视,24,第5轮,播放量高点的,vod_search,"{""action"": ""search"", ""query"": {""and"": [{""field"": ""category"", ""value"": ""电影""}, {""field"": ""area"", ""value"": ""内地""}]}, ""sort"": {""hot"": {""order"": ""desc""}}}",10125
1k25,影视,25,第1轮,有什么评分高的电影,vod_search,"{""action"": ""search"", ""query"": {""field"": ""category"", ""value"": ""电影""}}",10126
1k25,影视,25,第2轮,评分高的,vod_search,"{""action"": ""search"", ""query"": {""field"": ""category"", ""value"": ""电影""}, ""sort"": {""rate"": {""order"": ""desc""}}}",10127
1k25,影视,25,第3轮,国产的有吗,vod_search_all,"{""action"": ""search"", ""query"": {""and"": [{""field"": ""category"", ""value"": ""电影""}, {""field"": ""area"", ""value"": ""内地""}]}, ""sort"": {""rate"": {""order"": ""desc""}}}",10128
1k25,影视,25,第4轮,打分高点的,vod_search,"{""action"": ""search"", ""query"": {}}",10129
1k25,影视,25,第5轮,不收费的有吗,vod_search,"{""action"": ""search"", ""query"": {}}",10130
1k26,影视,26,第1轮,推荐几部热门的电影,vod_search,"{""action"": ""search"", ""query"": {""field"": ""category"", ""value"": ""电影""}}",10131
1k26,影视,26,第2轮,免费的吗,vod_search,"{""action"": ""search"", ""query"": {""and"": [{""field"": ""category"", ""value"": ""电影""}, {""field"": ""is_fee"", ""value"": ""0""}]}}",10132
1k26,影视,26,第3轮,评分高点的,vod_search_all,"{""action"": ""search"", ""query"": {""and"": [{""field"": ""category"", ""value"": ""电影""}, {""field"": ""is_fee"", ""value"": ""0""}]}, ""sort"": {""rate"": {""order"": ""desc""}}}",10133
1k26,影视,26,第4轮,口碑不错的,vod_search,"{""action"": ""search"", ""query"": {""and"": [{""field"": ""category"", ""value"": ""电影""}, {""field"": ""is_fee"", ""value"": ""0""}]}, ""sort"": {""rate"": {""order"": ""desc""}}}",10134
1k26,影视,26,第5轮,人气高一点的,vod_search,"{""action"": ""search"", ""query"": {""and"": [{""field"": ""category"", ""value"": ""电影""}, {""field"": ""is_fee"", ""value"": ""0""}]}, ""sort"": {""hot"": {""order"": ""desc""}}}",10135
1k27,影视,27,第1轮,我想看最新的电影,vod_search,"{""action"": ""search"", ""query"": {""field"": ""category"", ""value"": ""电影""}}",10136
1k27,影视,27,第2轮,评分高点的,vod_search_all,"{""action"": ""search"", ""query"": {""field"": ""category"", ""value"": ""电影""}, ""sort"": {""rate"": {""order"": ""desc""}}}",10137
1k27,影视,27,第3轮,咱们自己拍的有吗,vod_search_all,"{""action"": ""search"", ""query"": {""field"": ""category"", ""value"": ""电影""}, ""sort"": {""rate"": {""order"": ""desc""}}}",10138
1k27,影视,27,第4轮,是国产的吗,vod_search_all,"{""action"": ""search"", ""query"": {""and"": [{""field"": ""category"", ""value"": ""电影""}, {""field"": ""area"", ""value"": ""内地""}]}, ""sort"": {""rate"": {""order"": ""desc""}}}",10139
1k27,影视,27,第5轮,打分高点的,vod_search,"{""action"": ""search"", ""query"": {}}",10140
1k28,影视,28,第1轮,来点经典的电影,vod_search,"{""action"": ""search"", ""query"": {""field"": ""category"", ""value"": ""电影""}}",10141
1k28,影视,28,第2轮,口碑好点的,vod_search,"{""action"": ""search"", ""query"": {""field"": ""category"", ""value"": ""电影""}, ""sort"": {""rate"": {""order"": ""desc""}}}",10142
1k28,影视,28,第3轮,热门一点的,vod_search,"{""action"": ""search"", ""query"": {""field"": ""category"", ""value"": ""电影""}, ""sort"": {""hot"": {""order"": ""desc""}}}",10143
1k28,影视,28,第4轮,打分高点的,vod_search,"{""action"": ""search"", ""query"": {}}",10144
1k28,影视,28,第5轮,人气高点的,vod_search,"{""action"": ""search"", ""query"": {""field"": ""category"", ""value"": ""电影""}, ""sort"": {""hot"": {""order"": ""desc""}}}",10145
1k29,影视,29,第1轮,推荐几部免费的电影,vod_search,"{""action"": ""search"", ""query"": {""field"": ""category"", ""value"": ""电影""}}",10146
1k29,影视,29,第2轮,国产的有没有,vod_search_all,"{""action"": ""search"", ""query"": {""and"": [{""field"": ""category"", ""value"": ""电影""}, {""field"": ""area"", ""value"": ""内地""}]}}",10147
1k29,影视,29,第3轮,播放量高的,vod_search,"{""action"": ""search"", ""query"": {""and"": [{""field"": ""category"", ""value"": ""电影""}, {""field"": ""area"", ""value"": ""内地""}]}, ""sort"": {""hot"": {""order"": ""desc""}}}",10148
1k29,影视,29,第4轮,免费的吗,vod_search,"{""action"": ""search"", ""query"": {""and"": [{""field"": ""category"", ""value"": ""电影""}, {""field"": ""area"", ""value"": ""内地""}, {""field"": ""is_fee"", ""value"": ""0""}]}, ""sort"": {""hot"": {""order"": ""desc""}}}",10149
1k29,影视,29,第5轮,不要钱的有没有,vod_search,"{""action"": ""search"", ""query"": {}}",10150
1k30,影视,30,第1轮,有哪些好看的电视剧,vod_search,"{""action"": ""search"", ""query"": {""field"": ""category"", ""value"": ""电视剧""}}",10151
1k30,影视,30,第2轮,打分高点的,vod_search,"{""action"": ""search"", ""query"": {""field"": ""category"", ""value"": ""电视剧""}}",10152
1k30,影视,30,第3轮,口碑不错的,vod_search,"{""action"": ""search"", ""query"": {""field"": ""category"", ""value"": ""电视剧""}, ""sort"": {""rate"": {""order"": ""desc""}}}",10153
1k30,影视,30,第4轮,大家都在看的,vod_search,"{""action"": ""search"", ""query"": {}}",10154
1k30,影视,30,第5轮,是国产的吗,vod_search_all,"{""action"": ""search"", ""query"": {""and"": [{""field"": ""category"", ""value"": ""电视剧""}, {""field"": ""area"", ""value"": ""内地""}]}, ""sort"": {""rate"": {""order"": ""desc""}}}",10155
1k31,影视,31,第1轮,放评分高的电视剧,vod_search,"{""action"": ""search"", ""query"": {""field"": ""category"", ""value"": ""电视剧""}}",10156
1k31,影视,31,第2轮,高清的有吗,vod_search,"{""action"": ""search"", ""query"": {""field"": ""category"", ""value"": ""电视剧""}}",10157
1k31,影视,31,第3轮,口碑好的,vod_search,"{""action"": ""search"", ""query"": {""field"": ""category"", ""value"": ""电视剧""}, ""sort"": {""rate"": {""order"": ""desc""}}}",10158
1k31,影视,31,第4轮,不要钱的有没有,vod_search,"{""action"": ""search"", ""query"": {}}",10159
1k31,影视,31,第5轮,国产的有吗,vod_search_all,"{""action"": ""search"", ""query"": {""and"": [{""field"": ""category"", ""value"": ""电视剧""}, {""field"": ""area"", ""value"": ""内地""}]}, ""sort"": {""rate"": {""order"": ""desc""}}}",10160
1k32,影视,32,第1轮,推荐几部热门的电视剧,vod_search,"{""action"": ""search"", ""query"": {""field"": ""category"", ""value"": ""电视剧""}}",10161
1k32,影视,32,第2轮,国产的有吗,vod_search_all,"{""action"": ""search"", ""query"": {""and"": [{""field"": ""category"", ""value"": ""电视剧""}, {""field"": ""area"", ""value"": ""内地""}]}}",10162
1k32,影视,32,第3轮,人气高点的,vod_search,"{""action"": ""search"", ""query"": {""and"": [{""field"": ""category"", ""value"": ""电视剧""}, {""field"": ""area"", ""value"": ""内地""}]}, ""sort"": {""hot"": {""order"": ""desc""}}}",10163
1k32,影视,32,第4轮,咱们自己拍的有吗,vod_search_all,"{""action"": ""search"", ""query"": {}}",10164
1k32,影视,32,第5轮,免费的有没有,vod_search,"{""action"": ""search"", ""query"": {""and"": [{""field"": ""category"", ""value"": ""电视剧""}, {""field"": ""area"", ""value"": ""内地""}, {""field"": ""is_fee"", ""value"": ""0""}]}, ""sort"": {""hot"": {""order"": ""desc""}}}",10165
1k33,影视,33,第1轮,最近想看最新的电视剧,vod_search,"{""action"": ""search"", ""query"": {""field"": ""category"", ""value"": ""电视剧""}}",10166
1k33,影视,33,第2轮,大家都在看的,vod_search,"{""action"": ""search"", ""query"": {""field"": ""category"", ""value"": ""电视剧""}}",10167
1k33,影视,33,第3轮,免费的有没有的那种,vod_search,"{""action"": ""search"", ""query"": {""and"": [{""field"": ""category"", ""value"": ""电视剧""}, {""field"": ""is_fee"", ""value"": ""0""}]}}",10168
1k33,影视,33,第4轮,国产的有吗,vod_search_all,"{""action"": ""search"", ""query"": {""and"": [{""field"": ""category"", ""value"": ""电视剧""}, {""field"": ""is_fee"", ""value"": ""0""}, {""field"": ""area"", ""value"": ""内地""}]}}",10169
1k33,影视,33,第5轮,免费的吗,vod_search,"{""action"": ""search"", ""query"": {""and"": [{""field"": ""category"", ""value"": ""电视剧""}, {""field"": ""is_fee"", ""value"": ""0""}, {""field"": ""area"", ""value"": ""内地""}]}}",10170
1k34,影视,34,第1轮,来一部经典的电视剧,vod_search,"{""action"": ""search"", ""query"": {""field"": ""category"", ""value"": ""电视剧""}}",10171
1k34,影视,34,第2轮,评价好点的,vod_search,"{""action"": ""search"", ""query"": {""field"": ""category"", ""value"": ""电视剧""}}",10172
1k34,影视,34,第3轮,播放量高点的,vod_search,"{""action"": ""search"", ""query"": {""field"": ""category"", ""value"": ""电视剧""}, ""sort"": {""hot"": {""order"": ""desc""}}}",10173
1k34,影视,34,第4轮,要评分高点的,vod_search,"{""action"": ""search"", ""query"": {""field"": ""category"", ""value"": ""电视剧""}, ""sort"": {""rate"": {""order"": ""desc""}}}",10174
1k34,影视,34,第5轮,口碑不错的,vod_search,"{""action"": ""search"", ""query"": {""field"": ""category"", ""value"": ""电视剧""}, ""sort"": {""rate"": {""order"": ""desc""}}}",10175
1k35,影视,35,第1轮,放免费的电视剧,vod_search,"{""action"": ""search"", ""query"": {""field"": ""category"", ""value"": ""电视剧""}}",10176
1k35,影视,35,第2轮,播放量高点的,vod_search,"{""action"": ""search"", ""query"": {""field"": ""category"", ""value"": ""电视剧""}, ""sort"": {""hot"": {""order"": ""desc""}}}",10177
1k35,影视,35,第3轮,咱们自己拍的有吗,vod_search_all,"{""action"": ""search"", ""query"": {""field"": ""category"", ""value"": ""电视剧""}, ""sort"": {""hot"": {""order"": ""desc""}}}",10178
1k35,影视,35,第4轮,不要会员的,vod_search,"{""action"": ""search"", ""query"": {}}",10179
1k35,影视,35,第5轮,人气高点的,vod_search,"{""action"": ""search"", ""query"": {""field"": ""category"", ""value"": ""电视剧""}, ""sort"": {""hot"": {""order"": ""desc""}}}",10180
1k36,影视,36,第1轮,放几部好看的综艺,vod_search,"{""action"": ""search"", ""query"": {""field"": ""category"", ""value"": ""综艺""}}",10181
1k36,影视,36,第2轮,高清的有吗,vod_search,"{""action"": ""search"", ""query"": {""field"": ""category"", ""value"": ""综艺""}}",10182
1k36,影视,36,第3轮,好看的,vod_search,"{""action"": ""search"", ""query"": {""field"": ""category"", ""value"": ""综艺""}}",10183
1k36,影视,36,第4轮,是国产的吗,vod_search_all,"{""action"": ""search"", ""query"": {""and"": [{""field"": ""category"", ""value"": ""综艺""}, {""field"": ""area"", ""value"": ""内地""}]}}",10184
1k36,影视,36,第5轮,评分高的,vod_search,"{""action"": ""search"", ""query"": {""and"": [{""field"": ""category"", ""value"": ""综艺""}, {""field"": ""area"", ""value"": ""内地""}]}, ""sort"": {""rate"": {""order"": ""desc""}}}",10185
1k37,影视,37,第1轮,推荐几部评分高的综艺,vod_search,"{""action"": ""search"", ""query"": {""field"": ""category"", ""value"": ""综艺""}}",10186
1k37,影视,37,第2轮,人气高点的,vod_search,"{""action"": ""search"", ""query"": {""field"": ""category"", ""value"": ""综艺""}, ""sort"": {""hot"": {""order"": ""desc""}}}",10187
1k37,影视,37,第3轮,高清的有吗,vod_search,"{""action"": ""search"", ""query"": {""field"": ""category"", ""value"": ""综艺""}, ""sort"": {""hot"": {""order"": ""desc""}}}",10188
1k37,影视,37,第4轮,热门一点的,vod_search,"{""action"": ""search"", ""query"": {""field"": ""category"", ""value"": ""综艺""}, ""sort"": {""hot"": {""order"": ""desc""}}}",10189
1k37,影视,37,第5轮,口碑好点的,vod_search,"{""action"": ""search"", ""query"": {""field"": ""category"", ""value"": ""综艺""}, ""sort"": {""rate"": {""order"": ""desc""}}}",10190
1k38,影视,38,第1轮,有什么好看的热门的综艺,vod_search,"{""action"": ""search"", ""query"": {""field"": ""category"", ""value"": ""综艺""}}",10191
1k38,影视,38,第2轮,大家都在看的,vod_search,"{""action"": ""search"", ""query"": {""field"": ""category"", ""value"": ""综艺""}}",10192
1k38,影视,38,第3轮,咱们自己拍的有吗,vod_search_all,"{""action"": ""search"", ""query"": {""field"": ""category"", ""value"": ""综艺""}}",10193
1k38,影视,38,第4轮,要人气高点的,vod_search,"{""action"": ""search"", ""query"": {""field"": ""category"", ""value"": ""综艺""}, ""sort"": {""hot"": {""order"": ""desc""}}}",10194
1k38,影视,38,第5轮,免费的,vod_search,"{""action"": ""search"", ""query"": {""and"": [{""field"": ""category"", ""value"": ""综艺""}, {""field"": ""is_fee"", ""value"": ""0""}]}, ""sort"": {""hot"": {""order"": ""desc""}}}",10195
1k39,影视,39,第1轮,放最新的综艺,vod_search,"{""action"": ""search"", ""query"": {""field"": ""category"", ""value"": ""综艺""}}",10196
1k39,影视,39,第2轮,评分高点的,vod_search_all,"{""action"": ""search"", ""query"": {""field"": ""category"", ""value"": ""综艺""}, ""sort"": {""rate"": {""order"": ""desc""}}}",10197
1k39,影视,39,第3轮,评价好点的,vod_search,"{""action"": ""search"", ""query"": {""field"": ""category"", ""value"": ""综艺""}, ""sort"": {""rate"": {""order"": ""desc""}}}",10198
1k39,影视,39,第4轮,免费的,vod_search,"{""action"": ""search"", ""query"": {""and"": [{""field"": ""category"", ""value"": ""综艺""}, {""field"": ""is_fee"", ""value"": ""0""}]}, ""sort"": {""rate"": {""order"": ""desc""}}}",10199
1k39,影视,39,第5轮,要口碑不错的,vod_search,"{""action"": ""search"", ""query"": {""and"": [{""field"": ""category"", ""value"": ""综艺""}, {""field"": ""is_fee"", ""value"": ""0""}]}, ""sort"": {""rate"": {""order"": ""desc""}}}",10200
1k40,影视,40,第1轮,推荐些经典的综艺,vod_search,"{""action"": ""search"", ""query"": {""field"": ""category"", ""value"": ""综艺""}}",10201
1k40,影视,40,第2轮,免费的吗,vod_search,"{""action"": ""search"", ""query"": {""and"": [{""field"": ""category"", ""value"": ""综艺""}, {""field"": ""is_fee"", ""value"": ""0""}]}}",10202
1k40,影视,40,第3轮,经典的,vod_search,"{""action"": ""search"", ""query"": {""and"": [{""field"": ""category"", ""value"": ""综艺""}, {""field"": ""is_fee"", ""value"": ""0""}]}}",10203
1k40,影视,40,第4轮,免费的有没有,vod_search,"{""action"": ""search"", ""query"": {""and"": [{""field"": ""category"", ""value"": ""综艺""}, {""field"": ""is_fee"", ""value"": ""0""}]}}",10204
1k40,影视,40,第5轮,是国产的吗,vod_search_all,"{""action"": ""search"", ""query"": {""and"": [{""field"": ""category"", ""value"": ""综艺""}, {""field"": ""is_fee"", ""value"": ""0""}, {""field"": ""area"", ""value"": ""内地""}]}}",10205
1k41,影视,41,第1轮,放好看的纪录片,vod_search,"{""action"": ""search"", ""query"": {""field"": ""category"", ""value"": ""纪录片""}}",10206
1k41,影视,41,第2轮,要播放量高点的,vod_search,"{""action"": ""search"", ""query"": {""field"": ""category"", ""value"": ""纪录片""}, ""sort"": {""hot"": {""order"": ""desc""}}}",10207
1k41,影视,41,第3轮,免费的吗,vod_search,"{""action"": ""search"", ""query"": {""and"": [{""field"": ""category"", ""value"": ""纪录片""}, {""field"": ""is_fee"", ""value"": ""0""}]}, ""sort"": {""hot"": {""order"": ""desc""}}}",10208
1k41,影视,41,第4轮,不花钱的有没有,vod_search,"{""action"": ""search"", ""query"": {}}",10209
1k41,影视,41,第5轮,国产的有没有的那种,vod_search_all,"{""action"": ""search"", ""query"": {""and"": [{""field"": ""category"", ""value"": ""纪录片""}, {""field"": ""is_fee"", ""value"": ""0""}, {""field"": ""area"", ""value"": ""内地""}]}, ""sort"": {""hot"": {""order"": ""desc""}}}",10210
1k42,影视,42,第1轮,推荐几部评分高的纪录片,vod_search,"{""action"": ""search"", ""query"": {""field"": ""category"", ""value"": ""纪录片""}}",10211
1k42,影视,42,第2轮,免费的有没有,vod_search,"{""action"": ""search"", ""query"": {""and"": [{""field"": ""category"", ""value"": ""纪录片""}, {""field"": ""is_fee"", ""value"": ""0""}]}}",10212
1k42,影视,42,第3轮,打分高点的,vod_search,"{""action"": ""search"", ""query"": {""and"": [{""field"": ""category"", ""value"": ""纪录片""}, {""field"": ""is_fee"", ""value"": ""0""}]}}",10213
1k42,影视,42,第4轮,打分高的,vod_search,"{""action"": ""search"", ""query"": {}}",10214
1k42,影视,42,第5轮,评分高一些的,vod_search,"{""action"": ""search"", ""query"": {""and"": [{""field"": ""category"", ""value"": ""纪录片""}, {""field"": ""is_fee"", ""value"": ""0""}]}, ""sort"": {""rate"": {""order"": ""desc""}}}",10215
1k43,影视,43,第1轮,推荐几部经典的动漫,vod_search,"{""action"": ""search"", ""query"": {""field"": ""category"", ""value"": ""动漫""}}",10216
1k43,影视,43,第2轮,评价好点的,vod_search,"{""action"": ""search"", ""query"": {""field"": ""category"", ""value"": ""动漫""}}",10217
1k43,影视,43,第3轮,热门一点的,vod_search,"{""action"": ""search"", ""query"": {""field"": ""category"", ""value"": ""动漫""}, ""sort"": {""hot"": {""order"": ""desc""}}}",10218
1k43,影视,43,第4轮,口碑不错的,vod_search,"{""action"": ""search"", ""query"": {""field"": ""category"", ""value"": ""动漫""}, ""sort"": {""rate"": {""order"": ""desc""}}}",10219
1k43,影视,43,第5轮,有中文字幕的,vod_search,"{""action"": ""search"", ""query"": {}}",10220
1k44,影视,44,第1轮,想看找沈腾演的电影,vod_search,"{""action"": ""search"", ""query"": {""and"": [{""field"": ""actor"", ""value"": ""沈腾""}, {""field"": ""tag"", ""value"": ""喜剧""}]}}",10221
1k44,影视,44,第2轮,高清的有吗,vod_search,"{""action"": ""search"", ""query"": {""and"": [{""field"": ""actor"", ""value"": ""沈腾""}, {""field"": ""tag"", ""value"": ""喜剧""}]}}",10222
1k44,影视,44,第3轮,免费的,vod_search,"{""action"": ""search"", ""query"": {""and"": [{""field"": ""actor"", ""value"": ""沈腾""}, {""field"": ""tag"", ""value"": ""喜剧""}]}}",10223
1k44,影视,44,第4轮,票房高点的,vod_search,"{""action"": ""search"", ""messages"": [{""role"": ""user"", ""content"": ""票房高点的""}], ""riskRespStrategy"": ""all_replace""}",10224
1k44,影视,44,第5轮,口碑不错的,vod_search,"{""action"": ""search"", ""query"": {""and"": [{""field"": ""actor"", ""value"": ""沈腾""}, {""field"": ""tag"", ""value"": ""喜剧""}]}}",10225
1k45,影视,45,第1轮,放找沈腾演的电视剧,vod_search,"{""action"": ""search"", ""query"": {""and"": [{""field"": ""actor"", ""value"": ""沈腾""}, {""field"": ""tag"", ""value"": ""喜剧""}]}}",10226
1k45,影视,45,第2轮,卖座的,vod_search,"{""action"": ""search"", ""query"": {""and"": [{""field"": ""actor"", ""value"": ""沈腾""}, {""field"": ""tag"", ""value"": ""喜剧""}]}}",10227
1k45,影视,45,第3轮,评分高点的,vod_search,"{""action"": ""search"", ""query"": {""and"": [{""field"": ""actor"", ""value"": ""沈腾""}, {""field"": ""tag"", ""value"": ""喜剧""}]}}",10228
1k45,影视,45,第4轮,最新的有没有,vod_search,"{""action"": ""search"", ""query"": {""and"": [{""field"": ""actor"", ""value"": ""沈腾""}, {""field"": ""tag"", ""value"": ""喜剧""}]}}",10229
1k45,影视,45,第5轮,最新那种,vod_search,"{""action"": ""search"", ""query"": {""and"": [{""field"": ""actor"", ""value"": ""沈腾""}, {""field"": ""tag"", ""value"": ""喜剧""}]}}",10230
1k46,影视,46,第1轮,有啥好看的找沈腾主演的剧,vod_search,"{""action"": ""search"", ""query"": {""and"": [{""field"": ""actor"", ""value"": ""沈腾""}, {""field"": ""tag"", ""value"": ""喜剧""}]}}",10231
1k46,影视,46,第2轮,票房好的,vod_search,"{""action"": ""search"", ""messages"": [{""role"": ""user"", ""content"": ""票房好的""}], ""riskRespStrategy"": ""all_replace""}",10232
1k46,影视,46,第3轮,高清的有吗,vod_search,"{""action"": ""search"", ""query"": {""and"": [{""field"": ""actor"", ""value"": ""沈腾""}, {""field"": ""tag"", ""value"": ""喜剧""}]}}",10233
1k46,影视,46,第4轮,免费的有没有,vod_search,"{""action"": ""search"", ""query"": {""and"": [{""field"": ""actor"", ""value"": ""沈腾""}, {""field"": ""tag"", ""value"": ""喜剧""}]}}",10234
1k46,影视,46,第5轮,最新的有没有,vod_search,"{""action"": ""search"", ""query"": {""and"": [{""field"": ""actor"", ""value"": ""沈腾""}, {""field"": ""tag"", ""value"": ""喜剧""}]}}",10235
1k47,影视,47,第1轮,想看找黄渤演的电视剧,vod_search,"{""action"": ""search"", ""query"": {""and"": [{""field"": ""category"", ""value"": ""电视剧""}, {""field"": ""actor"", ""value"": ""黄渤""}]}}",10236
1k47,影视,47,第2轮,卖座的,vod_search,"{""action"": ""search"", ""query"": {""and"": [{""field"": ""category"", ""value"": ""电视剧""}, {""field"": ""actor"", ""value"": ""黄渤""}]}}",10237
1k47,影视,47,第3轮,票房好的,vod_search,"{""action"": ""search"", ""messages"": [{""role"": ""user"", ""content"": ""票房好的""}], ""riskRespStrategy"": ""all_replace""}",10238
1k47,影视,47,第4轮,票房高点的,vod_search,"{""action"": ""search"", ""messages"": [{""role"": ""user"", ""content"": ""票房高点的""}], ""riskRespStrategy"": ""all_replace""}",10239
1k47,影视,47,第5轮,评价好点的,vod_search,"{""action"": ""search"", ""query"": {""and"": [{""field"": ""category"", ""value"": ""电视剧""}, {""field"": ""actor"", ""value"": ""黄渤""}]}}",10240
1k48,影视,48,第1轮,找杨紫主演的剧,vod_search,"{""action"": ""search"", ""query"": {""and"": [{""field"": ""category"", ""value"": ""电视剧""}, {""field"": ""actor"", ""value"": ""杨紫""}]}}",10241
1k48,影视,48,第2轮,打分高一些的,vod_search,"{""action"": ""search"", ""query"": {""and"": [{""field"": ""category"", ""value"": ""电视剧""}, {""field"": ""actor"", ""value"": ""杨紫""}]}}",10242
1k48,影视,48,第3轮,票房高点的,vod_search,"{""action"": ""search"", ""messages"": [{""role"": ""user"", ""content"": ""票房高点的""}], ""riskRespStrategy"": ""all_replace""}",10243
1k48,影视,48,第4轮,最新的,vod_search,"{""action"": ""search"", ""query"": {""and"": [{""field"": ""category"", ""value"": ""电视剧""}, {""field"": ""actor"", ""value"": ""杨紫""}]}, ""sort"": {""new"": {""order"": ""desc""}}}",10244
1k48,影视,48,第5轮,不花钱的,vod_search,"{""action"": ""search"", ""query"": {""and"": [{""field"": ""category"", ""value"": ""电视剧""}, {""field"": ""actor"", ""value"": ""杨紫""}]}, ""sort"": {""new"": {""order"": ""desc""}}}",10245
1k49,影视,49,第1轮,想看找赵丽颖演的电视剧,vod_search,"{""action"": ""search"", ""query"": {""and"": [{""field"": ""category"", ""value"": ""电视剧""}, {""field"": ""actor"", ""value"": ""赵丽颖""}]}}",10246
1k49,影视,49,第2轮,票房好的,vod_search,"{""action"": ""search"", ""messages"": [{""role"": ""user"", ""content"": ""票房好的""}], ""riskRespStrategy"": ""all_replace""}",10247
1k49,影视,49,第3轮,高票房的,vod_search,"{""action"": ""search"", ""messages"": [{""role"": ""user"", ""content"": ""高票房的""}], ""riskRespStrategy"": ""all_replace""}",10248
1k49,影视,49,第4轮,新歌,vod_search,"{""action"": ""search"", ""query"": {""and"": [{""field"": ""category"", ""value"": ""电视剧""}, {""field"": ""actor"", ""value"": ""赵丽颖""}]}}",10249
1k49,影视,49,第5轮,不收费的有吗,vod_search,"{""action"": ""search"", ""query"": {""and"": [{""field"": ""category"", ""value"": ""电视剧""}, {""field"": ""actor"", ""value"": ""赵丽颖""}]}}",10250
1k50,影视,50,第1轮,有哪些找孙俪演的电影,vod_search,"{""action"": ""search"", ""query"": {""and"": [{""field"": ""category"", ""value"": ""电影""}, {""field"": ""actor"", ""value"": ""孙俪""}]}}",10251
1k50,影视,50,第2轮,新歌,vod_search,"{""action"": ""search"", ""query"": {""and"": [{""field"": ""category"", ""value"": ""电影""}, {""field"": ""actor"", ""value"": ""孙俪""}]}}",10252
1k50,影视,50,第3轮,口碑好点的,vod_search,"{""action"": ""search"", ""query"": {""and"": [{""field"": ""category"", ""value"": ""电影""}, {""field"": ""actor"", ""value"": ""孙俪""}]}}",10253
1k50,影视,50,第4轮,最新的有没有的那种,vod_search,"{""action"": ""search"", ""query"": {""and"": [{""field"": ""category"", ""value"": ""电影""}, {""field"": ""actor"", ""value"": ""孙俪""}]}, ""sort"": {""new"": {""order"": ""desc""}}}",10254
1k50,影视,50,第5轮,不收费的有吗,vod_search,"{""action"": ""search"", ""query"": {""and"": [{""field"": ""category"", ""value"": ""电影""}, {""field"": ""actor"", ""value"": ""孙俪""}]}, ""sort"": {""new"": {""order"": ""desc""}}}",10255
1k51,影视,51,第1轮,来几部谍战剧,vod_search,"{""action"": ""search"", ""query"": {""field"": ""tag"", ""value"": ""谍战""}}",10256
1k51,影视,51,第2轮,人气高一点的,vod_search,"{""action"": ""search"", ""query"": {""field"": ""tag"", ""value"": ""谍战""}, ""sort"": {""hot"": {""order"": ""desc""}}}",10257
1k51,影视,51,第3轮,免费的有吗,vod_search_all,"{""action"": ""search"", ""query"": {""and"": [{""field"": ""tag"", ""value"": ""谍战""}, {""field"": ""is_fee"", ""value"": ""0""}]}, ""sort"": {""hot"": {""order"": ""desc""}}}",10258
1k51,影视,51,第4轮,已经完结的,vod_search,"{""action"": ""search"", ""query"": {""and"": [{""field"": ""tag"", ""value"": ""谍战""}, {""field"": ""is_fee"", ""value"": ""0""}, {""field"": ""is_over"", ""value"": 1}]}, ""sort"": {""hot"": {""order"": ""desc""}}}",10259
1k51,影视,51,第5轮,免费版有吗,vod_search,"{""action"": ""search"", ""query"": {""and"": [{""field"": ""tag"", ""value"": ""谍战""}, {""field"": ""is_fee"", ""value"": ""0""}, {""field"": ""is_over"", ""value"": 1}]}, ""sort"": {""hot"": {""order"": ""desc""}}}",10260
1k52,影视,52,第1轮,有啥好看的武侠剧,vod_search,"{""action"": ""search"", ""query"": {""field"": ""tag"", ""value"": ""武侠""}}",10261
1k52,影视,52,第2轮,口碑好点的,vod_search,"{""action"": ""search"", ""query"": {""field"": ""tag"", ""value"": ""武侠""}, ""sort"": {""rate"": {""order"": ""desc""}}}",10262
1k52,影视,52,第3轮,画质清楚点的,vod_search,"{""action"": ""search"", ""query"": {}}",10263
1k52,影视,52,第4轮,画质清楚的,vod_search,"{""action"": ""search"", ""query"": {}}",10264
1k52,影视,52,第5轮,打戏好看的,vod_search,"{""action"": ""search"", ""query"": {}}",10265
1k53,影视,53,第1轮,来点年代剧,vod_search,"{""action"": ""search"", ""query"": {""field"": ""tag"", ""value"": ""年代""}}",10266
1k53,影视,53,第2轮,讲改革开放那会儿的,vod_search,"{""action"": ""search"", ""query"": {""field"": ""tag"", ""value"": ""年代""}}",10267
1k53,影视,53,第3轮,演员阵容强的,vod_search,"{""action"": ""search"", ""query"": {""field"": ""tag"", ""value"": ""年代""}}",10268
1k53,影视,53,第4轮,集数多的有没有,vod_search,"{""action"": ""search"", ""query"": {}}",10269
1k53,影视,53,第5轮,卡司强的,vod_search,"{""action"": ""search"", ""query"": {}}",10270
1k54,影视,54,第1轮,悬疑美剧,vod_search_all,"{""action"": ""search"", ""query"": {""field"": ""tag"", ""value"": ""悬疑""}, ""sort"": {""rate"": {""order"": ""desc""}}}",10271
1k54,影视,54,第2轮,有中文字幕,vod_search,"{""action"": ""search"", ""query"": {}}",10272
1k54,影视,54,第3轮,单元案件的,vod_search,"{""action"": ""search"", ""query"": {""field"": ""tag"", ""value"": ""悬疑""}, ""sort"": {""rate"": {""order"": ""desc""}}}",10273
1k54,影视,54,第4轮,最新那部,vod_search,"{""action"": ""search"", ""query"": {""field"": ""tag"", ""value"": ""悬疑""}, ""sort"": {""new"": {""order"": ""desc""}}}",10274
1k54,影视,54,第5轮,带中文字幕的,vod_search,"{""action"": ""search"", ""query"": {}}",10275
1k55,影视,55,第1轮,韩剧,vod_search_all,"{""action"": ""search"", ""query"": {""field"": ""category"", ""value"": ""电视剧""}, ""sort"": {""rate"": {""order"": ""desc""}}}",10276
1k55,影视,55,第2轮,完结的有吗,vod_search,"{""action"": ""search"", ""query"": {""and"": [{""field"": ""category"", ""value"": ""电视剧""}, {""field"": ""is_over"", ""value"": 1}]}, ""sort"": {""rate"": {""order"": ""desc""}}}",10277
1k55,影视,55,第3轮,豆瓣8分以上的,vod_search,"{""action"": ""search"", ""query"": {""and"": [{""field"": ""category"", ""value"": ""电视剧""}, {""field"": ""is_over"", ""value"": 1}]}, ""sort"": {""rate"": {""order"": ""desc""}}}",10278
1k55,影视,55,第4轮,已完结的,vod_search,"{""action"": ""search"", ""query"": {""and"": [{""field"": ""category"", ""value"": ""电视剧""}, {""field"": ""is_over"", ""value"": 1}]}, ""sort"": {""rate"": {""order"": ""desc""}}}",10279
1k55,影视,55,第5轮,悬疑题材的,vod_search,"{""action"": ""search"", ""query"": {}}",10280
1k56,影视,56,第1轮,动画片,vod_search,"{""action"": ""search"", ""query"": {""field"": ""tag"", ""value"": ""动画""}}",10281
1k56,影视,56,第2轮,要90分钟左右的,vod_search,"{""action"": ""search"", ""query"": {""field"": ""tag"", ""value"": ""动画""}}",10282
1k56,影视,56,第3轮,不花钱的有吗,vod_search,"{""action"": ""search"", ""query"": {""field"": ""tag"", ""value"": ""动画""}}",10283
1k56,影视,56,第4轮,适合上小学的,vod_search,"{""action"": ""search"", ""query"": {}}",10284
1k56,影视,56,第5轮,时长90分的,vod_search,"{""action"": ""search"", ""query"": {}}",10285
1k57,影视,57,第1轮,经典老电影有哪些,vod_fuzzy_search,"{""query"": ""经典老电影有哪些""}",10286
1k57,影视,57,第2轮,黑白的那种,vod_search,"{""action"": ""search"", ""query"": {""field"": ""category"", ""value"": ""电影""}}",10287
1k57,影视,57,第3轮,有修复版吗,vod_search,"{""action"": ""search"", ""query"": {""field"": ""category"", ""value"": ""电影""}}",10288
1k57,影视,57,第4轮,要黑白的,vod_search,"{""action"": ""search"", ""query"": {}}",10289
1k57,影视,57,第5轮,口碑好的,vod_search,"{""action"": ""search"", ""query"": {""field"": ""category"", ""value"": ""电影""}, ""sort"": {""rate"": {""order"": ""desc""}}}",10290
1k58,影视,58,第1轮,历史剧,vod_search,"{""action"": ""search"", ""query"": {""field"": ""tag"", ""value"": ""历史""}}",10291
1k58,影视,58,第2轮,不用等更新的,vod_search,"{""action"": ""search"", ""query"": {""and"": [{""field"": ""tag"", ""value"": ""历史""}, {""field"": ""is_over"", ""value"": 1}]}}",10292
1k58,影视,58,第3轮,已完结的有没有,vod_search,"{""action"": ""search"", ""query"": {""and"": [{""field"": ""tag"", ""value"": ""历史""}, {""field"": ""is_over"", ""value"": 1}]}}",10293
1k58,影视,58,第4轮,服化道好的,vod_search,"{""action"": ""search"", ""query"": {}}",10294
1k58,影视,58,第5轮,讲唐朝的,vod_search,"{""action"": ""search"", ""query"": {}}",10295
1k59,影视,59,第1轮,医疗剧有哪些,vod_search,"{""action"": ""search"", ""query"": {""field"": ""tag"", ""value"": ""医疗""}}",10296
1k59,影视,59,第2轮,专业度高的,vod_search,"{""action"": ""search"", ""query"": {""field"": ""tag"", ""value"": ""医疗""}}",10297
1k59,影视,59,第3轮,咱们自己拍的,vod_search_all,"{""action"": ""search"", ""query"": {""field"": ""tag"", ""value"": ""医疗""}}",10298
1k59,影视,59,第4轮,要手术戏真实的,vod_search,"{""action"": ""search"", ""query"": {}}",10299
1k59,影视,59,第5轮,集数少点的,vod_search,"{""action"": ""search"", ""query"": {}}",10300
1k60,影视,60,第1轮,放几部真人秀综艺,vod_search,"{""action"": ""search"", ""query"": {""and"": [{""field"": ""category"", ""value"": ""综艺""}, {""field"": ""tag"", ""value"": ""真人秀""}]}}",10301
1k60,影视,60,第2轮,挑战类的,vod_search,"{""action"": ""search"", ""query"": {""and"": [{""field"": ""category"", ""value"": ""综艺""}, {""field"": ""tag"", ""value"": ""真人秀""}]}}",10302
1k60,影视,60,第3轮,明星多的,vod_search,"{""action"": ""search"", ""query"": {""and"": [{""field"": ""category"", ""value"": ""综艺""}, {""field"": ""tag"", ""value"": ""真人秀""}]}}",10303
1k60,影视,60,第4轮,每周六更的,vod_search,"{""action"": ""search"", ""query"": {}}",10304
1k60,影视,60,第5轮,不用会员能看吗,vod_search,"{""action"": ""search"", ""query"": {}}",10305
1k61,影视,61,第1轮,我想看脱口秀节目,vod_fuzzy_search,"{""query"": ""我想看脱口秀节目""}",10306
1k61,影视,61,第2轮,单口喜剧的,vod_search,"{""action"": ""search"", ""query"": {""field"": ""tag"", ""value"": ""脱口秀""}}",10307
1k61,影视,61,第3轮,要有字幕的,vod_search,"{""action"": ""search"", ""query"": {}}",10308
1k61,影视,61,第4轮,高分的有没有,vod_search,"{""action"": ""search"", ""query"": {}}",10309
1k61,影视,61,第5轮,不用会员能看吗,vod_search,"{""action"": ""search"", ""query"": {}}",10310
1k62,影视,62,第1轮,恐怖片,vod_search,"{""action"": ""search"", ""query"": {""field"": ""tag"", ""value"": ""恐怖""}}",10311
1k62,影视,62,第2轮,微恐的,vod_search,"{""action"": ""search"", ""query"": {""field"": ""tag"", ""value"": ""恐怖""}}",10312
1k62,影视,62,第3轮,惊悚悬疑类,vod_search,"{""action"": ""search"", ""query"": {""field"": ""tag"", ""value"": ""恐怖""}}",10313
1k62,影视,62,第4轮,有国语配音的,vod_search_all,"{""action"": ""search"", ""query"": {""and"": [{""field"": ""tag"", ""value"": ""恐怖""}, {""field"": ""language"", ""value"": ""国语""}]}}",10314
1k62,影视,62,第5轮,别太吓人的,vod_search,"{""action"": ""search"", ""query"": {}}",10315
1k63,影视,63,第1轮,有没有好看的律政剧,vod_search,"{""action"": ""search"", ""query"": {""field"": ""category"", ""value"": ""电视剧""}}",10316
1k63,影视,63,第2轮,已完结的,vod_search,"{""action"": ""search"", ""query"": {""and"": [{""field"": ""category"", ""value"": ""电视剧""}, {""field"": ""is_over"", ""value"": 1}]}}",10317
1k63,影视,63,第3轮,评分高的有吗,vod_search,"{""action"": ""search"", ""query"": {""and"": [{""field"": ""category"", ""value"": ""电视剧""}, {""field"": ""is_over"", ""value"": 1}]}, ""sort"": {""rate"": {""order"": ""desc""}}}",10318
1k63,影视,63,第4轮,美剧优先,vod_search_all,"{""action"": ""search"", ""query"": {}}",10319
1k63,影视,63,第5轮,有中文字幕的吗,vod_search,"{""action"": ""search"", ""query"": {}}",10320
1k64,影视,64,第1轮,有啥好看的最新的电影,vod_search,"{""action"": ""search"", ""query"": {""field"": ""category"", ""value"": ""电影""}}",10321
1k64,影视,64,第2轮,不要会员的吗,vod_search,"{""action"": ""search"", ""query"": {""field"": ""category"", ""value"": ""电影""}}",10322
1k64,影视,64,第3轮,最新的,vod_search,"{""action"": ""search"", ""query"": {""field"": ""category"", ""value"": ""电影""}, ""sort"": {""new"": {""order"": ""desc""}}}",10323
1k64,影视,64,第4轮,要人气高点的,vod_search,"{""action"": ""search"", ""query"": {""field"": ""category"", ""value"": ""电影""}, ""sort"": {""hot"": {""order"": ""desc""}}}",10324
1k64,影视,64,第5轮,新歌,vod_search,"{""action"": ""search"", ""query"": {}}",10325
1k65,影视,65,第1轮,来一部好看的动漫,vod_search,"{""action"": ""search"", ""query"": {""field"": ""category"", ""value"": ""动漫""}}",10326
1k65,影视,65,第2轮,免费的,vod_search,"{""action"": ""search"", ""query"": {""and"": [{""field"": ""category"", ""value"": ""动漫""}, {""field"": ""is_fee"", ""value"": ""0""}]}}",10327
1k65,影视,65,第3轮,好看的,vod_search,"{""action"": ""search"", ""query"": {""and"": [{""field"": ""category"", ""value"": ""动漫""}, {""field"": ""is_fee"", ""value"": ""0""}]}}",10328
1k65,影视,65,第4轮,有中文字幕的,vod_search,"{""action"": ""search"", ""query"": {}}",10329
1k65,影视,65,第5轮,大家都在看的,vod_search,"{""action"": ""search"", ""query"": {}}",10330
1k66,影视,66,第1轮,最近想看找肖战演的电影,vod_search,"{""action"": ""search"", ""query"": {""and"": [{""field"": ""category"", ""value"": ""电影""}, {""field"": ""actor"", ""value"": ""肖战""}]}}",10331
1k66,影视,66,第2轮,卖座的,vod_search,"{""action"": ""search"", ""query"": {""and"": [{""field"": ""category"", ""value"": ""电影""}, {""field"": ""actor"", ""value"": ""肖战""}]}}",10332
1k66,影视,66,第3轮,票房高一点的,vod_search,"{""action"": ""search"", ""messages"": [{""role"": ""user"", ""content"": ""票房高一点的""}], ""riskRespStrategy"": ""all_replace""}",10333
1k66,影视,66,第4轮,票房好的,vod_search,"{""action"": ""search"", ""messages"": [{""role"": ""user"", ""content"": ""票房好的""}], ""riskRespStrategy"": ""all_replace""}",10334
1k66,影视,66,第5轮,最新的有没有,vod_search,"{""action"": ""search"", ""query"": {""and"": [{""field"": ""category"", ""value"": ""电影""}, {""field"": ""actor"", ""value"": ""肖战""}]}, ""sort"": {""new"": {""order"": ""desc""}}}",10335
1k67,影视,67,第1轮,有啥好看的找赵丽颖演的电视剧,vod_search,"{""action"": ""search"", ""query"": {""and"": [{""field"": ""category"", ""value"": ""电视剧""}, {""field"": ""actor"", ""value"": ""赵丽颖""}]}}",10336
1k67,影视,67,第2轮,卖座的,vod_search,"{""action"": ""search"", ""query"": {""and"": [{""field"": ""category"", ""value"": ""电视剧""}, {""field"": ""actor"", ""value"": ""赵丽颖""}]}}",10337
1k67,影视,67,第3轮,票房好的,vod_search,"{""action"": ""search"", ""messages"": [{""role"": ""user"", ""content"": ""票房好的""}], ""riskRespStrategy"": ""all_replace""}",10338
1k67,影视,67,第4轮,评价好点的,vod_search,"{""action"": ""search"", ""query"": {""and"": [{""field"": ""category"", ""value"": ""电视剧""}, {""field"": ""actor"", ""value"": ""赵丽颖""}]}}",10339
1k67,影视,67,第5轮,新歌的那种,vod_search,"{""action"": ""search"", ""query"": {""and"": [{""field"": ""category"", ""value"": ""电视剧""}, {""field"": ""actor"", ""value"": ""赵丽颖""}]}}",10340
1k68,影视,68,第1轮,放几部灾难片,vod_search,"{""action"": ""search"", ""query"": {""field"": ""tag"", ""value"": ""灾难""}}",10341
1k68,影视,68,第2轮,特效震撼的,vod_search,"{""action"": ""search"", ""query"": {}}",10342
1k68,影视,68,第3轮,国语版的有没有,vod_search,"{""action"": ""search"", ""query"": {""field"": ""tag"", ""value"": ""灾难""}}",10343
1k68,影视,68,第4轮,近五年的,vod_search,"{""action"": ""search"", ""query"": {""and"": [{""field"": ""tag"", ""value"": ""灾难""}, {""field"": ""release_time"", ""from"": ""20230101"", ""to"": ""20261231""}]}}",10344
1k68,影视,68,第5轮,评分高一点的,vod_search,"{""action"": ""search"", ""query"": {""and"": [{""field"": ""tag"", ""value"": ""灾难""}, {""field"": ""release_time"", ""from"": ""20230101"", ""to"": ""20261231""}]}, ""sort"": {""rate"": {""order"": ""desc""}}}",10345
1k69,影视,69,第1轮,来点职场剧,vod_search,"{""action"": ""search"", ""query"": {""field"": ""tag"", ""value"": ""职场""}}",10346
1k69,影视,69,第2轮,国产的有没有的那种,vod_search_all,"{""action"": ""search"", ""query"": {""and"": [{""field"": ""tag"", ""value"": ""职场""}, {""field"": ""area"", ""value"": ""内地""}]}}",10347
1k69,影视,69,第3轮,商战题材的,vod_search,"{""action"": ""search"", ""query"": {""and"": [{""field"": ""tag"", ""value"": ""职场""}, {""field"": ""area"", ""value"": ""内地""}]}}",10348
1k69,影视,69,第4轮,要是国产的吗,vod_search_all,"{""action"": ""search"", ""query"": {""and"": [{""field"": ""tag"", ""value"": ""职场""}, {""field"": ""area"", ""value"": ""内地""}]}}",10349
1k69,影视,69,第5轮,评分高一些的,vod_search,"{""action"": ""search"", ""query"": {""and"": [{""field"": ""tag"", ""value"": ""职场""}, {""field"": ""area"", ""value"": ""内地""}]}, ""sort"": {""rate"": {""order"": ""desc""}}}",10350
1k70,影视,70,第1轮,我想看年代剧,vod_search,"{""action"": ""search"", ""query"": {""field"": ""tag"", ""value"": ""年代""}}",10351
1k70,影视,70,第2轮,集数多的那种,vod_search,"{""action"": ""search"", ""query"": {}}",10352
1k70,影视,70,第3轮,年代感强的,vod_search,"{""action"": ""search"", ""query"": {""field"": ""tag"", ""value"": ""年代""}}",10353
1k70,影视,70,第4轮,八九十年代背景的,vod_search,"{""action"": ""search"", ""query"": {}}",10354
1k70,影视,70,第5轮,讲改革开放那会儿的,vod_search,"{""action"": ""search"", ""query"": {}}",10355
1k71,影视,71,第1轮,有没有好看的悬疑美剧,vod_search_all,"{""action"": ""search"", ""query"": {""field"": ""tag"", ""value"": ""悬疑""}, ""sort"": {""rate"": {""order"": ""desc""}}}",10356
1k71,影视,71,第2轮,单元案件的,vod_search,"{""action"": ""search"", ""query"": {""field"": ""tag"", ""value"": ""悬疑""}, ""sort"": {""rate"": {""order"": ""desc""}}}",10357
1k71,影视,71,第3轮,完结的有没有,vod_search,"{""action"": ""search"", ""query"": {""and"": [{""field"": ""tag"", ""value"": ""悬疑""}, {""field"": ""is_over"", ""value"": 1}]}, ""sort"": {""rate"": {""order"": ""desc""}}}",10358
1k71,影视,71,第4轮,有中文字幕版,vod_search,"{""action"": ""search"", ""query"": {}}",10359
1k71,影视,71,第5轮,豆瓣8分以上,vod_search,"{""action"": ""search"", ""query"": {}}",10360
1k72,影视,72,第1轮,想看韩剧,vod_search_all,"{""action"": ""search"", ""query"": {""field"": ""category"", ""value"": ""电视剧""}, ""sort"": {""rate"": {""order"": ""desc""}}}",10361
1k72,影视,72,第2轮,完结了的有吗,vod_search,"{""action"": ""search"", ""query"": {""and"": [{""field"": ""category"", ""value"": ""电视剧""}, {""field"": ""is_over"", ""value"": 1}]}, ""sort"": {""rate"": {""order"": ""desc""}}}",10362
1k72,影视,72,第3轮,豆瓣8分以上的,vod_search,"{""action"": ""search"", ""query"": {""and"": [{""field"": ""category"", ""value"": ""电视剧""}, {""field"": ""is_over"", ""value"": 1}]}, ""sort"": {""rate"": {""order"": ""desc""}}}",10363
1k72,影视,72,第4轮,不用追更的,vod_search,"{""action"": ""search"", ""query"": {}}",10364
1k72,影视,72,第5轮,悬疑题材的,vod_search,"{""action"": ""search"", ""query"": {}}",10365
1k73,影视,73,第1轮,有没有好看的动画片,vod_search,"{""action"": ""search"", ""query"": {""field"": ""tag"", ""value"": ""动画""}}",10366
1k73,影视,73,第2轮,寓教于乐的,vod_search,"{""action"": ""search"", ""query"": {""field"": ""tag"", ""value"": ""动画""}}",10367
1k73,影视,73,第3轮,一个半小时左右的,vod_search,"{""action"": ""search"", ""query"": {""field"": ""tag"", ""value"": ""动画""}}",10368
1k73,影视,73,第4轮,不花钱的有吗,vod_search,"{""action"": ""search"", ""query"": {}}",10369
1k73,影视,73,第5轮,有教育意义的,vod_search,"{""action"": ""search"", ""query"": {}}",10370
1k74,影视,74,第1轮,好看的国产动画电影,vod_search,"{""action"": ""search"", ""query"": {""and"": [{""field"": ""category"", ""value"": ""电影""}, {""field"": ""tag"", ""value"": ""动画""}]}}",10371
1k74,影视,74,第2轮,去年的,vod_search,"{""action"": ""search"", ""query"": {""and"": [{""field"": ""category"", ""value"": ""电影""}, {""field"": ""tag"", ""value"": ""动画""}, {""field"": ""release_time"", ""from"": ""20230101"", ""to"": ""20261231""}]}}",10372
1k74,影视,74,第3轮,画风精美的,vod_search,"{""action"": ""search"", ""query"": {""and"": [{""field"": ""category"", ""value"": ""电影""}, {""field"": ""tag"", ""value"": ""动画""}, {""field"": ""release_time"", ""from"": ""20230101"", ""to"": ""20261231""}]}}",10373
1k74,影视,74,第4轮,票房高点的,vod_search,"{""action"": ""search"", ""messages"": [{""role"": ""user"", ""content"": ""票房高点的""}], ""riskRespStrategy"": ""all_replace""}",10374
1k74,影视,74,第5轮,要高票房的,vod_search,"{""action"": ""search"", ""messages"": [{""role"": ""user"", ""content"": ""要高票房的""}], ""riskRespStrategy"": ""all_replace""}",10375
1k75,影视,75,第1轮,想看经典老电影,vod_fuzzy_search,"{""query"": ""想看经典老电影""}",10376
1k75,影视,75,第2轮,修复版的有没有,vod_search,"{""action"": ""search"", ""query"": {""field"": ""category"", ""value"": ""电影""}}",10377
1k75,影视,75,第3轮,黑白老电影,vod_search,"{""action"": ""search"", ""query"": {""field"": ""category"", ""value"": ""电影""}}",10378
1k75,影视,75,第4轮,打分高的,vod_search,"{""action"": ""search"", ""query"": {}}",10379
1k75,影视,75,第5轮,老黑白片的那种,vod_search,"{""action"": ""search"", ""query"": {}}",10380
1k76,影视,76,第1轮,找点历史剧,vod_search,"{""action"": ""search"", ""query"": {""field"": ""tag"", ""value"": ""历史""}}",10381
1k76,影视,76,第2轮,服化道精致的,vod_search,"{""action"": ""search"", ""query"": {""field"": ""tag"", ""value"": ""历史""}}",10382
1k76,影视,76,第3轮,唐代的,vod_search,"{""action"": ""search"", ""query"": {""field"": ""tag"", ""value"": ""历史""}}",10383
1k76,影视,76,第4轮,已完结的有没有,vod_search,"{""action"": ""search"", ""query"": {""and"": [{""field"": ""tag"", ""value"": ""历史""}, {""field"": ""is_over"", ""value"": 1}]}}",10384
1k76,影视,76,第5轮,口碑好的有吗,vod_search,"{""action"": ""search"", ""query"": {""and"": [{""field"": ""tag"", ""value"": ""历史""}, {""field"": ""is_over"", ""value"": 1}]}, ""sort"": {""rate"": {""order"": ""desc""}}}",10385
1k77,影视,77,第1轮,推荐些医疗剧,vod_search,"{""action"": ""search"", ""query"": {""field"": ""tag"", ""value"": ""医疗""}}",10386
1k77,影视,77,第2轮,高分的有吗,vod_search,"{""action"": ""search"", ""query"": {""field"": ""tag"", ""value"": ""医疗""}}",10387
1k77,影视,77,第3轮,咱们自己拍的,vod_search_all,"{""action"": ""search"", ""query"": {""field"": ""tag"", ""value"": ""医疗""}}",10388
1k77,影视,77,第4轮,打分高的有吗,vod_search,"{""action"": ""search"", ""query"": {}}",10389
1k77,影视,77,第5轮,专业度高的,vod_search,"{""action"": ""search"", ""query"": {}}",10390
1k78,影视,78,第1轮,有没有好看的真人秀综艺,vod_search,"{""action"": ""search"", ""query"": {""and"": [{""field"": ""category"", ""value"": ""综艺""}, {""field"": ""tag"", ""value"": ""真人秀""}]}}",10391
1k78,影视,78,第2轮,有大牌嘉宾的,vod_search,"{""action"": ""search"", ""query"": {""and"": [{""field"": ""category"", ""value"": ""综艺""}, {""field"": ""tag"", ""value"": ""真人秀""}]}}",10392
1k78,影视,78,第3轮,不用会员能看吗,vod_search,"{""action"": ""search"", ""query"": {""and"": [{""field"": ""category"", ""value"": ""综艺""}, {""field"": ""tag"", ""value"": ""真人秀""}]}}",10393
1k78,影视,78,第4轮,有明星嘉宾的,vod_search,"{""action"": ""search"", ""query"": {}}",10394
1k78,影视,78,第5轮,最新季的,vod_search,"{""action"": ""search"", ""query"": {""and"": [{""field"": ""category"", ""value"": ""综艺""}, {""field"": ""tag"", ""value"": ""真人秀""}]}, ""sort"": {""new"": {""order"": ""desc""}}}",10395
1k79,影视,79,第1轮,放脱口秀节目,vod_fuzzy_search,"{""query"": ""放脱口秀节目""}",10396
1k79,影视,79,第2轮,单口那种,vod_search,"{""action"": ""search"", ""query"": {""field"": ""tag"", ""value"": ""脱口秀""}}",10397
1k79,影视,79,第3轮,单口喜剧的,vod_search,"{""action"": ""search"", ""query"": {""field"": ""tag"", ""value"": ""脱口秀""}}",10398
1k79,影视,79,第4轮,不用会员能看吗,vod_search,"{""action"": ""search"", ""query"": {}}",10399
1k79,影视,79,第5轮,脱口秀大会那种,vod_search,"{""action"": ""search"", ""query"": {}}",10400
1k80,影视,80,第1轮,推荐几部律政剧,vod_search,"{""action"": ""search"", ""query"": {""field"": ""category"", ""value"": ""电视剧""}}",10401
1k80,影视,80,第2轮,庭审戏精彩,vod_search,"{""action"": ""search"", ""query"": {""field"": ""category"", ""value"": ""电视剧""}}",10402
1k80,影视,80,第3轮,美剧吧,vod_search_all,"{""action"": ""search"", ""query"": {""field"": ""category"", ""value"": ""电视剧""}}",10403
1k80,影视,80,第4轮,美剧优先,vod_search_all,"{""action"": ""search"", ""query"": {}}",10404
1k80,影视,80,第5轮,最好是美剧,vod_search_all,"{""action"": ""search"", ""query"": {}}",10405
1k81,影视,81,第1轮,想看体育题材电影,vod_search,"{""action"": ""search"", ""query"": {""and"": [{""field"": ""category"", ""value"": ""电影""}, {""field"": ""tag"", ""value"": ""体育""}]}}",10406
1k81,影视,81,第2轮,燃一点的,vod_search,"{""action"": ""search"", ""query"": {""and"": [{""field"": ""category"", ""value"": ""电影""}, {""field"": ""tag"", ""value"": ""体育""}]}}",10407
1k81,影视,81,第3轮,根据真人真事,vod_search,"{""action"": ""search"", ""query"": {""and"": [{""field"": ""category"", ""value"": ""电影""}, {""field"": ""tag"", ""value"": ""体育""}]}}",10408
1k81,影视,81,第4轮,讲篮球的,vod_search,"{""action"": ""search"", ""query"": {}}",10409
1k81,影视,81,第5轮,真事改编的,vod_search,"{""action"": ""search"", ""query"": {}}",10410
1k82,影视,82,第1轮,有哪些谍战剧,vod_search,"{""action"": ""search"", ""query"": {""field"": ""tag"", ""value"": ""谍战""}}",10411
1k82,影视,82,第2轮,要热门一点的,vod_search,"{""action"": ""search"", ""query"": {""field"": ""tag"", ""value"": ""谍战""}, ""sort"": {""hot"": {""order"": ""desc""}}}",10412
1k82,影视,82,第3轮,已经完结的,vod_search,"{""action"": ""search"", ""query"": {""and"": [{""field"": ""tag"", ""value"": ""谍战""}, {""field"": ""is_over"", ""value"": 1}]}, ""sort"": {""hot"": {""order"": ""desc""}}}",10413
1k82,影视,82,第4轮,有《风筝》那种的吗,vod_fuzzy_search,"{""query"": ""有《风筝》那种的吗""}",10414
1k82,影视,82,第5轮,近三年上映的,vod_search_all,"{""action"": ""search"", ""query"": {""and"": [{""field"": ""tag"", ""value"": ""谍战""}, {""field"": ""is_over"", ""value"": 1}, {""field"": ""release_time"", ""from"": ""20230101"", ""to"": ""20261231""}]}, ""sort"": {""hot"": {""order"": ""desc""}}}",10415
1k83,影视,83,第1轮,最近想看年代剧,vod_search,"{""action"": ""search"", ""query"": {""field"": ""tag"", ""value"": ""年代""}}",10416
1k83,影视,83,第2轮,八九十年代背景的,vod_search,"{""action"": ""search"", ""query"": {""field"": ""tag"", ""value"": ""年代""}}",10417
1k83,影视,83,第3轮,集数多的那种,vod_search,"{""action"": ""search"", ""query"": {}}",10418
1k83,影视,83,第4轮,大卡司的,vod_search,"{""action"": ""search"", ""query"": {}}",10419
1k83,影视,83,第5轮,集数多的有吗,vod_search,"{""action"": ""search"", ""query"": {}}",10420
1k84,影视,84,第1轮,来点悬疑美剧,vod_search_all,"{""action"": ""search"", ""query"": {""field"": ""tag"", ""value"": ""悬疑""}, ""sort"": {""rate"": {""order"": ""desc""}}}",10421
1k84,影视,84,第2轮,完结的有没有,vod_search,"{""action"": ""search"", ""query"": {""and"": [{""field"": ""tag"", ""value"": ""悬疑""}, {""field"": ""is_over"", ""value"": 1}]}, ""sort"": {""rate"": {""order"": ""desc""}}}",10422
1k84,影视,84,第3轮,一案一集的,vod_search,"{""action"": ""search"", ""query"": {""and"": [{""field"": ""tag"", ""value"": ""悬疑""}, {""field"": ""is_over"", ""value"": 1}]}, ""sort"": {""rate"": {""order"": ""desc""}}}",10423
1k84,影视,84,第4轮,单元剧形式的,vod_search,"{""action"": ""search"", ""query"": {}}",10424
1k84,影视,84,第5轮,最新那部,vod_search,"{""action"": ""search"", ""query"": {""and"": [{""field"": ""tag"", ""value"": ""悬疑""}, {""field"": ""is_over"", ""value"": 1}]}, ""sort"": {""new"": {""order"": ""desc""}}}",10425
1k85,影视,85,第1轮,来一部韩剧,vod_search_all,"{""action"": ""search"", ""query"": {""field"": ""category"", ""value"": ""电视剧""}, ""sort"": {""rate"": {""order"": ""desc""}}}",10426
1k85,影视,85,第2轮,已完结的,vod_search,"{""action"": ""search"", ""query"": {""and"": [{""field"": ""category"", ""value"": ""电视剧""}, {""field"": ""is_over"", ""value"": 1}]}, ""sort"": {""rate"": {""order"": ""desc""}}}",10427
1k85,影视,85,第3轮,有中文字幕吗,vod_search,"{""action"": ""search"", ""query"": {}}",10428
1k85,影视,85,第4轮,高分的有没有,vod_search,"{""action"": ""search"", ""query"": {}}",10429
1k85,影视,85,第5轮,豆瓣8分以上的,vod_search,"{""action"": ""search"", ""query"": {}}",10430
1k86,影视,86,第1轮,我想看动作片,vod_search,"{""action"": ""search"", ""query"": {""field"": ""tag"", ""value"": ""动作""}}",10431
1k86,影视,86,第2轮,中文配音版,vod_search,"{""action"": ""search"", ""query"": {""and"": [{""field"": ""tag"", ""value"": ""动作""}, {""field"": ""language"", ""value"": ""英语""}]}}",10432
1k86,影视,86,第3轮,枪战戏好的,vod_search,"{""action"": ""search"", ""query"": {""and"": [{""field"": ""tag"", ""value"": ""动作""}, {""field"": ""language"", ""value"": ""英语""}]}}",10433
1k86,影视,86,第4轮,枪战多的,vod_search,"{""action"": ""search"", ""query"": {}}",10434
1k86,影视,86,第5轮,火力全开的,vod_search,"{""action"": ""search"", ""query"": {}}",10435
1k87,影视,87,第1轮,医疗剧,vod_search,"{""action"": ""search"", ""query"": {""field"": ""tag"", ""value"": ""医疗""}}",10436
1k87,影视,87,第2轮,专业度高的,vod_search,"{""action"": ""search"", ""query"": {""field"": ""tag"", ""value"": ""医疗""}}",10437
1k87,影视,87,第3轮,手术戏真实的,vod_search,"{""action"": ""search"", ""query"": {""field"": ""tag"", ""value"": ""医疗""}}",10438
1k87,影视,87,第4轮,高分的有吗,vod_search,"{""action"": ""search"", ""query"": {}}",10439
1k87,影视,87,第5轮,评分高的有吗,vod_search,"{""action"": ""search"", ""query"": {""field"": ""tag"", ""value"": ""医疗""}, ""sort"": {""rate"": {""order"": ""desc""}}}",10440
1k88,影视,88,第1轮,推荐些真人秀综艺,vod_search,"{""action"": ""search"", ""query"": {""and"": [{""field"": ""category"", ""value"": ""综艺""}, {""field"": ""tag"", ""value"": ""真人秀""}]}}",10441
1k88,影视,88,第2轮,户外的那种,vod_search,"{""action"": ""search"", ""query"": {""and"": [{""field"": ""category"", ""value"": ""综艺""}, {""field"": ""tag"", ""value"": ""真人秀""}]}}",10442
1k88,影视,88,第3轮,周六更新的,vod_search,"{""action"": ""search"", ""query"": {""and"": [{""field"": ""category"", ""value"": ""综艺""}, {""field"": ""tag"", ""value"": ""真人秀""}, {""field"": ""is_over"", ""value"": 1}]}}",10443
1k88,影视,88,第4轮,户外挑战类的,vod_search,"{""action"": ""search"", ""query"": {}}",10444
1k88,影视,88,第5轮,最新一期,vod_search,"{""action"": ""search"", ""query"": {""and"": [{""field"": ""category"", ""value"": ""综艺""}, {""field"": ""tag"", ""value"": ""真人秀""}, {""field"": ""is_over"", ""value"": 1}]}, ""sort"": {""new"": {""order"": ""desc""}}}",10445
1k89,影视,89,第1轮,推荐几部脱口秀节目,vod_fuzzy_search,"{""query"": ""推荐几部脱口秀节目""}",10446
1k89,影视,89,第2轮,不用会员能看吗,vod_search,"{""action"": ""search"", ""query"": {""field"": ""tag"", ""value"": ""脱口秀""}}",10447
1k89,影视,89,第3轮,要有字幕的,vod_search,"{""action"": ""search"", ""query"": {}}",10448
1k89,影视,89,第4轮,单人的,vod_search,"{""action"": ""search"", ""query"": {}}",10449
1k89,影视,89,第5轮,单口那种,vod_search,"{""action"": ""search"", ""query"": {}}",10450
1k90,影视,90,第1轮,放几部恐怖片,vod_search,"{""action"": ""search"", ""query"": {""field"": ""tag"", ""value"": ""恐怖""}}",10451
1k90,影视,90,第2轮,要高分有没有,vod_search,"{""action"": ""search"", ""query"": {""field"": ""tag"", ""value"": ""恐怖""}}",10452
1k90,影视,90,第3轮,泰国那种,vod_search_all,"{""action"": ""search"", ""query"": {""and"": [{""field"": ""tag"", ""value"": ""恐怖""}, {""field"": ""area"", ""value"": ""泰国""}]}}",10453
1k90,影视,90,第4轮,高分的有吗,vod_search,"{""action"": ""search"", ""query"": {}}",10454
1k90,影视,90,第5轮,悬疑惊悚的,vod_search,"{""action"": ""search"", ""query"": {}}",10455
1k91,影视,91,第1轮,放律政剧,vod_search,"{""action"": ""search"", ""query"": {""field"": ""category"", ""value"": ""电视剧""}}",10456
1k91,影视,91,第2轮,最好是美剧,vod_search_all,"{""action"": ""search"", ""query"": {""field"": ""category"", ""value"": ""电视剧""}}",10457
1k91,影视,91,第3轮,评分高的有吗,vod_search,"{""action"": ""search"", ""query"": {""field"": ""category"", ""value"": ""电视剧""}, ""sort"": {""rate"": {""order"": ""desc""}}}",10458
1k91,影视,91,第4轮,美国拍的优先,vod_search_all,"{""action"": ""search"", ""query"": {""and"": [{""field"": ""category"", ""value"": ""电视剧""}, {""field"": ""area"", ""value"": ""美国""}]}, ""sort"": {""rate"": {""order"": ""desc""}}}",10459
1k91,影视,91,第5轮,不用追更的,vod_search,"{""action"": ""search"", ""query"": {}}",10460
1k92,影视,92,第1轮,谍战剧,vod_search,"{""action"": ""search"", ""query"": {""field"": ""tag"", ""value"": ""谍战""}}",10461
1k92,影视,92,第2轮,烧脑一点的,vod_search,"{""action"": ""search"", ""query"": {""field"": ""tag"", ""value"": ""谍战""}}",10462
1k92,影视,92,第3轮,不花钱能看吗,vod_search,"{""action"": ""search"", ""query"": {""field"": ""tag"", ""value"": ""谍战""}}",10463
1k92,影视,92,第4轮,免费版有吗,vod_search,"{""action"": ""search"", ""query"": {""and"": [{""field"": ""tag"", ""value"": ""谍战""}, {""field"": ""is_fee"", ""value"": ""0""}]}}",10464
1k92,影视,92,第5轮,有《悬崖》那种的吗,vod_fuzzy_search,"{""query"": ""有《悬崖》那种的吗""}",10465
1k93,影视,93,第1轮,有什么好看的动画片,vod_search,"{""action"": ""search"", ""query"": {""field"": ""tag"", ""value"": ""动画""}}",10466
1k93,影视,93,第2轮,适合七八岁的,educ_search,"{""action"": ""search"", ""query"": {""field"": ""tag"", ""value"": ""动画""}}",10467
1k93,影视,93,第3轮,时长90分的,vod_search,"{""action"": ""search"", ""query"": {""field"": ""tag"", ""value"": ""动画""}}",10468
1k93,影视,93,第4轮,寓教于乐的,vod_search,"{""action"": ""search"", ""query"": {}}",10469
1k93,影视,93,第5轮,小学生能看的,vod_search,"{""action"": ""search"", ""query"": {}}",10470
1k94,影视,94,第1轮,找点国产动画电影,vod_search,"{""action"": ""search"", ""query"": {""and"": [{""field"": ""category"", ""value"": ""电影""}, {""field"": ""tag"", ""value"": ""动画""}]}}",10471
1k94,影视,94,第2轮,神话改编的,vod_search,"{""action"": ""search"", ""query"": {""and"": [{""field"": ""category"", ""value"": ""电影""}, {""field"": ""tag"", ""value"": ""动画""}]}}",10472
1k94,影视,94,第3轮,去年的,vod_search,"{""action"": ""search"", ""query"": {""and"": [{""field"": ""category"", ""value"": ""电影""}, {""field"": ""tag"", ""value"": ""动画""}, {""field"": ""release_time"", ""from"": ""20230101"", ""to"": ""20261231""}]}}",10473
1k94,影视,94,第4轮,根据神话改编,vod_search,"{""action"": ""search"", ""query"": {}}",10474
1k94,影视,94,第5轮,去年出的,vod_search,"{""action"": ""search"", ""query"": {""and"": [{""field"": ""category"", ""value"": ""电影""}, {""field"": ""tag"", ""value"": ""动画""}, {""field"": ""release_time"", ""from"": ""20230101"", ""to"": ""20261231""}]}}",10475
1k95,影视,95,第1轮,来一部恋爱剧,vod_search,"{""action"": ""search"", ""query"": {""field"": ""tag"", ""value"": ""恋爱""}}",10476
1k95,影视,95,第2轮,高甜不虐的,vod_search,"{""action"": ""search"", ""query"": {""field"": ""tag"", ""value"": ""恋爱""}}",10477
1k95,影视,95,第3轮,蓝光版的,vod_search,"{""action"": ""search"", ""query"": {""field"": ""tag"", ""value"": ""恋爱""}}",10478
1k95,影视,95,第4轮,颜值高的,vod_search,"{""action"": ""search"", ""query"": {}}",10479
1k95,影视,95,第5轮,女主漂亮点的,vod_search,"{""action"": ""search"", ""query"": {}}",10480
1k96,影视,96,第1轮,好看的医疗剧,vod_search,"{""action"": ""search"", ""query"": {""field"": ""tag"", ""value"": ""医疗""}}",10481
1k96,影视,96,第2轮,医疗细节真实的,vod_search,"{""action"": ""search"", ""query"": {""field"": ""tag"", ""value"": ""医疗""}}",10482
1k96,影视,96,第3轮,咱们自己拍的,vod_search_all,"{""action"": ""search"", ""query"": {""field"": ""tag"", ""value"": ""医疗""}}",10483
1k96,影视,96,第4轮,专业度高的,vod_search,"{""action"": ""search"", ""query"": {}}",10484
1k96,影视,96,第5轮,打分高的有吗,vod_search,"{""action"": ""search"", ""query"": {}}",10485
1k97,影视,97,第1轮,来点真人秀综艺,vod_search,"{""action"": ""search"", ""query"": {""and"": [{""field"": ""category"", ""value"": ""综艺""}, {""field"": ""tag"", ""value"": ""真人秀""}]}}",10486
1k97,影视,97,第2轮,每周六更的,vod_search,"{""action"": ""search"", ""query"": {""and"": [{""field"": ""category"", ""value"": ""综艺""}, {""field"": ""tag"", ""value"": ""真人秀""}]}}",10487
1k97,影视,97,第3轮,户外的那种,vod_search,"{""action"": ""search"", ""query"": {""and"": [{""field"": ""category"", ""value"": ""综艺""}, {""field"": ""tag"", ""value"": ""真人秀""}]}}",10488
1k97,影视,97,第4轮,最新季的,vod_search,"{""action"": ""search"", ""query"": {""and"": [{""field"": ""category"", ""value"": ""综艺""}, {""field"": ""tag"", ""value"": ""真人秀""}]}, ""sort"": {""new"": {""order"": ""desc""}}}",10489
1k97,影视,97,第5轮,最新一季的,vod_search,"{""action"": ""search"", ""query"": {""and"": [{""field"": ""category"", ""value"": ""综艺""}, {""field"": ""tag"", ""value"": ""真人秀""}]}, ""sort"": {""new"": {""order"": ""desc""}}}",10490
1k98,影视,98,第1轮,找点脱口秀节目,vod_fuzzy_search,"{""query"": ""找点脱口秀节目""}",10491
1k98,影视,98,第2轮,单口那种,vod_search,"{""action"": ""search"", ""query"": {""field"": ""tag"", ""value"": ""脱口秀""}}",10492
1k98,影视,98,第3轮,单口喜剧的,vod_search,"{""action"": ""search"", ""query"": {""field"": ""tag"", ""value"": ""脱口秀""}}",10493
1k98,影视,98,第4轮,单人的,vod_search,"{""action"": ""search"", ""query"": {}}",10494
1k98,影视,98,第5轮,脱口秀大会那种,vod_search,"{""action"": ""search"", ""query"": {}}",10495
1k99,影视,99,第1轮,我想看律政剧,vod_search,"{""action"": ""search"", ""query"": {""field"": ""category"", ""value"": ""电视剧""}}",10496
1k99,影视,99,第2轮,评分高的有吗,vod_search,"{""action"": ""search"", ""query"": {""field"": ""category"", ""value"": ""电视剧""}, ""sort"": {""rate"": {""order"": ""desc""}}}",10497
1k99,影视,99,第3轮,辩论多的,vod_search,"{""action"": ""search"", ""query"": {""field"": ""category"", ""value"": ""电视剧""}, ""sort"": {""rate"": {""order"": ""desc""}}}",10498
1k99,影视,99,第4轮,要完结的有没有,vod_search,"{""action"": ""search"", ""query"": {""and"": [{""field"": ""category"", ""value"": ""电视剧""}, {""field"": ""is_over"", ""value"": 1}]}, ""sort"": {""rate"": {""order"": ""desc""}}}",10499
1k99,影视,99,第5轮,法庭戏多的,vod_search,"{""action"": ""search"", ""query"": {}}",10500
1k100,影视,100,第1轮,最近想看找杨紫演的电视剧,vod_search,"{""action"": ""search"", ""query"": {""and"": [{""field"": ""category"", ""value"": ""电视剧""}, {""field"": ""actor"", ""value"": ""杨紫""}]}}",10501
1k100,影视,100,第2轮,票房高一些的,vod_search,"{""action"": ""search"", ""messages"": [{""role"": ""user"", ""content"": ""票房高一些的""}], ""riskRespStrategy"": ""all_replace""}",10502
1k100,影视,100,第3轮,评分高一些的,vod_search,"{""action"": ""search"", ""query"": {""and"": [{""field"": ""category"", ""value"": ""电视剧""}, {""field"": ""actor"", ""value"": ""杨紫""}]}, ""sort"": {""rate"": {""order"": ""desc""}}}",10503
1k100,影视,100,第4轮,最新的有没有,vod_search,"{""action"": ""search"", ""query"": {""and"": [{""field"": ""category"", ""value"": ""电视剧""}, {""field"": ""actor"", ""value"": ""杨紫""}]}, ""sort"": {""new"": {""order"": ""desc""}}}",10504
1k100,影视,100,第5轮,新歌的那种,vod_search,"{""action"": ""search"", ""query"": {""and"": [{""field"": ""category"", ""value"": ""电视剧""}, {""field"": ""actor"", ""value"": ""杨紫""}]}, ""sort"": {""new"": {""order"": ""desc""}}}",10505
1k101,影视,101,第1轮,放谍战剧,vod_search,"{""action"": ""search"", ""query"": {""field"": ""tag"", ""value"": ""谍战""}}",10506
1k101,影视,101,第2轮,近三年的有吗,vod_search,"{""action"": ""search"", ""query"": {""and"": [{""field"": ""tag"", ""value"": ""谍战""}, {""field"": ""release_time"", ""from"": ""20230101"", ""to"": ""20261231""}]}}",10507
1k101,影视,101,第3轮,能免费看的,vod_search,"{""action"": ""search"", ""query"": {""and"": [{""field"": ""tag"", ""value"": ""谍战""}, {""field"": ""release_time"", ""from"": ""20230101"", ""to"": ""20261231""}, {""field"": ""is_fee"", ""value"": ""0""}]}}",10508
1k101,影视,101,第4轮,播放量高点的,vod_search,"{""action"": ""search"", ""query"": {""and"": [{""field"": ""tag"", ""value"": ""谍战""}, {""field"": ""release_time"", ""from"": ""20230101"", ""to"": ""20261231""}, {""field"": ""is_fee"", ""value"": ""0""}]}, ""sort"": {""hot"": {""order"": ""desc""}}}",10509
1k101,影视,101,第5轮,免费的有吗,vod_search_all,"{""action"": ""search"", ""query"": {""and"": [{""field"": ""tag"", ""value"": ""谍战""}, {""field"": ""release_time"", ""from"": ""20230101"", ""to"": ""20261231""}, {""field"": ""is_fee"", ""value"": ""0""}]}, ""sort"": {""hot"": {""order"": ""desc""}}}",10510
1k102,影视,102,第1轮,推荐些灾难片,vod_search,"{""action"": ""search"", ""query"": {""field"": ""tag"", ""value"": ""灾难""}}",10511
1k102,影视,102,第2轮,国外的,vod_search_all,"{""action"": ""search"", ""query"": {""and"": [{""field"": ""tag"", ""value"": ""灾难""}, {""field"": ""area"", ""value"": ""国外""}]}}",10512
1k102,影视,102,第3轮,近五年上映的,vod_search,"{""action"": ""search"", ""query"": {""and"": [{""field"": ""tag"", ""value"": ""灾难""}, {""field"": ""area"", ""value"": ""国外""}, {""field"": ""release_time"", ""from"": ""20230101"", ""to"": ""20261231""}]}}",10513
1k102,影视,102,第4轮,近五年的有吗,vod_search,"{""action"": ""search"", ""query"": {""and"": [{""field"": ""tag"", ""value"": ""灾难""}, {""field"": ""area"", ""value"": ""国外""}, {""field"": ""release_time"", ""from"": ""20230101"", ""to"": ""20261231""}]}}",10514
1k102,影视,102,第5轮,特效震撼的,vod_search,"{""action"": ""search"", ""query"": {}}",10515
1k103,影视,103,第1轮,有没有好看的职场剧,vod_search,"{""action"": ""search"", ""query"": {""field"": ""tag"", ""value"": ""职场""}}",10516
1k103,影视,103,第2轮,要是国产的吗,vod_search_all,"{""action"": ""search"", ""query"": {""and"": [{""field"": ""tag"", ""value"": ""职场""}, {""field"": ""area"", ""value"": ""内地""}]}}",10517
1k103,影视,103,第3轮,要集数别太长,vod_search,"{""action"": ""search"", ""query"": {}}",10518
1k103,影视,103,第4轮,要评价好点的,vod_search,"{""action"": ""search"", ""query"": {}}",10519
1k103,影视,103,第5轮,商战题材的,vod_search,"{""action"": ""search"", ""query"": {}}",10520
1k104,影视,104,第1轮,推荐几部年代剧,vod_search,"{""action"": ""search"", ""query"": {""field"": ""tag"", ""value"": ""年代""}}",10521
1k104,影视,104,第2轮,免费能看的有吗,vod_search,"{""action"": ""search"", ""query"": {""and"": [{""field"": ""tag"", ""value"": ""年代""}, {""field"": ""is_fee"", ""value"": ""0""}]}}",10522
1k104,影视,104,第3轮,讲改革开放那会儿的,vod_search,"{""action"": ""search"", ""query"": {""and"": [{""field"": ""tag"", ""value"": ""年代""}, {""field"": ""is_fee"", ""value"": ""0""}]}}",10523
1k104,影视,104,第4轮,要卡司强的,vod_search,"{""action"": ""search"", ""query"": {}}",10524
1k104,影视,104,第5轮,八九十年代背景的,vod_search,"{""action"": ""search"", ""query"": {}}",10525
1k105,影视,105,第1轮,破案剧,vod_search,"{""action"": ""search"", ""query"": {""field"": ""tag"", ""value"": ""破案""}}",10526
1k105,影视,105,第2轮,真实事件改编的,vod_search,"{""action"": ""search"", ""query"": {""field"": ""tag"", ""value"": ""破案""}}",10527
1k105,影视,105,第3轮,国内的有吗,vod_search_all,"{""action"": ""search"", ""query"": {""and"": [{""field"": ""tag"", ""value"": ""破案""}, {""field"": ""area"", ""value"": ""国内""}]}}",10528
1k105,影视,105,第4轮,真事改编,vod_search,"{""action"": ""search"", ""query"": {}}",10529
1k105,影视,105,第5轮,集数少点的,vod_search,"{""action"": ""search"", ""query"": {}}",10530
1k106,影视,106,第1轮,来点动画片,vod_search,"{""action"": ""search"", ""query"": {""field"": ""tag"", ""value"": ""动画""}}",10531
1k106,影视,106,第2轮,不花钱的有吗,vod_search,"{""action"": ""search"", ""query"": {""field"": ""tag"", ""value"": ""动画""}}",10532
1k106,影视,106,第3轮,时长90分的,vod_search,"{""action"": ""search"", ""query"": {""field"": ""tag"", ""value"": ""动画""}}",10533
1k106,影视,106,第4轮,七八岁小孩看的,educ_search,"{""action"": ""search"", ""query"": {}}",10534
1k106,影视,106,第5轮,有教育意义的,vod_search,"{""action"": ""search"", ""query"": {}}",10535
1k107,影视,107,第1轮,有什么国产动画电影,vod_search,"{""action"": ""search"", ""query"": {""and"": [{""field"": ""category"", ""value"": ""电影""}, {""field"": ""tag"", ""value"": ""动画""}]}}",10536
1k107,影视,107,第2轮,画风好的,vod_search,"{""action"": ""search"", ""query"": {""and"": [{""field"": ""category"", ""value"": ""电影""}, {""field"": ""tag"", ""value"": ""动画""}]}}",10537
1k107,影视,107,第3轮,画面精美的,vod_search,"{""action"": ""search"", ""query"": {}}",10538
1k107,影视,107,第4轮,神话改编的,vod_search,"{""action"": ""search"", ""query"": {}}",10539
1k107,影视,107,第5轮,高票房的,vod_search,"{""action"": ""search"", ""messages"": [{""role"": ""user"", ""content"": ""高票房的""}], ""riskRespStrategy"": ""all_replace""}",10540
1k108,影视,108,第1轮,恋爱剧,vod_search,"{""action"": ""search"", ""query"": {""field"": ""tag"", ""value"": ""恋爱""}}",10541
1k108,影视,108,第2轮,女主漂亮的,vod_search,"{""action"": ""search"", ""query"": {""field"": ""tag"", ""value"": ""恋爱""}}",10542
1k108,影视,108,第3轮,圆满结局的,fan_knowledge_agent,"{""messages"": [{""role"": ""user"", ""content"": ""圆满结局的""}], ""riskRespStrategy"": ""all_replace""}",10543
1k108,影视,108,第4轮,甜甜的恋爱那种,vod_search,"{""action"": ""search"", ""query"": {}}",10544
1k108,影视,108,第5轮,结局好的有没有,fan_knowledge_agent,"{""messages"": [{""role"": ""user"", ""content"": ""结局好的有没有""}], ""riskRespStrategy"": ""all_replace""}",10545
1k109,影视,109,第1轮,来几部医疗剧,vod_search,"{""action"": ""search"", ""query"": {""field"": ""tag"", ""value"": ""医疗""}}",10546
1k109,影视,109,第2轮,手术戏真实的,vod_search,"{""action"": ""search"", ""query"": {""field"": ""tag"", ""value"": ""医疗""}}",10547
1k109,影视,109,第3轮,打分高的有没有,vod_search,"{""action"": ""search"", ""query"": {""field"": ""tag"", ""value"": ""医疗""}}",10548
1k109,影视,109,第4轮,集数少点的,vod_search,"{""action"": ""search"", ""query"": {}}",10549
1k109,影视,109,第5轮,需要会员吗,vod_search,"{""action"": ""search"", ""query"": {}}",10550
1k110,影视,110,第1轮,来一部真人秀综艺,vod_search,"{""action"": ""search"", ""query"": {""and"": [{""field"": ""category"", ""value"": ""综艺""}, {""field"": ""tag"", ""value"": ""真人秀""}]}}",10551
1k110,影视,110,第2轮,最新一期,vod_search,"{""action"": ""search"", ""query"": {""and"": [{""field"": ""category"", ""value"": ""综艺""}, {""field"": ""tag"", ""value"": ""真人秀""}]}, ""sort"": {""new"": {""order"": ""desc""}}}",10552
1k110,影视,110,第3轮,嘉宾阵容强的,vod_search,"{""action"": ""search"", ""query"": {""and"": [{""field"": ""category"", ""value"": ""综艺""}, {""field"": ""tag"", ""value"": ""真人秀""}]}, ""sort"": {""new"": {""order"": ""desc""}}}",10553
1k110,影视,110,第4轮,每周六更的,vod_search,"{""action"": ""search"", ""query"": {}}",10554
1k110,影视,110,第5轮,最新季的,vod_search,"{""action"": ""search"", ""query"": {""and"": [{""field"": ""category"", ""value"": ""综艺""}, {""field"": ""tag"", ""value"": ""真人秀""}]}, ""sort"": {""new"": {""order"": ""desc""}}}",10555
1k111,影视,111,第1轮,有什么免费的综艺,vod_search,"{""action"": ""search"", ""query"": {""field"": ""category"", ""value"": ""综艺""}}",10556
1k111,影视,111,第2轮,要是国产的吗,vod_search_all,"{""action"": ""search"", ""query"": {""and"": [{""field"": ""category"", ""value"": ""综艺""}, {""field"": ""area"", ""value"": ""内地""}]}}",10557
1k111,影视,111,第3轮,人气高一点的,vod_search,"{""action"": ""search"", ""query"": {""and"": [{""field"": ""category"", ""value"": ""综艺""}, {""field"": ""area"", ""value"": ""内地""}]}, ""sort"": {""hot"": {""order"": ""desc""}}}",10558
1k111,影视,111,第4轮,评分高一点的,vod_search,"{""action"": ""search"", ""query"": {""and"": [{""field"": ""category"", ""value"": ""综艺""}, {""field"": ""area"", ""value"": ""内地""}]}, ""sort"": {""rate"": {""order"": ""desc""}}}",10559
1k111,影视,111,第5轮,播放量高点的,vod_search,"{""action"": ""search"", ""query"": {""and"": [{""field"": ""category"", ""value"": ""综艺""}, {""field"": ""area"", ""value"": ""内地""}]}, ""sort"": {""hot"": {""order"": ""desc""}}}",10560
1k112,影视,112,第1轮,找点悬疑美剧,vod_search_all,"{""action"": ""search"", ""query"": {""field"": ""tag"", ""value"": ""悬疑""}, ""sort"": {""rate"": {""order"": ""desc""}}}",10561
1k112,影视,112,第2轮,单元案件的,vod_search,"{""action"": ""search"", ""query"": {""field"": ""tag"", ""value"": ""悬疑""}, ""sort"": {""rate"": {""order"": ""desc""}}}",10562
1k112,影视,112,第3轮,单元剧形式的,vod_search,"{""action"": ""search"", ""query"": {""field"": ""tag"", ""value"": ""悬疑""}, ""sort"": {""rate"": {""order"": ""desc""}}}",10563
1k112,影视,112,第4轮,最新一季的,vod_search,"{""action"": ""search"", ""query"": {""field"": ""tag"", ""value"": ""悬疑""}, ""sort"": {""new"": {""order"": ""desc""}}}",10564
1k112,影视,112,第5轮,字幕版的有吗,vod_search,"{""action"": ""search"", ""query"": {}}",10565
1k113,影视,113,第1轮,国产动画电影,vod_search,"{""action"": ""search"", ""query"": {""and"": [{""field"": ""category"", ""value"": ""电影""}, {""field"": ""tag"", ""value"": ""动画""}]}}",10566
1k113,影视,113,第2轮,要卖座的,vod_search,"{""action"": ""search"", ""query"": {""and"": [{""field"": ""category"", ""value"": ""电影""}, {""field"": ""tag"", ""value"": ""动画""}]}}",10567
1k113,影视,113,第3轮,神话故事改编的,vod_search,"{""action"": ""search"", ""query"": {""and"": [{""field"": ""category"", ""value"": ""电影""}, {""field"": ""tag"", ""value"": ""动画""}]}}",10568
1k113,影视,113,第4轮,去年上的,vod_search,"{""action"": ""search"", ""query"": {""and"": [{""field"": ""category"", ""value"": ""电影""}, {""field"": ""tag"", ""value"": ""动画""}, {""field"": ""release_time"", ""from"": ""20230101"", ""to"": ""20261231""}]}}",10569
1k113,影视,113,第5轮,去年上映的,vod_search,"{""action"": ""search"", ""query"": {""and"": [{""field"": ""category"", ""value"": ""电影""}, {""field"": ""tag"", ""value"": ""动画""}, {""field"": ""release_time"", ""from"": ""20230101"", ""to"": ""20261231""}]}}",10570
1k114,影视,114,第1轮,好看的历史剧,vod_search,"{""action"": ""search"", ""query"": {""field"": ""tag"", ""value"": ""历史""}}",10571
1k114,影视,114,第2轮,服化道好的,vod_search,"{""action"": ""search"", ""query"": {""field"": ""tag"", ""value"": ""历史""}}",10572
1k114,影视,114,第3轮,服化道考究的,vod_search,"{""action"": ""search"", ""query"": {""field"": ""tag"", ""value"": ""历史""}}",10573
1k114,影视,114,第4轮,不用追更,vod_search,"{""action"": ""search"", ""query"": {}}",10574
1k114,影视,114,第5轮,不用等更新的,vod_search,"{""action"": ""search"", ""query"": {""and"": [{""field"": ""tag"", ""value"": ""历史""}, {""field"": ""is_over"", ""value"": 1}]}}",10575
1k115,影视,115,第1轮,想看医疗剧,vod_search,"{""action"": ""search"", ""query"": {""field"": ""tag"", ""value"": ""医疗""}}",10576
1k115,影视,115,第2轮,集数少点的,vod_search,"{""action"": ""search"", ""query"": {}}",10577
1k115,影视,115,第3轮,打分高的有吗,vod_search,"{""action"": ""search"", ""query"": {""field"": ""tag"", ""value"": ""医疗""}}",10578
1k115,影视,115,第4轮,手术场面真实的,vod_search,"{""action"": ""search"", ""query"": {}}",10579
1k115,影视,115,第5轮,评分高的有吗,vod_search,"{""action"": ""search"", ""query"": {""field"": ""tag"", ""value"": ""医疗""}, ""sort"": {""rate"": {""order"": ""desc""}}}",10580
1k116,影视,116,第1轮,有没有好看的脱口秀节目,vod_fuzzy_search,"{""query"": ""有没有好看的脱口秀节目""}",10581
1k116,影视,116,第2轮,单口那种,vod_search,"{""action"": ""search"", ""query"": {""field"": ""tag"", ""value"": ""脱口秀""}}",10582
1k116,影视,116,第3轮,单人的,vod_search,"{""action"": ""search"", ""query"": {""field"": ""tag"", ""value"": ""脱口秀""}}",10583
1k116,影视,116,第4轮,单口喜剧的,vod_search,"{""action"": ""search"", ""query"": {}}",10584
1k116,影视,116,第5轮,脱口秀大会那种,vod_search,"{""action"": ""search"", ""query"": {}}",10585
1k117,影视,117,第1轮,看看恐怖片,vod_search,"{""action"": ""search"", ""query"": {""field"": ""tag"", ""value"": ""恐怖""}}",10586
1k117,影视,117,第2轮,高分的有吗,vod_search,"{""action"": ""search"", ""query"": {""field"": ""tag"", ""value"": ""恐怖""}}",10587
1k117,影视,117,第3轮,评分高点的有吗,vod_search,"{""action"": ""search"", ""query"": {""field"": ""tag"", ""value"": ""恐怖""}, ""sort"": {""rate"": {""order"": ""desc""}}}",10588
1k117,影视,117,第4轮,不血腥的,vod_search,"{""action"": ""search"", ""query"": {}}",10589
1k117,影视,117,第5轮,泰国那种,vod_search_all,"{""action"": ""search"", ""query"": {""and"": [{""field"": ""tag"", ""value"": ""恐怖""}, {""field"": ""area"", ""value"": ""泰国""}]}, ""sort"": {""rate"": {""order"": ""desc""}}}",10590
1k118,影视,118,第1轮,找点律政剧,vod_search,"{""action"": ""search"", ""query"": {""field"": ""category"", ""value"": ""电视剧""}}",10591
1k118,影视,118,第2轮,庭审戏精彩,vod_search,"{""action"": ""search"", ""query"": {""field"": ""category"", ""value"": ""电视剧""}}",10592
1k118,影视,118,第3轮,完结的有没有,vod_search,"{""action"": ""search"", ""query"": {""and"": [{""field"": ""category"", ""value"": ""电视剧""}, {""field"": ""is_over"", ""value"": 1}]}}",10593
1k118,影视,118,第4轮,美剧吧,vod_search_all,"{""action"": ""search"", ""query"": {}}",10594
1k118,影视,118,第5轮,美剧优先,vod_search_all,"{""action"": ""search"", ""query"": {}}",10595
1k119,影视,119,第1轮,体育题材电影有哪些,vod_search,"{""action"": ""search"", ""query"": {""and"": [{""field"": ""category"", ""value"": ""电影""}, {""field"": ""tag"", ""value"": ""体育""}]}}",10596
1k119,影视,119,第2轮,励志那种,vod_search,"{""action"": ""search"", ""query"": {""and"": [{""field"": ""category"", ""value"": ""电影""}, {""field"": ""tag"", ""value"": ""体育""}]}}",10597
1k119,影视,119,第3轮,讲篮球的,vod_search,"{""action"": ""search"", ""query"": {""and"": [{""field"": ""category"", ""value"": ""电影""}, {""field"": ""tag"", ""value"": ""体育""}]}}",10598
1k119,影视,119,第4轮,有高清版吗,vod_search,"{""action"": ""search"", ""query"": {}}",10599
1k119,影视,119,第5轮,免费的有吗,vod_search_all,"{""action"": ""search"", ""query"": {""and"": [{""field"": ""category"", ""value"": ""电影""}, {""field"": ""tag"", ""value"": ""体育""}, {""field"": ""is_fee"", ""value"": ""0""}]}}",10600
1k120,影视,120,第1轮,推荐几部评分高的电视剧,vod_search,"{""action"": ""search"", ""query"": {""field"": ""category"", ""value"": ""电视剧""}}",10601
1k120,影视,120,第2轮,有中文字幕的,vod_search,"{""action"": ""search"", ""query"": {}}",10602
1k120,影视,120,第3轮,口碑好的,vod_search,"{""action"": ""search"", ""query"": {""field"": ""category"", ""value"": ""电视剧""}, ""sort"": {""rate"": {""order"": ""desc""}}}",10603
1k120,影视,120,第4轮,不花钱的吗,vod_search,"{""action"": ""search"", ""query"": {}}",10604
1k120,影视,120,第5轮,国产的有没有,vod_search_all,"{""action"": ""search"", ""query"": {""and"": [{""field"": ""category"", ""value"": ""电视剧""}, {""field"": ""area"", ""value"": ""内地""}]}, ""sort"": {""rate"": {""order"": ""desc""}}}",10605
1k121,影视,121,第1轮,放几部武侠剧,vod_search,"{""action"": ""search"", ""query"": {""field"": ""tag"", ""value"": ""武侠""}}",10606
1k121,影视,121,第2轮,动作场面好的,vod_search,"{""action"": ""search"", ""query"": {""field"": ""tag"", ""value"": ""武侠""}}",10607
1k121,影视,121,第3轮,内地拍的,vod_search_all,"{""action"": ""search"", ""query"": {""and"": [{""field"": ""tag"", ""value"": ""武侠""}, {""field"": ""area"", ""value"": ""内地""}]}}",10608
1k121,影视,121,第4轮,港版的有没有,vod_search_all,"{""action"": ""search"", ""query"": {""and"": [{""field"": ""tag"", ""value"": ""武侠""}, {""field"": ""area"", ""value"": ""内地""}]}}",10609
1k121,影视,121,第5轮,国产的,vod_search_all,"{""action"": ""search"", ""query"": {""and"": [{""field"": ""tag"", ""value"": ""武侠""}, {""field"": ""area"", ""value"": ""内地""}]}}",10610
1k122,影视,122,第1轮,推荐些年代剧,vod_search,"{""action"": ""search"", ""query"": {""field"": ""tag"", ""value"": ""年代""}}",10611
1k122,影视,122,第2轮,集数多点的,vod_search,"{""action"": ""search"", ""query"": {}}",10612
1k122,影视,122,第3轮,集数多的那种,vod_search,"{""action"": ""search"", ""query"": {}}",10613
1k122,影视,122,第4轮,收视率高点的,vod_search,"{""action"": ""search"", ""query"": {}}",10614
1k122,影视,122,第5轮,改革开放题材的,vod_search,"{""action"": ""search"", ""query"": {}}",10615
1k123,影视,123,第1轮,好看的悬疑美剧,vod_search_all,"{""action"": ""search"", ""query"": {""field"": ""tag"", ""value"": ""悬疑""}, ""sort"": {""rate"": {""order"": ""desc""}}}",10616
1k123,影视,123,第2轮,最新一季的,vod_search,"{""action"": ""search"", ""query"": {""field"": ""tag"", ""value"": ""悬疑""}, ""sort"": {""new"": {""order"": ""desc""}}}",10617
1k123,影视,123,第3轮,单元案件的,vod_search,"{""action"": ""search"", ""query"": {""field"": ""tag"", ""value"": ""悬疑""}, ""sort"": {""new"": {""order"": ""desc""}}}",10618
1k123,影视,123,第4轮,要最新那一季,vod_search,"{""action"": ""search"", ""query"": {""field"": ""tag"", ""value"": ""悬疑""}, ""sort"": {""new"": {""order"": ""desc""}}}",10619
1k123,影视,123,第5轮,单元剧形式的,vod_search,"{""action"": ""search"", ""query"": {}}",10620
1k124,影视,124,第1轮,有什么好看的国产动画电影,vod_search,"{""action"": ""search"", ""query"": {""and"": [{""field"": ""category"", ""value"": ""电影""}, {""field"": ""tag"", ""value"": ""动画""}]}}",10621
1k124,影视,124,第2轮,高票房的,vod_search,"{""action"": ""search"", ""messages"": [{""role"": ""user"", ""content"": ""高票房的""}], ""riskRespStrategy"": ""all_replace""}",10622
1k124,影视,124,第3轮,去年上的,vod_search,"{""action"": ""search"", ""query"": {""and"": [{""field"": ""category"", ""value"": ""电影""}, {""field"": ""tag"", ""value"": ""动画""}, {""field"": ""release_time"", ""from"": ""20230101"", ""to"": ""20261231""}]}}",10623
1k124,影视,124,第4轮,去年上映的,vod_search,"{""action"": ""search"", ""query"": {""and"": [{""field"": ""category"", ""value"": ""电影""}, {""field"": ""tag"", ""value"": ""动画""}, {""field"": ""release_time"", ""from"": ""20230101"", ""to"": ""20261231""}]}}",10624
1k124,影视,124,第5轮,画风好的,vod_search,"{""action"": ""search"", ""query"": {}}",10625
1k125,影视,125,第1轮,有哪些经典老电影,vod_fuzzy_search,"{""query"": ""有哪些经典老电影""}",10626
1k125,影视,125,第2轮,免费能看吗,vod_search,"{""action"": ""search"", ""query"": {""and"": [{""field"": ""category"", ""value"": ""电影""}, {""field"": ""is_fee"", ""value"": ""0""}]}}",10627
1k125,影视,125,第3轮,口碑好的,vod_search,"{""action"": ""search"", ""query"": {""and"": [{""field"": ""category"", ""value"": ""电影""}, {""field"": ""is_fee"", ""value"": ""0""}]}, ""sort"": {""rate"": {""order"": ""desc""}}}",10628
1k125,影视,125,第4轮,黑白的那种,vod_search,"{""action"": ""search"", ""query"": {}}",10629
1k125,影视,125,第5轮,有中文字幕的,vod_search,"{""action"": ""search"", ""query"": {}}",10630
1k126,影视,126,第1轮,放恋爱剧,vod_search,"{""action"": ""search"", ""query"": {""field"": ""tag"", ""value"": ""恋爱""}}",10631
1k126,影视,126,第2轮,不虐的,vod_search,"{""action"": ""search"", ""query"": {""field"": ""tag"", ""value"": ""恋爱""}}",10632
1k126,影视,126,第3轮,结局圆满的有吗,fan_knowledge_agent,"{""messages"": [{""role"": ""user"", ""content"": ""结局圆满的有吗""}], ""riskRespStrategy"": ""all_replace""}",10633
1k126,影视,126,第4轮,颜值高的,vod_search,"{""action"": ""search"", ""query"": {}}",10634
1k126,影视,126,第5轮,女主漂亮点的,vod_search,"{""action"": ""search"", ""query"": {}}",10635
1k127,影视,127,第1轮,有哪些历史剧,vod_search,"{""action"": ""search"", ""query"": {""field"": ""tag"", ""value"": ""历史""}}",10636
1k127,影视,127,第2轮,不用追更,vod_search,"{""action"": ""search"", ""query"": {""field"": ""tag"", ""value"": ""历史""}}",10637
1k127,影视,127,第3轮,已完结的有没有,vod_search,"{""action"": ""search"", ""query"": {""and"": [{""field"": ""tag"", ""value"": ""历史""}, {""field"": ""is_over"", ""value"": 1}]}}",10638
1k127,影视,127,第4轮,讲唐朝的,vod_search,"{""action"": ""search"", ""query"": {}}",10639
1k127,影视,127,第5轮,唐朝背景的,vod_search,"{""action"": ""search"", ""query"": {}}",10640
1k128,影视,128,第1轮,看看真人秀综艺,vod_search,"{""action"": ""search"", ""query"": {""and"": [{""field"": ""category"", ""value"": ""综艺""}, {""field"": ""tag"", ""value"": ""真人秀""}]}}",10641
1k128,影视,128,第2轮,最新那季,vod_search,"{""action"": ""search"", ""query"": {""and"": [{""field"": ""category"", ""value"": ""综艺""}, {""field"": ""tag"", ""value"": ""真人秀""}]}, ""sort"": {""new"": {""order"": ""desc""}}}",10642
1k128,影视,128,第3轮,嘉宾阵容强的,vod_search,"{""action"": ""search"", ""query"": {""and"": [{""field"": ""category"", ""value"": ""综艺""}, {""field"": ""tag"", ""value"": ""真人秀""}]}, ""sort"": {""new"": {""order"": ""desc""}}}",10643
1k128,影视,128,第4轮,最新季的,vod_search,"{""action"": ""search"", ""query"": {""and"": [{""field"": ""category"", ""value"": ""综艺""}, {""field"": ""tag"", ""value"": ""真人秀""}]}, ""sort"": {""new"": {""order"": ""desc""}}}",10644
1k128,影视,128,第5轮,每周六更的,vod_search,"{""action"": ""search"", ""query"": {}}",10645
1k129,影视,129,第1轮,来一部恐怖片,vod_search,"{""action"": ""search"", ""query"": {""field"": ""tag"", ""value"": ""恐怖""}}",10646
1k129,影视,129,第2轮,评分高点的有吗,vod_search,"{""action"": ""search"", ""query"": {""field"": ""tag"", ""value"": ""恐怖""}, ""sort"": {""rate"": {""order"": ""desc""}}}",10647
1k129,影视,129,第3轮,惊悚悬疑类,vod_search,"{""action"": ""search"", ""query"": {""field"": ""tag"", ""value"": ""恐怖""}, ""sort"": {""rate"": {""order"": ""desc""}}}",10648
1k129,影视,129,第4轮,要泰国那种,vod_search_all,"{""action"": ""search"", ""query"": {""and"": [{""field"": ""tag"", ""value"": ""恐怖""}, {""field"": ""area"", ""value"": ""泰国""}]}, ""sort"": {""rate"": {""order"": ""desc""}}}",10649
1k129,影视,129,第5轮,有国语版的,vod_search,"{""action"": ""search"", ""query"": {}}",10650
1k130,影视,130,第1轮,有没有好看的体育题材电影,vod_search,"{""action"": ""search"", ""query"": {""and"": [{""field"": ""category"", ""value"": ""电影""}, {""field"": ""tag"", ""value"": ""体育""}]}}",10651
1k130,影视,130,第2轮,励志那种,vod_search,"{""action"": ""search"", ""query"": {""and"": [{""field"": ""category"", ""value"": ""电影""}, {""field"": ""tag"", ""value"": ""体育""}]}}",10652
1k130,影视,130,第3轮,励志向的,vod_search,"{""action"": ""search"", ""query"": {""and"": [{""field"": ""category"", ""value"": ""电影""}, {""field"": ""tag"", ""value"": ""体育""}]}}",10653
1k130,影视,130,第4轮,要燃一点的,vod_search,"{""action"": ""search"", ""query"": {}}",10654
1k130,影视,130,第5轮,根据真人真事,vod_search,"{""action"": ""search"", ""query"": {}}",10655
1k131,影视,131,第1轮,来几部找沈腾主演的剧,vod_search,"{""action"": ""search"", ""query"": {""and"": [{""field"": ""actor"", ""value"": ""沈腾""}, {""field"": ""tag"", ""value"": ""喜剧""}]}}",10656
1k131,影视,131,第2轮,新歌,vod_search,"{""action"": ""search"", ""query"": {""and"": [{""field"": ""actor"", ""value"": ""沈腾""}, {""field"": ""tag"", ""value"": ""喜剧""}]}}",10657
1k131,影视,131,第3轮,高票房的,vod_search,"{""action"": ""search"", ""messages"": [{""role"": ""user"", ""content"": ""高票房的""}], ""riskRespStrategy"": ""all_replace""}",10658
1k131,影视,131,第4轮,卖座的,vod_search,"{""action"": ""search"", ""query"": {""and"": [{""field"": ""actor"", ""value"": ""沈腾""}, {""field"": ""tag"", ""value"": ""喜剧""}]}}",10659
1k131,影视,131,第5轮,不花钱的吗,vod_search,"{""action"": ""search"", ""query"": {""and"": [{""field"": ""actor"", ""value"": ""沈腾""}, {""field"": ""tag"", ""value"": ""喜剧""}]}}",10660
1k132,影视,132,第1轮,看看谍战剧,vod_search,"{""action"": ""search"", ""query"": {""field"": ""tag"", ""value"": ""谍战""}}",10661
1k132,影视,132,第2轮,热门一点的,vod_search,"{""action"": ""search"", ""query"": {""field"": ""tag"", ""value"": ""谍战""}, ""sort"": {""hot"": {""order"": ""desc""}}}",10662
1k132,影视,132,第3轮,近几年拍的,vod_search,"{""action"": ""search"", ""query"": {""field"": ""tag"", ""value"": ""谍战""}, ""sort"": {""hot"": {""order"": ""desc""}}}",10663
1k132,影视,132,第4轮,要近三年拍的,vod_search,"{""action"": ""search"", ""query"": {""and"": [{""field"": ""tag"", ""value"": ""谍战""}, {""field"": ""release_time"", ""from"": ""20230101"", ""to"": ""20261231""}]}, ""sort"": {""hot"": {""order"": ""desc""}}}",10664
1k132,影视,132,第5轮,免费的有吗,vod_search_all,"{""action"": ""search"", ""query"": {""and"": [{""field"": ""tag"", ""value"": ""谍战""}, {""field"": ""release_time"", ""from"": ""20230101"", ""to"": ""20261231""}, {""field"": ""is_fee"", ""value"": ""0""}]}, ""sort"": {""hot"": {""order"": ""desc""}}}",10665
1k133,影视,133,第1轮,有没有好看的年代剧,vod_search,"{""action"": ""search"", ""query"": {""field"": ""tag"", ""value"": ""年代""}}",10666
1k133,影视,133,第2轮,长篇的,vod_search,"{""action"": ""search"", ""query"": {""field"": ""tag"", ""value"": ""年代""}}",10667
1k133,影视,133,第3轮,改革开放题材的,vod_search,"{""action"": ""search"", ""query"": {""field"": ""tag"", ""value"": ""年代""}}",10668
1k133,影视,133,第4轮,讲改革开放那会儿的,vod_search,"{""action"": ""search"", ""query"": {}}",10669
1k133,影视,133,第5轮,收视率高点的,vod_search,"{""action"": ""search"", ""query"": {}}",10670
1k134,影视,134,第1轮,放动作片,vod_search,"{""action"": ""search"", ""query"": {""field"": ""tag"", ""value"": ""动作""}}",10671
1k134,影视,134,第2轮,枪战激烈的,vod_search,"{""action"": ""search"", ""query"": {""field"": ""tag"", ""value"": ""动作""}}",10672
1k134,影视,134,第3轮,打分高的,vod_search,"{""action"": ""search"", ""query"": {""field"": ""tag"", ""value"": ""动作""}}",10673
1k134,影视,134,第4轮,配音版的有吗,vod_search,"{""action"": ""search"", ""query"": {""and"": [{""field"": ""tag"", ""value"": ""动作""}, {""field"": ""language"", ""value"": ""英语""}]}}",10674
1k134,影视,134,第5轮,枪战多的,vod_search,"{""action"": ""search"", ""query"": {}}",10675
1k135,影视,135,第1轮,推荐些脱口秀节目,vod_fuzzy_search,"{""query"": ""推荐些脱口秀节目""}",10676
1k135,影视,135,第2轮,最近更新的,vod_search,"{""action"": ""search"", ""query"": {""field"": ""tag"", ""value"": ""脱口秀""}, ""sort"": {""new"": {""order"": ""desc""}}}",10677
1k135,影视,135,第3轮,单口喜剧的,vod_search,"{""action"": ""search"", ""query"": {""field"": ""tag"", ""value"": ""脱口秀""}, ""sort"": {""new"": {""order"": ""desc""}}}",10678
1k135,影视,135,第4轮,要脱口秀大会那种,vod_search,"{""action"": ""search"", ""query"": {}}",10679
1k135,影视,135,第5轮,单人的,vod_search,"{""action"": ""search"", ""query"": {}}",10680
1k136,影视,136,第1轮,职场剧,vod_search,"{""action"": ""search"", ""query"": {""field"": ""tag"", ""value"": ""职场""}}",10681
1k136,影视,136,第2轮,金融题材的,vod_search,"{""action"": ""search"", ""query"": {""field"": ""tag"", ""value"": ""职场""}}",10682
1k136,影视,136,第3轮,有字幕版的,vod_search,"{""action"": ""search"", ""query"": {}}",10683
1k136,影视,136,第4轮,有字幕的,vod_search,"{""action"": ""search"", ""query"": {}}",10684
1k136,影视,136,第5轮,集数别太长,vod_search,"{""action"": ""search"", ""query"": {}}",10685
1k137,影视,137,第1轮,有啥好看的军旅剧,vod_search,"{""action"": ""search"", ""query"": {""field"": ""tag"", ""value"": ""军旅""}}",10686
1k137,影视,137,第2轮,现代背景的,vod_search,"{""action"": ""search"", ""query"": {""field"": ""tag"", ""value"": ""军旅""}}",10687
1k137,影视,137,第3轮,真实事件改编的,vod_search,"{""action"": ""search"", ""query"": {""field"": ""tag"", ""value"": ""军旅""}}",10688
1k137,影视,137,第4轮,有免费片源吗,vod_search,"{""action"": ""search"", ""query"": {""and"": [{""field"": ""tag"", ""value"": ""军旅""}, {""field"": ""is_fee"", ""value"": ""0""}]}}",10689
1k137,影视,137,第5轮,现代题材的,vod_search,"{""action"": ""search"", ""query"": {}}",10690
1k138,影视,138,第1轮,有没有好看的国产动画电影,vod_search,"{""action"": ""search"", ""query"": {""and"": [{""field"": ""category"", ""value"": ""电影""}, {""field"": ""tag"", ""value"": ""动画""}]}}",10691
1k138,影视,138,第2轮,画面精美的,vod_search,"{""action"": ""search"", ""query"": {}}",10692
1k138,影视,138,第3轮,神话故事改编的,vod_search,"{""action"": ""search"", ""query"": {""and"": [{""field"": ""category"", ""value"": ""电影""}, {""field"": ""tag"", ""value"": ""动画""}]}}",10693
1k138,影视,138,第4轮,去年上的,vod_search,"{""action"": ""search"", ""query"": {""and"": [{""field"": ""category"", ""value"": ""电影""}, {""field"": ""tag"", ""value"": ""动画""}, {""field"": ""release_time"", ""from"": ""20230101"", ""to"": ""20261231""}]}}",10694
1k138,影视,138,第5轮,画风好的,vod_search,"{""action"": ""search"", ""query"": {}}",10695
1k139,影视,139,第1轮,动作片,vod_search,"{""action"": ""search"", ""query"": {""field"": ""tag"", ""value"": ""动作""}}",10696
1k139,影视,139,第2轮,美国的,vod_search_all,"{""action"": ""search"", ""query"": {""and"": [{""field"": ""tag"", ""value"": ""动作""}, {""field"": ""area"", ""value"": ""美国""}]}}",10697
1k139,影视,139,第3轮,有中文配音的,vod_search,"{""action"": ""search"", ""query"": {""and"": [{""field"": ""tag"", ""value"": ""动作""}, {""field"": ""area"", ""value"": ""美国""}, {""field"": ""language"", ""value"": ""英语""}]}}",10698
1k139,影视,139,第4轮,有高清版吗,vod_search,"{""action"": ""search"", ""query"": {}}",10699
1k139,影视,139,第5轮,有中文配音吗,vod_search,"{""action"": ""search"", ""query"": {""and"": [{""field"": ""tag"", ""value"": ""动作""}, {""field"": ""area"", ""value"": ""美国""}, {""field"": ""language"", ""value"": ""英语""}]}}",10700
1k140,影视,140,第1轮,放几部恋爱剧,vod_search,"{""action"": ""search"", ""query"": {""field"": ""tag"", ""value"": ""恋爱""}}",10701
1k140,影视,140,第2轮,高清的,vod_search,"{""action"": ""search"", ""query"": {""field"": ""tag"", ""value"": ""恋爱""}}",10702
1k140,影视,140,第3轮,女主漂亮的,vod_search,"{""action"": ""search"", ""query"": {""field"": ""tag"", ""value"": ""恋爱""}}",10703
1k140,影视,140,第4轮,高甜不虐的,vod_search,"{""action"": ""search"", ""query"": {}}",10704
1k140,影视,140,第5轮,大团圆结局的,fan_knowledge_agent,"{""messages"": [{""role"": ""user"", ""content"": ""大团圆结局的""}], ""riskRespStrategy"": ""all_replace""}",10705
1k141,影视,141,第1轮,推荐几部恐怖片,vod_search,"{""action"": ""search"", ""query"": {""field"": ""tag"", ""value"": ""恐怖""}}",10706
1k141,影视,141,第2轮,东南亚那种,vod_search_all,"{""action"": ""search"", ""query"": {""field"": ""tag"", ""value"": ""恐怖""}}",10707
1k141,影视,141,第3轮,有国语版的,vod_search,"{""action"": ""search"", ""query"": {""field"": ""tag"", ""value"": ""恐怖""}}",10708
1k141,影视,141,第4轮,国语配音的有吗,vod_search,"{""action"": ""search"", ""query"": {""and"": [{""field"": ""tag"", ""value"": ""恐怖""}, {""field"": ""language"", ""value"": ""国语""}]}}",10709
1k141,影视,141,第5轮,不血腥的,vod_search,"{""action"": ""search"", ""query"": {}}",10710
1k142,影视,142,第1轮,找黄渤演的电影,vod_search,"{""action"": ""search"", ""query"": {""and"": [{""field"": ""category"", ""value"": ""电影""}, {""field"": ""actor"", ""value"": ""黄渤""}]}}",10711
1k142,影视,142,第2轮,最新的有吗,vod_search,"{""action"": ""search"", ""query"": {""and"": [{""field"": ""category"", ""value"": ""电影""}, {""field"": ""actor"", ""value"": ""黄渤""}]}, ""sort"": {""new"": {""order"": ""desc""}}}",10712
1k142,影视,142,第3轮,要口碑好点的,vod_search,"{""action"": ""search"", ""query"": {""and"": [{""field"": ""category"", ""value"": ""电影""}, {""field"": ""actor"", ""value"": ""黄渤""}]}, ""sort"": {""new"": {""order"": ""desc""}}}",10713
1k142,影视,142,第4轮,最新那种,vod_search,"{""action"": ""search"", ""query"": {""and"": [{""field"": ""category"", ""value"": ""电影""}, {""field"": ""actor"", ""value"": ""黄渤""}]}, ""sort"": {""new"": {""order"": ""desc""}}}",10714
1k142,影视,142,第5轮,要免费的吗,vod_search,"{""action"": ""search"", ""query"": {""and"": [{""field"": ""category"", ""value"": ""电影""}, {""field"": ""actor"", ""value"": ""黄渤""}, {""field"": ""is_fee"", ""value"": ""0""}]}, ""sort"": {""new"": {""order"": ""desc""}}}",10715
1k143,影视,143,第1轮,看看灾难片,vod_search,"{""action"": ""search"", ""query"": {""field"": ""tag"", ""value"": ""灾难""}}",10716
1k143,影视,143,第2轮,国外的有吗,vod_search_all,"{""action"": ""search"", ""query"": {""and"": [{""field"": ""tag"", ""value"": ""灾难""}, {""field"": ""area"", ""value"": ""国外""}]}}",10717
1k143,影视,143,第3轮,国外的,vod_search_all,"{""action"": ""search"", ""query"": {""and"": [{""field"": ""tag"", ""value"": ""灾难""}, {""field"": ""area"", ""value"": ""国外""}]}}",10718
1k143,影视,143,第4轮,海外的,vod_search_all,"{""action"": ""search"", ""query"": {}}",10719
1k143,影视,143,第5轮,国语配音的有吗,vod_search,"{""action"": ""search"", ""query"": {""and"": [{""field"": ""tag"", ""value"": ""灾难""}, {""field"": ""area"", ""value"": ""国外""}, {""field"": ""language"", ""value"": ""国语""}]}}",10720
1k144,影视,144,第1轮,来一部年代剧,vod_search,"{""action"": ""search"", ""query"": {""field"": ""tag"", ""value"": ""年代""}}",10721
1k144,影视,144,第2轮,集数多的那种,vod_search,"{""action"": ""search"", ""query"": {}}",10722
1k144,影视,144,第3轮,讲改革开放那会儿的,vod_search,"{""action"": ""search"", ""query"": {""field"": ""tag"", ""value"": ""年代""}}",10723
1k144,影视,144,第4轮,免费能看的有吗,vod_search,"{""action"": ""search"", ""query"": {""and"": [{""field"": ""tag"", ""value"": ""年代""}, {""field"": ""is_fee"", ""value"": ""0""}]}}",10724
1k144,影视,144,第5轮,卡司强的,vod_search,"{""action"": ""search"", ""query"": {}}",10725
1k145,影视,145,第1轮,来点讲亲情的剧,vod_fuzzy_search,"{""query"": ""来点讲亲情的剧""}",10726
1k145,影视,145,第2轮,高清的,vod_search,"{""action"": ""search"", ""query"": {""field"": ""tag"", ""value"": ""亲情""}}",10727
1k145,影视,145,第3轮,亲情题材的,vod_search,"{""action"": ""search"", ""query"": {""field"": ""tag"", ""value"": ""亲情""}}",10728
1k145,影视,145,第4轮,高清版,vod_search,"{""action"": ""search"", ""query"": {}}",10729
1k145,影视,145,第5轮,不要会员的,vod_search,"{""action"": ""search"", ""query"": {}}",10730
1k146,影视,146,第1轮,来点韩剧,vod_search_all,"{""action"": ""search"", ""query"": {""field"": ""category"", ""value"": ""电视剧""}, ""sort"": {""rate"": {""order"": ""desc""}}}",10731
1k146,影视,146,第2轮,不用追更的,vod_search,"{""action"": ""search"", ""query"": {""field"": ""category"", ""value"": ""电视剧""}, ""sort"": {""rate"": {""order"": ""desc""}}}",10732
1k146,影视,146,第3轮,悬疑题材的,vod_search,"{""action"": ""search"", ""query"": {""field"": ""category"", ""value"": ""电视剧""}, ""sort"": {""rate"": {""order"": ""desc""}}}",10733
1k146,影视,146,第4轮,豆瓣8分以上的,vod_search,"{""action"": ""search"", ""query"": {}}",10734
1k146,影视,146,第5轮,有中文字幕吗,vod_search,"{""action"": ""search"", ""query"": {}}",10735
1k147,影视,147,第1轮,动画片有哪些,vod_search,"{""action"": ""search"", ""query"": {""field"": ""tag"", ""value"": ""动画""}}",10736
1k147,影视,147,第2轮,涨知识的,vod_search,"{""action"": ""search"", ""query"": {""field"": ""tag"", ""value"": ""动画""}}",10737
1k147,影视,147,第3轮,有教育意义的,vod_search,"{""action"": ""search"", ""query"": {""field"": ""tag"", ""value"": ""动画""}}",10738
1k147,影视,147,第4轮,适合上小学的,vod_search,"{""action"": ""search"", ""query"": {}}",10739
1k147,影视,147,第5轮,七八岁小孩看的,educ_search,"{""action"": ""search"", ""query"": {}}",10740
1k148,影视,148,第1轮,我想看国产动画电影,vod_search,"{""action"": ""search"", ""query"": {""and"": [{""field"": ""category"", ""value"": ""电影""}, {""field"": ""tag"", ""value"": ""动画""}]}}",10741
1k148,影视,148,第2轮,画风好的,vod_search,"{""action"": ""search"", ""query"": {""and"": [{""field"": ""category"", ""value"": ""电影""}, {""field"": ""tag"", ""value"": ""动画""}]}}",10742
1k148,影视,148,第3轮,要神话故事改编的,vod_search,"{""action"": ""search"", ""query"": {""and"": [{""field"": ""category"", ""value"": ""电影""}, {""field"": ""tag"", ""value"": ""动画""}]}}",10743
1k148,影视,148,第4轮,去年出的,vod_search,"{""action"": ""search"", ""query"": {""and"": [{""field"": ""category"", ""value"": ""电影""}, {""field"": ""tag"", ""value"": ""动画""}, {""field"": ""release_time"", ""from"": ""20230101"", ""to"": ""20261231""}]}}",10744
1k148,影视,148,第5轮,根据神话改编,vod_search,"{""action"": ""search"", ""query"": {}}",10745
1k149,影视,149,第1轮,好看的经典老电影,vod_fuzzy_search,"{""query"": ""好看的经典老电影""}",10746
1k149,影视,149,第2轮,口碑好的,vod_search,"{""action"": ""search"", ""query"": {""field"": ""category"", ""value"": ""电影""}, ""sort"": {""rate"": {""order"": ""desc""}}}",10747
1k149,影视,149,第3轮,4K修复版,vod_search,"{""action"": ""search"", ""query"": {""field"": ""category"", ""value"": ""电影""}, ""sort"": {""rate"": {""order"": ""desc""}}}",10748
1k149,影视,149,第4轮,修复版的有没有,vod_search,"{""action"": ""search"", ""query"": {}}",10749
1k149,影视,149,第5轮,老黑白片,vod_search,"{""action"": ""search"", ""query"": {}}",10750
1k150,影视,150,第1轮,有哪些恐怖片,vod_search,"{""action"": ""search"", ""query"": {""field"": ""tag"", ""value"": ""恐怖""}}",10751
1k150,影视,150,第2轮,评分高点的有吗,vod_search,"{""action"": ""search"", ""query"": {""field"": ""tag"", ""value"": ""恐怖""}, ""sort"": {""rate"": {""order"": ""desc""}}}",10752
1k150,影视,150,第3轮,东南亚的,vod_search_all,"{""action"": ""search"", ""query"": {""field"": ""tag"", ""value"": ""恐怖""}, ""sort"": {""rate"": {""order"": ""desc""}}}",10753
1k150,影视,150,第4轮,不血腥的,vod_search,"{""action"": ""search"", ""query"": {}}",10754
1k150,影视,150,第5轮,东南亚那种,vod_search_all,"{""action"": ""search"", ""query"": {}}",10755
1k151,影视,151,第1轮,推荐些国产动画电影,vod_search,"{""action"": ""search"", ""query"": {""and"": [{""field"": ""category"", ""value"": ""电影""}, {""field"": ""tag"", ""value"": ""动画""}]}}",10756
1k151,影视,151,第2轮,神话题材的,vod_search,"{""action"": ""search"", ""query"": {""and"": [{""field"": ""category"", ""value"": ""电影""}, {""field"": ""tag"", ""value"": ""动画""}]}}",10757
1k151,影视,151,第3轮,去年出的,vod_search,"{""action"": ""search"", ""query"": {""and"": [{""field"": ""category"", ""value"": ""电影""}, {""field"": ""tag"", ""value"": ""动画""}, {""field"": ""release_time"", ""from"": ""20230101"", ""to"": ""20261231""}]}}",10758
1k151,影视,151,第4轮,神话故事改编的,vod_search,"{""action"": ""search"", ""query"": {}}",10759
1k151,影视,151,第5轮,神话改编的,vod_search,"{""action"": ""search"", ""query"": {}}",10760
1k152,影视,152,第1轮,有没有好看的动作片,vod_search,"{""action"": ""search"", ""query"": {""field"": ""tag"", ""value"": ""动作""}}",10761
1k152,影视,152,第2轮,火力全开的,vod_search,"{""action"": ""search"", ""query"": {""field"": ""tag"", ""value"": ""动作""}}",10762
1k152,影视,152,第3轮,枪战激烈的,vod_search,"{""action"": ""search"", ""query"": {""field"": ""tag"", ""value"": ""动作""}}",10763
1k152,影视,152,第4轮,好莱坞的,vod_search_all,"{""action"": ""search"", ""query"": {}}",10764
1k152,影视,152,第5轮,好莱坞那种,vod_search_all,"{""action"": ""search"", ""query"": {}}",10765
1k153,影视,153,第1轮,有啥好看的历史剧,vod_search,"{""action"": ""search"", ""query"": {""field"": ""tag"", ""value"": ""历史""}}",10766
1k153,影视,153,第2轮,不用追更,vod_search,"{""action"": ""search"", ""query"": {""field"": ""tag"", ""value"": ""历史""}}",10767
1k153,影视,153,第3轮,国产的有没有,vod_search_all,"{""action"": ""search"", ""query"": {""and"": [{""field"": ""tag"", ""value"": ""历史""}, {""field"": ""area"", ""value"": ""内地""}]}}",10768
1k153,影视,153,第4轮,制作精良的,vod_search,"{""action"": ""search"", ""query"": {}}",10769
1k153,影视,153,第5轮,不用等更新的,vod_search,"{""action"": ""search"", ""query"": {""and"": [{""field"": ""tag"", ""value"": ""历史""}, {""field"": ""area"", ""value"": ""内地""}, {""field"": ""is_over"", ""value"": 1}]}}",10770
1k154,影视,154,第1轮,脱口秀节目,vod_fuzzy_search,"{""query"": ""脱口秀节目""}",10771
1k154,影视,154,第2轮,最近更新的,vod_search,"{""action"": ""search"", ""query"": {""field"": ""tag"", ""value"": ""脱口秀""}, ""sort"": {""new"": {""order"": ""desc""}}}",10772
1k154,影视,154,第3轮,要单口喜剧的,vod_search,"{""action"": ""search"", ""query"": {""field"": ""tag"", ""value"": ""脱口秀""}, ""sort"": {""new"": {""order"": ""desc""}}}",10773
1k154,影视,154,第4轮,单口那种,vod_search,"{""action"": ""search"", ""query"": {}}",10774
1k154,影视,154,第5轮,脱口秀大会那种,vod_search,"{""action"": ""search"", ""query"": {}}",10775
1k155,影视,155,第1轮,年代剧有哪些,vod_search,"{""action"": ""search"", ""query"": {""field"": ""tag"", ""value"": ""年代""}}",10776
1k155,影视,155,第2轮,演员阵容豪华的,vod_search,"{""action"": ""search"", ""query"": {""field"": ""tag"", ""value"": ""年代""}}",10777
1k155,影视,155,第3轮,卡司强的,vod_search,"{""action"": ""search"", ""query"": {""field"": ""tag"", ""value"": ""年代""}}",10778
1k155,影视,155,第4轮,集数多点的,vod_search,"{""action"": ""search"", ""query"": {}}",10779
1k155,影视,155,第5轮,收视率高点的,vod_search,"{""action"": ""search"", ""query"": {}}",10780
1k156,影视,156,第1轮,我想看真人秀综艺,vod_search,"{""action"": ""search"", ""query"": {""and"": [{""field"": ""category"", ""value"": ""综艺""}, {""field"": ""tag"", ""value"": ""真人秀""}]}}",10781
1k156,影视,156,第2轮,户外挑战类的,vod_search,"{""action"": ""search"", ""query"": {""and"": [{""field"": ""category"", ""value"": ""综艺""}, {""field"": ""tag"", ""value"": ""真人秀""}]}}",10782
1k156,影视,156,第3轮,要明星多的,vod_search,"{""action"": ""search"", ""query"": {""and"": [{""field"": ""category"", ""value"": ""综艺""}, {""field"": ""tag"", ""value"": ""真人秀""}]}}",10783
1k156,影视,156,第4轮,周六那期,vod_search,"{""action"": ""search"", ""query"": {}}",10784
1k156,影视,156,第5轮,野外真人秀,vod_search,"{""action"": ""search"", ""query"": {}}",10785
1k157,影视,157,第1轮,体育题材电影,vod_search,"{""action"": ""search"", ""query"": {""and"": [{""field"": ""category"", ""value"": ""电影""}, {""field"": ""tag"", ""value"": ""体育""}]}}",10786
1k157,影视,157,第2轮,真事改编的,vod_search,"{""action"": ""search"", ""query"": {""and"": [{""field"": ""category"", ""value"": ""电影""}, {""field"": ""tag"", ""value"": ""体育""}]}}",10787
1k157,影视,157,第3轮,真实事件改编的,vod_search,"{""action"": ""search"", ""query"": {""and"": [{""field"": ""category"", ""value"": ""电影""}, {""field"": ""tag"", ""value"": ""体育""}]}}",10788
1k157,影视,157,第4轮,燃一点的,vod_search,"{""action"": ""search"", ""query"": {}}",10789
1k157,影视,157,第5轮,励志的,vod_search,"{""action"": ""search"", ""query"": {}}",10790
1k158,影视,158,第1轮,好看的灾难片,vod_search,"{""action"": ""search"", ""query"": {""field"": ""tag"", ""value"": ""灾难""}}",10791
1k158,影视,158,第2轮,国外的有吗,vod_search_all,"{""action"": ""search"", ""query"": {""and"": [{""field"": ""tag"", ""value"": ""灾难""}, {""field"": ""area"", ""value"": ""国外""}]}}",10792
1k158,影视,158,第3轮,评分高一些的,vod_search,"{""action"": ""search"", ""query"": {""and"": [{""field"": ""tag"", ""value"": ""灾难""}, {""field"": ""area"", ""value"": ""国外""}]}, ""sort"": {""rate"": {""order"": ""desc""}}}",10793
1k158,影视,158,第4轮,近五年的,vod_search,"{""action"": ""search"", ""query"": {""and"": [{""field"": ""tag"", ""value"": ""灾难""}, {""field"": ""area"", ""value"": ""国外""}, {""field"": ""release_time"", ""from"": ""20230101"", ""to"": ""20261231""}]}, ""sort"": {""rate"": {""order"": ""desc""}}}",10794
1k158,影视,158,第5轮,有国语版的,vod_search,"{""action"": ""search"", ""query"": {}}",10795
1k159,影视,159,第1轮,找点恋爱剧,vod_search,"{""action"": ""search"", ""query"": {""field"": ""tag"", ""value"": ""恋爱""}}",10796
1k159,影视,159,第2轮,圆满结局的,fan_knowledge_agent,"{""messages"": [{""role"": ""user"", ""content"": ""圆满结局的""}], ""riskRespStrategy"": ""all_replace""}",10797
1k159,影视,159,第3轮,大团圆结局的,fan_knowledge_agent,"{""messages"": [{""role"": ""user"", ""content"": ""大团圆结局的""}], ""riskRespStrategy"": ""all_replace""}",10798
1k159,影视,159,第4轮,高清版的,vod_search,"{""action"": ""search"", ""query"": {}}",10799
1k159,影视,159,第5轮,甜宠的,vod_search,"{""action"": ""search"", ""query"": {}}",10800
1k160,影视,160,第1轮,有没有好看的历史剧,vod_search,"{""action"": ""search"", ""query"": {""field"": ""tag"", ""value"": ""历史""}}",10801
1k160,影视,160,第2轮,不用等更新的,vod_search,"{""action"": ""search"", ""query"": {""and"": [{""field"": ""tag"", ""value"": ""历史""}, {""field"": ""is_over"", ""value"": 1}]}}",10802
1k160,影视,160,第3轮,服化道好的,vod_search,"{""action"": ""search"", ""query"": {""and"": [{""field"": ""tag"", ""value"": ""历史""}, {""field"": ""is_over"", ""value"": 1}]}}",10803
1k160,影视,160,第4轮,完结的,vod_search,"{""action"": ""search"", ""query"": {""and"": [{""field"": ""tag"", ""value"": ""历史""}, {""field"": ""is_over"", ""value"": 1}]}}",10804
1k160,影视,160,第5轮,大唐题材的,vod_search,"{""action"": ""search"", ""query"": {}}",10805
1k161,影视,161,第1轮,有啥好看的真人秀综艺,vod_search,"{""action"": ""search"", ""query"": {""and"": [{""field"": ""category"", ""value"": ""综艺""}, {""field"": ""tag"", ""value"": ""真人秀""}]}}",10806
1k161,影视,161,第2轮,最新一期,vod_search,"{""action"": ""search"", ""query"": {""and"": [{""field"": ""category"", ""value"": ""综艺""}, {""field"": ""tag"", ""value"": ""真人秀""}]}, ""sort"": {""new"": {""order"": ""desc""}}}",10807
1k161,影视,161,第3轮,最新那季的那种,vod_search,"{""action"": ""search"", ""query"": {""and"": [{""field"": ""category"", ""value"": ""综艺""}, {""field"": ""tag"", ""value"": ""真人秀""}]}, ""sort"": {""new"": {""order"": ""desc""}}}",10808
1k161,影视,161,第4轮,户外挑战类的,vod_search,"{""action"": ""search"", ""query"": {}}",10809
1k161,影视,161,第5轮,户外的那种,vod_search,"{""action"": ""search"", ""query"": {}}",10810
1k162,影视,162,第1轮,来一部体育题材电影,vod_search,"{""action"": ""search"", ""query"": {""and"": [{""field"": ""category"", ""value"": ""电影""}, {""field"": ""tag"", ""value"": ""体育""}]}}",10811
1k162,影视,162,第2轮,励志的,vod_search,"{""action"": ""search"", ""query"": {""and"": [{""field"": ""category"", ""value"": ""电影""}, {""field"": ""tag"", ""value"": ""体育""}]}}",10812
1k162,影视,162,第3轮,励志向的,vod_search,"{""action"": ""search"", ""query"": {""and"": [{""field"": ""category"", ""value"": ""电影""}, {""field"": ""tag"", ""value"": ""体育""}]}}",10813
1k162,影视,162,第4轮,励志那种,vod_search,"{""action"": ""search"", ""query"": {}}",10814
1k162,影视,162,第5轮,有高清版吗,vod_search,"{""action"": ""search"", ""query"": {}}",10815
1k163,影视,163,第1轮,有哪些最新的综艺,vod_search,"{""action"": ""search"", ""query"": {""field"": ""category"", ""value"": ""综艺""}}",10816
1k163,影视,163,第2轮,新歌,vod_search,"{""action"": ""search"", ""query"": {""field"": ""category"", ""value"": ""综艺""}}",10817
1k163,影视,163,第3轮,最新的,vod_search,"{""action"": ""search"", ""query"": {""field"": ""category"", ""value"": ""综艺""}, ""sort"": {""new"": {""order"": ""desc""}}}",10818
1k163,影视,163,第4轮,不花钱的有没有,vod_search,"{""action"": ""search"", ""query"": {}}",10819
1k163,影视,163,第5轮,热门一点的,vod_search,"{""action"": ""search"", ""query"": {""field"": ""category"", ""value"": ""综艺""}, ""sort"": {""hot"": {""order"": ""desc""}}}",10820
1k164,影视,164,第1轮,找吴京主演的剧,vod_search,"{""action"": ""search"", ""query"": {""and"": [{""field"": ""category"", ""value"": ""电视剧""}, {""field"": ""actor"", ""value"": ""吴京""}]}}",10821
1k164,影视,164,第2轮,最新的,vod_search,"{""action"": ""search"", ""query"": {""and"": [{""field"": ""category"", ""value"": ""电视剧""}, {""field"": ""actor"", ""value"": ""吴京""}]}, ""sort"": {""new"": {""order"": ""desc""}}}",10822
1k164,影视,164,第3轮,最新那种,vod_search,"{""action"": ""search"", ""query"": {""and"": [{""field"": ""category"", ""value"": ""电视剧""}, {""field"": ""actor"", ""value"": ""吴京""}]}, ""sort"": {""new"": {""order"": ""desc""}}}",10823
1k164,影视,164,第4轮,要评价好点的,vod_search,"{""action"": ""search"", ""query"": {""and"": [{""field"": ""category"", ""value"": ""电视剧""}, {""field"": ""actor"", ""value"": ""吴京""}]}, ""sort"": {""new"": {""order"": ""desc""}}}",10824
1k164,影视,164,第5轮,评分高一点的,vod_search,"{""action"": ""search"", ""query"": {""and"": [{""field"": ""category"", ""value"": ""电视剧""}, {""field"": ""actor"", ""value"": ""吴京""}]}, ""sort"": {""rate"": {""order"": ""desc""}}}",10825
1k165,影视,165,第1轮,灾难片,vod_search,"{""action"": ""search"", ""query"": {""field"": ""tag"", ""value"": ""灾难""}}",10826
1k165,影视,165,第2轮,最近五年上映的,vod_search,"{""action"": ""search"", ""query"": {""and"": [{""field"": ""tag"", ""value"": ""灾难""}, {""field"": ""release_time"", ""from"": ""20230101"", ""to"": ""20261231""}]}}",10827
1k165,影视,165,第3轮,国外的,vod_search_all,"{""action"": ""search"", ""query"": {""and"": [{""field"": ""tag"", ""value"": ""灾难""}, {""field"": ""release_time"", ""from"": ""20230101"", ""to"": ""20261231""}, {""field"": ""area"", ""value"": ""国外""}]}}",10828
1k165,影视,165,第4轮,近五年的,vod_search,"{""action"": ""search"", ""query"": {""and"": [{""field"": ""tag"", ""value"": ""灾难""}, {""field"": ""release_time"", ""from"": ""20230101"", ""to"": ""20261231""}, {""field"": ""area"", ""value"": ""国外""}]}}",10829
1k165,影视,165,第5轮,近五年上映的,vod_search,"{""action"": ""search"", ""query"": {""and"": [{""field"": ""tag"", ""value"": ""灾难""}, {""field"": ""release_time"", ""from"": ""20230101"", ""to"": ""20261231""}, {""field"": ""area"", ""value"": ""国外""}]}}",10830
1k166,影视,166,第1轮,有什么武侠剧,vod_search,"{""action"": ""search"", ""query"": {""field"": ""tag"", ""value"": ""武侠""}}",10831
1k166,影视,166,第2轮,画质清楚点的,vod_search,"{""action"": ""search"", ""query"": {}}",10832
1k166,影视,166,第3轮,打戏好看的,vod_search,"{""action"": ""search"", ""query"": {""field"": ""tag"", ""value"": ""武侠""}}",10833
1k166,影视,166,第4轮,内地拍的,vod_search_all,"{""action"": ""search"", ""query"": {""and"": [{""field"": ""tag"", ""value"": ""武侠""}, {""field"": ""area"", ""value"": ""内地""}]}}",10834
1k166,影视,166,第5轮,动作场面好的,vod_search,"{""action"": ""search"", ""query"": {}}",10835
1k167,影视,167,第1轮,有什么年代剧,vod_search,"{""action"": ""search"", ""query"": {""field"": ""tag"", ""value"": ""年代""}}",10836
1k167,影视,167,第2轮,长篇的,vod_search,"{""action"": ""search"", ""query"": {""field"": ""tag"", ""value"": ""年代""}}",10837
1k167,影视,167,第3轮,要演员阵容豪华的,vod_search,"{""action"": ""search"", ""query"": {""field"": ""tag"", ""value"": ""年代""}}",10838
1k167,影视,167,第4轮,年代感强的,vod_search,"{""action"": ""search"", ""query"": {}}",10839
1k167,影视,167,第5轮,大卡司的,vod_search,"{""action"": ""search"", ""query"": {}}",10840
1k168,影视,168,第1轮,想看讲亲情的剧,vod_fuzzy_search,"{""query"": ""想看讲亲情的剧""}",10841
1k168,影视,168,第2轮,家庭剧那种,vod_search,"{""action"": ""search"", ""query"": {""field"": ""tag"", ""value"": ""亲情""}}",10842
1k168,影视,168,第3轮,1080P的,vod_search,"{""action"": ""search"", ""query"": {""field"": ""tag"", ""value"": ""亲情""}}",10843
1k168,影视,168,第4轮,大团圆结局的,fan_knowledge_agent,"{""messages"": [{""role"": ""user"", ""content"": ""大团圆结局的""}], ""riskRespStrategy"": ""all_replace""}",10844
1k168,影视,168,第5轮,结局好的,fan_knowledge_agent,"{""messages"": [{""role"": ""user"", ""content"": ""结局好的""}], ""riskRespStrategy"": ""all_replace""}",10845
1k169,影视,169,第1轮,我想看动画片,vod_search,"{""action"": ""search"", ""query"": {""field"": ""tag"", ""value"": ""动画""}}",10846
1k169,影视,169,第2轮,90分钟左右的,vod_search,"{""action"": ""search"", ""query"": {""field"": ""tag"", ""value"": ""动画""}}",10847
1k169,影视,169,第3轮,适合七八岁的,educ_search,"{""action"": ""search"", ""query"": {""field"": ""tag"", ""value"": ""动画""}}",10848
1k169,影视,169,第4轮,有点教育意义的,vod_search,"{""action"": ""search"", ""query"": {}}",10849
1k169,影视,169,第5轮,涨知识的,vod_search,"{""action"": ""search"", ""query"": {}}",10850
1k170,影视,170,第1轮,来点历史剧,vod_search,"{""action"": ""search"", ""query"": {""field"": ""tag"", ""value"": ""历史""}}",10851
1k170,影视,170,第2轮,口碑好的有吗,vod_search,"{""action"": ""search"", ""query"": {""field"": ""tag"", ""value"": ""历史""}, ""sort"": {""rate"": {""order"": ""desc""}}}",10852
1k170,影视,170,第3轮,不用追更,vod_search,"{""action"": ""search"", ""query"": {""field"": ""tag"", ""value"": ""历史""}, ""sort"": {""rate"": {""order"": ""desc""}}}",10853
1k170,影视,170,第4轮,已完结的有没有,vod_search,"{""action"": ""search"", ""query"": {""and"": [{""field"": ""tag"", ""value"": ""历史""}, {""field"": ""is_over"", ""value"": 1}]}, ""sort"": {""rate"": {""order"": ""desc""}}}",10854
1k170,影视,170,第5轮,国产的有没有,vod_search_all,"{""action"": ""search"", ""query"": {""and"": [{""field"": ""tag"", ""value"": ""历史""}, {""field"": ""is_over"", ""value"": 1}, {""field"": ""area"", ""value"": ""内地""}]}, ""sort"": {""rate"": {""order"": ""desc""}}}",10855
1k171,影视,171,第1轮,真人秀综艺,vod_search,"{""action"": ""search"", ""query"": {""and"": [{""field"": ""category"", ""value"": ""综艺""}, {""field"": ""tag"", ""value"": ""真人秀""}]}}",10856
1k171,影视,171,第2轮,要户外的那种,vod_search,"{""action"": ""search"", ""query"": {""and"": [{""field"": ""category"", ""value"": ""综艺""}, {""field"": ""tag"", ""value"": ""真人秀""}]}}",10857
1k171,影视,171,第3轮,嘉宾阵容强的,vod_search,"{""action"": ""search"", ""query"": {""and"": [{""field"": ""category"", ""value"": ""综艺""}, {""field"": ""tag"", ""value"": ""真人秀""}]}}",10858
1k171,影视,171,第4轮,野外真人秀,vod_search,"{""action"": ""search"", ""query"": {}}",10859
1k171,影视,171,第5轮,明星多的,vod_search,"{""action"": ""search"", ""query"": {}}",10860
1k172,影视,172,第1轮,有哪些律政剧,vod_search,"{""action"": ""search"", ""query"": {""field"": ""category"", ""value"": ""电视剧""}}",10861
1k172,影视,172,第2轮,完结了的有吗,vod_search,"{""action"": ""search"", ""query"": {""and"": [{""field"": ""category"", ""value"": ""电视剧""}, {""field"": ""is_over"", ""value"": 1}]}}",10862
1k172,影视,172,第3轮,法庭辩论多的,vod_search,"{""action"": ""search"", ""query"": {""and"": [{""field"": ""category"", ""value"": ""电视剧""}, {""field"": ""is_over"", ""value"": 1}]}}",10863
1k172,影视,172,第4轮,要辩论多的,vod_search,"{""action"": ""search"", ""query"": {}}",10864
1k172,影视,172,第5轮,有中文字幕的吗,vod_search,"{""action"": ""search"", ""query"": {}}",10865
1k173,影视,173,第1轮,我想看灾难片,vod_search,"{""action"": ""search"", ""query"": {""field"": ""tag"", ""value"": ""灾难""}}",10866
1k173,影视,173,第2轮,近五年的有吗,vod_search,"{""action"": ""search"", ""query"": {""and"": [{""field"": ""tag"", ""value"": ""灾难""}, {""field"": ""release_time"", ""from"": ""20230101"", ""to"": ""20261231""}]}}",10867
1k173,影视,173,第3轮,国外的有吗,vod_search_all,"{""action"": ""search"", ""query"": {""and"": [{""field"": ""tag"", ""value"": ""灾难""}, {""field"": ""release_time"", ""from"": ""20230101"", ""to"": ""20261231""}, {""field"": ""area"", ""value"": ""国外""}]}}",10868
1k173,影视,173,第4轮,有国语配音的,vod_search_all,"{""action"": ""search"", ""query"": {""and"": [{""field"": ""tag"", ""value"": ""灾难""}, {""field"": ""release_time"", ""from"": ""20230101"", ""to"": ""20261231""}, {""field"": ""area"", ""value"": ""国外""}, {""field"": ""language"", ""value"": ""国语""}]}}",10869
1k173,影视,173,第5轮,最近五年上映的,vod_search,"{""action"": ""search"", ""query"": {""and"": [{""field"": ""tag"", ""value"": ""灾难""}, {""field"": ""release_time"", ""from"": ""20230101"", ""to"": ""20261231""}, {""field"": ""area"", ""value"": ""国外""}, {""field"": ""language"", ""value"": ""国语""}]}}",10870
1k174,影视,174,第1轮,有哪些年代剧,vod_search,"{""action"": ""search"", ""query"": {""field"": ""tag"", ""value"": ""年代""}}",10871
1k174,影视,174,第2轮,改革开放题材的,vod_search,"{""action"": ""search"", ""query"": {""field"": ""tag"", ""value"": ""年代""}}",10872
1k174,影视,174,第3轮,免费能看的有吗,vod_search,"{""action"": ""search"", ""query"": {""and"": [{""field"": ""tag"", ""value"": ""年代""}, {""field"": ""is_fee"", ""value"": ""0""}]}}",10873
1k174,影视,174,第4轮,集数多的那种,vod_search,"{""action"": ""search"", ""query"": {}}",10874
1k174,影视,174,第5轮,大卡司的,vod_search,"{""action"": ""search"", ""query"": {}}",10875
1k175,影视,175,第1轮,有什么好看的悬疑美剧,vod_search_all,"{""action"": ""search"", ""query"": {""field"": ""tag"", ""value"": ""悬疑""}, ""sort"": {""rate"": {""order"": ""desc""}}}",10876
1k175,影视,175,第2轮,要最新那一季,vod_search,"{""action"": ""search"", ""query"": {""field"": ""tag"", ""value"": ""悬疑""}, ""sort"": {""new"": {""order"": ""desc""}}}",10877
1k175,影视,175,第3轮,最新一季的,vod_search,"{""action"": ""search"", ""query"": {""field"": ""tag"", ""value"": ""悬疑""}, ""sort"": {""new"": {""order"": ""desc""}}}",10878
1k175,影视,175,第4轮,一季破一个案子的,vod_search,"{""action"": ""search"", ""query"": {}}",10879
1k175,影视,175,第5轮,单元案件的,vod_search,"{""action"": ""search"", ""query"": {}}",10880
1k176,影视,176,第1轮,来一部军旅剧,vod_search,"{""action"": ""search"", ""query"": {""field"": ""tag"", ""value"": ""军旅""}}",10881
1k176,影视,176,第2轮,人气高一些的,vod_search,"{""action"": ""search"", ""query"": {""field"": ""tag"", ""value"": ""军旅""}, ""sort"": {""hot"": {""order"": ""desc""}}}",10882
1k176,影视,176,第3轮,根据真实事件改编,vod_search,"{""action"": ""search"", ""query"": {""field"": ""tag"", ""value"": ""军旅""}, ""sort"": {""hot"": {""order"": ""desc""}}}",10883
1k176,影视,176,第4轮,现代背景的,vod_search,"{""action"": ""search"", ""query"": {}}",10884
1k176,影视,176,第5轮,真实事件改编的,vod_search,"{""action"": ""search"", ""query"": {}}",10885
1k177,影视,177,第1轮,有哪些破案剧,vod_search,"{""action"": ""search"", ""query"": {""field"": ""tag"", ""value"": ""破案""}}",10886
1k177,影视,177,第2轮,真实事件改编的,vod_search,"{""action"": ""search"", ""query"": {""field"": ""tag"", ""value"": ""破案""}}",10887
1k177,影视,177,第3轮,国内的有没有,vod_search_all,"{""action"": ""search"", ""query"": {""and"": [{""field"": ""tag"", ""value"": ""破案""}, {""field"": ""area"", ""value"": ""国内""}]}}",10888
1k177,影视,177,第4轮,都市题材的,vod_search,"{""action"": ""search"", ""query"": {}}",10889
1k177,影视,177,第5轮,都市那种,vod_search,"{""action"": ""search"", ""query"": {}}",10890
1k178,影视,178,第1轮,最近想看动画片,vod_search,"{""action"": ""search"", ""query"": {""field"": ""tag"", ""value"": ""动画""}}",10891
1k178,影视,178,第2轮,一个半小时左右的,vod_search,"{""action"": ""search"", ""query"": {""field"": ""tag"", ""value"": ""动画""}}",10892
1k178,影视,178,第3轮,不花钱的有吗,vod_search,"{""action"": ""search"", ""query"": {""field"": ""tag"", ""value"": ""动画""}}",10893
1k178,影视,178,第4轮,小学生能看的,vod_search,"{""action"": ""search"", ""query"": {}}",10894
1k178,影视,178,第5轮,适合小学生看的,vod_search,"{""action"": ""search"", ""query"": {}}",10895
1k179,影视,179,第1轮,推荐些经典老电影,vod_fuzzy_search,"{""query"": ""推荐些经典老电影""}",10896
1k179,影视,179,第2轮,黑白的那种,vod_search,"{""action"": ""search"", ""query"": {""field"": ""category"", ""value"": ""电影""}}",10897
1k179,影视,179,第3轮,老黑白片,vod_search,"{""action"": ""search"", ""query"": {""field"": ""category"", ""value"": ""电影""}}",10898
1k179,影视,179,第4轮,黑白老电影,vod_search,"{""action"": ""search"", ""query"": {}}",10899
1k179,影视,179,第5轮,黑白的,vod_search,"{""action"": ""search"", ""query"": {}}",10900
1k180,影视,180,第1轮,来点恋爱剧,vod_search,"{""action"": ""search"", ""query"": {""field"": ""tag"", ""value"": ""恋爱""}}",10901
1k180,影视,180,第2轮,不要钱的,vod_search,"{""action"": ""search"", ""query"": {""field"": ""tag"", ""value"": ""恋爱""}}",10902
1k180,影视,180,第3轮,蓝光版的,vod_search,"{""action"": ""search"", ""query"": {""field"": ""tag"", ""value"": ""恋爱""}}",10903
1k180,影视,180,第4轮,女主好看的,vod_search,"{""action"": ""search"", ""query"": {}}",10904
1k180,影视,180,第5轮,高甜不虐的,vod_search,"{""action"": ""search"", ""query"": {}}",10905
1k181,影视,181,第1轮,来一部灾难片,vod_search,"{""action"": ""search"", ""query"": {""field"": ""tag"", ""value"": ""灾难""}}",10906
1k181,影视,181,第2轮,近五年的有吗,vod_search,"{""action"": ""search"", ""query"": {""and"": [{""field"": ""tag"", ""value"": ""灾难""}, {""field"": ""release_time"", ""from"": ""20230101"", ""to"": ""20261231""}]}}",10907
1k181,影视,181,第3轮,要评分高的,vod_search,"{""action"": ""search"", ""query"": {""and"": [{""field"": ""tag"", ""value"": ""灾难""}, {""field"": ""release_time"", ""from"": ""20230101"", ""to"": ""20261231""}]}, ""sort"": {""rate"": {""order"": ""desc""}}}",10908
1k181,影视,181,第4轮,国外的有吗,vod_search_all,"{""action"": ""search"", ""query"": {""and"": [{""field"": ""tag"", ""value"": ""灾难""}, {""field"": ""release_time"", ""from"": ""20230101"", ""to"": ""20261231""}, {""field"": ""area"", ""value"": ""国外""}]}, ""sort"": {""rate"": {""order"": ""desc""}}}",10909
1k181,影视,181,第5轮,海外的,vod_search_all,"{""action"": ""search"", ""query"": {}}",10910
1k182,影视,182,第1轮,讲亲情的剧有哪些,vod_fuzzy_search,"{""query"": ""讲亲情的剧有哪些""}",10911
1k182,影视,182,第2轮,1080P的,vod_search,"{""action"": ""search"", ""query"": {""field"": ""tag"", ""value"": ""亲情""}}",10912
1k182,影视,182,第3轮,国产的,vod_search_all,"{""action"": ""search"", ""query"": {""and"": [{""field"": ""tag"", ""value"": ""亲情""}, {""field"": ""area"", ""value"": ""内地""}]}}",10913
1k182,影视,182,第4轮,家庭题材的,vod_search,"{""action"": ""search"", ""query"": {}}",10914
1k182,影视,182,第5轮,HE结局的,fan_knowledge_agent,"{""messages"": [{""role"": ""user"", ""content"": ""HE结局的""}], ""riskRespStrategy"": ""all_replace""}",10915
1k183,影视,183,第1轮,最近想看真人秀综艺,vod_search,"{""action"": ""search"", ""query"": {""and"": [{""field"": ""category"", ""value"": ""综艺""}, {""field"": ""tag"", ""value"": ""真人秀""}]}}",10916
1k183,影视,183,第2轮,野外真人秀,vod_search,"{""action"": ""search"", ""query"": {""and"": [{""field"": ""category"", ""value"": ""综艺""}, {""field"": ""tag"", ""value"": ""真人秀""}]}}",10917
1k183,影视,183,第3轮,要户外挑战类的,vod_search,"{""action"": ""search"", ""query"": {""and"": [{""field"": ""category"", ""value"": ""综艺""}, {""field"": ""tag"", ""value"": ""真人秀""}]}}",10918
1k183,影视,183,第4轮,户外的那种,vod_search,"{""action"": ""search"", ""query"": {}}",10919
1k183,影视,183,第5轮,周六更新的,vod_search,"{""action"": ""search"", ""query"": {""and"": [{""field"": ""category"", ""value"": ""综艺""}, {""field"": ""tag"", ""value"": ""真人秀""}, {""field"": ""is_over"", ""value"": 1}]}}",10920
1k184,影视,184,第1轮,推荐几部谍战剧,vod_search,"{""action"": ""search"", ""query"": {""field"": ""tag"", ""value"": ""谍战""}}",10921
1k184,影视,184,第2轮,近几年拍的,vod_search,"{""action"": ""search"", ""query"": {""field"": ""tag"", ""value"": ""谍战""}}",10922
1k184,影视,184,第3轮,完结了的有吗,vod_search,"{""action"": ""search"", ""query"": {""and"": [{""field"": ""tag"", ""value"": ""谍战""}, {""field"": ""is_over"", ""value"": 1}]}}",10923
1k184,影视,184,第4轮,不花钱能看吗,vod_search,"{""action"": ""search"", ""query"": {}}",10924
1k184,影视,184,第5轮,近三年的有吗,vod_search,"{""action"": ""search"", ""query"": {""and"": [{""field"": ""tag"", ""value"": ""谍战""}, {""field"": ""is_over"", ""value"": 1}, {""field"": ""release_time"", ""from"": ""20230101"", ""to"": ""20261231""}]}}",10925
1k185,影视,185,第1轮,推荐几部讲亲情的剧,vod_fuzzy_search,"{""query"": ""推荐几部讲亲情的剧""}",10926
1k185,影视,185,第2轮,结局好的,fan_knowledge_agent,"{""messages"": [{""role"": ""user"", ""content"": ""结局好的""}], ""riskRespStrategy"": ""all_replace""}",10927
1k185,影视,185,第3轮,1080P的,vod_search,"{""action"": ""search"", ""query"": {""field"": ""tag"", ""value"": ""亲情""}}",10928
1k185,影视,185,第4轮,圆满结局的,fan_knowledge_agent,"{""messages"": [{""role"": ""user"", ""content"": ""圆满结局的""}], ""riskRespStrategy"": ""all_replace""}",10929
1k185,影视,185,第5轮,大团圆结局的,fan_knowledge_agent,"{""messages"": [{""role"": ""user"", ""content"": ""大团圆结局的""}], ""riskRespStrategy"": ""all_replace""}",10930
1k186,影视,186,第1轮,来点破案剧,vod_search,"{""action"": ""search"", ""query"": {""field"": ""tag"", ""value"": ""破案""}}",10931
1k186,影视,186,第2轮,城市背景的,vod_search,"{""action"": ""search"", ""query"": {""field"": ""tag"", ""value"": ""破案""}}",10932
1k186,影视,186,第3轮,评分高一点的,vod_search,"{""action"": ""search"", ""query"": {""field"": ""tag"", ""value"": ""破案""}, ""sort"": {""rate"": {""order"": ""desc""}}}",10933
1k186,影视,186,第4轮,都市题材的,vod_search,"{""action"": ""search"", ""query"": {}}",10934
1k186,影视,186,第5轮,国内的有没有,vod_search_all,"{""action"": ""search"", ""query"": {""and"": [{""field"": ""tag"", ""value"": ""破案""}, {""field"": ""area"", ""value"": ""国内""}]}, ""sort"": {""rate"": {""order"": ""desc""}}}",10935
1k187,影视,187,第1轮,来一部国产动画电影,vod_search,"{""action"": ""search"", ""query"": {""and"": [{""field"": ""category"", ""value"": ""电影""}, {""field"": ""tag"", ""value"": ""动画""}]}}",10936
1k187,影视,187,第2轮,去年出的,vod_search,"{""action"": ""search"", ""query"": {""and"": [{""field"": ""category"", ""value"": ""电影""}, {""field"": ""tag"", ""value"": ""动画""}, {""field"": ""release_time"", ""from"": ""20230101"", ""to"": ""20261231""}]}}",10937
1k187,影视,187,第3轮,作画精良的,vod_search,"{""action"": ""search"", ""query"": {""and"": [{""field"": ""category"", ""value"": ""电影""}, {""field"": ""tag"", ""value"": ""动画""}, {""field"": ""release_time"", ""from"": ""20230101"", ""to"": ""20261231""}]}}",10938
1k187,影视,187,第4轮,要卖座的,vod_search,"{""action"": ""search"", ""query"": {}}",10939
1k187,影视,187,第5轮,神话改编的,vod_search,"{""action"": ""search"", ""query"": {}}",10940
1k188,影视,188,第1轮,有什么好看的真人秀综艺,vod_search,"{""action"": ""search"", ""query"": {""and"": [{""field"": ""category"", ""value"": ""综艺""}, {""field"": ""tag"", ""value"": ""真人秀""}]}}",10941
1k188,影视,188,第2轮,最新一期,vod_search,"{""action"": ""search"", ""query"": {""and"": [{""field"": ""category"", ""value"": ""综艺""}, {""field"": ""tag"", ""value"": ""真人秀""}]}, ""sort"": {""new"": {""order"": ""desc""}}}",10942
1k188,影视,188,第3轮,户外挑战类的,vod_search,"{""action"": ""search"", ""query"": {""and"": [{""field"": ""category"", ""value"": ""综艺""}, {""field"": ""tag"", ""value"": ""真人秀""}]}, ""sort"": {""new"": {""order"": ""desc""}}}",10943
1k188,影视,188,第4轮,野外真人秀,vod_search,"{""action"": ""search"", ""query"": {}}",10944
1k188,影视,188,第5轮,周六那期的那种,vod_search,"{""action"": ""search"", ""query"": {}}",10945
1k189,影视,189,第1轮,来一部治愈系的剧,vod_fuzzy_search,"{""query"": ""来一部治愈系的剧""}",10946
1k189,影视,189,第2轮,画面精美的,vod_search,"{""action"": ""search"", ""query"": {}}",10947
1k189,影视,189,第3轮,日版的,vod_search_all,"{""action"": ""search"", ""query"": {""field"": ""tag"", ""value"": ""治愈""}}",10948
1k189,影视,189,第4轮,日本拍的,vod_search_all,"{""action"": ""search"", ""query"": {""and"": [{""field"": ""tag"", ""value"": ""治愈""}, {""field"": ""area"", ""value"": ""日本""}]}}",10949
1k189,影视,189,第5轮,时长两小时内的,vod_search,"{""action"": ""search"", ""query"": {}}",10950
1k190,影视,190,第1轮,看看讲亲情的剧,vod_fuzzy_search,"{""query"": ""看看讲亲情的剧""}",10951
1k190,影视,190,第2轮,要画质好的,vod_search,"{""action"": ""search"", ""query"": {}}",10952
1k190,影视,190,第3轮,家庭题材的,vod_search,"{""action"": ""search"", ""query"": {""field"": ""tag"", ""value"": ""亲情""}}",10953
1k190,影视,190,第4轮,不要会员的有没有,vod_search,"{""action"": ""search"", ""query"": {}}",10954
1k190,影视,190,第5轮,圆满结局的,fan_knowledge_agent,"{""messages"": [{""role"": ""user"", ""content"": ""圆满结局的""}], ""riskRespStrategy"": ""all_replace""}",10955
1k191,影视,191,第1轮,好看的动画片,vod_search,"{""action"": ""search"", ""query"": {""field"": ""tag"", ""value"": ""动画""}}",10956
1k191,影视,191,第2轮,有点教育意义的,vod_search,"{""action"": ""search"", ""query"": {""field"": ""tag"", ""value"": ""动画""}}",10957
1k191,影视,191,第3轮,寓教于乐的,vod_search,"{""action"": ""search"", ""query"": {""field"": ""tag"", ""value"": ""动画""}}",10958
1k191,影视,191,第4轮,一个半小时以内的,vod_search,"{""action"": ""search"", ""query"": {}}",10959
1k191,影视,191,第5轮,时长90分的,vod_search,"{""action"": ""search"", ""query"": {}}",10960
1k192,影视,192,第1轮,来几部国产动画电影,vod_search,"{""action"": ""search"", ""query"": {""and"": [{""field"": ""category"", ""value"": ""电影""}, {""field"": ""tag"", ""value"": ""动画""}]}}",10961
1k192,影视,192,第2轮,画风好的,vod_search,"{""action"": ""search"", ""query"": {""and"": [{""field"": ""category"", ""value"": ""电影""}, {""field"": ""tag"", ""value"": ""动画""}]}}",10962
1k192,影视,192,第3轮,票房高点的,vod_search,"{""action"": ""search"", ""messages"": [{""role"": ""user"", ""content"": ""票房高点的""}], ""riskRespStrategy"": ""all_replace""}",10963
1k192,影视,192,第4轮,神话故事改编的,vod_search,"{""action"": ""search"", ""query"": {}}",10964
1k192,影视,192,第5轮,去年上的,vod_search,"{""action"": ""search"", ""query"": {""and"": [{""field"": ""category"", ""value"": ""电影""}, {""field"": ""tag"", ""value"": ""动画""}, {""field"": ""release_time"", ""from"": ""20230101"", ""to"": ""20261231""}]}}",10965
1k193,影视,193,第1轮,最近想看经典老电影,vod_fuzzy_search,"{""query"": ""最近想看经典老电影""}",10966
1k193,影视,193,第2轮,评分高一点的,vod_search,"{""action"": ""search"", ""query"": {""field"": ""category"", ""value"": ""电影""}, ""sort"": {""rate"": {""order"": ""desc""}}}",10967
1k193,影视,193,第3轮,老黑白片,vod_search,"{""action"": ""search"", ""query"": {""field"": ""category"", ""value"": ""电影""}, ""sort"": {""rate"": {""order"": ""desc""}}}",10968
1k193,影视,193,第4轮,打分高的,vod_search,"{""action"": ""search"", ""query"": {}}",10969
1k193,影视,193,第5轮,要黑白老电影,vod_search,"{""action"": ""search"", ""query"": {}}",10970
1k194,影视,194,第1轮,有什么好看的恋爱剧,vod_search,"{""action"": ""search"", ""query"": {""field"": ""tag"", ""value"": ""恋爱""}}",10971
1k194,影视,194,第2轮,不花钱的,vod_search,"{""action"": ""search"", ""query"": {""field"": ""tag"", ""value"": ""恋爱""}}",10972
1k194,影视,194,第3轮,免费的有没有的那种,vod_search,"{""action"": ""search"", ""query"": {""and"": [{""field"": ""tag"", ""value"": ""恋爱""}, {""field"": ""is_fee"", ""value"": ""0""}]}}",10973
1k194,影视,194,第4轮,女主漂亮的,vod_search,"{""action"": ""search"", ""query"": {}}",10974
1k194,影视,194,第5轮,高清的,vod_search,"{""action"": ""search"", ""query"": {}}",10975
1k195,影视,195,第1轮,来几部真人秀综艺,vod_search,"{""action"": ""search"", ""query"": {""and"": [{""field"": ""category"", ""value"": ""综艺""}, {""field"": ""tag"", ""value"": ""真人秀""}]}}",10976
1k195,影视,195,第2轮,要野外真人秀,vod_search,"{""action"": ""search"", ""query"": {""and"": [{""field"": ""category"", ""value"": ""综艺""}, {""field"": ""tag"", ""value"": ""真人秀""}]}}",10977
1k195,影视,195,第3轮,明星多的,vod_search,"{""action"": ""search"", ""query"": {""and"": [{""field"": ""category"", ""value"": ""综艺""}, {""field"": ""tag"", ""value"": ""真人秀""}]}}",10978
1k195,影视,195,第4轮,有大牌嘉宾的,vod_search,"{""action"": ""search"", ""query"": {}}",10979
1k195,影视,195,第5轮,周六更新的,vod_search,"{""action"": ""search"", ""query"": {""and"": [{""field"": ""category"", ""value"": ""综艺""}, {""field"": ""tag"", ""value"": ""真人秀""}, {""field"": ""is_over"", ""value"": 1}]}}",10980
1k196,影视,196,第1轮,恐怖片有哪些,vod_search,"{""action"": ""search"", ""query"": {""field"": ""tag"", ""value"": ""恐怖""}}",10981
1k196,影视,196,第2轮,泰国拍的,vod_search_all,"{""action"": ""search"", ""query"": {""and"": [{""field"": ""tag"", ""value"": ""恐怖""}, {""field"": ""area"", ""value"": ""泰国""}]}}",10982
1k196,影视,196,第3轮,微恐的,vod_search,"{""action"": ""search"", ""query"": {""and"": [{""field"": ""tag"", ""value"": ""恐怖""}, {""field"": ""area"", ""value"": ""泰国""}]}}",10983
1k196,影视,196,第4轮,别太吓人的,vod_search,"{""action"": ""search"", ""query"": {}}",10984
1k196,影视,196,第5轮,惊悚悬疑类,vod_search,"{""action"": ""search"", ""query"": {}}",10985
1k197,影视,197,第1轮,找点治愈系的剧,vod_fuzzy_search,"{""query"": ""找点治愈系的剧""}",10986
1k197,影视,197,第2轮,画面好看点的,vod_search,"{""action"": ""search"", ""query"": {}}",10987
1k197,影视,197,第3轮,打分高一点的,vod_search,"{""action"": ""search"", ""query"": {""field"": ""tag"", ""value"": ""治愈""}}",10988
1k197,影视,197,第4轮,片长两小时内的,vod_fuzzy_search,"{""query"": ""片长两小时内的""}",10989
1k197,影视,197,第5轮,画面好的,vod_search,"{""action"": ""search"", ""query"": {}}",10990
1k198,影视,198,第1轮,有啥好看的动画片,vod_search,"{""action"": ""search"", ""query"": {""field"": ""tag"", ""value"": ""动画""}}",10991
1k198,影视,198,第2轮,七八岁小孩看的,educ_search,"{""action"": ""search"", ""query"": {""field"": ""tag"", ""value"": ""动画""}}",10992
1k198,影视,198,第3轮,寓教于乐的,vod_search,"{""action"": ""search"", ""query"": {""field"": ""tag"", ""value"": ""动画""}}",10993
1k198,影视,198,第4轮,适合七八岁的,educ_search,"{""action"": ""search"", ""query"": {}}",10994
1k198,影视,198,第5轮,涨知识的,vod_search,"{""action"": ""search"", ""query"": {}}",10995
1k199,影视,199,第1轮,最近想看动作片,vod_search,"{""action"": ""search"", ""query"": {""field"": ""tag"", ""value"": ""动作""}}",10996
1k199,影视,199,第2轮,要口碑好点的,vod_search,"{""action"": ""search"", ""query"": {""field"": ""tag"", ""value"": ""动作""}, ""sort"": {""rate"": {""order"": ""desc""}}}",10997
1k199,影视,199,第3轮,美国大片,vod_search_all,"{""action"": ""search"", ""query"": {""and"": [{""field"": ""tag"", ""value"": ""动作""}, {""field"": ""area"", ""value"": ""美国""}]}, ""sort"": {""rate"": {""order"": ""desc""}}}",10998
1k199,影视,199,第4轮,要好莱坞那种,vod_search_all,"{""action"": ""search"", ""query"": {}}",10999
1k199,影视,199,第5轮,枪战多的,vod_search,"{""action"": ""search"", ""query"": {}}",11000
1k200,影视,200,第1轮,推荐几部历史剧,vod_search,"{""action"": ""search"", ""query"": {""field"": ""tag"", ""value"": ""历史""}}",11001
1k200,影视,200,第2轮,不用等更新的,vod_search,"{""action"": ""search"", ""query"": {""and"": [{""field"": ""tag"", ""value"": ""历史""}, {""field"": ""is_over"", ""value"": 1}]}}",11002
1k200,影视,200,第3轮,服化道好的,vod_search,"{""action"": ""search"", ""query"": {""and"": [{""field"": ""tag"", ""value"": ""历史""}, {""field"": ""is_over"", ""value"": 1}]}}",11003
1k200,影视,200,第4轮,唐朝背景的,vod_search,"{""action"": ""search"", ""query"": {}}",11004
1k200,影视,200,第5轮,完结的,vod_search,"{""action"": ""search"", ""query"": {""and"": [{""field"": ""tag"", ""value"": ""历史""}, {""field"": ""is_over"", ""value"": 1}]}}",11005
1k201,影视,201,第1轮,有哪些真人秀综艺,vod_search,"{""action"": ""search"", ""query"": {""and"": [{""field"": ""category"", ""value"": ""综艺""}, {""field"": ""tag"", ""value"": ""真人秀""}]}}",11006
1k201,影视,201,第2轮,周六播的,vod_search,"{""action"": ""search"", ""query"": {""and"": [{""field"": ""category"", ""value"": ""综艺""}, {""field"": ""tag"", ""value"": ""真人秀""}]}}",11007
1k201,影视,201,第3轮,要周六更新的,vod_search,"{""action"": ""search"", ""query"": {""and"": [{""field"": ""category"", ""value"": ""综艺""}, {""field"": ""tag"", ""value"": ""真人秀""}, {""field"": ""is_over"", ""value"": 1}]}}",11008
1k201,影视,201,第4轮,最新那季,vod_search,"{""action"": ""search"", ""query"": {""and"": [{""field"": ""category"", ""value"": ""综艺""}, {""field"": ""tag"", ""value"": ""真人秀""}, {""field"": ""is_over"", ""value"": 1}]}, ""sort"": {""new"": {""order"": ""desc""}}}",11009
1k201,影视,201,第5轮,最新季的,vod_search,"{""action"": ""search"", ""query"": {""and"": [{""field"": ""category"", ""value"": ""综艺""}, {""field"": ""tag"", ""value"": ""真人秀""}, {""field"": ""is_over"", ""value"": 1}]}, ""sort"": {""new"": {""order"": ""desc""}}}",11010
1k202,影视,202,第1轮,最近想看破案剧,vod_search,"{""action"": ""search"", ""query"": {""field"": ""tag"", ""value"": ""破案""}}",11011
1k202,影视,202,第2轮,都市背景的,vod_search,"{""action"": ""search"", ""query"": {""field"": ""tag"", ""value"": ""破案""}}",11012
1k202,影视,202,第3轮,真事改编,vod_search,"{""action"": ""search"", ""query"": {""field"": ""tag"", ""value"": ""破案""}}",11013
1k202,影视,202,第4轮,都市题材的,vod_search,"{""action"": ""search"", ""query"": {}}",11014
1k202,影视,202,第5轮,都市那种,vod_search,"{""action"": ""search"", ""query"": {}}",11015
1k203,影视,203,第1轮,有哪些体育题材电影,vod_search,"{""action"": ""search"", ""query"": {""and"": [{""field"": ""category"", ""value"": ""电影""}, {""field"": ""tag"", ""value"": ""体育""}]}}",11016
1k203,影视,203,第2轮,要励志的,vod_search,"{""action"": ""search"", ""query"": {""and"": [{""field"": ""category"", ""value"": ""电影""}, {""field"": ""tag"", ""value"": ""体育""}]}}",11017
1k203,影视,203,第3轮,不要钱的有没有,vod_search,"{""action"": ""search"", ""query"": {""and"": [{""field"": ""category"", ""value"": ""电影""}, {""field"": ""tag"", ""value"": ""体育""}]}}",11018
1k203,影视,203,第4轮,燃一点的,vod_search,"{""action"": ""search"", ""query"": {}}",11019
1k203,影视,203,第5轮,真事改编的,vod_search,"{""action"": ""search"", ""query"": {}}",11020
1k204,影视,204,第1轮,推荐几部动画片,vod_search,"{""action"": ""search"", ""query"": {""field"": ""tag"", ""value"": ""动画""}}",11021
1k204,影视,204,第2轮,适合上小学的,vod_search,"{""action"": ""search"", ""query"": {""field"": ""tag"", ""value"": ""动画""}}",11022
1k204,影视,204,第3轮,7到8岁能看的,educ_search,"{""action"": ""search"", ""query"": {""field"": ""tag"", ""value"": ""动画""}}",11023
1k204,影视,204,第4轮,适合七八岁的,educ_search,"{""action"": ""search"", ""query"": {}}",11024
1k204,影视,204,第5轮,适合小学生看的,vod_search,"{""action"": ""search"", ""query"": {}}",11025
1k205,影视,205,第1轮,最近想看恋爱剧,vod_search,"{""action"": ""search"", ""query"": {""field"": ""tag"", ""value"": ""恋爱""}}",11026
1k205,影视,205,第2轮,女主漂亮的,vod_search,"{""action"": ""search"", ""query"": {""field"": ""tag"", ""value"": ""恋爱""}}",11027
1k205,影视,205,第3轮,颜值高的,vod_search,"{""action"": ""search"", ""query"": {""field"": ""tag"", ""value"": ""恋爱""}}",11028
1k205,影视,205,第4轮,不虐的,vod_search,"{""action"": ""search"", ""query"": {}}",11029
1k205,影视,205,第5轮,高清的,vod_search,"{""action"": ""search"", ""query"": {}}",11030
1k206,影视,206,第1轮,放几部找马丽演的电影,vod_search,"{""action"": ""search"", ""query"": {""and"": [{""field"": ""category"", ""value"": ""电影""}, {""field"": ""actor"", ""value"": ""马丽""}]}}",11031
1k206,影视,206,第2轮,最新的有没有,vod_search,"{""action"": ""search"", ""query"": {""and"": [{""field"": ""category"", ""value"": ""电影""}, {""field"": ""actor"", ""value"": ""马丽""}]}, ""sort"": {""new"": {""order"": ""desc""}}}",11032
1k206,影视,206,第3轮,不要会员的吗,vod_search,"{""action"": ""search"", ""query"": {""and"": [{""field"": ""category"", ""value"": ""电影""}, {""field"": ""actor"", ""value"": ""马丽""}]}, ""sort"": {""new"": {""order"": ""desc""}}}",11033
1k206,影视,206,第4轮,口碑好一点的,vod_search,"{""action"": ""search"", ""messages"": [{""role"": ""user"", ""content"": ""口碑好一点的""}], ""riskRespStrategy"": ""all_replace""}",11034
1k206,影视,206,第5轮,不花钱的有没有,vod_search,"{""action"": ""search"", ""query"": {""and"": [{""field"": ""category"", ""value"": ""电影""}, {""field"": ""actor"", ""value"": ""马丽""}]}, ""sort"": {""new"": {""order"": ""desc""}}}",11035
1k207,影视,207,第1轮,有没有好看的治愈系的剧,vod_fuzzy_search,"{""query"": ""有没有好看的治愈系的剧""}",11036
1k207,影视,207,第2轮,两个小时内的,vod_search,"{""action"": ""search"", ""query"": {""field"": ""tag"", ""value"": ""治愈""}}",11037
1k207,影视,207,第3轮,日本拍的,vod_search_all,"{""action"": ""search"", ""query"": {""and"": [{""field"": ""tag"", ""value"": ""治愈""}, {""field"": ""area"", ""value"": ""日本""}]}}",11038
1k207,影视,207,第4轮,画面好的,vod_search,"{""action"": ""search"", ""query"": {}}",11039
1k207,影视,207,第5轮,不花钱能看吗,vod_search,"{""action"": ""search"", ""query"": {}}",11040
1k208,影视,208,第1轮,推荐些动画片,vod_search,"{""action"": ""search"", ""query"": {""field"": ""tag"", ""value"": ""动画""}}",11041
1k208,影视,208,第2轮,有教育意义的,vod_search,"{""action"": ""search"", ""query"": {""field"": ""tag"", ""value"": ""动画""}}",11042
1k208,影视,208,第3轮,一个半小时左右的,vod_search,"{""action"": ""search"", ""query"": {""field"": ""tag"", ""value"": ""动画""}}",11043
1k208,影视,208,第4轮,七八岁小孩看的,educ_search,"{""action"": ""search"", ""query"": {}}",11044
1k208,影视,208,第5轮,要90分钟左右的,vod_search,"{""action"": ""search"", ""query"": {}}",11045
1k209,影视,209,第1轮,有什么律政剧,vod_search,"{""action"": ""search"", ""query"": {""field"": ""category"", ""value"": ""电视剧""}}",11046
1k209,影视,209,第2轮,要庭审戏精彩,vod_search,"{""action"": ""search"", ""query"": {""field"": ""category"", ""value"": ""电视剧""}}",11047
1k209,影视,209,第3轮,美国拍的优先,vod_search_all,"{""action"": ""search"", ""query"": {""and"": [{""field"": ""category"", ""value"": ""电视剧""}, {""field"": ""area"", ""value"": ""美国""}]}}",11048
1k209,影视,209,第4轮,法庭戏多的,vod_search,"{""action"": ""search"", ""query"": {}}",11049
1k209,影视,209,第5轮,法庭辩论多的,vod_search,"{""action"": ""search"", ""query"": {}}",11050
1k210,影视,210,第1轮,武侠剧有哪些,vod_search,"{""action"": ""search"", ""query"": {""field"": ""tag"", ""value"": ""武侠""}}",11051
1k210,影视,210,第2轮,画质好的,vod_search,"{""action"": ""search"", ""query"": {}}",11052
1k210,影视,210,第3轮,内地的有吗,vod_search_all,"{""action"": ""search"", ""query"": {""and"": [{""field"": ""tag"", ""value"": ""武侠""}, {""field"": ""area"", ""value"": ""内地""}]}}",11053
1k210,影视,210,第4轮,内地拍的,vod_search_all,"{""action"": ""search"", ""query"": {""and"": [{""field"": ""tag"", ""value"": ""武侠""}, {""field"": ""area"", ""value"": ""内地""}]}}",11054
1k210,影视,210,第5轮,动作场面好的,vod_search,"{""action"": ""search"", ""query"": {}}",11055
1k211,影视,211,第1轮,推荐些悬疑美剧,vod_search_all,"{""action"": ""search"", ""query"": {""field"": ""tag"", ""value"": ""悬疑""}, ""sort"": {""rate"": {""order"": ""desc""}}}",11056
1k211,影视,211,第2轮,要最新那一季,vod_search,"{""action"": ""search"", ""query"": {""field"": ""tag"", ""value"": ""悬疑""}, ""sort"": {""new"": {""order"": ""desc""}}}",11057
1k211,影视,211,第3轮,最新一季的,vod_search,"{""action"": ""search"", ""query"": {""field"": ""tag"", ""value"": ""悬疑""}, ""sort"": {""new"": {""order"": ""desc""}}}",11058
1k211,影视,211,第4轮,字幕版的有吗,vod_search,"{""action"": ""search"", ""query"": {}}",11059
1k211,影视,211,第5轮,要单元剧形式的,vod_search,"{""action"": ""search"", ""query"": {}}",11060
1k212,影视,212,第1轮,来点恐怖片,vod_search,"{""action"": ""search"", ""query"": {""field"": ""tag"", ""value"": ""恐怖""}}",11061
1k212,影视,212,第2轮,泰国那种,vod_search_all,"{""action"": ""search"", ""query"": {""and"": [{""field"": ""tag"", ""value"": ""恐怖""}, {""field"": ""area"", ""value"": ""泰国""}]}}",11062
1k212,影视,212,第3轮,带悬疑的,vod_search,"{""action"": ""search"", ""query"": {""and"": [{""field"": ""tag"", ""value"": ""恐怖""}, {""field"": ""area"", ""value"": ""泰国""}]}}",11063
1k212,影视,212,第4轮,有国语配音的,vod_search_all,"{""action"": ""search"", ""query"": {""and"": [{""field"": ""tag"", ""value"": ""恐怖""}, {""field"": ""area"", ""value"": ""泰国""}, {""field"": ""language"", ""value"": ""国语""}]}}",11064
1k212,影视,212,第5轮,别太吓人的,vod_search,"{""action"": ""search"", ""query"": {}}",11065
1k213,影视,213,第1轮,推荐些武侠剧,vod_search,"{""action"": ""search"", ""query"": {""field"": ""tag"", ""value"": ""武侠""}}",11066
1k213,影视,213,第2轮,打斗精彩的,vod_search,"{""action"": ""search"", ""query"": {""field"": ""tag"", ""value"": ""武侠""}}",11067
1k213,影视,213,第3轮,咱们自己拍的,vod_search_all,"{""action"": ""search"", ""query"": {""field"": ""tag"", ""value"": ""武侠""}}",11068
1k213,影视,213,第4轮,画质清楚点的,vod_search,"{""action"": ""search"", ""query"": {}}",11069
1k213,影视,213,第5轮,武打戏好的,vod_search,"{""action"": ""search"", ""query"": {}}",11070
1k214,影视,214,第1轮,来几部动作片,vod_search,"{""action"": ""search"", ""query"": {""field"": ""tag"", ""value"": ""动作""}}",11071
1k214,影视,214,第2轮,美国大片,vod_search_all,"{""action"": ""search"", ""query"": {""and"": [{""field"": ""tag"", ""value"": ""动作""}, {""field"": ""area"", ""value"": ""美国""}]}}",11072
1k214,影视,214,第3轮,枪战激烈的,vod_search,"{""action"": ""search"", ""query"": {""and"": [{""field"": ""tag"", ""value"": ""动作""}, {""field"": ""area"", ""value"": ""美国""}]}}",11073
1k214,影视,214,第4轮,美国的,vod_search_all,"{""action"": ""search"", ""query"": {""and"": [{""field"": ""tag"", ""value"": ""动作""}, {""field"": ""area"", ""value"": ""美国""}]}}",11074
1k214,影视,214,第5轮,有高清版吗,vod_search,"{""action"": ""search"", ""query"": {}}",11075
1k215,影视,215,第1轮,好看的武侠剧,vod_search,"{""action"": ""search"", ""query"": {""field"": ""tag"", ""value"": ""武侠""}}",11076
1k215,影视,215,第2轮,咱们自己拍的,vod_search_all,"{""action"": ""search"", ""query"": {""field"": ""tag"", ""value"": ""武侠""}}",11077
1k215,影视,215,第3轮,高清的,vod_search,"{""action"": ""search"", ""query"": {""field"": ""tag"", ""value"": ""武侠""}}",11078
1k215,影视,215,第4轮,动作场面好的,vod_search,"{""action"": ""search"", ""query"": {}}",11079
1k215,影视,215,第5轮,港版的有没有,vod_search_all,"{""action"": ""search"", ""query"": {""and"": [{""field"": ""tag"", ""value"": ""武侠""}, {""field"": ""area"", ""value"": ""内地""}]}}",11080
1k216,影视,216,第1轮,看看动作片,vod_search,"{""action"": ""search"", ""query"": {""field"": ""tag"", ""value"": ""动作""}}",11081
1k216,影视,216,第2轮,好莱坞那种,vod_search_all,"{""action"": ""search"", ""query"": {""field"": ""tag"", ""value"": ""动作""}}",11082
1k216,影视,216,第3轮,枪战多的,vod_search,"{""action"": ""search"", ""query"": {""field"": ""tag"", ""value"": ""动作""}}",11083
1k216,影视,216,第4轮,火力全开的,vod_search,"{""action"": ""search"", ""query"": {}}",11084
1k216,影视,216,第5轮,美国的,vod_search_all,"{""action"": ""search"", ""query"": {""and"": [{""field"": ""tag"", ""value"": ""动作""}, {""field"": ""area"", ""value"": ""美国""}]}}",11085
1k217,影视,217,第1轮,最近想看恐怖片,vod_search,"{""action"": ""search"", ""query"": {""field"": ""tag"", ""value"": ""恐怖""}}",11086
1k217,影视,217,第2轮,国语配音的有吗,vod_search,"{""action"": ""search"", ""query"": {""and"": [{""field"": ""tag"", ""value"": ""恐怖""}, {""field"": ""language"", ""value"": ""国语""}]}}",11087
1k217,影视,217,第3轮,带悬疑的,vod_search,"{""action"": ""search"", ""query"": {""and"": [{""field"": ""tag"", ""value"": ""恐怖""}, {""field"": ""language"", ""value"": ""国语""}]}}",11088
1k217,影视,217,第4轮,别太吓人的,vod_search,"{""action"": ""search"", ""query"": {}}",11089
1k217,影视,217,第5轮,悬疑惊悚的,vod_search,"{""action"": ""search"", ""query"": {}}",11090
1k218,影视,218,第1轮,有什么好看的年代剧,vod_search,"{""action"": ""search"", ""query"": {""field"": ""tag"", ""value"": ""年代""}}",11091
1k218,影视,218,第2轮,集数多点的,vod_search,"{""action"": ""search"", ""query"": {}}",11092
1k218,影视,218,第3轮,大卡司的,vod_search,"{""action"": ""search"", ""query"": {""field"": ""tag"", ""value"": ""年代""}}",11093
1k218,影视,218,第4轮,演员阵容豪华的,vod_search,"{""action"": ""search"", ""query"": {}}",11094
1k218,影视,218,第5轮,要演员阵容强的,vod_search,"{""action"": ""search"", ""query"": {}}",11095
1k219,影视,219,第1轮,放几部治愈系的剧,vod_fuzzy_search,"{""query"": ""放几部治愈系的剧""}",11096
1k219,影视,219,第2轮,画面好的,vod_search,"{""action"": ""search"", ""query"": {}}",11097
1k219,影视,219,第3轮,颜值高的,vod_search,"{""action"": ""search"", ""query"": {""field"": ""tag"", ""value"": ""治愈""}}",11098
1k219,影视,219,第4轮,日本拍的,vod_search_all,"{""action"": ""search"", ""query"": {""and"": [{""field"": ""tag"", ""value"": ""治愈""}, {""field"": ""area"", ""value"": ""日本""}]}}",11099
1k219,影视,219,第5轮,两个小时内的,vod_search,"{""action"": ""search"", ""query"": {}}",11100
1k220,影视,220,第1轮,来一部讲亲情的剧,vod_fuzzy_search,"{""query"": ""来一部讲亲情的剧""}",11101
1k220,影视,220,第2轮,高清版,vod_search,"{""action"": ""search"", ""query"": {""field"": ""tag"", ""value"": ""亲情""}}",11102
1k220,影视,220,第3轮,画质好的,vod_search,"{""action"": ""search"", ""query"": {}}",11103
1k220,影视,220,第4轮,不花钱的,vod_search,"{""action"": ""search"", ""query"": {}}",11104
1k220,影视,220,第5轮,国产的,vod_search_all,"{""action"": ""search"", ""query"": {""and"": [{""field"": ""tag"", ""value"": ""亲情""}, {""field"": ""area"", ""value"": ""内地""}]}}",11105
1k221,影视,221,第1轮,有什么好看的经典老电影,vod_fuzzy_search,"{""query"": ""有什么好看的经典老电影""}",11106
1k221,影视,221,第2轮,免费能看吗,vod_search,"{""action"": ""search"", ""query"": {""and"": [{""field"": ""category"", ""value"": ""电影""}, {""field"": ""is_fee"", ""value"": ""0""}]}}",11107
1k221,影视,221,第3轮,要评分高点的,vod_search,"{""action"": ""search"", ""query"": {""and"": [{""field"": ""category"", ""value"": ""电影""}, {""field"": ""is_fee"", ""value"": ""0""}]}, ""sort"": {""rate"": {""order"": ""desc""}}}",11108
1k221,影视,221,第4轮,4K修复版,vod_search,"{""action"": ""search"", ""query"": {}}",11109
1k221,影视,221,第5轮,打分高的,vod_search,"{""action"": ""search"", ""query"": {}}",11110
1k222,影视,222,第1轮,来几部恐怖片,vod_search,"{""action"": ""search"", ""query"": {""field"": ""tag"", ""value"": ""恐怖""}}",11111
1k222,影视,222,第2轮,高分那种,vod_search,"{""action"": ""search"", ""query"": {""field"": ""tag"", ""value"": ""恐怖""}}",11112
1k222,影视,222,第3轮,不太吓人的,vod_search,"{""action"": ""search"", ""query"": {""field"": ""tag"", ""value"": ""恐怖""}}",11113
1k222,影视,222,第4轮,惊悚悬疑类,vod_search,"{""action"": ""search"", ""query"": {}}",11114
1k222,影视,222,第5轮,微恐的,vod_search,"{""action"": ""search"", ""query"": {}}",11115
1k223,影视,223,第1轮,来一部武侠剧,vod_search,"{""action"": ""search"", ""query"": {""field"": ""tag"", ""value"": ""武侠""}}",11116
1k223,影视,223,第2轮,打戏好看的,vod_search,"{""action"": ""search"", ""query"": {""field"": ""tag"", ""value"": ""武侠""}}",11117
1k223,影视,223,第3轮,内地拍的,vod_search_all,"{""action"": ""search"", ""query"": {""and"": [{""field"": ""tag"", ""value"": ""武侠""}, {""field"": ""area"", ""value"": ""内地""}]}}",11118
1k223,影视,223,第4轮,免费能看的,vod_search,"{""action"": ""search"", ""query"": {""and"": [{""field"": ""tag"", ""value"": ""武侠""}, {""field"": ""area"", ""value"": ""内地""}, {""field"": ""is_fee"", ""value"": ""0""}]}}",11119
1k223,影视,223,第5轮,画质清楚的,vod_search,"{""action"": ""search"", ""query"": {}}",11120
1k224,影视,224,第1轮,放恐怖片,vod_search,"{""action"": ""search"", ""query"": {""field"": ""tag"", ""value"": ""恐怖""}}",11121
1k224,影视,224,第2轮,高分有没有,vod_search,"{""action"": ""search"", ""query"": {""field"": ""tag"", ""value"": ""恐怖""}}",11122
1k224,影视,224,第3轮,不太吓人的,vod_search,"{""action"": ""search"", ""query"": {""field"": ""tag"", ""value"": ""恐怖""}}",11123
1k224,影视,224,第4轮,有国语配音的,vod_search_all,"{""action"": ""search"", ""query"": {""and"": [{""field"": ""tag"", ""value"": ""恐怖""}, {""field"": ""language"", ""value"": ""国语""}]}}",11124
1k224,影视,224,第5轮,要微恐的,vod_search,"{""action"": ""search"", ""query"": {}}",11125
1k225,影视,225,第1轮,来点找周迅演的电视剧,vod_search,"{""action"": ""search"", ""query"": {""and"": [{""field"": ""category"", ""value"": ""电视剧""}, {""field"": ""actor"", ""value"": ""周迅""}]}}",11126
1k225,影视,225,第2轮,最新的,vod_search,"{""action"": ""search"", ""query"": {""and"": [{""field"": ""category"", ""value"": ""电视剧""}, {""field"": ""actor"", ""value"": ""周迅""}]}, ""sort"": {""new"": {""order"": ""desc""}}}",11127
1k225,影视,225,第3轮,评分高一些的,vod_search,"{""action"": ""search"", ""query"": {""and"": [{""field"": ""category"", ""value"": ""电视剧""}, {""field"": ""actor"", ""value"": ""周迅""}]}, ""sort"": {""rate"": {""order"": ""desc""}}}",11128
1k225,影视,225,第4轮,不花钱的,vod_search,"{""action"": ""search"", ""query"": {""and"": [{""field"": ""category"", ""value"": ""电视剧""}, {""field"": ""actor"", ""value"": ""周迅""}]}, ""sort"": {""rate"": {""order"": ""desc""}}}",11129
1k225,影视,225,第5轮,不花钱的吗,vod_search,"{""action"": ""search"", ""query"": {""and"": [{""field"": ""category"", ""value"": ""电视剧""}, {""field"": ""actor"", ""value"": ""周迅""}]}, ""sort"": {""rate"": {""order"": ""desc""}}}",11130
1k226,影视,226,第1轮,有什么好看的破案剧,vod_search,"{""action"": ""search"", ""query"": {""field"": ""tag"", ""value"": ""破案""}}",11131
1k226,影视,226,第2轮,真实案件改编的,vod_search,"{""action"": ""search"", ""query"": {""field"": ""tag"", ""value"": ""破案""}}",11132
1k226,影视,226,第3轮,真事改编,vod_search,"{""action"": ""search"", ""query"": {""field"": ""tag"", ""value"": ""破案""}}",11133
1k226,影视,226,第4轮,国内的有没有,vod_search_all,"{""action"": ""search"", ""query"": {""and"": [{""field"": ""tag"", ""value"": ""破案""}, {""field"": ""area"", ""value"": ""国内""}]}}",11134
1k226,影视,226,第5轮,要真实事件改编的,vod_search,"{""action"": ""search"", ""query"": {}}",11135
1k227,影视,227,第1轮,有什么恐怖片,vod_search,"{""action"": ""search"", ""query"": {""field"": ""tag"", ""value"": ""恐怖""}}",11136
1k227,影视,227,第2轮,东南亚的,vod_search_all,"{""action"": ""search"", ""query"": {""field"": ""tag"", ""value"": ""恐怖""}}",11137
1k227,影视,227,第3轮,泰国拍的,vod_search_all,"{""action"": ""search"", ""query"": {""and"": [{""field"": ""tag"", ""value"": ""恐怖""}, {""field"": ""area"", ""value"": ""泰国""}]}}",11138
1k227,影视,227,第4轮,悬疑惊悚那种,vod_search,"{""action"": ""search"", ""query"": {}}",11139
1k227,影视,227,第5轮,东南亚那种,vod_search_all,"{""action"": ""search"", ""query"": {}}",11140
1k228,影视,228,第1轮,看看年代剧,vod_search,"{""action"": ""search"", ""query"": {""field"": ""tag"", ""value"": ""年代""}}",11141
1k228,影视,228,第2轮,改革开放题材的,vod_search,"{""action"": ""search"", ""query"": {""field"": ""tag"", ""value"": ""年代""}}",11142
1k228,影视,228,第3轮,年代感强的,vod_search,"{""action"": ""search"", ""query"": {""field"": ""tag"", ""value"": ""年代""}}",11143
1k228,影视,228,第4轮,要大卡司的,vod_search,"{""action"": ""search"", ""query"": {}}",11144
1k228,影视,228,第5轮,收视率高点的,vod_search,"{""action"": ""search"", ""query"": {}}",11145
1k229,影视,229,第1轮,有什么治愈系的剧,vod_fuzzy_search,"{""query"": ""有什么治愈系的剧""}",11146
1k229,影视,229,第2轮,日本拍的,vod_search_all,"{""action"": ""search"", ""query"": {""and"": [{""field"": ""tag"", ""value"": ""治愈""}, {""field"": ""area"", ""value"": ""日本""}]}}",11147
1k229,影视,229,第3轮,要画面精美的,vod_search,"{""action"": ""search"", ""query"": {}}",11148
1k229,影视,229,第4轮,片长两小时内的,vod_fuzzy_search,"{""query"": ""片长两小时内的""}",11149
1k229,影视,229,第5轮,画面好看点的,vod_search,"{""action"": ""search"", ""query"": {}}",11150
1k230,影视,230,第1轮,有没有好看的恋爱剧,vod_search,"{""action"": ""search"", ""query"": {""field"": ""tag"", ""value"": ""恋爱""}}",11151
1k230,影视,230,第2轮,甜甜的恋爱那种,vod_search,"{""action"": ""search"", ""query"": {""field"": ""tag"", ""value"": ""恋爱""}}",11152
1k230,影视,230,第3轮,要1080P的,vod_search,"{""action"": ""search"", ""query"": {""field"": ""tag"", ""value"": ""恋爱""}}",11153
1k230,影视,230,第4轮,高清版的,vod_search,"{""action"": ""search"", ""query"": {}}",11154
1k230,影视,230,第5轮,要高甜不虐的,vod_search,"{""action"": ""search"", ""query"": {}}",11155
1k231,影视,231,第1轮,好看的年代剧,vod_search,"{""action"": ""search"", ""query"": {""field"": ""tag"", ""value"": ""年代""}}",11156
1k231,影视,231,第2轮,演员阵容豪华的,vod_search,"{""action"": ""search"", ""query"": {""field"": ""tag"", ""value"": ""年代""}}",11157
1k231,影视,231,第3轮,卡司强的,vod_search,"{""action"": ""search"", ""query"": {""field"": ""tag"", ""value"": ""年代""}}",11158
1k231,影视,231,第4轮,改革开放题材的,vod_search,"{""action"": ""search"", ""query"": {}}",11159
1k231,影视,231,第5轮,演员阵容强的,vod_search,"{""action"": ""search"", ""query"": {}}",11160
1k232,影视,232,第1轮,最近想看治愈系的剧,vod_fuzzy_search,"{""query"": ""最近想看治愈系的剧""}",11161
1k232,影视,232,第2轮,两个小时内的,vod_search,"{""action"": ""search"", ""query"": {""field"": ""tag"", ""value"": ""治愈""}}",11162
1k232,影视,232,第3轮,日本的,vod_search_all,"{""action"": ""search"", ""query"": {""and"": [{""field"": ""tag"", ""value"": ""治愈""}, {""field"": ""area"", ""value"": ""日本""}]}}",11163
1k232,影视,232,第4轮,画面好看点的,vod_search,"{""action"": ""search"", ""query"": {}}",11164
1k232,影视,232,第5轮,不花钱能看吗,vod_search,"{""action"": ""search"", ""query"": {}}",11165
1k233,影视,233,第1轮,推荐几部悬疑美剧,vod_search_all,"{""action"": ""search"", ""query"": {""field"": ""tag"", ""value"": ""悬疑""}, ""sort"": {""rate"": {""order"": ""desc""}}}",11166
1k233,影视,233,第2轮,有中文字幕版,vod_search,"{""action"": ""search"", ""query"": {}}",11167
1k233,影视,233,第3轮,字幕版的有吗,vod_search,"{""action"": ""search"", ""query"": {}}",11168
1k233,影视,233,第4轮,单元剧形式的,vod_search,"{""action"": ""search"", ""query"": {}}",11169
1k233,影视,233,第5轮,最新那部,vod_search,"{""action"": ""search"", ""query"": {""field"": ""tag"", ""value"": ""悬疑""}, ""sort"": {""new"": {""order"": ""desc""}}}",11170
1k234,影视,234,第1轮,有什么好看的讲亲情的剧,vod_fuzzy_search,"{""query"": ""有什么好看的讲亲情的剧""}",11171
1k234,影视,234,第2轮,国产的,vod_search_all,"{""action"": ""search"", ""query"": {""and"": [{""field"": ""tag"", ""value"": ""亲情""}, {""field"": ""area"", ""value"": ""内地""}]}}",11172
1k234,影视,234,第3轮,家庭题材的,vod_search,"{""action"": ""search"", ""query"": {""and"": [{""field"": ""tag"", ""value"": ""亲情""}, {""field"": ""area"", ""value"": ""内地""}]}}",11173
1k234,影视,234,第4轮,讲家庭的,vod_search,"{""action"": ""search"", ""query"": {}}",11174
1k234,影视,234,第5轮,高清版,vod_search,"{""action"": ""search"", ""query"": {}}",11175
1k235,影视,235,第1轮,军旅剧,vod_search,"{""action"": ""search"", ""query"": {""field"": ""tag"", ""value"": ""军旅""}}",11176
1k235,影视,235,第2轮,现代背景的,vod_search,"{""action"": ""search"", ""query"": {""field"": ""tag"", ""value"": ""军旅""}}",11177
1k235,影视,235,第3轮,现代题材的,vod_search,"{""action"": ""search"", ""query"": {""field"": ""tag"", ""value"": ""军旅""}}",11178
1k235,影视,235,第4轮,真事改编的,vod_search,"{""action"": ""search"", ""query"": {}}",11179
1k235,影视,235,第5轮,现代戏,vod_search,"{""action"": ""search"", ""query"": {}}",11180
1k236,影视,236,第1轮,有什么好看的灾难片,vod_search,"{""action"": ""search"", ""query"": {""field"": ""tag"", ""value"": ""灾难""}}",11181
1k236,影视,236,第2轮,近五年的有吗,vod_search,"{""action"": ""search"", ""query"": {""and"": [{""field"": ""tag"", ""value"": ""灾难""}, {""field"": ""release_time"", ""from"": ""20230101"", ""to"": ""20261231""}]}}",11182
1k236,影视,236,第3轮,近五年的,vod_search,"{""action"": ""search"", ""query"": {""and"": [{""field"": ""tag"", ""value"": ""灾难""}, {""field"": ""release_time"", ""from"": ""20230101"", ""to"": ""20261231""}]}}",11183
1k236,影视,236,第4轮,外国拍的,vod_search_all,"{""action"": ""search"", ""query"": {}}",11184
1k236,影视,236,第5轮,口碑好一点的,vod_search,"{""action"": ""search"", ""query"": {""and"": [{""field"": ""tag"", ""value"": ""灾难""}, {""field"": ""release_time"", ""from"": ""20230101"", ""to"": ""20261231""}]}, ""sort"": {""rate"": {""order"": ""desc""}}}",11185
1k237,影视,237,第1轮,有啥好看的动作片,vod_search,"{""action"": ""search"", ""query"": {""field"": ""tag"", ""value"": ""动作""}}",11186
1k237,影视,237,第2轮,好莱坞的,vod_search_all,"{""action"": ""search"", ""query"": {""field"": ""tag"", ""value"": ""动作""}}",11187
1k237,影视,237,第3轮,有高清版吗,vod_search,"{""action"": ""search"", ""query"": {""field"": ""tag"", ""value"": ""动作""}}",11188
1k237,影视,237,第4轮,有中文配音的,vod_search,"{""action"": ""search"", ""query"": {""and"": [{""field"": ""tag"", ""value"": ""动作""}, {""field"": ""language"", ""value"": ""英语""}]}}",11189
1k237,影视,237,第5轮,配音版的有吗,vod_search,"{""action"": ""search"", ""query"": {""and"": [{""field"": ""tag"", ""value"": ""动作""}, {""field"": ""language"", ""value"": ""英语""}]}}",11190
1k238,影视,238,第1轮,好看的谍战剧,vod_search,"{""action"": ""search"", ""query"": {""field"": ""tag"", ""value"": ""谍战""}}",11191
1k238,影视,238,第2轮,烧脑一点的,vod_search,"{""action"": ""search"", ""query"": {""field"": ""tag"", ""value"": ""谍战""}}",11192
1k238,影视,238,第3轮,近三年拍的,vod_search,"{""action"": ""search"", ""query"": {""and"": [{""field"": ""tag"", ""value"": ""谍战""}, {""field"": ""release_time"", ""from"": ""20230101"", ""to"": ""20261231""}]}}",11193
1k238,影视,238,第4轮,人气高点的,vod_search,"{""action"": ""search"", ""query"": {""and"": [{""field"": ""tag"", ""value"": ""谍战""}, {""field"": ""release_time"", ""from"": ""20230101"", ""to"": ""20261231""}]}, ""sort"": {""hot"": {""order"": ""desc""}}}",11194
1k238,影视,238,第5轮,有《暗算》那种的吗,vod_fuzzy_search,"{""query"": ""有《暗算》那种的吗""}",11195
1k239,影视,239,第1轮,治愈系的剧,vod_fuzzy_search,"{""query"": ""治愈系的剧""}",11196
1k239,影视,239,第2轮,日版的,vod_search_all,"{""action"": ""search"", ""query"": {""field"": ""tag"", ""value"": ""治愈""}}",11197
1k239,影视,239,第3轮,口碑好一点的,vod_search,"{""action"": ""search"", ""query"": {""field"": ""tag"", ""value"": ""治愈""}, ""sort"": {""rate"": {""order"": ""desc""}}}",11198
1k239,影视,239,第4轮,两小时以内的,vod_search,"{""action"": ""search"", ""query"": {}}",11199
1k239,影视,239,第5轮,片长两小时内的,vod_fuzzy_search,"{""query"": ""片长两小时内的""}",11200
1k240,影视,240,第1轮,看看恋爱剧,vod_search,"{""action"": ""search"", ""query"": {""field"": ""tag"", ""value"": ""恋爱""}}",11201
1k240,影视,240,第2轮,结局圆满的有吗,fan_knowledge_agent,"{""messages"": [{""role"": ""user"", ""content"": ""结局圆满的有吗""}], ""riskRespStrategy"": ""all_replace""}",11202
1k240,影视,240,第3轮,高清版的,vod_search,"{""action"": ""search"", ""query"": {""field"": ""tag"", ""value"": ""恋爱""}}",11203
1k240,影视,240,第4轮,1080P的,vod_search,"{""action"": ""search"", ""query"": {}}",11204
1k240,影视,240,第5轮,女主好看的,vod_search,"{""action"": ""search"", ""query"": {}}",11205
1k241,影视,241,第1轮,放真人秀综艺,vod_search,"{""action"": ""search"", ""query"": {""and"": [{""field"": ""category"", ""value"": ""综艺""}, {""field"": ""tag"", ""value"": ""真人秀""}]}}",11206
1k241,影视,241,第2轮,野外真人秀,vod_search,"{""action"": ""search"", ""query"": {""and"": [{""field"": ""category"", ""value"": ""综艺""}, {""field"": ""tag"", ""value"": ""真人秀""}]}}",11207
1k241,影视,241,第3轮,最新一期,vod_search,"{""action"": ""search"", ""query"": {""and"": [{""field"": ""category"", ""value"": ""综艺""}, {""field"": ""tag"", ""value"": ""真人秀""}]}, ""sort"": {""new"": {""order"": ""desc""}}}",11208
1k241,影视,241,第4轮,每周六更的,vod_search,"{""action"": ""search"", ""query"": {}}",11209
1k241,影视,241,第5轮,要户外挑战类的,vod_search,"{""action"": ""search"", ""query"": {}}",11210
1k242,影视,242,第1轮,找点恐怖片,vod_search,"{""action"": ""search"", ""query"": {""field"": ""tag"", ""value"": ""恐怖""}}",11211
1k242,影视,242,第2轮,不太吓人的,vod_search,"{""action"": ""search"", ""query"": {""field"": ""tag"", ""value"": ""恐怖""}}",11212
1k242,影视,242,第3轮,有国语版的,vod_search,"{""action"": ""search"", ""query"": {""field"": ""tag"", ""value"": ""恐怖""}}",11213
1k242,影视,242,第4轮,微恐的,vod_search,"{""action"": ""search"", ""query"": {}}",11214
1k242,影视,242,第5轮,东南亚的,vod_search_all,"{""action"": ""search"", ""query"": {}}",11215
1k243,影视,243,第1轮,想看谍战剧,vod_search,"{""action"": ""search"", ""query"": {""field"": ""tag"", ""value"": ""谍战""}}",11216
1k243,影视,243,第2轮,有《黎明之前》那种的吗,vod_search_all,"{""action"": ""search"", ""query"": {""field"": ""tag"", ""value"": ""谍战""}}",11217
1k243,影视,243,第3轮,近几年拍的,vod_search,"{""action"": ""search"", ""query"": {""field"": ""tag"", ""value"": ""谍战""}}",11218
1k243,影视,243,第4轮,免费版有吗,vod_search,"{""action"": ""search"", ""query"": {""and"": [{""field"": ""tag"", ""value"": ""谍战""}, {""field"": ""is_fee"", ""value"": ""0""}]}}",11219
1k243,影视,243,第5轮,能免费看的,vod_search,"{""action"": ""search"", ""query"": {""and"": [{""field"": ""tag"", ""value"": ""谍战""}, {""field"": ""is_fee"", ""value"": ""0""}]}}",11220
1k244,影视,244,第1轮,最近想看讲亲情的剧,vod_fuzzy_search,"{""query"": ""最近想看讲亲情的剧""}",11221
1k244,影视,244,第2轮,画质好的,vod_search,"{""action"": ""search"", ""query"": {}}",11222
1k244,影视,244,第3轮,要1080P的,vod_search,"{""action"": ""search"", ""query"": {""field"": ""tag"", ""value"": ""亲情""}}",11223
1k244,影视,244,第4轮,国产的,vod_search_all,"{""action"": ""search"", ""query"": {""and"": [{""field"": ""tag"", ""value"": ""亲情""}, {""field"": ""area"", ""value"": ""内地""}]}}",11224
1k244,影视,244,第5轮,家庭题材的,vod_search,"{""action"": ""search"", ""query"": {}}",11225
1k245,影视,245,第1轮,放几部动画片,vod_search,"{""action"": ""search"", ""query"": {""field"": ""tag"", ""value"": ""动画""}}",11226
1k245,影视,245,第2轮,7到8岁能看的,educ_search,"{""action"": ""search"", ""query"": {""field"": ""tag"", ""value"": ""动画""}}",11227
1k245,影视,245,第3轮,七八岁能看的,educ_search,"{""action"": ""search"", ""query"": {""field"": ""tag"", ""value"": ""动画""}}",11228
1k245,影视,245,第4轮,适合小学生看的,vod_search,"{""action"": ""search"", ""query"": {}}",11229
1k245,影视,245,第5轮,涨知识的,vod_search,"{""action"": ""search"", ""query"": {}}",11230
1k246,影视,246,第1轮,想看灾难片,vod_search,"{""action"": ""search"", ""query"": {""field"": ""tag"", ""value"": ""灾难""}}",11231
1k246,影视,246,第2轮,近五年的,vod_search,"{""action"": ""search"", ""query"": {""and"": [{""field"": ""tag"", ""value"": ""灾难""}, {""field"": ""release_time"", ""from"": ""20230101"", ""to"": ""20261231""}]}}",11232
1k246,影视,246,第3轮,海外的,vod_search_all,"{""action"": ""search"", ""query"": {""and"": [{""field"": ""tag"", ""value"": ""灾难""}, {""field"": ""release_time"", ""from"": ""20230101"", ""to"": ""20261231""}]}}",11233
1k246,影视,246,第4轮,近五年上映的,vod_search,"{""action"": ""search"", ""query"": {""and"": [{""field"": ""tag"", ""value"": ""灾难""}, {""field"": ""release_time"", ""from"": ""20230101"", ""to"": ""20261231""}]}}",11234
1k246,影视,246,第5轮,国语配音的有吗,vod_search,"{""action"": ""search"", ""query"": {""and"": [{""field"": ""tag"", ""value"": ""灾难""}, {""field"": ""release_time"", ""from"": ""20230101"", ""to"": ""20261231""}, {""field"": ""language"", ""value"": ""国语""}]}}",11235
1k247,影视,247,第1轮,有啥好看的年代剧,vod_search,"{""action"": ""search"", ""query"": {""field"": ""tag"", ""value"": ""年代""}}",11236
1k247,影视,247,第2轮,长篇的,vod_search,"{""action"": ""search"", ""query"": {""field"": ""tag"", ""value"": ""年代""}}",11237
1k247,影视,247,第3轮,演员阵容强的,vod_search,"{""action"": ""search"", ""query"": {""field"": ""tag"", ""value"": ""年代""}}",11238
1k247,影视,247,第4轮,集数多点的,vod_search,"{""action"": ""search"", ""query"": {}}",11239
1k247,影视,247,第5轮,免费能看的有吗,vod_search,"{""action"": ""search"", ""query"": {""and"": [{""field"": ""tag"", ""value"": ""年代""}, {""field"": ""is_fee"", ""value"": ""0""}]}}",11240
1k248,影视,248,第1轮,推荐些历史剧,vod_search,"{""action"": ""search"", ""query"": {""field"": ""tag"", ""value"": ""历史""}}",11241
1k248,影视,248,第2轮,口碑好的有吗,vod_search,"{""action"": ""search"", ""query"": {""field"": ""tag"", ""value"": ""历史""}, ""sort"": {""rate"": {""order"": ""desc""}}}",11242
1k248,影视,248,第3轮,已完结的有没有,vod_search,"{""action"": ""search"", ""query"": {""and"": [{""field"": ""tag"", ""value"": ""历史""}, {""field"": ""is_over"", ""value"": 1}]}, ""sort"": {""rate"": {""order"": ""desc""}}}",11243
1k248,影视,248,第4轮,要服化道精致的,vod_search,"{""action"": ""search"", ""query"": {}}",11244
1k248,影视,248,第5轮,服化道好的,vod_search,"{""action"": ""search"", ""query"": {}}",11245
1k249,影视,249,第1轮,有啥好看的律政剧,vod_search,"{""action"": ""search"", ""query"": {""field"": ""category"", ""value"": ""电视剧""}}",11246
1k249,影视,249,第2轮,法庭戏多的,vod_search,"{""action"": ""search"", ""query"": {""field"": ""category"", ""value"": ""电视剧""}}",11247
1k249,影视,249,第3轮,美剧优先,vod_search_all,"{""action"": ""search"", ""query"": {""field"": ""category"", ""value"": ""电视剧""}}",11248
1k249,影视,249,第4轮,法庭辩论多的,vod_search,"{""action"": ""search"", ""query"": {}}",11249
1k249,影视,249,第5轮,辩论多的,vod_search,"{""action"": ""search"", ""query"": {}}",11250
1k250,影视,250,第1轮,有没有好看的医疗剧,vod_search,"{""action"": ""search"", ""query"": {""field"": ""tag"", ""value"": ""医疗""}}",11251
1k250,影视,250,第2轮,打分高的有没有,vod_search,"{""action"": ""search"", ""query"": {""field"": ""tag"", ""value"": ""医疗""}}",11252
1k250,影视,250,第3轮,打分高的有吗,vod_search,"{""action"": ""search"", ""query"": {""field"": ""tag"", ""value"": ""医疗""}}",11253
1k250,影视,250,第4轮,要咱们自己拍的,vod_search_all,"{""action"": ""search"", ""query"": {}}",11254
1k250,影视,250,第5轮,手术场面真实的,vod_search,"{""action"": ""search"", ""query"": {}}",11255
1k251,影视,251,第1轮,看看破案剧,vod_search,"{""action"": ""search"", ""query"": {""field"": ""tag"", ""value"": ""破案""}}",11256
1k251,影视,251,第2轮,国内的有没有,vod_search_all,"{""action"": ""search"", ""query"": {""and"": [{""field"": ""tag"", ""value"": ""破案""}, {""field"": ""area"", ""value"": ""国内""}]}}",11257
1k251,影视,251,第3轮,城市背景的,vod_search,"{""action"": ""search"", ""query"": {""and"": [{""field"": ""tag"", ""value"": ""破案""}, {""field"": ""area"", ""value"": ""国内""}]}}",11258
1k251,影视,251,第4轮,都市题材的,vod_search,"{""action"": ""search"", ""query"": {}}",11259
1k251,影视,251,第5轮,都市那种,vod_search,"{""action"": ""search"", ""query"": {}}",11260
1k252,影视,252,第1轮,来一部经典老电影,vod_fuzzy_search,"{""query"": ""来一部经典老电影""}",11261
1k252,影视,252,第2轮,4K修复版,vod_search,"{""action"": ""search"", ""query"": {""field"": ""category"", ""value"": ""电影""}}",11262
1k252,影视,252,第3轮,老黑白片,vod_search,"{""action"": ""search"", ""query"": {""field"": ""category"", ""value"": ""电影""}}",11263
1k252,影视,252,第4轮,免费能看吗,vod_search,"{""action"": ""search"", ""query"": {""and"": [{""field"": ""category"", ""value"": ""电影""}, {""field"": ""is_fee"", ""value"": ""0""}]}}",11264
1k252,影视,252,第5轮,黑白的那种,vod_search,"{""action"": ""search"", ""query"": {}}",11265
1k253,影视,253,第1轮,想看恐怖片,vod_search,"{""action"": ""search"", ""query"": {""field"": ""tag"", ""value"": ""恐怖""}}",11266
1k253,影视,253,第2轮,国语版的有没有,vod_search,"{""action"": ""search"", ""query"": {""field"": ""tag"", ""value"": ""恐怖""}}",11267
1k253,影视,253,第3轮,悬疑惊悚的,vod_search,"{""action"": ""search"", ""query"": {""field"": ""tag"", ""value"": ""恐怖""}}",11268
1k253,影视,253,第4轮,要别太吓人的,vod_search,"{""action"": ""search"", ""query"": {}}",11269
1k253,影视,253,第5轮,有国语版的,vod_search,"{""action"": ""search"", ""query"": {}}",11270
1k254,影视,254,第1轮,最近想看武侠剧,vod_search,"{""action"": ""search"", ""query"": {""field"": ""tag"", ""value"": ""武侠""}}",11271
1k254,影视,254,第2轮,画质清楚点的,vod_search,"{""action"": ""search"", ""query"": {}}",11272
1k254,影视,254,第3轮,内地的有吗,vod_search_all,"{""action"": ""search"", ""query"": {""and"": [{""field"": ""tag"", ""value"": ""武侠""}, {""field"": ""area"", ""value"": ""内地""}]}}",11273
1k254,影视,254,第4轮,免费能看的,vod_search,"{""action"": ""search"", ""query"": {""and"": [{""field"": ""tag"", ""value"": ""武侠""}, {""field"": ""area"", ""value"": ""内地""}, {""field"": ""is_fee"", ""value"": ""0""}]}}",11274
1k254,影视,254,第5轮,内地拍的,vod_search_all,"{""action"": ""search"", ""query"": {""and"": [{""field"": ""tag"", ""value"": ""武侠""}, {""field"": ""area"", ""value"": ""内地""}, {""field"": ""is_fee"", ""value"": ""0""}]}}",11275
1k255,影视,255,第1轮,来几部动画片,vod_search,"{""action"": ""search"", ""query"": {""field"": ""tag"", ""value"": ""动画""}}",11276
1k255,影视,255,第2轮,时长90分的,vod_search,"{""action"": ""search"", ""query"": {""field"": ""tag"", ""value"": ""动画""}}",11277
1k255,影视,255,第3轮,涨知识的,vod_search,"{""action"": ""search"", ""query"": {""field"": ""tag"", ""value"": ""动画""}}",11278
1k255,影视,255,第4轮,不花钱的有吗,vod_search,"{""action"": ""search"", ""query"": {}}",11279
1k255,影视,255,第5轮,要七八岁小孩看的,educ_search,"{""action"": ""search"", ""query"": {}}",11280
1k256,影视,256,第1轮,放几部律政剧,vod_search,"{""action"": ""search"", ""query"": {""field"": ""category"", ""value"": ""电视剧""}}",11281
1k256,影视,256,第2轮,法庭戏多的,vod_search,"{""action"": ""search"", ""query"": {""field"": ""category"", ""value"": ""电视剧""}}",11282
1k256,影视,256,第3轮,完结了的有吗,vod_search,"{""action"": ""search"", ""query"": {""and"": [{""field"": ""category"", ""value"": ""电视剧""}, {""field"": ""is_over"", ""value"": 1}]}}",11283
1k256,影视,256,第4轮,最好是美剧,vod_search_all,"{""action"": ""search"", ""query"": {}}",11284
1k256,影视,256,第5轮,美国拍的优先,vod_search_all,"{""action"": ""search"", ""query"": {""and"": [{""field"": ""category"", ""value"": ""电视剧""}, {""field"": ""is_over"", ""value"": 1}, {""field"": ""area"", ""value"": ""美国""}]}}",11285
1k257,影视,257,第1轮,来一部悬疑美剧,vod_search_all,"{""action"": ""search"", ""query"": {""field"": ""tag"", ""value"": ""悬疑""}, ""sort"": {""rate"": {""order"": ""desc""}}}",11286
1k257,影视,257,第2轮,有中文字幕的那种,vod_search,"{""action"": ""search"", ""query"": {}}",11287
1k257,影视,257,第3轮,一季破一个案子的,vod_search,"{""action"": ""search"", ""query"": {""field"": ""tag"", ""value"": ""悬疑""}, ""sort"": {""rate"": {""order"": ""desc""}}}",11288
1k257,影视,257,第4轮,最新那部,vod_search,"{""action"": ""search"", ""query"": {""field"": ""tag"", ""value"": ""悬疑""}, ""sort"": {""new"": {""order"": ""desc""}}}",11289
1k257,影视,257,第5轮,最新季的有没有,vod_search,"{""action"": ""search"", ""query"": {""field"": ""tag"", ""value"": ""悬疑""}, ""sort"": {""new"": {""order"": ""desc""}}}",11290
1k258,影视,258,第1轮,有什么好看的律政剧,vod_search,"{""action"": ""search"", ""query"": {""field"": ""category"", ""value"": ""电视剧""}}",11291
1k258,影视,258,第2轮,辩论多的,vod_search,"{""action"": ""search"", ""query"": {""field"": ""category"", ""value"": ""电视剧""}}",11292
1k258,影视,258,第3轮,法庭戏多的,vod_search,"{""action"": ""search"", ""query"": {""field"": ""category"", ""value"": ""电视剧""}}",11293
1k258,影视,258,第4轮,最好是美剧,vod_search_all,"{""action"": ""search"", ""query"": {}}",11294
1k258,影视,258,第5轮,要已完结的,vod_search,"{""action"": ""search"", ""query"": {""and"": [{""field"": ""category"", ""value"": ""电视剧""}, {""field"": ""is_over"", ""value"": 1}]}}",11295
1k259,影视,259,第1轮,放几部年代剧,vod_search,"{""action"": ""search"", ""query"": {""field"": ""tag"", ""value"": ""年代""}}",11296
1k259,影视,259,第2轮,大卡司的,vod_search,"{""action"": ""search"", ""query"": {""field"": ""tag"", ""value"": ""年代""}}",11297
1k259,影视,259,第3轮,集数多点的,vod_search,"{""action"": ""search"", ""query"": {}}",11298
1k259,影视,259,第4轮,免费能看的有吗,vod_search,"{""action"": ""search"", ""query"": {""and"": [{""field"": ""tag"", ""value"": ""年代""}, {""field"": ""is_fee"", ""value"": ""0""}]}}",11299
1k259,影视,259,第5轮,要八九十年代背景的,vod_search,"{""action"": ""search"", ""query"": {}}",11300
1k260,影视,260,第1轮,来一部动画片,vod_search,"{""action"": ""search"", ""query"": {""field"": ""tag"", ""value"": ""动画""}}",11301
1k260,影视,260,第2轮,适合小学生看的,vod_search,"{""action"": ""search"", ""query"": {""field"": ""tag"", ""value"": ""动画""}}",11302
1k260,影视,260,第3轮,一个半小时左右的,vod_search,"{""action"": ""search"", ""query"": {""field"": ""tag"", ""value"": ""动画""}}",11303
1k260,影视,260,第4轮,七八岁能看的,educ_search,"{""action"": ""search"", ""query"": {}}",11304
1k260,影视,260,第5轮,90分钟左右的,vod_search,"{""action"": ""search"", ""query"": {}}",11305
1k261,影视,261,第1轮,推荐些恐怖片,vod_search,"{""action"": ""search"", ""query"": {""field"": ""tag"", ""value"": ""恐怖""}}",11306
1k261,影视,261,第2轮,惊悚悬疑类,vod_search,"{""action"": ""search"", ""query"": {""field"": ""tag"", ""value"": ""恐怖""}}",11307
1k261,影视,261,第3轮,微恐的,vod_search,"{""action"": ""search"", ""query"": {""field"": ""tag"", ""value"": ""恐怖""}}",11308
1k261,影视,261,第4轮,评分高点的有吗,vod_search,"{""action"": ""search"", ""query"": {""field"": ""tag"", ""value"": ""恐怖""}, ""sort"": {""rate"": {""order"": ""desc""}}}",11309
1k261,影视,261,第5轮,泰国拍的,vod_search_all,"{""action"": ""search"", ""query"": {""and"": [{""field"": ""tag"", ""value"": ""恐怖""}, {""field"": ""area"", ""value"": ""泰国""}]}, ""sort"": {""rate"": {""order"": ""desc""}}}",11310
1k262,影视,262,第1轮,找点军旅剧,vod_search,"{""action"": ""search"", ""query"": {""field"": ""tag"", ""value"": ""军旅""}}",11311
1k262,影视,262,第2轮,有免费片源吗,vod_search,"{""action"": ""search"", ""query"": {""and"": [{""field"": ""tag"", ""value"": ""军旅""}, {""field"": ""is_fee"", ""value"": ""0""}]}}",11312
1k262,影视,262,第3轮,现代背景的,vod_search,"{""action"": ""search"", ""query"": {""and"": [{""field"": ""tag"", ""value"": ""军旅""}, {""field"": ""is_fee"", ""value"": ""0""}]}}",11313
1k262,影视,262,第4轮,现代戏,vod_search,"{""action"": ""search"", ""query"": {}}",11314
1k262,影视,262,第5轮,现代题材的,vod_search,"{""action"": ""search"", ""query"": {}}",11315
1k263,影视,263,第1轮,来一部破案剧,vod_search,"{""action"": ""search"", ""query"": {""field"": ""tag"", ""value"": ""破案""}}",11316
1k263,影视,263,第2轮,都市那种,vod_search,"{""action"": ""search"", ""query"": {""field"": ""tag"", ""value"": ""破案""}}",11317
1k263,影视,263,第3轮,真事改编,vod_search,"{""action"": ""search"", ""query"": {""field"": ""tag"", ""value"": ""破案""}}",11318
1k263,影视,263,第4轮,都市题材的,vod_search,"{""action"": ""search"", ""query"": {}}",11319
1k263,影视,263,第5轮,根据真实案件的,vod_search,"{""action"": ""search"", ""query"": {}}",11320
1k264,影视,264,第1轮,武侠剧,vod_search,"{""action"": ""search"", ""query"": {""field"": ""tag"", ""value"": ""武侠""}}",11321
1k264,影视,264,第2轮,打戏好看的,vod_search,"{""action"": ""search"", ""query"": {""field"": ""tag"", ""value"": ""武侠""}}",11322
1k264,影视,264,第3轮,内地的有吗,vod_search_all,"{""action"": ""search"", ""query"": {""and"": [{""field"": ""tag"", ""value"": ""武侠""}, {""field"": ""area"", ""value"": ""内地""}]}}",11323
1k264,影视,264,第4轮,免费能看的,vod_search,"{""action"": ""search"", ""query"": {""and"": [{""field"": ""tag"", ""value"": ""武侠""}, {""field"": ""area"", ""value"": ""内地""}, {""field"": ""is_fee"", ""value"": ""0""}]}}",11324
1k264,影视,264,第5轮,画质清楚点的,vod_search,"{""action"": ""search"", ""query"": {}}",11325
1k265,影视,265,第1轮,有哪些动画片,vod_search,"{""action"": ""search"", ""query"": {""field"": ""tag"", ""value"": ""动画""}}",11326
1k265,影视,265,第2轮,适合小学生看的,vod_search,"{""action"": ""search"", ""query"": {""field"": ""tag"", ""value"": ""动画""}}",11327
1k265,影视,265,第3轮,七八岁能看的,educ_search,"{""action"": ""search"", ""query"": {""field"": ""tag"", ""value"": ""动画""}}",11328
1k265,影视,265,第4轮,适合上小学的,vod_search,"{""action"": ""search"", ""query"": {}}",11329
1k265,影视,265,第5轮,一个半小时左右的,vod_search,"{""action"": ""search"", ""query"": {}}",11330
1k266,影视,266,第1轮,放动画片,vod_search,"{""action"": ""search"", ""query"": {""field"": ""tag"", ""value"": ""动画""}}",11331
1k266,影视,266,第2轮,寓教于乐的,vod_search,"{""action"": ""search"", ""query"": {""field"": ""tag"", ""value"": ""动画""}}",11332
1k266,影视,266,第3轮,一个半小时以内的,vod_search,"{""action"": ""search"", ""query"": {""field"": ""tag"", ""value"": ""动画""}}",11333
1k266,影视,266,第4轮,小学生能看的,vod_search,"{""action"": ""search"", ""query"": {}}",11334
1k266,影视,266,第5轮,90分钟左右的,vod_search,"{""action"": ""search"", ""query"": {}}",11335
1k267,影视,267,第1轮,职场剧有哪些,vod_search,"{""action"": ""search"", ""query"": {""field"": ""tag"", ""value"": ""职场""}}",11336
1k267,影视,267,第2轮,讲金融的那那种,vod_search,"{""action"": ""search"", ""query"": {""field"": ""tag"", ""value"": ""职场""}}",11337
1k267,影视,267,第3轮,集数别太多,vod_search,"{""action"": ""search"", ""query"": {}}",11338
1k267,影视,267,第4轮,短一点的,vod_search,"{""action"": ""search"", ""query"": {}}",11339
1k267,影视,267,第5轮,商战题材的,vod_search,"{""action"": ""search"", ""query"": {}}",11340
1k268,影视,268,第1轮,最近想看悬疑美剧,vod_search_all,"{""action"": ""search"", ""query"": {""field"": ""tag"", ""value"": ""悬疑""}, ""sort"": {""rate"": {""order"": ""desc""}}}",11341
1k268,影视,268,第2轮,最新那部,vod_search,"{""action"": ""search"", ""query"": {""field"": ""tag"", ""value"": ""悬疑""}, ""sort"": {""new"": {""order"": ""desc""}}}",11342
1k268,影视,268,第3轮,单元剧形式的,vod_search,"{""action"": ""search"", ""query"": {""field"": ""tag"", ""value"": ""悬疑""}, ""sort"": {""new"": {""order"": ""desc""}}}",11343
1k268,影视,268,第4轮,字幕版的有吗,vod_search,"{""action"": ""search"", ""query"": {}}",11344
1k268,影视,268,第5轮,有中文字幕版,vod_search,"{""action"": ""search"", ""query"": {}}",11345
1k269,影视,269,第1轮,有什么动画片,vod_search,"{""action"": ""search"", ""query"": {""field"": ""tag"", ""value"": ""动画""}}",11346
1k269,影视,269,第2轮,要时长90分的,vod_search,"{""action"": ""search"", ""query"": {""field"": ""tag"", ""value"": ""动画""}}",11347
1k269,影视,269,第3轮,要适合小学生看的,vod_search,"{""action"": ""search"", ""query"": {""field"": ""tag"", ""value"": ""动画""}}",11348
1k269,影视,269,第4轮,小学生看的那种,vod_search,"{""action"": ""search"", ""query"": {}}",11349
1k269,影视,269,第5轮,7到8岁能看的,educ_search,"{""action"": ""search"", ""query"": {}}",11350
1k270,影视,270,第1轮,推荐几部治愈系的剧,vod_fuzzy_search,"{""query"": ""推荐几部治愈系的剧""}",11351
1k270,影视,270,第2轮,画面好的,vod_search,"{""action"": ""search"", ""query"": {}}",11352
1k270,影视,270,第3轮,画面好看点的,vod_search,"{""action"": ""search"", ""query"": {}}",11353
1k270,影视,270,第4轮,片长两小时内的,vod_fuzzy_search,"{""query"": ""片长两小时内的""}",11354
1k270,影视,270,第5轮,日版的,vod_search_all,"{""action"": ""search"", ""query"": {}}",11355
1k271,影视,271,第1轮,好看的真人秀综艺,vod_search,"{""action"": ""search"", ""query"": {""and"": [{""field"": ""category"", ""value"": ""综艺""}, {""field"": ""tag"", ""value"": ""真人秀""}]}}",11356
1k271,影视,271,第2轮,周六那期,vod_search,"{""action"": ""search"", ""query"": {""and"": [{""field"": ""category"", ""value"": ""综艺""}, {""field"": ""tag"", ""value"": ""真人秀""}]}}",11357
1k271,影视,271,第3轮,明星多的,vod_search,"{""action"": ""search"", ""query"": {""and"": [{""field"": ""category"", ""value"": ""综艺""}, {""field"": ""tag"", ""value"": ""真人秀""}]}}",11358
1k271,影视,271,第4轮,有明星嘉宾的,vod_search,"{""action"": ""search"", ""query"": {}}",11359
1k271,影视,271,第5轮,周六更新的,vod_search,"{""action"": ""search"", ""query"": {""and"": [{""field"": ""category"", ""value"": ""综艺""}, {""field"": ""tag"", ""value"": ""真人秀""}, {""field"": ""is_over"", ""value"": 1}]}}",11360
1k272,影视,272,第1轮,想看悬疑美剧,vod_search_all,"{""action"": ""search"", ""query"": {""field"": ""tag"", ""value"": ""悬疑""}, ""sort"": {""rate"": {""order"": ""desc""}}}",11361
1k272,影视,272,第2轮,最新季的有没有,vod_search,"{""action"": ""search"", ""query"": {""field"": ""tag"", ""value"": ""悬疑""}, ""sort"": {""new"": {""order"": ""desc""}}}",11362
1k272,影视,272,第3轮,要一季破一个案子的,vod_search,"{""action"": ""search"", ""query"": {""field"": ""tag"", ""value"": ""悬疑""}, ""sort"": {""new"": {""order"": ""desc""}}}",11363
1k272,影视,272,第4轮,完结了的有吗,vod_search,"{""action"": ""search"", ""query"": {""and"": [{""field"": ""tag"", ""value"": ""悬疑""}, {""field"": ""is_over"", ""value"": 1}]}, ""sort"": {""new"": {""order"": ""desc""}}}",11364
1k272,影视,272,第5轮,一案一集的,vod_search,"{""action"": ""search"", ""query"": {}}",11365
1k273,影视,273,第1轮,来几部恋爱剧,vod_search,"{""action"": ""search"", ""query"": {""field"": ""tag"", ""value"": ""恋爱""}}",11366
1k273,影视,273,第2轮,不虐的,vod_search,"{""action"": ""search"", ""query"": {""field"": ""tag"", ""value"": ""恋爱""}}",11367
1k273,影视,273,第3轮,女主好看的,vod_search,"{""action"": ""search"", ""query"": {""field"": ""tag"", ""value"": ""恋爱""}}",11368
1k273,影视,273,第4轮,高甜不虐的,vod_search,"{""action"": ""search"", ""query"": {}}",11369
1k273,影视,273,第5轮,女主漂亮的,vod_search,"{""action"": ""search"", ""query"": {}}",11370
1k274,影视,274,第1轮,放灾难片,vod_search,"{""action"": ""search"", ""query"": {""field"": ""tag"", ""value"": ""灾难""}}",11371
1k274,影视,274,第2轮,海外的,vod_search_all,"{""action"": ""search"", ""query"": {""field"": ""tag"", ""value"": ""灾难""}}",11372
1k274,影视,274,第3轮,特效大片那种,vod_search,"{""action"": ""search"", ""query"": {}}",11373
1k274,影视,274,第4轮,国外的,vod_search_all,"{""action"": ""search"", ""query"": {""and"": [{""field"": ""tag"", ""value"": ""灾难""}, {""field"": ""area"", ""value"": ""国外""}]}}",11374
1k274,影视,274,第5轮,有国语配音的,vod_search_all,"{""action"": ""search"", ""query"": {""and"": [{""field"": ""tag"", ""value"": ""灾难""}, {""field"": ""area"", ""value"": ""国外""}, {""field"": ""language"", ""value"": ""国语""}]}}",11375
1k275,影视,275,第1轮,来点谍战剧,vod_search,"{""action"": ""search"", ""query"": {""field"": ""tag"", ""value"": ""谍战""}}",11376
1k275,影视,275,第2轮,完结的有没有的那种,vod_search,"{""action"": ""search"", ""query"": {""and"": [{""field"": ""tag"", ""value"": ""谍战""}, {""field"": ""is_over"", ""value"": 1}]}}",11377
1k275,影视,275,第3轮,烧脑一点的,vod_search,"{""action"": ""search"", ""query"": {""and"": [{""field"": ""tag"", ""value"": ""谍战""}, {""field"": ""is_over"", ""value"": 1}]}}",11378
1k275,影视,275,第4轮,近三年上映的,vod_search_all,"{""action"": ""search"", ""query"": {""and"": [{""field"": ""tag"", ""value"": ""谍战""}, {""field"": ""is_over"", ""value"": 1}, {""field"": ""release_time"", ""from"": ""20230101"", ""to"": ""20261231""}]}}",11379
1k275,影视,275,第5轮,人气高一点的,vod_search,"{""action"": ""search"", ""query"": {""and"": [{""field"": ""tag"", ""value"": ""谍战""}, {""field"": ""is_over"", ""value"": 1}, {""field"": ""release_time"", ""from"": ""20230101"", ""to"": ""20261231""}]}, ""sort"": {""hot"": {""order"": ""desc""}}}",11380
1k276,影视,276,第1轮,有啥好看的职场剧,vod_search,"{""action"": ""search"", ""query"": {""field"": ""tag"", ""value"": ""职场""}}",11381
1k276,影视,276,第2轮,讲金融的那那种,vod_search,"{""action"": ""search"", ""query"": {""field"": ""tag"", ""value"": ""职场""}}",11382
1k276,影视,276,第3轮,带字幕的,vod_search,"{""action"": ""search"", ""query"": {}}",11383
1k276,影视,276,第4轮,要商战题材的,vod_search,"{""action"": ""search"", ""query"": {}}",11384
1k276,影视,276,第5轮,有字幕的,vod_search,"{""action"": ""search"", ""query"": {}}",11385
1k277,影视,277,第1轮,看看国产动画电影,vod_search,"{""action"": ""search"", ""query"": {""and"": [{""field"": ""category"", ""value"": ""电影""}, {""field"": ""tag"", ""value"": ""动画""}]}}",11386
1k277,影视,277,第2轮,去年出的,vod_search,"{""action"": ""search"", ""query"": {""and"": [{""field"": ""category"", ""value"": ""电影""}, {""field"": ""tag"", ""value"": ""动画""}, {""field"": ""release_time"", ""from"": ""20230101"", ""to"": ""20261231""}]}}",11387
1k277,影视,277,第3轮,要神话故事改编的,vod_search,"{""action"": ""search"", ""query"": {""and"": [{""field"": ""category"", ""value"": ""电影""}, {""field"": ""tag"", ""value"": ""动画""}, {""field"": ""release_time"", ""from"": ""20230101"", ""to"": ""20261231""}]}}",11388
1k277,影视,277,第4轮,去年上映的,vod_search,"{""action"": ""search"", ""query"": {""and"": [{""field"": ""category"", ""value"": ""电影""}, {""field"": ""tag"", ""value"": ""动画""}, {""field"": ""release_time"", ""from"": ""20230101"", ""to"": ""20261231""}]}}",11389
1k277,影视,277,第5轮,去年的,vod_search,"{""action"": ""search"", ""query"": {""and"": [{""field"": ""category"", ""value"": ""电影""}, {""field"": ""tag"", ""value"": ""动画""}, {""field"": ""release_time"", ""from"": ""20230101"", ""to"": ""20261231""}]}}",11390
1k278,影视,278,第1轮,我想看谍战剧,vod_search,"{""action"": ""search"", ""query"": {""field"": ""tag"", ""value"": ""谍战""}}",11391
1k278,影视,278,第2轮,要近三年拍的,vod_search,"{""action"": ""search"", ""query"": {""and"": [{""field"": ""tag"", ""value"": ""谍战""}, {""field"": ""release_time"", ""from"": ""20230101"", ""to"": ""20261231""}]}}",11392
1k278,影视,278,第3轮,近三年的有吗,vod_search,"{""action"": ""search"", ""query"": {""and"": [{""field"": ""tag"", ""value"": ""谍战""}, {""field"": ""release_time"", ""from"": ""20230101"", ""to"": ""20261231""}]}}",11393
1k278,影视,278,第4轮,人气高的,vod_search,"{""action"": ""search"", ""query"": {""and"": [{""field"": ""tag"", ""value"": ""谍战""}, {""field"": ""release_time"", ""from"": ""20230101"", ""to"": ""20261231""}]}, ""sort"": {""hot"": {""order"": ""desc""}}}",11394
1k278,影视,278,第5轮,要近几年拍的,vod_search,"{""action"": ""search"", ""query"": {}}",11395
1k279,影视,279,第1轮,放讲亲情的剧,vod_fuzzy_search,"{""query"": ""放讲亲情的剧""}",11396
1k279,影视,279,第2轮,HE结局的,fan_knowledge_agent,"{""messages"": [{""role"": ""user"", ""content"": ""HE结局的""}], ""riskRespStrategy"": ""all_replace""}",11397
1k279,影视,279,第3轮,亲情题材的,vod_search,"{""action"": ""search"", ""query"": {""field"": ""tag"", ""value"": ""亲情""}}",11398
1k279,影视,279,第4轮,家庭剧那种,vod_search,"{""action"": ""search"", ""query"": {}}",11399
1k279,影视,279,第5轮,不要会员的有没有,vod_search,"{""action"": ""search"", ""query"": {}}",11400
1k280,影视,280,第1轮,有哪些恋爱剧,vod_search,"{""action"": ""search"", ""query"": {""field"": ""tag"", ""value"": ""恋爱""}}",11401
1k280,影视,280,第2轮,结局圆满的有吗,fan_knowledge_agent,"{""messages"": [{""role"": ""user"", ""content"": ""结局圆满的有吗""}], ""riskRespStrategy"": ""all_replace""}",11402
1k280,影视,280,第3轮,甜宠的,vod_search,"{""action"": ""search"", ""query"": {""field"": ""tag"", ""value"": ""恋爱""}}",11403
1k280,影视,280,第4轮,女主好看的,vod_search,"{""action"": ""search"", ""query"": {}}",11404
1k280,影视,280,第5轮,高清版的,vod_search,"{""action"": ""search"", ""query"": {}}",11405
1k281,影视,281,第1轮,有啥好看的经典老电影,vod_fuzzy_search,"{""query"": ""有啥好看的经典老电影""}",11406
1k281,影视,281,第2轮,修复版的有没有,vod_search,"{""action"": ""search"", ""query"": {""field"": ""category"", ""value"": ""电影""}}",11407
1k281,影视,281,第3轮,黑白的,vod_search,"{""action"": ""search"", ""query"": {""field"": ""category"", ""value"": ""电影""}}",11408
1k281,影视,281,第4轮,黑白的那种,vod_search,"{""action"": ""search"", ""query"": {}}",11409
1k281,影视,281,第5轮,要评分高的,vod_search,"{""action"": ""search"", ""query"": {""field"": ""category"", ""value"": ""电影""}, ""sort"": {""rate"": {""order"": ""desc""}}}",11410
1k282,影视,282,第1轮,我想看讲亲情的剧,vod_fuzzy_search,"{""query"": ""我想看讲亲情的剧""}",11411
1k282,影视,282,第2轮,家庭剧那种,vod_search,"{""action"": ""search"", ""query"": {""field"": ""tag"", ""value"": ""亲情""}}",11412
1k282,影视,282,第3轮,高清版,vod_search,"{""action"": ""search"", ""query"": {""field"": ""tag"", ""value"": ""亲情""}}",11413
1k282,影视,282,第4轮,画质好的,vod_search,"{""action"": ""search"", ""query"": {}}",11414
1k282,影视,282,第5轮,家庭题材的,vod_search,"{""action"": ""search"", ""query"": {}}",11415
1k283,影视,283,第1轮,我想看军旅剧,vod_search,"{""action"": ""search"", ""query"": {""field"": ""tag"", ""value"": ""军旅""}}",11416
1k283,影视,283,第2轮,现代军旅的,vod_search,"{""action"": ""search"", ""query"": {""field"": ""tag"", ""value"": ""军旅""}}",11417
1k283,影视,283,第3轮,根据真实事件改编,vod_search,"{""action"": ""search"", ""query"": {""field"": ""tag"", ""value"": ""军旅""}}",11418
1k283,影视,283,第4轮,真实故事改编的,vod_search,"{""action"": ""search"", ""query"": {}}",11419
1k283,影视,283,第5轮,现代背景的,vod_search,"{""action"": ""search"", ""query"": {}}",11420
1k284,影视,284,第1轮,动作片有哪些,vod_search,"{""action"": ""search"", ""query"": {""field"": ""tag"", ""value"": ""动作""}}",11421
1k284,影视,284,第2轮,中文配音版,vod_search,"{""action"": ""search"", ""query"": {""and"": [{""field"": ""tag"", ""value"": ""动作""}, {""field"": ""language"", ""value"": ""英语""}]}}",11422
1k284,影视,284,第3轮,枪战激烈的,vod_search,"{""action"": ""search"", ""query"": {""and"": [{""field"": ""tag"", ""value"": ""动作""}, {""field"": ""language"", ""value"": ""英语""}]}}",11423
1k284,影视,284,第4轮,配音版的有吗,vod_search,"{""action"": ""search"", ""query"": {""and"": [{""field"": ""tag"", ""value"": ""动作""}, {""field"": ""language"", ""value"": ""英语""}]}}",11424
1k284,影视,284,第5轮,有中文配音的,vod_search,"{""action"": ""search"", ""query"": {""and"": [{""field"": ""tag"", ""value"": ""动作""}, {""field"": ""language"", ""value"": ""英语""}]}}",11425
1k285,影视,285,第1轮,有哪些职场剧,vod_search,"{""action"": ""search"", ""query"": {""field"": ""tag"", ""value"": ""职场""}}",11426
1k285,影视,285,第2轮,有字幕版的,vod_search,"{""action"": ""search"", ""query"": {}}",11427
1k285,影视,285,第3轮,集数别太长,vod_search,"{""action"": ""search"", ""query"": {}}",11428
1k285,影视,285,第4轮,短一点的,vod_search,"{""action"": ""search"", ""query"": {}}",11429
1k285,影视,285,第5轮,金融题材的,vod_search,"{""action"": ""search"", ""query"": {}}",11430
1k286,影视,286,第1轮,有什么历史剧,vod_search,"{""action"": ""search"", ""query"": {""field"": ""tag"", ""value"": ""历史""}}",11431
1k286,影视,286,第2轮,服化道考究的,vod_search,"{""action"": ""search"", ""query"": {""field"": ""tag"", ""value"": ""历史""}}",11432
1k286,影视,286,第3轮,唐代的,vod_search,"{""action"": ""search"", ""query"": {""field"": ""tag"", ""value"": ""历史""}}",11433
1k286,影视,286,第4轮,制作精良的,vod_search,"{""action"": ""search"", ""query"": {}}",11434
1k286,影视,286,第5轮,服化道精致的,vod_search,"{""action"": ""search"", ""query"": {}}",11435
1k287,影视,287,第1轮,有啥好看的讲亲情的剧,vod_fuzzy_search,"{""query"": ""有啥好看的讲亲情的剧""}",11436
1k287,影视,287,第2轮,讲家庭的,vod_search,"{""action"": ""search"", ""query"": {""field"": ""tag"", ""value"": ""亲情""}}",11437
1k287,影视,287,第3轮,高清版,vod_search,"{""action"": ""search"", ""query"": {""field"": ""tag"", ""value"": ""亲情""}}",11438
1k287,影视,287,第4轮,家庭剧那种,vod_search,"{""action"": ""search"", ""query"": {}}",11439
1k287,影视,287,第5轮,结局好的,fan_knowledge_agent,"{""messages"": [{""role"": ""user"", ""content"": ""结局好的""}], ""riskRespStrategy"": ""all_replace""}",11440
1k288,影视,288,第1轮,有哪些脱口秀节目,vod_fuzzy_search,"{""query"": ""有哪些脱口秀节目""}",11441
1k288,影视,288,第2轮,脱口秀大会那种,vod_search,"{""action"": ""search"", ""query"": {""field"": ""tag"", ""value"": ""脱口秀""}}",11442
1k288,影视,288,第3轮,要单口那种,vod_search,"{""action"": ""search"", ""query"": {""field"": ""tag"", ""value"": ""脱口秀""}}",11443
1k288,影视,288,第4轮,高分的有没有的那种,vod_search,"{""action"": ""search"", ""query"": {}}",11444
1k288,影视,288,第5轮,最近更新的,vod_search,"{""action"": ""search"", ""query"": {""field"": ""tag"", ""value"": ""脱口秀""}, ""sort"": {""new"": {""order"": ""desc""}}}",11445
1k289,影视,289,第1轮,有没有好看的找肖战演的电视剧,vod_search,"{""action"": ""search"", ""query"": {""and"": [{""field"": ""category"", ""value"": ""电视剧""}, {""field"": ""actor"", ""value"": ""肖战""}]}}",11446
1k289,影视,289,第2轮,免费的有没有的那种,vod_search,"{""action"": ""search"", ""query"": {""and"": [{""field"": ""category"", ""value"": ""电视剧""}, {""field"": ""actor"", ""value"": ""肖战""}, {""field"": ""is_fee"", ""value"": ""0""}]}}",11447
1k289,影视,289,第3轮,评价好的,vod_search,"{""action"": ""search"", ""query"": {""and"": [{""field"": ""category"", ""value"": ""电视剧""}, {""field"": ""actor"", ""value"": ""肖战""}, {""field"": ""is_fee"", ""value"": ""0""}]}}",11448
1k289,影视,289,第4轮,不花钱的,vod_search,"{""action"": ""search"", ""query"": {""and"": [{""field"": ""category"", ""value"": ""电视剧""}, {""field"": ""actor"", ""value"": ""肖战""}, {""field"": ""is_fee"", ""value"": ""0""}]}}",11449
1k289,影视,289,第5轮,要票房高点的,vod_search,"{""action"": ""search"", ""messages"": [{""role"": ""user"", ""content"": ""要票房高点的""}], ""riskRespStrategy"": ""all_replace""}",11450
1k290,影视,290,第1轮,推荐些谍战剧,vod_search,"{""action"": ""search"", ""query"": {""field"": ""tag"", ""value"": ""谍战""}}",11451
1k290,影视,290,第2轮,能免费看的,vod_search,"{""action"": ""search"", ""query"": {""and"": [{""field"": ""tag"", ""value"": ""谍战""}, {""field"": ""is_fee"", ""value"": ""0""}]}}",11452
1k290,影视,290,第3轮,人气高一些的,vod_search,"{""action"": ""search"", ""query"": {""and"": [{""field"": ""tag"", ""value"": ""谍战""}, {""field"": ""is_fee"", ""value"": ""0""}]}, ""sort"": {""hot"": {""order"": ""desc""}}}",11453
1k290,影视,290,第4轮,近三年的有吗,vod_search,"{""action"": ""search"", ""query"": {""and"": [{""field"": ""tag"", ""value"": ""谍战""}, {""field"": ""is_fee"", ""value"": ""0""}, {""field"": ""release_time"", ""from"": ""20230101"", ""to"": ""20261231""}]}, ""sort"": {""hot"": {""order"": ""desc""}}}",11454
1k290,影视,290,第5轮,近三年上映的,vod_search_all,"{""action"": ""search"", ""query"": {""and"": [{""field"": ""tag"", ""value"": ""谍战""}, {""field"": ""is_fee"", ""value"": ""0""}, {""field"": ""release_time"", ""from"": ""20230101"", ""to"": ""20261231""}]}, ""sort"": {""hot"": {""order"": ""desc""}}}",11455
1k291,影视,291,第1轮,有什么好看的韩剧,vod_search_all,"{""action"": ""search"", ""query"": {""field"": ""category"", ""value"": ""电视剧""}, ""sort"": {""rate"": {""order"": ""desc""}}}",11456
1k291,影视,291,第2轮,有中文字幕吗,vod_search,"{""action"": ""search"", ""query"": {}}",11457
1k291,影视,291,第3轮,高分的有没有,vod_search,"{""action"": ""search"", ""query"": {""field"": ""category"", ""value"": ""电视剧""}, ""sort"": {""rate"": {""order"": ""desc""}}}",11458
1k291,影视,291,第4轮,要已完结的,vod_search,"{""action"": ""search"", ""query"": {""and"": [{""field"": ""category"", ""value"": ""电视剧""}, {""field"": ""is_over"", ""value"": 1}]}, ""sort"": {""rate"": {""order"": ""desc""}}}",11459
1k291,影视,291,第5轮,悬疑题材的,vod_search,"{""action"": ""search"", ""query"": {}}",11460
1k292,影视,292,第1轮,有部剧男主是法医，叫啥来着,vod_fuzzy_search,"{""query"": ""有部剧男主是法医，叫啥来着""}",11461
1k292,影视,292,第2轮,就是去年播的那部,vod_search,"{""action"": ""search"", ""query"": {""field"": ""tag"", ""value"": ""悬疑""}}",11462
1k292,影视,292,第3轮,女主是谁演的,fan_knowledge_agent,"{""messages"": [{""role"": ""user"", ""content"": ""女主是谁演的""}], ""riskRespStrategy"": ""all_replace""}",11463
1k292,影视,292,第4轮,结局是啥,fan_knowledge_agent,"{""messages"": [{""role"": ""user"", ""content"": ""结局是啥""}], ""riskRespStrategy"": ""all_replace""}",11464
1k292,影视,292,第5轮,播放第一个,vod_search,"{""action"": ""search"", ""query"": {""field"": ""tag"", ""value"": ""悬疑""}}",11465
1k293,影视,293,第1轮,想找小时候看过的那部狮子动画片,vod_fuzzy_search,"{""query"": ""想找小时候看过的那部狮子动画片""}",11466
1k293,影视,293,第2轮,是迪士尼的那版吧,vod_search,"{""action"": ""search"", ""query"": {""field"": ""title"", ""value"": ""狮子王""}}",11467
1k293,影视,293,第3轮,一共出了几部,fan_knowledge_agent,"{""messages"": [{""role"": ""user"", ""content"": ""一共出了几部""}], ""riskRespStrategy"": ""all_replace""}",11468
1k293,影视,293,第4轮,现在还能看吗,fan_knowledge_agent,"{""messages"": [{""role"": ""user"", ""content"": ""现在还能看吗""}], ""riskRespStrategy"": ""all_replace""}",11469
1k293,影视,293,第5轮,播放第二部,vod_search,"{""action"": ""play"", ""query"": {""field"": ""title"", ""value"": ""狮子王""}}",11470
1k294,影视,294,第1轮,有没有金庸改编的电视剧,vod_search,"{""action"": ""search"", ""query"": {""and"": [{""field"": ""category"", ""value"": ""电视剧""}, {""field"": ""tag"", ""value"": ""武侠""}]}}",11471
1k294,影视,294,第2轮,港版的,vod_search_all,"{""action"": ""search"", ""query"": {""and"": [{""field"": ""category"", ""value"": ""电视剧""}, {""field"": ""tag"", ""value"": ""武侠""}, {""field"": ""area"", ""value"": ""香港""}]}}",11472
1k294,影视,294,第3轮,笑傲江湖那部,vod_search,"{""action"": ""search"", ""query"": {""and"": [{""field"": ""category"", ""value"": ""电视剧""}, {""field"": ""tag"", ""value"": ""武侠""}, {""field"": ""area"", ""value"": ""香港""}, {""field"": ""title"", ""value"": ""笑傲江湖""}]}}",11473
1k294,影视,294,第4轮,打斗好看的,vod_search,"{""action"": ""search"", ""query"": {""and"": [{""field"": ""category"", ""value"": ""电视剧""}, {""field"": ""tag"", ""value"": ""武侠""}, {""field"": ""area"", ""value"": ""香港""}, {""field"": ""title"", ""value"": ""笑傲江湖""}]}}",11474
1k294,影视,294,第5轮,评分高点的,vod_search,"{""action"": ""search"", ""query"": {""and"": [{""field"": ""category"", ""value"": ""电视剧""}, {""field"": ""tag"", ""value"": ""武侠""}, {""field"": ""area"", ""value"": ""香港""}, {""field"": ""title"", ""value"": ""笑傲江湖""}]}}",11475
1k295,影视,295,第1轮,想看沈腾的喜剧片,vod_search,"{""action"": ""search"", ""query"": {""and"": [{""field"": ""actor"", ""value"": ""沈腾""}, {""field"": ""tag"", ""value"": ""喜剧""}]}}",11476
1k295,影视,295,第2轮,近三年上映的,vod_search_all,"{""action"": ""search"", ""query"": {""and"": [{""field"": ""actor"", ""value"": ""沈腾""}, {""field"": ""tag"", ""value"": ""喜剧""}, {""field"": ""release_time"", ""value"": ""近三年""}]}}",11477
1k295,影视,295,第3轮,票房高的,fan_knowledge_agent,"{""messages"": [{""role"": ""user"", ""content"": ""票房高的""}], ""riskRespStrategy"": ""all_replace""}",11478
1k295,影视,295,第4轮,一家人能看的,fan_knowledge_agent,"{""messages"": [{""role"": ""user"", ""content"": ""一家人能看的""}], ""riskRespStrategy"": ""all_replace""}",11479
1k295,影视,295,第5轮,免费的有吗,vod_search,"{""action"": ""search"", ""query"": {""and"": [{""field"": ""actor"", ""value"": ""沈腾""}, {""field"": ""tag"", ""value"": ""喜剧""}, {""field"": ""release_time"", ""value"": ""近三年""}]}}",11480
1k296,影视,296,第1轮,胡歌演的年代剧有哪些,vod_search,"{""action"": ""search"", ""query"": {""and"": [{""field"": ""actor"", ""value"": ""胡歌""}, {""field"": ""tag"", ""value"": ""年代""}]}}",11481
1k296,影视,296,第2轮,古装的不算,fan_knowledge_agent,"{""messages"": [{""role"": ""user"", ""content"": ""古装的不算""}], ""riskRespStrategy"": ""all_replace""}",11482
1k296,影视,296,第3轮,收视率高的,fan_knowledge_agent,"{""messages"": [{""role"": ""user"", ""content"": ""收视率高的""}], ""riskRespStrategy"": ""all_replace""}",11483
1k296,影视,296,第4轮,画面质感好的,vod_search,"{""action"": ""search"", ""query"": {""and"": [{""field"": ""actor"", ""value"": ""胡歌""}, {""field"": ""tag"", ""value"": ""年代""}]}}",11484
1k296,影视,296,第5轮,我要看高清版,vod_search,"{""action"": ""search"", ""query"": {""and"": [{""field"": ""actor"", ""value"": ""胡歌""}, {""field"": ""tag"", ""value"": ""年代""}]}}",11485
1k297,影视,297,第1轮,最近新上的电影有哪些,vod_search,"{""action"": ""search"", ""query"": {""field"": ""category"", ""value"": ""电影""}, ""sort"": {""new"": {""order"": ""desc""}}}",11486
1k297,影视,297,第2轮,科幻的,vod_search_all,"{""action"": ""search"", ""query"": {""and"": [{""field"": ""category"", ""value"": ""电影""}, {""field"": ""tag"", ""value"": ""科幻""}]}, ""sort"": {""new"": {""order"": ""desc""}}}",11487
1k297,影视,297,第3轮,豆瓣7分以上的,vod_search_all,"{""action"": ""search"", ""query"": {""and"": [{""field"": ""category"", ""value"": ""电影""}, {""field"": ""tag"", ""value"": ""科幻""}, {""field"": ""rate"", ""from"": ""7.0"", ""to"": ""*""}]}, ""sort"": {""new"": {""order"": ""desc""}}}",11488
1k297,影视,297,第4轮,片长两小时内的,vod_fuzzy_search,"{""query"": ""片长两小时内的新电影""}",11489
1k297,影视,297,第5轮,有国语配音的,vod_search_all,"{""action"": ""search"", ""query"": {""and"": [{""field"": ""category"", ""value"": ""电影""}, {""field"": ""tag"", ""value"": ""科幻""}, {""field"": ""rate"", ""from"": ""7.0"", ""to"": ""*""}, {""field"": ""language"", ""value"": ""国语""}]}, ""sort"": {""new"": {""order"": ""desc""}}}",11490
1k298,影视,298,第1轮,《三体》讲什么,fan_knowledge_agent,"{""messages"": [{""role"": ""user"", ""content"": ""《三体》讲什么""}], ""riskRespStrategy"": ""all_replace""}",11491
1k298,影视,298,第2轮,作者是谁,fan_knowledge_agent,"{""messages"": [{""role"": ""user"", ""content"": ""作者是谁""}], ""riskRespStrategy"": ""all_replace""}",11492
1k298,影视,298,第3轮,结局是什么,fan_knowledge_agent,"{""messages"": [{""role"": ""user"", ""content"": ""结局是什么""}], ""riskRespStrategy"": ""all_replace""}",11493
1k298,影视,298,第4轮,有电视剧版吗,vod_search,"{""action"": ""search"", ""query"": {""field"": ""tag"", ""value"": ""科幻""}}",11494
1k298,影视,298,第5轮,第二部叫什么,vod_search,"{""action"": ""search"", ""query"": {""field"": ""tag"", ""value"": ""科幻""}}",11495
1k299,影视,299,第1轮,红楼梦作者是谁,fan_knowledge_agent,"{""messages"": [{""role"": ""user"", ""content"": ""红楼梦作者是谁""}], ""riskRespStrategy"": ""all_replace""}",11496
1k299,影视,299,第2轮,讲什么的,fan_knowledge_agent,"{""messages"": [{""role"": ""user"", ""content"": ""讲什么的""}], ""riskRespStrategy"": ""all_replace""}",11497
1k299,影视,299,第3轮,主角有哪些,fan_knowledge_agent,"{""messages"": [{""role"": ""user"", ""content"": ""主角有哪些""}], ""riskRespStrategy"": ""all_replace""}",11498
1k299,影视,299,第4轮,有改编的电视剧吗,vod_search,"{""action"": ""search"", ""query"": {""field"": ""tag"", ""value"": ""古装""}}",11499
1k299,影视,299,第5轮,哪个版本最经典,fan_knowledge_agent,"{""messages"": [{""role"": ""user"", ""content"": ""哪个版本最经典""}], ""riskRespStrategy"": ""all_replace""}",11500
1k300,影视,300,第1轮,《流浪地球》讲的什么,fan_knowledge_agent,"{""messages"": [{""role"": ""user"", ""content"": ""《流浪地球》讲的什么""}], ""riskRespStrategy"": ""all_replace""}",11501
1k300,影视,300,第2轮,导演是谁,fan_knowledge_agent,"{""messages"": [{""role"": ""user"", ""content"": ""导演是谁""}], ""riskRespStrategy"": ""all_replace""}",11502
1k300,影视,300,第3轮,票房多少,fan_knowledge_agent,"{""messages"": [{""role"": ""user"", ""content"": ""票房多少""}], ""riskRespStrategy"": ""all_replace""}",11503
1k300,影视,300,第4轮,有续集吗,vod_search,"{""action"": ""search"", ""query"": {""field"": ""tag"", ""value"": ""科幻""}}",11504
1k300,影视,300,第5轮,和原著差别大吗,fan_knowledge_agent,"{""messages"": [{""role"": ""user"", ""content"": ""和原著差别大吗""}], ""riskRespStrategy"": ""all_replace""}",11505
1k301,少儿,301,第1轮,有适合小孩学英语的动画吗,educ_search,"{""retext"": ""有适合小孩学英语的动画吗"", ""query"": {""and"": [{""field"": ""children_second_genre"", ""value"": ""英语""}, {""field"": ""content_type"", ""value"": ""动画""}]}}",11506
1k301,少儿,301,第2轮,要中文的有没有,educ_search,"{""action"": ""search"", ""retext"": ""要中文的有没有"", ""query"": {""and"": [{""field"": ""children_second_genre"", ""value"": ""英语""}, {""field"": ""content_type"", ""value"": ""动画""}, {""field"": ""language"", ""value"": ""中文""}]}}",11507
1k301,少儿,301,第3轮,不收费的有吗,educ_search,"{""action"": ""search"", ""retext"": ""不收费的有吗"", ""query"": {""and"": [{""field"": ""children_second_genre"", ""value"": ""英语""}, {""field"": ""content_type"", ""value"": ""动画""}, {""field"": ""language"", ""value"": ""中文""}, {""field"": ""is_fee"", ""value"": ""0""}]}}",11508
1k301,少儿,301,第4轮,学龄前的,educ_search,"{""action"": ""search"", ""retext"": ""学龄前的"", ""query"": {""and"": [{""field"": ""children_second_genre"", ""value"": ""英语""}, {""field"": ""content_type"", ""value"": ""动画""}, {""field"": ""language"", ""value"": ""中文""}, {""field"": ""is_fee"", ""value"": ""0""}]}}",11509
1k301,少儿,301,第5轮,3到6岁的,educ_search,"{""action"": ""search"", ""retext"": ""3到6岁的"", ""query"": {""and"": [{""field"": ""children_second_genre"", ""value"": ""英语""}, {""field"": ""content_type"", ""value"": ""动画""}, {""field"": ""language"", ""value"": ""中文""}, {""field"": ""is_fee"", ""value"": ""0""}]}}",11510
1k302,少儿,302,第1轮,好看的3岁小孩听的儿歌,educ_search,"{""retext"": ""好看的3岁小孩听的儿歌"", ""query"": {""field"": ""children_second_genre"", ""value"": ""儿歌""}}",11511
1k302,少儿,302,第2轮,带跟唱的,educ_search,"{""action"": ""search"", ""retext"": ""带跟唱的"", ""query"": {""field"": ""children_second_genre"", ""value"": ""儿歌""}}",11512
1k302,少儿,302,第3轮,免费的,educ_search,"{""action"": ""search"", ""retext"": ""免费的"", ""query"": {""and"": [{""field"": ""children_second_genre"", ""value"": ""儿歌""}, {""field"": ""is_fee"", ""value"": ""0""}]}}",11513
1k302,少儿,302,第4轮,免费的有吗,educ_search,"{""action"": ""search"", ""retext"": ""免费的有吗"", ""query"": {""and"": [{""field"": ""children_second_genre"", ""value"": ""儿歌""}, {""field"": ""is_fee"", ""value"": ""0""}]}}",11514
1k302,少儿,302,第5轮,去年那种,educ_search_all,"{""action"": ""search"", ""retext"": ""去年那种"", ""query"": {""and"": [{""field"": ""children_second_genre"", ""value"": ""儿歌""}, {""field"": ""is_fee"", ""value"": ""0""}, {""field"": ""field"", ""value"": ""value""}, {""field"": ""release_time"", ""value"": ""去年""}]}}",11515
1k303,少儿,303,第1轮,推荐些恐龙科普动画,educ_search,"{""retext"": ""推荐些恐龙科普动画"", ""query"": {""and"": [{""field"": ""children_third_genre"", ""value"": ""恐龙""}, {""field"": ""children_second_genre"", ""value"": ""科普""}, {""field"": ""content_type"", ""value"": ""动画""}]}}",11516
1k303,少儿,303,第2轮,适合八岁孩子的,educ_search,"{""action"": ""search"", ""retext"": ""适合八岁孩子的"", ""query"": {""and"": [{""field"": ""children_third_genre"", ""value"": ""恐龙""}, {""field"": ""children_second_genre"", ""value"": ""科普""}, {""field"": ""content_type"", ""value"": ""动画""}]}}",11517
1k303,少儿,303,第3轮,八岁男孩看的,educ_search,"{""action"": ""search"", ""retext"": ""八岁男孩看的"", ""query"": {""and"": [{""field"": ""children_third_genre"", ""value"": ""恐龙""}, {""field"": ""children_second_genre"", ""value"": ""科普""}, {""field"": ""content_type"", ""value"": ""动画""}]}}",11518
1k303,少儿,303,第4轮,来点别的类型,educ_fuzzy_search,"{""query"": ""来点别的类型""}",11519
1k303,少儿,303,第5轮,多季的,educ_search,"{""action"": ""search"", ""retext"": ""多季的"", ""query"": {""and"": [{""field"": ""children_third_genre"", ""value"": ""恐龙""}, {""field"": ""children_second_genre"", ""value"": ""科普""}, {""field"": ""content_type"", ""value"": ""动画""}]}}",11520
1k304,少儿,304,第1轮,我想看双语绘本,educ_search,"{""retext"": ""我想看双语绘本"", ""query"": {""field"": ""children_second_genre"", ""value"": ""绘本""}}",11521
1k304,少儿,304,第2轮,睡前听的,educ_search,"{""action"": ""search"", ""retext"": ""睡前听的"", ""query"": {""field"": ""children_second_genre"", ""value"": ""绘本""}}",11522
1k304,少儿,304,第3轮,换个故事吧,educ_fuzzy_search,"{""query"": ""换个故事吧""}",11523
1k304,少儿,304,第4轮,换个别的,educ_fuzzy_search,"{""query"": ""换个别的""}",11524
1k304,少儿,304,第5轮,女声的,educ_search,"{""action"": ""search"", ""query"": {}}",11525
1k305,少儿,305,第1轮,最近想看教小孩安全知识的动画,educ_search,"{""retext"": ""最近想看教小孩安全知识的动画"", ""query"": {""and"": [{""field"": ""training_objectives"", ""value"": ""安全教育""}, {""field"": ""content_type"", ""value"": ""动画""}]}}",11526
1k305,少儿,305,第2轮,讲交通安全的,educ_search,"{""action"": ""search"", ""retext"": ""讲交通安全的"", ""query"": {""and"": [{""field"": ""training_objectives"", ""value"": ""安全教育""}, {""field"": ""content_type"", ""value"": ""动画""}]}}",11527
1k305,少儿,305,第3轮,有免费版的没有,educ_search,"{""action"": ""search"", ""retext"": ""有免费版的没有"", ""query"": {""and"": [{""field"": ""training_objectives"", ""value"": ""安全教育""}, {""field"": ""content_type"", ""value"": ""动画""}, {""field"": ""is_fee"", ""value"": ""0""}]}}",11528
1k305,少儿,305,第4轮,咱们自己拍的有吗,educ_search_all,"{""action"": ""search"", ""retext"": ""咱们自己拍的有吗"", ""query"": {""and"": [{""field"": ""training_objectives"", ""value"": ""安全教育""}, {""field"": ""content_type"", ""value"": ""动画""}, {""field"": ""is_fee"", ""value"": ""0""}]}}",11529
1k305,少儿,305,第5轮,不要会员的那种,educ_search,"{""action"": ""search"", ""retext"": ""不要会员的那种"", ""query"": {""and"": [{""field"": ""training_objectives"", ""value"": ""安全教育""}, {""field"": ""content_type"", ""value"": ""动画""}, {""field"": ""is_fee"", ""value"": 1}]}}",11530
1k306,少儿,306,第1轮,有啥好看的小男孩的动画片,educ_search,"{""retext"": ""有啥好看的小男孩的动画片"", ""query"": {""field"": ""content_type"", ""value"": ""动画""}}",11531
1k306,少儿,306,第2轮,温和点的,educ_search,"{""action"": ""search"", ""retext"": ""温和点的"", ""query"": {""field"": ""content_type"", ""value"": ""动画""}}",11532
1k306,少儿,306,第3轮,打斗别太暴力的,educ_search,"{""action"": ""search"", ""retext"": ""打斗别太暴力的"", ""query"": {""field"": ""content_type"", ""value"": ""动画""}}",11533
1k306,少儿,306,第4轮,别太暴力的,educ_search,"{""action"": ""search"", ""retext"": ""别太暴力的"", ""query"": {""field"": ""content_type"", ""value"": ""动画""}}",11534
1k306,少儿,306,第5轮,咱们自己拍的有吗,educ_search_all,"{""action"": ""search"", ""retext"": ""咱们自己拍的有吗"", ""query"": {""field"": ""content_type"", ""value"": ""动画""}}",11535
1k307,少儿,307,第1轮,有教拼音的动画吗,educ_search,"{""retext"": ""有教拼音的动画吗"", ""query"": {""and"": [{""field"": ""children_third_genre"", ""value"": ""拼音""}, {""field"": ""content_type"", ""value"": ""动画""}]}}",11536
1k307,少儿,307,第2轮,幼儿园大班能看的,educ_search,"{""action"": ""search"", ""retext"": ""幼儿园大班能看的"", ""query"": {""and"": [{""field"": ""children_third_genre"", ""value"": ""拼音""}, {""field"": ""content_type"", ""value"": ""动画""}]}}",11537
1k307,少儿,307,第3轮,每集别太长,educ_search,"{""action"": ""search"", ""retext"": ""每集别太长"", ""query"": {""and"": [{""field"": ""children_third_genre"", ""value"": ""拼音""}, {""field"": ""content_type"", ""value"": ""动画""}]}}",11538
1k307,少儿,307,第4轮,大班能看的,educ_search,"{""action"": ""search"", ""retext"": ""大班能看的"", ""query"": {""and"": [{""field"": ""children_third_genre"", ""value"": ""拼音""}, {""field"": ""content_type"", ""value"": ""动画""}]}}",11539
1k307,少儿,307,第5轮,有免费的吗,educ_search,"{""action"": ""search"", ""retext"": ""有免费的吗"", ""query"": {""and"": [{""field"": ""children_third_genre"", ""value"": ""拼音""}, {""field"": ""content_type"", ""value"": ""动画""}, {""field"": ""is_fee"", ""value"": ""0""}]}}",11540
1k308,少儿,308,第1轮,我想看给孩子听睡前故事,audio_search,"{""action"": ""search"", ""query"": {}}",11541
1k308,少儿,308,第2轮,中国传统故事,educ_search,"{""action"": ""search"", ""retext"": ""中国传统故事"", ""query"": {""and"": [{""field"": ""field"", ""value"": ""value""}, {""field"": ""country"", ""value"": ""中国""}]}}",11542
1k308,少儿,308,第3轮,民俗故事,educ_search,"{""action"": ""search"", ""retext"": ""民俗故事"", ""query"": {""and"": [{""field"": ""field"", ""value"": ""value""}, {""field"": ""country"", ""value"": ""中国""}, {""field"": ""children_second_genre"", ""value"": ""故事""}]}}",11543
1k308,少儿,308,第4轮,男声版,educ_search,"{""action"": ""search"", ""retext"": ""男声版"", ""query"": {""and"": [{""field"": ""field"", ""value"": ""value""}, {""field"": ""country"", ""value"": ""中国""}, {""field"": ""children_second_genre"", ""value"": ""故事""}]}}",11544
1k308,少儿,308,第5轮,民间故事,educ_search,"{""action"": ""search"", ""retext"": ""民间故事"", ""query"": {""and"": [{""field"": ""field"", ""value"": ""value""}, {""field"": ""country"", ""value"": ""中国""}, {""field"": ""children_second_genre"", ""value"": ""故事""}]}}",11545
1k309,少儿,309,第1轮,最近想看启蒙数学的动画片,educ_search,"{""retext"": ""最近想看启蒙数学的动画片"", ""query"": {""and"": [{""field"": ""children_second_genre"", ""value"": ""数学""}, {""field"": ""content_type"", ""value"": ""动画""}]}}",11546
1k309,少儿,309,第2轮,算术启蒙的,educ_search,"{""action"": ""search"", ""retext"": ""算术启蒙的"", ""query"": {""and"": [{""field"": ""children_second_genre"", ""value"": ""数学""}, {""field"": ""content_type"", ""value"": ""动画""}]}}",11547
1k309,少儿,309,第3轮,四岁的,educ_search,"{""action"": ""search"", ""retext"": ""四岁的"", ""query"": {""and"": [{""field"": ""children_second_genre"", ""value"": ""数学""}, {""field"": ""content_type"", ""value"": ""动画""}]}}",11548
1k309,少儿,309,第4轮,颜色鲜艳的,educ_search,"{""action"": ""search"", ""retext"": ""颜色鲜艳的"", ""query"": {""and"": [{""field"": ""children_second_genre"", ""value"": ""数学""}, {""field"": ""content_type"", ""value"": ""动画""}]}}",11549
1k309,少儿,309,第5轮,画面活泼的,educ_search,"{""action"": ""search"", ""retext"": ""画面活泼的"", ""query"": {""and"": [{""field"": ""children_second_genre"", ""value"": ""数学""}, {""field"": ""content_type"", ""value"": ""动画""}]}}",11550
1k310,少儿,310,第1轮,儿童科普节目有哪些,educ_search,"{""retext"": ""儿童科普节目有哪些"", ""query"": {""and"": [{""field"": ""children_second_genre"", ""value"": ""科普""}, {""field"": ""content_type"", ""value"": ""动画""}]}}",11551
1k310,少儿,310,第2轮,1080P的,educ_search,"{""action"": ""search"", ""retext"": ""1080P的"", ""query"": {""and"": [{""field"": ""children_second_genre"", ""value"": ""科普""}, {""field"": ""content_type"", ""value"": ""动画""}]}}",11552
1k310,少儿,310,第3轮,高清1080的,educ_search,"{""action"": ""search"", ""retext"": ""高清1080的"", ""query"": {""and"": [{""field"": ""children_second_genre"", ""value"": ""科普""}, {""field"": ""content_type"", ""value"": ""动画""}]}}",11553
1k310,少儿,310,第4轮,讲太空的,educ_search,"{""action"": ""search"", ""retext"": ""讲太空的"", ""query"": {""and"": [{""field"": ""children_second_genre"", ""value"": ""科普""}, {""field"": ""content_type"", ""value"": ""动画""}]}}",11554
1k310,少儿,310,第5轮,小学生能看的,educ_search,"{""action"": ""search"", ""retext"": ""小学生能看的"", ""query"": {""and"": [{""field"": ""children_second_genre"", ""value"": ""科普""}, {""field"": ""content_type"", ""value"": ""动画""}]}}",11555
1k311,少儿,311,第1轮,有少儿舞蹈教学视频吗,educ_search,"{""retext"": ""有少儿舞蹈教学视频吗"", ""query"": {""and"": [{""field"": ""children_third_genre"", ""value"": ""舞蹈""}, {""field"": ""content_type"", ""value"": ""动画""}]}}",11556
1k311,少儿,311,第2轮,基本功的,educ_search,"{""action"": ""search"", ""retext"": ""基本功的"", ""query"": {""and"": [{""field"": ""children_third_genre"", ""value"": ""舞蹈""}, {""field"": ""content_type"", ""value"": ""动画""}]}}",11557
1k311,少儿,311,第3轮,适合六岁的,educ_search,"{""action"": ""search"", ""retext"": ""适合六岁的"", ""query"": {""and"": [{""field"": ""children_third_genre"", ""value"": ""舞蹈""}, {""field"": ""content_type"", ""value"": ""动画""}]}}",11558
1k311,少儿,311,第4轮,适合6岁女孩的,educ_search,"{""action"": ""search"", ""retext"": ""适合6岁女孩的"", ""query"": {""and"": [{""field"": ""children_third_genre"", ""value"": ""舞蹈""}, {""field"": ""content_type"", ""value"": ""动画""}]}}",11559
1k311,少儿,311,第5轮,六岁女孩看的,educ_search,"{""action"": ""search"", ""retext"": ""六岁女孩看的"", ""query"": {""and"": [{""field"": ""children_third_genre"", ""value"": ""舞蹈""}, {""field"": ""content_type"", ""value"": ""动画""}]}}",11560
1k312,少儿,312,第1轮,来一部幼儿识字动画,educ_search,"{""retext"": ""来一部幼儿识字动画"", ""query"": {""and"": [{""field"": ""training_objectives"", ""value"": ""识字""}, {""field"": ""content_type"", ""value"": ""动画""}]}}",11561
1k312,少儿,312,第2轮,先教常用字,educ_search,"{""action"": ""search"", ""retext"": ""先教常用字"", ""query"": {""and"": [{""field"": ""training_objectives"", ""value"": ""识字""}, {""field"": ""content_type"", ""value"": ""动画""}]}}",11562
1k312,少儿,312,第3轮,单集教一两个,educ_search,"{""action"": ""search"", ""retext"": ""单集教一两个"", ""query"": {""and"": [{""field"": ""training_objectives"", ""value"": ""识字""}, {""field"": ""content_type"", ""value"": ""动画""}]}}",11563
1k312,少儿,312,第4轮,是付费的吗,educ_search,"{""action"": ""search"", ""retext"": ""是付费的吗"", ""query"": {""and"": [{""field"": ""training_objectives"", ""value"": ""识字""}, {""field"": ""content_type"", ""value"": ""动画""}]}}",11564
1k312,少儿,312,第5轮,适合3到6岁的有没有,educ_search,"{""action"": ""search"", ""retext"": ""适合3到6岁的有没有"", ""query"": {""and"": [{""field"": ""training_objectives"", ""value"": ""识字""}, {""field"": ""content_type"", ""value"": ""动画""}]}}",11565
1k313,少儿,313,第1轮,推荐些找儿童益智游戏视频,educ_search,"{""retext"": ""推荐些找儿童益智游戏视频"", ""query"": {""and"": [{""field"": ""children_third_genre"", ""value"": ""益智""}, {""field"": ""content_type"", ""value"": ""动画""}]}}",11566
1k313,少儿,313,第2轮,咱们自己拍的有吗,educ_search_all,"{""action"": ""search"", ""retext"": ""咱们自己拍的有吗"", ""query"": {""and"": [{""field"": ""children_third_genre"", ""value"": ""益智""}, {""field"": ""content_type"", ""value"": ""动画""}]}}",11567
1k313,少儿,313,第3轮,拼图那种,educ_search,"{""action"": ""search"", ""retext"": ""拼图那种"", ""query"": {""and"": [{""field"": ""children_third_genre"", ""value"": ""益智""}, {""field"": ""content_type"", ""value"": ""动画""}]}}",11568
1k313,少儿,313,第4轮,无广告的,educ_search,"{""action"": ""search"", ""retext"": ""无广告的"", ""query"": {""and"": [{""field"": ""children_third_genre"", ""value"": ""益智""}, {""field"": ""content_type"", ""value"": ""动画""}]}}",11569
1k313,少儿,313,第5轮,拼图类的,educ_search,"{""action"": ""search"", ""retext"": ""拼图类的"", ""query"": {""and"": [{""field"": ""children_third_genre"", ""value"": ""益智""}, {""field"": ""content_type"", ""value"": ""动画""}]}}",11570
1k314,少儿,314,第1轮,有什么两岁宝宝看的动画,educ_search,"{""retext"": ""有什么两岁宝宝看的动画"", ""query"": {""field"": ""content_type"", ""value"": ""动画""}}",11571
1k314,少儿,314,第2轮,不打斗的,educ_search,"{""action"": ""search"", ""retext"": ""不打斗的"", ""query"": {""field"": ""content_type"", ""value"": ""动画""}}",11572
1k314,少儿,314,第3轮,要单集五分钟的,educ_search,"{""action"": ""search"", ""retext"": ""要单集五分钟的"", ""query"": {""field"": ""content_type"", ""value"": ""动画""}}",11573
1k314,少儿,314,第4轮,画面慢一点的,educ_search,"{""action"": ""search"", ""retext"": ""画面慢一点的"", ""query"": {""field"": ""content_type"", ""value"": ""动画""}}",11574
1k314,少儿,314,第5轮,不用花钱的有吗,educ_search,"{""action"": ""search"", ""retext"": ""不用花钱的有吗"", ""query"": {""and"": [{""field"": ""content_type"", ""value"": ""动画""}, {""field"": ""is_fee"", ""value"": ""0""}]}}",11575
1k315,少儿,315,第1轮,有没有好看的3岁小孩听的儿歌,educ_search,"{""retext"": ""有没有好看的3岁小孩听的儿歌"", ""query"": {""field"": ""children_second_genre"", ""value"": ""儿歌""}}",11576
1k315,少儿,315,第2轮,五岁六岁能看的,educ_search,"{""action"": ""search"", ""retext"": ""五岁六岁能看的"", ""query"": {""field"": ""children_second_genre"", ""value"": ""儿歌""}}",11577
1k315,少儿,315,第3轮,去年的有吗,educ_search_all,"{""action"": ""search"", ""retext"": ""去年的有吗"", ""query"": {""and"": [{""field"": ""children_second_genre"", ""value"": ""儿歌""}, {""field"": ""field"", ""value"": ""value""}, {""field"": ""release_time"", ""value"": ""去年""}]}}",11578
1k315,少儿,315,第4轮,五到六岁的,educ_search,"{""action"": ""search"", ""retext"": ""五到六岁的"", ""query"": {""and"": [{""field"": ""children_second_genre"", ""value"": ""儿歌""}, {""field"": ""field"", ""value"": ""value""}, {""field"": ""release_time"", ""value"": ""去年""}]}}",11579
1k315,少儿,315,第5轮,免费的,educ_search,"{""action"": ""search"", ""retext"": ""免费的"", ""query"": {""and"": [{""field"": ""children_second_genre"", ""value"": ""儿歌""}, {""field"": ""field"", ""value"": ""value""}, {""field"": ""release_time"", ""value"": ""去年""}, {""field"": ""is_fee"", ""value"": ""0""}]}}",11580
1k316,少儿,316,第1轮,有什么好看的恐龙科普动画,educ_search,"{""retext"": ""有什么好看的恐龙科普动画"", ""query"": {""and"": [{""field"": ""children_third_genre"", ""value"": ""恐龙""}, {""field"": ""children_second_genre"", ""value"": ""科普""}, {""field"": ""content_type"", ""value"": ""动画""}]}}",11581
1k316,少儿,316,第2轮,季数多的,educ_search,"{""action"": ""search"", ""retext"": ""季数多的"", ""query"": {""and"": [{""field"": ""children_third_genre"", ""value"": ""恐龙""}, {""field"": ""children_second_genre"", ""value"": ""科普""}, {""field"": ""content_type"", ""value"": ""动画""}]}}",11582
1k316,少儿,316,第3轮,来点别的类型,educ_fuzzy_search,"{""query"": ""来点别的类型""}",11583
1k316,少儿,316,第4轮,8岁能看的,educ_search,"{""action"": ""search"", ""retext"": ""8岁能看的"", ""query"": {""and"": [{""field"": ""children_third_genre"", ""value"": ""恐龙""}, {""field"": ""children_second_genre"", ""value"": ""科普""}, {""field"": ""content_type"", ""value"": ""动画""}]}}",11584
1k316,少儿,316,第5轮,有国产的吗,educ_search_all,"{""action"": ""search"", ""retext"": ""有国产的吗"", ""query"": {""and"": [{""field"": ""children_third_genre"", ""value"": ""恐龙""}, {""field"": ""children_second_genre"", ""value"": ""科普""}, {""field"": ""content_type"", ""value"": ""动画""}, {""field"": ""field"", ""value"": ""value""}, {""field"": ""country"", ""value"": ""中国""}]}}",11585
1k317,少儿,317,第1轮,我想看教小孩安全知识的动画,educ_search,"{""retext"": ""我想看教小孩安全知识的动画"", ""query"": {""and"": [{""field"": ""training_objectives"", ""value"": ""安全教育""}, {""field"": ""content_type"", ""value"": ""动画""}]}}",11586
1k317,少儿,317,第2轮,国产的有没有,educ_search_all,"{""action"": ""search"", ""retext"": ""国产的有没有"", ""query"": {""and"": [{""field"": ""training_objectives"", ""value"": ""安全教育""}, {""field"": ""content_type"", ""value"": ""动画""}, {""field"": ""field"", ""value"": ""value""}, {""field"": ""country"", ""value"": ""中国""}]}}",11587
1k317,少儿,317,第3轮,有字幕的吗,educ_search,"{""action"": ""search"", ""retext"": ""有字幕的吗"", ""query"": {""and"": [{""field"": ""training_objectives"", ""value"": ""安全教育""}, {""field"": ""content_type"", ""value"": ""动画""}, {""field"": ""field"", ""value"": ""value""}, {""field"": ""country"", ""value"": ""中国""}]}}",11588
1k317,少儿,317,第4轮,国产的有吗,educ_search_all,"{""action"": ""search"", ""retext"": ""国产的有吗"", ""query"": {""and"": [{""field"": ""training_objectives"", ""value"": ""安全教育""}, {""field"": ""content_type"", ""value"": ""动画""}, {""field"": ""field"", ""value"": ""value""}, {""field"": ""country"", ""value"": ""中国""}]}}",11589
1k317,少儿,317,第5轮,免费的那种,educ_search,"{""action"": ""search"", ""retext"": ""免费的那种"", ""query"": {""and"": [{""field"": ""training_objectives"", ""value"": ""安全教育""}, {""field"": ""content_type"", ""value"": ""动画""}, {""field"": ""field"", ""value"": ""value""}, {""field"": ""country"", ""value"": ""中国""}, {""field"": ""is_fee"", ""value"": ""0""}]}}",11590
1k318,少儿,318,第1轮,来一部小男孩的动画片,educ_search,"{""retext"": ""来一部小男孩的动画片"", ""query"": {""field"": ""content_type"", ""value"": ""动画""}}",11591
1k318,少儿,318,第2轮,咱们自己拍的有吗,educ_search_all,"{""action"": ""search"", ""retext"": ""咱们自己拍的有吗"", ""query"": {""field"": ""content_type"", ""value"": ""动画""}}",11592
1k318,少儿,318,第3轮,国产的有吗,educ_search_all,"{""action"": ""search"", ""retext"": ""国产的有吗"", ""query"": {""and"": [{""field"": ""content_type"", ""value"": ""动画""}, {""field"": ""field"", ""value"": ""value""}, {""field"": ""country"", ""value"": ""中国""}]}}",11593
1k318,少儿,318,第4轮,别太暴力的,educ_search,"{""action"": ""search"", ""retext"": ""别太暴力的"", ""query"": {""and"": [{""field"": ""content_type"", ""value"": ""动画""}, {""field"": ""field"", ""value"": ""value""}, {""field"": ""country"", ""value"": ""中国""}]}}",11594
1k318,少儿,318,第5轮,国产的有没有,educ_search_all,"{""action"": ""search"", ""retext"": ""国产的有没有"", ""query"": {""and"": [{""field"": ""content_type"", ""value"": ""动画""}, {""field"": ""field"", ""value"": ""value""}, {""field"": ""country"", ""value"": ""中国""}]}}",11595
1k319,少儿,319,第1轮,放几部给孩子听睡前故事,audio_search,"{""action"": ""search"", ""query"": {}}",11596
1k319,少儿,319,第2轮,不用付费的有没有,educ_search,"{""action"": ""search"", ""retext"": ""不用付费的有没有"", ""query"": {""and"": [{""field"": ""children_second_genre"", ""value"": ""故事""}, {""field"": ""is_fee"", ""value"": ""0""}]}}",11597
1k319,少儿,319,第3轮,10分钟左右的,educ_search,"{""action"": ""search"", ""retext"": ""10分钟左右的"", ""query"": {""and"": [{""field"": ""children_second_genre"", ""value"": ""故事""}, {""field"": ""is_fee"", ""value"": ""0""}]}}",11598
1k319,少儿,319,第4轮,换个故事吧,educ_fuzzy_search,"{""query"": ""换个故事吧""}",11599
1k319,少儿,319,第5轮,换个别的,educ_fuzzy_search,"{""query"": ""换个别的""}",11600
1k320,少儿,320,第1轮,放启蒙数学的动画片,educ_search,"{""retext"": ""放启蒙数学的动画片"", ""query"": {""and"": [{""field"": ""children_second_genre"", ""value"": ""数学""}, {""field"": ""content_type"", ""value"": ""动画""}]}}",11601
1k320,少儿,320,第2轮,颜色鲜艳的,educ_search,"{""action"": ""search"", ""retext"": ""颜色鲜艳的"", ""query"": {""and"": [{""field"": ""children_second_genre"", ""value"": ""数学""}, {""field"": ""content_type"", ""value"": ""动画""}]}}",11602
1k320,少儿,320,第3轮,4岁能看的,educ_search,"{""action"": ""search"", ""retext"": ""4岁能看的"", ""query"": {""and"": [{""field"": ""children_second_genre"", ""value"": ""数学""}, {""field"": ""content_type"", ""value"": ""动画""}]}}",11603
1k320,少儿,320,第4轮,四岁的,educ_search,"{""action"": ""search"", ""retext"": ""四岁的"", ""query"": {""and"": [{""field"": ""children_second_genre"", ""value"": ""数学""}, {""field"": ""content_type"", ""value"": ""动画""}]}}",11604
1k320,少儿,320,第5轮,生动的,educ_search,"{""action"": ""search"", ""retext"": ""生动的"", ""query"": {""and"": [{""field"": ""children_second_genre"", ""value"": ""数学""}, {""field"": ""content_type"", ""value"": ""动画""}]}}",11605
1k321,少儿,321,第1轮,想看儿童科普节目,educ_search,"{""retext"": ""想看儿童科普节目"", ""query"": {""and"": [{""field"": ""children_second_genre"", ""value"": ""科普""}, {""field"": ""content_type"", ""value"": ""动画""}]}}",11606
1k321,少儿,321,第2轮,宇宙的,educ_search,"{""action"": ""search"", ""retext"": ""宇宙的"", ""query"": {""and"": [{""field"": ""children_second_genre"", ""value"": ""科普""}, {""field"": ""content_type"", ""value"": ""动画""}]}}",11607
1k321,少儿,321,第3轮,适合小学生看的,educ_search,"{""action"": ""search"", ""retext"": ""适合小学生看的"", ""query"": {""and"": [{""field"": ""children_second_genre"", ""value"": ""科普""}, {""field"": ""content_type"", ""value"": ""动画""}]}}",11608
1k321,少儿,321,第4轮,要1080P的,educ_search,"{""action"": ""search"", ""retext"": ""要1080P的"", ""query"": {""and"": [{""field"": ""children_second_genre"", ""value"": ""科普""}, {""field"": ""content_type"", ""value"": ""动画""}]}}",11609
1k321,少儿,321,第5轮,适合上小学的,educ_search,"{""action"": ""search"", ""retext"": ""适合上小学的"", ""query"": {""and"": [{""field"": ""children_second_genre"", ""value"": ""科普""}, {""field"": ""content_type"", ""value"": ""动画""}]}}",11610
1k322,少儿,322,第1轮,有什么幼儿识字动画,educ_search,"{""retext"": ""有什么幼儿识字动画"", ""query"": {""and"": [{""field"": ""training_objectives"", ""value"": ""识字""}, {""field"": ""content_type"", ""value"": ""动画""}]}}",11611
1k322,少儿,322,第2轮,收费吗,educ_search,"{""action"": ""search"", ""retext"": ""收费吗"", ""query"": {""and"": [{""field"": ""training_objectives"", ""value"": ""识字""}, {""field"": ""content_type"", ""value"": ""动画""}]}}",11612
1k322,少儿,322,第3轮,要常用字优先,educ_search,"{""action"": ""search"", ""retext"": ""要常用字优先"", ""query"": {""and"": [{""field"": ""training_objectives"", ""value"": ""识字""}, {""field"": ""content_type"", ""value"": ""动画""}]}}",11613
1k322,少儿,322,第4轮,每集认一两个字的,educ_search,"{""action"": ""search"", ""retext"": ""每集认一两个字的"", ""query"": {""and"": [{""field"": ""training_objectives"", ""value"": ""识字""}, {""field"": ""content_type"", ""value"": ""动画""}]}}",11614
1k322,少儿,322,第5轮,是付费的吗,educ_search,"{""action"": ""search"", ""retext"": ""是付费的吗"", ""query"": {""and"": [{""field"": ""training_objectives"", ""value"": ""识字""}, {""field"": ""content_type"", ""value"": ""动画""}]}}",11615
1k323,少儿,323,第1轮,我想看找儿童益智游戏视频,educ_search,"{""retext"": ""我想看找儿童益智游戏视频"", ""query"": {""and"": [{""field"": ""children_third_genre"", ""value"": ""益智""}, {""field"": ""content_type"", ""value"": ""动画""}]}}",11616
1k323,少儿,323,第2轮,拼图类的,educ_search,"{""action"": ""search"", ""retext"": ""拼图类的"", ""query"": {""and"": [{""field"": ""children_third_genre"", ""value"": ""益智""}, {""field"": ""content_type"", ""value"": ""动画""}]}}",11617
1k323,少儿,323,第3轮,拼图益智的,educ_search,"{""action"": ""search"", ""retext"": ""拼图益智的"", ""query"": {""and"": [{""field"": ""children_third_genre"", ""value"": ""益智""}, {""field"": ""content_type"", ""value"": ""动画""}]}}",11618
1k323,少儿,323,第4轮,国产的有没有,educ_search_all,"{""action"": ""search"", ""retext"": ""国产的有没有"", ""query"": {""and"": [{""field"": ""children_third_genre"", ""value"": ""益智""}, {""field"": ""content_type"", ""value"": ""动画""}, {""field"": ""field"", ""value"": ""value""}, {""field"": ""country"", ""value"": ""中国""}]}}",11619
1k323,少儿,323,第5轮,国产的有吗,educ_search_all,"{""action"": ""search"", ""retext"": ""国产的有吗"", ""query"": {""and"": [{""field"": ""children_third_genre"", ""value"": ""益智""}, {""field"": ""content_type"", ""value"": ""动画""}, {""field"": ""field"", ""value"": ""value""}, {""field"": ""country"", ""value"": ""中国""}]}}",11620
1k324,少儿,324,第1轮,找点两岁宝宝看的动画,educ_search,"{""retext"": ""找点两岁宝宝看的动画"", ""query"": {""field"": ""content_type"", ""value"": ""动画""}}",11621
1k324,少儿,324,第2轮,每集五分钟,educ_search,"{""action"": ""search"", ""retext"": ""每集五分钟"", ""query"": {""field"": ""content_type"", ""value"": ""动画""}}",11622
1k324,少儿,324,第3轮,不打斗的,educ_search,"{""action"": ""search"", ""retext"": ""不打斗的"", ""query"": {""field"": ""content_type"", ""value"": ""动画""}}",11623
1k324,少儿,324,第4轮,5分钟一集,educ_search,"{""action"": ""search"", ""retext"": ""5分钟一集"", ""query"": {""field"": ""content_type"", ""value"": ""动画""}}",11624
1k324,少儿,324,第5轮,要画面慢一点的,educ_search,"{""action"": ""search"", ""retext"": ""要画面慢一点的"", ""query"": {""field"": ""content_type"", ""value"": ""动画""}}",11625
1k325,少儿,325,第1轮,来点3岁小孩听的儿歌,educ_search,"{""retext"": ""来点3岁小孩听的儿歌"", ""query"": {""field"": ""children_second_genre"", ""value"": ""儿歌""}}",11626
1k325,少儿,325,第2轮,中文的那版,educ_search,"{""action"": ""search"", ""retext"": ""中文的那版"", ""query"": {""and"": [{""field"": ""children_second_genre"", ""value"": ""儿歌""}, {""field"": ""language"", ""value"": ""中文""}]}}",11627
1k325,少儿,325,第3轮,去年的有吗,educ_search_all,"{""action"": ""search"", ""retext"": ""去年的有吗"", ""query"": {""and"": [{""field"": ""children_second_genre"", ""value"": ""儿歌""}, {""field"": ""language"", ""value"": ""中文""}, {""field"": ""field"", ""value"": ""value""}, {""field"": ""release_time"", ""value"": ""去年""}]}}",11628
1k325,少儿,325,第4轮,中文版的,educ_search,"{""action"": ""search"", ""retext"": ""中文版的"", ""query"": {""and"": [{""field"": ""children_second_genre"", ""value"": ""儿歌""}, {""field"": ""language"", ""value"": ""中文""}, {""field"": ""field"", ""value"": ""value""}, {""field"": ""release_time"", ""value"": ""去年""}]}}",11629
1k325,少儿,325,第5轮,5-6岁的,educ_search,"{""action"": ""search"", ""retext"": ""5-6岁的"", ""query"": {""and"": [{""field"": ""children_second_genre"", ""value"": ""儿歌""}, {""field"": ""language"", ""value"": ""中文""}, {""field"": ""field"", ""value"": ""value""}, {""field"": ""release_time"", ""value"": ""去年""}]}}",11630
1k326,少儿,326,第1轮,放恐龙科普动画,educ_search,"{""retext"": ""放恐龙科普动画"", ""query"": {""and"": [{""field"": ""children_third_genre"", ""value"": ""恐龙""}, {""field"": ""children_second_genre"", ""value"": ""科普""}, {""field"": ""content_type"", ""value"": ""动画""}]}}",11631
1k326,少儿,326,第2轮,换一个其他类型的,educ_fuzzy_search,"{""query"": ""换一个其他类型的""}",11632
1k326,少儿,326,第3轮,要季数多的,educ_search,"{""action"": ""search"", ""retext"": ""要季数多的"", ""query"": {""and"": [{""field"": ""children_third_genre"", ""value"": ""恐龙""}, {""field"": ""children_second_genre"", ""value"": ""科普""}, {""field"": ""content_type"", ""value"": ""动画""}]}}",11633
1k326,少儿,326,第4轮,有国产的吗,educ_search_all,"{""action"": ""search"", ""retext"": ""有国产的吗"", ""query"": {""and"": [{""field"": ""children_third_genre"", ""value"": ""恐龙""}, {""field"": ""children_second_genre"", ""value"": ""科普""}, {""field"": ""content_type"", ""value"": ""动画""}, {""field"": ""field"", ""value"": ""value""}, {""field"": ""country"", ""value"": ""中国""}]}}",11634
1k326,少儿,326,第5轮,一季以上的那种,educ_search,"{""action"": ""search"", ""retext"": ""一季以上的那种"", ""query"": {""and"": [{""field"": ""children_third_genre"", ""value"": ""恐龙""}, {""field"": ""children_second_genre"", ""value"": ""科普""}, {""field"": ""content_type"", ""value"": ""动画""}, {""field"": ""field"", ""value"": ""value""}, {""field"": ""country"", ""value"": ""中国""}]}}",11635
1k327,少儿,327,第1轮,想看教小孩安全知识的动画,educ_search,"{""retext"": ""想看教小孩安全知识的动画"", ""query"": {""and"": [{""field"": ""training_objectives"", ""value"": ""安全教育""}, {""field"": ""content_type"", ""value"": ""动画""}]}}",11636
1k327,少儿,327,第2轮,是国产的吗,educ_search_all,"{""action"": ""search"", ""retext"": ""是国产的吗"", ""query"": {""and"": [{""field"": ""training_objectives"", ""value"": ""安全教育""}, {""field"": ""content_type"", ""value"": ""动画""}, {""field"": ""field"", ""value"": ""value""}, {""field"": ""country"", ""value"": ""中国""}]}}",11637
1k327,少儿,327,第3轮,咱们自己拍的有吗,educ_search_all,"{""action"": ""search"", ""retext"": ""咱们自己拍的有吗"", ""query"": {""and"": [{""field"": ""training_objectives"", ""value"": ""安全教育""}, {""field"": ""content_type"", ""value"": ""动画""}, {""field"": ""field"", ""value"": ""value""}, {""field"": ""country"", ""value"": ""中国""}]}}",11638
1k327,少儿,327,第4轮,有免费版的没有,educ_search,"{""action"": ""search"", ""retext"": ""有免费版的没有"", ""query"": {""and"": [{""field"": ""training_objectives"", ""value"": ""安全教育""}, {""field"": ""content_type"", ""value"": ""动画""}, {""field"": ""field"", ""value"": ""value""}, {""field"": ""country"", ""value"": ""中国""}, {""field"": ""is_fee"", ""value"": ""0""}]}}",11639
1k327,少儿,327,第5轮,过马路安全的,educ_search,"{""action"": ""search"", ""retext"": ""过马路安全的"", ""query"": {""and"": [{""field"": ""training_objectives"", ""value"": ""安全教育""}, {""field"": ""content_type"", ""value"": ""动画""}, {""field"": ""field"", ""value"": ""value""}, {""field"": ""country"", ""value"": ""中国""}, {""field"": ""is_fee"", ""value"": ""0""}]}}",11640
1k328,少儿,328,第1轮,好看的给孩子听睡前故事,audio_search,"{""action"": ""search"", ""query"": {}}",11641
1k328,少儿,328,第2轮,男的读的,educ_search,"{""action"": ""search"", ""retext"": ""男的读的"", ""query"": {""field"": ""children_second_genre"", ""value"": ""故事""}}",11642
1k328,少儿,328,第3轮,民间故事,educ_search,"{""action"": ""search"", ""retext"": ""民间故事"", ""query"": {""field"": ""children_second_genre"", ""value"": ""故事""}}",11643
1k328,少儿,328,第4轮,男声版,educ_search,"{""action"": ""search"", ""retext"": ""男声版"", ""query"": {""field"": ""children_second_genre"", ""value"": ""故事""}}",11644
1k328,少儿,328,第5轮,男声朗读的,educ_search,"{""action"": ""search"", ""query"": {}}",11645
1k329,少儿,329,第1轮,有啥好看的启蒙数学的动画片,educ_search,"{""retext"": ""有啥好看的启蒙数学的动画片"", ""query"": {""and"": [{""field"": ""children_second_genre"", ""value"": ""数学""}, {""field"": ""content_type"", ""value"": ""动画""}]}}",11646
1k329,少儿,329,第2轮,适合四岁宝宝,educ_search,"{""action"": ""search"", ""retext"": ""适合四岁宝宝"", ""query"": {""and"": [{""field"": ""children_second_genre"", ""value"": ""数学""}, {""field"": ""content_type"", ""value"": ""动画""}]}}",11647
1k329,少儿,329,第3轮,4岁能看的,educ_search,"{""action"": ""search"", ""retext"": ""4岁能看的"", ""query"": {""and"": [{""field"": ""children_second_genre"", ""value"": ""数学""}, {""field"": ""content_type"", ""value"": ""动画""}]}}",11648
1k329,少儿,329,第4轮,四岁的,educ_search,"{""action"": ""search"", ""retext"": ""四岁的"", ""query"": {""and"": [{""field"": ""children_second_genre"", ""value"": ""数学""}, {""field"": ""content_type"", ""value"": ""动画""}]}}",11649
1k329,少儿,329,第5轮,讲加减法的,educ_search,"{""action"": ""search"", ""retext"": ""讲加减法的"", ""query"": {""and"": [{""field"": ""children_second_genre"", ""value"": ""数学""}, {""field"": ""content_type"", ""value"": ""动画""}]}}",11650
1k330,少儿,330,第1轮,有没有好看的儿童科普节目,educ_search,"{""retext"": ""有没有好看的儿童科普节目"", ""query"": {""and"": [{""field"": ""children_second_genre"", ""value"": ""科普""}, {""field"": ""content_type"", ""value"": ""动画""}]}}",11651
1k330,少儿,330,第2轮,1080P那种,educ_search,"{""action"": ""search"", ""retext"": ""1080P那种"", ""query"": {""and"": [{""field"": ""children_second_genre"", ""value"": ""科普""}, {""field"": ""content_type"", ""value"": ""动画""}]}}",11652
1k330,少儿,330,第3轮,不收费的有吗,educ_search,"{""action"": ""search"", ""retext"": ""不收费的有吗"", ""query"": {""and"": [{""field"": ""children_second_genre"", ""value"": ""科普""}, {""field"": ""content_type"", ""value"": ""动画""}, {""field"": ""is_fee"", ""value"": ""0""}]}}",11653
1k330,少儿,330,第4轮,要中文字幕版,educ_search,"{""action"": ""search"", ""retext"": ""要中文字幕版"", ""query"": {""and"": [{""field"": ""children_second_genre"", ""value"": ""科普""}, {""field"": ""content_type"", ""value"": ""动画""}, {""field"": ""is_fee"", ""value"": ""0""}, {""field"": ""language"", ""value"": ""中文""}]}}",11654
1k330,少儿,330,第5轮,航天知识,educ_search,"{""action"": ""search"", ""retext"": ""航天知识"", ""query"": {""and"": [{""field"": ""children_second_genre"", ""value"": ""科普""}, {""field"": ""content_type"", ""value"": ""动画""}, {""field"": ""is_fee"", ""value"": ""0""}, {""field"": ""language"", ""value"": ""中文""}]}}",11655
1k331,少儿,331,第1轮,放幼儿识字动画,educ_search,"{""retext"": ""放幼儿识字动画"", ""query"": {""and"": [{""field"": ""training_objectives"", ""value"": ""识字""}, {""field"": ""content_type"", ""value"": ""动画""}]}}",11656
1k331,少儿,331,第2轮,先学常用字的,educ_search,"{""action"": ""search"", ""retext"": ""先学常用字的"", ""query"": {""and"": [{""field"": ""training_objectives"", ""value"": ""识字""}, {""field"": ""content_type"", ""value"": ""动画""}]}}",11657
1k331,少儿,331,第3轮,是付费的吗,educ_search,"{""action"": ""search"", ""retext"": ""是付费的吗"", ""query"": {""and"": [{""field"": ""training_objectives"", ""value"": ""识字""}, {""field"": ""content_type"", ""value"": ""动画""}]}}",11658
1k331,少儿,331,第4轮,适合3到6岁的有没有,educ_search,"{""action"": ""search"", ""retext"": ""适合3到6岁的有没有"", ""query"": {""and"": [{""field"": ""training_objectives"", ""value"": ""识字""}, {""field"": ""content_type"", ""value"": ""动画""}]}}",11659
1k331,少儿,331,第5轮,常用字那种,educ_search,"{""action"": ""search"", ""retext"": ""常用字那种"", ""query"": {""and"": [{""field"": ""training_objectives"", ""value"": ""识字""}, {""field"": ""content_type"", ""value"": ""动画""}]}}",11660
1k332,少儿,332,第1轮,推荐几部找儿童益智游戏视频,educ_search,"{""retext"": ""推荐几部找儿童益智游戏视频"", ""query"": {""and"": [{""field"": ""children_third_genre"", ""value"": ""益智""}, {""field"": ""content_type"", ""value"": ""动画""}]}}",11661
1k332,少儿,332,第2轮,国产的有没有,educ_search_all,"{""action"": ""search"", ""retext"": ""国产的有没有"", ""query"": {""and"": [{""field"": ""children_third_genre"", ""value"": ""益智""}, {""field"": ""content_type"", ""value"": ""动画""}, {""field"": ""field"", ""value"": ""value""}, {""field"": ""country"", ""value"": ""中国""}]}}",11662
1k332,少儿,332,第3轮,不用付费的有吗,educ_search,"{""action"": ""search"", ""retext"": ""不用付费的有吗"", ""query"": {""and"": [{""field"": ""children_third_genre"", ""value"": ""益智""}, {""field"": ""content_type"", ""value"": ""动画""}, {""field"": ""field"", ""value"": ""value""}, {""field"": ""country"", ""value"": ""中国""}, {""field"": ""is_fee"", ""value"": ""0""}]}}",11663
1k332,少儿,332,第4轮,拼图游戏的,educ_search,"{""action"": ""search"", ""retext"": ""拼图游戏的"", ""query"": {""and"": [{""field"": ""children_third_genre"", ""value"": ""益智""}, {""field"": ""content_type"", ""value"": ""动画""}, {""field"": ""field"", ""value"": ""value""}, {""field"": ""country"", ""value"": ""中国""}, {""field"": ""is_fee"", ""value"": ""0""}]}}",11664
1k332,少儿,332,第5轮,没广告的,educ_search,"{""action"": ""search"", ""retext"": ""没广告的"", ""query"": {""and"": [{""field"": ""children_third_genre"", ""value"": ""益智""}, {""field"": ""content_type"", ""value"": ""动画""}, {""field"": ""field"", ""value"": ""value""}, {""field"": ""country"", ""value"": ""中国""}, {""field"": ""is_fee"", ""value"": ""0""}]}}",11665
1k333,少儿,333,第1轮,有没有好看的两岁宝宝看的动画,educ_search,"{""retext"": ""有没有好看的两岁宝宝看的动画"", ""query"": {""field"": ""content_type"", ""value"": ""动画""}}",11666
1k333,少儿,333,第2轮,每集五分钟,educ_search,"{""action"": ""search"", ""retext"": ""每集五分钟"", ""query"": {""field"": ""content_type"", ""value"": ""动画""}}",11667
1k333,少儿,333,第3轮,单集5分钟内,educ_search,"{""action"": ""search"", ""retext"": ""单集5分钟内"", ""query"": {""field"": ""content_type"", ""value"": ""动画""}}",11668
1k333,少儿,333,第4轮,要节奏慢点的,educ_search,"{""action"": ""search"", ""retext"": ""要节奏慢点的"", ""query"": {""field"": ""content_type"", ""value"": ""动画""}}",11669
1k333,少儿,333,第5轮,没有打斗的,educ_search,"{""action"": ""search"", ""retext"": ""没有打斗的"", ""query"": {""field"": ""content_type"", ""value"": ""动画""}}",11670
1k334,少儿,334,第1轮,推荐些3岁小孩听的儿歌,educ_search,"{""retext"": ""推荐些3岁小孩听的儿歌"", ""query"": {""field"": ""children_second_genre"", ""value"": ""儿歌""}}",11671
1k334,少儿,334,第2轮,去年的,educ_search_all,"{""action"": ""search"", ""retext"": ""去年的"", ""query"": {""and"": [{""field"": ""children_second_genre"", ""value"": ""儿歌""}, {""field"": ""field"", ""value"": ""value""}, {""field"": ""release_time"", ""value"": ""去年""}]}}",11672
1k334,少儿,334,第3轮,免费的有吗,educ_search,"{""action"": ""search"", ""retext"": ""免费的有吗"", ""query"": {""and"": [{""field"": ""children_second_genre"", ""value"": ""儿歌""}, {""field"": ""field"", ""value"": ""value""}, {""field"": ""release_time"", ""value"": ""去年""}, {""field"": ""is_fee"", ""value"": ""0""}]}}",11673
1k334,少儿,334,第4轮,要五岁六岁能看的,educ_search,"{""action"": ""search"", ""retext"": ""要五岁六岁能看的"", ""query"": {""and"": [{""field"": ""children_second_genre"", ""value"": ""儿歌""}, {""field"": ""field"", ""value"": ""value""}, {""field"": ""release_time"", ""value"": ""去年""}, {""field"": ""is_fee"", ""value"": ""0""}]}}",11674
1k334,少儿,334,第5轮,要免费的有没有,educ_search,"{""action"": ""search"", ""retext"": ""要免费的有没有"", ""query"": {""and"": [{""field"": ""children_second_genre"", ""value"": ""儿歌""}, {""field"": ""field"", ""value"": ""value""}, {""field"": ""release_time"", ""value"": ""去年""}, {""field"": ""is_fee"", ""value"": ""0""}]}}",11675
1k335,少儿,335,第1轮,看看恐龙科普动画,educ_search,"{""retext"": ""看看恐龙科普动画"", ""query"": {""and"": [{""field"": ""children_third_genre"", ""value"": ""恐龙""}, {""field"": ""children_second_genre"", ""value"": ""科普""}, {""field"": ""content_type"", ""value"": ""动画""}]}}",11676
1k335,少儿,335,第2轮,有国产的吗,educ_search_all,"{""action"": ""search"", ""retext"": ""有国产的吗"", ""query"": {""and"": [{""field"": ""children_third_genre"", ""value"": ""恐龙""}, {""field"": ""children_second_genre"", ""value"": ""科普""}, {""field"": ""content_type"", ""value"": ""动画""}, {""field"": ""field"", ""value"": ""value""}, {""field"": ""country"", ""value"": ""中国""}]}}",11677
1k335,少儿,335,第3轮,换个类型的,educ_fuzzy_search,"{""query"": ""换个类型的""}",11678
1k335,少儿,335,第4轮,8岁能看的,educ_search,"{""action"": ""search"", ""retext"": ""8岁能看的"", ""query"": {""and"": [{""field"": ""children_third_genre"", ""value"": ""恐龙""}, {""field"": ""children_second_genre"", ""value"": ""科普""}, {""field"": ""content_type"", ""value"": ""动画""}, {""field"": ""field"", ""value"": ""value""}, {""field"": ""country"", ""value"": ""中国""}]}}",11679
1k335,少儿,335,第5轮,要季数多的,educ_search,"{""action"": ""search"", ""retext"": ""要季数多的"", ""query"": {""and"": [{""field"": ""children_third_genre"", ""value"": ""恐龙""}, {""field"": ""children_second_genre"", ""value"": ""科普""}, {""field"": ""content_type"", ""value"": ""动画""}, {""field"": ""field"", ""value"": ""value""}, {""field"": ""country"", ""value"": ""中国""}]}}",11680
1k336,少儿,336,第1轮,好看的教小孩安全知识的动画,educ_search,"{""retext"": ""好看的教小孩安全知识的动画"", ""query"": {""and"": [{""field"": ""training_objectives"", ""value"": ""安全教育""}, {""field"": ""content_type"", ""value"": ""动画""}]}}",11681
1k336,少儿,336,第2轮,带字幕的有没有,educ_search,"{""action"": ""search"", ""retext"": ""带字幕的有没有"", ""query"": {""and"": [{""field"": ""training_objectives"", ""value"": ""安全教育""}, {""field"": ""content_type"", ""value"": ""动画""}]}}",11682
1k336,少儿,336,第3轮,免费版有吗,educ_search,"{""action"": ""search"", ""retext"": ""免费版有吗"", ""query"": {""and"": [{""field"": ""training_objectives"", ""value"": ""安全教育""}, {""field"": ""content_type"", ""value"": ""动画""}, {""field"": ""is_fee"", ""value"": ""0""}]}}",11683
1k336,少儿,336,第4轮,三到六岁的,educ_search,"{""action"": ""search"", ""retext"": ""三到六岁的"", ""query"": {""and"": [{""field"": ""training_objectives"", ""value"": ""安全教育""}, {""field"": ""content_type"", ""value"": ""动画""}, {""field"": ""is_fee"", ""value"": ""0""}]}}",11684
1k336,少儿,336,第5轮,国产的有吗,educ_search_all,"{""action"": ""search"", ""retext"": ""国产的有吗"", ""query"": {""and"": [{""field"": ""training_objectives"", ""value"": ""安全教育""}, {""field"": ""content_type"", ""value"": ""动画""}, {""field"": ""is_fee"", ""value"": ""0""}, {""field"": ""field"", ""value"": ""value""}, {""field"": ""country"", ""value"": ""中国""}]}}",11685
1k337,少儿,337,第1轮,给孩子听睡前故事有哪些,audio_search,"{""action"": ""search"", ""query"": {}}",11686
1k337,少儿,337,第2轮,男声版,educ_search,"{""action"": ""search"", ""retext"": ""男声版"", ""query"": {""field"": ""children_second_genre"", ""value"": ""故事""}}",11687
1k337,少儿,337,第3轮,男的读的,educ_search,"{""action"": ""search"", ""retext"": ""男的读的"", ""query"": {""field"": ""children_second_genre"", ""value"": ""故事""}}",11688
1k337,少儿,337,第4轮,十分钟的,educ_search,"{""action"": ""search"", ""retext"": ""十分钟的"", ""query"": {""field"": ""children_second_genre"", ""value"": ""故事""}}",11689
1k337,少儿,337,第5轮,民间故事,educ_search,"{""action"": ""search"", ""retext"": ""民间故事"", ""query"": {""field"": ""children_second_genre"", ""value"": ""故事""}}",11690
1k338,少儿,338,第1轮,来点启蒙数学的动画片,educ_search,"{""retext"": ""来点启蒙数学的动画片"", ""query"": {""and"": [{""field"": ""children_second_genre"", ""value"": ""数学""}, {""field"": ""content_type"", ""value"": ""动画""}]}}",11691
1k338,少儿,338,第2轮,画面活泼的,educ_search,"{""action"": ""search"", ""retext"": ""画面活泼的"", ""query"": {""and"": [{""field"": ""children_second_genre"", ""value"": ""数学""}, {""field"": ""content_type"", ""value"": ""动画""}]}}",11692
1k338,少儿,338,第3轮,4岁能看的,educ_search,"{""action"": ""search"", ""retext"": ""4岁能看的"", ""query"": {""and"": [{""field"": ""children_second_genre"", ""value"": ""数学""}, {""field"": ""content_type"", ""value"": ""动画""}]}}",11693
1k338,少儿,338,第4轮,要算术启蒙的,educ_search,"{""action"": ""search"", ""retext"": ""要算术启蒙的"", ""query"": {""and"": [{""field"": ""children_second_genre"", ""value"": ""数学""}, {""field"": ""content_type"", ""value"": ""动画""}]}}",11694
1k338,少儿,338,第5轮,颜色鲜艳的,educ_search,"{""action"": ""search"", ""retext"": ""颜色鲜艳的"", ""query"": {""and"": [{""field"": ""children_second_genre"", ""value"": ""数学""}, {""field"": ""content_type"", ""value"": ""动画""}]}}",11695
1k339,少儿,339,第1轮,推荐些幼儿识字动画,educ_search,"{""retext"": ""推荐些幼儿识字动画"", ""query"": {""and"": [{""field"": ""training_objectives"", ""value"": ""识字""}, {""field"": ""content_type"", ""value"": ""动画""}]}}",11696
1k339,少儿,339,第2轮,适合3到6岁的有没有,educ_search,"{""action"": ""search"", ""retext"": ""适合3到6岁的有没有"", ""query"": {""and"": [{""field"": ""training_objectives"", ""value"": ""识字""}, {""field"": ""content_type"", ""value"": ""动画""}]}}",11697
1k339,少儿,339,第3轮,一次认一两个,educ_search,"{""action"": ""search"", ""retext"": ""一次认一两个"", ""query"": {""and"": [{""field"": ""training_objectives"", ""value"": ""识字""}, {""field"": ""content_type"", ""value"": ""动画""}]}}",11698
1k339,少儿,339,第4轮,单集教一两个,educ_search,"{""action"": ""search"", ""retext"": ""单集教一两个"", ""query"": {""and"": [{""field"": ""training_objectives"", ""value"": ""识字""}, {""field"": ""content_type"", ""value"": ""动画""}]}}",11699
1k339,少儿,339,第5轮,是付费的吗,educ_search,"{""action"": ""search"", ""retext"": ""是付费的吗"", ""query"": {""and"": [{""field"": ""training_objectives"", ""value"": ""识字""}, {""field"": ""content_type"", ""value"": ""动画""}]}}",11700
1k340,少儿,340,第1轮,放找儿童益智游戏视频,educ_search,"{""retext"": ""放找儿童益智游戏视频"", ""query"": {""and"": [{""field"": ""children_third_genre"", ""value"": ""益智""}, {""field"": ""content_type"", ""value"": ""动画""}]}}",11701
1k340,少儿,340,第2轮,拼图游戏的,educ_search,"{""action"": ""search"", ""retext"": ""拼图游戏的"", ""query"": {""and"": [{""field"": ""children_third_genre"", ""value"": ""益智""}, {""field"": ""content_type"", ""value"": ""动画""}]}}",11702
1k340,少儿,340,第3轮,拼图那种,educ_search,"{""action"": ""search"", ""retext"": ""拼图那种"", ""query"": {""and"": [{""field"": ""children_third_genre"", ""value"": ""益智""}, {""field"": ""content_type"", ""value"": ""动画""}]}}",11703
1k340,少儿,340,第4轮,是国产的吗,educ_search_all,"{""action"": ""search"", ""retext"": ""是国产的吗"", ""query"": {""and"": [{""field"": ""children_third_genre"", ""value"": ""益智""}, {""field"": ""content_type"", ""value"": ""动画""}, {""field"": ""field"", ""value"": ""value""}, {""field"": ""country"", ""value"": ""中国""}]}}",11704
1k340,少儿,340,第5轮,没有广告,educ_search,"{""action"": ""search"", ""retext"": ""没有广告"", ""query"": {""and"": [{""field"": ""children_third_genre"", ""value"": ""益智""}, {""field"": ""content_type"", ""value"": ""动画""}, {""field"": ""field"", ""value"": ""value""}, {""field"": ""country"", ""value"": ""中国""}]}}",11705
1k341,少儿,341,第1轮,想看3岁小孩听的儿歌,educ_search,"{""retext"": ""想看3岁小孩听的儿歌"", ""query"": {""field"": ""children_second_genre"", ""value"": ""儿歌""}}",11706
1k341,少儿,341,第2轮,带跟唱的,educ_search,"{""action"": ""search"", ""retext"": ""带跟唱的"", ""query"": {""field"": ""children_second_genre"", ""value"": ""儿歌""}}",11707
1k341,少儿,341,第3轮,中文配音的,educ_search,"{""action"": ""search"", ""query"": {}}",11708
1k341,少儿,341,第4轮,去年出的,educ_search_all,"{""action"": ""search"", ""retext"": ""去年出的"", ""query"": {""and"": [{""field"": ""children_second_genre"", ""value"": ""儿歌""}, {""field"": ""field"", ""value"": ""value""}, {""field"": ""release_time"", ""value"": ""去年""}]}}",11709
1k341,少儿,341,第5轮,免费的,educ_search,"{""action"": ""search"", ""retext"": ""免费的"", ""query"": {""and"": [{""field"": ""children_second_genre"", ""value"": ""儿歌""}, {""field"": ""field"", ""value"": ""value""}, {""field"": ""release_time"", ""value"": ""去年""}, {""field"": ""is_fee"", ""value"": ""0""}]}}",11710
1k342,少儿,342,第1轮,推荐几部恐龙科普动画,educ_search,"{""retext"": ""推荐几部恐龙科普动画"", ""query"": {""and"": [{""field"": ""children_third_genre"", ""value"": ""恐龙""}, {""field"": ""children_second_genre"", ""value"": ""科普""}, {""field"": ""content_type"", ""value"": ""动画""}]}}",11711
1k342,少儿,342,第2轮,有国产的吗,educ_search_all,"{""action"": ""search"", ""retext"": ""有国产的吗"", ""query"": {""and"": [{""field"": ""children_third_genre"", ""value"": ""恐龙""}, {""field"": ""children_second_genre"", ""value"": ""科普""}, {""field"": ""content_type"", ""value"": ""动画""}, {""field"": ""field"", ""value"": ""value""}, {""field"": ""country"", ""value"": ""中国""}]}}",11712
1k342,少儿,342,第3轮,换个类型的,educ_fuzzy_search,"{""query"": ""换个类型的""}",11713
1k342,少儿,342,第4轮,讲太空的有没有,educ_search,"{""action"": ""search"", ""retext"": ""讲太空的有没有"", ""query"": {""and"": [{""field"": ""children_third_genre"", ""value"": ""恐龙""}, {""field"": ""children_second_genre"", ""value"": ""科普""}, {""field"": ""content_type"", ""value"": ""动画""}, {""field"": ""field"", ""value"": ""value""}, {""field"": ""country"", ""value"": ""中国""}]}}",11714
1k342,少儿,342,第5轮,多季的,educ_search,"{""action"": ""search"", ""retext"": ""多季的"", ""query"": {""and"": [{""field"": ""children_third_genre"", ""value"": ""恐龙""}, {""field"": ""children_second_genre"", ""value"": ""科普""}, {""field"": ""content_type"", ""value"": ""动画""}, {""field"": ""field"", ""value"": ""value""}, {""field"": ""country"", ""value"": ""中国""}]}}",11715
1k343,少儿,343,第1轮,我想看启蒙数学的动画片,educ_search,"{""retext"": ""我想看启蒙数学的动画片"", ""query"": {""and"": [{""field"": ""children_second_genre"", ""value"": ""数学""}, {""field"": ""content_type"", ""value"": ""动画""}]}}",11716
1k343,少儿,343,第2轮,适合4岁的,educ_search,"{""action"": ""search"", ""retext"": ""适合4岁的"", ""query"": {""and"": [{""field"": ""children_second_genre"", ""value"": ""数学""}, {""field"": ""content_type"", ""value"": ""动画""}]}}",11717
1k343,少儿,343,第3轮,适合四岁宝宝,educ_search,"{""action"": ""search"", ""retext"": ""适合四岁宝宝"", ""query"": {""and"": [{""field"": ""children_second_genre"", ""value"": ""数学""}, {""field"": ""content_type"", ""value"": ""动画""}]}}",11718
1k343,少儿,343,第4轮,生动的,educ_search,"{""action"": ""search"", ""retext"": ""生动的"", ""query"": {""and"": [{""field"": ""children_second_genre"", ""value"": ""数学""}, {""field"": ""content_type"", ""value"": ""动画""}]}}",11719
1k343,少儿,343,第5轮,四岁的,educ_search,"{""action"": ""search"", ""retext"": ""四岁的"", ""query"": {""and"": [{""field"": ""children_second_genre"", ""value"": ""数学""}, {""field"": ""content_type"", ""value"": ""动画""}]}}",11720
1k344,少儿,344,第1轮,推荐几部两岁宝宝看的动画,educ_search,"{""retext"": ""推荐几部两岁宝宝看的动画"", ""query"": {""field"": ""content_type"", ""value"": ""动画""}}",11721
1k344,少儿,344,第2轮,不用花钱的有吗,educ_search,"{""action"": ""search"", ""retext"": ""不用花钱的有吗"", ""query"": {""and"": [{""field"": ""content_type"", ""value"": ""动画""}, {""field"": ""is_fee"", ""value"": ""0""}]}}",11722
1k344,少儿,344,第3轮,画面舒缓的,educ_search,"{""action"": ""search"", ""retext"": ""画面舒缓的"", ""query"": {""and"": [{""field"": ""content_type"", ""value"": ""动画""}, {""field"": ""is_fee"", ""value"": ""0""}]}}",11723
1k344,少儿,344,第4轮,温和的,educ_search,"{""action"": ""search"", ""retext"": ""温和的"", ""query"": {""and"": [{""field"": ""content_type"", ""value"": ""动画""}, {""field"": ""is_fee"", ""value"": ""0""}]}}",11724
1k344,少儿,344,第5轮,每集五分钟,educ_search,"{""action"": ""search"", ""retext"": ""每集五分钟"", ""query"": {""and"": [{""field"": ""content_type"", ""value"": ""动画""}, {""field"": ""is_fee"", ""value"": ""0""}]}}",11725
1k345,少儿,345,第1轮,有啥好看的3岁小孩听的儿歌,educ_search,"{""retext"": ""有啥好看的3岁小孩听的儿歌"", ""query"": {""field"": ""children_second_genre"", ""value"": ""儿歌""}}",11726
1k345,少儿,345,第2轮,能跟着唱的,educ_search,"{""action"": ""search"", ""retext"": ""能跟着唱的"", ""query"": {""field"": ""children_second_genre"", ""value"": ""儿歌""}}",11727
1k345,少儿,345,第3轮,可以跟唱的,educ_search,"{""action"": ""search"", ""retext"": ""可以跟唱的"", ""query"": {""field"": ""children_second_genre"", ""value"": ""儿歌""}}",11728
1k345,少儿,345,第4轮,不收费的有吗,educ_search,"{""action"": ""search"", ""retext"": ""不收费的有吗"", ""query"": {""and"": [{""field"": ""children_second_genre"", ""value"": ""儿歌""}, {""field"": ""is_fee"", ""value"": ""0""}]}}",11729
1k345,少儿,345,第5轮,去年的有吗,educ_search_all,"{""action"": ""search"", ""retext"": ""去年的有吗"", ""query"": {""and"": [{""field"": ""children_second_genre"", ""value"": ""儿歌""}, {""field"": ""is_fee"", ""value"": ""0""}, {""field"": ""field"", ""value"": ""value""}, {""field"": ""release_time"", ""value"": ""去年""}]}}",11730
1k346,少儿,346,第1轮,放几部恐龙科普动画,educ_search,"{""retext"": ""放几部恐龙科普动画"", ""query"": {""and"": [{""field"": ""children_third_genre"", ""value"": ""恐龙""}, {""field"": ""children_second_genre"", ""value"": ""科普""}, {""field"": ""content_type"", ""value"": ""动画""}]}}",11731
1k346,少儿,346,第2轮,多季的,educ_search,"{""action"": ""search"", ""retext"": ""多季的"", ""query"": {""and"": [{""field"": ""children_third_genre"", ""value"": ""恐龙""}, {""field"": ""children_second_genre"", ""value"": ""科普""}, {""field"": ""content_type"", ""value"": ""动画""}]}}",11732
1k346,少儿,346,第3轮,来点别的类型,educ_fuzzy_search,"{""query"": ""来点别的类型""}",11733
1k346,少儿,346,第4轮,适合8岁男孩的,educ_search,"{""action"": ""search"", ""retext"": ""适合8岁男孩的"", ""query"": {""and"": [{""field"": ""children_third_genre"", ""value"": ""恐龙""}, {""field"": ""children_second_genre"", ""value"": ""科普""}, {""field"": ""content_type"", ""value"": ""动画""}]}}",11734
1k346,少儿,346,第5轮,换个类型的,educ_fuzzy_search,"{""query"": ""换个类型的""}",11735
1k347,少儿,347,第1轮,教小孩安全知识的动画有哪些,educ_search,"{""retext"": ""教小孩安全知识的动画有哪些"", ""query"": {""and"": [{""field"": ""training_objectives"", ""value"": ""安全教育""}, {""field"": ""content_type"", ""value"": ""动画""}]}}",11736
1k347,少儿,347,第2轮,3-6岁的,educ_search,"{""action"": ""search"", ""retext"": ""3-6岁的"", ""query"": {""and"": [{""field"": ""training_objectives"", ""value"": ""安全教育""}, {""field"": ""content_type"", ""value"": ""动画""}]}}",11737
1k347,少儿,347,第3轮,适合3到6岁的,educ_search,"{""action"": ""search"", ""retext"": ""适合3到6岁的"", ""query"": {""and"": [{""field"": ""training_objectives"", ""value"": ""安全教育""}, {""field"": ""content_type"", ""value"": ""动画""}]}}",11738
1k347,少儿,347,第4轮,要讲交通安全的,educ_search,"{""action"": ""search"", ""retext"": ""要讲交通安全的"", ""query"": {""and"": [{""field"": ""training_objectives"", ""value"": ""安全教育""}, {""field"": ""content_type"", ""value"": ""动画""}]}}",11739
1k347,少儿,347,第5轮,要交通规则的,educ_search,"{""action"": ""search"", ""retext"": ""要交通规则的"", ""query"": {""and"": [{""field"": ""training_objectives"", ""value"": ""安全教育""}, {""field"": ""content_type"", ""value"": ""动画""}]}}",11740
1k348,少儿,348,第1轮,最近想看儿童科普节目,educ_search,"{""retext"": ""最近想看儿童科普节目"", ""query"": {""and"": [{""field"": ""children_second_genre"", ""value"": ""科普""}, {""field"": ""content_type"", ""value"": ""动画""}]}}",11741
1k348,少儿,348,第2轮,太空那种,educ_search,"{""action"": ""search"", ""retext"": ""太空那种"", ""query"": {""and"": [{""field"": ""children_second_genre"", ""value"": ""科普""}, {""field"": ""content_type"", ""value"": ""动画""}]}}",11742
1k348,少儿,348,第3轮,要1080P的,educ_search,"{""action"": ""search"", ""retext"": ""要1080P的"", ""query"": {""and"": [{""field"": ""children_second_genre"", ""value"": ""科普""}, {""field"": ""content_type"", ""value"": ""动画""}]}}",11743
1k348,少儿,348,第4轮,不收费的有吗,educ_search,"{""action"": ""search"", ""retext"": ""不收费的有吗"", ""query"": {""and"": [{""field"": ""children_second_genre"", ""value"": ""科普""}, {""field"": ""content_type"", ""value"": ""动画""}, {""field"": ""is_fee"", ""value"": ""0""}]}}",11744
1k348,少儿,348,第5轮,要免费的有没有,educ_search,"{""action"": ""search"", ""retext"": ""要免费的有没有"", ""query"": {""and"": [{""field"": ""children_second_genre"", ""value"": ""科普""}, {""field"": ""content_type"", ""value"": ""动画""}, {""field"": ""is_fee"", ""value"": ""0""}]}}",11745
1k349,少儿,349,第1轮,来几部找儿童益智游戏视频,educ_search,"{""retext"": ""来几部找儿童益智游戏视频"", ""query"": {""and"": [{""field"": ""children_third_genre"", ""value"": ""益智""}, {""field"": ""content_type"", ""value"": ""动画""}]}}",11746
1k349,少儿,349,第2轮,适合学龄前的,educ_search,"{""action"": ""search"", ""retext"": ""适合学龄前的"", ""query"": {""and"": [{""field"": ""children_third_genre"", ""value"": ""益智""}, {""field"": ""content_type"", ""value"": ""动画""}]}}",11747
1k349,少儿,349,第3轮,国产的有没有,educ_search_all,"{""action"": ""search"", ""retext"": ""国产的有没有"", ""query"": {""and"": [{""field"": ""children_third_genre"", ""value"": ""益智""}, {""field"": ""content_type"", ""value"": ""动画""}, {""field"": ""field"", ""value"": ""value""}, {""field"": ""country"", ""value"": ""中国""}]}}",11748
1k349,少儿,349,第4轮,纯净水的那种,educ_search,"{""action"": ""search"", ""retext"": ""纯净水的那种"", ""query"": {""and"": [{""field"": ""children_third_genre"", ""value"": ""益智""}, {""field"": ""content_type"", ""value"": ""动画""}, {""field"": ""field"", ""value"": ""value""}, {""field"": ""country"", ""value"": ""中国""}]}}",11749
1k349,少儿,349,第5轮,不用付费的有吗,educ_search,"{""action"": ""search"", ""retext"": ""不用付费的有吗"", ""query"": {""and"": [{""field"": ""children_third_genre"", ""value"": ""益智""}, {""field"": ""content_type"", ""value"": ""动画""}, {""field"": ""field"", ""value"": ""value""}, {""field"": ""country"", ""value"": ""中国""}, {""field"": ""is_fee"", ""value"": ""0""}]}}",11750
1k350,少儿,350,第1轮,来一部两岁宝宝看的动画,educ_search,"{""retext"": ""来一部两岁宝宝看的动画"", ""query"": {""field"": ""content_type"", ""value"": ""动画""}}",11751
1k350,少儿,350,第2轮,没有暴力画面,educ_search,"{""action"": ""search"", ""retext"": ""没有暴力画面"", ""query"": {""field"": ""content_type"", ""value"": ""动画""}}",11752
1k350,少儿,350,第3轮,单集五分钟的,educ_search,"{""action"": ""search"", ""retext"": ""单集五分钟的"", ""query"": {""field"": ""content_type"", ""value"": ""动画""}}",11753
1k350,少儿,350,第4轮,画面舒缓的,educ_search,"{""action"": ""search"", ""retext"": ""画面舒缓的"", ""query"": {""field"": ""content_type"", ""value"": ""动画""}}",11754
1k350,少儿,350,第5轮,不用花钱的有吗,educ_search,"{""action"": ""search"", ""retext"": ""不用花钱的有吗"", ""query"": {""and"": [{""field"": ""content_type"", ""value"": ""动画""}, {""field"": ""is_fee"", ""value"": ""0""}]}}",11755
1k351,少儿,351,第1轮,放几部3岁小孩听的儿歌,educ_search,"{""retext"": ""放几部3岁小孩听的儿歌"", ""query"": {""field"": ""children_second_genre"", ""value"": ""儿歌""}}",11756
1k351,少儿,351,第2轮,五到六岁的,educ_search,"{""action"": ""search"", ""retext"": ""五到六岁的"", ""query"": {""field"": ""children_second_genre"", ""value"": ""儿歌""}}",11757
1k351,少儿,351,第3轮,不花钱的有没有,educ_search,"{""action"": ""search"", ""retext"": ""不花钱的有没有"", ""query"": {""and"": [{""field"": ""children_second_genre"", ""value"": ""儿歌""}, {""field"": ""is_fee"", ""value"": ""0""}]}}",11758
1k351,少儿,351,第4轮,能跟唱的,educ_search,"{""action"": ""search"", ""retext"": ""能跟唱的"", ""query"": {""and"": [{""field"": ""children_second_genre"", ""value"": ""儿歌""}, {""field"": ""is_fee"", ""value"": ""0""}]}}",11759
1k351,少儿,351,第5轮,带跟唱的,educ_search,"{""action"": ""search"", ""retext"": ""带跟唱的"", ""query"": {""and"": [{""field"": ""children_second_genre"", ""value"": ""儿歌""}, {""field"": ""is_fee"", ""value"": ""0""}]}}",11760
1k352,少儿,352,第1轮,有啥好看的恐龙科普动画,educ_search,"{""retext"": ""有啥好看的恐龙科普动画"", ""query"": {""and"": [{""field"": ""children_third_genre"", ""value"": ""恐龙""}, {""field"": ""children_second_genre"", ""value"": ""科普""}, {""field"": ""content_type"", ""value"": ""动画""}]}}",11761
1k352,少儿,352,第2轮,一季以上,educ_search,"{""action"": ""search"", ""retext"": ""一季以上"", ""query"": {""and"": [{""field"": ""children_third_genre"", ""value"": ""恐龙""}, {""field"": ""children_second_genre"", ""value"": ""科普""}, {""field"": ""content_type"", ""value"": ""动画""}]}}",11762
1k352,少儿,352,第3轮,换一种的,educ_fuzzy_search,"{""query"": ""换一种的""}",11763
1k352,少儿,352,第4轮,适合8岁男孩的,educ_search,"{""action"": ""search"", ""retext"": ""适合8岁男孩的"", ""query"": {""and"": [{""field"": ""children_third_genre"", ""value"": ""恐龙""}, {""field"": ""children_second_genre"", ""value"": ""科普""}, {""field"": ""content_type"", ""value"": ""动画""}]}}",11764
1k352,少儿,352,第5轮,来点别的类型,educ_fuzzy_search,"{""query"": ""来点别的类型""}",11765
1k353,少儿,353,第1轮,来点给孩子听睡前故事,audio_search,"{""action"": ""search"", ""query"": {}}",11766
1k353,少儿,353,第2轮,换一个故事,educ_fuzzy_search,"{""query"": ""换一个故事""}",11767
1k353,少儿,353,第3轮,男的读的,educ_search,"{""action"": ""search"", ""retext"": ""男的读的"", ""query"": {""field"": ""children_second_genre"", ""value"": ""故事""}}",11768
1k353,少儿,353,第4轮,换个故事吧,educ_fuzzy_search,"{""query"": ""换个故事吧""}",11769
1k353,少儿,353,第5轮,中国民间故事的,educ_search,"{""action"": ""search"", ""retext"": ""中国民间故事的"", ""query"": {""and"": [{""field"": ""children_second_genre"", ""value"": ""故事""}, {""field"": ""field"", ""value"": ""value""}, {""field"": ""country"", ""value"": ""中国""}]}}",11770
1k354,少儿,354,第1轮,最近想看幼儿识字动画,educ_search,"{""retext"": ""最近想看幼儿识字动画"", ""query"": {""and"": [{""field"": ""training_objectives"", ""value"": ""识字""}, {""field"": ""content_type"", ""value"": ""动画""}]}}",11771
1k354,少儿,354,第2轮,一次认一两个,educ_search,"{""action"": ""search"", ""retext"": ""一次认一两个"", ""query"": {""and"": [{""field"": ""training_objectives"", ""value"": ""识字""}, {""field"": ""content_type"", ""value"": ""动画""}]}}",11772
1k354,少儿,354,第3轮,要钱吗,educ_search,"{""action"": ""search"", ""retext"": ""要钱吗"", ""query"": {""and"": [{""field"": ""training_objectives"", ""value"": ""识字""}, {""field"": ""content_type"", ""value"": ""动画""}]}}",11773
1k354,少儿,354,第4轮,先学常用字的,educ_search,"{""action"": ""search"", ""retext"": ""先学常用字的"", ""query"": {""and"": [{""field"": ""training_objectives"", ""value"": ""识字""}, {""field"": ""content_type"", ""value"": ""动画""}]}}",11774
1k354,少儿,354,第5轮,每集认一两个字的,educ_search,"{""action"": ""search"", ""retext"": ""每集认一两个字的"", ""query"": {""and"": [{""field"": ""training_objectives"", ""value"": ""识字""}, {""field"": ""content_type"", ""value"": ""动画""}]}}",11775
1k355,少儿,355,第1轮,放两岁宝宝看的动画,educ_search,"{""retext"": ""放两岁宝宝看的动画"", ""query"": {""field"": ""content_type"", ""value"": ""动画""}}",11776
1k355,少儿,355,第2轮,画面慢一点的,educ_search,"{""action"": ""search"", ""retext"": ""画面慢一点的"", ""query"": {""field"": ""content_type"", ""value"": ""动画""}}",11777
1k355,少儿,355,第3轮,慢节奏的,educ_search,"{""action"": ""search"", ""retext"": ""慢节奏的"", ""query"": {""field"": ""content_type"", ""value"": ""动画""}}",11778
1k355,少儿,355,第4轮,单集5分钟内的那种,educ_search,"{""action"": ""search"", ""retext"": ""单集5分钟内的那种"", ""query"": {""field"": ""content_type"", ""value"": ""动画""}}",11779
1k355,少儿,355,第5轮,没有打斗的,educ_search,"{""action"": ""search"", ""retext"": ""没有打斗的"", ""query"": {""field"": ""content_type"", ""value"": ""动画""}}",11780
1k356,少儿,356,第1轮,来一部3岁小孩听的儿歌,educ_search,"{""retext"": ""来一部3岁小孩听的儿歌"", ""query"": {""field"": ""children_second_genre"", ""value"": ""儿歌""}}",11781
1k356,少儿,356,第2轮,不收费的有吗,educ_search,"{""action"": ""search"", ""retext"": ""不收费的有吗"", ""query"": {""and"": [{""field"": ""children_second_genre"", ""value"": ""儿歌""}, {""field"": ""is_fee"", ""value"": ""0""}]}}",11782
1k356,少儿,356,第3轮,要去年那种,educ_search_all,"{""action"": ""search"", ""retext"": ""要去年那种"", ""query"": {""and"": [{""field"": ""children_second_genre"", ""value"": ""儿歌""}, {""field"": ""is_fee"", ""value"": ""0""}, {""field"": ""field"", ""value"": ""value""}, {""field"": ""release_time"", ""value"": ""去年""}]}}",11783
1k356,少儿,356,第4轮,5-6岁的,educ_search,"{""action"": ""search"", ""retext"": ""5-6岁的"", ""query"": {""and"": [{""field"": ""children_second_genre"", ""value"": ""儿歌""}, {""field"": ""is_fee"", ""value"": ""0""}, {""field"": ""field"", ""value"": ""value""}, {""field"": ""release_time"", ""value"": ""去年""}]}}",11784
1k356,少儿,356,第5轮,免费的,educ_search,"{""action"": ""search"", ""retext"": ""免费的"", ""query"": {""and"": [{""field"": ""children_second_genre"", ""value"": ""儿歌""}, {""field"": ""is_fee"", ""value"": ""0""}, {""field"": ""field"", ""value"": ""value""}, {""field"": ""release_time"", ""value"": ""去年""}]}}",11785
1k357,少儿,357,第1轮,有没有好看的恐龙科普动画,educ_search,"{""retext"": ""有没有好看的恐龙科普动画"", ""query"": {""and"": [{""field"": ""children_third_genre"", ""value"": ""恐龙""}, {""field"": ""children_second_genre"", ""value"": ""科普""}, {""field"": ""content_type"", ""value"": ""动画""}]}}",11786
1k357,少儿,357,第2轮,一季以上,educ_search,"{""action"": ""search"", ""retext"": ""一季以上"", ""query"": {""and"": [{""field"": ""children_third_genre"", ""value"": ""恐龙""}, {""field"": ""children_second_genre"", ""value"": ""科普""}, {""field"": ""content_type"", ""value"": ""动画""}]}}",11787
1k357,少儿,357,第3轮,来点别的类型的那种,educ_fuzzy_search,"{""query"": ""来点别的类型的那种""}",11788
1k357,少儿,357,第4轮,换个类型的,educ_fuzzy_search,"{""query"": ""换个类型的""}",11789
1k357,少儿,357,第5轮,适合八岁孩子的,educ_search,"{""action"": ""search"", ""retext"": ""适合八岁孩子的"", ""query"": {""and"": [{""field"": ""children_third_genre"", ""value"": ""恐龙""}, {""field"": ""children_second_genre"", ""value"": ""科普""}, {""field"": ""content_type"", ""value"": ""动画""}]}}",11790
1k358,少儿,358,第1轮,来一部教小孩安全知识的动画,educ_search,"{""retext"": ""来一部教小孩安全知识的动画"", ""query"": {""and"": [{""field"": ""training_objectives"", ""value"": ""安全教育""}, {""field"": ""content_type"", ""value"": ""动画""}]}}",11791
1k358,少儿,358,第2轮,有字幕的吗,educ_search,"{""action"": ""search"", ""retext"": ""有字幕的吗"", ""query"": {""and"": [{""field"": ""training_objectives"", ""value"": ""安全教育""}, {""field"": ""content_type"", ""value"": ""动画""}]}}",11792
1k358,少儿,358,第3轮,是国产的吗,educ_search_all,"{""action"": ""search"", ""retext"": ""是国产的吗"", ""query"": {""and"": [{""field"": ""training_objectives"", ""value"": ""安全教育""}, {""field"": ""content_type"", ""value"": ""动画""}, {""field"": ""field"", ""value"": ""value""}, {""field"": ""country"", ""value"": ""中国""}]}}",11793
1k358,少儿,358,第4轮,交通安全那种,educ_search,"{""action"": ""search"", ""retext"": ""交通安全那种"", ""query"": {""and"": [{""field"": ""training_objectives"", ""value"": ""安全教育""}, {""field"": ""content_type"", ""value"": ""动画""}, {""field"": ""field"", ""value"": ""value""}, {""field"": ""country"", ""value"": ""中国""}]}}",11794
1k358,少儿,358,第5轮,三到六岁的,educ_search,"{""action"": ""search"", ""retext"": ""三到六岁的"", ""query"": {""and"": [{""field"": ""training_objectives"", ""value"": ""安全教育""}, {""field"": ""content_type"", ""value"": ""动画""}, {""field"": ""field"", ""value"": ""value""}, {""field"": ""country"", ""value"": ""中国""}]}}",11795
1k359,少儿,359,第1轮,我想看小男孩的动画片,educ_search,"{""retext"": ""我想看小男孩的动画片"", ""query"": {""field"": ""content_type"", ""value"": ""动画""}}",11796
1k359,少儿,359,第2轮,一季以上的有没有,educ_search,"{""action"": ""search"", ""retext"": ""一季以上的有没有"", ""query"": {""field"": ""content_type"", ""value"": ""动画""}}",11797
1k359,少儿,359,第3轮,奶龙这种类型的,educ_relate_search,"{""action"": ""search"", ""query"": {""and"": [{""field"": ""title"", ""value"": ""奶龙""}, {""field"": ""content_type"", ""value"": ""动画""}]}}",11798
1k359,少儿,359,第4轮,国产的有没有的那种,educ_search_all,"{""action"": ""search"", ""retext"": ""国产的有没有的那种"", ""query"": {""and"": [{""field"": ""content_type"", ""value"": ""动画""}, {""field"": ""field"", ""value"": ""value""}, {""field"": ""country"", ""value"": ""中国""}]}}",11799
1k359,少儿,359,第5轮,不暴力的,educ_search,"{""action"": ""search"", ""retext"": ""不暴力的"", ""query"": {""and"": [{""field"": ""content_type"", ""value"": ""动画""}, {""field"": ""field"", ""value"": ""value""}, {""field"": ""country"", ""value"": ""中国""}]}}",11800
1k360,少儿,360,第1轮,最近想看给孩子听睡前故事,audio_search,"{""action"": ""search"", ""query"": {}}",11801
1k360,少儿,360,第2轮,不用付费的有没有,educ_search,"{""action"": ""search"", ""retext"": ""不用付费的有没有"", ""query"": {""and"": [{""field"": ""children_second_genre"", ""value"": ""故事""}, {""field"": ""is_fee"", ""value"": ""0""}]}}",11802
1k360,少儿,360,第3轮,十分钟左右的,educ_search,"{""action"": ""search"", ""retext"": ""十分钟左右的"", ""query"": {""and"": [{""field"": ""children_second_genre"", ""value"": ""故事""}, {""field"": ""is_fee"", ""value"": ""0""}]}}",11803
1k360,少儿,360,第4轮,换一篇,educ_fuzzy_search,"{""query"": ""换一篇""}",11804
1k360,少儿,360,第5轮,中国传统故事,educ_search,"{""action"": ""search"", ""retext"": ""中国传统故事"", ""query"": {""and"": [{""field"": ""children_second_genre"", ""value"": ""故事""}, {""field"": ""is_fee"", ""value"": ""0""}, {""field"": ""field"", ""value"": ""value""}, {""field"": ""country"", ""value"": ""中国""}]}}",11805
1k361,少儿,361,第1轮,看看启蒙数学的动画片,educ_search,"{""retext"": ""看看启蒙数学的动画片"", ""query"": {""and"": [{""field"": ""children_second_genre"", ""value"": ""数学""}, {""field"": ""content_type"", ""value"": ""动画""}]}}",11806
1k361,少儿,361,第2轮,一季以上的有吗,educ_search,"{""action"": ""search"", ""retext"": ""一季以上的有吗"", ""query"": {""and"": [{""field"": ""children_second_genre"", ""value"": ""数学""}, {""field"": ""content_type"", ""value"": ""动画""}]}}",11807
1k361,少儿,361,第3轮,4岁能看的,educ_search,"{""action"": ""search"", ""retext"": ""4岁能看的"", ""query"": {""and"": [{""field"": ""children_second_genre"", ""value"": ""数学""}, {""field"": ""content_type"", ""value"": ""动画""}]}}",11808
1k361,少儿,361,第4轮,要颜色鲜艳的,educ_search,"{""action"": ""search"", ""retext"": ""要颜色鲜艳的"", ""query"": {""and"": [{""field"": ""children_second_genre"", ""value"": ""数学""}, {""field"": ""content_type"", ""value"": ""动画""}]}}",11809
1k361,少儿,361,第5轮,数数算术的,educ_search,"{""action"": ""search"", ""retext"": ""数数算术的"", ""query"": {""and"": [{""field"": ""children_second_genre"", ""value"": ""数学""}, {""field"": ""content_type"", ""value"": ""动画""}]}}",11810
1k362,少儿,362,第1轮,找点儿童科普节目,educ_search,"{""retext"": ""找点儿童科普节目"", ""query"": {""and"": [{""field"": ""children_second_genre"", ""value"": ""科普""}, {""field"": ""content_type"", ""value"": ""动画""}]}}",11811
1k362,少儿,362,第2轮,1080P的,educ_search,"{""action"": ""search"", ""retext"": ""1080P的"", ""query"": {""and"": [{""field"": ""children_second_genre"", ""value"": ""科普""}, {""field"": ""content_type"", ""value"": ""动画""}]}}",11812
1k362,少儿,362,第3轮,要1080P的,educ_search,"{""action"": ""search"", ""retext"": ""要1080P的"", ""query"": {""and"": [{""field"": ""children_second_genre"", ""value"": ""科普""}, {""field"": ""content_type"", ""value"": ""动画""}]}}",11813
1k362,少儿,362,第4轮,免费的,educ_search,"{""action"": ""search"", ""retext"": ""免费的"", ""query"": {""and"": [{""field"": ""children_second_genre"", ""value"": ""科普""}, {""field"": ""content_type"", ""value"": ""动画""}, {""field"": ""is_fee"", ""value"": ""0""}]}}",11814
1k362,少儿,362,第5轮,1080P那种,educ_search,"{""action"": ""search"", ""retext"": ""1080P那种"", ""query"": {""and"": [{""field"": ""children_second_genre"", ""value"": ""科普""}, {""field"": ""content_type"", ""value"": ""动画""}, {""field"": ""is_fee"", ""value"": ""0""}]}}",11815
1k363,少儿,363,第1轮,有啥好看的幼儿识字动画,educ_search,"{""retext"": ""有啥好看的幼儿识字动画"", ""query"": {""and"": [{""field"": ""training_objectives"", ""value"": ""识字""}, {""field"": ""content_type"", ""value"": ""动画""}]}}",11816
1k363,少儿,363,第2轮,每集一两个字,educ_search,"{""action"": ""search"", ""retext"": ""每集一两个字"", ""query"": {""and"": [{""field"": ""training_objectives"", ""value"": ""识字""}, {""field"": ""content_type"", ""value"": ""动画""}]}}",11817
1k363,少儿,363,第3轮,要先学常用字的,educ_search,"{""action"": ""search"", ""retext"": ""要先学常用字的"", ""query"": {""and"": [{""field"": ""training_objectives"", ""value"": ""识字""}, {""field"": ""content_type"", ""value"": ""动画""}]}}",11818
1k363,少儿,363,第4轮,常用字优先,educ_search,"{""action"": ""search"", ""retext"": ""常用字优先"", ""query"": {""and"": [{""field"": ""training_objectives"", ""value"": ""识字""}, {""field"": ""content_type"", ""value"": ""动画""}]}}",11819
1k363,少儿,363,第5轮,每集认一两个字的,educ_search,"{""action"": ""search"", ""retext"": ""每集认一两个字的"", ""query"": {""and"": [{""field"": ""training_objectives"", ""value"": ""识字""}, {""field"": ""content_type"", ""value"": ""动画""}]}}",11820
1k364,少儿,364,第1轮,有没有好看的找儿童益智游戏视频,educ_search,"{""retext"": ""有没有好看的找儿童益智游戏视频"", ""query"": {""and"": [{""field"": ""children_third_genre"", ""value"": ""益智""}, {""field"": ""content_type"", ""value"": ""动画""}]}}",11821
1k364,少儿,364,第2轮,要无广告的,educ_search,"{""action"": ""search"", ""retext"": ""要无广告的"", ""query"": {""and"": [{""field"": ""children_third_genre"", ""value"": ""益智""}, {""field"": ""content_type"", ""value"": ""动画""}]}}",11822
1k364,少儿,364,第3轮,国产的有吗,educ_search_all,"{""action"": ""search"", ""retext"": ""国产的有吗"", ""query"": {""and"": [{""field"": ""children_third_genre"", ""value"": ""益智""}, {""field"": ""content_type"", ""value"": ""动画""}, {""field"": ""field"", ""value"": ""value""}, {""field"": ""country"", ""value"": ""中国""}]}}",11823
1k364,少儿,364,第4轮,拼图游戏的,educ_search,"{""action"": ""search"", ""retext"": ""拼图游戏的"", ""query"": {""and"": [{""field"": ""children_third_genre"", ""value"": ""益智""}, {""field"": ""content_type"", ""value"": ""动画""}, {""field"": ""field"", ""value"": ""value""}, {""field"": ""country"", ""value"": ""中国""}]}}",11824
1k364,少儿,364,第5轮,不用付费的有吗,educ_search,"{""action"": ""search"", ""retext"": ""不用付费的有吗"", ""query"": {""and"": [{""field"": ""children_third_genre"", ""value"": ""益智""}, {""field"": ""content_type"", ""value"": ""动画""}, {""field"": ""field"", ""value"": ""value""}, {""field"": ""country"", ""value"": ""中国""}, {""field"": ""is_fee"", ""value"": ""0""}]}}",11825
1k365,少儿,365,第1轮,我想看两岁宝宝看的动画,educ_search,"{""retext"": ""我想看两岁宝宝看的动画"", ""query"": {""field"": ""content_type"", ""value"": ""动画""}}",11826
1k365,少儿,365,第2轮,单集5分钟内,educ_search,"{""action"": ""search"", ""retext"": ""单集5分钟内"", ""query"": {""field"": ""content_type"", ""value"": ""动画""}}",11827
1k365,少儿,365,第3轮,中文的有吗,educ_search,"{""action"": ""search"", ""retext"": ""中文的有吗"", ""query"": {""and"": [{""field"": ""content_type"", ""value"": ""动画""}, {""field"": ""language"", ""value"": ""中文""}]}}",11828
1k365,少儿,365,第4轮,画面舒缓的,educ_search,"{""action"": ""search"", ""retext"": ""画面舒缓的"", ""query"": {""and"": [{""field"": ""content_type"", ""value"": ""动画""}, {""field"": ""language"", ""value"": ""中文""}]}}",11829
1k365,少儿,365,第5轮,每集五分钟,educ_search,"{""action"": ""search"", ""retext"": ""每集五分钟"", ""query"": {""and"": [{""field"": ""content_type"", ""value"": ""动画""}, {""field"": ""language"", ""value"": ""中文""}]}}",11830
1k366,少儿,366,第1轮,有没有好看的给孩子听睡前故事,audio_search,"{""action"": ""search"", ""query"": {}}",11831
1k366,少儿,366,第2轮,男声朗读的,educ_search,"{""action"": ""search"", ""query"": {}}",11832
1k366,少儿,366,第3轮,要十分钟的,educ_search,"{""action"": ""search"", ""retext"": ""要十分钟的"", ""query"": {""field"": ""children_second_genre"", ""value"": ""故事""}}",11833
1k366,少儿,366,第4轮,民俗故事,educ_search,"{""action"": ""search"", ""retext"": ""民俗故事"", ""query"": {""field"": ""children_second_genre"", ""value"": ""故事""}}",11834
1k366,少儿,366,第5轮,不用付费的有没有,educ_search,"{""action"": ""search"", ""retext"": ""不用付费的有没有"", ""query"": {""and"": [{""field"": ""children_second_genre"", ""value"": ""故事""}, {""field"": ""is_fee"", ""value"": ""0""}]}}",11835
1k367,少儿,367,第1轮,推荐些启蒙数学的动画片,educ_search,"{""retext"": ""推荐些启蒙数学的动画片"", ""query"": {""and"": [{""field"": ""children_second_genre"", ""value"": ""数学""}, {""field"": ""content_type"", ""value"": ""动画""}]}}",11836
1k367,少儿,367,第2轮,讲加减法的,educ_search,"{""action"": ""search"", ""retext"": ""讲加减法的"", ""query"": {""and"": [{""field"": ""children_second_genre"", ""value"": ""数学""}, {""field"": ""content_type"", ""value"": ""动画""}]}}",11837
1k367,少儿,367,第3轮,一季以上的有吗,educ_search,"{""action"": ""search"", ""retext"": ""一季以上的有吗"", ""query"": {""and"": [{""field"": ""children_second_genre"", ""value"": ""数学""}, {""field"": ""content_type"", ""value"": ""动画""}]}}",11838
1k367,少儿,367,第4轮,要画面活泼的,educ_search,"{""action"": ""search"", ""retext"": ""要画面活泼的"", ""query"": {""and"": [{""field"": ""children_second_genre"", ""value"": ""数学""}, {""field"": ""content_type"", ""value"": ""动画""}]}}",11839
1k367,少儿,367,第5轮,四岁的,educ_search,"{""action"": ""search"", ""retext"": ""四岁的"", ""query"": {""and"": [{""field"": ""children_second_genre"", ""value"": ""数学""}, {""field"": ""content_type"", ""value"": ""动画""}]}}",11840
1k368,少儿,368,第1轮,来几部幼儿识字动画,educ_search,"{""retext"": ""来几部幼儿识字动画"", ""query"": {""and"": [{""field"": ""training_objectives"", ""value"": ""识字""}, {""field"": ""content_type"", ""value"": ""动画""}]}}",11841
1k368,少儿,368,第2轮,每集一两个字,educ_search,"{""action"": ""search"", ""retext"": ""每集一两个字"", ""query"": {""and"": [{""field"": ""training_objectives"", ""value"": ""识字""}, {""field"": ""content_type"", ""value"": ""动画""}]}}",11842
1k368,少儿,368,第3轮,是付费的吗,educ_search,"{""action"": ""search"", ""retext"": ""是付费的吗"", ""query"": {""and"": [{""field"": ""training_objectives"", ""value"": ""识字""}, {""field"": ""content_type"", ""value"": ""动画""}]}}",11843
1k368,少儿,368,第4轮,常用字优先,educ_search,"{""action"": ""search"", ""retext"": ""常用字优先"", ""query"": {""and"": [{""field"": ""training_objectives"", ""value"": ""识字""}, {""field"": ""content_type"", ""value"": ""动画""}]}}",11844
1k368,少儿,368,第5轮,要钱吗,educ_search,"{""action"": ""search"", ""retext"": ""要钱吗"", ""query"": {""and"": [{""field"": ""training_objectives"", ""value"": ""识字""}, {""field"": ""content_type"", ""value"": ""动画""}]}}",11845
1k369,少儿,369,第1轮,想看找儿童益智游戏视频,educ_search,"{""retext"": ""想看找儿童益智游戏视频"", ""query"": {""and"": [{""field"": ""children_third_genre"", ""value"": ""益智""}, {""field"": ""content_type"", ""value"": ""动画""}]}}",11846
1k369,少儿,369,第2轮,拼图类的,educ_search,"{""action"": ""search"", ""retext"": ""拼图类的"", ""query"": {""and"": [{""field"": ""children_third_genre"", ""value"": ""益智""}, {""field"": ""content_type"", ""value"": ""动画""}]}}",11847
1k369,少儿,369,第3轮,纯净水的那种,educ_search,"{""action"": ""search"", ""retext"": ""纯净水的那种"", ""query"": {""and"": [{""field"": ""children_third_genre"", ""value"": ""益智""}, {""field"": ""content_type"", ""value"": ""动画""}]}}",11848
1k369,少儿,369,第4轮,不用付费的有吗,educ_search,"{""action"": ""search"", ""retext"": ""不用付费的有吗"", ""query"": {""and"": [{""field"": ""children_third_genre"", ""value"": ""益智""}, {""field"": ""content_type"", ""value"": ""动画""}, {""field"": ""is_fee"", ""value"": ""0""}]}}",11849
1k369,少儿,369,第5轮,没广告的,educ_search,"{""action"": ""search"", ""retext"": ""没广告的"", ""query"": {""and"": [{""field"": ""children_third_genre"", ""value"": ""益智""}, {""field"": ""content_type"", ""value"": ""动画""}, {""field"": ""is_fee"", ""value"": ""0""}]}}",11850
1k370,少儿,370,第1轮,有哪些两岁宝宝看的动画,educ_search,"{""retext"": ""有哪些两岁宝宝看的动画"", ""query"": {""field"": ""content_type"", ""value"": ""动画""}}",11851
1k370,少儿,370,第2轮,画面慢一点的,educ_search,"{""action"": ""search"", ""retext"": ""画面慢一点的"", ""query"": {""field"": ""content_type"", ""value"": ""动画""}}",11852
1k370,少儿,370,第3轮,不用花钱的有吗,educ_search,"{""action"": ""search"", ""retext"": ""不用花钱的有吗"", ""query"": {""and"": [{""field"": ""content_type"", ""value"": ""动画""}, {""field"": ""is_fee"", ""value"": ""0""}]}}",11853
1k370,少儿,370,第4轮,单集五分钟的,educ_search,"{""action"": ""search"", ""retext"": ""单集五分钟的"", ""query"": {""and"": [{""field"": ""content_type"", ""value"": ""动画""}, {""field"": ""is_fee"", ""value"": ""0""}]}}",11854
1k370,少儿,370,第5轮,每集五分钟,educ_search,"{""action"": ""search"", ""retext"": ""每集五分钟"", ""query"": {""and"": [{""field"": ""content_type"", ""value"": ""动画""}, {""field"": ""is_fee"", ""value"": ""0""}]}}",11855
1k371,少儿,371,第1轮,有什么好看的3岁小孩听的儿歌,educ_search,"{""retext"": ""有什么好看的3岁小孩听的儿歌"", ""query"": {""field"": ""children_second_genre"", ""value"": ""儿歌""}}",11856
1k371,少儿,371,第2轮,可以跟唱的,educ_search,"{""action"": ""search"", ""retext"": ""可以跟唱的"", ""query"": {""field"": ""children_second_genre"", ""value"": ""儿歌""}}",11857
1k371,少儿,371,第3轮,去年那种,educ_search_all,"{""action"": ""search"", ""retext"": ""去年那种"", ""query"": {""and"": [{""field"": ""children_second_genre"", ""value"": ""儿歌""}, {""field"": ""field"", ""value"": ""value""}, {""field"": ""release_time"", ""value"": ""去年""}]}}",11858
1k371,少儿,371,第4轮,中文配音的,educ_search,"{""action"": ""search"", ""query"": {}}",11859
1k371,少儿,371,第5轮,五到六岁的,educ_search,"{""action"": ""search"", ""retext"": ""五到六岁的"", ""query"": {""and"": [{""field"": ""children_second_genre"", ""value"": ""儿歌""}, {""field"": ""field"", ""value"": ""value""}, {""field"": ""release_time"", ""value"": ""去年""}]}}",11860
1k372,少儿,372,第1轮,恐龙科普动画有哪些,educ_search,"{""retext"": ""恐龙科普动画有哪些"", ""query"": {""and"": [{""field"": ""children_third_genre"", ""value"": ""恐龙""}, {""field"": ""children_second_genre"", ""value"": ""科普""}, {""field"": ""content_type"", ""value"": ""动画""}]}}",11861
1k372,少儿,372,第2轮,换一个其他类型的,educ_fuzzy_search,"{""query"": ""换一个其他类型的""}",11862
1k372,少儿,372,第3轮,来点别的类型,educ_fuzzy_search,"{""query"": ""来点别的类型""}",11863
1k372,少儿,372,第4轮,换一种的,educ_fuzzy_search,"{""query"": ""换一种的""}",11864
1k372,少儿,372,第5轮,换个类型的,educ_fuzzy_search,"{""query"": ""换个类型的""}",11865
1k373,少儿,373,第1轮,有啥好看的给孩子听睡前故事,audio_search,"{""action"": ""search"", ""query"": {}}",11866
1k373,少儿,373,第2轮,民间故事,educ_search,"{""action"": ""search"", ""retext"": ""民间故事"", ""query"": {""field"": ""children_second_genre"", ""value"": ""故事""}}",11867
1k373,少儿,373,第3轮,10分钟左右的,educ_search,"{""action"": ""search"", ""retext"": ""10分钟左右的"", ""query"": {""field"": ""children_second_genre"", ""value"": ""故事""}}",11868
1k373,少儿,373,第4轮,中国民间故事的,educ_search,"{""action"": ""search"", ""retext"": ""中国民间故事的"", ""query"": {""and"": [{""field"": ""children_second_genre"", ""value"": ""故事""}, {""field"": ""field"", ""value"": ""value""}, {""field"": ""country"", ""value"": ""中国""}]}}",11869
1k373,少儿,373,第5轮,换一个故事,educ_fuzzy_search,"{""query"": ""换一个故事""}",11870
1k374,少儿,374,第1轮,好看的儿童科普节目,educ_search,"{""retext"": ""好看的儿童科普节目"", ""query"": {""and"": [{""field"": ""children_second_genre"", ""value"": ""科普""}, {""field"": ""content_type"", ""value"": ""动画""}]}}",11871
1k374,少儿,374,第2轮,字幕版,educ_search,"{""action"": ""search"", ""retext"": ""字幕版"", ""query"": {""and"": [{""field"": ""children_second_genre"", ""value"": ""科普""}, {""field"": ""content_type"", ""value"": ""动画""}]}}",11872
1k374,少儿,374,第3轮,小学生能看的,educ_search,"{""action"": ""search"", ""retext"": ""小学生能看的"", ""query"": {""and"": [{""field"": ""children_second_genre"", ""value"": ""科普""}, {""field"": ""content_type"", ""value"": ""动画""}]}}",11873
1k374,少儿,374,第4轮,讲太空的,educ_search,"{""action"": ""search"", ""retext"": ""讲太空的"", ""query"": {""and"": [{""field"": ""children_second_genre"", ""value"": ""科普""}, {""field"": ""content_type"", ""value"": ""动画""}]}}",11874
1k374,少儿,374,第5轮,要1080P的,educ_search,"{""action"": ""search"", ""retext"": ""要1080P的"", ""query"": {""and"": [{""field"": ""children_second_genre"", ""value"": ""科普""}, {""field"": ""content_type"", ""value"": ""动画""}]}}",11875
1k375,少儿,375,第1轮,推荐些两岁宝宝看的动画,educ_search,"{""retext"": ""推荐些两岁宝宝看的动画"", ""query"": {""field"": ""content_type"", ""value"": ""动画""}}",11876
1k375,少儿,375,第2轮,画面舒缓的,educ_search,"{""action"": ""search"", ""retext"": ""画面舒缓的"", ""query"": {""field"": ""content_type"", ""value"": ""动画""}}",11877
1k375,少儿,375,第3轮,温和的,educ_search,"{""action"": ""search"", ""retext"": ""温和的"", ""query"": {""field"": ""content_type"", ""value"": ""动画""}}",11878
1k375,少儿,375,第4轮,中文的有吗,educ_search,"{""action"": ""search"", ""retext"": ""中文的有吗"", ""query"": {""and"": [{""field"": ""content_type"", ""value"": ""动画""}, {""field"": ""language"", ""value"": ""中文""}]}}",11879
1k375,少儿,375,第5轮,节奏慢点的,educ_search,"{""action"": ""search"", ""retext"": ""节奏慢点的"", ""query"": {""and"": [{""field"": ""content_type"", ""value"": ""动画""}, {""field"": ""language"", ""value"": ""中文""}]}}",11880
1k376,少儿,376,第1轮,我想看恐龙科普动画,educ_search,"{""retext"": ""我想看恐龙科普动画"", ""query"": {""and"": [{""field"": ""children_third_genre"", ""value"": ""恐龙""}, {""field"": ""children_second_genre"", ""value"": ""科普""}, {""field"": ""content_type"", ""value"": ""动画""}]}}",11881
1k376,少儿,376,第2轮,要适合8岁男孩的,educ_search,"{""action"": ""search"", ""retext"": ""要适合8岁男孩的"", ""query"": {""and"": [{""field"": ""children_third_genre"", ""value"": ""恐龙""}, {""field"": ""children_second_genre"", ""value"": ""科普""}, {""field"": ""content_type"", ""value"": ""动画""}]}}",11882
1k376,少儿,376,第3轮,适合八岁孩子的,educ_search,"{""action"": ""search"", ""retext"": ""适合八岁孩子的"", ""query"": {""and"": [{""field"": ""children_third_genre"", ""value"": ""恐龙""}, {""field"": ""children_second_genre"", ""value"": ""科普""}, {""field"": ""content_type"", ""value"": ""动画""}]}}",11883
1k376,少儿,376,第4轮,一季以上,educ_search,"{""action"": ""search"", ""retext"": ""一季以上"", ""query"": {""and"": [{""field"": ""children_third_genre"", ""value"": ""恐龙""}, {""field"": ""children_second_genre"", ""value"": ""科普""}, {""field"": ""content_type"", ""value"": ""动画""}]}}",11884
1k376,少儿,376,第5轮,季数多的,educ_search,"{""action"": ""search"", ""retext"": ""季数多的"", ""query"": {""and"": [{""field"": ""children_third_genre"", ""value"": ""恐龙""}, {""field"": ""children_second_genre"", ""value"": ""科普""}, {""field"": ""content_type"", ""value"": ""动画""}]}}",11885
1k377,少儿,377,第1轮,有哪些教小孩安全知识的动画,educ_search,"{""retext"": ""有哪些教小孩安全知识的动画"", ""query"": {""and"": [{""field"": ""training_objectives"", ""value"": ""安全教育""}, {""field"": ""content_type"", ""value"": ""动画""}]}}",11886
1k377,少儿,377,第2轮,3-6岁的,educ_search,"{""action"": ""search"", ""retext"": ""3-6岁的"", ""query"": {""and"": [{""field"": ""training_objectives"", ""value"": ""安全教育""}, {""field"": ""content_type"", ""value"": ""动画""}]}}",11887
1k377,少儿,377,第3轮,交通安全那种,educ_search,"{""action"": ""search"", ""retext"": ""交通安全那种"", ""query"": {""and"": [{""field"": ""training_objectives"", ""value"": ""安全教育""}, {""field"": ""content_type"", ""value"": ""动画""}]}}",11888
1k377,少儿,377,第4轮,有免费版的没有,educ_search,"{""action"": ""search"", ""retext"": ""有免费版的没有"", ""query"": {""and"": [{""field"": ""training_objectives"", ""value"": ""安全教育""}, {""field"": ""content_type"", ""value"": ""动画""}, {""field"": ""is_fee"", ""value"": ""0""}]}}",11889
1k377,少儿,377,第5轮,带字幕的有没有,educ_search,"{""action"": ""search"", ""retext"": ""带字幕的有没有"", ""query"": {""and"": [{""field"": ""training_objectives"", ""value"": ""安全教育""}, {""field"": ""content_type"", ""value"": ""动画""}, {""field"": ""is_fee"", ""value"": ""0""}]}}",11890
1k378,少儿,378,第1轮,来一部给孩子听睡前故事,audio_search,"{""action"": ""search"", ""query"": {}}",11891
1k378,少儿,378,第2轮,男声的,educ_search,"{""action"": ""search"", ""retext"": ""男声的"", ""query"": {""field"": ""children_second_genre"", ""value"": ""故事""}}",11892
1k378,少儿,378,第3轮,十分钟左右的,educ_search,"{""action"": ""search"", ""retext"": ""十分钟左右的"", ""query"": {""field"": ""children_second_genre"", ""value"": ""故事""}}",11893
1k378,少儿,378,第4轮,10分钟左右的,educ_search,"{""action"": ""search"", ""retext"": ""10分钟左右的"", ""query"": {""field"": ""children_second_genre"", ""value"": ""故事""}}",11894
1k378,少儿,378,第5轮,换个故事吧,educ_fuzzy_search,"{""query"": ""换个故事吧""}",11895
1k379,少儿,379,第1轮,3岁小孩听的儿歌有哪些,educ_search,"{""retext"": ""3岁小孩听的儿歌有哪些"", ""query"": {""field"": ""children_second_genre"", ""value"": ""儿歌""}}",11896
1k379,少儿,379,第2轮,带跟唱的,educ_search,"{""action"": ""search"", ""retext"": ""带跟唱的"", ""query"": {""field"": ""children_second_genre"", ""value"": ""儿歌""}}",11897
1k379,少儿,379,第3轮,中文配音的,educ_search,"{""action"": ""search"", ""query"": {}}",11898
1k379,少儿,379,第4轮,中文的那版,educ_search,"{""action"": ""search"", ""retext"": ""中文的那版"", ""query"": {""and"": [{""field"": ""children_second_genre"", ""value"": ""儿歌""}, {""field"": ""language"", ""value"": ""中文""}]}}",11899
1k379,少儿,379,第5轮,5-6岁的,educ_search,"{""action"": ""search"", ""retext"": ""5-6岁的"", ""query"": {""and"": [{""field"": ""children_second_genre"", ""value"": ""儿歌""}, {""field"": ""language"", ""value"": ""中文""}]}}",11900
1k380,少儿,380,第1轮,想看小男孩的动画片,educ_search,"{""retext"": ""想看小男孩的动画片"", ""query"": {""field"": ""content_type"", ""value"": ""动画""}}",11901
1k380,少儿,380,第2轮,是国产的吗,educ_search_all,"{""action"": ""search"", ""retext"": ""是国产的吗"", ""query"": {""and"": [{""field"": ""content_type"", ""value"": ""动画""}, {""field"": ""field"", ""value"": ""value""}, {""field"": ""country"", ""value"": ""中国""}]}}",11902
1k380,少儿,380,第3轮,奶龙这种类型的,educ_relate_search,"{""action"": ""search"", ""query"": {""and"": [{""field"": ""title"", ""value"": ""奶龙""}, {""field"": ""content_type"", ""value"": ""动画""}]}}",11903
1k380,少儿,380,第4轮,打斗别太暴力的,educ_search,"{""action"": ""search"", ""retext"": ""打斗别太暴力的"", ""query"": {""and"": [{""field"": ""content_type"", ""value"": ""动画""}, {""field"": ""field"", ""value"": ""value""}, {""field"": ""country"", ""value"": ""中国""}]}}",11904
1k380,少儿,380,第5轮,不暴力的,educ_search,"{""action"": ""search"", ""retext"": ""不暴力的"", ""query"": {""and"": [{""field"": ""content_type"", ""value"": ""动画""}, {""field"": ""field"", ""value"": ""value""}, {""field"": ""country"", ""value"": ""中国""}]}}",11905
1k381,少儿,381,第1轮,有什么好看的幼儿识字动画,educ_search,"{""retext"": ""有什么好看的幼儿识字动画"", ""query"": {""and"": [{""field"": ""training_objectives"", ""value"": ""识字""}, {""field"": ""content_type"", ""value"": ""动画""}]}}",11906
1k381,少儿,381,第2轮,适合3到6岁的有没有,educ_search,"{""action"": ""search"", ""retext"": ""适合3到6岁的有没有"", ""query"": {""and"": [{""field"": ""training_objectives"", ""value"": ""识字""}, {""field"": ""content_type"", ""value"": ""动画""}]}}",11907
1k381,少儿,381,第3轮,常用字那种,educ_search,"{""action"": ""search"", ""retext"": ""常用字那种"", ""query"": {""and"": [{""field"": ""training_objectives"", ""value"": ""识字""}, {""field"": ""content_type"", ""value"": ""动画""}]}}",11908
1k381,少儿,381,第4轮,每集认一两个字的,educ_search,"{""action"": ""search"", ""retext"": ""每集认一两个字的"", ""query"": {""and"": [{""field"": ""training_objectives"", ""value"": ""识字""}, {""field"": ""content_type"", ""value"": ""动画""}]}}",11909
1k381,少儿,381,第5轮,先教常用字,educ_search,"{""action"": ""search"", ""retext"": ""先教常用字"", ""query"": {""and"": [{""field"": ""training_objectives"", ""value"": ""识字""}, {""field"": ""content_type"", ""value"": ""动画""}]}}",11910
1k382,少儿,382,第1轮,有哪些3岁小孩听的儿歌,educ_search,"{""retext"": ""有哪些3岁小孩听的儿歌"", ""query"": {""field"": ""children_second_genre"", ""value"": ""儿歌""}}",11911
1k382,少儿,382,第2轮,五到六岁的,educ_search,"{""action"": ""search"", ""retext"": ""五到六岁的"", ""query"": {""field"": ""children_second_genre"", ""value"": ""儿歌""}}",11912
1k382,少儿,382,第3轮,带跟唱的,educ_search,"{""action"": ""search"", ""retext"": ""带跟唱的"", ""query"": {""field"": ""children_second_genre"", ""value"": ""儿歌""}}",11913
1k382,少儿,382,第4轮,免费的有没有,educ_search,"{""action"": ""search"", ""retext"": ""免费的有没有"", ""query"": {""and"": [{""field"": ""children_second_genre"", ""value"": ""儿歌""}, {""field"": ""is_fee"", ""value"": ""0""}]}}",11914
1k382,少儿,382,第5轮,能跟着唱的,educ_search,"{""action"": ""search"", ""retext"": ""能跟着唱的"", ""query"": {""and"": [{""field"": ""children_second_genre"", ""value"": ""儿歌""}, {""field"": ""is_fee"", ""value"": ""0""}]}}",11915
1k383,少儿,383,第1轮,有什么教小孩安全知识的动画,educ_search,"{""retext"": ""有什么教小孩安全知识的动画"", ""query"": {""and"": [{""field"": ""training_objectives"", ""value"": ""安全教育""}, {""field"": ""content_type"", ""value"": ""动画""}]}}",11916
1k383,少儿,383,第2轮,有免费版的没有,educ_search,"{""action"": ""search"", ""retext"": ""有免费版的没有"", ""query"": {""and"": [{""field"": ""training_objectives"", ""value"": ""安全教育""}, {""field"": ""content_type"", ""value"": ""动画""}, {""field"": ""is_fee"", ""value"": ""0""}]}}",11917
1k383,少儿,383,第3轮,学龄前的,educ_search,"{""action"": ""search"", ""retext"": ""学龄前的"", ""query"": {""and"": [{""field"": ""training_objectives"", ""value"": ""安全教育""}, {""field"": ""content_type"", ""value"": ""动画""}, {""field"": ""is_fee"", ""value"": ""0""}]}}",11918
1k383,少儿,383,第4轮,带字幕的,educ_search,"{""action"": ""search"", ""retext"": ""带字幕的"", ""query"": {""and"": [{""field"": ""training_objectives"", ""value"": ""安全教育""}, {""field"": ""content_type"", ""value"": ""动画""}, {""field"": ""is_fee"", ""value"": ""0""}]}}",11919
1k383,少儿,383,第5轮,3-6岁的,educ_search,"{""action"": ""search"", ""retext"": ""3-6岁的"", ""query"": {""and"": [{""field"": ""training_objectives"", ""value"": ""安全教育""}, {""field"": ""content_type"", ""value"": ""动画""}, {""field"": ""is_fee"", ""value"": ""0""}]}}",11920
1k384,少儿,384,第1轮,推荐些给孩子听睡前故事,audio_search,"{""action"": ""search"", ""query"": {}}",11921
1k384,少儿,384,第2轮,换一个故事,educ_fuzzy_search,"{""query"": ""换一个故事""}",11922
1k384,少儿,384,第3轮,民俗故事,educ_search,"{""action"": ""search"", ""retext"": ""民俗故事"", ""query"": {""field"": ""children_second_genre"", ""value"": ""故事""}}",11923
1k384,少儿,384,第4轮,中国传统故事,educ_search,"{""action"": ""search"", ""retext"": ""中国传统故事"", ""query"": {""and"": [{""field"": ""children_second_genre"", ""value"": ""故事""}, {""field"": ""field"", ""value"": ""value""}, {""field"": ""country"", ""value"": ""中国""}]}}",11924
1k384,少儿,384,第5轮,十分钟左右的,educ_search,"{""action"": ""search"", ""retext"": ""十分钟左右的"", ""query"": {""and"": [{""field"": ""children_second_genre"", ""value"": ""故事""}, {""field"": ""field"", ""value"": ""value""}, {""field"": ""country"", ""value"": ""中国""}]}}",11925
1k385,少儿,385,第1轮,放几部儿童科普节目,educ_search,"{""retext"": ""放几部儿童科普节目"", ""query"": {""and"": [{""field"": ""children_second_genre"", ""value"": ""科普""}, {""field"": ""content_type"", ""value"": ""动画""}]}}",11926
1k385,少儿,385,第2轮,航天知识,educ_search,"{""action"": ""search"", ""retext"": ""航天知识"", ""query"": {""and"": [{""field"": ""children_second_genre"", ""value"": ""科普""}, {""field"": ""content_type"", ""value"": ""动画""}]}}",11927
1k385,少儿,385,第3轮,1080P的,educ_search,"{""action"": ""search"", ""retext"": ""1080P的"", ""query"": {""and"": [{""field"": ""children_second_genre"", ""value"": ""科普""}, {""field"": ""content_type"", ""value"": ""动画""}]}}",11928
1k385,少儿,385,第4轮,太空那种,educ_search,"{""action"": ""search"", ""retext"": ""太空那种"", ""query"": {""and"": [{""field"": ""children_second_genre"", ""value"": ""科普""}, {""field"": ""content_type"", ""value"": ""动画""}]}}",11929
1k385,少儿,385,第5轮,免费的有没有,educ_search,"{""action"": ""search"", ""retext"": ""免费的有没有"", ""query"": {""and"": [{""field"": ""children_second_genre"", ""value"": ""科普""}, {""field"": ""content_type"", ""value"": ""动画""}, {""field"": ""is_fee"", ""value"": ""0""}]}}",11930
1k386,少儿,386,第1轮,来点幼儿识字动画,educ_search,"{""retext"": ""来点幼儿识字动画"", ""query"": {""and"": [{""field"": ""training_objectives"", ""value"": ""识字""}, {""field"": ""content_type"", ""value"": ""动画""}]}}",11931
1k386,少儿,386,第2轮,发音标准的,educ_search,"{""action"": ""search"", ""retext"": ""发音标准的"", ""query"": {""and"": [{""field"": ""training_objectives"", ""value"": ""识字""}, {""field"": ""content_type"", ""value"": ""动画""}]}}",11932
1k386,少儿,386,第3轮,先教常用字,educ_search,"{""action"": ""search"", ""retext"": ""先教常用字"", ""query"": {""and"": [{""field"": ""training_objectives"", ""value"": ""识字""}, {""field"": ""content_type"", ""value"": ""动画""}]}}",11933
1k386,少儿,386,第4轮,一次认一两个,educ_search,"{""action"": ""search"", ""retext"": ""一次认一两个"", ""query"": {""and"": [{""field"": ""training_objectives"", ""value"": ""识字""}, {""field"": ""content_type"", ""value"": ""动画""}]}}",11934
1k386,少儿,386,第5轮,要付费吗,educ_search,"{""action"": ""search"", ""retext"": ""要付费吗"", ""query"": {""and"": [{""field"": ""training_objectives"", ""value"": ""识字""}, {""field"": ""content_type"", ""value"": ""动画""}, {""field"": ""is_fee"", ""value"": 1}]}}",11935
1k387,少儿,387,第1轮,看看给孩子听睡前故事,audio_search,"{""action"": ""search"", ""query"": {}}",11936
1k387,少儿,387,第2轮,十分钟的,educ_search,"{""action"": ""search"", ""retext"": ""十分钟的"", ""query"": {""field"": ""children_second_genre"", ""value"": ""故事""}}",11937
1k387,少儿,387,第3轮,换一篇,educ_fuzzy_search,"{""query"": ""换一篇""}",11938
1k387,少儿,387,第4轮,要民俗故事,educ_search,"{""action"": ""search"", ""retext"": ""要民俗故事"", ""query"": {""field"": ""children_second_genre"", ""value"": ""故事""}}",11939
1k387,少儿,387,第5轮,中国民间故事的,educ_search,"{""action"": ""search"", ""retext"": ""中国民间故事的"", ""query"": {""and"": [{""field"": ""children_second_genre"", ""value"": ""故事""}, {""field"": ""field"", ""value"": ""value""}, {""field"": ""country"", ""value"": ""中国""}]}}",11940
1k388,少儿,388,第1轮,找点启蒙数学的动画片,educ_search,"{""retext"": ""找点启蒙数学的动画片"", ""query"": {""and"": [{""field"": ""children_second_genre"", ""value"": ""数学""}, {""field"": ""content_type"", ""value"": ""动画""}]}}",11941
1k388,少儿,388,第2轮,适合4岁的,educ_search,"{""action"": ""search"", ""retext"": ""适合4岁的"", ""query"": {""and"": [{""field"": ""children_second_genre"", ""value"": ""数学""}, {""field"": ""content_type"", ""value"": ""动画""}]}}",11942
1k388,少儿,388,第3轮,4岁能看的,educ_search,"{""action"": ""search"", ""retext"": ""4岁能看的"", ""query"": {""and"": [{""field"": ""children_second_genre"", ""value"": ""数学""}, {""field"": ""content_type"", ""value"": ""动画""}]}}",11943
1k388,少儿,388,第4轮,适合四岁宝宝,educ_search,"{""action"": ""search"", ""retext"": ""适合四岁宝宝"", ""query"": {""and"": [{""field"": ""children_second_genre"", ""value"": ""数学""}, {""field"": ""content_type"", ""value"": ""动画""}]}}",11944
1k388,少儿,388,第5轮,加减法那种,educ_search,"{""action"": ""search"", ""retext"": ""加减法那种"", ""query"": {""and"": [{""field"": ""children_second_genre"", ""value"": ""数学""}, {""field"": ""content_type"", ""value"": ""动画""}]}}",11945
1k389,少儿,389,第1轮,放几部教小孩安全知识的动画,educ_search,"{""retext"": ""放几部教小孩安全知识的动画"", ""query"": {""and"": [{""field"": ""training_objectives"", ""value"": ""安全教育""}, {""field"": ""content_type"", ""value"": ""动画""}]}}",11946
1k389,少儿,389,第2轮,免费的那种,educ_search,"{""action"": ""search"", ""retext"": ""免费的那种"", ""query"": {""and"": [{""field"": ""training_objectives"", ""value"": ""安全教育""}, {""field"": ""content_type"", ""value"": ""动画""}, {""field"": ""is_fee"", ""value"": ""0""}]}}",11947
1k389,少儿,389,第3轮,学龄前的,educ_search,"{""action"": ""search"", ""retext"": ""学龄前的"", ""query"": {""and"": [{""field"": ""training_objectives"", ""value"": ""安全教育""}, {""field"": ""content_type"", ""value"": ""动画""}, {""field"": ""is_fee"", ""value"": ""0""}]}}",11948
1k389,少儿,389,第4轮,是国产的吗,educ_search_all,"{""action"": ""search"", ""retext"": ""是国产的吗"", ""query"": {""and"": [{""field"": ""training_objectives"", ""value"": ""安全教育""}, {""field"": ""content_type"", ""value"": ""动画""}, {""field"": ""is_fee"", ""value"": ""0""}, {""field"": ""field"", ""value"": ""value""}, {""field"": ""country"", ""value"": ""中国""}]}}",11949
1k389,少儿,389,第5轮,有免费版吗,educ_search,"{""action"": ""search"", ""retext"": ""有免费版吗"", ""query"": {""and"": [{""field"": ""training_objectives"", ""value"": ""安全教育""}, {""field"": ""content_type"", ""value"": ""动画""}, {""field"": ""is_fee"", ""value"": ""0""}, {""field"": ""field"", ""value"": ""value""}, {""field"": ""country"", ""value"": ""中国""}]}}",11950
1k390,少儿,390,第1轮,推荐几部给孩子听睡前故事,audio_search,"{""action"": ""search"", ""query"": {}}",11951
1k390,少儿,390,第2轮,换个别的,educ_fuzzy_search,"{""query"": ""换个别的""}",11952
1k390,少儿,390,第3轮,十来分钟的,educ_search,"{""action"": ""search"", ""retext"": ""十来分钟的"", ""query"": {""field"": ""children_second_genre"", ""value"": ""故事""}}",11953
1k390,少儿,390,第4轮,十分钟的,educ_search,"{""action"": ""search"", ""retext"": ""十分钟的"", ""query"": {""field"": ""children_second_genre"", ""value"": ""故事""}}",11954
1k390,少儿,390,第5轮,民间故事,educ_search,"{""action"": ""search"", ""retext"": ""民间故事"", ""query"": {""field"": ""children_second_genre"", ""value"": ""故事""}}",11955
1k391,少儿,391,第1轮,找点幼儿识字动画,educ_search,"{""retext"": ""找点幼儿识字动画"", ""query"": {""and"": [{""field"": ""training_objectives"", ""value"": ""识字""}, {""field"": ""content_type"", ""value"": ""动画""}]}}",11956
1k391,少儿,391,第2轮,收费吗,educ_search,"{""action"": ""search"", ""retext"": ""收费吗"", ""query"": {""and"": [{""field"": ""training_objectives"", ""value"": ""识字""}, {""field"": ""content_type"", ""value"": ""动画""}]}}",11957
1k391,少儿,391,第3轮,发音标准的,educ_search,"{""action"": ""search"", ""retext"": ""发音标准的"", ""query"": {""and"": [{""field"": ""training_objectives"", ""value"": ""识字""}, {""field"": ""content_type"", ""value"": ""动画""}]}}",11958
1k391,少儿,391,第4轮,适合3到6岁的有没有,educ_search,"{""action"": ""search"", ""retext"": ""适合3到6岁的有没有"", ""query"": {""and"": [{""field"": ""training_objectives"", ""value"": ""识字""}, {""field"": ""content_type"", ""value"": ""动画""}]}}",11959
1k391,少儿,391,第5轮,要一次认一两个,educ_search,"{""action"": ""search"", ""retext"": ""要一次认一两个"", ""query"": {""and"": [{""field"": ""training_objectives"", ""value"": ""识字""}, {""field"": ""content_type"", ""value"": ""动画""}]}}",11960
1k392,少儿,392,第1轮,有哪些给孩子听睡前故事,audio_search,"{""action"": ""search"", ""query"": {}}",11961
1k392,少儿,392,第2轮,10分钟左右的,educ_search,"{""action"": ""search"", ""retext"": ""10分钟左右的"", ""query"": {""field"": ""children_second_genre"", ""value"": ""故事""}}",11962
1k392,少儿,392,第3轮,男声版,educ_search,"{""action"": ""search"", ""retext"": ""男声版"", ""query"": {""field"": ""children_second_genre"", ""value"": ""故事""}}",11963
1k392,少儿,392,第4轮,换一个故事,educ_fuzzy_search,"{""query"": ""换一个故事""}",11964
1k392,少儿,392,第5轮,换个故事吧,educ_fuzzy_search,"{""query"": ""换个故事吧""}",11965
1k393,少儿,393,第1轮,放儿童科普节目,educ_search,"{""retext"": ""放儿童科普节目"", ""query"": {""and"": [{""field"": ""children_second_genre"", ""value"": ""科普""}, {""field"": ""content_type"", ""value"": ""动画""}]}}",11966
1k393,少儿,393,第2轮,要1080P的,educ_search,"{""action"": ""search"", ""retext"": ""要1080P的"", ""query"": {""and"": [{""field"": ""children_second_genre"", ""value"": ""科普""}, {""field"": ""content_type"", ""value"": ""动画""}]}}",11967
1k393,少儿,393,第3轮,要中文字幕版,educ_search,"{""action"": ""search"", ""retext"": ""要中文字幕版"", ""query"": {""and"": [{""field"": ""children_second_genre"", ""value"": ""科普""}, {""field"": ""content_type"", ""value"": ""动画""}, {""field"": ""language"", ""value"": ""中文""}]}}",11968
1k393,少儿,393,第4轮,太空那种,educ_search,"{""action"": ""search"", ""retext"": ""太空那种"", ""query"": {""and"": [{""field"": ""children_second_genre"", ""value"": ""科普""}, {""field"": ""content_type"", ""value"": ""动画""}, {""field"": ""language"", ""value"": ""中文""}]}}",11969
1k393,少儿,393,第5轮,带中文字幕,educ_search,"{""action"": ""search"", ""retext"": ""带中文字幕"", ""query"": {""and"": [{""field"": ""children_second_genre"", ""value"": ""科普""}, {""field"": ""content_type"", ""value"": ""动画""}, {""field"": ""language"", ""value"": ""中文""}]}}",11970
1k394,少儿,394,第1轮,有什么给孩子听睡前故事,audio_search,"{""action"": ""search"", ""query"": {}}",11971
1k394,少儿,394,第2轮,男的读的,educ_search,"{""action"": ""search"", ""retext"": ""男的读的"", ""query"": {""field"": ""children_second_genre"", ""value"": ""故事""}}",11972
1k394,少儿,394,第3轮,十来分钟的,educ_search,"{""action"": ""search"", ""retext"": ""十来分钟的"", ""query"": {""field"": ""children_second_genre"", ""value"": ""故事""}}",11973
1k394,少儿,394,第4轮,换一篇,educ_fuzzy_search,"{""query"": ""换一篇""}",11974
1k394,少儿,394,第5轮,中国传统故事,educ_search,"{""action"": ""search"", ""retext"": ""中国传统故事"", ""query"": {""and"": [{""field"": ""children_second_genre"", ""value"": ""故事""}, {""field"": ""field"", ""value"": ""value""}, {""field"": ""country"", ""value"": ""中国""}]}}",11975
1k395,少儿,395,第1轮,有哪些儿童科普节目,educ_search,"{""retext"": ""有哪些儿童科普节目"", ""query"": {""and"": [{""field"": ""children_second_genre"", ""value"": ""科普""}, {""field"": ""content_type"", ""value"": ""动画""}]}}",11976
1k395,少儿,395,第2轮,小学生能看的,educ_search,"{""action"": ""search"", ""retext"": ""小学生能看的"", ""query"": {""and"": [{""field"": ""children_second_genre"", ""value"": ""科普""}, {""field"": ""content_type"", ""value"": ""动画""}]}}",11977
1k395,少儿,395,第3轮,高清1080的,educ_search,"{""action"": ""search"", ""retext"": ""高清1080的"", ""query"": {""and"": [{""field"": ""children_second_genre"", ""value"": ""科普""}, {""field"": ""content_type"", ""value"": ""动画""}]}}",11978
1k395,少儿,395,第4轮,宇宙的,educ_search,"{""action"": ""search"", ""retext"": ""宇宙的"", ""query"": {""and"": [{""field"": ""children_second_genre"", ""value"": ""科普""}, {""field"": ""content_type"", ""value"": ""动画""}]}}",11979
1k395,少儿,395,第5轮,免费的有没有,educ_search,"{""action"": ""search"", ""retext"": ""免费的有没有"", ""query"": {""and"": [{""field"": ""children_second_genre"", ""value"": ""科普""}, {""field"": ""content_type"", ""value"": ""动画""}, {""field"": ""is_fee"", ""value"": ""0""}]}}",11980
1k396,少儿,396,第1轮,好看的小男孩的动画片,educ_search,"{""retext"": ""好看的小男孩的动画片"", ""query"": {""field"": ""content_type"", ""value"": ""动画""}}",11981
1k396,少儿,396,第2轮,别太暴力的,educ_search,"{""action"": ""search"", ""retext"": ""别太暴力的"", ""query"": {""field"": ""content_type"", ""value"": ""动画""}}",11982
1k396,少儿,396,第3轮,打斗别太暴力的,educ_search,"{""action"": ""search"", ""retext"": ""打斗别太暴力的"", ""query"": {""field"": ""content_type"", ""value"": ""动画""}}",11983
1k396,少儿,396,第4轮,不要会员能看的吗,educ_search,"{""action"": ""search"", ""retext"": ""不要会员能看的吗"", ""query"": {""and"": [{""field"": ""content_type"", ""value"": ""动画""}, {""field"": ""is_fee"", ""value"": 1}]}}",11984
1k396,少儿,396,第5轮,一季以上的有没有,educ_search,"{""action"": ""search"", ""retext"": ""一季以上的有没有"", ""query"": {""and"": [{""field"": ""content_type"", ""value"": ""动画""}, {""field"": ""is_fee"", ""value"": 1}]}}",11985
1k397,少儿,397,第1轮,来一部儿童科普节目,educ_search,"{""retext"": ""来一部儿童科普节目"", ""query"": {""and"": [{""field"": ""children_second_genre"", ""value"": ""科普""}, {""field"": ""content_type"", ""value"": ""动画""}]}}",11986
1k397,少儿,397,第2轮,适合小学生看的,educ_search,"{""action"": ""search"", ""retext"": ""适合小学生看的"", ""query"": {""and"": [{""field"": ""children_second_genre"", ""value"": ""科普""}, {""field"": ""content_type"", ""value"": ""动画""}]}}",11987
1k397,少儿,397,第3轮,航天知识,educ_search,"{""action"": ""search"", ""retext"": ""航天知识"", ""query"": {""and"": [{""field"": ""children_second_genre"", ""value"": ""科普""}, {""field"": ""content_type"", ""value"": ""动画""}]}}",11988
1k397,少儿,397,第4轮,免费的有吗,educ_search,"{""action"": ""search"", ""retext"": ""免费的有吗"", ""query"": {""and"": [{""field"": ""children_second_genre"", ""value"": ""科普""}, {""field"": ""content_type"", ""value"": ""动画""}, {""field"": ""is_fee"", ""value"": ""0""}]}}",11989
1k397,少儿,397,第5轮,小学生看的那种,educ_search,"{""action"": ""search"", ""retext"": ""小学生看的那种"", ""query"": {""and"": [{""field"": ""children_second_genre"", ""value"": ""科普""}, {""field"": ""content_type"", ""value"": ""动画""}, {""field"": ""is_fee"", ""value"": ""0""}]}}",11990
1k398,少儿,398,第1轮,找点找儿童益智游戏视频,educ_search,"{""retext"": ""找点找儿童益智游戏视频"", ""query"": {""and"": [{""field"": ""children_third_genre"", ""value"": ""益智""}, {""field"": ""content_type"", ""value"": ""动画""}]}}",11991
1k398,少儿,398,第2轮,适合学龄前的,educ_search,"{""action"": ""search"", ""retext"": ""适合学龄前的"", ""query"": {""and"": [{""field"": ""children_third_genre"", ""value"": ""益智""}, {""field"": ""content_type"", ""value"": ""动画""}]}}",11992
1k398,少儿,398,第3轮,拼图游戏的,educ_search,"{""action"": ""search"", ""retext"": ""拼图游戏的"", ""query"": {""and"": [{""field"": ""children_third_genre"", ""value"": ""益智""}, {""field"": ""content_type"", ""value"": ""动画""}]}}",11993
1k398,少儿,398,第4轮,无广告的,educ_search,"{""action"": ""search"", ""retext"": ""无广告的"", ""query"": {""and"": [{""field"": ""children_third_genre"", ""value"": ""益智""}, {""field"": ""content_type"", ""value"": ""动画""}]}}",11994
1k398,少儿,398,第5轮,不用付费的有吗,educ_search,"{""action"": ""search"", ""retext"": ""不用付费的有吗"", ""query"": {""and"": [{""field"": ""children_third_genre"", ""value"": ""益智""}, {""field"": ""content_type"", ""value"": ""动画""}, {""field"": ""is_fee"", ""value"": ""0""}]}}",11995
1k399,少儿,399,第1轮,找点恐龙科普动画,educ_search,"{""retext"": ""找点恐龙科普动画"", ""query"": {""and"": [{""field"": ""children_third_genre"", ""value"": ""恐龙""}, {""field"": ""children_second_genre"", ""value"": ""科普""}, {""field"": ""content_type"", ""value"": ""动画""}]}}",11996
1k399,少儿,399,第2轮,换一种的,educ_fuzzy_search,"{""query"": ""换一种的""}",11997
1k399,少儿,399,第3轮,有国产的吗,educ_search_all,"{""action"": ""search"", ""retext"": ""有国产的吗"", ""query"": {""and"": [{""field"": ""children_third_genre"", ""value"": ""恐龙""}, {""field"": ""children_second_genre"", ""value"": ""科普""}, {""field"": ""content_type"", ""value"": ""动画""}, {""field"": ""field"", ""value"": ""value""}, {""field"": ""country"", ""value"": ""中国""}]}}",11998
1k399,少儿,399,第4轮,8岁能看的,educ_search,"{""action"": ""search"", ""retext"": ""8岁能看的"", ""query"": {""and"": [{""field"": ""children_third_genre"", ""value"": ""恐龙""}, {""field"": ""children_second_genre"", ""value"": ""科普""}, {""field"": ""content_type"", ""value"": ""动画""}, {""field"": ""field"", ""value"": ""value""}, {""field"": ""country"", ""value"": ""中国""}]}}",11999
1k399,少儿,399,第5轮,适合八岁孩子的,educ_search,"{""action"": ""search"", ""retext"": ""适合八岁孩子的"", ""query"": {""and"": [{""field"": ""children_third_genre"", ""value"": ""恐龙""}, {""field"": ""children_second_genre"", ""value"": ""科普""}, {""field"": ""content_type"", ""value"": ""动画""}, {""field"": ""field"", ""value"": ""value""}, {""field"": ""country"", ""value"": ""中国""}]}}",12000
1k400,少儿,400,第1轮,放教小孩安全知识的动画,educ_search,"{""retext"": ""放教小孩安全知识的动画"", ""query"": {""and"": [{""field"": ""training_objectives"", ""value"": ""安全教育""}, {""field"": ""content_type"", ""value"": ""动画""}]}}",12001
1k400,少儿,400,第2轮,适合3到6岁的,educ_search,"{""action"": ""search"", ""retext"": ""适合3到6岁的"", ""query"": {""and"": [{""field"": ""training_objectives"", ""value"": ""安全教育""}, {""field"": ""content_type"", ""value"": ""动画""}]}}",12002
1k400,少儿,400,第3轮,带字幕的有没有,educ_search,"{""action"": ""search"", ""retext"": ""带字幕的有没有"", ""query"": {""and"": [{""field"": ""training_objectives"", ""value"": ""安全教育""}, {""field"": ""content_type"", ""value"": ""动画""}]}}",12003
1k400,少儿,400,第4轮,不要钱的那种,educ_search,"{""action"": ""search"", ""retext"": ""不要钱的那种"", ""query"": {""and"": [{""field"": ""training_objectives"", ""value"": ""安全教育""}, {""field"": ""content_type"", ""value"": ""动画""}]}}",12004
1k400,少儿,400,第5轮,讲交通安全的,educ_search,"{""action"": ""search"", ""retext"": ""讲交通安全的"", ""query"": {""and"": [{""field"": ""training_objectives"", ""value"": ""安全教育""}, {""field"": ""content_type"", ""value"": ""动画""}]}}",12005
1k401,少儿,401,第1轮,找点给孩子听睡前故事,audio_search,"{""action"": ""search"", ""query"": {}}",12006
1k401,少儿,401,第2轮,要中国传统故事,educ_search,"{""action"": ""search"", ""retext"": ""要中国传统故事"", ""query"": {""and"": [{""field"": ""field"", ""value"": ""value""}, {""field"": ""country"", ""value"": ""中国""}]}}",12007
1k401,少儿,401,第3轮,换一篇,educ_fuzzy_search,"{""query"": ""换一篇""}",12008
1k401,少儿,401,第4轮,10分钟左右的,educ_search,"{""action"": ""search"", ""retext"": ""10分钟左右的"", ""query"": {""and"": [{""field"": ""field"", ""value"": ""value""}, {""field"": ""country"", ""value"": ""中国""}, {""field"": ""children_second_genre"", ""value"": ""故事""}]}}",12009
1k401,少儿,401,第5轮,民俗故事,educ_search,"{""action"": ""search"", ""retext"": ""民俗故事"", ""query"": {""and"": [{""field"": ""field"", ""value"": ""value""}, {""field"": ""country"", ""value"": ""中国""}, {""field"": ""children_second_genre"", ""value"": ""故事""}]}}",12010
1k402,少儿,402,第1轮,好看的幼儿识字动画,educ_search,"{""retext"": ""好看的幼儿识字动画"", ""query"": {""and"": [{""field"": ""training_objectives"", ""value"": ""识字""}, {""field"": ""content_type"", ""value"": ""动画""}]}}",12011
1k402,少儿,402,第2轮,每集认一两个字的,educ_search,"{""action"": ""search"", ""retext"": ""每集认一两个字的"", ""query"": {""and"": [{""field"": ""training_objectives"", ""value"": ""识字""}, {""field"": ""content_type"", ""value"": ""动画""}]}}",12012
1k402,少儿,402,第3轮,要付费吗,educ_search,"{""action"": ""search"", ""retext"": ""要付费吗"", ""query"": {""and"": [{""field"": ""training_objectives"", ""value"": ""识字""}, {""field"": ""content_type"", ""value"": ""动画""}, {""field"": ""is_fee"", ""value"": 1}]}}",12013
1k402,少儿,402,第4轮,先教常用字,educ_search,"{""action"": ""search"", ""retext"": ""先教常用字"", ""query"": {""and"": [{""field"": ""training_objectives"", ""value"": ""识字""}, {""field"": ""content_type"", ""value"": ""动画""}, {""field"": ""is_fee"", ""value"": 1}]}}",12014
1k402,少儿,402,第5轮,每集一两个字,educ_search,"{""action"": ""search"", ""retext"": ""每集一两个字"", ""query"": {""and"": [{""field"": ""training_objectives"", ""value"": ""识字""}, {""field"": ""content_type"", ""value"": ""动画""}, {""field"": ""is_fee"", ""value"": 1}]}}",12015
1k403,少儿,403,第1轮,我想看3岁小孩听的儿歌,educ_search,"{""retext"": ""我想看3岁小孩听的儿歌"", ""query"": {""field"": ""children_second_genre"", ""value"": ""儿歌""}}",12016
1k403,少儿,403,第2轮,去年的有吗,educ_search_all,"{""action"": ""search"", ""retext"": ""去年的有吗"", ""query"": {""and"": [{""field"": ""children_second_genre"", ""value"": ""儿歌""}, {""field"": ""field"", ""value"": ""value""}, {""field"": ""release_time"", ""value"": ""去年""}]}}",12017
1k403,少儿,403,第3轮,中文版的,educ_search,"{""action"": ""search"", ""retext"": ""中文版的"", ""query"": {""and"": [{""field"": ""children_second_genre"", ""value"": ""儿歌""}, {""field"": ""field"", ""value"": ""value""}, {""field"": ""release_time"", ""value"": ""去年""}, {""field"": ""language"", ""value"": ""中文""}]}}",12018
1k403,少儿,403,第4轮,要中文那版,educ_search,"{""action"": ""search"", ""retext"": ""要中文那版"", ""query"": {""and"": [{""field"": ""children_second_genre"", ""value"": ""儿歌""}, {""field"": ""field"", ""value"": ""value""}, {""field"": ""release_time"", ""value"": ""去年""}, {""field"": ""language"", ""value"": ""中文""}]}}",12019
1k403,少儿,403,第5轮,5-6岁的,educ_search,"{""action"": ""search"", ""retext"": ""5-6岁的"", ""query"": {""and"": [{""field"": ""children_second_genre"", ""value"": ""儿歌""}, {""field"": ""field"", ""value"": ""value""}, {""field"": ""release_time"", ""value"": ""去年""}, {""field"": ""language"", ""value"": ""中文""}]}}",12020
1k404,少儿,404,第1轮,我想看幼儿识字动画,educ_search,"{""retext"": ""我想看幼儿识字动画"", ""query"": {""and"": [{""field"": ""training_objectives"", ""value"": ""识字""}, {""field"": ""content_type"", ""value"": ""动画""}]}}",12021
1k404,少儿,404,第2轮,常用字那种,educ_search,"{""action"": ""search"", ""retext"": ""常用字那种"", ""query"": {""and"": [{""field"": ""training_objectives"", ""value"": ""识字""}, {""field"": ""content_type"", ""value"": ""动画""}]}}",12022
1k404,少儿,404,第3轮,要钱吗,educ_search,"{""action"": ""search"", ""retext"": ""要钱吗"", ""query"": {""and"": [{""field"": ""training_objectives"", ""value"": ""识字""}, {""field"": ""content_type"", ""value"": ""动画""}]}}",12023
1k404,少儿,404,第4轮,常用字优先,educ_search,"{""action"": ""search"", ""retext"": ""常用字优先"", ""query"": {""and"": [{""field"": ""training_objectives"", ""value"": ""识字""}, {""field"": ""content_type"", ""value"": ""动画""}]}}",12024
1k404,少儿,404,第5轮,适合3到6岁的有吗,educ_search,"{""action"": ""search"", ""retext"": ""适合3到6岁的有吗"", ""query"": {""and"": [{""field"": ""training_objectives"", ""value"": ""识字""}, {""field"": ""content_type"", ""value"": ""动画""}]}}",12025
1k405,少儿,405,第1轮,看看找儿童益智游戏视频,educ_search,"{""retext"": ""看看找儿童益智游戏视频"", ""query"": {""and"": [{""field"": ""children_third_genre"", ""value"": ""益智""}, {""field"": ""content_type"", ""value"": ""动画""}]}}",12026
1k405,少儿,405,第2轮,适合学龄前的,educ_search,"{""action"": ""search"", ""retext"": ""适合学龄前的"", ""query"": {""and"": [{""field"": ""children_third_genre"", ""value"": ""益智""}, {""field"": ""content_type"", ""value"": ""动画""}]}}",12027
1k405,少儿,405,第3轮,没有广告,educ_search,"{""action"": ""search"", ""retext"": ""没有广告"", ""query"": {""and"": [{""field"": ""children_third_genre"", ""value"": ""益智""}, {""field"": ""content_type"", ""value"": ""动画""}]}}",12028
1k405,少儿,405,第4轮,拼图类的,educ_search,"{""action"": ""search"", ""retext"": ""拼图类的"", ""query"": {""and"": [{""field"": ""children_third_genre"", ""value"": ""益智""}, {""field"": ""content_type"", ""value"": ""动画""}]}}",12029
1k405,少儿,405,第5轮,拼图那种,educ_search,"{""action"": ""search"", ""retext"": ""拼图那种"", ""query"": {""and"": [{""field"": ""children_third_genre"", ""value"": ""益智""}, {""field"": ""content_type"", ""value"": ""动画""}]}}",12030
1k406,少儿,406,第1轮,有哪些幼儿识字动画,educ_search,"{""retext"": ""有哪些幼儿识字动画"", ""query"": {""and"": [{""field"": ""training_objectives"", ""value"": ""识字""}, {""field"": ""content_type"", ""value"": ""动画""}]}}",12031
1k406,少儿,406,第2轮,要适合3到6岁的有没有,educ_search,"{""action"": ""search"", ""retext"": ""要适合3到6岁的有没有"", ""query"": {""and"": [{""field"": ""training_objectives"", ""value"": ""识字""}, {""field"": ""content_type"", ""value"": ""动画""}]}}",12032
1k406,少儿,406,第3轮,要发音标准的,educ_search,"{""action"": ""search"", ""retext"": ""要发音标准的"", ""query"": {""and"": [{""field"": ""training_objectives"", ""value"": ""识字""}, {""field"": ""content_type"", ""value"": ""动画""}]}}",12033
1k406,少儿,406,第4轮,先学常用字的,educ_search,"{""action"": ""search"", ""retext"": ""先学常用字的"", ""query"": {""and"": [{""field"": ""training_objectives"", ""value"": ""识字""}, {""field"": ""content_type"", ""value"": ""动画""}]}}",12034
1k406,少儿,406,第5轮,一次认一两个,educ_search,"{""action"": ""search"", ""retext"": ""一次认一两个"", ""query"": {""and"": [{""field"": ""training_objectives"", ""value"": ""识字""}, {""field"": ""content_type"", ""value"": ""动画""}]}}",12035
1k407,少儿,407,第1轮,有没有好看的教小孩安全知识的动画,educ_search,"{""retext"": ""有没有好看的教小孩安全知识的动画"", ""query"": {""and"": [{""field"": ""training_objectives"", ""value"": ""安全教育""}, {""field"": ""content_type"", ""value"": ""动画""}]}}",12036
1k407,少儿,407,第2轮,讲交通安全的,educ_search,"{""action"": ""search"", ""retext"": ""讲交通安全的"", ""query"": {""and"": [{""field"": ""training_objectives"", ""value"": ""安全教育""}, {""field"": ""content_type"", ""value"": ""动画""}]}}",12037
1k407,少儿,407,第3轮,不要会员的那种,educ_search,"{""action"": ""search"", ""retext"": ""不要会员的那种"", ""query"": {""and"": [{""field"": ""training_objectives"", ""value"": ""安全教育""}, {""field"": ""content_type"", ""value"": ""动画""}, {""field"": ""is_fee"", ""value"": 1}]}}",12038
1k407,少儿,407,第4轮,有免费版吗,educ_search,"{""action"": ""search"", ""retext"": ""有免费版吗"", ""query"": {""and"": [{""field"": ""training_objectives"", ""value"": ""安全教育""}, {""field"": ""content_type"", ""value"": ""动画""}, {""field"": ""is_fee"", ""value"": ""0""}]}}",12039
1k407,少儿,407,第5轮,三到六岁的,educ_search,"{""action"": ""search"", ""retext"": ""三到六岁的"", ""query"": {""and"": [{""field"": ""training_objectives"", ""value"": ""安全教育""}, {""field"": ""content_type"", ""value"": ""动画""}, {""field"": ""is_fee"", ""value"": ""0""}]}}",12040
1k408,少儿,408,第1轮,我想看儿童科普节目,educ_search,"{""retext"": ""我想看儿童科普节目"", ""query"": {""and"": [{""field"": ""children_second_genre"", ""value"": ""科普""}, {""field"": ""content_type"", ""value"": ""动画""}]}}",12041
1k408,少儿,408,第2轮,航天知识,educ_search,"{""action"": ""search"", ""retext"": ""航天知识"", ""query"": {""and"": [{""field"": ""children_second_genre"", ""value"": ""科普""}, {""field"": ""content_type"", ""value"": ""动画""}]}}",12042
1k408,少儿,408,第3轮,宇宙的,educ_search,"{""action"": ""search"", ""retext"": ""宇宙的"", ""query"": {""and"": [{""field"": ""children_second_genre"", ""value"": ""科普""}, {""field"": ""content_type"", ""value"": ""动画""}]}}",12043
1k408,少儿,408,第4轮,适合小学生看的,educ_search,"{""action"": ""search"", ""retext"": ""适合小学生看的"", ""query"": {""and"": [{""field"": ""children_second_genre"", ""value"": ""科普""}, {""field"": ""content_type"", ""value"": ""动画""}]}}",12044
1k408,少儿,408,第5轮,1080P的,educ_search,"{""action"": ""search"", ""retext"": ""1080P的"", ""query"": {""and"": [{""field"": ""children_second_genre"", ""value"": ""科普""}, {""field"": ""content_type"", ""value"": ""动画""}]}}",12045
1k409,少儿,409,第1轮,有啥好看的两岁宝宝看的动画,educ_search,"{""retext"": ""有啥好看的两岁宝宝看的动画"", ""query"": {""field"": ""content_type"", ""value"": ""动画""}}",12046
1k409,少儿,409,第2轮,5分钟一集,educ_search,"{""action"": ""search"", ""retext"": ""5分钟一集"", ""query"": {""field"": ""content_type"", ""value"": ""动画""}}",12047
1k409,少儿,409,第3轮,不用花钱的有吗,educ_search,"{""action"": ""search"", ""retext"": ""不用花钱的有吗"", ""query"": {""and"": [{""field"": ""content_type"", ""value"": ""动画""}, {""field"": ""is_fee"", ""value"": ""0""}]}}",12048
1k409,少儿,409,第4轮,不打斗的,educ_search,"{""action"": ""search"", ""retext"": ""不打斗的"", ""query"": {""and"": [{""field"": ""content_type"", ""value"": ""动画""}, {""field"": ""is_fee"", ""value"": ""0""}]}}",12049
1k409,少儿,409,第5轮,温和的,educ_search,"{""action"": ""search"", ""retext"": ""温和的"", ""query"": {""and"": [{""field"": ""content_type"", ""value"": ""动画""}, {""field"": ""is_fee"", ""value"": ""0""}]}}",12050
1k410,少儿,410,第1轮,有啥好看的教小孩安全知识的动画,educ_search,"{""retext"": ""有啥好看的教小孩安全知识的动画"", ""query"": {""and"": [{""field"": ""training_objectives"", ""value"": ""安全教育""}, {""field"": ""content_type"", ""value"": ""动画""}]}}",12051
1k410,少儿,410,第2轮,带字幕的,educ_search,"{""action"": ""search"", ""retext"": ""带字幕的"", ""query"": {""and"": [{""field"": ""training_objectives"", ""value"": ""安全教育""}, {""field"": ""content_type"", ""value"": ""动画""}]}}",12052
1k410,少儿,410,第3轮,免费版有吗,educ_search,"{""action"": ""search"", ""retext"": ""免费版有吗"", ""query"": {""and"": [{""field"": ""training_objectives"", ""value"": ""安全教育""}, {""field"": ""content_type"", ""value"": ""动画""}, {""field"": ""is_fee"", ""value"": ""0""}]}}",12053
1k410,少儿,410,第4轮,学龄前的,educ_search,"{""action"": ""search"", ""retext"": ""学龄前的"", ""query"": {""and"": [{""field"": ""training_objectives"", ""value"": ""安全教育""}, {""field"": ""content_type"", ""value"": ""动画""}, {""field"": ""is_fee"", ""value"": ""0""}]}}",12054
1k410,少儿,410,第5轮,交通安全那种,educ_search,"{""action"": ""search"", ""retext"": ""交通安全那种"", ""query"": {""and"": [{""field"": ""training_objectives"", ""value"": ""安全教育""}, {""field"": ""content_type"", ""value"": ""动画""}, {""field"": ""is_fee"", ""value"": ""0""}]}}",12055
1k411,少儿,411,第1轮,推荐几部启蒙数学的动画片,educ_search,"{""retext"": ""推荐几部启蒙数学的动画片"", ""query"": {""and"": [{""field"": ""children_second_genre"", ""value"": ""数学""}, {""field"": ""content_type"", ""value"": ""动画""}]}}",12056
1k411,少儿,411,第2轮,算术启蒙的,educ_search,"{""action"": ""search"", ""retext"": ""算术启蒙的"", ""query"": {""and"": [{""field"": ""children_second_genre"", ""value"": ""数学""}, {""field"": ""content_type"", ""value"": ""动画""}]}}",12057
1k411,少儿,411,第3轮,生动的,educ_search,"{""action"": ""search"", ""retext"": ""生动的"", ""query"": {""and"": [{""field"": ""children_second_genre"", ""value"": ""数学""}, {""field"": ""content_type"", ""value"": ""动画""}]}}",12058
1k411,少儿,411,第4轮,加减法那种,educ_search,"{""action"": ""search"", ""retext"": ""加减法那种"", ""query"": {""and"": [{""field"": ""children_second_genre"", ""value"": ""数学""}, {""field"": ""content_type"", ""value"": ""动画""}]}}",12059
1k411,少儿,411,第5轮,颜色鲜艳的,educ_search,"{""action"": ""search"", ""retext"": ""颜色鲜艳的"", ""query"": {""and"": [{""field"": ""children_second_genre"", ""value"": ""数学""}, {""field"": ""content_type"", ""value"": ""动画""}]}}",12060
1k412,少儿,412,第1轮,幼儿识字动画有哪些,educ_search,"{""retext"": ""幼儿识字动画有哪些"", ""query"": {""and"": [{""field"": ""training_objectives"", ""value"": ""识字""}, {""field"": ""content_type"", ""value"": ""动画""}]}}",12061
1k412,少儿,412,第2轮,单集教一两个,educ_search,"{""action"": ""search"", ""retext"": ""单集教一两个"", ""query"": {""and"": [{""field"": ""training_objectives"", ""value"": ""识字""}, {""field"": ""content_type"", ""value"": ""动画""}]}}",12062
1k412,少儿,412,第3轮,发音标准的,educ_search,"{""action"": ""search"", ""retext"": ""发音标准的"", ""query"": {""and"": [{""field"": ""training_objectives"", ""value"": ""识字""}, {""field"": ""content_type"", ""value"": ""动画""}]}}",12063
1k412,少儿,412,第4轮,先学常用字的,educ_search,"{""action"": ""search"", ""retext"": ""先学常用字的"", ""query"": {""and"": [{""field"": ""training_objectives"", ""value"": ""识字""}, {""field"": ""content_type"", ""value"": ""动画""}]}}",12064
1k412,少儿,412,第5轮,常用字那种,educ_search,"{""action"": ""search"", ""retext"": ""常用字那种"", ""query"": {""and"": [{""field"": ""training_objectives"", ""value"": ""识字""}, {""field"": ""content_type"", ""value"": ""动画""}]}}",12065
1k413,少儿,413,第1轮,有什么好看的找儿童益智游戏视频,educ_search,"{""retext"": ""有什么好看的找儿童益智游戏视频"", ""query"": {""and"": [{""field"": ""children_third_genre"", ""value"": ""益智""}, {""field"": ""content_type"", ""value"": ""动画""}]}}",12066
1k413,少儿,413,第2轮,拼图那种,educ_search,"{""action"": ""search"", ""retext"": ""拼图那种"", ""query"": {""and"": [{""field"": ""children_third_genre"", ""value"": ""益智""}, {""field"": ""content_type"", ""value"": ""动画""}]}}",12067
1k413,少儿,413,第3轮,无广告的,educ_search,"{""action"": ""search"", ""retext"": ""无广告的"", ""query"": {""and"": [{""field"": ""children_third_genre"", ""value"": ""益智""}, {""field"": ""content_type"", ""value"": ""动画""}]}}",12068
1k413,少儿,413,第4轮,拼图类的,educ_search,"{""action"": ""search"", ""retext"": ""拼图类的"", ""query"": {""and"": [{""field"": ""children_third_genre"", ""value"": ""益智""}, {""field"": ""content_type"", ""value"": ""动画""}]}}",12069
1k413,少儿,413,第5轮,没有广告,educ_search,"{""action"": ""search"", ""retext"": ""没有广告"", ""query"": {""and"": [{""field"": ""children_third_genre"", ""value"": ""益智""}, {""field"": ""content_type"", ""value"": ""动画""}]}}",12070
1k414,少儿,414,第1轮,看看两岁宝宝看的动画,educ_search,"{""retext"": ""看看两岁宝宝看的动画"", ""query"": {""field"": ""content_type"", ""value"": ""动画""}}",12071
1k414,少儿,414,第2轮,单集五分钟的,educ_search,"{""action"": ""search"", ""retext"": ""单集五分钟的"", ""query"": {""field"": ""content_type"", ""value"": ""动画""}}",12072
1k414,少儿,414,第3轮,节奏慢点的,educ_search,"{""action"": ""search"", ""retext"": ""节奏慢点的"", ""query"": {""field"": ""content_type"", ""value"": ""动画""}}",12073
1k414,少儿,414,第4轮,不打斗的,educ_search,"{""action"": ""search"", ""retext"": ""不打斗的"", ""query"": {""field"": ""content_type"", ""value"": ""动画""}}",12074
1k414,少儿,414,第5轮,要慢节奏的,educ_search,"{""action"": ""search"", ""retext"": ""要慢节奏的"", ""query"": {""field"": ""content_type"", ""value"": ""动画""}}",12075
1k415,少儿,415,第1轮,好看的启蒙数学的动画片,educ_search,"{""retext"": ""好看的启蒙数学的动画片"", ""query"": {""and"": [{""field"": ""children_second_genre"", ""value"": ""数学""}, {""field"": ""content_type"", ""value"": ""动画""}]}}",12076
1k415,少儿,415,第2轮,适合4岁的,educ_search,"{""action"": ""search"", ""retext"": ""适合4岁的"", ""query"": {""and"": [{""field"": ""children_second_genre"", ""value"": ""数学""}, {""field"": ""content_type"", ""value"": ""动画""}]}}",12077
1k415,少儿,415,第3轮,加减法那种,educ_search,"{""action"": ""search"", ""retext"": ""加减法那种"", ""query"": {""and"": [{""field"": ""children_second_genre"", ""value"": ""数学""}, {""field"": ""content_type"", ""value"": ""动画""}]}}",12078
1k415,少儿,415,第4轮,一季以上的有吗,educ_search,"{""action"": ""search"", ""retext"": ""一季以上的有吗"", ""query"": {""and"": [{""field"": ""children_second_genre"", ""value"": ""数学""}, {""field"": ""content_type"", ""value"": ""动画""}]}}",12079
1k415,少儿,415,第5轮,生动的,educ_search,"{""action"": ""search"", ""retext"": ""生动的"", ""query"": {""and"": [{""field"": ""children_second_genre"", ""value"": ""数学""}, {""field"": ""content_type"", ""value"": ""动画""}]}}",12080
1k416,少儿,416,第1轮,找点教小孩安全知识的动画,educ_search,"{""retext"": ""找点教小孩安全知识的动画"", ""query"": {""and"": [{""field"": ""training_objectives"", ""value"": ""安全教育""}, {""field"": ""content_type"", ""value"": ""动画""}]}}",12081
1k416,少儿,416,第2轮,免费版有吗,educ_search,"{""action"": ""search"", ""retext"": ""免费版有吗"", ""query"": {""and"": [{""field"": ""training_objectives"", ""value"": ""安全教育""}, {""field"": ""content_type"", ""value"": ""动画""}, {""field"": ""is_fee"", ""value"": ""0""}]}}",12082
1k416,少儿,416,第3轮,交通安全那种,educ_search,"{""action"": ""search"", ""retext"": ""交通安全那种"", ""query"": {""and"": [{""field"": ""training_objectives"", ""value"": ""安全教育""}, {""field"": ""content_type"", ""value"": ""动画""}, {""field"": ""is_fee"", ""value"": ""0""}]}}",12083
1k416,少儿,416,第4轮,带字幕的,educ_search,"{""action"": ""search"", ""retext"": ""带字幕的"", ""query"": {""and"": [{""field"": ""training_objectives"", ""value"": ""安全教育""}, {""field"": ""content_type"", ""value"": ""动画""}, {""field"": ""is_fee"", ""value"": ""0""}]}}",12084
1k416,少儿,416,第5轮,过马路安全的,educ_search,"{""action"": ""search"", ""retext"": ""过马路安全的"", ""query"": {""and"": [{""field"": ""training_objectives"", ""value"": ""安全教育""}, {""field"": ""content_type"", ""value"": ""动画""}, {""field"": ""is_fee"", ""value"": ""0""}]}}",12085
1k417,少儿,417,第1轮,推荐些儿童科普节目,educ_search,"{""retext"": ""推荐些儿童科普节目"", ""query"": {""and"": [{""field"": ""children_second_genre"", ""value"": ""科普""}, {""field"": ""content_type"", ""value"": ""动画""}]}}",12086
1k417,少儿,417,第2轮,小学生看的那种,educ_search,"{""action"": ""search"", ""retext"": ""小学生看的那种"", ""query"": {""and"": [{""field"": ""children_second_genre"", ""value"": ""科普""}, {""field"": ""content_type"", ""value"": ""动画""}]}}",12087
1k417,少儿,417,第3轮,高清1080的,educ_search,"{""action"": ""search"", ""retext"": ""高清1080的"", ""query"": {""and"": [{""field"": ""children_second_genre"", ""value"": ""科普""}, {""field"": ""content_type"", ""value"": ""动画""}]}}",12088
1k417,少儿,417,第4轮,1080P的,educ_search,"{""action"": ""search"", ""retext"": ""1080P的"", ""query"": {""and"": [{""field"": ""children_second_genre"", ""value"": ""科普""}, {""field"": ""content_type"", ""value"": ""动画""}]}}",12089
1k417,少儿,417,第5轮,免费的有吗,educ_search,"{""action"": ""search"", ""retext"": ""免费的有吗"", ""query"": {""and"": [{""field"": ""children_second_genre"", ""value"": ""科普""}, {""field"": ""content_type"", ""value"": ""动画""}, {""field"": ""is_fee"", ""value"": ""0""}]}}",12090
1k418,少儿,418,第1轮,有什么好看的两岁宝宝看的动画,educ_search,"{""retext"": ""有什么好看的两岁宝宝看的动画"", ""query"": {""field"": ""content_type"", ""value"": ""动画""}}",12091
1k418,少儿,418,第2轮,节奏慢点的,educ_search,"{""action"": ""search"", ""retext"": ""节奏慢点的"", ""query"": {""field"": ""content_type"", ""value"": ""动画""}}",12092
1k418,少儿,418,第3轮,慢节奏的,educ_search,"{""action"": ""search"", ""retext"": ""慢节奏的"", ""query"": {""field"": ""content_type"", ""value"": ""动画""}}",12093
1k418,少儿,418,第4轮,中文的有吗,educ_search,"{""action"": ""search"", ""retext"": ""中文的有吗"", ""query"": {""and"": [{""field"": ""content_type"", ""value"": ""动画""}, {""field"": ""language"", ""value"": ""中文""}]}}",12094
1k418,少儿,418,第5轮,不打斗的,educ_search,"{""action"": ""search"", ""retext"": ""不打斗的"", ""query"": {""and"": [{""field"": ""content_type"", ""value"": ""动画""}, {""field"": ""language"", ""value"": ""中文""}]}}",12095
1k419,少儿,419,第1轮,推荐几部教小孩安全知识的动画,educ_search,"{""retext"": ""推荐几部教小孩安全知识的动画"", ""query"": {""and"": [{""field"": ""training_objectives"", ""value"": ""安全教育""}, {""field"": ""content_type"", ""value"": ""动画""}]}}",12096
1k419,少儿,419,第2轮,适合3到6岁的,educ_search,"{""action"": ""search"", ""retext"": ""适合3到6岁的"", ""query"": {""and"": [{""field"": ""training_objectives"", ""value"": ""安全教育""}, {""field"": ""content_type"", ""value"": ""动画""}]}}",12097
1k419,少儿,419,第3轮,交通规则的,educ_search,"{""action"": ""search"", ""retext"": ""交通规则的"", ""query"": {""and"": [{""field"": ""training_objectives"", ""value"": ""安全教育""}, {""field"": ""content_type"", ""value"": ""动画""}]}}",12098
1k419,少儿,419,第4轮,3-6岁的,educ_search,"{""action"": ""search"", ""retext"": ""3-6岁的"", ""query"": {""and"": [{""field"": ""training_objectives"", ""value"": ""安全教育""}, {""field"": ""content_type"", ""value"": ""动画""}]}}",12099
1k419,少儿,419,第5轮,过马路安全的,educ_search,"{""action"": ""search"", ""retext"": ""过马路安全的"", ""query"": {""and"": [{""field"": ""training_objectives"", ""value"": ""安全教育""}, {""field"": ""content_type"", ""value"": ""动画""}]}}",12100
1k420,少儿,420,第1轮,来几部儿童科普节目,educ_search,"{""retext"": ""来几部儿童科普节目"", ""query"": {""and"": [{""field"": ""children_second_genre"", ""value"": ""科普""}, {""field"": ""content_type"", ""value"": ""动画""}]}}",12101
1k420,少儿,420,第2轮,太空那种,educ_search,"{""action"": ""search"", ""retext"": ""太空那种"", ""query"": {""and"": [{""field"": ""children_second_genre"", ""value"": ""科普""}, {""field"": ""content_type"", ""value"": ""动画""}]}}",12102
1k420,少儿,420,第3轮,小学生能看的,educ_search,"{""action"": ""search"", ""retext"": ""小学生能看的"", ""query"": {""and"": [{""field"": ""children_second_genre"", ""value"": ""科普""}, {""field"": ""content_type"", ""value"": ""动画""}]}}",12103
1k420,少儿,420,第4轮,宇宙的,educ_search,"{""action"": ""search"", ""retext"": ""宇宙的"", ""query"": {""and"": [{""field"": ""children_second_genre"", ""value"": ""科普""}, {""field"": ""content_type"", ""value"": ""动画""}]}}",12104
1k420,少儿,420,第5轮,高清1080的,educ_search,"{""action"": ""search"", ""retext"": ""高清1080的"", ""query"": {""and"": [{""field"": ""children_second_genre"", ""value"": ""科普""}, {""field"": ""content_type"", ""value"": ""动画""}]}}",12105
1k421,少儿,421,第1轮,来点教小孩安全知识的动画,educ_search,"{""retext"": ""来点教小孩安全知识的动画"", ""query"": {""and"": [{""field"": ""training_objectives"", ""value"": ""安全教育""}, {""field"": ""content_type"", ""value"": ""动画""}]}}",12106
1k421,少儿,421,第2轮,讲交通安全的,educ_search,"{""action"": ""search"", ""retext"": ""讲交通安全的"", ""query"": {""and"": [{""field"": ""training_objectives"", ""value"": ""安全教育""}, {""field"": ""content_type"", ""value"": ""动画""}]}}",12107
1k421,少儿,421,第3轮,免费的那种,educ_search,"{""action"": ""search"", ""retext"": ""免费的那种"", ""query"": {""and"": [{""field"": ""training_objectives"", ""value"": ""安全教育""}, {""field"": ""content_type"", ""value"": ""动画""}, {""field"": ""is_fee"", ""value"": ""0""}]}}",12108
1k421,少儿,421,第4轮,过马路安全的,educ_search,"{""action"": ""search"", ""retext"": ""过马路安全的"", ""query"": {""and"": [{""field"": ""training_objectives"", ""value"": ""安全教育""}, {""field"": ""content_type"", ""value"": ""动画""}, {""field"": ""is_fee"", ""value"": ""0""}]}}",12109
1k421,少儿,421,第5轮,有免费版吗,educ_search,"{""action"": ""search"", ""retext"": ""有免费版吗"", ""query"": {""and"": [{""field"": ""training_objectives"", ""value"": ""安全教育""}, {""field"": ""content_type"", ""value"": ""动画""}, {""field"": ""is_fee"", ""value"": ""0""}]}}",12110
1k422,少儿,422,第1轮,推荐几部3岁小孩听的儿歌,educ_search,"{""retext"": ""推荐几部3岁小孩听的儿歌"", ""query"": {""field"": ""children_second_genre"", ""value"": ""儿歌""}}",12111
1k422,少儿,422,第2轮,要可以跟唱的,educ_search,"{""action"": ""search"", ""retext"": ""要可以跟唱的"", ""query"": {""field"": ""children_second_genre"", ""value"": ""儿歌""}}",12112
1k422,少儿,422,第3轮,不要钱的,educ_search,"{""action"": ""search"", ""retext"": ""不要钱的"", ""query"": {""field"": ""children_second_genre"", ""value"": ""儿歌""}}",12113
1k422,少儿,422,第4轮,去年的有吗,educ_search_all,"{""action"": ""search"", ""retext"": ""去年的有吗"", ""query"": {""and"": [{""field"": ""children_second_genre"", ""value"": ""儿歌""}, {""field"": ""field"", ""value"": ""value""}, {""field"": ""release_time"", ""value"": ""去年""}]}}",12114
1k422,少儿,422,第5轮,能跟着唱的,educ_search,"{""action"": ""search"", ""retext"": ""能跟着唱的"", ""query"": {""and"": [{""field"": ""children_second_genre"", ""value"": ""儿歌""}, {""field"": ""field"", ""value"": ""value""}, {""field"": ""release_time"", ""value"": ""去年""}]}}",12115
1k423,少儿,423,第1轮,来几部启蒙数学的动画片,educ_search,"{""retext"": ""来几部启蒙数学的动画片"", ""query"": {""and"": [{""field"": ""children_second_genre"", ""value"": ""数学""}, {""field"": ""content_type"", ""value"": ""动画""}]}}",12116
1k423,少儿,423,第2轮,适合四岁宝宝,educ_search,"{""action"": ""search"", ""retext"": ""适合四岁宝宝"", ""query"": {""and"": [{""field"": ""children_second_genre"", ""value"": ""数学""}, {""field"": ""content_type"", ""value"": ""动画""}]}}",12117
1k423,少儿,423,第3轮,颜色鲜艳的,educ_search,"{""action"": ""search"", ""retext"": ""颜色鲜艳的"", ""query"": {""and"": [{""field"": ""children_second_genre"", ""value"": ""数学""}, {""field"": ""content_type"", ""value"": ""动画""}]}}",12118
1k423,少儿,423,第4轮,要4岁能看的,educ_search,"{""action"": ""search"", ""retext"": ""要4岁能看的"", ""query"": {""and"": [{""field"": ""children_second_genre"", ""value"": ""数学""}, {""field"": ""content_type"", ""value"": ""动画""}]}}",12119
1k423,少儿,423,第5轮,算术启蒙的,educ_search,"{""action"": ""search"", ""retext"": ""算术启蒙的"", ""query"": {""and"": [{""field"": ""children_second_genre"", ""value"": ""数学""}, {""field"": ""content_type"", ""value"": ""动画""}]}}",12120
1k424,少儿,424,第1轮,来一部恐龙科普动画,educ_search,"{""retext"": ""来一部恐龙科普动画"", ""query"": {""and"": [{""field"": ""children_third_genre"", ""value"": ""恐龙""}, {""field"": ""children_second_genre"", ""value"": ""科普""}, {""field"": ""content_type"", ""value"": ""动画""}]}}",12121
1k424,少儿,424,第2轮,多季的,educ_search,"{""action"": ""search"", ""retext"": ""多季的"", ""query"": {""and"": [{""field"": ""children_third_genre"", ""value"": ""恐龙""}, {""field"": ""children_second_genre"", ""value"": ""科普""}, {""field"": ""content_type"", ""value"": ""动画""}]}}",12122
1k424,少儿,424,第3轮,8岁能看的,educ_search,"{""action"": ""search"", ""retext"": ""8岁能看的"", ""query"": {""and"": [{""field"": ""children_third_genre"", ""value"": ""恐龙""}, {""field"": ""children_second_genre"", ""value"": ""科普""}, {""field"": ""content_type"", ""value"": ""动画""}]}}",12123
1k424,少儿,424,第4轮,换一个其他类型的,educ_fuzzy_search,"{""query"": ""换一个其他类型的""}",12124
1k424,少儿,424,第5轮,季数多的,educ_search,"{""action"": ""search"", ""retext"": ""季数多的"", ""query"": {""and"": [{""field"": ""children_third_genre"", ""value"": ""恐龙""}, {""field"": ""children_second_genre"", ""value"": ""科普""}, {""field"": ""content_type"", ""value"": ""动画""}]}}",12125
1k425,少儿,425,第1轮,有没有好看的幼儿识字动画,educ_search,"{""retext"": ""有没有好看的幼儿识字动画"", ""query"": {""and"": [{""field"": ""training_objectives"", ""value"": ""识字""}, {""field"": ""content_type"", ""value"": ""动画""}]}}",12126
1k425,少儿,425,第2轮,收费吗,educ_search,"{""action"": ""search"", ""retext"": ""收费吗"", ""query"": {""and"": [{""field"": ""training_objectives"", ""value"": ""识字""}, {""field"": ""content_type"", ""value"": ""动画""}]}}",12127
1k425,少儿,425,第3轮,每集一两个字,educ_search,"{""action"": ""search"", ""retext"": ""每集一两个字"", ""query"": {""and"": [{""field"": ""training_objectives"", ""value"": ""识字""}, {""field"": ""content_type"", ""value"": ""动画""}]}}",12128
1k425,少儿,425,第4轮,要付费吗,educ_search,"{""action"": ""search"", ""retext"": ""要付费吗"", ""query"": {""and"": [{""field"": ""training_objectives"", ""value"": ""识字""}, {""field"": ""content_type"", ""value"": ""动画""}, {""field"": ""is_fee"", ""value"": 1}]}}",12129
1k425,少儿,425,第5轮,常用字那种,educ_search,"{""action"": ""search"", ""retext"": ""常用字那种"", ""query"": {""and"": [{""field"": ""training_objectives"", ""value"": ""识字""}, {""field"": ""content_type"", ""value"": ""动画""}, {""field"": ""is_fee"", ""value"": 1}]}}",12130
1k426,少儿,426,第1轮,最近想看两岁宝宝看的动画,educ_search,"{""retext"": ""最近想看两岁宝宝看的动画"", ""query"": {""field"": ""content_type"", ""value"": ""动画""}}",12131
1k426,少儿,426,第2轮,没有暴力画面的那种,educ_search,"{""action"": ""search"", ""retext"": ""没有暴力画面的那种"", ""query"": {""field"": ""content_type"", ""value"": ""动画""}}",12132
1k426,少儿,426,第3轮,没有打斗的,educ_search,"{""action"": ""search"", ""retext"": ""没有打斗的"", ""query"": {""field"": ""content_type"", ""value"": ""动画""}}",12133
1k426,少儿,426,第4轮,画面慢一点的,educ_search,"{""action"": ""search"", ""retext"": ""画面慢一点的"", ""query"": {""field"": ""content_type"", ""value"": ""动画""}}",12134
1k426,少儿,426,第5轮,中文的有吗,educ_search,"{""action"": ""search"", ""retext"": ""中文的有吗"", ""query"": {""and"": [{""field"": ""content_type"", ""value"": ""动画""}, {""field"": ""language"", ""value"": ""中文""}]}}",12135
1k427,少儿,427,第1轮,想看恐龙科普动画,educ_search,"{""retext"": ""想看恐龙科普动画"", ""query"": {""and"": [{""field"": ""children_third_genre"", ""value"": ""恐龙""}, {""field"": ""children_second_genre"", ""value"": ""科普""}, {""field"": ""content_type"", ""value"": ""动画""}]}}",12136
1k427,少儿,427,第2轮,换一种的,educ_fuzzy_search,"{""query"": ""换一种的""}",12137
1k427,少儿,427,第3轮,多季的,educ_search,"{""action"": ""search"", ""retext"": ""多季的"", ""query"": {""and"": [{""field"": ""children_third_genre"", ""value"": ""恐龙""}, {""field"": ""children_second_genre"", ""value"": ""科普""}, {""field"": ""content_type"", ""value"": ""动画""}]}}",12138
1k427,少儿,427,第4轮,适合8岁男孩的,educ_search,"{""action"": ""search"", ""retext"": ""适合8岁男孩的"", ""query"": {""and"": [{""field"": ""children_third_genre"", ""value"": ""恐龙""}, {""field"": ""children_second_genre"", ""value"": ""科普""}, {""field"": ""content_type"", ""value"": ""动画""}]}}",12139
1k427,少儿,427,第5轮,季数多的,educ_search,"{""action"": ""search"", ""retext"": ""季数多的"", ""query"": {""and"": [{""field"": ""children_third_genre"", ""value"": ""恐龙""}, {""field"": ""children_second_genre"", ""value"": ""科普""}, {""field"": ""content_type"", ""value"": ""动画""}]}}",12140
1k428,少儿,428,第1轮,最近想看恐龙科普动画,educ_search,"{""retext"": ""最近想看恐龙科普动画"", ""query"": {""and"": [{""field"": ""children_third_genre"", ""value"": ""恐龙""}, {""field"": ""children_second_genre"", ""value"": ""科普""}, {""field"": ""content_type"", ""value"": ""动画""}]}}",12141
1k428,少儿,428,第2轮,季数多的,educ_search,"{""action"": ""search"", ""retext"": ""季数多的"", ""query"": {""and"": [{""field"": ""children_third_genre"", ""value"": ""恐龙""}, {""field"": ""children_second_genre"", ""value"": ""科普""}, {""field"": ""content_type"", ""value"": ""动画""}]}}",12142
1k428,少儿,428,第3轮,换一个其他类型的,educ_fuzzy_search,"{""query"": ""换一个其他类型的""}",12143
1k428,少儿,428,第4轮,讲太空的有没有,educ_search,"{""action"": ""search"", ""retext"": ""讲太空的有没有"", ""query"": {""and"": [{""field"": ""children_third_genre"", ""value"": ""恐龙""}, {""field"": ""children_second_genre"", ""value"": ""科普""}, {""field"": ""content_type"", ""value"": ""动画""}]}}",12144
1k428,少儿,428,第5轮,适合八岁孩子的,educ_search,"{""action"": ""search"", ""retext"": ""适合八岁孩子的"", ""query"": {""and"": [{""field"": ""children_third_genre"", ""value"": ""恐龙""}, {""field"": ""children_second_genre"", ""value"": ""科普""}, {""field"": ""content_type"", ""value"": ""动画""}]}}",12145
1k429,少儿,429,第1轮,推荐几部幼儿识字动画,educ_search,"{""retext"": ""推荐几部幼儿识字动画"", ""query"": {""and"": [{""field"": ""training_objectives"", ""value"": ""识字""}, {""field"": ""content_type"", ""value"": ""动画""}]}}",12146
1k429,少儿,429,第2轮,收费吗,educ_search,"{""action"": ""search"", ""retext"": ""收费吗"", ""query"": {""and"": [{""field"": ""training_objectives"", ""value"": ""识字""}, {""field"": ""content_type"", ""value"": ""动画""}]}}",12147
1k429,少儿,429,第3轮,要付费吗,educ_search,"{""action"": ""search"", ""retext"": ""要付费吗"", ""query"": {""and"": [{""field"": ""training_objectives"", ""value"": ""识字""}, {""field"": ""content_type"", ""value"": ""动画""}, {""field"": ""is_fee"", ""value"": 1}]}}",12148
1k429,少儿,429,第4轮,单集教一两个,educ_search,"{""action"": ""search"", ""retext"": ""单集教一两个"", ""query"": {""and"": [{""field"": ""training_objectives"", ""value"": ""识字""}, {""field"": ""content_type"", ""value"": ""动画""}, {""field"": ""is_fee"", ""value"": 1}]}}",12149
1k429,少儿,429,第5轮,要钱吗,educ_search,"{""action"": ""search"", ""retext"": ""要钱吗"", ""query"": {""and"": [{""field"": ""training_objectives"", ""value"": ""识字""}, {""field"": ""content_type"", ""value"": ""动画""}, {""field"": ""is_fee"", ""value"": 1}]}}",12150
1k430,少儿,430,第1轮,想看两岁宝宝看的动画,educ_search,"{""retext"": ""想看两岁宝宝看的动画"", ""query"": {""field"": ""content_type"", ""value"": ""动画""}}",12151
1k430,少儿,430,第2轮,单集5分钟内,educ_search,"{""action"": ""search"", ""retext"": ""单集5分钟内"", ""query"": {""field"": ""content_type"", ""value"": ""动画""}}",12152
1k430,少儿,430,第3轮,没有暴力画面,educ_search,"{""action"": ""search"", ""retext"": ""没有暴力画面"", ""query"": {""field"": ""content_type"", ""value"": ""动画""}}",12153
1k430,少儿,430,第4轮,画面慢一点的,educ_search,"{""action"": ""search"", ""retext"": ""画面慢一点的"", ""query"": {""field"": ""content_type"", ""value"": ""动画""}}",12154
1k430,少儿,430,第5轮,中文的有吗,educ_search,"{""action"": ""search"", ""retext"": ""中文的有吗"", ""query"": {""and"": [{""field"": ""content_type"", ""value"": ""动画""}, {""field"": ""language"", ""value"": ""中文""}]}}",12155
1k431,少儿,431,第1轮,小男孩的动画片有哪些,educ_search,"{""retext"": ""小男孩的动画片有哪些"", ""query"": {""field"": ""content_type"", ""value"": ""动画""}}",12156
1k431,少儿,431,第2轮,一季以上的有没有,educ_search,"{""action"": ""search"", ""retext"": ""一季以上的有没有"", ""query"": {""field"": ""content_type"", ""value"": ""动画""}}",12157
1k431,少儿,431,第3轮,温和点的,educ_search,"{""action"": ""search"", ""retext"": ""温和点的"", ""query"": {""field"": ""content_type"", ""value"": ""动画""}}",12158
1k431,少儿,431,第4轮,免费能看的吗,educ_search,"{""action"": ""search"", ""retext"": ""免费能看的吗"", ""query"": {""and"": [{""field"": ""content_type"", ""value"": ""动画""}, {""field"": ""is_fee"", ""value"": ""0""}]}}",12159
1k431,少儿,431,第5轮,要别太暴力的,educ_search,"{""action"": ""search"", ""retext"": ""要别太暴力的"", ""query"": {""and"": [{""field"": ""content_type"", ""value"": ""动画""}, {""field"": ""is_fee"", ""value"": ""0""}]}}",12160
1k432,少儿,432,第1轮,有什么启蒙数学的动画片,educ_search,"{""retext"": ""有什么启蒙数学的动画片"", ""query"": {""and"": [{""field"": ""children_second_genre"", ""value"": ""数学""}, {""field"": ""content_type"", ""value"": ""动画""}]}}",12161
1k432,少儿,432,第2轮,画面活泼的,educ_search,"{""action"": ""search"", ""retext"": ""画面活泼的"", ""query"": {""and"": [{""field"": ""children_second_genre"", ""value"": ""数学""}, {""field"": ""content_type"", ""value"": ""动画""}]}}",12162
1k432,少儿,432,第3轮,画面生动的,educ_search,"{""action"": ""search"", ""retext"": ""画面生动的"", ""query"": {""and"": [{""field"": ""children_second_genre"", ""value"": ""数学""}, {""field"": ""content_type"", ""value"": ""动画""}]}}",12163
1k432,少儿,432,第4轮,数数算术的,educ_search,"{""action"": ""search"", ""retext"": ""数数算术的"", ""query"": {""and"": [{""field"": ""children_second_genre"", ""value"": ""数学""}, {""field"": ""content_type"", ""value"": ""动画""}]}}",12164
1k432,少儿,432,第5轮,讲加减法的,educ_search,"{""action"": ""search"", ""retext"": ""讲加减法的"", ""query"": {""and"": [{""field"": ""children_second_genre"", ""value"": ""数学""}, {""field"": ""content_type"", ""value"": ""动画""}]}}",12165
1k433,少儿,433,第1轮,两岁宝宝看的动画有哪些,educ_search,"{""retext"": ""两岁宝宝看的动画有哪些"", ""query"": {""field"": ""content_type"", ""value"": ""动画""}}",12166
1k433,少儿,433,第2轮,要每集五分钟,educ_search,"{""action"": ""search"", ""retext"": ""要每集五分钟"", ""query"": {""field"": ""content_type"", ""value"": ""动画""}}",12167
1k433,少儿,433,第3轮,单集五分钟的,educ_search,"{""action"": ""search"", ""retext"": ""单集五分钟的"", ""query"": {""field"": ""content_type"", ""value"": ""动画""}}",12168
1k433,少儿,433,第4轮,没有暴力画面,educ_search,"{""action"": ""search"", ""retext"": ""没有暴力画面"", ""query"": {""field"": ""content_type"", ""value"": ""动画""}}",12169
1k433,少儿,433,第5轮,温和的,educ_search,"{""action"": ""search"", ""retext"": ""温和的"", ""query"": {""field"": ""content_type"", ""value"": ""动画""}}",12170
1k434,少儿,434,第1轮,最近想看3岁小孩听的儿歌,educ_search,"{""retext"": ""最近想看3岁小孩听的儿歌"", ""query"": {""field"": ""children_second_genre"", ""value"": ""儿歌""}}",12171
1k434,少儿,434,第2轮,能跟着唱的,educ_search,"{""action"": ""search"", ""retext"": ""能跟着唱的"", ""query"": {""field"": ""children_second_genre"", ""value"": ""儿歌""}}",12172
1k434,少儿,434,第3轮,可以跟唱的,educ_search,"{""action"": ""search"", ""retext"": ""可以跟唱的"", ""query"": {""field"": ""children_second_genre"", ""value"": ""儿歌""}}",12173
1k434,少儿,434,第4轮,要中文那版,educ_search,"{""action"": ""search"", ""retext"": ""要中文那版"", ""query"": {""and"": [{""field"": ""children_second_genre"", ""value"": ""儿歌""}, {""field"": ""language"", ""value"": ""中文""}]}}",12174
1k434,少儿,434,第5轮,中文版的,educ_search,"{""action"": ""search"", ""retext"": ""中文版的"", ""query"": {""and"": [{""field"": ""children_second_genre"", ""value"": ""儿歌""}, {""field"": ""language"", ""value"": ""中文""}]}}",12175
1k435,少儿,435,第1轮,找点3岁小孩听的儿歌,educ_search,"{""retext"": ""找点3岁小孩听的儿歌"", ""query"": {""field"": ""children_second_genre"", ""value"": ""儿歌""}}",12176
1k435,少儿,435,第2轮,去年的,educ_search_all,"{""action"": ""search"", ""retext"": ""去年的"", ""query"": {""and"": [{""field"": ""children_second_genre"", ""value"": ""儿歌""}, {""field"": ""field"", ""value"": ""value""}, {""field"": ""release_time"", ""value"": ""去年""}]}}",12177
1k435,少儿,435,第3轮,要5-6岁的,educ_search,"{""action"": ""search"", ""retext"": ""要5-6岁的"", ""query"": {""and"": [{""field"": ""children_second_genre"", ""value"": ""儿歌""}, {""field"": ""field"", ""value"": ""value""}, {""field"": ""release_time"", ""value"": ""去年""}]}}",12178
1k435,少儿,435,第4轮,去年那种,educ_search_all,"{""action"": ""search"", ""retext"": ""去年那种"", ""query"": {""and"": [{""field"": ""children_second_genre"", ""value"": ""儿歌""}, {""field"": ""field"", ""value"": ""value""}, {""field"": ""release_time"", ""value"": ""去年""}]}}",12179
1k435,少儿,435,第5轮,免费的有吗,educ_search,"{""action"": ""search"", ""retext"": ""免费的有吗"", ""query"": {""and"": [{""field"": ""children_second_genre"", ""value"": ""儿歌""}, {""field"": ""field"", ""value"": ""value""}, {""field"": ""release_time"", ""value"": ""去年""}, {""field"": ""is_fee"", ""value"": ""0""}]}}",12180
1k436,少儿,436,第1轮,有什么好看的教小孩安全知识的动画,educ_search,"{""retext"": ""有什么好看的教小孩安全知识的动画"", ""query"": {""and"": [{""field"": ""training_objectives"", ""value"": ""安全教育""}, {""field"": ""content_type"", ""value"": ""动画""}]}}",12181
1k436,少儿,436,第2轮,适合3到6岁的,educ_search,"{""action"": ""search"", ""retext"": ""适合3到6岁的"", ""query"": {""and"": [{""field"": ""training_objectives"", ""value"": ""安全教育""}, {""field"": ""content_type"", ""value"": ""动画""}]}}",12182
1k436,少儿,436,第3轮,有免费版吗,educ_search,"{""action"": ""search"", ""retext"": ""有免费版吗"", ""query"": {""and"": [{""field"": ""training_objectives"", ""value"": ""安全教育""}, {""field"": ""content_type"", ""value"": ""动画""}, {""field"": ""is_fee"", ""value"": ""0""}]}}",12183
1k436,少儿,436,第4轮,交通安全那种,educ_search,"{""action"": ""search"", ""retext"": ""交通安全那种"", ""query"": {""and"": [{""field"": ""training_objectives"", ""value"": ""安全教育""}, {""field"": ""content_type"", ""value"": ""动画""}, {""field"": ""is_fee"", ""value"": ""0""}]}}",12184
1k436,少儿,436,第5轮,过马路安全的,educ_search,"{""action"": ""search"", ""retext"": ""过马路安全的"", ""query"": {""and"": [{""field"": ""training_objectives"", ""value"": ""安全教育""}, {""field"": ""content_type"", ""value"": ""动画""}, {""field"": ""is_fee"", ""value"": ""0""}]}}",12185
1k437,少儿,437,第1轮,想看给孩子听睡前故事,audio_search,"{""action"": ""search"", ""query"": {}}",12186
1k437,少儿,437,第2轮,中国民间故事的,educ_search,"{""action"": ""search"", ""retext"": ""中国民间故事的"", ""query"": {""and"": [{""field"": ""field"", ""value"": ""value""}, {""field"": ""country"", ""value"": ""中国""}]}}",12187
1k437,少儿,437,第3轮,男的读的,educ_search,"{""action"": ""search"", ""retext"": ""男的读的"", ""query"": {""and"": [{""field"": ""field"", ""value"": ""value""}, {""field"": ""country"", ""value"": ""中国""}, {""field"": ""children_second_genre"", ""value"": ""故事""}]}}",12188
1k437,少儿,437,第4轮,十来分钟的,educ_search,"{""action"": ""search"", ""retext"": ""十来分钟的"", ""query"": {""and"": [{""field"": ""field"", ""value"": ""value""}, {""field"": ""country"", ""value"": ""中国""}, {""field"": ""children_second_genre"", ""value"": ""故事""}]}}",12189
1k437,少儿,437,第5轮,换个别的,educ_fuzzy_search,"{""query"": ""换个别的""}",12190
1k438,少儿,438,第1轮,《三体》讲什么,fan_knowledge_agent,"{""messages"": [{""role"": ""user"", ""content"": ""《三体》讲什么""}], ""riskRespStrategy"": ""all_replace""}",12191
1k438,少儿,438,第2轮,作者是谁,fan_knowledge_agent,"{""messages"": [{""role"": ""user"", ""content"": ""作者是谁""}], ""riskRespStrategy"": ""all_replace""}",12192
1k438,少儿,438,第3轮,结局是什么,fan_knowledge_agent,"{""messages"": [{""role"": ""user"", ""content"": ""结局是什么""}], ""riskRespStrategy"": ""all_replace""}",12193
1k438,少儿,438,第4轮,有电视剧版吗,vod_search,"{""action"": ""search"", ""query"": {""field"": ""tag"", ""value"": ""科幻""}}",12194
1k438,少儿,438,第5轮,第二部叫什么,vod_search,"{""action"": ""search"", ""query"": {""field"": ""tag"", ""value"": ""科幻""}}",12195
1k439,少儿,439,第1轮,红楼梦作者是谁,fan_knowledge_agent,"{""messages"": [{""role"": ""user"", ""content"": ""红楼梦作者是谁""}], ""riskRespStrategy"": ""all_replace""}",12196
1k439,少儿,439,第2轮,讲什么的,fan_knowledge_agent,"{""messages"": [{""role"": ""user"", ""content"": ""讲什么的""}], ""riskRespStrategy"": ""all_replace""}",12197
1k439,少儿,439,第3轮,主角有哪些,fan_knowledge_agent,"{""messages"": [{""role"": ""user"", ""content"": ""主角有哪些""}], ""riskRespStrategy"": ""all_replace""}",12198
1k439,少儿,439,第4轮,有改编的电视剧吗,vod_search,"{""action"": ""search"", ""query"": {""field"": ""tag"", ""value"": ""古装""}}",12199
1k439,少儿,439,第5轮,哪个版本最经典,fan_knowledge_agent,"{""messages"": [{""role"": ""user"", ""content"": ""哪个版本最经典""}], ""riskRespStrategy"": ""all_replace""}",12200
1k440,少儿,440,第1轮,《流浪地球》讲的什么,fan_knowledge_agent,"{""messages"": [{""role"": ""user"", ""content"": ""《流浪地球》讲的什么""}], ""riskRespStrategy"": ""all_replace""}",12201
1k440,少儿,440,第2轮,导演是谁,fan_knowledge_agent,"{""messages"": [{""role"": ""user"", ""content"": ""导演是谁""}], ""riskRespStrategy"": ""all_replace""}",12202
1k440,少儿,440,第3轮,票房多少,fan_knowledge_agent,"{""messages"": [{""role"": ""user"", ""content"": ""票房多少""}], ""riskRespStrategy"": ""all_replace""}",12203
1k440,少儿,440,第4轮,有续集吗,vod_search,"{""action"": ""search"", ""query"": {""field"": ""tag"", ""value"": ""科幻""}}",12204
1k440,少儿,440,第5轮,和原著差别大吗,fan_knowledge_agent,"{""messages"": [{""role"": ""user"", ""content"": ""和原著差别大吗""}], ""riskRespStrategy"": ""all_replace""}",12205
1k441,设备控制,441,第1轮,设置定时关机,timer_control,"{""operation"": ""打开"", ""object"": ""关机"", ""value"": """", ""device"": """", ""location"": """", ""date_time"": ""定时""}",12206
1k441,设备控制,441,第2轮,两个小时后,numeric_adjust,"{""operation"": ""打开"", ""object"": ""关机"", ""value"": """", ""device"": """", ""location"": """", ""date_time"": ""2小时""}",12207
1k441,设备控制,441,第3轮,改成3个小时的那种,numeric_adjust,"{""operation"": ""打开"", ""object"": ""关机"", ""value"": """", ""device"": """", ""location"": """", ""date_time"": ""3小时""}",12208
1k441,设备控制,441,第4轮,设成10点,numeric_adjust,"{""operation"": ""打开"", ""object"": ""关机"", ""value"": """", ""device"": """", ""location"": """", ""date_time"": ""10:00""}",12209
1k441,设备控制,441,第5轮,周末也生效吗,timer_control,"{""operation"": ""查询"", ""object"": ""定时关机"", ""value"": """", ""device"": """", ""location"": """", ""date_time"": ""周末""}",12210
1k442,设备控制,442,第1轮,麻烦把音量调大点,numeric_adjust,"{""device"": """", ""location"": """", ""object"": ""音量"", ""operation"": ""提高"", ""value"": """"}",12211
1k442,设备控制,442,第2轮,再调大点,numeric_adjust,"{""device"": """", ""location"": """", ""object"": ""音量"", ""operation"": ""提高"", ""value"": """"}",12212
1k442,设备控制,442,第3轮,太暗,numeric_adjust,"{""device"": """", ""location"": """", ""object"": ""音量"", ""operation"": ""提高"", ""value"": """"}",12213
1k442,设备控制,442,第4轮,还能再调大吗,numeric_adjust,"{""device"": """", ""location"": """", ""object"": ""音量"", ""operation"": ""提高"", ""value"": """"}",12214
1k442,设备控制,442,第5轮,调到20,numeric_adjust,"{""device"": """", ""location"": """", ""object"": ""音量"", ""operation"": ""设置"", ""value"": ""20""}",12215
1k443,设备控制,443,第1轮,色度太低了,numeric_adjust,"{""device"": """", ""location"": """", ""object"": ""色度"", ""operation"": ""提高"", ""value"": """"}",12216
1k443,设备控制,443,第2轮,高点,numeric_adjust,"{""device"": """", ""location"": """", ""object"": ""色度"", ""operation"": ""提高"", ""value"": """"}",12217
1k443,设备控制,443,第3轮,改成调亮度,numeric_adjust,"{""device"": """", ""location"": """", ""object"": ""亮度"", ""operation"": ""设置"", ""value"": """"}",12218
1k443,设备控制,443,第4轮,恢复默认的那种,numeric_adjust,"{""device"": """", ""location"": """", ""object"": ""恢复出厂设置"", ""operation"": ""打开"", ""value"": """"}",12219
1k443,设备控制,443,第5轮,调一下对比度,numeric_adjust,"{""device"": """", ""location"": """", ""object"": ""对比度"", ""operation"": ""设置"", ""value"": """"}",12220
1k444,设备控制,444,第1轮,电视画面调亮点,numeric_adjust,"{""device"": """", ""location"": """", ""object"": ""音量"", ""operation"": ""提高"", ""value"": """"}",12221
1k444,设备控制,444,第2轮,太暗了,numeric_adjust,"{""device"": """", ""location"": """", ""object"": ""音量"", ""operation"": ""提高"", ""value"": """"}",12222
1k444,设备控制,444,第3轮,调到最大,numeric_adjust,"{""device"": """", ""location"": """", ""object"": ""音量"", ""operation"": ""设置"", ""value"": ""最大""}",12223
1k444,设备控制,444,第4轮,调暗点,numeric_adjust,"{""device"": """", ""location"": """", ""object"": ""音量"", ""operation"": ""降低"", ""value"": """"}",12224
1k444,设备控制,444,第5轮,恢复默认,numeric_adjust,"{""device"": """", ""location"": """", ""object"": ""恢复出厂设置"", ""operation"": ""打开"", ""value"": """"}",12225
1k445,设备控制,445,第1轮,清晰度不太够,numeric_adjust,"{""device"": """", ""location"": """", ""object"": ""清晰度"", ""operation"": ""提高"", ""value"": """"}",12226
1k445,设备控制,445,第2轮,再高一点,numeric_adjust,"{""device"": """", ""location"": """", ""object"": ""清晰度"", ""operation"": ""提高"", ""value"": """"}",12227
1k445,设备控制,445,第3轮,还能再清晰点吗,numeric_adjust,"{""device"": """", ""location"": """", ""object"": ""清晰度"", ""operation"": ""提高"", ""value"": """"}",12228
1k445,设备控制,445,第4轮,恢复默认,numeric_adjust,"{""device"": """", ""location"": """", ""object"": ""恢复出厂设置"", ""operation"": ""打开"", ""value"": """"}",12229
1k445,设备控制,445,第5轮,设成最大值吧,numeric_adjust,"{""device"": """", ""location"": """", ""object"": ""清晰度"", ""operation"": ""设置"", ""value"": ""100%""}",12230
1k446,设备控制,446,第1轮,麻烦画面看起来有点暗,numeric_adjust,"{""device"": """", ""location"": """", ""object"": ""音量"", ""operation"": ""提高"", ""value"": """"}",12231
1k446,设备控制,446,第2轮,恢复默认,numeric_adjust,"{""device"": """", ""location"": """", ""object"": ""恢复出厂设置"", ""operation"": ""打开"", ""value"": """"}",12232
1k446,设备控制,446,第3轮,再亮一点,numeric_adjust,"{""device"": """", ""location"": """", ""object"": ""音量"", ""operation"": ""提高"", ""value"": """"}",12233
1k446,设备控制,446,第4轮,还是有点暗,numeric_adjust,"{""device"": """", ""location"": """", ""object"": ""音量"", ""operation"": ""提高"", ""value"": """"}",12234
1k446,设备控制,446,第5轮,下调一点,numeric_adjust,"{""device"": """", ""location"": """", ""object"": ""音量"", ""operation"": ""降低"", ""value"": """"}",12235
1k447,设备控制,447,第1轮,电视声音有点小,numeric_adjust,"{""device"": """", ""location"": """", ""object"": ""音量"", ""operation"": ""提高"", ""value"": """"}",12236
1k447,设备控制,447,第2轮,取消静音,numeric_adjust,"{""device"": """", ""location"": """", ""object"": ""静音"", ""operation"": ""关闭"", ""value"": """"}",12237
1k447,设备控制,447,第3轮,开大两格,numeric_adjust,"{""device"": """", ""location"": """", ""object"": ""音量"", ""operation"": ""提高"", ""value"": """"}",12238
1k447,设备控制,447,第4轮,太吵了,numeric_adjust,"{""device"": """", ""location"": """", ""object"": ""音量"", ""operation"": ""降低"", ""value"": """"}",12239
1k447,设备控制,447,第5轮,静音,numeric_adjust,"{""device"": """", ""location"": """", ""object"": ""静音"", ""operation"": ""打开"", ""value"": """"}",12240
1k448,设备控制,448,第1轮,把背光调低,display_control,"{""device"": """", ""location"": """", ""object"": ""背光"", ""operation"": ""降低"", ""value"": """"}",12241
1k448,设备控制,448,第2轮,恢复默认,numeric_adjust,"{""device"": """", ""location"": """", ""object"": ""恢复出厂设置"", ""operation"": ""打开"", ""value"": """"}",12242
1k448,设备控制,448,第3轮,再低一点,numeric_adjust,"{""device"": """", ""location"": """", ""object"": ""背光"", ""operation"": ""降低"", ""value"": """"}",12243
1k448,设备控制,448,第4轮,关掉背光调节,numeric_adjust,"{""device"": """", ""location"": """", ""object"": ""静音"", ""operation"": ""打开"", ""value"": """"}",12244
1k448,设备控制,448,第5轮,调到20,numeric_adjust,"{""device"": """", ""location"": """", ""object"": ""背光"", ""operation"": ""设置"", ""value"": ""20""}",12245
1k449,设备控制,449,第1轮,帮我打开儿童模式,educ_search,"{""query"": {}, ""retext"": ""帮我打开儿童模式""}",12246
1k449,设备控制,449,第2轮,密码改成1234,numeric_adjust,"{""device"": """", ""location"": """", ""object"": ""密码改成1234"", ""operation"": ""打开"", ""value"": """"}",12247
1k449,设备控制,449,第3轮,退出儿童模式,numeric_adjust,"{""action"": ""search"", ""query"": {}}",12248
1k449,设备控制,449,第4轮,关闭儿童模式,numeric_adjust,"{""retext"": ""关闭儿童模式""}",12249
1k449,设备控制,449,第5轮,设置一下密码,timer_control,"{""device"": """", ""location"": """", ""object"": ""设置一下密码"", ""operation"": ""打开"", ""value"": """"}",12250
1k450,设备控制,450,第1轮,麻烦打开护眼模式,mode_control,"{""device"": """", ""location"": """", ""object"": ""护眼模式"", ""operation"": ""打开"", ""value"": """"}",12251
1k450,设备控制,450,第2轮,调回标准,numeric_adjust,"{""device"": """", ""location"": """", ""object"": ""护眼模式"", ""operation"": ""打开"", ""value"": """"}",12252
1k450,设备控制,450,第3轮,再暖点,numeric_adjust,"{""device"": """", ""location"": """", ""object"": ""色温"", ""operation"": ""提高"", ""value"": """"}",12253
1k450,设备控制,450,第4轮,关掉护眼模式,numeric_adjust,"{""device"": """", ""location"": """", ""object"": ""护眼模式"", ""operation"": ""打开"", ""value"": """"}",12254
1k450,设备控制,450,第5轮,太黄了,numeric_adjust,"{""device"": """", ""location"": """", ""object"": ""色温"", ""operation"": ""提高"", ""value"": """"}",12255
1k451,设备控制,451,第1轮,设置半小时后提醒我,common_control,"{""device"": """", ""location"": """", ""object"": ""设置半小时后提醒我"", ""operation"": ""打开"", ""value"": """"}",12256
1k451,设备控制,451,第2轮,取消提醒,numeric_adjust,"{""device"": """", ""location"": """", ""object"": ""取消提醒"", ""operation"": ""关闭"", ""value"": """"}",12257
1k451,设备控制,451,第3轮,重新设成八点,numeric_adjust,"{""device"": """", ""location"": """", ""object"": ""设置半小时后提醒我"", ""operation"": ""打开"", ""value"": """"}",12258
1k451,设备控制,451,第4轮,改成一个小时,numeric_adjust,"{""device"": """", ""location"": """", ""object"": ""设置半小时后提醒我"", ""operation"": ""打开"", ""value"": """"}",12259
1k451,设备控制,451,第5轮,提醒关了没,timer_control,"{""operation"": ""查询"", ""object"": ""定时关机"", ""value"": """", ""device"": """", ""location"": """", ""date_time"": ""定时""}",12260
1k452,设备控制,452,第1轮,电视没声音了,numeric_adjust,"{""device"": """", ""location"": """", ""object"": ""静音"", ""operation"": ""打开"", ""value"": """"}",12261
1k452,设备控制,452,第2轮,切换到外接音箱,numeric_adjust,"{""device"": """", ""location"": """", ""object"": ""HDMI选择"", ""operation"": ""打开"", ""value"": """"}",12262
1k452,设备控制,452,第3轮,看看是不是静音了,timer_control,"{""device"": """", ""location"": """", ""object"": ""静音"", ""operation"": ""打开"", ""value"": """"}",12263
1k452,设备控制,452,第4轮,重启一下电视,numeric_adjust,"{""device"": """", ""location"": """", ""object"": ""重启"", ""operation"": ""打开"", ""value"": """"}",12264
1k452,设备控制,452,第5轮,还是没有声音,numeric_adjust,"{""action"": ""search"", ""query"": {}}",12265
1k453,设备控制,453,第1轮,给画面拖影有点严重,solve_picture_sound_problem_control,"{""intent"": ""dark_screen""}",12266
1k453,设备控制,453,第2轮,打开运动补偿,numeric_adjust,"{""device"": """", ""location"": """", ""object"": ""运动补偿"", ""operation"": ""打开"", ""value"": """"}",12267
1k453,设备控制,453,第3轮,调到最高档,numeric_adjust,"{""device"": """", ""location"": """", ""object"": ""运动补偿"", ""operation"": ""打开"", ""value"": """"}",12268
1k453,设备控制,453,第4轮,效果不明显,numeric_adjust,"{""device"": """", ""location"": """", ""object"": ""运动补偿"", ""operation"": ""打开"", ""value"": """"}",12269
1k453,设备控制,453,第5轮,关掉运动补偿,numeric_adjust,"{""device"": """", ""location"": """", ""object"": ""运动补偿"", ""operation"": ""打开"", ""value"": """"}",12270
1k454,设备控制,454,第1轮,帮我设置每天十点自动开机,power_control,"{""device"": """", ""location"": """", ""object"": ""开机"", ""operation"": ""打开"", ""value"": """"}",12271
1k454,设备控制,454,第2轮,那改回每天吧,numeric_adjust,"{""device"": """", ""location"": """", ""object"": ""开机"", ""operation"": ""打开"", ""value"": """"}",12272
1k454,设备控制,454,第3轮,周末不用,timer_control,"{""device"": """", ""location"": """", ""object"": ""开机"", ""operation"": ""打开"", ""value"": """"}",12273
1k454,设备控制,454,第4轮,改成只周一到周五,timer_control,"{""device"": """", ""location"": """", ""object"": ""开机"", ""operation"": ""打开"", ""value"": """"}",12274
1k454,设备控制,454,第5轮,改成十点半,numeric_adjust,"{""device"": """", ""location"": """", ""object"": ""开机"", ""operation"": ""打开"", ""value"": """"}",12275
1k455,设备控制,455,第1轮,把音量调大点,numeric_adjust,"{""device"": """", ""location"": """", ""object"": ""音量"", ""operation"": ""提高"", ""value"": """"}",12276
1k455,设备控制,455,第2轮,还能再调大吗,numeric_adjust,"{""device"": """", ""location"": """", ""object"": ""音量"", ""operation"": ""提高"", ""value"": """"}",12277
1k455,设备控制,455,第3轮,太暗,numeric_adjust,"{""device"": """", ""location"": """", ""object"": ""音量"", ""operation"": ""提高"", ""value"": """"}",12278
1k455,设备控制,455,第4轮,再调大点,numeric_adjust,"{""device"": """", ""location"": """", ""object"": ""音量"", ""operation"": ""提高"", ""value"": """"}",12279
1k455,设备控制,455,第5轮,调到20,numeric_adjust,"{""device"": """", ""location"": """", ""object"": ""音量"", ""operation"": ""设置"", ""value"": ""20""}",12280
1k456,设备控制,456,第1轮,把音量调亮点,numeric_adjust,"{""device"": """", ""location"": """", ""object"": ""音量"", ""operation"": ""提高"", ""value"": """"}",12281
1k456,设备控制,456,第2轮,调到20的那种,numeric_adjust,"{""device"": """", ""location"": """", ""object"": ""音量"", ""operation"": ""设置"", ""value"": ""20""}",12282
1k456,设备控制,456,第3轮,太暗,numeric_adjust,"{""device"": """", ""location"": """", ""object"": ""音量"", ""operation"": ""提高"", ""value"": """"}",12283
1k456,设备控制,456,第4轮,还能再调亮吗,numeric_adjust,"{""device"": """", ""location"": """", ""object"": ""音量"", ""operation"": ""提高"", ""value"": """"}",12284
1k456,设备控制,456,第5轮,恢复默认,numeric_adjust,"{""device"": """", ""location"": """", ""object"": ""恢复出厂设置"", ""operation"": ""打开"", ""value"": """"}",12285
1k457,设备控制,457,第1轮,把音量调高点,numeric_adjust,"{""device"": """", ""location"": """", ""object"": ""音量"", ""operation"": ""提高"", ""value"": """"}",12286
1k457,设备控制,457,第2轮,恢复默认,numeric_adjust,"{""device"": """", ""location"": """", ""object"": ""恢复出厂设置"", ""operation"": ""打开"", ""value"": """"}",12287
1k457,设备控制,457,第3轮,调到20,numeric_adjust,"{""device"": """", ""location"": """", ""object"": ""音量"", ""operation"": ""设置"", ""value"": ""20""}",12288
1k457,设备控制,457,第4轮,要关掉,numeric_adjust,"{""device"": """", ""location"": """", ""object"": ""音量"", ""operation"": ""提高"", ""value"": """"}",12289
1k457,设备控制,457,第5轮,再调高点的那种,numeric_adjust,"{""device"": """", ""location"": """", ""object"": ""音量"", ""operation"": ""提高"", ""value"": """"}",12290
1k458,设备控制,458,第1轮,把音量调小点,numeric_adjust,"{""device"": """", ""location"": """", ""object"": ""音量"", ""operation"": ""降低"", ""value"": """"}",12291
1k458,设备控制,458,第2轮,要太亮,numeric_adjust,"{""device"": """", ""location"": """", ""object"": ""音量"", ""operation"": ""降低"", ""value"": """"}",12292
1k458,设备控制,458,第3轮,再调小点,numeric_adjust,"{""device"": """", ""location"": """", ""object"": ""音量"", ""operation"": ""降低"", ""value"": """"}",12293
1k458,设备控制,458,第4轮,还能再调小吗,numeric_adjust,"{""device"": """", ""location"": """", ""object"": ""音量"", ""operation"": ""降低"", ""value"": """"}",12294
1k458,设备控制,458,第5轮,要关掉,numeric_adjust,"{""device"": """", ""location"": """", ""object"": ""音量"", ""operation"": ""降低"", ""value"": """"}",12295
1k459,设备控制,459,第1轮,给把音量调暗点,numeric_adjust,"{""device"": """", ""location"": """", ""object"": ""音量"", ""operation"": ""降低"", ""value"": """"}",12296
1k459,设备控制,459,第2轮,恢复默认,numeric_adjust,"{""device"": """", ""location"": """", ""object"": ""恢复出厂设置"", ""operation"": ""打开"", ""value"": """"}",12297
1k459,设备控制,459,第3轮,要太亮,numeric_adjust,"{""device"": """", ""location"": """", ""object"": ""音量"", ""operation"": ""降低"", ""value"": """"}",12298
1k459,设备控制,459,第4轮,还能再调暗吗,numeric_adjust,"{""device"": """", ""location"": """", ""object"": ""音量"", ""operation"": ""降低"", ""value"": """"}",12299
1k459,设备控制,459,第5轮,要关掉,numeric_adjust,"{""device"": """", ""location"": """", ""object"": ""音量"", ""operation"": ""降低"", ""value"": """"}",12300
1k460,设备控制,460,第1轮,麻烦把音量调低点,numeric_adjust,"{""device"": """", ""location"": """", ""object"": ""音量"", ""operation"": ""降低"", ""value"": """"}",12301
1k460,设备控制,460,第2轮,关掉,numeric_adjust,"{""device"": """", ""location"": """", ""object"": ""音量"", ""operation"": ""降低"", ""value"": """"}",12302
1k460,设备控制,460,第3轮,还能再调低吗,numeric_adjust,"{""device"": """", ""location"": """", ""object"": ""音量"", ""operation"": ""降低"", ""value"": """"}",12303
1k460,设备控制,460,第4轮,恢复默认的那种,numeric_adjust,"{""device"": """", ""location"": """", ""object"": ""恢复出厂设置"", ""operation"": ""打开"", ""value"": """"}",12304
1k460,设备控制,460,第5轮,调到50,numeric_adjust,"{""device"": """", ""location"": """", ""object"": ""音量"", ""operation"": ""设置"", ""value"": ""50""}",12305
1k461,设备控制,461,第1轮,把亮度调大点,numeric_adjust,"{""device"": """", ""location"": """", ""object"": ""亮度"", ""operation"": ""提高"", ""value"": """"}",12306
1k461,设备控制,461,第2轮,恢复默认,numeric_adjust,"{""device"": """", ""location"": """", ""object"": ""恢复出厂设置"", ""operation"": ""打开"", ""value"": """"}",12307
1k461,设备控制,461,第3轮,关掉,numeric_adjust,"{""device"": """", ""location"": """", ""object"": ""亮度"", ""operation"": ""提高"", ""value"": """"}",12308
1k461,设备控制,461,第4轮,还能再调大吗,numeric_adjust,"{""device"": """", ""location"": """", ""object"": ""亮度"", ""operation"": ""提高"", ""value"": """"}",12309
1k461,设备控制,461,第5轮,调到40,numeric_adjust,"{""device"": """", ""location"": """", ""object"": ""亮度"", ""operation"": ""设置"", ""value"": ""40""}",12310
1k462,设备控制,462,第1轮,把亮度调亮点吧,numeric_adjust,"{""device"": """", ""location"": """", ""object"": ""亮度"", ""operation"": ""提高"", ""value"": """"}",12311
1k462,设备控制,462,第2轮,要太暗,numeric_adjust,"{""device"": """", ""location"": """", ""object"": ""亮度"", ""operation"": ""提高"", ""value"": """"}",12312
1k462,设备控制,462,第3轮,关掉,numeric_adjust,"{""device"": """", ""location"": """", ""object"": ""亮度"", ""operation"": ""提高"", ""value"": """"}",12313
1k462,设备控制,462,第4轮,再调亮点,numeric_adjust,"{""device"": """", ""location"": """", ""object"": ""亮度"", ""operation"": ""提高"", ""value"": """"}",12314
1k462,设备控制,462,第5轮,还能再调亮吗,numeric_adjust,"{""device"": """", ""location"": """", ""object"": ""亮度"", ""operation"": ""提高"", ""value"": """"}",12315
1k463,设备控制,463,第1轮,麻烦把亮度调高点,numeric_adjust,"{""device"": """", ""location"": """", ""object"": ""亮度"", ""operation"": ""提高"", ""value"": """"}",12316
1k463,设备控制,463,第2轮,调到50的那种,numeric_adjust,"{""device"": """", ""location"": """", ""object"": ""亮度"", ""operation"": ""设置"", ""value"": ""50""}",12317
1k463,设备控制,463,第3轮,再调高点,numeric_adjust,"{""device"": """", ""location"": """", ""object"": ""亮度"", ""operation"": ""提高"", ""value"": """"}",12318
1k463,设备控制,463,第4轮,还能再调高吗,numeric_adjust,"{""device"": """", ""location"": """", ""object"": ""亮度"", ""operation"": ""提高"", ""value"": """"}",12319
1k463,设备控制,463,第5轮,太暗,numeric_adjust,"{""device"": """", ""location"": """", ""object"": ""亮度"", ""operation"": ""提高"", ""value"": """"}",12320
1k464,设备控制,464,第1轮,给把亮度调小点,numeric_adjust,"{""device"": """", ""location"": """", ""object"": ""亮度"", ""operation"": ""降低"", ""value"": """"}",12321
1k464,设备控制,464,第2轮,恢复默认,numeric_adjust,"{""device"": """", ""location"": """", ""object"": ""恢复出厂设置"", ""operation"": ""打开"", ""value"": """"}",12322
1k464,设备控制,464,第3轮,太亮,numeric_adjust,"{""device"": """", ""location"": """", ""object"": ""亮度"", ""operation"": ""降低"", ""value"": """"}",12323
1k464,设备控制,464,第4轮,还能再调小吗,numeric_adjust,"{""device"": """", ""location"": """", ""object"": ""亮度"", ""operation"": ""降低"", ""value"": """"}",12324
1k464,设备控制,464,第5轮,再调小点的那种,numeric_adjust,"{""device"": """", ""location"": """", ""object"": ""亮度"", ""operation"": ""降低"", ""value"": """"}",12325
1k465,设备控制,465,第1轮,把亮度调暗点,numeric_adjust,"{""device"": """", ""location"": """", ""object"": ""亮度"", ""operation"": ""降低"", ""value"": """"}",12326
1k465,设备控制,465,第2轮,太亮,numeric_adjust,"{""device"": """", ""location"": """", ""object"": ""亮度"", ""operation"": ""降低"", ""value"": """"}",12327
1k465,设备控制,465,第3轮,调到40,numeric_adjust,"{""device"": """", ""location"": """", ""object"": ""亮度"", ""operation"": ""设置"", ""value"": ""40""}",12328
1k465,设备控制,465,第4轮,还能再调暗吗,numeric_adjust,"{""device"": """", ""location"": """", ""object"": ""亮度"", ""operation"": ""降低"", ""value"": """"}",12329
1k465,设备控制,465,第5轮,关掉,numeric_adjust,"{""device"": """", ""location"": """", ""object"": ""亮度"", ""operation"": ""降低"", ""value"": """"}",12330
1k466,设备控制,466,第1轮,麻烦把亮度调低点,numeric_adjust,"{""device"": """", ""location"": """", ""object"": ""亮度"", ""operation"": ""降低"", ""value"": """"}",12331
1k466,设备控制,466,第2轮,还能再调低吗,numeric_adjust,"{""device"": """", ""location"": """", ""object"": ""亮度"", ""operation"": ""降低"", ""value"": """"}",12332
1k466,设备控制,466,第3轮,调到40的那种,numeric_adjust,"{""device"": """", ""location"": """", ""object"": ""亮度"", ""operation"": ""设置"", ""value"": ""40""}",12333
1k466,设备控制,466,第4轮,关掉的那种,numeric_adjust,"{""device"": """", ""location"": """", ""object"": ""亮度"", ""operation"": ""降低"", ""value"": """"}",12334
1k466,设备控制,466,第5轮,再调低点,numeric_adjust,"{""device"": """", ""location"": """", ""object"": ""亮度"", ""operation"": ""降低"", ""value"": """"}",12335
1k467,设备控制,467,第1轮,把对比度调大点,numeric_adjust,"{""device"": """", ""location"": """", ""object"": ""对比度"", ""operation"": ""提高"", ""value"": """"}",12336
1k467,设备控制,467,第2轮,关掉,numeric_adjust,"{""device"": """", ""location"": """", ""object"": ""对比度"", ""operation"": ""提高"", ""value"": """"}",12337
1k467,设备控制,467,第3轮,太暗,numeric_adjust,"{""device"": """", ""location"": """", ""object"": ""对比度"", ""operation"": ""提高"", ""value"": """"}",12338
1k467,设备控制,467,第4轮,还能再调大吗,numeric_adjust,"{""device"": """", ""location"": """", ""object"": ""对比度"", ""operation"": ""提高"", ""value"": """"}",12339
1k467,设备控制,467,第5轮,调到20,numeric_adjust,"{""device"": """", ""location"": """", ""object"": ""对比度"", ""operation"": ""设置"", ""value"": ""20""}",12340
1k468,设备控制,468,第1轮,把对比度调高点,numeric_adjust,"{""device"": """", ""location"": """", ""object"": ""对比度"", ""operation"": ""提高"", ""value"": """"}",12341
1k468,设备控制,468,第2轮,调到30,numeric_adjust,"{""device"": """", ""location"": """", ""object"": ""对比度"", ""operation"": ""设置"", ""value"": ""30""}",12342
1k468,设备控制,468,第3轮,太暗,numeric_adjust,"{""device"": """", ""location"": """", ""object"": ""对比度"", ""operation"": ""提高"", ""value"": """"}",12343
1k468,设备控制,468,第4轮,再调高点,numeric_adjust,"{""device"": """", ""location"": """", ""object"": ""对比度"", ""operation"": ""提高"", ""value"": """"}",12344
1k468,设备控制,468,第5轮,恢复默认的那种,numeric_adjust,"{""device"": """", ""location"": """", ""object"": ""恢复出厂设置"", ""operation"": ""打开"", ""value"": """"}",12345
1k469,设备控制,469,第1轮,把对比度调暗点,numeric_adjust,"{""device"": """", ""location"": """", ""object"": ""对比度"", ""operation"": ""降低"", ""value"": """"}",12346
1k469,设备控制,469,第2轮,还能再调暗吗,numeric_adjust,"{""device"": """", ""location"": """", ""object"": ""对比度"", ""operation"": ""降低"", ""value"": """"}",12347
1k469,设备控制,469,第3轮,调到20,numeric_adjust,"{""device"": """", ""location"": """", ""object"": ""对比度"", ""operation"": ""设置"", ""value"": ""20""}",12348
1k469,设备控制,469,第4轮,太亮,numeric_adjust,"{""device"": """", ""location"": """", ""object"": ""对比度"", ""operation"": ""降低"", ""value"": """"}",12349
1k469,设备控制,469,第5轮,恢复默认的那种,numeric_adjust,"{""device"": """", ""location"": """", ""object"": ""恢复出厂设置"", ""operation"": ""打开"", ""value"": """"}",12350
1k470,设备控制,470,第1轮,把色温调大点,numeric_adjust,"{""device"": """", ""location"": """", ""object"": ""色温"", ""operation"": ""提高"", ""value"": """"}",12351
1k470,设备控制,470,第2轮,调到30,numeric_adjust,"{""device"": """", ""location"": """", ""object"": ""色温"", ""operation"": ""设置"", ""value"": ""30""}",12352
1k470,设备控制,470,第3轮,关掉,numeric_adjust,"{""device"": """", ""location"": """", ""object"": ""色温"", ""operation"": ""提高"", ""value"": """"}",12353
1k470,设备控制,470,第4轮,恢复默认的那种,numeric_adjust,"{""device"": """", ""location"": """", ""object"": ""恢复出厂设置"", ""operation"": ""打开"", ""value"": """"}",12354
1k470,设备控制,470,第5轮,还能再调大吗,numeric_adjust,"{""device"": """", ""location"": """", ""object"": ""色温"", ""operation"": ""提高"", ""value"": """"}",12355
1k471,设备控制,471,第1轮,请帮我把色温调小点,numeric_adjust,"{""device"": """", ""location"": """", ""object"": ""色温"", ""operation"": ""降低"", ""value"": """"}",12356
1k471,设备控制,471,第2轮,要恢复默认,numeric_adjust,"{""device"": """", ""location"": """", ""object"": ""恢复出厂设置"", ""operation"": ""打开"", ""value"": """"}",12357
1k471,设备控制,471,第3轮,关掉,numeric_adjust,"{""device"": """", ""location"": """", ""object"": ""色温"", ""operation"": ""降低"", ""value"": """"}",12358
1k471,设备控制,471,第4轮,调到30,numeric_adjust,"{""device"": """", ""location"": """", ""object"": ""色温"", ""operation"": ""设置"", ""value"": ""30""}",12359
1k471,设备控制,471,第5轮,还能再调小吗,numeric_adjust,"{""device"": """", ""location"": """", ""object"": ""色温"", ""operation"": ""降低"", ""value"": """"}",12360
1k472,设备控制,472,第1轮,把色温调暗点,numeric_adjust,"{""device"": """", ""location"": """", ""object"": ""色温"", ""operation"": ""降低"", ""value"": """"}",12361
1k472,设备控制,472,第2轮,恢复默认的那种,numeric_adjust,"{""device"": """", ""location"": """", ""object"": ""恢复出厂设置"", ""operation"": ""打开"", ""value"": """"}",12362
1k472,设备控制,472,第3轮,关掉的那种,numeric_adjust,"{""device"": """", ""location"": """", ""object"": ""色温"", ""operation"": ""降低"", ""value"": """"}",12363
1k472,设备控制,472,第4轮,再调暗点,numeric_adjust,"{""device"": """", ""location"": """", ""object"": ""色温"", ""operation"": ""降低"", ""value"": """"}",12364
1k472,设备控制,472,第5轮,太亮,numeric_adjust,"{""device"": """", ""location"": """", ""object"": ""色温"", ""operation"": ""降低"", ""value"": """"}",12365
1k473,设备控制,473,第1轮,帮我把色温调低点,numeric_adjust,"{""device"": """", ""location"": """", ""object"": ""色温"", ""operation"": ""降低"", ""value"": """"}",12366
1k473,设备控制,473,第2轮,调到50,numeric_adjust,"{""device"": """", ""location"": """", ""object"": ""色温"", ""operation"": ""设置"", ""value"": ""50""}",12367
1k473,设备控制,473,第3轮,要恢复默认,numeric_adjust,"{""device"": """", ""location"": """", ""object"": ""恢复出厂设置"", ""operation"": ""打开"", ""value"": """"}",12368
1k473,设备控制,473,第4轮,再调低点,numeric_adjust,"{""device"": """", ""location"": """", ""object"": ""色温"", ""operation"": ""降低"", ""value"": """"}",12369
1k473,设备控制,473,第5轮,关掉,numeric_adjust,"{""device"": """", ""location"": """", ""object"": ""色温"", ""operation"": ""降低"", ""value"": """"}",12370
1k474,设备控制,474,第1轮,把背光调大点,display_control,"{""device"": """", ""location"": """", ""object"": ""背光"", ""operation"": ""提高"", ""value"": """"}",12371
1k474,设备控制,474,第2轮,再调大点,numeric_adjust,"{""device"": """", ""location"": """", ""object"": ""背光"", ""operation"": ""提高"", ""value"": """"}",12372
1k474,设备控制,474,第3轮,调到40,numeric_adjust,"{""device"": """", ""location"": """", ""object"": ""背光"", ""operation"": ""设置"", ""value"": ""40""}",12373
1k474,设备控制,474,第4轮,太暗,numeric_adjust,"{""device"": """", ""location"": """", ""object"": ""背光"", ""operation"": ""提高"", ""value"": """"}",12374
1k474,设备控制,474,第5轮,还能再调大吗,numeric_adjust,"{""device"": """", ""location"": """", ""object"": ""背光"", ""operation"": ""提高"", ""value"": """"}",12375
1k475,设备控制,475,第1轮,把背光调亮点,display_control,"{""device"": """", ""location"": """", ""object"": ""背光"", ""operation"": ""提高"", ""value"": """"}",12376
1k475,设备控制,475,第2轮,太暗,numeric_adjust,"{""device"": """", ""location"": """", ""object"": ""背光"", ""operation"": ""提高"", ""value"": """"}",12377
1k475,设备控制,475,第3轮,还能再调亮吗,numeric_adjust,"{""device"": """", ""location"": """", ""object"": ""背光"", ""operation"": ""提高"", ""value"": """"}",12378
1k475,设备控制,475,第4轮,再调亮点,numeric_adjust,"{""device"": """", ""location"": """", ""object"": ""背光"", ""operation"": ""提高"", ""value"": """"}",12379
1k475,设备控制,475,第5轮,调到20,numeric_adjust,"{""device"": """", ""location"": """", ""object"": ""背光"", ""operation"": ""设置"", ""value"": ""20""}",12380
1k476,设备控制,476,第1轮,把背光调小点,display_control,"{""device"": """", ""location"": """", ""object"": ""背光"", ""operation"": ""降低"", ""value"": """"}",12381
1k476,设备控制,476,第2轮,还能再调小吗,numeric_adjust,"{""device"": """", ""location"": """", ""object"": ""背光"", ""operation"": ""降低"", ""value"": """"}",12382
1k476,设备控制,476,第3轮,关掉,numeric_adjust,"{""device"": """", ""location"": """", ""object"": ""背光"", ""operation"": ""降低"", ""value"": """"}",12383
1k476,设备控制,476,第4轮,再调小点,numeric_adjust,"{""device"": """", ""location"": """", ""object"": ""背光"", ""operation"": ""降低"", ""value"": """"}",12384
1k476,设备控制,476,第5轮,调到50,numeric_adjust,"{""device"": """", ""location"": """", ""object"": ""背光"", ""operation"": ""设置"", ""value"": ""50""}",12385
1k477,设备控制,477,第1轮,把色度调暗点,numeric_adjust,"{""device"": """", ""location"": """", ""object"": ""色度"", ""operation"": ""降低"", ""value"": """"}",12386
1k477,设备控制,477,第2轮,太亮,numeric_adjust,"{""device"": """", ""location"": """", ""object"": ""色度"", ""operation"": ""降低"", ""value"": """"}",12387
1k477,设备控制,477,第3轮,调到20,numeric_adjust,"{""device"": """", ""location"": """", ""object"": ""色度"", ""operation"": ""设置"", ""value"": ""20""}",12388
1k477,设备控制,477,第4轮,再调暗点,numeric_adjust,"{""device"": """", ""location"": """", ""object"": ""色度"", ""operation"": ""降低"", ""value"": """"}",12389
1k477,设备控制,477,第5轮,要恢复默认,numeric_adjust,"{""device"": """", ""location"": """", ""object"": ""恢复出厂设置"", ""operation"": ""打开"", ""value"": """"}",12390
1k478,设备控制,478,第1轮,给设置定时关机半小时后,timer_control,"{""operation"": ""打开"", ""object"": ""关机"", ""value"": """", ""device"": """", ""location"": """", ""date_time"": ""定时""}",12391
1k478,设备控制,478,第2轮,改成一小时,numeric_adjust,"{""operation"": ""打开"", ""object"": ""关机"", ""value"": """", ""device"": """", ""location"": """", ""date_time"": ""定时""}",12392
1k478,设备控制,478,第3轮,设成八点,numeric_adjust,"{""operation"": ""打开"", ""object"": ""关机"", ""value"": """", ""device"": """", ""location"": """", ""date_time"": ""定时""}",12393
1k478,设备控制,478,第4轮,要取消,numeric_adjust,"{""operation"": ""打开"", ""object"": ""关机"", ""value"": """", ""device"": """", ""location"": """", ""date_time"": ""定时""}",12394
1k478,设备控制,478,第5轮,提醒关了没,timer_control,"{""operation"": ""打开"", ""object"": ""关机"", ""value"": """", ""device"": """", ""location"": """", ""date_time"": ""定时""}",12395
1k479,设备控制,479,第1轮,设置定时关机一个小时后吧,timer_control,"{""operation"": ""打开"", ""object"": ""关机"", ""value"": """", ""device"": """", ""location"": """", ""date_time"": ""定时""}",12396
1k479,设备控制,479,第2轮,周末也生效吗,timer_control,"{""operation"": ""查询"", ""object"": ""定时关机"", ""value"": """", ""device"": """", ""location"": """", ""date_time"": ""周末""}",12397
1k479,设备控制,479,第3轮,设成八点,numeric_adjust,"{""operation"": ""打开"", ""object"": ""关机"", ""value"": """", ""device"": """", ""location"": """", ""date_time"": ""定时""}",12398
1k479,设备控制,479,第4轮,改成一小时,numeric_adjust,"{""operation"": ""打开"", ""object"": ""关机"", ""value"": """", ""device"": """", ""location"": """", ""date_time"": ""定时""}",12399
1k479,设备控制,479,第5轮,提醒关了没,timer_control,"{""operation"": ""打开"", ""object"": ""关机"", ""value"": """", ""device"": """", ""location"": """", ""date_time"": ""定时""}",12400
1k480,设备控制,480,第1轮,设置定时关机两个小时后,timer_control,"{""operation"": ""打开"", ""object"": ""关机"", ""value"": """", ""device"": """", ""location"": """", ""date_time"": ""定时""}",12401
1k480,设备控制,480,第2轮,设成八点,numeric_adjust,"{""operation"": ""打开"", ""object"": ""关机"", ""value"": """", ""device"": """", ""location"": """", ""date_time"": ""定时""}",12402
1k480,设备控制,480,第3轮,取消,numeric_adjust,"{""operation"": ""关闭"", ""object"": ""关机"", ""value"": """", ""device"": """", ""location"": """"}",12403
1k480,设备控制,480,第4轮,周末也生效吗,timer_control,"{""operation"": ""查询"", ""object"": ""定时关机"", ""value"": """", ""device"": """", ""location"": """", ""date_time"": ""周末""}",12404
1k480,设备控制,480,第5轮,改成一小时,numeric_adjust,"{""operation"": ""打开"", ""object"": ""关机"", ""value"": """", ""device"": """", ""location"": """", ""date_time"": ""定时""}",12405
1k481,设备控制,481,第1轮,设置定时关机晚上十点,timer_control,"{""operation"": ""打开"", ""object"": ""关机"", ""value"": """", ""device"": """", ""location"": """", ""date_time"": ""定时""}",12406
1k481,设备控制,481,第2轮,取消,numeric_adjust,"{""operation"": ""关闭"", ""object"": ""关机"", ""value"": """", ""device"": """", ""location"": """"}",12407
1k481,设备控制,481,第3轮,周末也生效吗,timer_control,"{""operation"": ""查询"", ""object"": ""定时关机"", ""value"": """", ""device"": """", ""location"": """", ""date_time"": ""周末""}",12408
1k481,设备控制,481,第4轮,提醒关了没,timer_control,"{""operation"": ""打开"", ""object"": ""关机"", ""value"": """", ""device"": """", ""location"": """", ""date_time"": ""定时""}",12409
1k481,设备控制,481,第5轮,改成一小时,numeric_adjust,"{""operation"": ""打开"", ""object"": ""关机"", ""value"": """", ""device"": """", ""location"": """", ""date_time"": ""定时""}",12410
1k482,设备控制,482,第1轮,设置定时关机明早七点,timer_control,"{""operation"": ""打开"", ""object"": ""关机"", ""value"": """", ""device"": """", ""location"": """", ""date_time"": ""定时""}",12411
1k482,设备控制,482,第2轮,再提前十分钟,timer_control,"{""operation"": ""打开"", ""object"": ""关机"", ""value"": """", ""device"": """", ""location"": """", ""date_time"": ""提前10分钟""}",12412
1k482,设备控制,482,第3轮,取消,numeric_adjust,"{""operation"": ""关闭"", ""object"": ""关机"", ""value"": """", ""device"": """", ""location"": """"}",12413
1k482,设备控制,482,第4轮,设成八点,numeric_adjust,"{""operation"": ""打开"", ""object"": ""关机"", ""value"": """", ""device"": """", ""location"": """", ""date_time"": ""定时""}",12414
1k482,设备控制,482,第5轮,改成一小时,numeric_adjust,"{""operation"": ""打开"", ""object"": ""关机"", ""value"": """", ""device"": """", ""location"": """", ""date_time"": ""定时""}",12415
1k483,设备控制,483,第1轮,设置定时开机半小时后,power_control,"{""device"": """", ""location"": """", ""object"": ""开机"", ""operation"": ""打开"", ""value"": """"}",12416
1k483,设备控制,483,第2轮,再提前十分钟,timer_control,"{""device"": """", ""location"": """", ""object"": ""开机"", ""operation"": ""打开"", ""value"": """"}",12417
1k483,设备控制,483,第3轮,改成一小时,numeric_adjust,"{""device"": """", ""location"": """", ""object"": ""开机"", ""operation"": ""打开"", ""value"": """"}",12418
1k483,设备控制,483,第4轮,设成八点,numeric_adjust,"{""device"": """", ""location"": """", ""object"": ""开机"", ""operation"": ""打开"", ""value"": """"}",12419
1k483,设备控制,483,第5轮,周末也生效吗,timer_control,"{""device"": """", ""location"": """", ""object"": ""开机"", ""operation"": ""打开"", ""value"": """"}",12420
1k484,设备控制,484,第1轮,麻烦设置定时开机一个小时后,power_control,"{""device"": """", ""location"": """", ""object"": ""开机"", ""operation"": ""打开"", ""value"": """"}",12421
1k484,设备控制,484,第2轮,周末也生效吗,timer_control,"{""device"": """", ""location"": """", ""object"": ""开机"", ""operation"": ""打开"", ""value"": """"}",12422
1k484,设备控制,484,第3轮,再提前十分钟,timer_control,"{""device"": """", ""location"": """", ""object"": ""开机"", ""operation"": ""打开"", ""value"": """"}",12423
1k484,设备控制,484,第4轮,取消,numeric_adjust,"{""device"": """", ""location"": """", ""object"": ""开机"", ""operation"": ""关闭"", ""value"": """"}",12424
1k484,设备控制,484,第5轮,提醒关了没,timer_control,"{""device"": """", ""location"": """", ""object"": ""开机"", ""operation"": ""打开"", ""value"": """"}",12425
1k485,设备控制,485,第1轮,设置定时开机两个小时后,power_control,"{""device"": """", ""location"": """", ""object"": ""开机"", ""operation"": ""打开"", ""value"": """"}",12426
1k485,设备控制,485,第2轮,设成八点,numeric_adjust,"{""device"": """", ""location"": """", ""object"": ""开机"", ""operation"": ""打开"", ""value"": """"}",12427
1k485,设备控制,485,第3轮,周末也生效吗,timer_control,"{""device"": """", ""location"": """", ""object"": ""开机"", ""operation"": ""打开"", ""value"": """"}",12428
1k485,设备控制,485,第4轮,改成一小时,numeric_adjust,"{""device"": """", ""location"": """", ""object"": ""开机"", ""operation"": ""打开"", ""value"": """"}",12429
1k485,设备控制,485,第5轮,再提前十分钟,timer_control,"{""device"": """", ""location"": """", ""object"": ""开机"", ""operation"": ""打开"", ""value"": """"}",12430
1k486,设备控制,486,第1轮,设置定时开机晚上十点,power_control,"{""device"": """", ""location"": """", ""object"": ""开机"", ""operation"": ""打开"", ""value"": """"}",12431
1k486,设备控制,486,第2轮,提醒关了没,timer_control,"{""device"": """", ""location"": """", ""object"": ""开机"", ""operation"": ""打开"", ""value"": """"}",12432
1k486,设备控制,486,第3轮,取消,numeric_adjust,"{""device"": """", ""location"": """", ""object"": ""开机"", ""operation"": ""关闭"", ""value"": """"}",12433
1k486,设备控制,486,第4轮,设成八点,numeric_adjust,"{""device"": """", ""location"": """", ""object"": ""开机"", ""operation"": ""打开"", ""value"": """"}",12434
1k486,设备控制,486,第5轮,改成一小时,numeric_adjust,"{""device"": """", ""location"": """", ""object"": ""开机"", ""operation"": ""打开"", ""value"": """"}",12435
1k487,设备控制,487,第1轮,设置定时开机明早七点,power_control,"{""device"": """", ""location"": """", ""object"": ""开机"", ""operation"": ""打开"", ""value"": """"}",12436
1k487,设备控制,487,第2轮,取消,numeric_adjust,"{""device"": """", ""location"": """", ""object"": ""开机"", ""operation"": ""关闭"", ""value"": """"}",12437
1k487,设备控制,487,第3轮,再提前十分钟,timer_control,"{""device"": """", ""location"": """", ""object"": ""开机"", ""operation"": ""打开"", ""value"": """"}",12438
1k487,设备控制,487,第4轮,设成八点,numeric_adjust,"{""device"": """", ""location"": """", ""object"": ""开机"", ""operation"": ""打开"", ""value"": """"}",12439
1k487,设备控制,487,第5轮,周末也生效吗,timer_control,"{""device"": """", ""location"": """", ""object"": ""开机"", ""operation"": ""打开"", ""value"": """"}",12440
1k488,设备控制,488,第1轮,给设置提醒半小时后,common_control,"{""device"": """", ""location"": """", ""object"": ""给设置提醒半小时后"", ""operation"": ""打开"", ""value"": """"}",12441
1k488,设备控制,488,第2轮,设成八点,numeric_adjust,"{""device"": """", ""location"": """", ""object"": ""给设置提醒半小时后"", ""operation"": ""打开"", ""value"": """"}",12442
1k488,设备控制,488,第3轮,提醒关了没,timer_control,"{""operation"": ""查询"", ""object"": ""定时关机"", ""value"": """", ""device"": """", ""location"": """", ""date_time"": ""定时""}",12443
1k488,设备控制,488,第4轮,改成一小时,numeric_adjust,"{""device"": """", ""location"": """", ""object"": ""给设置提醒半小时后"", ""operation"": ""打开"", ""value"": """"}",12444
1k488,设备控制,488,第5轮,再提前十分钟,timer_control,"{""device"": """", ""location"": """", ""object"": ""给设置提醒半小时后"", ""operation"": ""打开"", ""value"": """"}",12445
1k489,设备控制,489,第1轮,设置提醒两个小时后,common_control,"{""device"": """", ""location"": """", ""object"": ""设置提醒两个小时后"", ""operation"": ""打开"", ""value"": """"}",12446
1k489,设备控制,489,第2轮,周末也生效吗,timer_control,"{""device"": """", ""location"": """", ""object"": ""周末也生效吗"", ""operation"": ""打开"", ""value"": """"}",12447
1k489,设备控制,489,第3轮,改成一小时的那种,numeric_adjust,"{""device"": """", ""location"": """", ""object"": ""设置提醒两个小时后"", ""operation"": ""打开"", ""value"": """"}",12448
1k489,设备控制,489,第4轮,提醒关了没,timer_control,"{""operation"": ""查询"", ""object"": ""定时关机"", ""value"": """", ""device"": """", ""location"": """", ""date_time"": ""定时""}",12449
1k489,设备控制,489,第5轮,取消的那种,numeric_adjust,"{""device"": """", ""location"": """", ""object"": ""取消的那种"", ""operation"": ""关闭"", ""value"": """"}",12450
1k490,设备控制,490,第1轮,电视声音有点小吧,numeric_adjust,"{""device"": """", ""location"": """", ""object"": ""音量"", ""operation"": ""提高"", ""value"": """"}",12451
1k490,设备控制,490,第2轮,取消静音,numeric_adjust,"{""device"": """", ""location"": """", ""object"": ""静音"", ""operation"": ""关闭"", ""value"": """"}",12452
1k490,设备控制,490,第3轮,太吵了,numeric_adjust,"{""device"": """", ""location"": """", ""object"": ""音量"", ""operation"": ""降低"", ""value"": """"}",12453
1k490,设备控制,490,第4轮,开大两格,numeric_adjust,"{""device"": """", ""location"": """", ""object"": ""音量"", ""operation"": ""提高"", ""value"": """"}",12454
1k490,设备控制,490,第5轮,静音,numeric_adjust,"{""device"": """", ""location"": """", ""object"": ""静音"", ""operation"": ""打开"", ""value"": """"}",12455
1k491,设备控制,491,第1轮,打开儿童模式,educ_search,"{""query"": {}, ""retext"": ""打开儿童模式""}",12456
1k491,设备控制,491,第2轮,退出儿童模式,numeric_adjust,"{""action"": ""search"", ""query"": {}}",12457
1k491,设备控制,491,第3轮,要关闭儿童模式,numeric_adjust,"{""retext"": ""要关闭儿童模式""}",12458
1k491,设备控制,491,第4轮,再进一次,numeric_adjust,"{""query"": {}, ""retext"": ""打开儿童模式""}",12459
1k491,设备控制,491,第5轮,设置一下密码,timer_control,"{""device"": """", ""location"": """", ""object"": ""设置一下密码"", ""operation"": ""打开"", ""value"": """"}",12460
1k492,设备控制,492,第1轮,画面拖影有点严重,solve_picture_sound_problem_control,"{""intent"": ""dark_screen""}",12461
1k492,设备控制,492,第2轮,打开运动补偿,numeric_adjust,"{""device"": """", ""location"": """", ""object"": ""运动补偿"", ""operation"": ""打开"", ""value"": """"}",12462
1k492,设备控制,492,第3轮,换回标准模式,numeric_adjust,"{""device"": """", ""location"": """", ""object"": ""运动补偿"", ""operation"": ""打开"", ""value"": """"}",12463
1k492,设备控制,492,第4轮,关掉运动补偿,numeric_adjust,"{""device"": """", ""location"": """", ""object"": ""运动补偿"", ""operation"": ""打开"", ""value"": """"}",12464
1k492,设备控制,492,第5轮,效果不明显,numeric_adjust,"{""device"": """", ""location"": """", ""object"": ""运动补偿"", ""operation"": ""打开"", ""value"": """"}",12465
1k493,设备控制,493,第1轮,给设置每天十点自动开机,power_control,"{""device"": """", ""location"": """", ""object"": ""开机"", ""operation"": ""打开"", ""value"": """"}",12466
1k493,设备控制,493,第2轮,周末不用,timer_control,"{""device"": """", ""location"": """", ""object"": ""开机"", ""operation"": ""打开"", ""value"": """"}",12467
1k493,设备控制,493,第3轮,改成只周一到周五,timer_control,"{""device"": """", ""location"": """", ""object"": ""开机"", ""operation"": ""打开"", ""value"": """"}",12468
1k493,设备控制,493,第4轮,那改回每天吧,numeric_adjust,"{""device"": """", ""location"": """", ""object"": ""开机"", ""operation"": ""打开"", ""value"": """"}",12469
1k493,设备控制,493,第5轮,取消这个设置,numeric_adjust,"{""device"": """", ""location"": """", ""object"": ""开机"", ""operation"": ""关闭"", ""value"": """"}",12470
1k494,设备控制,494,第1轮,把亮度调小点,numeric_adjust,"{""device"": """", ""location"": """", ""object"": ""亮度"", ""operation"": ""降低"", ""value"": """"}",12471
1k494,设备控制,494,第2轮,太亮,numeric_adjust,"{""device"": """", ""location"": """", ""object"": ""亮度"", ""operation"": ""降低"", ""value"": """"}",12472
1k494,设备控制,494,第3轮,关掉的那种,numeric_adjust,"{""device"": """", ""location"": """", ""object"": ""亮度"", ""operation"": ""降低"", ""value"": """"}",12473
1k494,设备控制,494,第4轮,还能再调小吗,numeric_adjust,"{""device"": """", ""location"": """", ""object"": ""亮度"", ""operation"": ""降低"", ""value"": """"}",12474
1k494,设备控制,494,第5轮,调到40,numeric_adjust,"{""device"": """", ""location"": """", ""object"": ""亮度"", ""operation"": ""设置"", ""value"": ""40""}",12475
1k495,设备控制,495,第1轮,给把色温调大点,numeric_adjust,"{""device"": """", ""location"": """", ""object"": ""色温"", ""operation"": ""提高"", ""value"": """"}",12476
1k495,设备控制,495,第2轮,还能再调大吗,numeric_adjust,"{""device"": """", ""location"": """", ""object"": ""色温"", ""operation"": ""提高"", ""value"": """"}",12477
1k495,设备控制,495,第3轮,太暗,numeric_adjust,"{""device"": """", ""location"": """", ""object"": ""色温"", ""operation"": ""提高"", ""value"": """"}",12478
1k495,设备控制,495,第4轮,再调大点,numeric_adjust,"{""device"": """", ""location"": """", ""object"": ""色温"", ""operation"": ""提高"", ""value"": """"}",12479
1k495,设备控制,495,第5轮,调到30,numeric_adjust,"{""device"": """", ""location"": """", ""object"": ""色温"", ""operation"": ""设置"", ""value"": ""30""}",12480
1k496,设备控制,496,第1轮,把色温调小点吧,numeric_adjust,"{""device"": """", ""location"": """", ""object"": ""色温"", ""operation"": ""降低"", ""value"": """"}",12481
1k496,设备控制,496,第2轮,还能再调小吗,numeric_adjust,"{""device"": """", ""location"": """", ""object"": ""色温"", ""operation"": ""降低"", ""value"": """"}",12482
1k496,设备控制,496,第3轮,调到30,numeric_adjust,"{""device"": """", ""location"": """", ""object"": ""色温"", ""operation"": ""设置"", ""value"": ""30""}",12483
1k496,设备控制,496,第4轮,太亮,numeric_adjust,"{""device"": """", ""location"": """", ""object"": ""色温"", ""operation"": ""降低"", ""value"": """"}",12484
1k496,设备控制,496,第5轮,再调小点,numeric_adjust,"{""device"": """", ""location"": """", ""object"": ""色温"", ""operation"": ""降低"", ""value"": """"}",12485
1k497,设备控制,497,第1轮,帮我把色度调小点,numeric_adjust,"{""device"": """", ""location"": """", ""object"": ""色度"", ""operation"": ""降低"", ""value"": """"}",12486
1k497,设备控制,497,第2轮,再调小点,numeric_adjust,"{""device"": """", ""location"": """", ""object"": ""色度"", ""operation"": ""降低"", ""value"": """"}",12487
1k497,设备控制,497,第3轮,太亮的那种,numeric_adjust,"{""device"": """", ""location"": """", ""object"": ""色度"", ""operation"": ""降低"", ""value"": """"}",12488
1k497,设备控制,497,第4轮,还能再调小吗,numeric_adjust,"{""device"": """", ""location"": """", ""object"": ""色度"", ""operation"": ""降低"", ""value"": """"}",12489
1k497,设备控制,497,第5轮,调到40,numeric_adjust,"{""device"": """", ""location"": """", ""object"": ""色度"", ""operation"": ""设置"", ""value"": ""40""}",12490
1k498,设备控制,498,第1轮,电视画面调亮点吧,numeric_adjust,"{""device"": """", ""location"": """", ""object"": ""音量"", ""operation"": ""提高"", ""value"": """"}",12491
1k498,设备控制,498,第2轮,调暗点,numeric_adjust,"{""device"": """", ""location"": """", ""object"": ""音量"", ""operation"": ""降低"", ""value"": """"}",12492
1k498,设备控制,498,第3轮,再调亮点的那种,numeric_adjust,"{""device"": """", ""location"": """", ""object"": ""音量"", ""operation"": ""提高"", ""value"": """"}",12493
1k498,设备控制,498,第4轮,太暗了,numeric_adjust,"{""device"": """", ""location"": """", ""object"": ""音量"", ""operation"": ""提高"", ""value"": """"}",12494
1k498,设备控制,498,第5轮,调到最大,numeric_adjust,"{""device"": """", ""location"": """", ""object"": ""音量"", ""operation"": ""设置"", ""value"": ""最大""}",12495
1k499,设备控制,499,第1轮,给画面看起来有点暗,numeric_adjust,"{""device"": """", ""location"": """", ""object"": ""音量"", ""operation"": ""提高"", ""value"": """"}",12496
1k499,设备控制,499,第2轮,还是有点暗,numeric_adjust,"{""device"": """", ""location"": """", ""object"": ""音量"", ""operation"": ""提高"", ""value"": """"}",12497
1k499,设备控制,499,第3轮,调到最高,numeric_adjust,"{""device"": """", ""location"": """", ""object"": ""音量"", ""operation"": ""设置"", ""value"": ""最大""}",12498
1k499,设备控制,499,第4轮,下调一点,numeric_adjust,"{""device"": """", ""location"": """", ""object"": ""音量"", ""operation"": ""降低"", ""value"": """"}",12499
1k499,设备控制,499,第5轮,再亮一点,numeric_adjust,"{""device"": """", ""location"": """", ""object"": ""音量"", ""operation"": ""提高"", ""value"": """"}",12500
1k500,设备控制,500,第1轮,打开儿童模式吧,educ_search,"{""query"": {}, ""retext"": ""打开儿童模式吧""}",12501
1k500,设备控制,500,第2轮,再进一次,numeric_adjust,"{""query"": {}, ""retext"": ""打开儿童模式""}",12502
1k500,设备控制,500,第3轮,退出儿童模式,numeric_adjust,"{""action"": ""search"", ""query"": {}}",12503
1k500,设备控制,500,第4轮,关闭儿童模式,numeric_adjust,"{""retext"": ""关闭儿童模式""}",12504
1k500,设备控制,500,第5轮,设置一下密码,timer_control,"{""device"": """", ""location"": """", ""object"": ""设置一下密码"", ""operation"": ""打开"", ""value"": """"}",12505
1k501,设备控制,501,第1轮,打开护眼模式,mode_control,"{""device"": """", ""location"": """", ""object"": ""护眼模式"", ""operation"": ""打开"", ""value"": """"}",12506
1k501,设备控制,501,第2轮,太黄了,numeric_adjust,"{""device"": """", ""location"": """", ""object"": ""色温"", ""operation"": ""提高"", ""value"": """"}",12507
1k501,设备控制,501,第3轮,色温调暖一点,numeric_adjust,"{""device"": """", ""location"": """", ""object"": ""色温"", ""operation"": ""提高"", ""value"": """"}",12508
1k501,设备控制,501,第4轮,再暖点,numeric_adjust,"{""device"": """", ""location"": """", ""object"": ""色温"", ""operation"": ""提高"", ""value"": """"}",12509
1k501,设备控制,501,第5轮,调回标准,numeric_adjust,"{""device"": """", ""location"": """", ""object"": ""护眼模式"", ""operation"": ""打开"", ""value"": """"}",12510
1k502,设备控制,502,第1轮,设置每天十点自动开机吧,power_control,"{""device"": """", ""location"": """", ""object"": ""开机"", ""operation"": ""打开"", ""value"": """"}",12511
1k502,设备控制,502,第2轮,那改回每天吧,numeric_adjust,"{""device"": """", ""location"": """", ""object"": ""开机"", ""operation"": ""打开"", ""value"": """"}",12512
1k502,设备控制,502,第3轮,周末不用,timer_control,"{""device"": """", ""location"": """", ""object"": ""开机"", ""operation"": ""打开"", ""value"": """"}",12513
1k502,设备控制,502,第4轮,取消这个设置,numeric_adjust,"{""device"": """", ""location"": """", ""object"": ""开机"", ""operation"": ""关闭"", ""value"": """"}",12514
1k502,设备控制,502,第5轮,改成十点半,numeric_adjust,"{""device"": """", ""location"": """", ""object"": ""开机"", ""operation"": ""打开"", ""value"": """"}",12515
1k503,设备控制,503,第1轮,把亮度调高点,numeric_adjust,"{""device"": """", ""location"": """", ""object"": ""亮度"", ""operation"": ""提高"", ""value"": """"}",12516
1k503,设备控制,503,第2轮,调到50,numeric_adjust,"{""device"": """", ""location"": """", ""object"": ""亮度"", ""operation"": ""设置"", ""value"": ""50""}",12517
1k503,设备控制,503,第3轮,再调高点,numeric_adjust,"{""device"": """", ""location"": """", ""object"": ""亮度"", ""operation"": ""提高"", ""value"": """"}",12518
1k503,设备控制,503,第4轮,还能再调高吗,numeric_adjust,"{""device"": """", ""location"": """", ""object"": ""亮度"", ""operation"": ""提高"", ""value"": """"}",12519
1k503,设备控制,503,第5轮,恢复默认的那种,numeric_adjust,"{""device"": """", ""location"": """", ""object"": ""恢复出厂设置"", ""operation"": ""打开"", ""value"": """"}",12520
1k504,设备控制,504,第1轮,把清晰度调小点,numeric_adjust,"{""device"": """", ""location"": """", ""object"": ""清晰度"", ""operation"": ""降低"", ""value"": """"}",12521
1k504,设备控制,504,第2轮,要恢复默认,numeric_adjust,"{""device"": """", ""location"": """", ""object"": ""恢复出厂设置"", ""operation"": ""打开"", ""value"": """"}",12522
1k504,设备控制,504,第3轮,调到20,numeric_adjust,"{""device"": """", ""location"": """", ""object"": ""清晰度"", ""operation"": ""设置"", ""value"": ""20""}",12523
1k504,设备控制,504,第4轮,再调小点,numeric_adjust,"{""device"": """", ""location"": """", ""object"": ""清晰度"", ""operation"": ""降低"", ""value"": """"}",12524
1k504,设备控制,504,第5轮,太亮,numeric_adjust,"{""device"": """", ""location"": """", ""object"": ""清晰度"", ""operation"": ""降低"", ""value"": """"}",12525
1k505,设备控制,505,第1轮,麻烦设置定时开机晚上十点,power_control,"{""device"": """", ""location"": """", ""object"": ""开机"", ""operation"": ""打开"", ""value"": """"}",12526
1k505,设备控制,505,第2轮,取消,numeric_adjust,"{""device"": """", ""location"": """", ""object"": ""开机"", ""operation"": ""关闭"", ""value"": """"}",12527
1k505,设备控制,505,第3轮,改成一小时的那种,numeric_adjust,"{""device"": """", ""location"": """", ""object"": ""开机"", ""operation"": ""打开"", ""value"": """"}",12528
1k505,设备控制,505,第4轮,提醒关了没,timer_control,"{""device"": """", ""location"": """", ""object"": ""开机"", ""operation"": ""打开"", ""value"": """"}",12529
1k505,设备控制,505,第5轮,设成八点的那种,numeric_adjust,"{""device"": """", ""location"": """", ""object"": ""开机"", ""operation"": ""打开"", ""value"": """"}",12530
1k506,设备控制,506,第1轮,请帮我清晰度不太够,numeric_adjust,"{""device"": """", ""location"": """", ""object"": ""清晰度"", ""operation"": ""提高"", ""value"": """"}",12531
1k506,设备控制,506,第2轮,要恢复默认,numeric_adjust,"{""device"": """", ""location"": """", ""object"": ""恢复出厂设置"", ""operation"": ""打开"", ""value"": """"}",12532
1k506,设备控制,506,第3轮,再高一点,numeric_adjust,"{""device"": """", ""location"": """", ""object"": ""清晰度"", ""operation"": ""提高"", ""value"": """"}",12533
1k506,设备控制,506,第4轮,设成最大值吧,numeric_adjust,"{""device"": """", ""location"": """", ""object"": ""清晰度"", ""operation"": ""设置"", ""value"": ""100%""}",12534
1k506,设备控制,506,第5轮,还能再清晰点吗,numeric_adjust,"{""device"": """", ""location"": """", ""object"": ""清晰度"", ""operation"": ""提高"", ""value"": """"}",12535
1k507,设备控制,507,第1轮,给电视声音有点小,numeric_adjust,"{""device"": """", ""location"": """", ""object"": ""音量"", ""operation"": ""提高"", ""value"": """"}",12536
1k507,设备控制,507,第2轮,静音,numeric_adjust,"{""device"": """", ""location"": """", ""object"": ""静音"", ""operation"": ""打开"", ""value"": """"}",12537
1k507,设备控制,507,第3轮,取消静音,numeric_adjust,"{""device"": """", ""location"": """", ""object"": ""静音"", ""operation"": ""关闭"", ""value"": """"}",12538
1k507,设备控制,507,第4轮,关小一点,numeric_adjust,"{""device"": """", ""location"": """", ""object"": ""音量"", ""operation"": ""降低"", ""value"": """"}",12539
1k507,设备控制,507,第5轮,太吵了,numeric_adjust,"{""device"": """", ""location"": """", ""object"": ""音量"", ""operation"": ""降低"", ""value"": """"}",12540
1k508,设备控制,508,第1轮,麻烦画面拖影有点严重,solve_picture_sound_problem_control,"{""intent"": ""dark_screen""}",12541
1k508,设备控制,508,第2轮,打开运动补偿,numeric_adjust,"{""device"": """", ""location"": """", ""object"": ""运动补偿"", ""operation"": ""打开"", ""value"": """"}",12542
1k508,设备控制,508,第3轮,换回标准模式,numeric_adjust,"{""device"": """", ""location"": """", ""object"": ""运动补偿"", ""operation"": ""打开"", ""value"": """"}",12543
1k508,设备控制,508,第4轮,要关掉运动补偿,numeric_adjust,"{""device"": """", ""location"": """", ""object"": ""运动补偿"", ""operation"": ""打开"", ""value"": """"}",12544
1k508,设备控制,508,第5轮,调到最高档,numeric_adjust,"{""device"": """", ""location"": """", ""object"": ""运动补偿"", ""operation"": ""打开"", ""value"": """"}",12545
1k509,设备控制,509,第1轮,请帮我设置每天十点自动开机,power_control,"{""device"": """", ""location"": """", ""object"": ""开机"", ""operation"": ""打开"", ""value"": """"}",12546
1k509,设备控制,509,第2轮,改成十点半,numeric_adjust,"{""device"": """", ""location"": """", ""object"": ""开机"", ""operation"": ""打开"", ""value"": """"}",12547
1k509,设备控制,509,第3轮,改成只周一到周五,timer_control,"{""device"": """", ""location"": """", ""object"": ""开机"", ""operation"": ""打开"", ""value"": """"}",12548
1k509,设备控制,509,第4轮,周末不用,timer_control,"{""device"": """", ""location"": """", ""object"": ""开机"", ""operation"": ""打开"", ""value"": """"}",12549
1k509,设备控制,509,第5轮,取消这个设置,numeric_adjust,"{""device"": """", ""location"": """", ""object"": ""开机"", ""operation"": ""关闭"", ""value"": """"}",12550
1k510,设备控制,510,第1轮,帮我把音量调低点,numeric_adjust,"{""device"": """", ""location"": """", ""object"": ""音量"", ""operation"": ""降低"", ""value"": """"}",12551
1k510,设备控制,510,第2轮,再调低点,numeric_adjust,"{""device"": """", ""location"": """", ""object"": ""音量"", ""operation"": ""降低"", ""value"": """"}",12552
1k510,设备控制,510,第3轮,调到50,numeric_adjust,"{""device"": """", ""location"": """", ""object"": ""音量"", ""operation"": ""设置"", ""value"": ""50""}",12553
1k510,设备控制,510,第4轮,要恢复默认,numeric_adjust,"{""device"": """", ""location"": """", ""object"": ""恢复出厂设置"", ""operation"": ""打开"", ""value"": """"}",12554
1k510,设备控制,510,第5轮,太亮,numeric_adjust,"{""device"": """", ""location"": """", ""object"": ""音量"", ""operation"": ""降低"", ""value"": """"}",12555
1k511,设备控制,511,第1轮,请帮我把色度调小点,numeric_adjust,"{""device"": """", ""location"": """", ""object"": ""色度"", ""operation"": ""降低"", ""value"": """"}",12556
1k511,设备控制,511,第2轮,还能再调小吗,numeric_adjust,"{""device"": """", ""location"": """", ""object"": ""色度"", ""operation"": ""降低"", ""value"": """"}",12557
1k511,设备控制,511,第3轮,再调小点,numeric_adjust,"{""device"": """", ""location"": """", ""object"": ""色度"", ""operation"": ""降低"", ""value"": """"}",12558
1k511,设备控制,511,第4轮,恢复默认的那种,numeric_adjust,"{""device"": """", ""location"": """", ""object"": ""恢复出厂设置"", ""operation"": ""打开"", ""value"": """"}",12559
1k511,设备控制,511,第5轮,要关掉,numeric_adjust,"{""device"": """", ""location"": """", ""object"": ""色度"", ""operation"": ""降低"", ""value"": """"}",12560
1k512,设备控制,512,第1轮,设置提醒一个小时后吧,common_control,"{""device"": """", ""location"": """", ""object"": ""设置提醒一个小时后吧"", ""operation"": ""打开"", ""value"": """"}",12561
1k512,设备控制,512,第2轮,取消,numeric_adjust,"{""device"": """", ""location"": """", ""object"": ""取消"", ""operation"": ""关闭"", ""value"": """"}",12562
1k512,设备控制,512,第3轮,要提醒关了没,timer_control,"{""operation"": ""查询"", ""object"": ""定时关机"", ""value"": """", ""device"": """", ""location"": """", ""date_time"": ""定时""}",12563
1k512,设备控制,512,第4轮,改成一小时的那种,numeric_adjust,"{""device"": """", ""location"": """", ""object"": ""设置提醒一个小时后吧"", ""operation"": ""打开"", ""value"": """"}",12564
1k512,设备控制,512,第5轮,再提前十分钟,timer_control,"{""device"": """", ""location"": """", ""object"": ""设置提醒一个小时后吧"", ""operation"": ""打开"", ""value"": """"}",12565
1k513,设备控制,513,第1轮,给打开儿童模式,educ_search,"{""query"": {}, ""retext"": ""给打开儿童模式""}",12566
1k513,设备控制,513,第2轮,设置一下密码,timer_control,"{""device"": """", ""location"": """", ""object"": ""设置一下密码"", ""operation"": ""打开"", ""value"": """"}",12567
1k513,设备控制,513,第3轮,退出儿童模式,numeric_adjust,"{""action"": ""search"", ""query"": {}}",12568
1k513,设备控制,513,第4轮,关闭儿童模式,numeric_adjust,"{""retext"": ""关闭儿童模式""}",12569
1k513,设备控制,513,第5轮,再进一次的那种,numeric_adjust,"{""query"": {}, ""retext"": ""打开儿童模式""}",12570
1k514,设备控制,514,第1轮,麻烦设置每天十点自动开机,power_control,"{""device"": """", ""location"": """", ""object"": ""开机"", ""operation"": ""打开"", ""value"": """"}",12571
1k514,设备控制,514,第2轮,改成只周一到周五,timer_control,"{""device"": """", ""location"": """", ""object"": ""开机"", ""operation"": ""打开"", ""value"": """"}",12572
1k514,设备控制,514,第3轮,周末不用,timer_control,"{""device"": """", ""location"": """", ""object"": ""开机"", ""operation"": ""打开"", ""value"": """"}",12573
1k514,设备控制,514,第4轮,改成十点半,numeric_adjust,"{""device"": """", ""location"": """", ""object"": ""开机"", ""operation"": ""打开"", ""value"": """"}",12574
1k514,设备控制,514,第5轮,取消这个设置,numeric_adjust,"{""device"": """", ""location"": """", ""object"": ""开机"", ""operation"": ""关闭"", ""value"": """"}",12575
1k515,设备控制,515,第1轮,画面拖影有点严重吧,solve_picture_sound_problem_control,"{""intent"": ""dark_screen""}",12576
1k515,设备控制,515,第2轮,换回标准模式,numeric_adjust,"{""device"": """", ""location"": """", ""object"": ""运动补偿"", ""operation"": ""打开"", ""value"": """"}",12577
1k515,设备控制,515,第3轮,效果不明显,numeric_adjust,"{""device"": """", ""location"": """", ""object"": ""运动补偿"", ""operation"": ""打开"", ""value"": """"}",12578
1k515,设备控制,515,第4轮,调到最高档,numeric_adjust,"{""device"": """", ""location"": """", ""object"": ""运动补偿"", ""operation"": ""打开"", ""value"": """"}",12579
1k515,设备控制,515,第5轮,关掉运动补偿,numeric_adjust,"{""device"": """", ""location"": """", ""object"": ""运动补偿"", ""operation"": ""打开"", ""value"": """"}",12580
1k516,设备控制,516,第1轮,设置每天十点自动开机,power_control,"{""device"": """", ""location"": """", ""object"": ""开机"", ""operation"": ""打开"", ""value"": """"}",12581
1k516,设备控制,516,第2轮,取消这个设置的那种,numeric_adjust,"{""device"": """", ""location"": """", ""object"": ""开机"", ""operation"": ""关闭"", ""value"": """"}",12582
1k516,设备控制,516,第3轮,那改回每天吧,numeric_adjust,"{""device"": """", ""location"": """", ""object"": ""开机"", ""operation"": ""打开"", ""value"": """"}",12583
1k516,设备控制,516,第4轮,改成十点半,numeric_adjust,"{""device"": """", ""location"": """", ""object"": ""开机"", ""operation"": ""打开"", ""value"": """"}",12584
1k516,设备控制,516,第5轮,改成只周一到周五,timer_control,"{""device"": """", ""location"": """", ""object"": ""开机"", ""operation"": ""打开"", ""value"": """"}",12585
1k517,设备控制,517,第1轮,请帮我把对比度调小点,numeric_adjust,"{""device"": """", ""location"": """", ""object"": ""对比度"", ""operation"": ""降低"", ""value"": """"}",12586
1k517,设备控制,517,第2轮,调到50的那种,numeric_adjust,"{""device"": """", ""location"": """", ""object"": ""对比度"", ""operation"": ""设置"", ""value"": ""50""}",12587
1k517,设备控制,517,第3轮,要恢复默认,numeric_adjust,"{""device"": """", ""location"": """", ""object"": ""恢复出厂设置"", ""operation"": ""打开"", ""value"": """"}",12588
1k517,设备控制,517,第4轮,太亮的那种,numeric_adjust,"{""device"": """", ""location"": """", ""object"": ""对比度"", ""operation"": ""降低"", ""value"": """"}",12589
1k517,设备控制,517,第5轮,再调小点,numeric_adjust,"{""device"": """", ""location"": """", ""object"": ""对比度"", ""operation"": ""降低"", ""value"": """"}",12590
1k518,设备控制,518,第1轮,把色温调高点,numeric_adjust,"{""device"": """", ""location"": """", ""object"": ""色温"", ""operation"": ""提高"", ""value"": """"}",12591
1k518,设备控制,518,第2轮,恢复默认的那种,numeric_adjust,"{""device"": """", ""location"": """", ""object"": ""恢复出厂设置"", ""operation"": ""打开"", ""value"": """"}",12592
1k518,设备控制,518,第3轮,调到50,numeric_adjust,"{""device"": """", ""location"": """", ""object"": ""色温"", ""operation"": ""设置"", ""value"": ""50""}",12593
1k518,设备控制,518,第4轮,太暗的那种,numeric_adjust,"{""device"": """", ""location"": """", ""object"": ""色温"", ""operation"": ""提高"", ""value"": """"}",12594
1k518,设备控制,518,第5轮,再调高点,numeric_adjust,"{""device"": """", ""location"": """", ""object"": ""色温"", ""operation"": ""提高"", ""value"": """"}",12595
1k519,设备控制,519,第1轮,请帮我设置定时关机,timer_control,"{""operation"": ""打开"", ""object"": ""关机"", ""value"": """", ""device"": """", ""location"": """", ""date_time"": ""定时""}",12596
1k519,设备控制,519,第2轮,改成3个小时,numeric_adjust,"{""operation"": ""打开"", ""object"": ""关机"", ""value"": """", ""device"": """", ""location"": """", ""date_time"": ""3小时""}",12597
1k519,设备控制,519,第3轮,取消,numeric_adjust,"{""operation"": ""关闭"", ""object"": ""关机"", ""value"": """", ""device"": """", ""location"": """"}",12598
1k519,设备控制,519,第4轮,两个小时后,numeric_adjust,"{""operation"": ""打开"", ""object"": ""关机"", ""value"": """", ""device"": """", ""location"": """", ""date_time"": ""2小时""}",12599
1k519,设备控制,519,第5轮,设成10点,numeric_adjust,"{""operation"": ""打开"", ""object"": ""关机"", ""value"": """", ""device"": """", ""location"": """", ""date_time"": ""10:00""}",12600
1k520,设备控制,520,第1轮,给清晰度不太够,numeric_adjust,"{""device"": """", ""location"": """", ""object"": ""清晰度"", ""operation"": ""提高"", ""value"": """"}",12601
1k520,设备控制,520,第2轮,还能再清晰点吗,numeric_adjust,"{""device"": """", ""location"": """", ""object"": ""清晰度"", ""operation"": ""提高"", ""value"": """"}",12602
1k520,设备控制,520,第3轮,设成最大值吧,numeric_adjust,"{""device"": """", ""location"": """", ""object"": ""清晰度"", ""operation"": ""设置"", ""value"": ""100%""}",12603
1k520,设备控制,520,第4轮,再高一点,numeric_adjust,"{""device"": """", ""location"": """", ""object"": ""清晰度"", ""operation"": ""提高"", ""value"": """"}",12604
1k520,设备控制,520,第5轮,要往回调小一点,numeric_adjust,"{""device"": """", ""location"": """", ""object"": ""清晰度"", ""operation"": ""降低"", ""value"": """"}",12605
1k521,设备控制,521,第1轮,帮我把亮度调亮点,numeric_adjust,"{""device"": """", ""location"": """", ""object"": ""亮度"", ""operation"": ""提高"", ""value"": """"}",12606
1k521,设备控制,521,第2轮,要恢复默认,numeric_adjust,"{""device"": """", ""location"": """", ""object"": ""恢复出厂设置"", ""operation"": ""打开"", ""value"": """"}",12607
1k521,设备控制,521,第3轮,再调亮点,numeric_adjust,"{""device"": """", ""location"": """", ""object"": ""亮度"", ""operation"": ""提高"", ""value"": """"}",12608
1k521,设备控制,521,第4轮,太暗的那种,numeric_adjust,"{""device"": """", ""location"": """", ""object"": ""亮度"", ""operation"": ""提高"", ""value"": """"}",12609
1k521,设备控制,521,第5轮,调到50,numeric_adjust,"{""device"": """", ""location"": """", ""object"": ""亮度"", ""operation"": ""设置"", ""value"": ""50""}",12610
1k522,设备控制,522,第1轮,画面看起来有点暗,numeric_adjust,"{""device"": """", ""location"": """", ""object"": ""音量"", ""operation"": ""提高"", ""value"": """"}",12611
1k522,设备控制,522,第2轮,下调一点,numeric_adjust,"{""device"": """", ""location"": """", ""object"": ""音量"", ""operation"": ""降低"", ""value"": """"}",12612
1k522,设备控制,522,第3轮,再亮一点,numeric_adjust,"{""device"": """", ""location"": """", ""object"": ""音量"", ""operation"": ""提高"", ""value"": """"}",12613
1k522,设备控制,522,第4轮,调到最高,numeric_adjust,"{""device"": """", ""location"": """", ""object"": ""音量"", ""operation"": ""设置"", ""value"": ""最大""}",12614
1k522,设备控制,522,第5轮,还是有点暗,numeric_adjust,"{""device"": """", ""location"": """", ""object"": ""音量"", ""operation"": ""提高"", ""value"": """"}",12615
1k523,设备控制,523,第1轮,请帮我电视没声音了,numeric_adjust,"{""device"": """", ""location"": """", ""object"": ""静音"", ""operation"": ""打开"", ""value"": """"}",12616
1k523,设备控制,523,第2轮,切换到外接音箱,numeric_adjust,"{""device"": """", ""location"": """", ""object"": ""HDMI选择"", ""operation"": ""打开"", ""value"": """"}",12617
1k523,设备控制,523,第3轮,重启一下电视,numeric_adjust,"{""device"": """", ""location"": """", ""object"": ""重启"", ""operation"": ""打开"", ""value"": """"}",12618
1k523,设备控制,523,第4轮,看看是不是静音了,timer_control,"{""device"": """", ""location"": """", ""object"": ""静音"", ""operation"": ""打开"", ""value"": """"}",12619
1k523,设备控制,523,第5轮,音量调到40,numeric_adjust,"{""device"": """", ""location"": """", ""object"": ""音量"", ""operation"": ""设置"", ""value"": ""40""}",12620
1k524,设备控制,524,第1轮,给把亮度调亮点,numeric_adjust,"{""device"": """", ""location"": """", ""object"": ""亮度"", ""operation"": ""提高"", ""value"": """"}",12621
1k524,设备控制,524,第2轮,还能再调亮吗,numeric_adjust,"{""device"": """", ""location"": """", ""object"": ""亮度"", ""operation"": ""提高"", ""value"": """"}",12622
1k524,设备控制,524,第3轮,太暗的那种,numeric_adjust,"{""device"": """", ""location"": """", ""object"": ""亮度"", ""operation"": ""提高"", ""value"": """"}",12623
1k524,设备控制,524,第4轮,要恢复默认,numeric_adjust,"{""device"": """", ""location"": """", ""object"": ""恢复出厂设置"", ""operation"": ""打开"", ""value"": """"}",12624
1k524,设备控制,524,第5轮,再调亮点,numeric_adjust,"{""device"": """", ""location"": """", ""object"": ""亮度"", ""operation"": ""提高"", ""value"": """"}",12625
1k525,设备控制,525,第1轮,给把亮度调低点,numeric_adjust,"{""device"": """", ""location"": """", ""object"": ""亮度"", ""operation"": ""降低"", ""value"": """"}",12626
1k525,设备控制,525,第2轮,关掉的那种,numeric_adjust,"{""device"": """", ""location"": """", ""object"": ""亮度"", ""operation"": ""降低"", ""value"": """"}",12627
1k525,设备控制,525,第3轮,还能再调低吗,numeric_adjust,"{""device"": """", ""location"": """", ""object"": ""亮度"", ""operation"": ""降低"", ""value"": """"}",12628
1k525,设备控制,525,第4轮,再调低点,numeric_adjust,"{""device"": """", ""location"": """", ""object"": ""亮度"", ""operation"": ""降低"", ""value"": """"}",12629
1k525,设备控制,525,第5轮,调到40,numeric_adjust,"{""device"": """", ""location"": """", ""object"": ""亮度"", ""operation"": ""设置"", ""value"": ""40""}",12630
1k526,设备控制,526,第1轮,把清晰度调暗点,numeric_adjust,"{""device"": """", ""location"": """", ""object"": ""清晰度"", ""operation"": ""降低"", ""value"": """"}",12631
1k526,设备控制,526,第2轮,再调暗点,numeric_adjust,"{""device"": """", ""location"": """", ""object"": ""清晰度"", ""operation"": ""降低"", ""value"": """"}",12632
1k526,设备控制,526,第3轮,调到30,numeric_adjust,"{""device"": """", ""location"": """", ""object"": ""清晰度"", ""operation"": ""设置"", ""value"": ""30""}",12633
1k526,设备控制,526,第4轮,关掉的那种,numeric_adjust,"{""device"": """", ""location"": """", ""object"": ""清晰度"", ""operation"": ""降低"", ""value"": """"}",12634
1k526,设备控制,526,第5轮,还能再调暗吗,numeric_adjust,"{""device"": """", ""location"": """", ""object"": ""清晰度"", ""operation"": ""降低"", ""value"": """"}",12635
1k527,设备控制,527,第1轮,帮我电视没声音了,numeric_adjust,"{""device"": """", ""location"": """", ""object"": ""静音"", ""operation"": ""打开"", ""value"": """"}",12636
1k527,设备控制,527,第2轮,重启一下电视的那种,numeric_adjust,"{""device"": """", ""location"": """", ""object"": ""重启"", ""operation"": ""打开"", ""value"": """"}",12637
1k527,设备控制,527,第3轮,看看是不是静音了,timer_control,"{""device"": """", ""location"": """", ""object"": ""静音"", ""operation"": ""打开"", ""value"": """"}",12638
1k527,设备控制,527,第4轮,还是没有声音,numeric_adjust,"{""action"": ""search"", ""query"": {}}",12639
1k527,设备控制,527,第5轮,音量调到40,numeric_adjust,"{""device"": """", ""location"": """", ""object"": ""音量"", ""operation"": ""设置"", ""value"": ""40""}",12640
1k528,设备控制,528,第1轮,请帮我打开护眼模式,mode_control,"{""device"": """", ""location"": """", ""object"": ""护眼模式"", ""operation"": ""打开"", ""value"": """"}",12641
1k528,设备控制,528,第2轮,关掉护眼模式,numeric_adjust,"{""device"": """", ""location"": """", ""object"": ""护眼模式"", ""operation"": ""打开"", ""value"": """"}",12642
1k528,设备控制,528,第3轮,色温调暖一点,numeric_adjust,"{""device"": """", ""location"": """", ""object"": ""色温"", ""operation"": ""提高"", ""value"": """"}",12643
1k528,设备控制,528,第4轮,再暖点的那种,numeric_adjust,"{""device"": """", ""location"": """", ""object"": ""色温"", ""operation"": ""提高"", ""value"": """"}",12644
1k528,设备控制,528,第5轮,太黄了,numeric_adjust,"{""device"": """", ""location"": """", ""object"": ""色温"", ""operation"": ""提高"", ""value"": """"}",12645
1k529,设备控制,529,第1轮,帮我把色度调高点,numeric_adjust,"{""device"": """", ""location"": """", ""object"": ""色度"", ""operation"": ""提高"", ""value"": """"}",12646
1k529,设备控制,529,第2轮,调到40,numeric_adjust,"{""device"": """", ""location"": """", ""object"": ""色度"", ""operation"": ""设置"", ""value"": ""40""}",12647
1k529,设备控制,529,第3轮,再调高点,numeric_adjust,"{""device"": """", ""location"": """", ""object"": ""色度"", ""operation"": ""提高"", ""value"": """"}",12648
1k529,设备控制,529,第4轮,要太暗,numeric_adjust,"{""device"": """", ""location"": """", ""object"": ""色度"", ""operation"": ""提高"", ""value"": """"}",12649
1k529,设备控制,529,第5轮,还能再调高吗,numeric_adjust,"{""device"": """", ""location"": """", ""object"": ""色度"", ""operation"": ""提高"", ""value"": """"}",12650
1k530,设备控制,530,第1轮,色度太低了吧,numeric_adjust,"{""device"": """", ""location"": """", ""object"": ""色度"", ""operation"": ""提高"", ""value"": """"}",12651
1k530,设备控制,530,第2轮,高点,numeric_adjust,"{""device"": """", ""location"": """", ""object"": ""色度"", ""operation"": ""提高"", ""value"": """"}",12652
1k530,设备控制,530,第3轮,调一下对比度,numeric_adjust,"{""device"": """", ""location"": """", ""object"": ""对比度"", ""operation"": ""设置"", ""value"": """"}",12653
1k530,设备控制,530,第4轮,改成调亮度,numeric_adjust,"{""device"": """", ""location"": """", ""object"": ""亮度"", ""operation"": ""设置"", ""value"": """"}",12654
1k530,设备控制,530,第5轮,调高点,numeric_adjust,"{""device"": """", ""location"": """", ""object"": ""色度"", ""operation"": ""提高"", ""value"": """"}",12655
1k531,设备控制,531,第1轮,帮我电视画面调亮点,numeric_adjust,"{""device"": """", ""location"": """", ""object"": ""音量"", ""operation"": ""提高"", ""value"": """"}",12656
1k531,设备控制,531,第2轮,调到最大,numeric_adjust,"{""device"": """", ""location"": """", ""object"": ""音量"", ""operation"": ""设置"", ""value"": ""最大""}",12657
1k531,设备控制,531,第3轮,太暗了,numeric_adjust,"{""device"": """", ""location"": """", ""object"": ""音量"", ""operation"": ""提高"", ""value"": """"}",12658
1k531,设备控制,531,第4轮,调暗点,numeric_adjust,"{""device"": """", ""location"": """", ""object"": ""音量"", ""operation"": ""降低"", ""value"": """"}",12659
1k531,设备控制,531,第5轮,再调亮点,numeric_adjust,"{""device"": """", ""location"": """", ""object"": ""音量"", ""operation"": ""提高"", ""value"": """"}",12660
1k532,设备控制,532,第1轮,画面看起来有点暗吧,numeric_adjust,"{""device"": """", ""location"": """", ""object"": ""音量"", ""operation"": ""提高"", ""value"": """"}",12661
1k532,设备控制,532,第2轮,调到最高,numeric_adjust,"{""device"": """", ""location"": """", ""object"": ""音量"", ""operation"": ""设置"", ""value"": ""最大""}",12662
1k532,设备控制,532,第3轮,再亮一点,numeric_adjust,"{""device"": """", ""location"": """", ""object"": ""音量"", ""operation"": ""提高"", ""value"": """"}",12663
1k532,设备控制,532,第4轮,下调一点,numeric_adjust,"{""device"": """", ""location"": """", ""object"": ""音量"", ""operation"": ""降低"", ""value"": """"}",12664
1k532,设备控制,532,第5轮,还是有点暗,numeric_adjust,"{""device"": """", ""location"": """", ""object"": ""音量"", ""operation"": ""提高"", ""value"": """"}",12665
1k533,设备控制,533,第1轮,给色度太低了,numeric_adjust,"{""device"": """", ""location"": """", ""object"": ""色度"", ""operation"": ""提高"", ""value"": """"}",12666
1k533,设备控制,533,第2轮,高点,numeric_adjust,"{""device"": """", ""location"": """", ""object"": ""色度"", ""operation"": ""提高"", ""value"": """"}",12667
1k533,设备控制,533,第3轮,调高点,numeric_adjust,"{""device"": """", ""location"": """", ""object"": ""色度"", ""operation"": ""提高"", ""value"": """"}",12668
1k533,设备控制,533,第4轮,改成调亮度,numeric_adjust,"{""device"": """", ""location"": """", ""object"": ""亮度"", ""operation"": ""设置"", ""value"": """"}",12669
1k533,设备控制,533,第5轮,调一下对比度,numeric_adjust,"{""device"": """", ""location"": """", ""object"": ""对比度"", ""operation"": ""设置"", ""value"": """"}",12670
1k534,设备控制,534,第1轮,请帮我打开儿童模式,educ_search,"{""query"": {}, ""retext"": ""请帮我打开儿童模式""}",12671
1k534,设备控制,534,第2轮,设置一下密码,timer_control,"{""device"": """", ""location"": """", ""object"": ""设置一下密码"", ""operation"": ""打开"", ""value"": """"}",12672
1k534,设备控制,534,第3轮,退出儿童模式,numeric_adjust,"{""action"": ""search"", ""query"": {}}",12673
1k534,设备控制,534,第4轮,再进一次,numeric_adjust,"{""query"": {}, ""retext"": ""打开儿童模式""}",12674
1k534,设备控制,534,第5轮,密码改成1234,numeric_adjust,"{""device"": """", ""location"": """", ""object"": ""密码改成1234"", ""operation"": ""打开"", ""value"": """"}",12675
1k535,设备控制,535,第1轮,麻烦打开儿童模式,educ_search,"{""query"": {}, ""retext"": ""麻烦打开儿童模式""}",12676
1k535,设备控制,535,第2轮,设置一下密码,timer_control,"{""device"": """", ""location"": """", ""object"": ""设置一下密码"", ""operation"": ""打开"", ""value"": """"}",12677
1k535,设备控制,535,第3轮,要退出儿童模式,numeric_adjust,"{""action"": ""search"", ""query"": {}}",12678
1k535,设备控制,535,第4轮,密码改成1234,numeric_adjust,"{""device"": """", ""location"": """", ""object"": ""密码改成1234"", ""operation"": ""打开"", ""value"": """"}",12679
1k535,设备控制,535,第5轮,关闭儿童模式,numeric_adjust,"{""retext"": ""关闭儿童模式""}",12680
1k536,设备控制,536,第1轮,帮我打开护眼模式,mode_control,"{""device"": """", ""location"": """", ""object"": ""护眼模式"", ""operation"": ""打开"", ""value"": """"}",12681
1k536,设备控制,536,第2轮,调回标准,numeric_adjust,"{""device"": """", ""location"": """", ""object"": ""护眼模式"", ""operation"": ""打开"", ""value"": """"}",12682
1k536,设备控制,536,第3轮,太黄了的那种,numeric_adjust,"{""device"": """", ""location"": """", ""object"": ""色温"", ""operation"": ""提高"", ""value"": """"}",12683
1k536,设备控制,536,第4轮,色温调暖一点,numeric_adjust,"{""device"": """", ""location"": """", ""object"": ""色温"", ""operation"": ""提高"", ""value"": """"}",12684
1k536,设备控制,536,第5轮,再暖点,numeric_adjust,"{""device"": """", ""location"": """", ""object"": ""色温"", ""operation"": ""提高"", ""value"": """"}",12685
1k537,设备控制,537,第1轮,给电视没声音了,numeric_adjust,"{""device"": """", ""location"": """", ""object"": ""静音"", ""operation"": ""打开"", ""value"": """"}",12686
1k537,设备控制,537,第2轮,重启一下电视,numeric_adjust,"{""device"": """", ""location"": """", ""object"": ""重启"", ""operation"": ""打开"", ""value"": """"}",12687
1k537,设备控制,537,第3轮,还是没有声音,numeric_adjust,"{""action"": ""search"", ""query"": {}}",12688
1k537,设备控制,537,第4轮,看看是不是静音了的那种,timer_control,"{""device"": """", ""location"": """", ""object"": ""静音"", ""operation"": ""打开"", ""value"": """"}",12689
1k537,设备控制,537,第5轮,切换到外接音箱,numeric_adjust,"{""device"": """", ""location"": """", ""object"": ""HDMI选择"", ""operation"": ""打开"", ""value"": """"}",12690
1k538,设备控制,538,第1轮,麻烦电视没声音了,numeric_adjust,"{""device"": """", ""location"": """", ""object"": ""静音"", ""operation"": ""打开"", ""value"": """"}",12691
1k538,设备控制,538,第2轮,重启一下电视,numeric_adjust,"{""device"": """", ""location"": """", ""object"": ""重启"", ""operation"": ""打开"", ""value"": """"}",12692
1k538,设备控制,538,第3轮,还是没有声音,numeric_adjust,"{""action"": ""search"", ""query"": {}}",12693
1k538,设备控制,538,第4轮,音量调到40,numeric_adjust,"{""device"": """", ""location"": """", ""object"": ""音量"", ""operation"": ""设置"", ""value"": ""40""}",12694
1k538,设备控制,538,第5轮,看看是不是静音了,timer_control,"{""device"": """", ""location"": """", ""object"": ""静音"", ""operation"": ""打开"", ""value"": """"}",12695
1k539,设备控制,539,第1轮,帮我电视声音有点小,numeric_adjust,"{""device"": """", ""location"": """", ""object"": ""音量"", ""operation"": ""提高"", ""value"": """"}",12696
1k539,设备控制,539,第2轮,开大两格,numeric_adjust,"{""device"": """", ""location"": """", ""object"": ""音量"", ""operation"": ""提高"", ""value"": """"}",12697
1k539,设备控制,539,第3轮,太吵了的那种,numeric_adjust,"{""device"": """", ""location"": """", ""object"": ""音量"", ""operation"": ""降低"", ""value"": """"}",12698
1k539,设备控制,539,第4轮,静音,numeric_adjust,"{""device"": """", ""location"": """", ""object"": ""静音"", ""operation"": ""打开"", ""value"": """"}",12699
1k539,设备控制,539,第5轮,取消静音,numeric_adjust,"{""device"": """", ""location"": """", ""object"": ""静音"", ""operation"": ""关闭"", ""value"": """"}",12700
1k540,设备控制,540,第1轮,麻烦设置半小时后提醒我,common_control,"{""device"": """", ""location"": """", ""object"": ""麻烦设置半小时后提醒我"", ""operation"": ""打开"", ""value"": """"}",12701
1k540,设备控制,540,第2轮,取消提醒,numeric_adjust,"{""device"": """", ""location"": """", ""object"": ""取消提醒"", ""operation"": ""关闭"", ""value"": """"}",12702
1k540,设备控制,540,第3轮,重新设成八点,numeric_adjust,"{""device"": """", ""location"": """", ""object"": ""麻烦设置半小时后提醒我"", ""operation"": ""打开"", ""value"": """"}",12703
1k540,设备控制,540,第4轮,再提前十分钟,timer_control,"{""device"": """", ""location"": """", ""object"": ""麻烦设置半小时后提醒我"", ""operation"": ""打开"", ""value"": """"}",12704
1k540,设备控制,540,第5轮,改成一个小时,numeric_adjust,"{""device"": """", ""location"": """", ""object"": ""麻烦设置半小时后提醒我"", ""operation"": ""打开"", ""value"": """"}",12705
1k541,设备控制,541,第1轮,电视没声音了吧,numeric_adjust,"{""device"": """", ""location"": """", ""object"": ""静音"", ""operation"": ""打开"", ""value"": """"}",12706
1k541,设备控制,541,第2轮,看看是不是静音了,timer_control,"{""device"": """", ""location"": """", ""object"": ""静音"", ""operation"": ""打开"", ""value"": """"}",12707
1k541,设备控制,541,第3轮,还是没有声音,numeric_adjust,"{""action"": ""search"", ""query"": {}}",12708
1k541,设备控制,541,第4轮,要重启一下电视,numeric_adjust,"{""device"": """", ""location"": """", ""object"": ""重启"", ""operation"": ""打开"", ""value"": """"}",12709
1k541,设备控制,541,第5轮,切换到外接音箱,numeric_adjust,"{""device"": """", ""location"": """", ""object"": ""HDMI选择"", ""operation"": ""打开"", ""value"": """"}",12710
1k542,设备控制,542,第1轮,麻烦把清晰度调低点,numeric_adjust,"{""device"": """", ""location"": """", ""object"": ""清晰度"", ""operation"": ""降低"", ""value"": """"}",12711
1k542,设备控制,542,第2轮,调到40,numeric_adjust,"{""device"": """", ""location"": """", ""object"": ""清晰度"", ""operation"": ""设置"", ""value"": ""40""}",12712
1k542,设备控制,542,第3轮,再调低点,numeric_adjust,"{""device"": """", ""location"": """", ""object"": ""清晰度"", ""operation"": ""降低"", ""value"": """"}",12713
1k542,设备控制,542,第4轮,关掉的那种,numeric_adjust,"{""device"": """", ""location"": """", ""object"": ""清晰度"", ""operation"": ""降低"", ""value"": """"}",12714
1k542,设备控制,542,第5轮,要太亮,numeric_adjust,"{""device"": """", ""location"": """", ""object"": ""清晰度"", ""operation"": ""降低"", ""value"": """"}",12715
1k543,设备控制,543,第1轮,给设置半小时后提醒我,common_control,"{""device"": """", ""location"": """", ""object"": ""给设置半小时后提醒我"", ""operation"": ""打开"", ""value"": """"}",12716
1k543,设备控制,543,第2轮,取消提醒,numeric_adjust,"{""device"": """", ""location"": """", ""object"": ""取消提醒"", ""operation"": ""关闭"", ""value"": """"}",12717
1k543,设备控制,543,第3轮,重新设成八点,numeric_adjust,"{""device"": """", ""location"": """", ""object"": ""给设置半小时后提醒我"", ""operation"": ""打开"", ""value"": """"}",12718
1k543,设备控制,543,第4轮,提醒关了没的那种,timer_control,"{""operation"": ""查询"", ""object"": ""定时关机"", ""value"": """", ""device"": """", ""location"": """", ""date_time"": ""定时""}",12719
1k543,设备控制,543,第5轮,再提前十分钟,timer_control,"{""device"": """", ""location"": """", ""object"": ""给设置半小时后提醒我"", ""operation"": ""打开"", ""value"": """"}",12720
1k544,设备控制,544,第1轮,麻烦电视画面调亮点,numeric_adjust,"{""device"": """", ""location"": """", ""object"": ""音量"", ""operation"": ""提高"", ""value"": """"}",12721
1k544,设备控制,544,第2轮,调到最大,numeric_adjust,"{""device"": """", ""location"": """", ""object"": ""音量"", ""operation"": ""设置"", ""value"": ""最大""}",12722
1k544,设备控制,544,第3轮,调暗点,numeric_adjust,"{""device"": """", ""location"": """", ""object"": ""音量"", ""operation"": ""降低"", ""value"": """"}",12723
1k544,设备控制,544,第4轮,要太暗了,numeric_adjust,"{""device"": """", ""location"": """", ""object"": ""音量"", ""operation"": ""提高"", ""value"": """"}",12724
1k544,设备控制,544,第5轮,再调亮点,numeric_adjust,"{""device"": """", ""location"": """", ""object"": ""音量"", ""operation"": ""提高"", ""value"": """"}",12725
1k545,设备控制,545,第1轮,把清晰度调亮点吧,numeric_adjust,"{""device"": """", ""location"": """", ""object"": ""清晰度"", ""operation"": ""提高"", ""value"": """"}",12726
1k545,设备控制,545,第2轮,调到40,numeric_adjust,"{""device"": """", ""location"": """", ""object"": ""清晰度"", ""operation"": ""设置"", ""value"": ""40""}",12727
1k545,设备控制,545,第3轮,还能再调亮吗,numeric_adjust,"{""device"": """", ""location"": """", ""object"": ""清晰度"", ""operation"": ""提高"", ""value"": """"}",12728
1k545,设备控制,545,第4轮,再调亮点,numeric_adjust,"{""device"": """", ""location"": """", ""object"": ""清晰度"", ""operation"": ""提高"", ""value"": """"}",12729
1k545,设备控制,545,第5轮,要太暗,numeric_adjust,"{""device"": """", ""location"": """", ""object"": ""清晰度"", ""operation"": ""提高"", ""value"": """"}",12730
1k546,设备控制,546,第1轮,麻烦把亮度调亮点,numeric_adjust,"{""device"": """", ""location"": """", ""object"": ""亮度"", ""operation"": ""提高"", ""value"": """"}",12731
1k546,设备控制,546,第2轮,还能再调亮吗,numeric_adjust,"{""device"": """", ""location"": """", ""object"": ""亮度"", ""operation"": ""提高"", ""value"": """"}",12732
1k546,设备控制,546,第3轮,再调亮点的那种,numeric_adjust,"{""device"": """", ""location"": """", ""object"": ""亮度"", ""operation"": ""提高"", ""value"": """"}",12733
1k546,设备控制,546,第4轮,要太暗,numeric_adjust,"{""device"": """", ""location"": """", ""object"": ""亮度"", ""operation"": ""提高"", ""value"": """"}",12734
1k546,设备控制,546,第5轮,调到50,numeric_adjust,"{""device"": """", ""location"": """", ""object"": ""亮度"", ""operation"": ""设置"", ""value"": ""50""}",12735
1k547,设备控制,547,第1轮,请帮我画面拖影有点严重,solve_picture_sound_problem_control,"{""intent"": ""dark_screen""}",12736
1k547,设备控制,547,第2轮,效果不明显,numeric_adjust,"{""device"": """", ""location"": """", ""object"": ""运动补偿"", ""operation"": ""打开"", ""value"": """"}",12737
1k547,设备控制,547,第3轮,打开运动补偿,numeric_adjust,"{""device"": """", ""location"": """", ""object"": ""运动补偿"", ""operation"": ""打开"", ""value"": """"}",12738
1k547,设备控制,547,第4轮,关掉运动补偿,numeric_adjust,"{""device"": """", ""location"": """", ""object"": ""运动补偿"", ""operation"": ""打开"", ""value"": """"}",12739
1k547,设备控制,547,第5轮,换回标准模式,numeric_adjust,"{""device"": """", ""location"": """", ""object"": ""运动补偿"", ""operation"": ""打开"", ""value"": """"}",12740
1k548,设备控制,548,第1轮,麻烦电视声音有点小,numeric_adjust,"{""device"": """", ""location"": """", ""object"": ""音量"", ""operation"": ""提高"", ""value"": """"}",12741
1k548,设备控制,548,第2轮,开大两格,numeric_adjust,"{""device"": """", ""location"": """", ""object"": ""音量"", ""operation"": ""提高"", ""value"": """"}",12742
1k548,设备控制,548,第3轮,静音,numeric_adjust,"{""device"": """", ""location"": """", ""object"": ""静音"", ""operation"": ""打开"", ""value"": """"}",12743
1k548,设备控制,548,第4轮,取消静音,numeric_adjust,"{""device"": """", ""location"": """", ""object"": ""静音"", ""operation"": ""关闭"", ""value"": """"}",12744
1k548,设备控制,548,第5轮,关小一点,numeric_adjust,"{""device"": """", ""location"": """", ""object"": ""音量"", ""operation"": ""降低"", ""value"": """"}",12745
1k549,设备控制,549,第1轮,请帮我把音量调低点,numeric_adjust,"{""device"": """", ""location"": """", ""object"": ""音量"", ""operation"": ""降低"", ""value"": """"}",12746
1k549,设备控制,549,第2轮,还能再调低吗,numeric_adjust,"{""device"": """", ""location"": """", ""object"": ""音量"", ""operation"": ""降低"", ""value"": """"}",12747
1k549,设备控制,549,第3轮,调到50,numeric_adjust,"{""device"": """", ""location"": """", ""object"": ""音量"", ""operation"": ""设置"", ""value"": ""50""}",12748
1k549,设备控制,549,第4轮,要关掉,numeric_adjust,"{""device"": """", ""location"": """", ""object"": ""音量"", ""operation"": ""降低"", ""value"": """"}",12749
1k549,设备控制,549,第5轮,要太亮,numeric_adjust,"{""device"": """", ""location"": """", ""object"": ""音量"", ""operation"": ""降低"", ""value"": """"}",12750
1k550,设备控制,550,第1轮,帮我色度太低了,numeric_adjust,"{""device"": """", ""location"": """", ""object"": ""色度"", ""operation"": ""提高"", ""value"": """"}",12751
1k550,设备控制,550,第2轮,调一下对比度,numeric_adjust,"{""device"": """", ""location"": """", ""object"": ""对比度"", ""operation"": ""设置"", ""value"": """"}",12752
1k550,设备控制,550,第3轮,调高点,numeric_adjust,"{""device"": """", ""location"": """", ""object"": ""色度"", ""operation"": ""提高"", ""value"": """"}",12753
1k550,设备控制,550,第4轮,高点的那种,numeric_adjust,"{""device"": """", ""location"": """", ""object"": ""色度"", ""operation"": ""提高"", ""value"": """"}",12754
1k550,设备控制,550,第5轮,改成调亮度,numeric_adjust,"{""device"": """", ""location"": """", ""object"": ""亮度"", ""operation"": ""设置"", ""value"": """"}",12755
1k551,设备控制,551,第1轮,帮我把背光调低,display_control,"{""device"": """", ""location"": """", ""object"": ""背光"", ""operation"": ""降低"", ""value"": """"}",12756
1k551,设备控制,551,第2轮,还是太亮了,numeric_adjust,"{""device"": """", ""location"": """", ""object"": ""背光"", ""operation"": ""降低"", ""value"": """"}",12757
1k551,设备控制,551,第3轮,再低一点,numeric_adjust,"{""device"": """", ""location"": """", ""object"": ""背光"", ""operation"": ""降低"", ""value"": """"}",12758
1k551,设备控制,551,第4轮,要关掉背光调节,numeric_adjust,"{""device"": """", ""location"": """", ""object"": ""静音"", ""operation"": ""打开"", ""value"": """"}",12759
1k551,设备控制,551,第5轮,调到20的那种,numeric_adjust,"{""device"": """", ""location"": """", ""object"": ""背光"", ""operation"": ""设置"", ""value"": ""20""}",12760
1k552,设备控制,552,第1轮,给打开护眼模式,mode_control,"{""device"": """", ""location"": """", ""object"": ""护眼模式"", ""operation"": ""打开"", ""value"": """"}",12761
1k552,设备控制,552,第2轮,色温调暖一点,numeric_adjust,"{""device"": """", ""location"": """", ""object"": ""色温"", ""operation"": ""提高"", ""value"": """"}",12762
1k552,设备控制,552,第3轮,关掉护眼模式,numeric_adjust,"{""device"": """", ""location"": """", ""object"": ""护眼模式"", ""operation"": ""打开"", ""value"": """"}",12763
1k552,设备控制,552,第4轮,再暖点,numeric_adjust,"{""device"": """", ""location"": """", ""object"": ""色温"", ""operation"": ""提高"", ""value"": """"}",12764
1k552,设备控制,552,第5轮,调回标准,numeric_adjust,"{""device"": """", ""location"": """", ""object"": ""护眼模式"", ""operation"": ""打开"", ""value"": """"}",12765
1k553,设备控制,553,第1轮,麻烦色度太低了,numeric_adjust,"{""device"": """", ""location"": """", ""object"": ""色度"", ""operation"": ""提高"", ""value"": """"}",12766
1k553,设备控制,553,第2轮,高点,numeric_adjust,"{""device"": """", ""location"": """", ""object"": ""色度"", ""operation"": ""提高"", ""value"": """"}",12767
1k553,设备控制,553,第3轮,改成调亮度,numeric_adjust,"{""device"": """", ""location"": """", ""object"": ""亮度"", ""operation"": ""设置"", ""value"": """"}",12768
1k553,设备控制,553,第4轮,调高点,numeric_adjust,"{""device"": """", ""location"": """", ""object"": ""色度"", ""operation"": ""提高"", ""value"": """"}",12769
1k553,设备控制,553,第5轮,调一下对比度的那种,numeric_adjust,"{""device"": """", ""location"": """", ""object"": ""对比度"", ""operation"": ""设置"", ""value"": """"}",12770
1k554,设备控制,554,第1轮,麻烦把背光调低,display_control,"{""device"": """", ""location"": """", ""object"": ""背光"", ""operation"": ""降低"", ""value"": """"}",12771
1k554,设备控制,554,第2轮,关掉背光调节的那种,numeric_adjust,"{""device"": """", ""location"": """", ""object"": ""静音"", ""operation"": ""打开"", ""value"": """"}",12772
1k554,设备控制,554,第3轮,调到20的那种,numeric_adjust,"{""device"": """", ""location"": """", ""object"": ""背光"", ""operation"": ""设置"", ""value"": ""20""}",12773
1k554,设备控制,554,第4轮,再低一点的那种,numeric_adjust,"{""device"": """", ""location"": """", ""object"": ""背光"", ""operation"": ""降低"", ""value"": """"}",12774
1k554,设备控制,554,第5轮,还是太亮了,numeric_adjust,"{""device"": """", ""location"": """", ""object"": ""背光"", ""operation"": ""降低"", ""value"": """"}",12775
1k555,设备控制,555,第1轮,请帮我电视声音有点小,numeric_adjust,"{""device"": """", ""location"": """", ""object"": ""音量"", ""operation"": ""提高"", ""value"": """"}",12776
1k555,设备控制,555,第2轮,关小一点,numeric_adjust,"{""device"": """", ""location"": """", ""object"": ""音量"", ""operation"": ""降低"", ""value"": """"}",12777
1k555,设备控制,555,第3轮,静音,numeric_adjust,"{""device"": """", ""location"": """", ""object"": ""静音"", ""operation"": ""打开"", ""value"": """"}",12778
1k555,设备控制,555,第4轮,太吵了,numeric_adjust,"{""device"": """", ""location"": """", ""object"": ""音量"", ""operation"": ""降低"", ""value"": """"}",12779
1k555,设备控制,555,第5轮,取消静音,numeric_adjust,"{""device"": """", ""location"": """", ""object"": ""静音"", ""operation"": ""关闭"", ""value"": """"}",12780
1k556,设备控制,556,第1轮,麻烦把色温调小点,numeric_adjust,"{""device"": """", ""location"": """", ""object"": ""色温"", ""operation"": ""降低"", ""value"": """"}",12781
1k556,设备控制,556,第2轮,还能再调小吗,numeric_adjust,"{""device"": """", ""location"": """", ""object"": ""色温"", ""operation"": ""降低"", ""value"": """"}",12782
1k556,设备控制,556,第3轮,要关掉,numeric_adjust,"{""device"": """", ""location"": """", ""object"": ""色温"", ""operation"": ""降低"", ""value"": """"}",12783
1k556,设备控制,556,第4轮,再调小点,numeric_adjust,"{""device"": """", ""location"": """", ""object"": ""色温"", ""operation"": ""降低"", ""value"": """"}",12784
1k556,设备控制,556,第5轮,调到30,numeric_adjust,"{""device"": """", ""location"": """", ""object"": ""色温"", ""operation"": ""设置"", ""value"": ""30""}",12785
1k557,设备控制,557,第1轮,请帮我把对比度调高点,numeric_adjust,"{""device"": """", ""location"": """", ""object"": ""对比度"", ""operation"": ""提高"", ""value"": """"}",12786
1k557,设备控制,557,第2轮,再调高点,numeric_adjust,"{""device"": """", ""location"": """", ""object"": ""对比度"", ""operation"": ""提高"", ""value"": """"}",12787
1k557,设备控制,557,第3轮,调到30,numeric_adjust,"{""device"": """", ""location"": """", ""object"": ""对比度"", ""operation"": ""设置"", ""value"": ""30""}",12788
1k557,设备控制,557,第4轮,还能再调高吗,numeric_adjust,"{""device"": """", ""location"": """", ""object"": ""对比度"", ""operation"": ""提高"", ""value"": """"}",12789
1k557,设备控制,557,第5轮,太暗的那种,numeric_adjust,"{""device"": """", ""location"": """", ""object"": ""对比度"", ""operation"": ""提高"", ""value"": """"}",12790
1k558,设备控制,558,第1轮,请帮我画面看起来有点暗,numeric_adjust,"{""device"": """", ""location"": """", ""object"": ""音量"", ""operation"": ""提高"", ""value"": """"}",12791
1k558,设备控制,558,第2轮,还是有点暗的那种,numeric_adjust,"{""device"": """", ""location"": """", ""object"": ""音量"", ""operation"": ""提高"", ""value"": """"}",12792
1k558,设备控制,558,第3轮,再亮一点,numeric_adjust,"{""device"": """", ""location"": """", ""object"": ""音量"", ""operation"": ""提高"", ""value"": """"}",12793
1k558,设备控制,558,第4轮,下调一点,numeric_adjust,"{""device"": """", ""location"": """", ""object"": ""音量"", ""operation"": ""降低"", ""value"": """"}",12794
1k558,设备控制,558,第5轮,调到最高,numeric_adjust,"{""device"": """", ""location"": """", ""object"": ""音量"", ""operation"": ""设置"", ""value"": ""最大""}",12795
1k559,设备控制,559,第1轮,帮我画面拖影有点严重,solve_picture_sound_problem_control,"{""intent"": ""dark_screen""}",12796
1k559,设备控制,559,第2轮,调到最高档,numeric_adjust,"{""device"": """", ""location"": """", ""object"": ""运动补偿"", ""operation"": ""打开"", ""value"": """"}",12797
1k559,设备控制,559,第3轮,效果不明显,numeric_adjust,"{""device"": """", ""location"": """", ""object"": ""运动补偿"", ""operation"": ""打开"", ""value"": """"}",12798
1k559,设备控制,559,第4轮,关掉运动补偿的那种,numeric_adjust,"{""device"": """", ""location"": """", ""object"": ""运动补偿"", ""operation"": ""打开"", ""value"": """"}",12799
1k559,设备控制,559,第5轮,换回标准模式,numeric_adjust,"{""device"": """", ""location"": """", ""object"": ""运动补偿"", ""operation"": ""打开"", ""value"": """"}",12800
1k560,设备控制,560,第1轮,打开护眼模式吧,mode_control,"{""device"": """", ""location"": """", ""object"": ""护眼模式"", ""operation"": ""打开"", ""value"": """"}",12801
1k560,设备控制,560,第2轮,调回标准,numeric_adjust,"{""device"": """", ""location"": """", ""object"": ""护眼模式"", ""operation"": ""打开"", ""value"": """"}",12802
1k560,设备控制,560,第3轮,色温调暖一点,numeric_adjust,"{""device"": """", ""location"": """", ""object"": ""色温"", ""operation"": ""提高"", ""value"": """"}",12803
1k560,设备控制,560,第4轮,再暖点,numeric_adjust,"{""device"": """", ""location"": """", ""object"": ""色温"", ""operation"": ""提高"", ""value"": """"}",12804
1k560,设备控制,560,第5轮,关掉护眼模式,numeric_adjust,"{""device"": """", ""location"": """", ""object"": ""护眼模式"", ""operation"": ""打开"", ""value"": """"}",12805
1k561,设备控制,561,第1轮,给把亮度调大点,numeric_adjust,"{""device"": """", ""location"": """", ""object"": ""亮度"", ""operation"": ""提高"", ""value"": """"}",12806
1k561,设备控制,561,第2轮,还能再调大吗,numeric_adjust,"{""device"": """", ""location"": """", ""object"": ""亮度"", ""operation"": ""提高"", ""value"": """"}",12807
1k561,设备控制,561,第3轮,调到40的那种,numeric_adjust,"{""device"": """", ""location"": """", ""object"": ""亮度"", ""operation"": ""设置"", ""value"": ""40""}",12808
1k561,设备控制,561,第4轮,太暗的那种,numeric_adjust,"{""device"": """", ""location"": """", ""object"": ""亮度"", ""operation"": ""提高"", ""value"": """"}",12809
1k561,设备控制,561,第5轮,再调大点,numeric_adjust,"{""device"": """", ""location"": """", ""object"": ""亮度"", ""operation"": ""提高"", ""value"": """"}",12810
1k562,设备控制,562,第1轮,帮我把色度调亮点,numeric_adjust,"{""device"": """", ""location"": """", ""object"": ""色度"", ""operation"": ""提高"", ""value"": """"}",12811
1k562,设备控制,562,第2轮,还能再调亮吗,numeric_adjust,"{""device"": """", ""location"": """", ""object"": ""色度"", ""operation"": ""提高"", ""value"": """"}",12812
1k562,设备控制,562,第3轮,调到50的那种,numeric_adjust,"{""device"": """", ""location"": """", ""object"": ""色度"", ""operation"": ""设置"", ""value"": ""50""}",12813
1k562,设备控制,562,第4轮,再调亮点,numeric_adjust,"{""device"": """", ""location"": """", ""object"": ""色度"", ""operation"": ""提高"", ""value"": """"}",12814
1k562,设备控制,562,第5轮,太暗的那种,numeric_adjust,"{""device"": """", ""location"": """", ""object"": ""色度"", ""operation"": ""提高"", ""value"": """"}",12815
1k563,设备控制,563,第1轮,给把亮度调暗点,numeric_adjust,"{""device"": """", ""location"": """", ""object"": ""亮度"", ""operation"": ""降低"", ""value"": """"}",12816
1k563,设备控制,563,第2轮,要关掉,numeric_adjust,"{""device"": """", ""location"": """", ""object"": ""亮度"", ""operation"": ""降低"", ""value"": """"}",12817
1k563,设备控制,563,第3轮,还能再调暗吗,numeric_adjust,"{""device"": """", ""location"": """", ""object"": ""亮度"", ""operation"": ""降低"", ""value"": """"}",12818
1k563,设备控制,563,第4轮,要太亮,numeric_adjust,"{""device"": """", ""location"": """", ""object"": ""亮度"", ""operation"": ""降低"", ""value"": """"}",12819
1k563,设备控制,563,第5轮,再调暗点,numeric_adjust,"{""device"": """", ""location"": """", ""object"": ""亮度"", ""operation"": ""降低"", ""value"": """"}",12820
1k564,设备控制,564,第1轮,麻烦清晰度不太够,numeric_adjust,"{""device"": """", ""location"": """", ""object"": ""清晰度"", ""operation"": ""提高"", ""value"": """"}",12821
1k564,设备控制,564,第2轮,设成最大值吧,numeric_adjust,"{""device"": """", ""location"": """", ""object"": ""清晰度"", ""operation"": ""设置"", ""value"": ""100%""}",12822
1k564,设备控制,564,第3轮,还能再清晰点吗,numeric_adjust,"{""device"": """", ""location"": """", ""object"": ""清晰度"", ""operation"": ""提高"", ""value"": """"}",12823
1k564,设备控制,564,第4轮,再高一点,numeric_adjust,"{""device"": """", ""location"": """", ""object"": ""清晰度"", ""operation"": ""提高"", ""value"": """"}",12824
1k564,设备控制,564,第5轮,往回调小一点,numeric_adjust,"{""device"": """", ""location"": """", ""object"": ""清晰度"", ""operation"": ""降低"", ""value"": """"}",12825
1k565,设备控制,565,第1轮,帮我画面看起来有点暗,numeric_adjust,"{""device"": """", ""location"": """", ""object"": ""音量"", ""operation"": ""提高"", ""value"": """"}",12826
1k565,设备控制,565,第2轮,下调一点,numeric_adjust,"{""device"": """", ""location"": """", ""object"": ""音量"", ""operation"": ""降低"", ""value"": """"}",12827
1k565,设备控制,565,第3轮,调到最高,numeric_adjust,"{""device"": """", ""location"": """", ""object"": ""音量"", ""operation"": ""设置"", ""value"": ""最大""}",12828
1k565,设备控制,565,第4轮,还是有点暗,numeric_adjust,"{""device"": """", ""location"": """", ""object"": ""音量"", ""operation"": ""提高"", ""value"": """"}",12829
1k565,设备控制,565,第5轮,再亮一点,numeric_adjust,"{""device"": """", ""location"": """", ""object"": ""音量"", ""operation"": ""提高"", ""value"": """"}",12830
1k566,设备控制,566,第1轮,帮我清晰度不太够,numeric_adjust,"{""device"": """", ""location"": """", ""object"": ""清晰度"", ""operation"": ""提高"", ""value"": """"}",12831
1k566,设备控制,566,第2轮,设成最大值吧,numeric_adjust,"{""device"": """", ""location"": """", ""object"": ""清晰度"", ""operation"": ""设置"", ""value"": ""100%""}",12832
1k566,设备控制,566,第3轮,要往回调小一点,numeric_adjust,"{""device"": """", ""location"": """", ""object"": ""清晰度"", ""operation"": ""降低"", ""value"": """"}",12833
1k566,设备控制,566,第4轮,还能再清晰点吗,numeric_adjust,"{""device"": """", ""location"": """", ""object"": ""清晰度"", ""operation"": ""提高"", ""value"": """"}",12834
1k566,设备控制,566,第5轮,再高一点,numeric_adjust,"{""device"": """", ""location"": """", ""object"": ""清晰度"", ""operation"": ""提高"", ""value"": """"}",12835
1k567,设备控制,567,第1轮,请帮我色度太低了,numeric_adjust,"{""device"": """", ""location"": """", ""object"": ""色度"", ""operation"": ""提高"", ""value"": """"}",12836
1k567,设备控制,567,第2轮,高点,numeric_adjust,"{""device"": """", ""location"": """", ""object"": ""色度"", ""operation"": ""提高"", ""value"": """"}",12837
1k567,设备控制,567,第3轮,改成调亮度,numeric_adjust,"{""device"": """", ""location"": """", ""object"": ""亮度"", ""operation"": ""设置"", ""value"": """"}",12838
1k567,设备控制,567,第4轮,调一下对比度,numeric_adjust,"{""device"": """", ""location"": """", ""object"": ""对比度"", ""operation"": ""设置"", ""value"": """"}",12839
1k567,设备控制,567,第5轮,调高点,numeric_adjust,"{""device"": """", ""location"": """", ""object"": ""色度"", ""operation"": ""提高"", ""value"": """"}",12840
1k568,设备控制,568,第1轮,给电视画面调亮点,numeric_adjust,"{""device"": """", ""location"": """", ""object"": ""音量"", ""operation"": ""提高"", ""value"": """"}",12841
1k568,设备控制,568,第2轮,调暗点,numeric_adjust,"{""device"": """", ""location"": """", ""object"": ""音量"", ""operation"": ""降低"", ""value"": """"}",12842
1k568,设备控制,568,第3轮,太暗了,numeric_adjust,"{""device"": """", ""location"": """", ""object"": ""音量"", ""operation"": ""提高"", ""value"": """"}",12843
1k568,设备控制,568,第4轮,调到最大,numeric_adjust,"{""device"": """", ""location"": """", ""object"": ""音量"", ""operation"": ""设置"", ""value"": ""最大""}",12844
1k568,设备控制,568,第5轮,再调亮点的那种,numeric_adjust,"{""device"": """", ""location"": """", ""object"": ""音量"", ""operation"": ""提高"", ""value"": """"}",12845
1k569,设备控制,569,第1轮,设置定时关机吧,timer_control,"{""operation"": ""打开"", ""object"": ""关机"", ""value"": """", ""device"": """", ""location"": """", ""date_time"": ""定时""}",12846
1k569,设备控制,569,第2轮,两个小时后,numeric_adjust,"{""operation"": ""打开"", ""object"": ""关机"", ""value"": """", ""device"": """", ""location"": """", ""date_time"": ""2小时""}",12847
1k569,设备控制,569,第3轮,改成3个小时的那种,numeric_adjust,"{""operation"": ""打开"", ""object"": ""关机"", ""value"": """", ""device"": """", ""location"": """", ""date_time"": ""3小时""}",12848
1k569,设备控制,569,第4轮,要周末也生效吗,timer_control,"{""operation"": ""查询"", ""object"": ""定时关机"", ""value"": """", ""device"": """", ""location"": """", ""date_time"": ""周末""}",12849
1k569,设备控制,569,第5轮,设成10点,numeric_adjust,"{""operation"": ""打开"", ""object"": ""关机"", ""value"": """", ""device"": """", ""location"": """", ""date_time"": ""10:00""}",12850
1k570,设备控制,570,第1轮,请帮我电视画面调亮点,numeric_adjust,"{""device"": """", ""location"": """", ""object"": ""音量"", ""operation"": ""提高"", ""value"": """"}",12851
1k570,设备控制,570,第2轮,太暗了,numeric_adjust,"{""device"": """", ""location"": """", ""object"": ""音量"", ""operation"": ""提高"", ""value"": """"}",12852
1k570,设备控制,570,第3轮,调到最大,numeric_adjust,"{""device"": """", ""location"": """", ""object"": ""音量"", ""operation"": ""设置"", ""value"": ""最大""}",12853
1k570,设备控制,570,第4轮,再调亮点,numeric_adjust,"{""device"": """", ""location"": """", ""object"": ""音量"", ""operation"": ""提高"", ""value"": """"}",12854
1k570,设备控制,570,第5轮,调暗点,numeric_adjust,"{""device"": """", ""location"": """", ""object"": ""音量"", ""operation"": ""降低"", ""value"": """"}",12855
1k571,设备控制,571,第1轮,清晰度不太够吧,numeric_adjust,"{""device"": """", ""location"": """", ""object"": ""清晰度"", ""operation"": ""提高"", ""value"": """"}",12856
1k571,设备控制,571,第2轮,再高一点,numeric_adjust,"{""device"": """", ""location"": """", ""object"": ""清晰度"", ""operation"": ""提高"", ""value"": """"}",12857
1k571,设备控制,571,第3轮,往回调小一点的那种,numeric_adjust,"{""device"": """", ""location"": """", ""object"": ""清晰度"", ""operation"": ""降低"", ""value"": """"}",12858
1k571,设备控制,571,第4轮,设成最大值吧,numeric_adjust,"{""device"": """", ""location"": """", ""object"": ""清晰度"", ""operation"": ""设置"", ""value"": ""100%""}",12859
1k571,设备控制,571,第5轮,还能再清晰点吗,numeric_adjust,"{""device"": """", ""location"": """", ""object"": ""清晰度"", ""operation"": ""提高"", ""value"": """"}",12860
1k572,设备控制,572,第1轮,把清晰度调暗点吧,numeric_adjust,"{""device"": """", ""location"": """", ""object"": ""清晰度"", ""operation"": ""降低"", ""value"": """"}",12861
1k572,设备控制,572,第2轮,再调暗点,numeric_adjust,"{""device"": """", ""location"": """", ""object"": ""清晰度"", ""operation"": ""降低"", ""value"": """"}",12862
1k572,设备控制,572,第3轮,要太亮,numeric_adjust,"{""device"": """", ""location"": """", ""object"": ""清晰度"", ""operation"": ""降低"", ""value"": """"}",12863
1k572,设备控制,572,第4轮,还能再调暗吗,numeric_adjust,"{""device"": """", ""location"": """", ""object"": ""清晰度"", ""operation"": ""降低"", ""value"": """"}",12864
1k572,设备控制,572,第5轮,要关掉,numeric_adjust,"{""device"": """", ""location"": """", ""object"": ""清晰度"", ""operation"": ""降低"", ""value"": """"}",12865
1k573,设备控制,573,第1轮,帮我设置定时关机,timer_control,"{""operation"": ""打开"", ""object"": ""关机"", ""value"": """", ""device"": """", ""location"": """", ""date_time"": ""定时""}",12866
1k573,设备控制,573,第2轮,取消的那种,numeric_adjust,"{""operation"": ""打开"", ""object"": ""关机"", ""value"": """", ""device"": """", ""location"": """", ""date_time"": ""定时""}",12867
1k573,设备控制,573,第3轮,设成10点,numeric_adjust,"{""operation"": ""打开"", ""object"": ""关机"", ""value"": """", ""device"": """", ""location"": """", ""date_time"": ""10:00""}",12868
1k573,设备控制,573,第4轮,改成3个小时,numeric_adjust,"{""operation"": ""打开"", ""object"": ""关机"", ""value"": """", ""device"": """", ""location"": """", ""date_time"": ""3小时""}",12869
1k573,设备控制,573,第5轮,两个小时后,numeric_adjust,"{""operation"": ""打开"", ""object"": ""关机"", ""value"": """", ""device"": """", ""location"": """", ""date_time"": ""2小时""}",12870
1k574,设备控制,574,第1轮,给把背光调低,display_control,"{""device"": """", ""location"": """", ""object"": ""背光"", ""operation"": ""降低"", ""value"": """"}",12871
1k574,设备控制,574,第2轮,调到20的那种,numeric_adjust,"{""device"": """", ""location"": """", ""object"": ""背光"", ""operation"": ""设置"", ""value"": ""20""}",12872
1k574,设备控制,574,第3轮,再低一点,numeric_adjust,"{""device"": """", ""location"": """", ""object"": ""背光"", ""operation"": ""降低"", ""value"": """"}",12873
1k574,设备控制,574,第4轮,要关掉背光调节,numeric_adjust,"{""device"": """", ""location"": """", ""object"": ""静音"", ""operation"": ""打开"", ""value"": """"}",12874
1k574,设备控制,574,第5轮,还是太亮了,numeric_adjust,"{""device"": """", ""location"": """", ""object"": ""背光"", ""operation"": ""降低"", ""value"": """"}",12875
1k575,设备控制,575,第1轮,麻烦设置定时关机,timer_control,"{""operation"": ""打开"", ""object"": ""关机"", ""value"": """", ""device"": """", ""location"": """", ""date_time"": ""定时""}",12876
1k575,设备控制,575,第2轮,要周末也生效吗,timer_control,"{""operation"": ""查询"", ""object"": ""定时关机"", ""value"": """", ""device"": """", ""location"": """", ""date_time"": ""周末""}",12877
1k575,设备控制,575,第3轮,改成3个小时,numeric_adjust,"{""operation"": ""打开"", ""object"": ""关机"", ""value"": """", ""device"": """", ""location"": """", ""date_time"": ""3小时""}",12878
1k575,设备控制,575,第4轮,两个小时后,numeric_adjust,"{""operation"": ""打开"", ""object"": ""关机"", ""value"": """", ""device"": """", ""location"": """", ""date_time"": ""2小时""}",12879
1k575,设备控制,575,第5轮,设成10点的那种,numeric_adjust,"{""operation"": ""打开"", ""object"": ""关机"", ""value"": """", ""device"": """", ""location"": """", ""date_time"": ""10:00""}",12880
1k576,设备控制,576,第1轮,把亮度调低点,numeric_adjust,"{""device"": """", ""location"": """", ""object"": ""亮度"", ""operation"": ""降低"", ""value"": """"}",12881
1k576,设备控制,576,第2轮,再调低点,numeric_adjust,"{""device"": """", ""location"": """", ""object"": ""亮度"", ""operation"": ""降低"", ""value"": """"}",12882
1k576,设备控制,576,第3轮,要关掉,numeric_adjust,"{""device"": """", ""location"": """", ""object"": ""亮度"", ""operation"": ""降低"", ""value"": """"}",12883
1k576,设备控制,576,第4轮,还能再调低吗,numeric_adjust,"{""device"": """", ""location"": """", ""object"": ""亮度"", ""operation"": ""降低"", ""value"": """"}",12884
1k576,设备控制,576,第5轮,调到40的那种,numeric_adjust,"{""device"": """", ""location"": """", ""object"": ""亮度"", ""operation"": ""设置"", ""value"": ""40""}",12885
1k577,设备控制,577,第1轮,把背光调低点吧,display_control,"{""device"": """", ""location"": """", ""object"": ""背光"", ""operation"": ""降低"", ""value"": """"}",12886
1k577,设备控制,577,第2轮,再调低点,numeric_adjust,"{""device"": """", ""location"": """", ""object"": ""背光"", ""operation"": ""降低"", ""value"": """"}",12887
1k577,设备控制,577,第3轮,要太亮,numeric_adjust,"{""device"": """", ""location"": """", ""object"": ""背光"", ""operation"": ""降低"", ""value"": """"}",12888
1k577,设备控制,577,第4轮,还能再调低吗,numeric_adjust,"{""device"": """", ""location"": """", ""object"": ""背光"", ""operation"": ""降低"", ""value"": """"}",12889
1k577,设备控制,577,第5轮,调到20的那种,numeric_adjust,"{""device"": """", ""location"": """", ""object"": ""背光"", ""operation"": ""设置"", ""value"": ""20""}",12890
1k578,设备控制,578,第1轮,《三体》讲什么,numeric_adjust,"{""device"": """", ""location"": """", ""object"": ""音量"", ""operation"": ""提高"", ""value"": """"}",12891
1k578,设备控制,578,第2轮,作者是谁,numeric_adjust,"{""device"": """", ""location"": """", ""object"": ""音量"", ""operation"": ""提高"", ""value"": """"}",12892
1k578,设备控制,578,第3轮,结局是什么,numeric_adjust,"{""device"": """", ""location"": """", ""object"": ""音量"", ""operation"": ""提高"", ""value"": """"}",12893
1k578,设备控制,578,第4轮,有电视剧版吗,numeric_adjust,"{""device"": """", ""location"": """", ""object"": ""音量"", ""operation"": ""提高"", ""value"": """"}",12894
1k578,设备控制,578,第5轮,第二部叫什么,numeric_adjust,"{""device"": """", ""location"": """", ""object"": ""音量"", ""operation"": ""提高"", ""value"": """"}",12895
1k579,设备控制,579,第1轮,红楼梦作者是谁,numeric_adjust,"{""device"": """", ""location"": """", ""object"": ""音量"", ""operation"": ""提高"", ""value"": """"}",12896
1k579,设备控制,579,第2轮,讲什么的,numeric_adjust,"{""device"": """", ""location"": """", ""object"": ""音量"", ""operation"": ""提高"", ""value"": """"}",12897
1k579,设备控制,579,第3轮,主角有哪些,numeric_adjust,"{""device"": """", ""location"": """", ""object"": ""音量"", ""operation"": ""提高"", ""value"": """"}",12898
1k579,设备控制,579,第4轮,有改编的电视剧吗,numeric_adjust,"{""device"": """", ""location"": """", ""object"": ""音量"", ""operation"": ""提高"", ""value"": """"}",12899
1k579,设备控制,579,第5轮,哪个版本最经典,numeric_adjust,"{""device"": """", ""location"": """", ""object"": ""音量"", ""operation"": ""提高"", ""value"": """"}",12900
1k580,设备控制,580,第1轮,《流浪地球》讲的什么,numeric_adjust,"{""device"": """", ""location"": """", ""object"": ""音量"", ""operation"": ""提高"", ""value"": """"}",12901
1k580,设备控制,580,第2轮,导演是谁,numeric_adjust,"{""device"": """", ""location"": """", ""object"": ""音量"", ""operation"": ""提高"", ""value"": """"}",12902
1k580,设备控制,580,第3轮,票房多少,numeric_adjust,"{""device"": """", ""location"": """", ""object"": ""音量"", ""operation"": ""提高"", ""value"": """"}",12903
1k580,设备控制,580,第4轮,有续集吗,numeric_adjust,"{""device"": """", ""location"": """", ""object"": ""音量"", ""operation"": ""提高"", ""value"": """"}",12904
1k580,设备控制,580,第5轮,和原著差别大吗,numeric_adjust,"{""device"": """", ""location"": """", ""object"": ""音量"", ""operation"": ""提高"", ""value"": """"}",12905
1k581,教育,581,第1轮,有三年级的数学课吗,edu_search,"{""query"": {""and"": [{""field"": ""grade"", ""value"": ""三年级""}, {""field"": ""first_subject"", ""value"": ""数学""}, {""field"": ""k12_category"", ""values"": [""同步课"", ""同步拓展课""], ""operator"": ""or""}]}}",12906
1k581,教育,581,第2轮,有老师带的那种,edu_fuzzy_search,"{""query"": ""有老师带的那种""}",12907
1k581,教育,581,第3轮,初二的,edu_fuzzy_search,"{""query"": ""初二的""}",12908
1k581,教育,581,第4轮,有动画演示的,edu_fuzzy_search,"{""query"": ""有动画演示的""}",12909
1k581,教育,581,第5轮,不收费的,edu_fuzzy_search,"{""query"": ""不收费的""}",12910
1k582,教育,582,第1轮,有没有好看的英语口语,edu_fuzzy_search,"{""query"": ""有没有好看的英语口语""}",12911
1k582,教育,582,第2轮,有体验课,edu_fuzzy_search,"{""query"": ""有体验课""}",12912
1k582,教育,582,第3轮,外国人教的,edu_fuzzy_search,"{""query"": ""外国人教的""}",12913
1k582,教育,582,第4轮,便宜点的,edu_fuzzy_search,"{""query"": ""便宜点的""}",12914
1k582,教育,582,第5轮,价格实惠点,edu_fuzzy_search,"{""query"": ""价格实惠点""}",12915
1k583,教育,583,第1轮,有少儿编程课吗,edu_fuzzy_search,"{""query"": ""有少儿编程课吗""}",12916
1k583,教育,583,第2轮,要零基础的,edu_fuzzy_search,"{""query"": ""要零基础的""}",12917
1k583,教育,583,第3轮,零基础能学,edu_fuzzy_search,"{""query"": ""零基础能学""}",12918
1k583,教育,583,第4轮,有试听课的,edu_fuzzy_search,"{""query"": ""有试听课的""}",12919
1k583,教育,583,第5轮,有实战的,edu_fuzzy_search,"{""query"": ""有实战的""}",12920
1k584,教育,584,第1轮,小学必背古诗有哪些,edu_fuzzy_search,"{""query"": ""小学必背古诗有哪些""}",12921
1k584,教育,584,第2轮,朗读示范版,edu_fuzzy_search,"{""query"": ""朗读示范版""}",12922
1k584,教育,584,第3轮,带讲解的,edu_fuzzy_search,"{""query"": ""带讲解的""}",12923
1k584,教育,584,第4轮,按年级,edu_fuzzy_search,"{""query"": ""按年级""}",12924
1k584,教育,584,第5轮,有讲解,edu_fuzzy_search,"{""query"": ""有讲解""}",12925
1k585,教育,585,第1轮,有啥初中化学的课,edu_search,"{""query"": {""field"": ""k12_category"", ""values"": [""同步课"", ""同步拓展课""], ""operator"": ""or""}}",12926
1k585,教育,585,第2轮,带练习的,edu_fuzzy_search,"{""query"": ""带练习的""}",12927
1k585,教育,585,第3轮,九年级下册的那种,edu_fuzzy_search,"{""query"": ""九年级下册的那种""}",12928
1k585,教育,585,第4轮,有课后练习的,edu_fuzzy_search,"{""query"": ""有课后练习的""}",12929
1k585,教育,585,第5轮,初三下,edu_fuzzy_search,"{""query"": ""初三下""}",12930
1k586,教育,586,第1轮,有没有好看的中考复习的视频,edu_fuzzy_search,"{""query"": ""有没有好看的中考复习的视频""}",12931
1k586,教育,586,第2轮,真题那种,edu_fuzzy_search,"{""query"": ""真题那种""}",12932
1k586,教育,586,第3轮,不收费的有哪些,edu_fuzzy_search,"{""query"": ""不收费的有哪些""}",12933
1k586,教育,586,第4轮,免费的有哪些,edu_fuzzy_search,"{""query"": ""免费的有哪些""}",12934
1k586,教育,586,第5轮,权威标准的,edu_fuzzy_search,"{""query"": ""权威标准的""}",12935
1k587,教育,587,第1轮,想学高中数学,edu_search,"{""query"": {""field"": ""k12_category"", ""values"": [""同步课"", ""同步拓展课""], ""operator"": ""or""}}",12936
1k587,教育,587,第2轮,有课后练习的,edu_fuzzy_search,"{""query"": ""有课后练习的""}",12937
1k587,教育,587,第3轮,讲基础题的,edu_fuzzy_search,"{""query"": ""讲基础题的""}",12938
1k587,教育,587,第4轮,细讲,edu_fuzzy_search,"{""query"": ""细讲""}",12939
1k587,教育,587,第5轮,带练习的,edu_fuzzy_search,"{""query"": ""带练习的""}",12940
1k588,教育,588,第1轮,有书法课程吗,edu_fuzzy_search,"{""query"": ""有书法课程吗""}",12941
1k588,教育,588,第2轮,每节课二十分钟以内的,edu_fuzzy_search,"{""query"": ""每节课二十分钟以内的""}",12942
1k588,教育,588,第3轮,笔顺那种,edu_fuzzy_search,"{""query"": ""笔顺那种""}",12943
1k588,教育,588,第4轮,每节20分钟内,edu_fuzzy_search,"{""query"": ""每节20分钟内""}",12944
1k588,教育,588,第5轮,适合小学生的,edu_fuzzy_search,"{""query"": ""适合小学生的""}",12945
1k589,教育,589,第1轮,推荐几部吉他,edu_fuzzy_search,"{""query"": ""推荐几部吉他""}",12946
1k589,教育,589,第2轮,有试听,edu_fuzzy_search,"{""query"": ""有试听""}",12947
1k589,教育,589,第3轮,免费的有吗,edu_fuzzy_search,"{""query"": ""免费的有吗""}",12948
1k589,教育,589,第4轮,每节20分钟内,edu_fuzzy_search,"{""query"": ""每节20分钟内""}",12949
1k589,教育,589,第5轮,能试听的,edu_fuzzy_search,"{""query"": ""能试听的""}",12950
1k590,教育,590,第1轮,想看物理实验课,edu_fuzzy_search,"{""query"": ""想看物理实验课""}",12951
1k590,教育,590,第2轮,不收费的有吗,edu_fuzzy_search,"{""query"": ""不收费的有吗""}",12952
1k590,教育,590,第3轮,初中力学的,edu_fuzzy_search,"{""query"": ""初中力学的""}",12953
1k590,教育,590,第4轮,有动画演示的,edu_fuzzy_search,"{""query"": ""有动画演示的""}",12954
1k590,教育,590,第5轮,初中物理力学,edu_fuzzy_search,"{""query"": ""初中物理力学""}",12955
1k591,教育,591,第1轮,有英语四级课程吗,edu_fuzzy_search,"{""query"": ""有英语四级课程吗""}",12956
1k591,教育,591,第2轮,讲得快的,edu_fuzzy_search,"{""query"": ""讲得快的""}",12957
1k591,教育,591,第3轮,免费的吗,edu_fuzzy_search,"{""query"": ""免费的吗""}",12958
1k591,教育,591,第4轮,有真题讲解的,edu_fuzzy_search,"{""query"": ""有真题讲解的""}",12959
1k591,教育,591,第5轮,词汇专项的,edu_fuzzy_search,"{""query"": ""词汇专项的""}",12960
1k592,教育,592,第1轮,放几部美术课,edu_fuzzy_search,"{""query"": ""放几部美术课""}",12961
1k592,教育,592,第2轮,儿童简笔画的,edu_fuzzy_search,"{""query"": ""儿童简笔画的""}",12962
1k592,教育,592,第3轮,简笔画那种,edu_fuzzy_search,"{""query"": ""简笔画那种""}",12963
1k592,教育,592,第4轮,适合五岁小孩,edu_fuzzy_search,"{""query"": ""适合五岁小孩""}",12964
1k592,教育,592,第5轮,不要会员的,edu_fuzzy_search,"{""query"": ""不要会员的""}",12965
1k593,教育,593,第1轮,最近想看做菜的教学视频,edu_fuzzy_search,"{""query"": ""最近想看做菜的教学视频""}",12966
1k593,教育,593,第2轮,高清的,edu_fuzzy_search,"{""query"": ""高清的""}",12967
1k593,教育,593,第3轮,单集十分钟,edu_fuzzy_search,"{""query"": ""单集十分钟""}",12968
1k593,教育,593,第4轮,十分钟一集,edu_fuzzy_search,"{""query"": ""十分钟一集""}",12969
1k593,教育,593,第5轮,要讲得细的,edu_fuzzy_search,"{""query"": ""要讲得细的""}",12970
1k594,教育,594,第1轮,有没有好看的教师资格证考试课,edu_fuzzy_search,"{""query"": ""有没有好看的教师资格证考试课""}",12971
1k594,教育,594,第2轮,有试听吗,edu_fuzzy_search,"{""query"": ""有试听吗""}",12972
1k594,教育,594,第3轮,便宜的,edu_fuzzy_search,"{""query"": ""便宜的""}",12973
1k594,教育,594,第4轮,带练习的,edu_fuzzy_search,"{""query"": ""带练习的""}",12974
1k594,教育,594,第5轮,有作业,edu_fuzzy_search,"{""query"": ""有作业""}",12975
1k595,教育,595,第1轮,有一年级语文的课吗,edu_search,"{""query"": {""and"": [{""field"": ""grade"", ""value"": ""一年级""}, {""field"": ""first_subject"", ""value"": ""语文""}, {""field"": ""k12_category"", ""values"": [""同步课"", ""同步拓展课""], ""operator"": ""or""}]}}",12976
1k595,教育,595,第2轮,带动画,edu_fuzzy_search,"{""query"": ""带动画""}",12977
1k595,教育,595,第3轮,有试听课的,edu_fuzzy_search,"{""query"": ""有试听课的""}",12978
1k595,教育,595,第4轮,讲得详细,edu_fuzzy_search,"{""query"": ""讲得详细""}",12979
1k595,教育,595,第5轮,带练习的,edu_fuzzy_search,"{""query"": ""带练习的""}",12980
1k596,教育,596,第1轮,有一年级数学的课吗,edu_search,"{""query"": {""and"": [{""field"": ""grade"", ""value"": ""一年级""}, {""field"": ""first_subject"", ""value"": ""数学""}, {""field"": ""k12_category"", ""values"": [""同步课"", ""同步拓展课""], ""operator"": ""or""}]}}",12981
1k596,教育,596,第2轮,有动画演示的,edu_fuzzy_search,"{""query"": ""有动画演示的""}",12982
1k596,教育,596,第3轮,动画演示的,edu_fuzzy_search,"{""query"": ""动画演示的""}",12983
1k596,教育,596,第4轮,动画教学,edu_fuzzy_search,"{""query"": ""动画教学""}",12984
1k596,教育,596,第5轮,不要会员的,edu_fuzzy_search,"{""query"": ""不要会员的""}",12985
1k597,教育,597,第1轮,有一年级英语的课吗,edu_search,"{""query"": {""and"": [{""field"": ""grade"", ""value"": ""一年级""}, {""field"": ""first_subject"", ""value"": ""英语""}, {""field"": ""k12_category"", ""values"": [""同步课"", ""同步拓展课""], ""operator"": ""or""}]}}",12986
1k597,教育,597,第2轮,有动画演示的,edu_fuzzy_search,"{""query"": ""有动画演示的""}",12987
1k597,教育,597,第3轮,有讲解的,edu_fuzzy_search,"{""query"": ""有讲解的""}",12988
1k597,教育,597,第4轮,有试听,edu_fuzzy_search,"{""query"": ""有试听""}",12989
1k597,教育,597,第5轮,免费的吗,edu_fuzzy_search,"{""query"": ""免费的吗""}",12990
1k598,教育,598,第1轮,有一年级物理的课吗,edu_search,"{""query"": {""and"": [{""field"": ""grade"", ""value"": ""一年级""}, {""field"": ""first_subject"", ""value"": ""物理""}, {""field"": ""k12_category"", ""values"": [""同步课"", ""同步拓展课""], ""operator"": ""or""}]}}",12991
1k598,教育,598,第2轮,动画教学,edu_fuzzy_search,"{""query"": ""动画教学""}",12992
1k598,教育,598,第3轮,讲得细的,edu_fuzzy_search,"{""query"": ""讲得细的""}",12993
1k598,教育,598,第4轮,免费的,edu_fuzzy_search,"{""query"": ""免费的""}",12994
1k598,教育,598,第5轮,不收费的有吗,edu_fuzzy_search,"{""query"": ""不收费的有吗""}",12995
1k599,教育,599,第1轮,有一年级化学的课吗,edu_search,"{""query"": {""and"": [{""field"": ""grade"", ""value"": ""一年级""}, {""field"": ""first_subject"", ""value"": ""化学""}, {""field"": ""k12_category"", ""values"": [""同步课"", ""同步拓展课""], ""operator"": ""or""}]}}",12996
1k599,教育,599,第2轮,讲得细的,edu_fuzzy_search,"{""query"": ""讲得细的""}",12997
1k599,教育,599,第3轮,动画演示的,edu_fuzzy_search,"{""query"": ""动画演示的""}",12998
1k599,教育,599,第4轮,讲得详细,edu_fuzzy_search,"{""query"": ""讲得详细""}",12999
1k599,教育,599,第5轮,动画教学,edu_fuzzy_search,"{""query"": ""动画教学""}",13000
1k600,教育,600,第1轮,有二年级语文的课吗,edu_search,"{""query"": {""and"": [{""field"": ""grade"", ""value"": ""二年级""}, {""field"": ""first_subject"", ""value"": ""语文""}, {""field"": ""k12_category"", ""values"": [""同步课"", ""同步拓展课""], ""operator"": ""or""}]}}",13001
1k600,教育,600,第2轮,有讲解的,edu_fuzzy_search,"{""query"": ""有讲解的""}",13002
1k600,教育,600,第3轮,有老师讲解的,edu_fuzzy_search,"{""query"": ""有老师讲解的""}",13003
1k600,教育,600,第4轮,有体验课,edu_fuzzy_search,"{""query"": ""有体验课""}",13004
1k600,教育,600,第5轮,带练习的,edu_fuzzy_search,"{""query"": ""带练习的""}",13005
1k601,教育,601,第1轮,有二年级数学的课吗,edu_search,"{""query"": {""and"": [{""field"": ""grade"", ""value"": ""二年级""}, {""field"": ""first_subject"", ""value"": ""数学""}, {""field"": ""k12_category"", ""values"": [""同步课"", ""同步拓展课""], ""operator"": ""or""}]}}",13006
1k601,教育,601,第2轮,要免费的有没有,edu_fuzzy_search,"{""query"": ""要免费的有没有""}",13007
1k601,教育,601,第3轮,有体验课,edu_fuzzy_search,"{""query"": ""有体验课""}",13008
1k601,教育,601,第4轮,不收费的有吗,edu_fuzzy_search,"{""query"": ""不收费的有吗""}",13009
1k601,教育,601,第5轮,有试听课的,edu_fuzzy_search,"{""query"": ""有试听课的""}",13010
1k602,教育,602,第1轮,有二年级物理的课吗,edu_search,"{""query"": {""and"": [{""field"": ""grade"", ""value"": ""二年级""}, {""field"": ""first_subject"", ""value"": ""物理""}, {""field"": ""k12_category"", ""values"": [""同步课"", ""同步拓展课""], ""operator"": ""or""}]}}",13011
1k602,教育,602,第2轮,能试听的,edu_fuzzy_search,"{""query"": ""能试听的""}",13012
1k602,教育,602,第3轮,免费的吗,edu_fuzzy_search,"{""query"": ""免费的吗""}",13013
1k602,教育,602,第4轮,有老师带的那种,edu_fuzzy_search,"{""query"": ""有老师带的那种""}",13014
1k602,教育,602,第5轮,有试听,edu_fuzzy_search,"{""query"": ""有试听""}",13015
1k603,教育,603,第1轮,有二年级化学的课吗,edu_search,"{""query"": {""and"": [{""field"": ""grade"", ""value"": ""二年级""}, {""field"": ""first_subject"", ""value"": ""化学""}, {""field"": ""k12_category"", ""values"": [""同步课"", ""同步拓展课""], ""operator"": ""or""}]}}",13016
1k603,教育,603,第2轮,有作业,edu_fuzzy_search,"{""query"": ""有作业""}",13017
1k603,教育,603,第3轮,讲得详细,edu_fuzzy_search,"{""query"": ""讲得详细""}",13018
1k603,教育,603,第4轮,有试听,edu_fuzzy_search,"{""query"": ""有试听""}",13019
1k603,教育,603,第5轮,有试听课的,edu_fuzzy_search,"{""query"": ""有试听课的""}",13020
1k604,教育,604,第1轮,有三年级语文的课吗,edu_search,"{""query"": {""and"": [{""field"": ""grade"", ""value"": ""三年级""}, {""field"": ""first_subject"", ""value"": ""语文""}, {""field"": ""k12_category"", ""values"": [""同步课"", ""同步拓展课""], ""operator"": ""or""}]}}",13021
1k604,教育,604,第2轮,细讲,edu_fuzzy_search,"{""query"": ""细讲""}",13022
1k604,教育,604,第3轮,免费的,edu_fuzzy_search,"{""query"": ""免费的""}",13023
1k604,教育,604,第4轮,不收费的有吗,edu_fuzzy_search,"{""query"": ""不收费的有吗""}",13024
1k604,教育,604,第5轮,不要会员的有没有,edu_fuzzy_search,"{""query"": ""不要会员的有没有""}",13025
1k605,教育,605,第1轮,有三年级数学的课吗,edu_search,"{""query"": {""and"": [{""field"": ""grade"", ""value"": ""三年级""}, {""field"": ""first_subject"", ""value"": ""数学""}, {""field"": ""k12_category"", ""values"": [""同步课"", ""同步拓展课""], ""operator"": ""or""}]}}",13026
1k605,教育,605,第2轮,有动画演示的,edu_fuzzy_search,"{""query"": ""有动画演示的""}",13027
1k605,教育,605,第3轮,细讲,edu_fuzzy_search,"{""query"": ""细讲""}",13028
1k605,教育,605,第4轮,讲得细的,edu_fuzzy_search,"{""query"": ""讲得细的""}",13029
1k605,教育,605,第5轮,讲得详细,edu_fuzzy_search,"{""query"": ""讲得详细""}",13030
1k606,教育,606,第1轮,有三年级英语的课吗,edu_search,"{""query"": {""and"": [{""field"": ""grade"", ""value"": ""三年级""}, {""field"": ""first_subject"", ""value"": ""英语""}, {""field"": ""k12_category"", ""values"": [""同步课"", ""同步拓展课""], ""operator"": ""or""}]}}",13031
1k606,教育,606,第2轮,有作业,edu_fuzzy_search,"{""query"": ""有作业""}",13032
1k606,教育,606,第3轮,免费的,edu_fuzzy_search,"{""query"": ""免费的""}",13033
1k606,教育,606,第4轮,免费的有没有,edu_fuzzy_search,"{""query"": ""免费的有没有""}",13034
1k606,教育,606,第5轮,细讲,edu_fuzzy_search,"{""query"": ""细讲""}",13035
1k607,教育,607,第1轮,有三年级物理的课吗,edu_search,"{""query"": {""and"": [{""field"": ""grade"", ""value"": ""三年级""}, {""field"": ""first_subject"", ""value"": ""物理""}, {""field"": ""k12_category"", ""values"": [""同步课"", ""同步拓展课""], ""operator"": ""or""}]}}",13036
1k607,教育,607,第2轮,带老师讲的,edu_fuzzy_search,"{""query"": ""带老师讲的""}",13037
1k607,教育,607,第3轮,不收费的有吗,edu_fuzzy_search,"{""query"": ""不收费的有吗""}",13038
1k607,教育,607,第4轮,动画演示的,edu_fuzzy_search,"{""query"": ""动画演示的""}",13039
1k607,教育,607,第5轮,要带动画,edu_fuzzy_search,"{""query"": ""要带动画""}",13040
1k608,教育,608,第1轮,有三年级化学的课吗,edu_search,"{""query"": {""and"": [{""field"": ""grade"", ""value"": ""三年级""}, {""field"": ""first_subject"", ""value"": ""化学""}, {""field"": ""k12_category"", ""values"": [""同步课"", ""同步拓展课""], ""operator"": ""or""}]}}",13041
1k608,教育,608,第2轮,有试听,edu_fuzzy_search,"{""query"": ""有试听""}",13042
1k608,教育,608,第3轮,有讲解的,edu_fuzzy_search,"{""query"": ""有讲解的""}",13043
1k608,教育,608,第4轮,有老师讲解的,edu_fuzzy_search,"{""query"": ""有老师讲解的""}",13044
1k608,教育,608,第5轮,有体验课,edu_fuzzy_search,"{""query"": ""有体验课""}",13045
1k609,教育,609,第1轮,有四年级语文的课吗,edu_search,"{""query"": {""and"": [{""field"": ""grade"", ""value"": ""四年级""}, {""field"": ""first_subject"", ""value"": ""语文""}, {""field"": ""k12_category"", ""values"": [""同步课"", ""同步拓展课""], ""operator"": ""or""}]}}",13046
1k609,教育,609,第2轮,不要钱的,edu_fuzzy_search,"{""query"": ""不要钱的""}",13047
1k609,教育,609,第3轮,讲得详细,edu_fuzzy_search,"{""query"": ""讲得详细""}",13048
1k609,教育,609,第4轮,带动画,edu_fuzzy_search,"{""query"": ""带动画""}",13049
1k609,教育,609,第5轮,有练习题,edu_fuzzy_search,"{""query"": ""有练习题""}",13050
1k610,教育,610,第1轮,有五年级数学的课吗,edu_search,"{""query"": {""and"": [{""field"": ""grade"", ""value"": ""五年级""}, {""field"": ""first_subject"", ""value"": ""数学""}, {""field"": ""k12_category"", ""values"": [""同步课"", ""同步拓展课""], ""operator"": ""or""}]}}",13051
1k610,教育,610,第2轮,有讲解的,edu_fuzzy_search,"{""query"": ""有讲解的""}",13052
1k610,教育,610,第3轮,有作业,edu_fuzzy_search,"{""query"": ""有作业""}",13053
1k610,教育,610,第4轮,带动画,edu_fuzzy_search,"{""query"": ""带动画""}",13054
1k610,教育,610,第5轮,免费的,edu_fuzzy_search,"{""query"": ""免费的""}",13055
1k611,教育,611,第1轮,有初一语文的课吗,edu_search,"{""query"": {""and"": [{""field"": ""grade"", ""value"": ""七年级""}, {""field"": ""first_subject"", ""value"": ""语文""}, {""field"": ""k12_category"", ""values"": [""同步课"", ""同步拓展课""], ""operator"": ""or""}]}}",13056
1k611,教育,611,第2轮,讲得细一点的,edu_fuzzy_search,"{""query"": ""讲得细一点的""}",13057
1k611,教育,611,第3轮,细讲,edu_fuzzy_search,"{""query"": ""细讲""}",13058
1k611,教育,611,第4轮,动画演示的,edu_fuzzy_search,"{""query"": ""动画演示的""}",13059
1k611,教育,611,第5轮,有练习题的那种,edu_fuzzy_search,"{""query"": ""有练习题的那种""}",13060
1k612,教育,612,第1轮,有初一英语的课吗,edu_search,"{""query"": {""and"": [{""field"": ""grade"", ""value"": ""七年级""}, {""field"": ""first_subject"", ""value"": ""英语""}, {""field"": ""k12_category"", ""values"": [""同步课"", ""同步拓展课""], ""operator"": ""or""}]}}",13061
1k612,教育,612,第2轮,不要钱的有没有,edu_fuzzy_search,"{""query"": ""不要钱的有没有""}",13062
1k612,教育,612,第3轮,能试听的,edu_fuzzy_search,"{""query"": ""能试听的""}",13063
1k612,教育,612,第4轮,有试听课的,edu_fuzzy_search,"{""query"": ""有试听课的""}",13064
1k612,教育,612,第5轮,动画演示的,edu_fuzzy_search,"{""query"": ""动画演示的""}",13065
1k613,教育,613,第1轮,有初二数学的课吗,edu_search,"{""query"": {""and"": [{""field"": ""grade"", ""value"": ""八年级""}, {""field"": ""first_subject"", ""value"": ""数学""}, {""field"": ""k12_category"", ""values"": [""同步课"", ""同步拓展课""], ""operator"": ""or""}]}}",13066
1k613,教育,613,第2轮,有作业,edu_fuzzy_search,"{""query"": ""有作业""}",13067
1k613,教育,613,第3轮,有体验课,edu_fuzzy_search,"{""query"": ""有体验课""}",13068
1k613,教育,613,第4轮,要讲得详细,edu_fuzzy_search,"{""query"": ""要讲得详细""}",13069
1k613,教育,613,第5轮,免费的吗,edu_fuzzy_search,"{""query"": ""免费的吗""}",13070
1k614,教育,614,第1轮,有初二英语的课吗,edu_search,"{""query"": {""and"": [{""field"": ""grade"", ""value"": ""八年级""}, {""field"": ""first_subject"", ""value"": ""英语""}, {""field"": ""k12_category"", ""values"": [""同步课"", ""同步拓展课""], ""operator"": ""or""}]}}",13071
1k614,教育,614,第2轮,带动画,edu_fuzzy_search,"{""query"": ""带动画""}",13072
1k614,教育,614,第3轮,免费的吗,edu_fuzzy_search,"{""query"": ""免费的吗""}",13073
1k614,教育,614,第4轮,有练习题的那种,edu_fuzzy_search,"{""query"": ""有练习题的那种""}",13074
1k614,教育,614,第5轮,有体验课的那种,edu_fuzzy_search,"{""query"": ""有体验课的那种""}",13075
1k615,教育,615,第1轮,有初二物理的课吗,edu_search,"{""query"": {""and"": [{""field"": ""grade"", ""value"": ""八年级""}, {""field"": ""first_subject"", ""value"": ""物理""}, {""field"": ""k12_category"", ""values"": [""同步课"", ""同步拓展课""], ""operator"": ""or""}]}}",13076
1k615,教育,615,第2轮,有老师带的那种,edu_fuzzy_search,"{""query"": ""有老师带的那种""}",13077
1k615,教育,615,第3轮,有讲解的,edu_fuzzy_search,"{""query"": ""有讲解的""}",13078
1k615,教育,615,第4轮,讲得细的,edu_fuzzy_search,"{""query"": ""讲得细的""}",13079
1k615,教育,615,第5轮,动画教学,edu_fuzzy_search,"{""query"": ""动画教学""}",13080
1k616,教育,616,第1轮,有初三数学的课吗,edu_search,"{""query"": {""and"": [{""field"": ""grade"", ""value"": ""九年级""}, {""field"": ""first_subject"", ""value"": ""数学""}, {""field"": ""k12_category"", ""values"": [""同步课"", ""同步拓展课""], ""operator"": ""or""}]}}",13081
1k616,教育,616,第2轮,有练习题,edu_fuzzy_search,"{""query"": ""有练习题""}",13082
1k616,教育,616,第3轮,动画教学,edu_fuzzy_search,"{""query"": ""动画教学""}",13083
1k616,教育,616,第4轮,讲得细的,edu_fuzzy_search,"{""query"": ""讲得细的""}",13084
1k616,教育,616,第5轮,带老师讲的,edu_fuzzy_search,"{""query"": ""带老师讲的""}",13085
1k617,教育,617,第1轮,有高三化学的课吗,edu_search,"{""query"": {""and"": [{""field"": ""grade"", ""value"": ""高三""}, {""field"": ""first_subject"", ""value"": ""化学""}, {""field"": ""k12_category"", ""values"": [""同步课"", ""同步拓展课""], ""operator"": ""or""}]}}",13086
1k617,教育,617,第2轮,带老师讲的,edu_fuzzy_search,"{""query"": ""带老师讲的""}",13087
1k617,教育,617,第3轮,有老师讲解的,edu_fuzzy_search,"{""query"": ""有老师讲解的""}",13088
1k617,教育,617,第4轮,细讲的那种,edu_fuzzy_search,"{""query"": ""细讲的那种""}",13089
1k617,教育,617,第5轮,免费的,edu_fuzzy_search,"{""query"": ""免费的""}",13090
1k618,教育,618,第1轮,我想看中考复习的视频,edu_fuzzy_search,"{""query"": ""我想看中考复习的视频""}",13091
1k618,教育,618,第2轮,真题讲解的,edu_fuzzy_search,"{""query"": ""真题讲解的""}",13092
1k618,教育,618,第3轮,有真题讲解,edu_fuzzy_search,"{""query"": ""有真题讲解""}",13093
1k618,教育,618,第4轮,官方的,edu_fuzzy_search,"{""query"": ""官方的""}",13094
1k618,教育,618,第5轮,真题那种,edu_fuzzy_search,"{""query"": ""真题那种""}",13095
1k619,教育,619,第1轮,推荐几部美术课,edu_fuzzy_search,"{""query"": ""推荐几部美术课""}",13096
1k619,教育,619,第2轮,适合五岁小孩,edu_fuzzy_search,"{""query"": ""适合五岁小孩""}",13097
1k619,教育,619,第3轮,5岁能学的,edu_fuzzy_search,"{""query"": ""5岁能学的""}",13098
1k619,教育,619,第4轮,适合小学生的有没有,edu_fuzzy_search,"{""query"": ""适合小学生的有没有""}",13099
1k619,教育,619,第5轮,要分步演示,edu_fuzzy_search,"{""query"": ""要分步演示""}",13100
1k620,教育,620,第1轮,好看的做菜的教学视频,edu_fuzzy_search,"{""query"": ""好看的做菜的教学视频""}",13101
1k620,教育,620,第2轮,家常菜系,edu_fuzzy_search,"{""query"": ""家常菜系""}",13102
1k620,教育,620,第3轮,免费的有没有的那种,edu_fuzzy_search,"{""query"": ""免费的有没有的那种""}",13103
1k620,教育,620,第4轮,不要会员的吗,edu_fuzzy_search,"{""query"": ""不要会员的吗""}",13104
1k620,教育,620,第5轮,每集10分钟内,edu_fuzzy_search,"{""query"": ""每集10分钟内""}",13105
1k621,教育,621,第1轮,看看教师资格证考试课,edu_fuzzy_search,"{""query"": ""看看教师资格证考试课""}",13106
1k621,教育,621,第2轮,有练习题,edu_fuzzy_search,"{""query"": ""有练习题""}",13107
1k621,教育,621,第3轮,有试听课吗,edu_fuzzy_search,"{""query"": ""有试听课吗""}",13108
1k621,教育,621,第4轮,有课后练习的,edu_fuzzy_search,"{""query"": ""有课后练习的""}",13109
1k621,教育,621,第5轮,有试听吗,edu_fuzzy_search,"{""query"": ""有试听吗""}",13110
1k622,教育,622,第1轮,有高一数学的课吗,edu_search,"{""query"": {""and"": [{""field"": ""grade"", ""value"": ""高一""}, {""field"": ""first_subject"", ""value"": ""数学""}, {""field"": ""k12_category"", ""values"": [""同步课"", ""同步拓展课""], ""operator"": ""or""}]}}",13111
1k622,教育,622,第2轮,讲得细一点的,edu_fuzzy_search,"{""query"": ""讲得细一点的""}",13112
1k622,教育,622,第3轮,有课后练习的,edu_fuzzy_search,"{""query"": ""有课后练习的""}",13113
1k622,教育,622,第4轮,带老师讲的,edu_fuzzy_search,"{""query"": ""带老师讲的""}",13114
1k622,教育,622,第5轮,有老师讲解的,edu_fuzzy_search,"{""query"": ""有老师讲解的""}",13115
1k623,教育,623,第1轮,有什么找沪教版数学的课,edu_search,"{""query"": {""and"": [{""field"": ""material_version"", ""value"": ""沪教版""}, {""field"": ""first_subject"", ""value"": ""数学""}, {""field"": ""k12_category"", ""values"": [""同步课"", ""同步拓展课""], ""operator"": ""or""}]}}",13116
1k623,教育,623,第2轮,有老师讲解的,edu_fuzzy_search,"{""query"": ""有老师讲解的""}",13117
1k623,教育,623,第3轮,有练习题,edu_fuzzy_search,"{""query"": ""有练习题""}",13118
1k623,教育,623,第4轮,基础篇,edu_fuzzy_search,"{""query"": ""基础篇""}",13119
1k623,教育,623,第5轮,带老师讲的,edu_fuzzy_search,"{""query"": ""带老师讲的""}",13120
1k624,教育,624,第1轮,有什么好看的英语口语,edu_fuzzy_search,"{""query"": ""有什么好看的英语口语""}",13121
1k624,教育,624,第2轮,实惠的,edu_fuzzy_search,"{""query"": ""实惠的""}",13122
1k624,教育,624,第3轮,外教上的,edu_fuzzy_search,"{""query"": ""外教上的""}",13123
1k624,教育,624,第4轮,一对一是吗,edu_fuzzy_search,"{""query"": ""一对一是吗""}",13124
1k624,教育,624,第5轮,一对一的,edu_fuzzy_search,"{""query"": ""一对一的""}",13125
1k625,教育,625,第1轮,放几部中考复习的视频,edu_fuzzy_search,"{""query"": ""放几部中考复习的视频""}",13126
1k625,教育,625,第2轮,权威的,edu_fuzzy_search,"{""query"": ""权威的""}",13127
1k625,教育,625,第3轮,全学科,edu_fuzzy_search,"{""query"": ""全学科""}",13128
1k625,教育,625,第4轮,鲁教版,edu_fuzzy_search,"{""query"": ""鲁教版""}",13129
1k625,教育,625,第5轮,权威标准的,edu_fuzzy_search,"{""query"": ""权威标准的""}",13130
1k626,教育,626,第1轮,有什么美术课,edu_fuzzy_search,"{""query"": ""有什么美术课""}",13131
1k626,教育,626,第2轮,要适合5岁孩子的,edu_fuzzy_search,"{""query"": ""要适合5岁孩子的""}",13132
1k626,教育,626,第3轮,不要会员的,edu_fuzzy_search,"{""query"": ""不要会员的""}",13133
1k626,教育,626,第4轮,儿童简笔画的,edu_fuzzy_search,"{""query"": ""儿童简笔画的""}",13134
1k626,教育,626,第5轮,不充会员能看吗,edu_fuzzy_search,"{""query"": ""不充会员能看吗""}",13135
1k627,教育,627,第1轮,推荐些做菜的教学视频,edu_fuzzy_search,"{""query"": ""推荐些做菜的教学视频""}",13136
1k627,教育,627,第2轮,清晰度高的,edu_fuzzy_search,"{""query"": ""清晰度高的""}",13137
1k627,教育,627,第3轮,画质好的,edu_fuzzy_search,"{""query"": ""画质好的""}",13138
1k627,教育,627,第4轮,单集十分钟,edu_fuzzy_search,"{""query"": ""单集十分钟""}",13139
1k627,教育,627,第5轮,要免费的,edu_fuzzy_search,"{""query"": ""要免费的""}",13140
1k628,教育,628,第1轮,来几部教师资格证考试课,edu_fuzzy_search,"{""query"": ""来几部教师资格证考试课""}",13141
1k628,教育,628,第2轮,真题那种,edu_fuzzy_search,"{""query"": ""真题那种""}",13142
1k628,教育,628,第3轮,有试听吗,edu_fuzzy_search,"{""query"": ""有试听吗""}",13143
1k628,教育,628,第4轮,性价比高,edu_fuzzy_search,"{""query"": ""性价比高""}",13144
1k628,教育,628,第5轮,有真题的,edu_fuzzy_search,"{""query"": ""有真题的""}",13145
1k629,教育,629,第1轮,来点找北师大版语文的课,edu_search,"{""query"": {""and"": [{""field"": ""material_version"", ""value"": ""北师大版""}, {""field"": ""first_subject"", ""value"": ""语文""}, {""field"": ""k12_category"", ""values"": [""同步课"", ""同步拓展课""], ""operator"": ""or""}]}}",13146
1k629,教育,629,第2轮,有课后练习的,edu_fuzzy_search,"{""query"": ""有课后练习的""}",13147
1k629,教育,629,第3轮,要细讲,edu_fuzzy_search,"{""query"": ""要细讲""}",13148
1k629,教育,629,第4轮,讲得细一点的,edu_fuzzy_search,"{""query"": ""讲得细一点的""}",13149
1k629,教育,629,第5轮,有作业的那种,edu_fuzzy_search,"{""query"": ""有作业的那种""}",13150
1k630,教育,630,第1轮,来点中考复习的视频,edu_fuzzy_search,"{""query"": ""来点中考复习的视频""}",13151
1k630,教育,630,第2轮,权威的,edu_fuzzy_search,"{""query"": ""权威的""}",13152
1k630,教育,630,第3轮,要科目全的,edu_fuzzy_search,"{""query"": ""要科目全的""}",13153
1k630,教育,630,第4轮,不要钱的有什么,edu_fuzzy_search,"{""query"": ""不要钱的有什么""}",13154
1k630,教育,630,第5轮,要官方的,edu_fuzzy_search,"{""query"": ""要官方的""}",13155
1k631,教育,631,第1轮,找点物理实验课,edu_fuzzy_search,"{""query"": ""找点物理实验课""}",13156
1k631,教育,631,第2轮,初中力学的,edu_fuzzy_search,"{""query"": ""初中力学的""}",13157
1k631,教育,631,第3轮,高清超清,edu_fuzzy_search,"{""query"": ""高清超清""}",13158
1k631,教育,631,第4轮,免费的有没有,edu_fuzzy_search,"{""query"": ""免费的有没有""}",13159
1k631,教育,631,第5轮,初中物理力学,edu_fuzzy_search,"{""query"": ""初中物理力学""}",13160
1k632,教育,632,第1轮,美术课有哪些,edu_fuzzy_search,"{""query"": ""美术课有哪些""}",13161
1k632,教育,632,第2轮,不要会员的,edu_fuzzy_search,"{""query"": ""不要会员的""}",13162
1k632,教育,632,第3轮,简笔画那种,edu_fuzzy_search,"{""query"": ""简笔画那种""}",13163
1k632,教育,632,第4轮,不充会员能看吗,edu_fuzzy_search,"{""query"": ""不充会员能看吗""}",13164
1k632,教育,632,第5轮,有步骤演示的,edu_fuzzy_search,"{""query"": ""有步骤演示的""}",13165
1k633,教育,633,第1轮,我想看做菜的教学视频,edu_fuzzy_search,"{""query"": ""我想看做菜的教学视频""}",13166
1k633,教育,633,第2轮,十分钟一集,edu_fuzzy_search,"{""query"": ""十分钟一集""}",13167
1k633,教育,633,第3轮,一集十分钟以内的,edu_fuzzy_search,"{""query"": ""一集十分钟以内的""}",13168
1k633,教育,633,第4轮,仔细点的,edu_fuzzy_search,"{""query"": ""仔细点的""}",13169
1k633,教育,633,第5轮,不要会员的吗,edu_fuzzy_search,"{""query"": ""不要会员的吗""}",13170
1k634,教育,634,第1轮,有哪些教师资格证考试课,edu_fuzzy_search,"{""query"": ""有哪些教师资格证考试课""}",13171
1k634,教育,634,第2轮,科目二的,edu_fuzzy_search,"{""query"": ""科目二的""}",13172
1k634,教育,634,第3轮,性价比高,edu_fuzzy_search,"{""query"": ""性价比高""}",13173
1k634,教育,634,第4轮,真题那种,edu_fuzzy_search,"{""query"": ""真题那种""}",13174
1k634,教育,634,第5轮,有试听吗,edu_fuzzy_search,"{""query"": ""有试听吗""}",13175
1k635,教育,635,第1轮,放英语口语,edu_fuzzy_search,"{""query"": ""放英语口语""}",13176
1k635,教育,635,第2轮,外教教的,edu_fuzzy_search,"{""query"": ""外教教的""}",13177
1k635,教育,635,第3轮,不花钱的,edu_fuzzy_search,"{""query"": ""不花钱的""}",13178
1k635,教育,635,第4轮,外教上的,edu_fuzzy_search,"{""query"": ""外教上的""}",13179
1k635,教育,635,第5轮,一对一授课,edu_fuzzy_search,"{""query"": ""一对一授课""}",13180
1k636,教育,636,第1轮,最近想看中考复习的视频,edu_fuzzy_search,"{""query"": ""最近想看中考复习的视频""}",13181
1k636,教育,636,第2轮,不收费的有哪些,edu_fuzzy_search,"{""query"": ""不收费的有哪些""}",13182
1k636,教育,636,第3轮,不要会员的,edu_fuzzy_search,"{""query"": ""不要会员的""}",13183
1k636,教育,636,第4轮,标准版的,edu_fuzzy_search,"{""query"": ""标准版的""}",13184
1k636,教育,636,第5轮,鲁教版的那种,edu_fuzzy_search,"{""query"": ""鲁教版的那种""}",13185
1k637,教育,637,第1轮,推荐些物理实验课,edu_fuzzy_search,"{""query"": ""推荐些物理实验课""}",13186
1k637,教育,637,第2轮,不花钱的,edu_fuzzy_search,"{""query"": ""不花钱的""}",13187
1k637,教育,637,第3轮,初中力学的,edu_fuzzy_search,"{""query"": ""初中力学的""}",13188
1k637,教育,637,第4轮,课堂活跃的,edu_fuzzy_search,"{""query"": ""课堂活跃的""}",13189
1k637,教育,637,第5轮,有意思的,edu_fuzzy_search,"{""query"": ""有意思的""}",13190
1k638,教育,638,第1轮,最近想看美术课,edu_fuzzy_search,"{""query"": ""最近想看美术课""}",13191
1k638,教育,638,第2轮,适合五岁小孩的那种,edu_fuzzy_search,"{""query"": ""适合五岁小孩的那种""}",13192
1k638,教育,638,第3轮,五岁的,edu_fuzzy_search,"{""query"": ""五岁的""}",13193
1k638,教育,638,第4轮,免会员的,edu_fuzzy_search,"{""query"": ""免会员的""}",13194
1k638,教育,638,第5轮,适合小学生的有没有,edu_fuzzy_search,"{""query"": ""适合小学生的有没有""}",13195
1k639,教育,639,第1轮,好看的教师资格证考试课,edu_fuzzy_search,"{""query"": ""好看的教师资格证考试课""}",13196
1k639,教育,639,第2轮,有练习题,edu_fuzzy_search,"{""query"": ""有练习题""}",13197
1k639,教育,639,第3轮,实惠点的,edu_fuzzy_search,"{""query"": ""实惠点的""}",13198
1k639,教育,639,第4轮,有真题的,edu_fuzzy_search,"{""query"": ""有真题的""}",13199
1k639,教育,639,第5轮,有试听课吗,edu_fuzzy_search,"{""query"": ""有试听课吗""}",13200
1k640,教育,640,第1轮,来一部中考复习的视频,edu_fuzzy_search,"{""query"": ""来一部中考复习的视频""}",13201
1k640,教育,640,第2轮,全学科,edu_fuzzy_search,"{""query"": ""全学科""}",13202
1k640,教育,640,第3轮,不收费的有哪些,edu_fuzzy_search,"{""query"": ""不收费的有哪些""}",13203
1k640,教育,640,第4轮,真题讲解的,edu_fuzzy_search,"{""query"": ""真题讲解的""}",13204
1k640,教育,640,第5轮,要讲真题的,edu_fuzzy_search,"{""query"": ""要讲真题的""}",13205
1k641,教育,641,第1轮,物理实验课有哪些,edu_fuzzy_search,"{""query"": ""物理实验课有哪些""}",13206
1k641,教育,641,第2轮,不要钱的,edu_fuzzy_search,"{""query"": ""不要钱的""}",13207
1k641,教育,641,第3轮,超清的,edu_fuzzy_search,"{""query"": ""超清的""}",13208
1k641,教育,641,第4轮,免费的有没有,edu_fuzzy_search,"{""query"": ""免费的有没有""}",13209
1k641,教育,641,第5轮,有超清的吗,edu_fuzzy_search,"{""query"": ""有超清的吗""}",13210
1k642,教育,642,第1轮,来点教师资格证考试课,edu_fuzzy_search,"{""query"": ""来点教师资格证考试课""}",13211
1k642,教育,642,第2轮,便宜的,edu_fuzzy_search,"{""query"": ""便宜的""}",13212
1k642,教育,642,第3轮,能试听吗,edu_fuzzy_search,"{""query"": ""能试听吗""}",13213
1k642,教育,642,第4轮,实惠点的,edu_fuzzy_search,"{""query"": ""实惠点的""}",13214
1k642,教育,642,第5轮,有体验课吗,edu_fuzzy_search,"{""query"": ""有体验课吗""}",13215
1k643,教育,643,第1轮,放几部英语口语,edu_fuzzy_search,"{""query"": ""放几部英语口语""}",13216
1k643,教育,643,第2轮,不收费的,edu_fuzzy_search,"{""query"": ""不收费的""}",13217
1k643,教育,643,第3轮,1对1的,edu_fuzzy_search,"{""query"": ""1对1的""}",13218
1k643,教育,643,第4轮,一对一是吗,edu_fuzzy_search,"{""query"": ""一对一是吗""}",13219
1k643,教育,643,第5轮,一对一的,edu_fuzzy_search,"{""query"": ""一对一的""}",13220
1k644,教育,644,第1轮,来几部中考复习的视频,edu_fuzzy_search,"{""query"": ""来几部中考复习的视频""}",13221
1k644,教育,644,第2轮,真题讲解的,edu_fuzzy_search,"{""query"": ""真题讲解的""}",13222
1k644,教育,644,第3轮,有真题讲解,edu_fuzzy_search,"{""query"": ""有真题讲解""}",13223
1k644,教育,644,第4轮,权威的,edu_fuzzy_search,"{""query"": ""权威的""}",13224
1k644,教育,644,第5轮,青岛版,edu_fuzzy_search,"{""query"": ""青岛版""}",13225
1k645,教育,645,第1轮,找点教师资格证考试课,edu_fuzzy_search,"{""query"": ""找点教师资格证考试课""}",13226
1k645,教育,645,第2轮,有体验课吗,edu_fuzzy_search,"{""query"": ""有体验课吗""}",13227
1k645,教育,645,第3轮,价格实惠的,edu_fuzzy_search,"{""query"": ""价格实惠的""}",13228
1k645,教育,645,第4轮,真题那种,edu_fuzzy_search,"{""query"": ""真题那种""}",13229
1k645,教育,645,第5轮,要带真题,edu_fuzzy_search,"{""query"": ""要带真题""}",13230
1k646,教育,646,第1轮,中考复习的视频有哪些,edu_fuzzy_search,"{""query"": ""中考复习的视频有哪些""}",13231
1k646,教育,646,第2轮,鲁教版,edu_fuzzy_search,"{""query"": ""鲁教版""}",13232
1k646,教育,646,第3轮,标准版的,edu_fuzzy_search,"{""query"": ""标准版的""}",13233
1k646,教育,646,第4轮,官方的,edu_fuzzy_search,"{""query"": ""官方的""}",13234
1k646,教育,646,第5轮,科目全的,edu_fuzzy_search,"{""query"": ""科目全的""}",13235
1k647,教育,647,第1轮,看看美术课,edu_fuzzy_search,"{""query"": ""看看美术课""}",13236
1k647,教育,647,第2轮,5岁能学的,edu_fuzzy_search,"{""query"": ""5岁能学的""}",13237
1k647,教育,647,第3轮,适合五岁小孩的那种,edu_fuzzy_search,"{""query"": ""适合五岁小孩的那种""}",13238
1k647,教育,647,第4轮,免会员的,edu_fuzzy_search,"{""query"": ""免会员的""}",13239
1k647,教育,647,第5轮,儿童简笔画的,edu_fuzzy_search,"{""query"": ""儿童简笔画的""}",13240
1k648,教育,648,第1轮,来一部英语口语,edu_fuzzy_search,"{""query"": ""来一部英语口语""}",13241
1k648,教育,648,第2轮,外教那种,edu_fuzzy_search,"{""query"": ""外教那种""}",13242
1k648,教育,648,第3轮,外国人教的,edu_fuzzy_search,"{""query"": ""外国人教的""}",13243
1k648,教育,648,第4轮,不收费的,edu_fuzzy_search,"{""query"": ""不收费的""}",13244
1k648,教育,648,第5轮,1对1的,edu_fuzzy_search,"{""query"": ""1对1的""}",13245
1k649,教育,649,第1轮,有啥好看的做菜的教学视频,edu_fuzzy_search,"{""query"": ""有啥好看的做菜的教学视频""}",13246
1k649,教育,649,第2轮,仔细点的,edu_fuzzy_search,"{""query"": ""仔细点的""}",13247
1k649,教育,649,第3轮,家常那种,edu_fuzzy_search,"{""query"": ""家常那种""}",13248
1k649,教育,649,第4轮,讲得仔细的,edu_fuzzy_search,"{""query"": ""讲得仔细的""}",13249
1k649,教育,649,第5轮,清晰的,edu_fuzzy_search,"{""query"": ""清晰的""}",13250
1k650,教育,650,第1轮,来点美术课,edu_fuzzy_search,"{""query"": ""来点美术课""}",13251
1k650,教育,650,第2轮,不充会员能看吗,edu_fuzzy_search,"{""query"": ""不充会员能看吗""}",13252
1k650,教育,650,第3轮,有步骤演示的,edu_fuzzy_search,"{""query"": ""有步骤演示的""}",13253
1k650,教育,650,第4轮,简笔画课程,edu_fuzzy_search,"{""query"": ""简笔画课程""}",13254
1k650,教育,650,第5轮,适合小学生的有没有,edu_fuzzy_search,"{""query"": ""适合小学生的有没有""}",13255
1k651,教育,651,第1轮,找点做菜的教学视频,edu_fuzzy_search,"{""query"": ""找点做菜的教学视频""}",13256
1k651,教育,651,第2轮,家常菜系,edu_fuzzy_search,"{""query"": ""家常菜系""}",13257
1k651,教育,651,第3轮,十分钟一集,edu_fuzzy_search,"{""query"": ""十分钟一集""}",13258
1k651,教育,651,第4轮,一集十分钟以内的,edu_fuzzy_search,"{""query"": ""一集十分钟以内的""}",13259
1k651,教育,651,第5轮,清晰度高的,edu_fuzzy_search,"{""query"": ""清晰度高的""}",13260
1k652,教育,652,第1轮,做菜的教学视频有哪些,edu_fuzzy_search,"{""query"": ""做菜的教学视频有哪些""}",13261
1k652,教育,652,第2轮,每集10分钟内,edu_fuzzy_search,"{""query"": ""每集10分钟内""}",13262
1k652,教育,652,第3轮,清晰的,edu_fuzzy_search,"{""query"": ""清晰的""}",13263
1k652,教育,652,第4轮,十分钟一集,edu_fuzzy_search,"{""query"": ""十分钟一集""}",13264
1k652,教育,652,第5轮,家常那种,edu_fuzzy_search,"{""query"": ""家常那种""}",13265
1k653,教育,653,第1轮,推荐几部中考复习的视频,edu_fuzzy_search,"{""query"": ""推荐几部中考复习的视频""}",13266
1k653,教育,653,第2轮,标准版的,edu_fuzzy_search,"{""query"": ""标准版的""}",13267
1k653,教育,653,第3轮,真题讲解的,edu_fuzzy_search,"{""query"": ""真题讲解的""}",13268
1k653,教育,653,第4轮,全学科,edu_fuzzy_search,"{""query"": ""全学科""}",13269
1k653,教育,653,第5轮,不收费的有哪些,edu_fuzzy_search,"{""query"": ""不收费的有哪些""}",13270
1k654,教育,654,第1轮,好看的物理实验课,edu_fuzzy_search,"{""query"": ""好看的物理实验课""}",13271
1k654,教育,654,第2轮,超清的,edu_fuzzy_search,"{""query"": ""超清的""}",13272
1k654,教育,654,第3轮,力学部分,edu_fuzzy_search,"{""query"": ""力学部分""}",13273
1k654,教育,654,第4轮,力学那种,edu_fuzzy_search,"{""query"": ""力学那种""}",13274
1k654,教育,654,第5轮,高清超清,edu_fuzzy_search,"{""query"": ""高清超清""}",13275
1k655,教育,655,第1轮,放做菜的教学视频,edu_fuzzy_search,"{""query"": ""放做菜的教学视频""}",13276
1k655,教育,655,第2轮,免费的有没有,edu_fuzzy_search,"{""query"": ""免费的有没有""}",13277
1k655,教育,655,第3轮,家常那种,edu_fuzzy_search,"{""query"": ""家常那种""}",13278
1k655,教育,655,第4轮,高清的,edu_fuzzy_search,"{""query"": ""高清的""}",13279
1k655,教育,655,第5轮,画质好的,edu_fuzzy_search,"{""query"": ""画质好的""}",13280
1k656,教育,656,第1轮,有啥好看的英语口语,edu_fuzzy_search,"{""query"": ""有啥好看的英语口语""}",13281
1k656,教育,656,第2轮,便宜点的,edu_fuzzy_search,"{""query"": ""便宜点的""}",13282
1k656,教育,656,第3轮,实惠的,edu_fuzzy_search,"{""query"": ""实惠的""}",13283
1k656,教育,656,第4轮,一对一是吗,edu_fuzzy_search,"{""query"": ""一对一是吗""}",13284
1k656,教育,656,第5轮,外国人教的,edu_fuzzy_search,"{""query"": ""外国人教的""}",13285
1k657,教育,657,第1轮,有哪些中考复习的视频,edu_fuzzy_search,"{""query"": ""有哪些中考复习的视频""}",13286
1k657,教育,657,第2轮,各科都有,edu_fuzzy_search,"{""query"": ""各科都有""}",13287
1k657,教育,657,第3轮,不收费的有哪些,edu_fuzzy_search,"{""query"": ""不收费的有哪些""}",13288
1k657,教育,657,第4轮,不要会员的有什么,edu_fuzzy_search,"{""query"": ""不要会员的有什么""}",13289
1k657,教育,657,第5轮,科目全的,edu_fuzzy_search,"{""query"": ""科目全的""}",13290
1k658,教育,658,第1轮,有什么好看的美术课,edu_fuzzy_search,"{""query"": ""有什么好看的美术课""}",13291
1k658,教育,658,第2轮,5岁能学的,edu_fuzzy_search,"{""query"": ""5岁能学的""}",13292
1k658,教育,658,第3轮,分步演示,edu_fuzzy_search,"{""query"": ""分步演示""}",13293
1k658,教育,658,第4轮,五岁的,edu_fuzzy_search,"{""query"": ""五岁的""}",13294
1k658,教育,658,第5轮,儿童简笔画的,edu_fuzzy_search,"{""query"": ""儿童简笔画的""}",13295
1k659,教育,659,第1轮,找点英语口语,edu_fuzzy_search,"{""query"": ""找点英语口语""}",13296
1k659,教育,659,第2轮,便宜点的,edu_fuzzy_search,"{""query"": ""便宜点的""}",13297
1k659,教育,659,第3轮,外教上的,edu_fuzzy_search,"{""query"": ""外教上的""}",13298
1k659,教育,659,第4轮,性价比高的,edu_fuzzy_search,"{""query"": ""性价比高的""}",13299
1k659,教育,659,第5轮,实惠的,edu_fuzzy_search,"{""query"": ""实惠的""}",13300
1k660,教育,660,第1轮,推荐些美术课,edu_fuzzy_search,"{""query"": ""推荐些美术课""}",13301
1k660,教育,660,第2轮,简笔画教学,edu_fuzzy_search,"{""query"": ""简笔画教学""}",13302
1k660,教育,660,第3轮,不充会员能看吗,edu_fuzzy_search,"{""query"": ""不充会员能看吗""}",13303
1k660,教育,660,第4轮,简笔画课程,edu_fuzzy_search,"{""query"": ""简笔画课程""}",13304
1k660,教育,660,第5轮,5岁能学的,edu_fuzzy_search,"{""query"": ""5岁能学的""}",13305
1k661,教育,661,第1轮,有初三物理的课吗,edu_search,"{""query"": {""and"": [{""field"": ""grade"", ""value"": ""九年级""}, {""field"": ""first_subject"", ""value"": ""物理""}, {""field"": ""k12_category"", ""values"": [""同步课"", ""同步拓展课""], ""operator"": ""or""}]}}",13306
1k661,教育,661,第2轮,要细讲,edu_fuzzy_search,"{""query"": ""要细讲""}",13307
1k661,教育,661,第3轮,免费的有没有,edu_fuzzy_search,"{""query"": ""免费的有没有""}",13308
1k661,教育,661,第4轮,有老师带的那种,edu_fuzzy_search,"{""query"": ""有老师带的那种""}",13309
1k661,教育,661,第5轮,讲得细一点的,edu_fuzzy_search,"{""query"": ""讲得细一点的""}",13310
1k662,教育,662,第1轮,找点找北师大版英语的课,edu_search,"{""query"": {""and"": [{""field"": ""material_version"", ""value"": ""北师大版""}, {""field"": ""first_subject"", ""value"": ""英语""}, {""field"": ""k12_category"", ""values"": [""同步课"", ""同步拓展课""], ""operator"": ""or""}]}}",13311
1k662,教育,662,第2轮,讲基础的,edu_fuzzy_search,"{""query"": ""讲基础的""}",13312
1k662,教育,662,第3轮,带动画的那种,edu_fuzzy_search,"{""query"": ""带动画的那种""}",13313
1k662,教育,662,第4轮,讲基础题的,edu_fuzzy_search,"{""query"": ""讲基础题的""}",13314
1k662,教育,662,第5轮,要带老师讲的,edu_fuzzy_search,"{""query"": ""要带老师讲的""}",13315
1k663,教育,663,第1轮,我想看美术课,edu_fuzzy_search,"{""query"": ""我想看美术课""}",13316
1k663,教育,663,第2轮,适合小学生的有吗,edu_fuzzy_search,"{""query"": ""适合小学生的有吗""}",13317
1k663,教育,663,第3轮,带步骤,edu_fuzzy_search,"{""query"": ""带步骤""}",13318
1k663,教育,663,第4轮,五岁的,edu_fuzzy_search,"{""query"": ""五岁的""}",13319
1k663,教育,663,第5轮,不充会员能看吗,edu_fuzzy_search,"{""query"": ""不充会员能看吗""}",13320
1k664,教育,664,第1轮,想看做菜的教学视频,edu_fuzzy_search,"{""query"": ""想看做菜的教学视频""}",13321
1k664,教育,664,第2轮,清晰度高的,edu_fuzzy_search,"{""query"": ""清晰度高的""}",13322
1k664,教育,664,第3轮,仔细点的,edu_fuzzy_search,"{""query"": ""仔细点的""}",13323
1k664,教育,664,第4轮,讲得仔细的,edu_fuzzy_search,"{""query"": ""讲得仔细的""}",13324
1k664,教育,664,第5轮,家常菜的,edu_fuzzy_search,"{""query"": ""家常菜的""}",13325
1k665,教育,665,第1轮,来点英语口语,edu_fuzzy_search,"{""query"": ""来点英语口语""}",13326
1k665,教育,665,第2轮,能试听的,edu_fuzzy_search,"{""query"": ""能试听的""}",13327
1k665,教育,665,第3轮,价格实惠点,edu_fuzzy_search,"{""query"": ""价格实惠点""}",13328
1k665,教育,665,第4轮,便宜点的,edu_fuzzy_search,"{""query"": ""便宜点的""}",13329
1k665,教育,665,第5轮,外教上的,edu_fuzzy_search,"{""query"": ""外教上的""}",13330
1k666,教育,666,第1轮,有什么英语口语,edu_fuzzy_search,"{""query"": ""有什么英语口语""}",13331
1k666,教育,666,第2轮,性价比高的,edu_fuzzy_search,"{""query"": ""性价比高的""}",13332
1k666,教育,666,第3轮,免费那种,edu_fuzzy_search,"{""query"": ""免费那种""}",13333
1k666,教育,666,第4轮,能试听的,edu_fuzzy_search,"{""query"": ""能试听的""}",13334
1k666,教育,666,第5轮,不花钱的,edu_fuzzy_search,"{""query"": ""不花钱的""}",13335
1k667,教育,667,第1轮,来一部美术课,edu_fuzzy_search,"{""query"": ""来一部美术课""}",13336
1k667,教育,667,第2轮,五岁的,edu_fuzzy_search,"{""query"": ""五岁的""}",13337
1k667,教育,667,第3轮,带步骤,edu_fuzzy_search,"{""query"": ""带步骤""}",13338
1k667,教育,667,第4轮,儿童简笔画的,edu_fuzzy_search,"{""query"": ""儿童简笔画的""}",13339
1k667,教育,667,第5轮,有步骤演示的,edu_fuzzy_search,"{""query"": ""有步骤演示的""}",13340
1k668,教育,668,第1轮,有哪些做菜的教学视频,edu_fuzzy_search,"{""query"": ""有哪些做菜的教学视频""}",13341
1k668,教育,668,第2轮,十分钟一集,edu_fuzzy_search,"{""query"": ""十分钟一集""}",13342
1k668,教育,668,第3轮,家常菜系,edu_fuzzy_search,"{""query"": ""家常菜系""}",13343
1k668,教育,668,第4轮,家常做菜,edu_fuzzy_search,"{""query"": ""家常做菜""}",13344
1k668,教育,668,第5轮,清晰度高的,edu_fuzzy_search,"{""query"": ""清晰度高的""}",13345
1k669,教育,669,第1轮,放几部物理实验课,edu_fuzzy_search,"{""query"": ""放几部物理实验课""}",13346
1k669,教育,669,第2轮,带动画,edu_fuzzy_search,"{""query"": ""带动画""}",13347
1k669,教育,669,第3轮,讲得生动的,edu_fuzzy_search,"{""query"": ""讲得生动的""}",13348
1k669,教育,669,第4轮,课堂活跃的,edu_fuzzy_search,"{""query"": ""课堂活跃的""}",13349
1k669,教育,669,第5轮,力学那种,edu_fuzzy_search,"{""query"": ""力学那种""}",13350
1k670,教育,670,第1轮,推荐几部教师资格证考试课,edu_fuzzy_search,"{""query"": ""推荐几部教师资格证考试课""}",13351
1k670,教育,670,第2轮,综合素质那一科的,edu_fuzzy_search,"{""query"": ""综合素质那一科的""}",13352
1k670,教育,670,第3轮,有试听课吗,edu_fuzzy_search,"{""query"": ""有试听课吗""}",13353
1k670,教育,670,第4轮,性价比高,edu_fuzzy_search,"{""query"": ""性价比高""}",13354
1k670,教育,670,第5轮,综合那科,edu_fuzzy_search,"{""query"": ""综合那科""}",13355
1k671,教育,671,第1轮,来几部英语口语,edu_fuzzy_search,"{""query"": ""来几部英语口语""}",13356
1k671,教育,671,第2轮,价格实惠点,edu_fuzzy_search,"{""query"": ""价格实惠点""}",13357
1k671,教育,671,第3轮,外教那种,edu_fuzzy_search,"{""query"": ""外教那种""}",13358
1k671,教育,671,第4轮,一对一的,edu_fuzzy_search,"{""query"": ""一对一的""}",13359
1k671,教育,671,第5轮,性价比高的,edu_fuzzy_search,"{""query"": ""性价比高的""}",13360
1k672,教育,672,第1轮,推荐些找人教版数学的课,edu_search,"{""query"": {""and"": [{""field"": ""material_version"", ""value"": ""人教版""}, {""field"": ""first_subject"", ""value"": ""数学""}, {""field"": ""k12_category"", ""values"": [""同步课"", ""同步拓展课""], ""operator"": ""or""}]}}",13361
1k672,教育,672,第2轮,基础篇,edu_fuzzy_search,"{""query"": ""基础篇""}",13362
1k672,教育,672,第3轮,有老师带的那种,edu_fuzzy_search,"{""query"": ""有老师带的那种""}",13363
1k672,教育,672,第4轮,不要会员的吗,edu_fuzzy_search,"{""query"": ""不要会员的吗""}",13364
1k672,教育,672,第5轮,讲基础的,edu_fuzzy_search,"{""query"": ""讲基础的""}",13365
1k673,教育,673,第1轮,放美术课,edu_fuzzy_search,"{""query"": ""放美术课""}",13366
1k673,教育,673,第2轮,适合五岁小孩,edu_fuzzy_search,"{""query"": ""适合五岁小孩""}",13367
1k673,教育,673,第3轮,5岁能学的,edu_fuzzy_search,"{""query"": ""5岁能学的""}",13368
1k673,教育,673,第4轮,步骤那种,edu_fuzzy_search,"{""query"": ""步骤那种""}",13369
1k673,教育,673,第5轮,简笔画教学,edu_fuzzy_search,"{""query"": ""简笔画教学""}",13370
1k674,教育,674,第1轮,有什么好看的中考复习的视频,edu_fuzzy_search,"{""query"": ""有什么好看的中考复习的视频""}",13371
1k674,教育,674,第2轮,权威的,edu_fuzzy_search,"{""query"": ""权威的""}",13372
1k674,教育,674,第3轮,青岛地区那种,edu_fuzzy_search,"{""query"": ""青岛地区那种""}",13373
1k674,教育,674,第4轮,要鲁教版,edu_fuzzy_search,"{""query"": ""要鲁教版""}",13374
1k674,教育,674,第5轮,真题讲解的,edu_fuzzy_search,"{""query"": ""真题讲解的""}",13375
1k675,教育,675,第1轮,想看教师资格证考试课,edu_fuzzy_search,"{""query"": ""想看教师资格证考试课""}",13376
1k675,教育,675,第2轮,有试听吗,edu_fuzzy_search,"{""query"": ""有试听吗""}",13377
1k675,教育,675,第3轮,有历年真题,edu_fuzzy_search,"{""query"": ""有历年真题""}",13378
1k675,教育,675,第4轮,有试听课吗,edu_fuzzy_search,"{""query"": ""有试听课吗""}",13379
1k675,教育,675,第5轮,有体验课吗,edu_fuzzy_search,"{""query"": ""有体验课吗""}",13380
1k676,教育,676,第1轮,看看中考复习的视频,edu_fuzzy_search,"{""query"": ""看看中考复习的视频""}",13381
1k676,教育,676,第2轮,免费的有哪些,edu_fuzzy_search,"{""query"": ""免费的有哪些""}",13382
1k676,教育,676,第3轮,讲真题的,edu_fuzzy_search,"{""query"": ""讲真题的""}",13383
1k676,教育,676,第4轮,青岛版,edu_fuzzy_search,"{""query"": ""青岛版""}",13384
1k676,教育,676,第5轮,权威标准的,edu_fuzzy_search,"{""query"": ""权威标准的""}",13385
1k677,教育,677,第1轮,有什么做菜的教学视频,edu_fuzzy_search,"{""query"": ""有什么做菜的教学视频""}",13386
1k677,教育,677,第2轮,家常菜的,edu_fuzzy_search,"{""query"": ""家常菜的""}",13387
1k677,教育,677,第3轮,清晰的,edu_fuzzy_search,"{""query"": ""清晰的""}",13388
1k677,教育,677,第4轮,单集十分钟,edu_fuzzy_search,"{""query"": ""单集十分钟""}",13389
1k677,教育,677,第5轮,一集十分钟以内的,edu_fuzzy_search,"{""query"": ""一集十分钟以内的""}",13390
1k678,教育,678,第1轮,好看的英语口语,edu_fuzzy_search,"{""query"": ""好看的英语口语""}",13391
1k678,教育,678,第2轮,不收费的,edu_fuzzy_search,"{""query"": ""不收费的""}",13392
1k678,教育,678,第3轮,外国人教的,edu_fuzzy_search,"{""query"": ""外国人教的""}",13393
1k678,教育,678,第4轮,外教上的,edu_fuzzy_search,"{""query"": ""外教上的""}",13394
1k678,教育,678,第5轮,免费那种,edu_fuzzy_search,"{""query"": ""免费那种""}",13395
1k679,教育,679,第1轮,想看中考复习的视频,edu_fuzzy_search,"{""query"": ""想看中考复习的视频""}",13396
1k679,教育,679,第2轮,青岛地区那种,edu_fuzzy_search,"{""query"": ""青岛地区那种""}",13397
1k679,教育,679,第3轮,适合青岛地区的,edu_fuzzy_search,"{""query"": ""适合青岛地区的""}",13398
1k679,教育,679,第4轮,鲁教版的那种,edu_fuzzy_search,"{""query"": ""鲁教版的那种""}",13399
1k679,教育,679,第5轮,免费的有哪些,edu_fuzzy_search,"{""query"": ""免费的有哪些""}",13400
1k680,教育,680,第1轮,我想看教师资格证考试课,edu_fuzzy_search,"{""query"": ""我想看教师资格证考试课""}",13401
1k680,教育,680,第2轮,带真题,edu_fuzzy_search,"{""query"": ""带真题""}",13402
1k680,教育,680,第3轮,有体验课吗,edu_fuzzy_search,"{""query"": ""有体验课吗""}",13403
1k680,教育,680,第4轮,能试听吗,edu_fuzzy_search,"{""query"": ""能试听吗""}",13404
1k680,教育,680,第5轮,要综合那科,edu_fuzzy_search,"{""query"": ""要综合那科""}",13405
1k681,教育,681,第1轮,有啥好看的美术课,edu_fuzzy_search,"{""query"": ""有啥好看的美术课""}",13406
1k681,教育,681,第2轮,五岁的,edu_fuzzy_search,"{""query"": ""五岁的""}",13407
1k681,教育,681,第3轮,适合五岁小孩,edu_fuzzy_search,"{""query"": ""适合五岁小孩""}",13408
1k681,教育,681,第4轮,有步骤演示的,edu_fuzzy_search,"{""query"": ""有步骤演示的""}",13409
1k681,教育,681,第5轮,带步骤,edu_fuzzy_search,"{""query"": ""带步骤""}",13410
1k682,教育,682,第1轮,好看的中考复习的视频,edu_fuzzy_search,"{""query"": ""好看的中考复习的视频""}",13411
1k682,教育,682,第2轮,科目全的,edu_fuzzy_search,"{""query"": ""科目全的""}",13412
1k682,教育,682,第3轮,免费的有哪些,edu_fuzzy_search,"{""query"": ""免费的有哪些""}",13413
1k682,教育,682,第4轮,权威标准的,edu_fuzzy_search,"{""query"": ""权威标准的""}",13414
1k682,教育,682,第5轮,不花钱的有什么,edu_fuzzy_search,"{""query"": ""不花钱的有什么""}",13415
1k683,教育,683,第1轮,放几部吉他,edu_fuzzy_search,"{""query"": ""放几部吉他""}",13416
1k683,教育,683,第2轮,每节20分钟内,edu_fuzzy_search,"{""query"": ""每节20分钟内""}",13417
1k683,教育,683,第3轮,要每节课二十分钟以内的,edu_fuzzy_search,"{""query"": ""要每节课二十分钟以内的""}",13418
1k683,教育,683,第4轮,零基础的,edu_fuzzy_search,"{""query"": ""零基础的""}",13419
1k683,教育,683,第5轮,有没有免费的,edu_fuzzy_search,"{""query"": ""有没有免费的""}",13420
1k684,教育,684,第1轮,有啥好看的教师资格证考试课,edu_fuzzy_search,"{""query"": ""有啥好看的教师资格证考试课""}",13421
1k684,教育,684,第2轮,要真题那种,edu_fuzzy_search,"{""query"": ""要真题那种""}",13422
1k684,教育,684,第3轮,价格实惠的,edu_fuzzy_search,"{""query"": ""价格实惠的""}",13423
1k684,教育,684,第4轮,实惠点的,edu_fuzzy_search,"{""query"": ""实惠点的""}",13424
1k684,教育,684,第5轮,综合那科,edu_fuzzy_search,"{""query"": ""综合那科""}",13425
1k685,教育,685,第1轮,有没有好看的美术课,edu_fuzzy_search,"{""query"": ""有没有好看的美术课""}",13426
1k685,教育,685,第2轮,要5岁能学的,edu_fuzzy_search,"{""query"": ""要5岁能学的""}",13427
1k685,教育,685,第3轮,简笔画那种,edu_fuzzy_search,"{""query"": ""简笔画那种""}",13428
1k685,教育,685,第4轮,步骤那种,edu_fuzzy_search,"{""query"": ""步骤那种""}",13429
1k685,教育,685,第5轮,分步演示,edu_fuzzy_search,"{""query"": ""分步演示""}",13430
1k686,教育,686,第1轮,有哪些美术课,edu_fuzzy_search,"{""query"": ""有哪些美术课""}",13431
1k686,教育,686,第2轮,要儿童简笔画的,edu_fuzzy_search,"{""query"": ""要儿童简笔画的""}",13432
1k686,教育,686,第3轮,简笔画那种,edu_fuzzy_search,"{""query"": ""简笔画那种""}",13433
1k686,教育,686,第4轮,适合五岁小孩,edu_fuzzy_search,"{""query"": ""适合五岁小孩""}",13434
1k686,教育,686,第5轮,分步演示,edu_fuzzy_search,"{""query"": ""分步演示""}",13435
1k687,教育,687,第1轮,有什么好看的物理实验课,edu_fuzzy_search,"{""query"": ""有什么好看的物理实验课""}",13436
1k687,教育,687,第2轮,讲得生动的,edu_fuzzy_search,"{""query"": ""讲得生动的""}",13437
1k687,教育,687,第3轮,力学部分,edu_fuzzy_search,"{""query"": ""力学部分""}",13438
1k687,教育,687,第4轮,要动画演示的,edu_fuzzy_search,"{""query"": ""要动画演示的""}",13439
1k687,教育,687,第5轮,初中力学的,edu_fuzzy_search,"{""query"": ""初中力学的""}",13440
1k688,教育,688,第1轮,放几部做菜的教学视频,edu_fuzzy_search,"{""query"": ""放几部做菜的教学视频""}",13441
1k688,教育,688,第2轮,讲得仔细的,edu_fuzzy_search,"{""query"": ""讲得仔细的""}",13442
1k688,教育,688,第3轮,单集十分钟,edu_fuzzy_search,"{""query"": ""单集十分钟""}",13443
1k688,教育,688,第4轮,不花钱的有没有,edu_fuzzy_search,"{""query"": ""不花钱的有没有""}",13444
1k688,教育,688,第5轮,家常那种,edu_fuzzy_search,"{""query"": ""家常那种""}",13445
1k689,教育,689,第1轮,放几部教师资格证考试课,edu_fuzzy_search,"{""query"": ""放几部教师资格证考试课""}",13446
1k689,教育,689,第2轮,有试听课吗,edu_fuzzy_search,"{""query"": ""有试听课吗""}",13447
1k689,教育,689,第3轮,便宜的,edu_fuzzy_search,"{""query"": ""便宜的""}",13448
1k689,教育,689,第4轮,能试听吗,edu_fuzzy_search,"{""query"": ""能试听吗""}",13449
1k689,教育,689,第5轮,科目二的,edu_fuzzy_search,"{""query"": ""科目二的""}",13450
1k690,教育,690,第1轮,推荐几部物理实验课,edu_fuzzy_search,"{""query"": ""推荐几部物理实验课""}",13451
1k690,教育,690,第2轮,超清的,edu_fuzzy_search,"{""query"": ""超清的""}",13452
1k690,教育,690,第3轮,初中物理力学,edu_fuzzy_search,"{""query"": ""初中物理力学""}",13453
1k690,教育,690,第4轮,力学那种,edu_fuzzy_search,"{""query"": ""力学那种""}",13454
1k690,教育,690,第5轮,高清超清,edu_fuzzy_search,"{""query"": ""高清超清""}",13455
1k691,教育,691,第1轮,英语口语有哪些,edu_fuzzy_search,"{""query"": ""英语口语有哪些""}",13456
1k691,教育,691,第2轮,要一对一是吗,edu_fuzzy_search,"{""query"": ""要一对一是吗""}",13457
1k691,教育,691,第3轮,1对1的,edu_fuzzy_search,"{""query"": ""1对1的""}",13458
1k691,教育,691,第4轮,便宜点的,edu_fuzzy_search,"{""query"": ""便宜点的""}",13459
1k691,教育,691,第5轮,外教那种,edu_fuzzy_search,"{""query"": ""外教那种""}",13460
1k692,教育,692,第1轮,找点找沪教版语文的课,edu_search,"{""query"": {""and"": [{""field"": ""material_version"", ""value"": ""沪教版""}, {""field"": ""first_subject"", ""value"": ""语文""}, {""field"": ""k12_category"", ""values"": [""同步课"", ""同步拓展课""], ""operator"": ""or""}]}}",13461
1k692,教育,692,第2轮,讲基础的,edu_fuzzy_search,"{""query"": ""讲基础的""}",13462
1k692,教育,692,第3轮,基础篇,edu_fuzzy_search,"{""query"": ""基础篇""}",13463
1k692,教育,692,第4轮,不要钱的吗,edu_fuzzy_search,"{""query"": ""不要钱的吗""}",13464
1k692,教育,692,第5轮,免费的有没有的那种,edu_fuzzy_search,"{""query"": ""免费的有没有的那种""}",13465
1k693,教育,693,第1轮,有啥好看的中考复习的视频,edu_fuzzy_search,"{""query"": ""有啥好看的中考复习的视频""}",13466
1k693,教育,693,第2轮,免费的有哪些,edu_fuzzy_search,"{""query"": ""免费的有哪些""}",13467
1k693,教育,693,第3轮,标准版的,edu_fuzzy_search,"{""query"": ""标准版的""}",13468
1k693,教育,693,第4轮,科目全的,edu_fuzzy_search,"{""query"": ""科目全的""}",13469
1k693,教育,693,第5轮,权威的,edu_fuzzy_search,"{""query"": ""权威的""}",13470
1k694,教育,694,第1轮,推荐些找苏教版英语的课,edu_search,"{""query"": {""and"": [{""field"": ""material_version"", ""value"": ""苏教版""}, {""field"": ""first_subject"", ""value"": ""英语""}, {""field"": ""k12_category"", ""values"": [""同步课"", ""同步拓展课""], ""operator"": ""or""}]}}",13471
1k694,教育,694,第2轮,基础篇,edu_fuzzy_search,"{""query"": ""基础篇""}",13472
1k694,教育,694,第3轮,带动画的那种,edu_fuzzy_search,"{""query"": ""带动画的那种""}",13473
1k694,教育,694,第4轮,讲基础的,edu_fuzzy_search,"{""query"": ""讲基础的""}",13474
1k694,教育,694,第5轮,基础题那种,edu_fuzzy_search,"{""query"": ""基础题那种""}",13475
1k695,教育,695,第1轮,有什么教师资格证考试课,edu_fuzzy_search,"{""query"": ""有什么教师资格证考试课""}",13476
1k695,教育,695,第2轮,科目二的,edu_fuzzy_search,"{""query"": ""科目二的""}",13477
1k695,教育,695,第3轮,有真题的,edu_fuzzy_search,"{""query"": ""有真题的""}",13478
1k695,教育,695,第4轮,有历年真题,edu_fuzzy_search,"{""query"": ""有历年真题""}",13479
1k695,教育,695,第5轮,带真题,edu_fuzzy_search,"{""query"": ""带真题""}",13480
1k696,教育,696,第1轮,放物理实验课,edu_fuzzy_search,"{""query"": ""放物理实验课""}",13481
1k696,教育,696,第2轮,1080P的有吗,edu_fuzzy_search,"{""query"": ""1080P的有吗""}",13482
1k696,教育,696,第3轮,讲得有趣的,edu_fuzzy_search,"{""query"": ""讲得有趣的""}",13483
1k696,教育,696,第4轮,有意思的,edu_fuzzy_search,"{""query"": ""有意思的""}",13484
1k696,教育,696,第5轮,免费的有吗,edu_fuzzy_search,"{""query"": ""免费的有吗""}",13485
1k697,教育,697,第1轮,来几部美术课,edu_fuzzy_search,"{""query"": ""来几部美术课""}",13486
1k697,教育,697,第2轮,简笔画那种,edu_fuzzy_search,"{""query"": ""简笔画那种""}",13487
1k697,教育,697,第3轮,步骤那种,edu_fuzzy_search,"{""query"": ""步骤那种""}",13488
1k697,教育,697,第4轮,适合小学生的有没有,edu_fuzzy_search,"{""query"": ""适合小学生的有没有""}",13489
1k697,教育,697,第5轮,适合5岁孩子的,edu_fuzzy_search,"{""query"": ""适合5岁孩子的""}",13490
1k698,教育,698,第1轮,来点吉他,edu_fuzzy_search,"{""query"": ""来点吉他""}",13491
1k698,教育,698,第2轮,零基础的,edu_fuzzy_search,"{""query"": ""零基础的""}",13492
1k698,教育,698,第3轮,每节20分钟内,edu_fuzzy_search,"{""query"": ""每节20分钟内""}",13493
1k698,教育,698,第4轮,每节课二十分钟以内的,edu_fuzzy_search,"{""query"": ""每节课二十分钟以内的""}",13494
1k698,教育,698,第5轮,每节别太长,edu_fuzzy_search,"{""query"": ""每节别太长""}",13495
1k699,教育,699,第1轮,有没有好看的做菜的教学视频,edu_fuzzy_search,"{""query"": ""有没有好看的做菜的教学视频""}",13496
1k699,教育,699,第2轮,家常菜的,edu_fuzzy_search,"{""query"": ""家常菜的""}",13497
1k699,教育,699,第3轮,要画质好的,edu_fuzzy_search,"{""query"": ""要画质好的""}",13498
1k699,教育,699,第4轮,详细的,edu_fuzzy_search,"{""query"": ""详细的""}",13499
1k699,教育,699,第5轮,讲得仔细的,edu_fuzzy_search,"{""query"": ""讲得仔细的""}",13500
1k700,教育,700,第1轮,有什么中考复习的视频,edu_fuzzy_search,"{""query"": ""有什么中考复习的视频""}",13501
1k700,教育,700,第2轮,科目全的,edu_fuzzy_search,"{""query"": ""科目全的""}",13502
1k700,教育,700,第3轮,要真题讲解的,edu_fuzzy_search,"{""query"": ""要真题讲解的""}",13503
1k700,教育,700,第4轮,官方的,edu_fuzzy_search,"{""query"": ""官方的""}",13504
1k700,教育,700,第5轮,讲真题的,edu_fuzzy_search,"{""query"": ""讲真题的""}",13505
1k701,教育,701,第1轮,有什么吉他,edu_fuzzy_search,"{""query"": ""有什么吉他""}",13506
1k701,教育,701,第2轮,每节别太长,edu_fuzzy_search,"{""query"": ""每节别太长""}",13507
1k701,教育,701,第3轮,单节二十分钟内,edu_fuzzy_search,"{""query"": ""单节二十分钟内""}",13508
1k701,教育,701,第4轮,不花钱的有没有,edu_fuzzy_search,"{""query"": ""不花钱的有没有""}",13509
1k701,教育,701,第5轮,弹唱的,edu_fuzzy_search,"{""query"": ""弹唱的""}",13510
1k702,教育,702,第1轮,最近想看英语口语,edu_fuzzy_search,"{""query"": ""最近想看英语口语""}",13511
1k702,教育,702,第2轮,一对一的,edu_fuzzy_search,"{""query"": ""一对一的""}",13512
1k702,教育,702,第3轮,不花钱的,edu_fuzzy_search,"{""query"": ""不花钱的""}",13513
1k702,教育,702,第4轮,不收费的,edu_fuzzy_search,"{""query"": ""不收费的""}",13514
1k702,教育,702,第5轮,要外教那种,edu_fuzzy_search,"{""query"": ""要外教那种""}",13515
1k703,教育,703,第1轮,看看吉他,edu_fuzzy_search,"{""query"": ""看看吉他""}",13516
1k703,教育,703,第2轮,每节20分钟内的那种,edu_fuzzy_search,"{""query"": ""每节20分钟内的那种""}",13517
1k703,教育,703,第3轮,每节课二十分钟以内的,edu_fuzzy_search,"{""query"": ""每节课二十分钟以内的""}",13518
1k703,教育,703,第4轮,每节别太长,edu_fuzzy_search,"{""query"": ""每节别太长""}",13519
1k703,教育,703,第5轮,不要会员的有没有,edu_fuzzy_search,"{""query"": ""不要会员的有没有""}",13520
1k704,教育,704,第1轮,好看的找苏教版物理的课,edu_search,"{""query"": {""and"": [{""field"": ""material_version"", ""value"": ""苏教版""}, {""field"": ""first_subject"", ""value"": ""物理""}, {""field"": ""k12_category"", ""values"": [""同步课"", ""同步拓展课""], ""operator"": ""or""}]}}",13521
1k704,教育,704,第2轮,讲得细一点的,edu_fuzzy_search,"{""query"": ""讲得细一点的""}",13522
1k704,教育,704,第3轮,讲基础的,edu_fuzzy_search,"{""query"": ""讲基础的""}",13523
1k704,教育,704,第4轮,基础题那种,edu_fuzzy_search,"{""query"": ""基础题那种""}",13524
1k704,教育,704,第5轮,不要钱的吗,edu_fuzzy_search,"{""query"": ""不要钱的吗""}",13525
1k705,教育,705,第1轮,吉他有哪些,edu_fuzzy_search,"{""query"": ""吉他有哪些""}",13526
1k705,教育,705,第2轮,有没有免费的,edu_fuzzy_search,"{""query"": ""有没有免费的""}",13527
1k705,教育,705,第3轮,要每节20分钟内,edu_fuzzy_search,"{""query"": ""要每节20分钟内""}",13528
1k705,教育,705,第4轮,弹唱的,edu_fuzzy_search,"{""query"": ""弹唱的""}",13529
1k705,教育,705,第5轮,每节别太长,edu_fuzzy_search,"{""query"": ""每节别太长""}",13530
1k706,教育,706,第1轮,来几部找苏教版语文的课,edu_search,"{""query"": {""and"": [{""field"": ""material_version"", ""value"": ""苏教版""}, {""field"": ""first_subject"", ""value"": ""语文""}, {""field"": ""k12_category"", ""values"": [""同步课"", ""同步拓展课""], ""operator"": ""or""}]}}",13531
1k706,教育,706,第2轮,免费的有没有的那种,edu_fuzzy_search,"{""query"": ""免费的有没有的那种""}",13532
1k706,教育,706,第3轮,带动画的那种,edu_fuzzy_search,"{""query"": ""带动画的那种""}",13533
1k706,教育,706,第4轮,基础篇,edu_fuzzy_search,"{""query"": ""基础篇""}",13534
1k706,教育,706,第5轮,不花钱的吗,edu_fuzzy_search,"{""query"": ""不花钱的吗""}",13535
1k707,教育,707,第1轮,我想看物理实验课,edu_fuzzy_search,"{""query"": ""我想看物理实验课""}",13536
1k707,教育,707,第2轮,力学那种,edu_fuzzy_search,"{""query"": ""力学那种""}",13537
1k707,教育,707,第3轮,力学部分,edu_fuzzy_search,"{""query"": ""力学部分""}",13538
1k707,教育,707,第4轮,讲得生动的,edu_fuzzy_search,"{""query"": ""讲得生动的""}",13539
1k707,教育,707,第5轮,讲得有趣的,edu_fuzzy_search,"{""query"": ""讲得有趣的""}",13540
1k708,教育,708,第1轮,来点做菜的教学视频,edu_fuzzy_search,"{""query"": ""来点做菜的教学视频""}",13541
1k708,教育,708,第2轮,讲得仔细的,edu_fuzzy_search,"{""query"": ""讲得仔细的""}",13542
1k708,教育,708,第3轮,仔细点的,edu_fuzzy_search,"{""query"": ""仔细点的""}",13543
1k708,教育,708,第4轮,要免费的有没有,edu_fuzzy_search,"{""query"": ""要免费的有没有""}",13544
1k708,教育,708,第5轮,家常菜系,edu_fuzzy_search,"{""query"": ""家常菜系""}",13545
1k709,教育,709,第1轮,我想看吉他,edu_fuzzy_search,"{""query"": ""我想看吉他""}",13546
1k709,教育,709,第2轮,每节20分钟内,edu_fuzzy_search,"{""query"": ""每节20分钟内""}",13547
1k709,教育,709,第3轮,有吗免费的,edu_fuzzy_search,"{""query"": ""有吗免费的""}",13548
1k709,教育,709,第4轮,零基础的,edu_fuzzy_search,"{""query"": ""零基础的""}",13549
1k709,教育,709,第5轮,弹唱的,edu_fuzzy_search,"{""query"": ""弹唱的""}",13550
1k710,教育,710,第1轮,有啥好看的物理实验课,edu_fuzzy_search,"{""query"": ""有啥好看的物理实验课""}",13551
1k710,教育,710,第2轮,有意思的,edu_fuzzy_search,"{""query"": ""有意思的""}",13552
1k710,教育,710,第3轮,讲得生动的,edu_fuzzy_search,"{""query"": ""讲得生动的""}",13553
1k710,教育,710,第4轮,不要会员的有没有,edu_fuzzy_search,"{""query"": ""不要会员的有没有""}",13554
1k710,教育,710,第5轮,要讲得有趣的,edu_fuzzy_search,"{""query"": ""要讲得有趣的""}",13555
1k711,教育,711,第1轮,推荐些中考复习的视频,edu_fuzzy_search,"{""query"": ""推荐些中考复习的视频""}",13556
1k711,教育,711,第2轮,有真题讲解,edu_fuzzy_search,"{""query"": ""有真题讲解""}",13557
1k711,教育,711,第3轮,鲁教版,edu_fuzzy_search,"{""query"": ""鲁教版""}",13558
1k711,教育,711,第4轮,全学科,edu_fuzzy_search,"{""query"": ""全学科""}",13559
1k711,教育,711,第5轮,讲真题的,edu_fuzzy_search,"{""query"": ""讲真题的""}",13560
1k712,教育,712,第1轮,推荐几部做菜的教学视频,edu_fuzzy_search,"{""query"": ""推荐几部做菜的教学视频""}",13561
1k712,教育,712,第2轮,仔细点的,edu_fuzzy_search,"{""query"": ""仔细点的""}",13562
1k712,教育,712,第3轮,不要会员的有没有,edu_fuzzy_search,"{""query"": ""不要会员的有没有""}",13563
1k712,教育,712,第4轮,家常菜的,edu_fuzzy_search,"{""query"": ""家常菜的""}",13564
1k712,教育,712,第5轮,画质好的,edu_fuzzy_search,"{""query"": ""画质好的""}",13565
1k713,教育,713,第1轮,有什么好看的吉他,edu_fuzzy_search,"{""query"": ""有什么好看的吉他""}",13566
1k713,教育,713,第2轮,免费的有吗,edu_fuzzy_search,"{""query"": ""免费的有吗""}",13567
1k713,教育,713,第3轮,单节二十分钟内,edu_fuzzy_search,"{""query"": ""单节二十分钟内""}",13568
1k713,教育,713,第4轮,每节别太长,edu_fuzzy_search,"{""query"": ""每节别太长""}",13569
1k713,教育,713,第5轮,每节课二十分钟以内的,edu_fuzzy_search,"{""query"": ""每节课二十分钟以内的""}",13570
1k714,教育,714,第1轮,看看物理实验课,edu_fuzzy_search,"{""query"": ""看看物理实验课""}",13571
1k714,教育,714,第2轮,有意思的,edu_fuzzy_search,"{""query"": ""有意思的""}",13572
1k714,教育,714,第3轮,力学那种,edu_fuzzy_search,"{""query"": ""力学那种""}",13573
1k714,教育,714,第4轮,初中力学的,edu_fuzzy_search,"{""query"": ""初中力学的""}",13574
1k714,教育,714,第5轮,高清超清,edu_fuzzy_search,"{""query"": ""高清超清""}",13575
1k715,教育,715,第1轮,来一部教师资格证考试课,edu_fuzzy_search,"{""query"": ""来一部教师资格证考试课""}",13576
1k715,教育,715,第2轮,能试听吗,edu_fuzzy_search,"{""query"": ""能试听吗""}",13577
1k715,教育,715,第3轮,综合素质,edu_fuzzy_search,"{""query"": ""综合素质""}",13578
1k715,教育,715,第4轮,价格实惠的,edu_fuzzy_search,"{""query"": ""价格实惠的""}",13579
1k715,教育,715,第5轮,综合那科,edu_fuzzy_search,"{""query"": ""综合那科""}",13580
1k716,教育,716,第1轮,最近想看教师资格证考试课,edu_fuzzy_search,"{""query"": ""最近想看教师资格证考试课""}",13581
1k716,教育,716,第2轮,综合素质,edu_fuzzy_search,"{""query"": ""综合素质""}",13582
1k716,教育,716,第3轮,科目二的,edu_fuzzy_search,"{""query"": ""科目二的""}",13583
1k716,教育,716,第4轮,便宜的,edu_fuzzy_search,"{""query"": ""便宜的""}",13584
1k716,教育,716,第5轮,有体验课吗,edu_fuzzy_search,"{""query"": ""有体验课吗""}",13585
1k717,教育,717,第1轮,我想看英语口语,edu_fuzzy_search,"{""query"": ""我想看英语口语""}",13586
1k717,教育,717,第2轮,一对一的,edu_fuzzy_search,"{""query"": ""一对一的""}",13587
1k717,教育,717,第3轮,不花钱的,edu_fuzzy_search,"{""query"": ""不花钱的""}",13588
1k717,教育,717,第4轮,一对一是吗,edu_fuzzy_search,"{""query"": ""一对一是吗""}",13589
1k717,教育,717,第5轮,价格实惠点,edu_fuzzy_search,"{""query"": ""价格实惠点""}",13590
1k718,教育,718,第1轮,《三体》讲什么,fan_knowledge_agent,"{""messages"": [{""role"": ""user"", ""content"": ""《三体》讲什么""}], ""riskRespStrategy"": ""all_replace""}",13591
1k718,教育,718,第2轮,作者是谁,fan_knowledge_agent,"{""messages"": [{""role"": ""user"", ""content"": ""作者是谁""}], ""riskRespStrategy"": ""all_replace""}",13592
1k718,教育,718,第3轮,结局是什么,fan_knowledge_agent,"{""messages"": [{""role"": ""user"", ""content"": ""结局是什么""}], ""riskRespStrategy"": ""all_replace""}",13593
1k718,教育,718,第4轮,有电视剧版吗,vod_search,"{""action"": ""search"", ""query"": {""field"": ""tag"", ""value"": ""科幻""}}",13594
1k718,教育,718,第5轮,第二部叫什么,vod_search,"{""action"": ""search"", ""query"": {""field"": ""tag"", ""value"": ""科幻""}}",13595
1k719,教育,719,第1轮,红楼梦作者是谁,fan_knowledge_agent,"{""messages"": [{""role"": ""user"", ""content"": ""红楼梦作者是谁""}], ""riskRespStrategy"": ""all_replace""}",13596
1k719,教育,719,第2轮,讲什么的,fan_knowledge_agent,"{""messages"": [{""role"": ""user"", ""content"": ""讲什么的""}], ""riskRespStrategy"": ""all_replace""}",13597
1k719,教育,719,第3轮,主角有哪些,fan_knowledge_agent,"{""messages"": [{""role"": ""user"", ""content"": ""主角有哪些""}], ""riskRespStrategy"": ""all_replace""}",13598
1k719,教育,719,第4轮,有改编的电视剧吗,vod_search,"{""action"": ""search"", ""query"": {""field"": ""tag"", ""value"": ""古装""}}",13599
1k719,教育,719,第5轮,哪个版本最经典,fan_knowledge_agent,"{""messages"": [{""role"": ""user"", ""content"": ""哪个版本最经典""}], ""riskRespStrategy"": ""all_replace""}",13600
1k720,教育,720,第1轮,《流浪地球》讲的什么,fan_knowledge_agent,"{""messages"": [{""role"": ""user"", ""content"": ""《流浪地球》讲的什么""}], ""riskRespStrategy"": ""all_replace""}",13601
1k720,教育,720,第2轮,导演是谁,fan_knowledge_agent,"{""messages"": [{""role"": ""user"", ""content"": ""导演是谁""}], ""riskRespStrategy"": ""all_replace""}",13602
1k720,教育,720,第3轮,票房多少,fan_knowledge_agent,"{""messages"": [{""role"": ""user"", ""content"": ""票房多少""}], ""riskRespStrategy"": ""all_replace""}",13603
1k720,教育,720,第4轮,有续集吗,vod_search,"{""action"": ""search"", ""query"": {""field"": ""tag"", ""value"": ""科幻""}}",13604
1k720,教育,720,第5轮,和原著差别大吗,fan_knowledge_agent,"{""messages"": [{""role"": ""user"", ""content"": ""和原著差别大吗""}], ""riskRespStrategy"": ""all_replace""}",13605
1k721,音乐,721,第1轮,放点流行歌,music_song_search,"{""retext"": ""放点流行歌"", ""tag"": [""流行""]}",13606
1k721,音乐,721,第2轮,不花钱能听的,music_song_search,"{""retext"": ""不花钱能听的"", ""version"": [""免费版""], ""tag"": [""流行""]}",13607
1k721,音乐,721,第3轮,华语那种,music_song_search,"{""retext"": ""华语那种"", ""tag"": [""流行"", ""华语""]}",13608
1k721,音乐,721,第4轮,华语的,music_song_search,"{""retext"": ""华语的"", ""tag"": [""流行"", ""华语""]}",13609
1k721,音乐,721,第5轮,男歌手唱的,music_song_search,"{""retext"": ""男歌手唱的"", ""gender"": [""男""], ""tag"": [""流行""]}",13610
1k722,音乐,722,第1轮,来点周杰伦的歌,music_song_search,"{""retext"": ""来点周杰伦的歌"", ""singer"": [""周杰伦""]}",13611
1k722,音乐,722,第2轮,最火的那首,music_song_search,"{""retext"": ""最火的那首"", ""singer"": [""周杰伦""]}",13612
1k722,音乐,722,第3轮,最有名的那首吧,music_song_search,"{""retext"": ""最有名的那首吧"", ""singer"": [""周杰伦""], ""tag"": [""经典""]}",13613
1k722,音乐,722,第4轮,有现场版吗,music_song_search,"{""retext"": ""有现场版吗"", ""singer"": [""周杰伦""], ""version"": [""现场版""]}",13614
1k722,音乐,722,第5轮,最经典那首,music_song_search,"{""retext"": ""最经典那首"", ""singer"": [""周杰伦""], ""tag"": [""经典""]}",13615
1k723,音乐,723,第1轮,有点摇滚乐吗,music_song_search,"{""retext"": ""有点摇滚乐吗"", ""tag"": [""摇滚""]}",13616
1k723,音乐,723,第2轮,不花钱的有没有,music_song_search,"{""retext"": ""不花钱的有没有"", ""version"": [""免费版""], ""tag"": [""摇滚""]}",13617
1k723,音乐,723,第3轮,清唱那种,music_song_search,"{""retext"": ""清唱那种"", ""tag"": [""摇滚"", ""清唱""]}",13618
1k723,音乐,723,第4轮,清唱的,music_song_search,"{""retext"": ""清唱的"", ""tag"": [""摇滚"", ""清唱""]}",13619
1k723,音乐,723,第5轮,免费的有没有,music_song_search,"{""retext"": ""免费的有没有"", ""version"": [""免费版""], ""tag"": [""摇滚""]}",13620
1k724,音乐,724,第1轮,有简单的英文儿歌吗,music_song_search,"{""retext"": ""有简单的英文儿歌吗"", ""tag"": [""儿童歌曲"", ""英语""]}",13621
1k724,音乐,724,第2轮,律动感强的,music_song_search,"{""retext"": ""律动感强的"", ""tag"": [""儿童歌曲"", ""节奏感强""]}",13622
1k724,音乐,724,第3轮,歌词简单的,music_song_search,"{""retext"": ""歌词简单的"", ""tag"": [""儿童歌曲"", ""简单""]}",13623
1k724,音乐,724,第4轮,带中文翻译,music_song_search,"{""retext"": ""带中文翻译"", ""tag"": [""儿童歌曲"", ""中文翻译""]}",13624
1k724,音乐,724,第5轮,节奏感强,music_song_search,"{""retext"": ""节奏感强"", ""tag"": [""儿童歌曲"", ""节奏感强""]}",13625
1k725,音乐,725,第1轮,推荐几首伤感的歌,music_song_search,"{""retext"": ""推荐几首伤感的歌"", ""tag"": [""伤感""]}",13626
1k725,音乐,725,第2轮,失恋听的,music_song_search,"{""retext"": ""失恋听的"", ""tag"": [""伤感"", ""伤感""]}",13627
1k725,音乐,725,第3轮,女生唱的,music_song_search,"{""retext"": ""女生唱的"", ""tag"": [""伤感""]}",13628
1k725,音乐,725,第4轮,emo那种,music_song_search,"{""retext"": ""emo那种"", ""tag"": [""伤感""]}",13629
1k725,音乐,725,第5轮,老歌,music_song_search,"{""retext"": ""老歌"", ""tag"": [""伤感""]}",13630
1k726,音乐,726,第1轮,找点KTV必点的歌,music_song_search,"{""retext"": ""找点KTV必点的歌"", ""tag"": [""流行""]}",13631
1k726,音乐,726,第2轮,容易唱的,music_song_search,"{""retext"": ""容易唱的"", ""tag"": [""流行""]}",13632
1k726,音乐,726,第3轮,别太高音,music_song_search,"{""retext"": ""别太高音"", ""tag"": [""流行""]}",13633
1k726,音乐,726,第4轮,普通话那种,music_song_search,"{""retext"": ""普通话那种"", ""tag"": [""流行""]}",13634
1k726,音乐,726,第5轮,免费的吗,music_song_search,"{""retext"": ""免费的吗"", ""version"": [""免费版""], ""tag"": [""流行""]}",13635
1k727,音乐,727,第1轮,找点民谣,music_song_search,"{""retext"": ""找点民谣"", ""tag"": [""民谣""]}",13636
1k727,音乐,727,第2轮,国产那种,music_song_search,"{""retext"": ""国产那种"", ""tag"": [""民谣""]}",13637
1k727,音乐,727,第3轮,内地,music_song_search,"{""retext"": ""内地"", ""tag"": [""民谣""]}",13638
1k727,音乐,727,第4轮,学生时代那种,music_song_search,"{""retext"": ""学生时代那种"", ""tag"": [""民谣""]}",13639
1k727,音乐,727,第5轮,男的唱的有吗,music_song_search,"{""retext"": ""男的唱的有吗"", ""tag"": [""民谣""]}",13640
1k728,音乐,728,第1轮,放点钢琴曲,music_song_search,"{""retext"": ""放点钢琴曲"", ""tag"": [""钢琴曲""]}",13641
1k728,音乐,728,第2轮,最新的有没有,music_song_search,"{""retext"": ""最新的有没有"", ""toplist"": [""新歌""], ""tag"": [""钢琴曲""]}",13642
1k728,音乐,728,第3轮,女的唱的,music_song_search,"{""retext"": ""女的唱的"", ""tag"": [""钢琴曲""]}",13643
1k728,音乐,728,第4轮,舒缓一点的,music_song_search,"{""retext"": ""舒缓一点的"", ""tag"": [""钢琴曲"", ""舒缓""]}",13644
1k728,音乐,728,第5轮,要节奏快的,music_song_search,"{""retext"": ""要节奏快的"", ""tag"": [""钢琴曲"", ""节奏感强""]}",13645
1k729,音乐,729,第1轮,想听粤语老歌,music_song_search,"{""retext"": ""想听粤语老歌"", ""tag"": [""粤语老歌""]}",13646
1k729,音乐,729,第2轮,八九十年代,music_song_search,"{""retext"": ""八九十年代"", ""tag"": [""粤语老歌""]}",13647
1k729,音乐,729,第3轮,八九十年代的,music_song_search,"{""retext"": ""八九十年代的"", ""tag"": [""粤语老歌""]}",13648
1k729,音乐,729,第4轮,经典,music_song_search,"{""retext"": ""经典"", ""tag"": [""粤语老歌"", ""经典""]}",13649
1k729,音乐,729,第5轮,最经典那种,music_song_search,"{""retext"": ""最经典那种"", ""tag"": [""粤语老歌"", ""经典""]}",13650
1k730,音乐,730,第1轮,有古典音乐吗,music_song_search,"{""retext"": ""有古典音乐吗"", ""tag"": [""古典""]}",13651
1k730,音乐,730,第2轮,第一首开始,music_song_search,"{""retext"": ""第一首开始"", ""tag"": [""古典""]}",13652
1k730,音乐,730,第3轮,音质好那种,music_song_search,"{""retext"": ""音质好那种"", ""tag"": [""古典"", ""高音质""]}",13653
1k730,音乐,730,第4轮,免费的有吗,music_song_search,"{""retext"": ""免费的有吗"", ""version"": [""免费版""], ""tag"": [""古典""]}",13654
1k730,音乐,730,第5轮,交响版,music_song_search,"{""retext"": ""交响版"", ""tag"": [""古典""]}",13655
1k731,音乐,731,第1轮,给我放说唱,music_song_search,"{""retext"": ""给我放说唱"", ""tag"": [""说唱""]}",13656
1k731,音乐,731,第2轮,中文那种,music_song_search,"{""retext"": ""中文那种"", ""tag"": [""说唱""]}",13657
1k731,音乐,731,第3轮,免费的,music_song_search,"{""retext"": ""免费的"", ""version"": [""免费版""], ""tag"": [""说唱""]}",13658
1k731,音乐,731,第4轮,带感的,music_song_search,"{""retext"": ""带感的"", ""tag"": [""说唱""]}",13659
1k731,音乐,731,第5轮,最近那种,music_song_search,"{""retext"": ""最近那种"", ""tag"": [""说唱""]}",13660
1k732,音乐,732,第1轮,推荐几首跑步听的歌,music_song_search,"{""retext"": ""推荐几首跑步听的歌"", ""tag"": [""流行""]}",13661
1k732,音乐,732,第2轮,动感那种,music_song_search,"{""retext"": ""动感那种"", ""tag"": [""流行""]}",13662
1k732,音乐,732,第3轮,带感的,music_song_search,"{""retext"": ""带感的"", ""tag"": [""流行""]}",13663
1k732,音乐,732,第4轮,英文的,music_song_search,"{""retext"": ""英文的"", ""tag"": [""流行"", ""英语""]}",13664
1k732,音乐,732,第5轮,不花钱的渠道的那种,music_song_search,"{""retext"": ""不花钱的渠道的那种"", ""version"": [""免费版""], ""tag"": [""流行""]}",13665
1k733,音乐,733,第1轮,播放《孤勇者》,music_song_search,"{""retext"": ""播放《孤勇者》"", ""song"": [""孤勇者""]}",13666
1k733,音乐,733,第2轮,原唱那种,music_song_search,"{""retext"": ""原唱那种"", ""song"": [""孤勇者""]}",13667
1k733,音乐,733,第3轮,要原版,music_song_search,"{""retext"": ""要原版"", ""song"": [""孤勇者""]}",13668
1k733,音乐,733,第4轮,最高音质,music_song_search,"{""retext"": ""最高音质"", ""song"": [""孤勇者""]}",13669
1k733,音乐,733,第5轮,不收费的有吗,music_song_search,"{""retext"": ""不收费的有吗"", ""song"": [""孤勇者""]}",13670
1k734,音乐,734,第1轮,推荐几首爵士乐,music_song_search,"{""retext"": ""推荐几首爵士乐"", ""tag"": [""爵士""]}",13671
1k734,音乐,734,第2轮,最新那种,music_song_search,"{""retext"": ""最新那种"", ""toplist"": [""新歌""], ""tag"": [""爵士""]}",13672
1k734,音乐,734,第3轮,最新的,music_song_search,"{""retext"": ""最新的"", ""toplist"": [""新歌""], ""tag"": [""爵士""]}",13673
1k734,音乐,734,第4轮,录音室版有吗,music_song_search,"{""retext"": ""录音室版有吗"", ""tag"": [""爵士""]}",13674
1k734,音乐,734,第5轮,要收费吗,music_song_search,"{""retext"": ""要收费吗"", ""tag"": [""爵士""]}",13675
1k735,音乐,735,第1轮,有没有周杰伦的歌,music_song_search,"{""retext"": ""有没有周杰伦的歌"", ""singer"": [""周杰伦""]}",13676
1k735,音乐,735,第2轮,音质好的,music_song_search,"{""retext"": ""音质好的"", ""singer"": [""周杰伦""]}",13677
1k735,音乐,735,第3轮,最新那种,music_song_search,"{""retext"": ""最新那种"", ""singer"": [""周杰伦""], ""toplist"": [""新歌""]}",13678
1k735,音乐,735,第4轮,音质好那种,music_song_search,"{""retext"": ""音质好那种"", ""singer"": [""周杰伦""]}",13679
1k735,音乐,735,第5轮,最新的有没有的那种,music_song_search,"{""retext"": ""最新的有没有的那种"", ""singer"": [""周杰伦""], ""toplist"": [""新歌""]}",13680
1k736,音乐,736,第1轮,放点林俊杰的歌,music_song_search,"{""retext"": ""放点林俊杰的歌"", ""singer"": [""林俊杰""]}",13681
1k736,音乐,736,第2轮,最新的有吗,music_song_search,"{""retext"": ""最新的有吗"", ""singer"": [""林俊杰""], ""toplist"": [""新歌""]}",13682
1k736,音乐,736,第3轮,最有名的那首,music_song_search,"{""retext"": ""最有名的那首"", ""singer"": [""林俊杰""], ""tag"": [""经典""]}",13683
1k736,音乐,736,第4轮,最新那种,music_song_search,"{""retext"": ""最新那种"", ""singer"": [""林俊杰""], ""toplist"": [""新歌""]}",13684
1k736,音乐,736,第5轮,音质好那种,music_song_search,"{""retext"": ""音质好那种"", ""singer"": [""林俊杰""]}",13685
1k737,音乐,737,第1轮,给我放邓紫棋的歌,music_song_search,"{""retext"": ""给我放邓紫棋的歌"", ""singer"": [""邓紫棋""]}",13686
1k737,音乐,737,第2轮,音质好点的,music_song_search,"{""retext"": ""音质好点的"", ""singer"": [""邓紫棋""]}",13687
1k737,音乐,737,第3轮,不收费的,music_song_search,"{""retext"": ""不收费的"", ""singer"": [""邓紫棋""]}",13688
1k737,音乐,737,第4轮,高音质,music_song_search,"{""retext"": ""高音质"", ""singer"": [""邓紫棋""]}",13689
1k737,音乐,737,第5轮,最新的有没有,music_song_search,"{""retext"": ""最新的有没有"", ""singer"": [""邓紫棋""], ""toplist"": [""新歌""]}",13690
1k738,音乐,738,第1轮,想听张学友的歌,music_song_search,"{""retext"": ""想听张学友的歌"", ""singer"": [""张学友""]}",13691
1k738,音乐,738,第2轮,最有名的那首吧,music_song_search,"{""retext"": ""最有名的那首吧"", ""singer"": [""张学友""], ""tag"": [""经典""]}",13692
1k738,音乐,738,第3轮,换成 别的歌手 的吧,music_song_search,"{""retext"": ""换成 别的歌手 的吧""}",13693
1k738,音乐,738,第4轮,最有名的那首,music_song_search,"{""retext"": ""最有名的那首"", ""singer"": [""张学友""], ""tag"": [""经典""]}",13694
1k738,音乐,738,第5轮,最火的那首,music_song_search,"{""retext"": ""最火的那首"", ""singer"": [""张学友""]}",13695
1k739,音乐,739,第1轮,有王菲的歌吗,music_song_search,"{""retext"": ""有王菲的歌吗"", ""singer"": [""王菲""]}",13696
1k739,音乐,739,第2轮,有现场版吗,music_song_search,"{""retext"": ""有现场版吗"", ""singer"": [""王菲""], ""version"": [""现场版""]}",13697
1k739,音乐,739,第3轮,音质好点的,music_song_search,"{""retext"": ""音质好点的"", ""singer"": [""王菲""]}",13698
1k739,音乐,739,第4轮,音质好的,music_song_search,"{""retext"": ""音质好的"", ""singer"": [""王菲""]}",13699
1k739,音乐,739,第5轮,最新的有没有,music_song_search,"{""retext"": ""最新的有没有"", ""singer"": [""王菲""], ""toplist"": [""新歌""]}",13700
1k740,音乐,740,第1轮,放点陈奕迅的歌,music_song_search,"{""retext"": ""放点陈奕迅的歌"", ""singer"": [""陈奕迅""]}",13701
1k740,音乐,740,第2轮,最火的那首,music_song_search,"{""retext"": ""最火的那首"", ""singer"": [""陈奕迅""]}",13702
1k740,音乐,740,第3轮,新歌,music_song_search,"{""retext"": ""新歌"", ""singer"": [""陈奕迅""], ""toplist"": [""新歌""]}",13703
1k740,音乐,740,第4轮,高音质,music_song_search,"{""retext"": ""高音质"", ""singer"": [""陈奕迅""]}",13704
1k740,音乐,740,第5轮,不收费的,music_song_search,"{""retext"": ""不收费的"", ""singer"": [""陈奕迅""]}",13705
1k741,音乐,741,第1轮,推荐几首李荣浩的歌,music_song_search,"{""retext"": ""推荐几首李荣浩的歌"", ""singer"": [""李荣浩""]}",13706
1k741,音乐,741,第2轮,音质好那种,music_song_search,"{""retext"": ""音质好那种"", ""singer"": [""李荣浩""]}",13707
1k741,音乐,741,第3轮,免费能听的,music_song_search,"{""retext"": ""免费能听的"", ""singer"": [""李荣浩""], ""version"": [""免费版""]}",13708
1k741,音乐,741,第4轮,最经典那首,music_song_search,"{""retext"": ""最经典那首"", ""singer"": [""李荣浩""], ""tag"": [""经典""]}",13709
1k741,音乐,741,第5轮,最有名的那首吧,music_song_search,"{""retext"": ""最有名的那首吧"", ""singer"": [""李荣浩""], ""tag"": [""经典""]}",13710
1k742,音乐,742,第1轮,有毛不易的歌吗,music_song_search,"{""retext"": ""有毛不易的歌吗"", ""singer"": [""毛不易""]}",13711
1k742,音乐,742,第2轮,不要会员能听的,music_song_search,"{""retext"": ""不要会员能听的"", ""singer"": [""毛不易""]}",13712
1k742,音乐,742,第3轮,最有名的那首吧,music_song_search,"{""retext"": ""最有名的那首吧"", ""singer"": [""毛不易""], ""tag"": [""经典""]}",13713
1k742,音乐,742,第4轮,音质好的,music_song_search,"{""retext"": ""音质好的"", ""singer"": [""毛不易""]}",13714
1k742,音乐,742,第5轮,音质好那种,music_song_search,"{""retext"": ""音质好那种"", ""singer"": [""毛不易""]}",13715
1k743,音乐,743,第1轮,放点张靓颖的歌,music_song_search,"{""retext"": ""放点张靓颖的歌"", ""singer"": [""张靓颖""]}",13716
1k743,音乐,743,第2轮,最新的有没有,music_song_search,"{""retext"": ""最新的有没有"", ""singer"": [""张靓颖""], ""toplist"": [""新歌""]}",13717
1k743,音乐,743,第3轮,音质好的,music_song_search,"{""retext"": ""音质好的"", ""singer"": [""张靓颖""]}",13718
1k743,音乐,743,第4轮,换成 别的歌手 的吧,music_song_search,"{""retext"": ""换成 别的歌手 的吧""}",13719
1k743,音乐,743,第5轮,高音质,music_song_search,"{""retext"": ""高音质"", ""singer"": [""张靓颖""]}",13720
1k744,音乐,744,第1轮,来点五月天的歌,music_song_search,"{""retext"": ""来点五月天的歌"", ""singer"": [""五月天""]}",13721
1k744,音乐,744,第2轮,不要会员能听的,music_song_search,"{""retext"": ""不要会员能听的"", ""singer"": [""五月天""]}",13722
1k744,音乐,744,第3轮,最有名的那首吧,music_song_search,"{""retext"": ""最有名的那首吧"", ""singer"": [""五月天""], ""tag"": [""经典""]}",13723
1k744,音乐,744,第4轮,音质好的,music_song_search,"{""retext"": ""音质好的"", ""singer"": [""五月天""]}",13724
1k744,音乐,744,第5轮,免费听的有没有,music_song_search,"{""retext"": ""免费听的有没有"", ""singer"": [""五月天""], ""version"": [""免费版""]}",13725
1k745,音乐,745,第1轮,有Taylor Swift的歌吗,music_song_search,"{""retext"": ""有Taylor Swift的歌吗"", ""singer"": [""Taylor Swift""]}",13726
1k745,音乐,745,第2轮,最有名的那首,music_song_search,"{""retext"": ""最有名的那首"", ""singer"": [""Taylor Swift""], ""tag"": [""经典""]}",13727
1k745,音乐,745,第3轮,免费的能听吗,music_song_search,"{""retext"": ""免费的能听吗"", ""singer"": [""Taylor Swift""], ""version"": [""免费版""]}",13728
1k745,音乐,745,第4轮,不要会员能听的,music_song_search,"{""retext"": ""不要会员能听的"", ""singer"": [""Taylor Swift""]}",13729
1k745,音乐,745,第5轮,有现场版吗,music_song_search,"{""retext"": ""有现场版吗"", ""singer"": [""Taylor Swift""], ""version"": [""现场版""]}",13730
1k746,音乐,746,第1轮,放点流行音乐,music_song_search,"{""retext"": ""放点流行音乐"", ""tag"": [""流行""]}",13731
1k746,音乐,746,第2轮,最新那种,music_song_search,"{""retext"": ""最新那种"", ""toplist"": [""新歌""], ""tag"": [""流行""]}",13732
1k746,音乐,746,第3轮,音质高点的,music_song_search,"{""retext"": ""音质高点的"", ""tag"": [""流行"", ""高音质""]}",13733
1k746,音乐,746,第4轮,男生唱的,music_song_search,"{""retext"": ""男生唱的"", ""tag"": [""流行""]}",13734
1k746,音乐,746,第5轮,不收费的,music_song_search,"{""retext"": ""不收费的"", ""tag"": [""流行""]}",13735
1k747,音乐,747,第1轮,找点摇滚音乐,music_song_search,"{""retext"": ""找点摇滚音乐"", ""tag"": [""摇滚""]}",13736
1k747,音乐,747,第2轮,女的唱的,music_song_search,"{""retext"": ""女的唱的"", ""tag"": [""摇滚""]}",13737
1k747,音乐,747,第3轮,音质高点的,music_song_search,"{""retext"": ""音质高点的"", ""tag"": [""摇滚"", ""高音质""]}",13738
1k747,音乐,747,第4轮,要华语那种,music_song_search,"{""retext"": ""要华语那种"", ""tag"": [""摇滚"", ""华语""]}",13739
1k747,音乐,747,第5轮,最新那种,music_song_search,"{""retext"": ""最新那种"", ""toplist"": [""新歌""], ""tag"": [""摇滚""]}",13740
1k748,音乐,748,第1轮,给我放民谣音乐,music_song_search,"{""retext"": ""给我放民谣音乐"", ""tag"": [""民谣""]}",13741
1k748,音乐,748,第2轮,最新的,music_song_search,"{""retext"": ""最新的"", ""toplist"": [""新歌""], ""tag"": [""民谣""]}",13742
1k748,音乐,748,第3轮,最新的有吗,music_song_search,"{""retext"": ""最新的有吗"", ""toplist"": [""新歌""], ""tag"": [""民谣""]}",13743
1k748,音乐,748,第4轮,男歌手唱的,music_song_search,"{""retext"": ""男歌手唱的"", ""gender"": [""男""], ""tag"": [""民谣""]}",13744
1k748,音乐,748,第5轮,高音质那种,music_song_search,"{""retext"": ""高音质那种"", ""tag"": [""民谣"", ""高音质""]}",13745
1k749,音乐,749,第1轮,放点民谣,music_song_search,"{""retext"": ""放点民谣"", ""tag"": [""民谣""]}",13746
1k749,音乐,749,第2轮,新歌,music_song_search,"{""retext"": ""新歌"", ""toplist"": [""新歌""], ""tag"": [""民谣""]}",13747
1k749,音乐,749,第3轮,舒缓的,music_song_search,"{""retext"": ""舒缓的"", ""tag"": [""民谣"", ""舒缓""]}",13748
1k749,音乐,749,第4轮,华语的,music_song_search,"{""retext"": ""华语的"", ""tag"": [""民谣"", ""华语""]}",13749
1k749,音乐,749,第5轮,最新的有没有,music_song_search,"{""retext"": ""最新的有没有"", ""toplist"": [""新歌""], ""tag"": [""民谣""]}",13750
1k750,音乐,750,第1轮,来点爵士音乐,music_song_search,"{""retext"": ""来点爵士音乐"", ""tag"": [""爵士""]}",13751
1k750,音乐,750,第2轮,新歌,music_song_search,"{""retext"": ""新歌"", ""toplist"": [""新歌""], ""tag"": [""爵士""]}",13752
1k750,音乐,750,第3轮,节奏感强,music_song_search,"{""retext"": ""节奏感强"", ""tag"": [""爵士"", ""节奏感强""]}",13753
1k750,音乐,750,第4轮,要女生唱的,music_song_search,"{""retext"": ""要女生唱的"", ""tag"": [""爵士""]}",13754
1k750,音乐,750,第5轮,华语那种,music_song_search,"{""retext"": ""华语那种"", ""tag"": [""爵士"", ""华语""]}",13755
1k751,音乐,751,第1轮,找点古典音乐,music_song_search,"{""retext"": ""找点古典音乐"", ""tag"": [""古典""]}",13756
1k751,音乐,751,第2轮,不收费的,music_song_search,"{""retext"": ""不收费的"", ""tag"": [""古典""]}",13757
1k751,音乐,751,第3轮,要男歌手的,music_song_search,"{""retext"": ""要男歌手的"", ""gender"": [""男""], ""tag"": [""古典""]}",13758
1k751,音乐,751,第4轮,女生唱的,music_song_search,"{""retext"": ""女生唱的"", ""tag"": [""古典""]}",13759
1k751,音乐,751,第5轮,华语的,music_song_search,"{""retext"": ""华语的"", ""tag"": [""古典"", ""华语""]}",13760
1k752,音乐,752,第1轮,有没有古典,music_song_search,"{""retext"": ""有没有古典"", ""tag"": [""古典""]}",13761
1k752,音乐,752,第2轮,柔和那种,music_song_search,"{""retext"": ""柔和那种"", ""tag"": [""古典""]}",13762
1k752,音乐,752,第3轮,节奏快的,music_song_search,"{""retext"": ""节奏快的"", ""tag"": [""古典"", ""节奏感强""]}",13763
1k752,音乐,752,第4轮,新歌,music_song_search,"{""retext"": ""新歌"", ""toplist"": [""新歌""], ""tag"": [""古典""]}",13764
1k752,音乐,752,第5轮,女歌手唱的,music_song_search,"{""retext"": ""女歌手唱的"", ""gender"": [""女""], ""tag"": [""古典""]}",13765
1k753,音乐,753,第1轮,有没有电子音乐,music_song_search,"{""retext"": ""有没有电子音乐"", ""tag"": [""电子""]}",13766
1k753,音乐,753,第2轮,柔和那种,music_song_search,"{""retext"": ""柔和那种"", ""tag"": [""电子""]}",13767
1k753,音乐,753,第3轮,音质高点的,music_song_search,"{""retext"": ""音质高点的"", ""tag"": [""电子"", ""高音质""]}",13768
1k753,音乐,753,第4轮,免费的能听吗,music_song_search,"{""retext"": ""免费的能听吗"", ""version"": [""免费版""], ""tag"": [""电子""]}",13769
1k753,音乐,753,第5轮,最新的,music_song_search,"{""retext"": ""最新的"", ""toplist"": [""新歌""], ""tag"": [""电子""]}",13770
1k754,音乐,754,第1轮,想听电子,music_song_search,"{""retext"": ""想听电子"", ""tag"": [""电子""]}",13771
1k754,音乐,754,第2轮,华语的,music_song_search,"{""retext"": ""华语的"", ""tag"": [""电子"", ""华语""]}",13772
1k754,音乐,754,第3轮,女的唱的,music_song_search,"{""retext"": ""女的唱的"", ""tag"": [""电子""]}",13773
1k754,音乐,754,第4轮,免费能听的,music_song_search,"{""retext"": ""免费能听的"", ""version"": [""免费版""], ""tag"": [""电子""]}",13774
1k754,音乐,754,第5轮,女生唱的,music_song_search,"{""retext"": ""女生唱的"", ""tag"": [""电子""]}",13775
1k755,音乐,755,第1轮,有没有说唱音乐,music_song_search,"{""retext"": ""有没有说唱音乐"", ""tag"": [""说唱""]}",13776
1k755,音乐,755,第2轮,不花钱能听的,music_song_search,"{""retext"": ""不花钱能听的"", ""version"": [""免费版""], ""tag"": [""说唱""]}",13777
1k755,音乐,755,第3轮,免费听的有没有,music_song_search,"{""retext"": ""免费听的有没有"", ""version"": [""免费版""], ""tag"": [""说唱""]}",13778
1k755,音乐,755,第4轮,男生唱的,music_song_search,"{""retext"": ""男生唱的"", ""tag"": [""说唱""]}",13779
1k755,音乐,755,第5轮,舒缓的,music_song_search,"{""retext"": ""舒缓的"", ""tag"": [""说唱"", ""舒缓""]}",13780
1k756,音乐,756,第1轮,来点乡村音乐,music_song_search,"{""retext"": ""来点乡村音乐"", ""tag"": [""乡村""]}",13781
1k756,音乐,756,第2轮,最新的,music_song_search,"{""retext"": ""最新的"", ""toplist"": [""新歌""], ""tag"": [""乡村""]}",13782
1k756,音乐,756,第3轮,节奏感强的,music_song_search,"{""retext"": ""节奏感强的"", ""tag"": [""乡村"", ""节奏感强""]}",13783
1k756,音乐,756,第4轮,中文流行,music_song_search,"{""retext"": ""中文流行"", ""tag"": [""乡村""]}",13784
1k756,音乐,756,第5轮,要免费的能听吗,music_song_search,"{""retext"": ""要免费的能听吗"", ""version"": [""免费版""], ""tag"": [""乡村""]}",13785
1k757,音乐,757,第1轮,找点乡村,music_song_search,"{""retext"": ""找点乡村"", ""tag"": [""乡村""]}",13786
1k757,音乐,757,第2轮,中文流行,music_song_search,"{""retext"": ""中文流行"", ""tag"": [""乡村""]}",13787
1k757,音乐,757,第3轮,华语的,music_song_search,"{""retext"": ""华语的"", ""tag"": [""乡村"", ""华语""]}",13788
1k757,音乐,757,第4轮,免费能听的,music_song_search,"{""retext"": ""免费能听的"", ""version"": [""免费版""], ""tag"": [""乡村""]}",13789
1k757,音乐,757,第5轮,男的唱的,music_song_search,"{""retext"": ""男的唱的"", ""tag"": [""乡村""]}",13790
1k758,音乐,758,第1轮,有蓝调吗,music_song_search,"{""retext"": ""有蓝调吗"", ""tag"": [""蓝调""]}",13791
1k758,音乐,758,第2轮,免费听的有没有,music_song_search,"{""retext"": ""免费听的有没有"", ""version"": [""免费版""], ""tag"": [""蓝调""]}",13792
1k758,音乐,758,第3轮,音质高点的,music_song_search,"{""retext"": ""音质高点的"", ""tag"": [""蓝调"", ""高音质""]}",13793
1k758,音乐,758,第4轮,舒缓的,music_song_search,"{""retext"": ""舒缓的"", ""tag"": [""蓝调"", ""舒缓""]}",13794
1k758,音乐,758,第5轮,高音质的,music_song_search,"{""retext"": ""高音质的"", ""tag"": [""蓝调"", ""高音质""]}",13795
1k759,音乐,759,第1轮,放点轻音乐,music_song_search,"{""retext"": ""放点轻音乐"", ""tag"": [""轻音乐""]}",13796
1k759,音乐,759,第2轮,男生唱的,music_song_search,"{""retext"": ""男生唱的"", ""tag"": [""轻音乐""]}",13797
1k759,音乐,759,第3轮,音质高点的,music_song_search,"{""retext"": ""音质高点的"", ""tag"": [""轻音乐"", ""高音质""]}",13798
1k759,音乐,759,第4轮,舒缓的,music_song_search,"{""retext"": ""舒缓的"", ""tag"": [""轻音乐"", ""舒缓""]}",13799
1k759,音乐,759,第5轮,高音质那种,music_song_search,"{""retext"": ""高音质那种"", ""tag"": [""轻音乐"", ""高音质""]}",13800
1k760,音乐,760,第1轮,来点钢琴曲,music_song_search,"{""retext"": ""来点钢琴曲"", ""tag"": [""钢琴曲""]}",13801
1k760,音乐,760,第2轮,男歌手的,music_song_search,"{""retext"": ""男歌手的"", ""gender"": [""男""], ""tag"": [""钢琴曲""]}",13802
1k760,音乐,760,第3轮,柔和那种,music_song_search,"{""retext"": ""柔和那种"", ""tag"": [""钢琴曲""]}",13803
1k760,音乐,760,第4轮,节奏感强,music_song_search,"{""retext"": ""节奏感强"", ""tag"": [""钢琴曲"", ""节奏感强""]}",13804
1k760,音乐,760,第5轮,要高音质那种,music_song_search,"{""retext"": ""要高音质那种"", ""tag"": [""钢琴曲"", ""高音质""]}",13805
1k761,音乐,761,第1轮,推荐几首纯音乐,music_song_search,"{""retext"": ""推荐几首纯音乐"", ""tag"": [""纯音乐""]}",13806
1k761,音乐,761,第2轮,中文流行,music_song_search,"{""retext"": ""中文流行"", ""tag"": [""纯音乐""]}",13807
1k761,音乐,761,第3轮,女生唱的,music_song_search,"{""retext"": ""女生唱的"", ""tag"": [""纯音乐""]}",13808
1k761,音乐,761,第4轮,音质高一点的,music_song_search,"{""retext"": ""音质高一点的"", ""tag"": [""纯音乐"", ""高音质""]}",13809
1k761,音乐,761,第5轮,轻柔点的,music_song_search,"{""retext"": ""轻柔点的"", ""tag"": [""纯音乐""]}",13810
1k762,音乐,762,第1轮,放点纯音乐,music_song_search,"{""retext"": ""放点纯音乐"", ""tag"": [""纯音乐""]}",13811
1k762,音乐,762,第2轮,舒缓的,music_song_search,"{""retext"": ""舒缓的"", ""tag"": [""纯音乐"", ""舒缓""]}",13812
1k762,音乐,762,第3轮,女歌手的,music_song_search,"{""retext"": ""女歌手的"", ""gender"": [""女""], ""tag"": [""纯音乐""]}",13813
1k762,音乐,762,第4轮,华语那种,music_song_search,"{""retext"": ""华语那种"", ""tag"": [""纯音乐"", ""华语""]}",13814
1k762,音乐,762,第5轮,免费的能听吗,music_song_search,"{""retext"": ""免费的能听吗"", ""version"": [""免费版""], ""tag"": [""纯音乐""]}",13815
1k763,音乐,763,第1轮,放点儿歌,music_song_search,"{""retext"": ""放点儿歌"", ""tag"": [""儿童歌曲""]}",13816
1k763,音乐,763,第2轮,舒缓一点的,music_song_search,"{""retext"": ""舒缓一点的"", ""tag"": [""儿童歌曲"", ""舒缓""]}",13817
1k763,音乐,763,第3轮,高音质那种,music_song_search,"{""retext"": ""高音质那种"", ""tag"": [""儿童歌曲"", ""高音质""]}",13818
1k763,音乐,763,第4轮,男生唱的,music_song_search,"{""retext"": ""男生唱的"", ""tag"": [""儿童歌曲""]}",13819
1k763,音乐,763,第5轮,带感的,music_song_search,"{""retext"": ""带感的"", ""tag"": [""儿童歌曲""]}",13820
1k764,音乐,764,第1轮,播放《晴天》,music_song_search,"{""retext"": ""播放《晴天》"", ""song"": [""晴天""]}",13821
1k764,音乐,764,第2轮,不收费的有吗,music_song_search,"{""retext"": ""不收费的有吗"", ""song"": [""晴天""]}",13822
1k764,音乐,764,第3轮,重复播放,music_song_search,"{""retext"": ""重复播放"", ""song"": [""晴天""]}",13823
1k764,音乐,764,第4轮,音质拉满,music_song_search,"{""retext"": ""音质拉满"", ""song"": [""晴天""]}",13824
1k764,音乐,764,第5轮,换成《别的歌》吧,music_song_search,"{""retext"": ""换成《别的歌》吧"", ""song"": [""别的歌""]}",13825
1k765,音乐,765,第1轮,播放《稻香》,music_song_search,"{""retext"": ""播放《稻香》"", ""song"": [""稻香""]}",13826
1k765,音乐,765,第2轮,换一个版本,music_song_search,"{""retext"": ""换一个版本"", ""song"": [""稻香""], ""version"": [""其他版本""]}",13827
1k765,音乐,765,第3轮,免费的,music_song_search,"{""retext"": ""免费的"", ""song"": [""稻香""], ""version"": [""免费版""]}",13828
1k765,音乐,765,第4轮,原唱的那版,music_song_search,"{""retext"": ""原唱的那版"", ""song"": [""稻香""]}",13829
1k765,音乐,765,第5轮,音质最高,music_song_search,"{""retext"": ""音质最高"", ""song"": [""稻香""]}",13830
1k766,音乐,766,第1轮,播放《起风了》,music_song_search,"{""retext"": ""播放《起风了》"", ""song"": [""起风了""]}",13831
1k766,音乐,766,第2轮,最高音质,music_song_search,"{""retext"": ""最高音质"", ""song"": [""起风了""]}",13832
1k766,音乐,766,第3轮,免费的,music_song_search,"{""retext"": ""免费的"", ""song"": [""起风了""], ""version"": [""免费版""]}",13833
1k766,音乐,766,第4轮,原版的那种,music_song_search,"{""retext"": ""原版的那种"", ""song"": [""起风了""]}",13834
1k766,音乐,766,第5轮,换一个版本,music_song_search,"{""retext"": ""换一个版本"", ""song"": [""起风了""], ""version"": [""其他版本""]}",13835
1k767,音乐,767,第1轮,播放《大鱼》,music_song_search,"{""retext"": ""播放《大鱼》"", ""song"": [""大鱼""]}",13836
1k767,音乐,767,第2轮,要循环放,music_song_search,"{""retext"": ""要循环放"", ""song"": [""大鱼""]}",13837
1k767,音乐,767,第3轮,换个版本,music_song_search,"{""retext"": ""换个版本"", ""song"": [""大鱼""], ""version"": [""其他版本""]}",13838
1k767,音乐,767,第4轮,免费的有吗,music_song_search,"{""retext"": ""免费的有吗"", ""song"": [""大鱼""], ""version"": [""免费版""]}",13839
1k767,音乐,767,第5轮,免费的,music_song_search,"{""retext"": ""免费的"", ""song"": [""大鱼""], ""version"": [""免费版""]}",13840
1k768,音乐,768,第1轮,播放《光年之外》,music_song_search,"{""retext"": ""播放《光年之外》"", ""song"": [""光年之外""]}",13841
1k768,音乐,768,第2轮,别的版本,music_song_search,"{""retext"": ""别的版本"", ""song"": [""光年之外""], ""version"": [""其他版本""]}",13842
1k768,音乐,768,第3轮,原唱版,music_song_search,"{""retext"": ""原唱版"", ""song"": [""光年之外""]}",13843
1k768,音乐,768,第4轮,不收费的有吗,music_song_search,"{""retext"": ""不收费的有吗"", ""song"": [""光年之外""]}",13844
1k768,音乐,768,第5轮,循环放,music_song_search,"{""retext"": ""循环放"", ""song"": [""光年之外""]}",13845
1k769,音乐,769,第1轮,播放《泡沫》,music_song_search,"{""retext"": ""播放《泡沫》"", ""song"": [""泡沫""]}",13846
1k769,音乐,769,第2轮,音质调到最高,music_song_search,"{""retext"": ""音质调到最高"", ""song"": [""泡沫""]}",13847
1k769,音乐,769,第3轮,原唱版,music_song_search,"{""retext"": ""原唱版"", ""song"": [""泡沫""]}",13848
1k769,音乐,769,第4轮,原唱的那版,music_song_search,"{""retext"": ""原唱的那版"", ""song"": [""泡沫""]}",13849
1k769,音乐,769,第5轮,循环播放,music_song_search,"{""retext"": ""循环播放"", ""song"": [""泡沫""]}",13850
1k770,音乐,770,第1轮,播放《成都》,music_song_search,"{""retext"": ""播放《成都》"", ""song"": [""成都""]}",13851
1k770,音乐,770,第2轮,换一个版本,music_song_search,"{""retext"": ""换一个版本"", ""song"": [""成都""], ""version"": [""其他版本""]}",13852
1k770,音乐,770,第3轮,别的版本,music_song_search,"{""retext"": ""别的版本"", ""song"": [""成都""], ""version"": [""其他版本""]}",13853
1k770,音乐,770,第4轮,重复播放,music_song_search,"{""retext"": ""重复播放"", ""song"": [""成都""]}",13854
1k770,音乐,770,第5轮,免费的,music_song_search,"{""retext"": ""免费的"", ""song"": [""成都""], ""version"": [""免费版""]}",13855
1k771,音乐,771,第1轮,播放《海阔天空》,music_song_search,"{""retext"": ""播放《海阔天空》"", ""song"": [""海阔天空""]}",13856
1k771,音乐,771,第2轮,换一个版本,music_song_search,"{""retext"": ""换一个版本"", ""song"": [""海阔天空""], ""version"": [""其他版本""]}",13857
1k771,音乐,771,第3轮,要免费的有没有,music_song_search,"{""retext"": ""要免费的有没有"", ""song"": [""海阔天空""], ""version"": [""免费版""]}",13858
1k771,音乐,771,第4轮,原唱版,music_song_search,"{""retext"": ""原唱版"", ""song"": [""海阔天空""]}",13859
1k771,音乐,771,第5轮,免费的有吗,music_song_search,"{""retext"": ""免费的有吗"", ""song"": [""海阔天空""], ""version"": [""免费版""]}",13860
1k772,音乐,772,第1轮,播放《七里香》,music_song_search,"{""retext"": ""播放《七里香》"", ""song"": [""七里香""]}",13861
1k772,音乐,772,第2轮,不收费的有吗,music_song_search,"{""retext"": ""不收费的有吗"", ""song"": [""七里香""]}",13862
1k772,音乐,772,第3轮,另一版,music_song_search,"{""retext"": ""另一版"", ""song"": [""七里香""]}",13863
1k772,音乐,772,第4轮,原唱那种,music_song_search,"{""retext"": ""原唱那种"", ""song"": [""七里香""]}",13864
1k772,音乐,772,第5轮,单曲循环,music_song_search,"{""retext"": ""单曲循环"", ""song"": [""七里香""]}",13865
1k773,音乐,773,第1轮,播放《告白气球》,music_song_search,"{""retext"": ""播放《告白气球》"", ""song"": [""告白气球""]}",13866
1k773,音乐,773,第2轮,别的版本,music_song_search,"{""retext"": ""别的版本"", ""song"": [""告白气球""], ""version"": [""其他版本""]}",13867
1k773,音乐,773,第3轮,换成《别的歌》吧,music_song_search,"{""retext"": ""换成《别的歌》吧"", ""song"": [""别的歌""]}",13868
1k773,音乐,773,第4轮,音质调到最高,music_song_search,"{""retext"": ""音质调到最高"", ""song"": [""告白气球""]}",13869
1k773,音乐,773,第5轮,另一版,music_song_search,"{""retext"": ""另一版"", ""song"": [""告白气球""]}",13870
1k774,音乐,774,第1轮,播放《消愁》,music_song_search,"{""retext"": ""播放《消愁》"", ""song"": [""消愁""]}",13871
1k774,音乐,774,第2轮,有现场版吗,music_song_search,"{""retext"": ""有现场版吗"", ""song"": [""消愁""], ""version"": [""现场版""]}",13872
1k774,音乐,774,第3轮,音质拉满,music_song_search,"{""retext"": ""音质拉满"", ""song"": [""消愁""]}",13873
1k774,音乐,774,第4轮,别的版本,music_song_search,"{""retext"": ""别的版本"", ""song"": [""消愁""], ""version"": [""其他版本""]}",13874
1k774,音乐,774,第5轮,循环放,music_song_search,"{""retext"": ""循环放"", ""song"": [""消愁""]}",13875
1k775,音乐,775,第1轮,播放《平凡之路》,music_song_search,"{""retext"": ""播放《平凡之路》"", ""song"": [""平凡之路""]}",13876
1k775,音乐,775,第2轮,原版,music_song_search,"{""retext"": ""原版"", ""song"": [""平凡之路""]}",13877
1k775,音乐,775,第3轮,别的版本,music_song_search,"{""retext"": ""别的版本"", ""song"": [""平凡之路""], ""version"": [""其他版本""]}",13878
1k775,音乐,775,第4轮,换一个版本,music_song_search,"{""retext"": ""换一个版本"", ""song"": [""平凡之路""], ""version"": [""其他版本""]}",13879
1k775,音乐,775,第5轮,换成《别的歌》吧,music_song_search,"{""retext"": ""换成《别的歌》吧"", ""song"": [""别的歌""]}",13880
1k776,音乐,776,第1轮,播放《乌梅子酱》,music_song_search,"{""retext"": ""播放《乌梅子酱》"", ""song"": [""乌梅子酱""]}",13881
1k776,音乐,776,第2轮,原唱版,music_song_search,"{""retext"": ""原唱版"", ""song"": [""乌梅子酱""]}",13882
1k776,音乐,776,第3轮,原唱那种,music_song_search,"{""retext"": ""原唱那种"", ""song"": [""乌梅子酱""]}",13883
1k776,音乐,776,第4轮,另一版,music_song_search,"{""retext"": ""另一版"", ""song"": [""乌梅子酱""]}",13884
1k776,音乐,776,第5轮,免费的有没有,music_song_search,"{""retext"": ""免费的有没有"", ""song"": [""乌梅子酱""], ""version"": [""免费版""]}",13885
1k777,音乐,777,第1轮,播放《爱如火》,music_song_search,"{""retext"": ""播放《爱如火》"", ""song"": [""爱如火""]}",13886
1k777,音乐,777,第2轮,不收费的有吗,music_song_search,"{""retext"": ""不收费的有吗"", ""song"": [""爱如火""]}",13887
1k777,音乐,777,第3轮,换个版本,music_song_search,"{""retext"": ""换个版本"", ""song"": [""爱如火""], ""version"": [""其他版本""]}",13888
1k777,音乐,777,第4轮,要重复播放,music_song_search,"{""retext"": ""要重复播放"", ""song"": [""爱如火""]}",13889
1k777,音乐,777,第5轮,原唱那种,music_song_search,"{""retext"": ""原唱那种"", ""song"": [""爱如火""]}",13890
1k778,音乐,778,第1轮,播放《最炫民族风》,music_song_search,"{""retext"": ""播放《最炫民族风》"", ""song"": [""最炫民族风""]}",13891
1k778,音乐,778,第2轮,免费的有吗,music_song_search,"{""retext"": ""免费的有吗"", ""song"": [""最炫民族风""], ""version"": [""免费版""]}",13892
1k778,音乐,778,第3轮,换个版本,music_song_search,"{""retext"": ""换个版本"", ""song"": [""最炫民族风""], ""version"": [""其他版本""]}",13893
1k778,音乐,778,第4轮,最高音质,music_song_search,"{""retext"": ""最高音质"", ""song"": [""最炫民族风""]}",13894
1k778,音乐,778,第5轮,另一版,music_song_search,"{""retext"": ""另一版"", ""song"": [""最炫民族风""]}",13895
1k779,音乐,779,第1轮,播放《月亮之上》,music_song_search,"{""retext"": ""播放《月亮之上》"", ""song"": [""月亮之上""]}",13896
1k779,音乐,779,第2轮,换成《别的歌》吧,music_song_search,"{""retext"": ""换成《别的歌》吧"", ""song"": [""别的歌""]}",13897
1k779,音乐,779,第3轮,原版,music_song_search,"{""retext"": ""原版"", ""song"": [""月亮之上""]}",13898
1k779,音乐,779,第4轮,免费的有没有,music_song_search,"{""retext"": ""免费的有没有"", ""song"": [""月亮之上""], ""version"": [""免费版""]}",13899
1k779,音乐,779,第5轮,单曲循环,music_song_search,"{""retext"": ""单曲循环"", ""song"": [""月亮之上""]}",13900
1k780,音乐,780,第1轮,找点周杰伦的歌,music_song_search,"{""retext"": ""找点周杰伦的歌"", ""singer"": [""周杰伦""]}",13901
1k780,音乐,780,第2轮,最新的有吗,music_song_search,"{""retext"": ""最新的有吗"", ""singer"": [""周杰伦""], ""toplist"": [""新歌""]}",13902
1k780,音乐,780,第3轮,音质好点的,music_song_search,"{""retext"": ""音质好点的"", ""singer"": [""周杰伦""]}",13903
1k780,音乐,780,第4轮,新歌,music_song_search,"{""retext"": ""新歌"", ""singer"": [""周杰伦""], ""toplist"": [""新歌""]}",13904
1k780,音乐,780,第5轮,不要钱能听的,music_song_search,"{""retext"": ""不要钱能听的"", ""singer"": [""周杰伦""]}",13905
1k781,音乐,781,第1轮,给我放点摇滚乐,music_song_search,"{""retext"": ""给我放点摇滚乐"", ""tag"": [""摇滚""]}",13906
1k781,音乐,781,第2轮,高音质那种,music_song_search,"{""retext"": ""高音质那种"", ""tag"": [""摇滚"", ""高音质""]}",13907
1k781,音乐,781,第3轮,不花钱的,music_song_search,"{""retext"": ""不花钱的"", ""version"": [""免费版""], ""tag"": [""摇滚""]}",13908
1k781,音乐,781,第4轮,清唱版,music_song_search,"{""retext"": ""清唱版"", ""tag"": [""摇滚"", ""清唱""]}",13909
1k781,音乐,781,第5轮,清唱那种,music_song_search,"{""retext"": ""清唱那种"", ""tag"": [""摇滚"", ""清唱""]}",13910
1k782,音乐,782,第1轮,找点伤感的歌,music_song_search,"{""retext"": ""找点伤感的歌"", ""tag"": [""伤感""]}",13911
1k782,音乐,782,第2轮,要失恋听的,music_song_search,"{""retext"": ""要失恋听的"", ""tag"": [""伤感"", ""伤感""]}",13912
1k782,音乐,782,第3轮,分手那种,music_song_search,"{""retext"": ""分手那种"", ""tag"": [""伤感""]}",13913
1k782,音乐,782,第4轮,华语经典,music_song_search,"{""retext"": ""华语经典"", ""tag"": [""伤感"", ""华语"", ""经典""]}",13914
1k782,音乐,782,第5轮,免费能听的有吗,music_song_search,"{""retext"": ""免费能听的有吗"", ""version"": [""免费版""], ""tag"": [""伤感""]}",13915
1k783,音乐,783,第1轮,给我放KTV必点的歌,music_song_search,"{""retext"": ""给我放KTV必点的歌"", ""tag"": [""流行""]}",13916
1k783,音乐,783,第2轮,要双人对唱,music_song_search,"{""retext"": ""要双人对唱"", ""tag"": [""流行""]}",13917
1k783,音乐,783,第3轮,有双人对唱的吗,music_song_search,"{""retext"": ""有双人对唱的吗"", ""tag"": [""流行""]}",13918
1k783,音乐,783,第4轮,要男女对唱,music_song_search,"{""retext"": ""要男女对唱"", ""tag"": [""流行""]}",13919
1k783,音乐,783,第5轮,音别太高,music_song_search,"{""retext"": ""音别太高"", ""tag"": [""流行""]}",13920
1k784,音乐,784,第1轮,来点粤语老歌,music_song_search,"{""retext"": ""来点粤语老歌"", ""tag"": [""粤语老歌""]}",13921
1k784,音乐,784,第2轮,男歌手的有吗,music_song_search,"{""retext"": ""男歌手的有吗"", ""gender"": [""男""], ""tag"": [""粤语老歌""]}",13922
1k784,音乐,784,第3轮,演唱会版的有吗,music_song_search,"{""retext"": ""演唱会版的有吗"", ""version"": [""live版""], ""tag"": [""粤语老歌"", ""演唱会""]}",13923
1k784,音乐,784,第4轮,有男歌手的吗,music_song_search,"{""retext"": ""有男歌手的吗"", ""gender"": [""男""], ""tag"": [""粤语老歌""]}",13924
1k784,音乐,784,第5轮,经典款,music_song_search,"{""retext"": ""经典款"", ""tag"": [""粤语老歌"", ""经典""]}",13925
1k785,音乐,785,第1轮,有没有说唱,music_song_search,"{""retext"": ""有没有说唱"", ""tag"": [""说唱""]}",13926
1k785,音乐,785,第2轮,中文版,music_song_search,"{""retext"": ""中文版"", ""tag"": [""说唱""]}",13927
1k785,音乐,785,第3轮,要免费的,music_song_search,"{""retext"": ""要免费的"", ""version"": [""免费版""], ""tag"": [""说唱""]}",13928
1k785,音乐,785,第4轮,女歌手的有吗,music_song_search,"{""retext"": ""女歌手的有吗"", ""gender"": [""女""], ""tag"": [""说唱""]}",13929
1k785,音乐,785,第5轮,中文版的有吗,music_song_search,"{""retext"": ""中文版的有吗"", ""tag"": [""说唱""]}",13930
1k786,音乐,786,第1轮,有跑步听的歌吗,music_song_search,"{""retext"": ""有跑步听的歌吗"", ""tag"": [""流行""]}",13931
1k786,音乐,786,第2轮,换成华语的呢,music_song_search,"{""retext"": ""换成华语的呢"", ""tag"": [""流行"", ""华语""]}",13932
1k786,音乐,786,第3轮,英文的,music_song_search,"{""retext"": ""英文的"", ""tag"": [""流行"", ""英语""]}",13933
1k786,音乐,786,第4轮,免费渠道有吗,music_song_search,"{""retext"": ""免费渠道有吗"", ""version"": [""免费版""], ""tag"": [""流行""]}",13934
1k786,音乐,786,第5轮,带感的,music_song_search,"{""retext"": ""带感的"", ""tag"": [""流行""]}",13935
1k787,音乐,787,第1轮,有没有爵士乐,music_song_search,"{""retext"": ""有没有爵士乐"", ""tag"": [""爵士""]}",13936
1k787,音乐,787,第2轮,最新的有吗,music_song_search,"{""retext"": ""最新的有吗"", ""toplist"": [""新歌""], ""tag"": [""爵士""]}",13937
1k787,音乐,787,第3轮,录音室版有吗,music_song_search,"{""retext"": ""录音室版有吗"", ""tag"": [""爵士""]}",13938
1k787,音乐,787,第4轮,国外乐队的有吗,music_song_search,"{""retext"": ""国外乐队的有吗"", ""tag"": [""爵士"", ""国外乐队""]}",13939
1k787,音乐,787,第5轮,新歌有吗,music_song_search,"{""retext"": ""新歌有吗"", ""toplist"": [""新歌""], ""tag"": [""爵士""]}",13940
1k788,音乐,788,第1轮,有没有张靓颖的歌,music_song_search,"{""retext"": ""有没有张靓颖的歌"", ""singer"": [""张靓颖""]}",13941
1k788,音乐,788,第2轮,不要钱听的有没有,music_song_search,"{""retext"": ""不要钱听的有没有"", ""singer"": [""张靓颖""]}",13942
1k788,音乐,788,第3轮,有现场版吗,music_song_search,"{""retext"": ""有现场版吗"", ""singer"": [""张靓颖""], ""version"": [""现场版""]}",13943
1k788,音乐,788,第4轮,最火的那首,music_song_search,"{""retext"": ""最火的那首"", ""singer"": [""张靓颖""]}",13944
1k788,音乐,788,第5轮,音质好点的,music_song_search,"{""retext"": ""音质好点的"", ""singer"": [""张靓颖""]}",13945
1k789,音乐,789,第1轮,想听薛之谦的歌,music_song_search,"{""retext"": ""想听薛之谦的歌"", ""singer"": [""薛之谦""]}",13946
1k789,音乐,789,第2轮,免费听的有没有的那种,music_song_search,"{""retext"": ""免费听的有没有的那种"", ""singer"": [""薛之谦""], ""version"": [""免费版""]}",13947
1k789,音乐,789,第3轮,最新的,music_song_search,"{""retext"": ""最新的"", ""singer"": [""薛之谦""], ""toplist"": [""新歌""]}",13948
1k789,音乐,789,第4轮,换成 别的歌手 的吧,music_song_search,"{""retext"": ""换成 别的歌手 的吧""}",13949
1k789,音乐,789,第5轮,免费能听的,music_song_search,"{""retext"": ""免费能听的"", ""singer"": [""薛之谦""], ""version"": [""免费版""]}",13950
1k790,音乐,790,第1轮,给我放流行音乐,music_song_search,"{""retext"": ""给我放流行音乐"", ""tag"": [""流行""]}",13951
1k790,音乐,790,第2轮,华语那种,music_song_search,"{""retext"": ""华语那种"", ""tag"": [""流行"", ""华语""]}",13952
1k790,音乐,790,第3轮,男的唱的,music_song_search,"{""retext"": ""男的唱的"", ""tag"": [""流行""]}",13953
1k790,音乐,790,第4轮,免费的能听吗,music_song_search,"{""retext"": ""免费的能听吗"", ""version"": [""免费版""], ""tag"": [""流行""]}",13954
1k790,音乐,790,第5轮,中文流行,music_song_search,"{""retext"": ""中文流行"", ""tag"": [""流行""]}",13955
1k791,音乐,791,第1轮,来点摇滚音乐,music_song_search,"{""retext"": ""来点摇滚音乐"", ""tag"": [""摇滚""]}",13956
1k791,音乐,791,第2轮,女生唱的,music_song_search,"{""retext"": ""女生唱的"", ""tag"": [""摇滚""]}",13957
1k791,音乐,791,第3轮,节奏感强的,music_song_search,"{""retext"": ""节奏感强的"", ""tag"": [""摇滚"", ""节奏感强""]}",13958
1k791,音乐,791,第4轮,男生唱的,music_song_search,"{""retext"": ""男生唱的"", ""tag"": [""摇滚""]}",13959
1k791,音乐,791,第5轮,免费的能听吗,music_song_search,"{""retext"": ""免费的能听吗"", ""version"": [""免费版""], ""tag"": [""摇滚""]}",13960
1k792,音乐,792,第1轮,推荐几首民谣音乐,music_song_search,"{""retext"": ""推荐几首民谣音乐"", ""tag"": [""民谣""]}",13961
1k792,音乐,792,第2轮,免费能听的,music_song_search,"{""retext"": ""免费能听的"", ""version"": [""免费版""], ""tag"": [""民谣""]}",13962
1k792,音乐,792,第3轮,女的唱的,music_song_search,"{""retext"": ""女的唱的"", ""tag"": [""民谣""]}",13963
1k792,音乐,792,第4轮,不收费的,music_song_search,"{""retext"": ""不收费的"", ""tag"": [""民谣""]}",13964
1k792,音乐,792,第5轮,节奏感强,music_song_search,"{""retext"": ""节奏感强"", ""tag"": [""民谣"", ""节奏感强""]}",13965
1k793,音乐,793,第1轮,推荐几首古典音乐,music_song_search,"{""retext"": ""推荐几首古典音乐"", ""tag"": [""古典""]}",13966
1k793,音乐,793,第2轮,要节奏感强的,music_song_search,"{""retext"": ""要节奏感强的"", ""tag"": [""古典"", ""节奏感强""]}",13967
1k793,音乐,793,第3轮,不要会员能听的,music_song_search,"{""retext"": ""不要会员能听的"", ""tag"": [""古典""]}",13968
1k793,音乐,793,第4轮,带感的,music_song_search,"{""retext"": ""带感的"", ""tag"": [""古典""]}",13969
1k793,音乐,793,第5轮,女歌手的,music_song_search,"{""retext"": ""女歌手的"", ""gender"": [""女""], ""tag"": [""古典""]}",13970
1k794,音乐,794,第1轮,给我放电子音乐,music_song_search,"{""retext"": ""给我放电子音乐"", ""tag"": [""电子""]}",13971
1k794,音乐,794,第2轮,华语的有没有,music_song_search,"{""retext"": ""华语的有没有"", ""tag"": [""电子"", ""华语""]}",13972
1k794,音乐,794,第3轮,节奏快的,music_song_search,"{""retext"": ""节奏快的"", ""tag"": [""电子"", ""节奏感强""]}",13973
1k794,音乐,794,第4轮,中文流行,music_song_search,"{""retext"": ""中文流行"", ""tag"": [""电子""]}",13974
1k794,音乐,794,第5轮,舒缓一点的,music_song_search,"{""retext"": ""舒缓一点的"", ""tag"": [""电子"", ""舒缓""]}",13975
1k795,音乐,795,第1轮,找点说唱,music_song_search,"{""retext"": ""找点说唱"", ""tag"": [""说唱""]}",13976
1k795,音乐,795,第2轮,男歌手的,music_song_search,"{""retext"": ""男歌手的"", ""gender"": [""男""], ""tag"": [""说唱""]}",13977
1k795,音乐,795,第3轮,柔和那种,music_song_search,"{""retext"": ""柔和那种"", ""tag"": [""说唱""]}",13978
1k795,音乐,795,第4轮,华语那种,music_song_search,"{""retext"": ""华语那种"", ""tag"": [""说唱"", ""华语""]}",13979
1k795,音乐,795,第5轮,高音质的,music_song_search,"{""retext"": ""高音质的"", ""tag"": [""说唱"", ""高音质""]}",13980
1k796,音乐,796,第1轮,找点轻音乐,music_song_search,"{""retext"": ""找点轻音乐"", ""tag"": [""轻音乐""]}",13981
1k796,音乐,796,第2轮,轻柔点的,music_song_search,"{""retext"": ""轻柔点的"", ""tag"": [""轻音乐""]}",13982
1k796,音乐,796,第3轮,高音质那种,music_song_search,"{""retext"": ""高音质那种"", ""tag"": [""轻音乐"", ""高音质""]}",13983
1k796,音乐,796,第4轮,要华语的,music_song_search,"{""retext"": ""要华语的"", ""tag"": [""轻音乐"", ""华语""]}",13984
1k796,音乐,796,第5轮,节奏感强的,music_song_search,"{""retext"": ""节奏感强的"", ""tag"": [""轻音乐"", ""节奏感强""]}",13985
1k797,音乐,797,第1轮,播放《南山南》,music_song_search,"{""retext"": ""播放《南山南》"", ""song"": [""南山南""]}",13986
1k797,音乐,797,第2轮,单曲循环,music_song_search,"{""retext"": ""单曲循环"", ""song"": [""南山南""]}",13987
1k797,音乐,797,第3轮,原唱版的那种,music_song_search,"{""retext"": ""原唱版的那种"", ""song"": [""南山南""]}",13988
1k797,音乐,797,第4轮,原唱的那版,music_song_search,"{""retext"": ""原唱的那版"", ""song"": [""南山南""]}",13989
1k797,音乐,797,第5轮,重复播放,music_song_search,"{""retext"": ""重复播放"", ""song"": [""南山南""]}",13990
1k798,音乐,798,第1轮,想听民谣,music_song_search,"{""retext"": ""想听民谣"", ""tag"": [""民谣""]}",13991
1k798,音乐,798,第2轮,吉他伴奏,music_song_search,"{""retext"": ""吉他伴奏"", ""tag"": [""民谣""]}",13992
1k798,音乐,798,第3轮,男歌手的有吗,music_song_search,"{""retext"": ""男歌手的有吗"", ""gender"": [""男""], ""tag"": [""民谣""]}",13993
1k798,音乐,798,第4轮,有男歌手的吗,music_song_search,"{""retext"": ""有男歌手的吗"", ""gender"": [""男""], ""tag"": [""民谣""]}",13994
1k798,音乐,798,第5轮,免费的有没有,music_song_search,"{""retext"": ""免费的有没有"", ""version"": [""免费版""], ""tag"": [""民谣""]}",13995
1k799,音乐,799,第1轮,有没有粤语老歌,music_song_search,"{""retext"": ""有没有粤语老歌"", ""tag"": [""粤语老歌""]}",13996
1k799,音乐,799,第2轮,男的唱的有吗,music_song_search,"{""retext"": ""男的唱的有吗"", ""tag"": [""粤语老歌""]}",13997
1k799,音乐,799,第3轮,八九十年代,music_song_search,"{""retext"": ""八九十年代"", ""tag"": [""粤语老歌""]}",13998
1k799,音乐,799,第4轮,90年代的,music_song_search,"{""retext"": ""90年代的"", ""tag"": [""粤语老歌""]}",13999
1k799,音乐,799,第5轮,有男歌手的吗,music_song_search,"{""retext"": ""有男歌手的吗"", ""gender"": [""男""], ""tag"": [""粤语老歌""]}",14000
1k800,音乐,800,第1轮,有没有跑步听的歌,music_song_search,"{""retext"": ""有没有跑步听的歌"", ""tag"": [""流行""]}",14001
1k800,音乐,800,第2轮,动感那种,music_song_search,"{""retext"": ""动感那种"", ""tag"": [""流行""]}",14002
1k800,音乐,800,第3轮,一小时以上,music_song_search,"{""retext"": ""一小时以上"", ""tag"": [""流行""]}",14003
1k800,音乐,800,第4轮,时长一小时以上的歌单,music_song_search,"{""retext"": ""时长一小时以上的歌单"", ""tag"": [""流行""]}",14004
1k800,音乐,800,第5轮,英文的,music_song_search,"{""retext"": ""英文的"", ""tag"": [""流行"", ""英语""]}",14005
1k801,音乐,801,第1轮,给我放爵士乐,music_song_search,"{""retext"": ""给我放爵士乐"", ""tag"": [""爵士""]}",14006
1k801,音乐,801,第2轮,要会员吗,music_song_search,"{""retext"": ""要会员吗"", ""tag"": [""爵士""]}",14007
1k801,音乐,801,第3轮,录音室版有吗,music_song_search,"{""retext"": ""录音室版有吗"", ""tag"": [""爵士""]}",14008
1k801,音乐,801,第4轮,要钱吗,music_song_search,"{""retext"": ""要钱吗"", ""tag"": [""爵士""]}",14009
1k801,音乐,801,第5轮,要收费吗,music_song_search,"{""retext"": ""要收费吗"", ""tag"": [""爵士""]}",14010
1k802,音乐,802,第1轮,有没有电子,music_song_search,"{""retext"": ""有没有电子"", ""tag"": [""电子""]}",14011
1k802,音乐,802,第2轮,舒缓一点的,music_song_search,"{""retext"": ""舒缓一点的"", ""tag"": [""电子"", ""舒缓""]}",14012
1k802,音乐,802,第3轮,节奏快的,music_song_search,"{""retext"": ""节奏快的"", ""tag"": [""电子"", ""节奏感强""]}",14013
1k802,音乐,802,第4轮,女歌手的,music_song_search,"{""retext"": ""女歌手的"", ""gender"": [""女""], ""tag"": [""电子""]}",14014
1k802,音乐,802,第5轮,男歌手唱的,music_song_search,"{""retext"": ""男歌手唱的"", ""gender"": [""男""], ""tag"": [""电子""]}",14015
1k803,音乐,803,第1轮,播放《恐龙抗狼》,music_song_search,"{""retext"": ""播放《恐龙抗狼》"", ""song"": [""恐龙抗狼""]}",14016
1k803,音乐,803,第2轮,免费的有吗,music_song_search,"{""retext"": ""免费的有吗"", ""song"": [""恐龙抗狼""], ""version"": [""免费版""]}",14017
1k803,音乐,803,第3轮,音质调到最高的那种,music_song_search,"{""retext"": ""音质调到最高的那种"", ""song"": [""恐龙抗狼""]}",14018
1k803,音乐,803,第4轮,音质最高,music_song_search,"{""retext"": ""音质最高"", ""song"": [""恐龙抗狼""]}",14019
1k803,音乐,803,第5轮,免费的有没有,music_song_search,"{""retext"": ""免费的有没有"", ""song"": [""恐龙抗狼""], ""version"": [""免费版""]}",14020
1k804,音乐,804,第1轮,播放《小苹果》,music_song_search,"{""retext"": ""播放《小苹果》"", ""song"": [""小苹果""]}",14021
1k804,音乐,804,第2轮,音质拉满,music_song_search,"{""retext"": ""音质拉满"", ""song"": [""小苹果""]}",14022
1k804,音乐,804,第3轮,最高音质,music_song_search,"{""retext"": ""最高音质"", ""song"": [""小苹果""]}",14023
1k804,音乐,804,第4轮,重复播放,music_song_search,"{""retext"": ""重复播放"", ""song"": [""小苹果""]}",14024
1k804,音乐,804,第5轮,另一版,music_song_search,"{""retext"": ""另一版"", ""song"": [""小苹果""]}",14025
1k805,音乐,805,第1轮,推荐几首点摇滚乐,music_song_search,"{""retext"": ""推荐几首点摇滚乐"", ""tag"": [""摇滚""]}",14026
1k805,音乐,805,第2轮,演唱会现场版,music_song_search,"{""retext"": ""演唱会现场版"", ""version"": [""live版""], ""tag"": [""摇滚"", ""演唱会""]}",14027
1k805,音乐,805,第3轮,现场版,music_song_search,"{""retext"": ""现场版"", ""version"": [""live版""], ""tag"": [""摇滚"", ""演唱会""]}",14028
1k805,音乐,805,第4轮,live版,music_song_search,"{""retext"": ""live版"", ""tag"": [""摇滚""]}",14029
1k805,音乐,805,第5轮,演唱会版的那种,music_song_search,"{""retext"": ""演唱会版的那种"", ""version"": [""live版""], ""tag"": [""摇滚"", ""演唱会""]}",14030
1k806,音乐,806,第1轮,有没有KTV必点的歌,music_song_search,"{""retext"": ""有没有KTV必点的歌"", ""tag"": [""流行""]}",14031
1k806,音乐,806,第2轮,不花钱能听吗,music_song_search,"{""retext"": ""不花钱能听吗"", ""version"": [""免费版""], ""tag"": [""流行""]}",14032
1k806,音乐,806,第3轮,高音别太难的那种,music_song_search,"{""retext"": ""高音别太难的那种"", ""tag"": [""流行""]}",14033
1k806,音乐,806,第4轮,免费能听吗,music_song_search,"{""retext"": ""免费能听吗"", ""version"": [""免费版""], ""tag"": [""流行""]}",14034
1k806,音乐,806,第5轮,国语版,music_song_search,"{""retext"": ""国语版"", ""tag"": [""流行""]}",14035
1k807,音乐,807,第1轮,有民谣吗,music_song_search,"{""retext"": ""有民谣吗"", ""tag"": [""民谣""]}",14036
1k807,音乐,807,第2轮,男歌手,music_song_search,"{""retext"": ""男歌手"", ""gender"": [""男""], ""tag"": [""民谣""]}",14037
1k807,音乐,807,第3轮,吉他版,music_song_search,"{""retext"": ""吉他版"", ""tag"": [""民谣""]}",14038
1k807,音乐,807,第4轮,国内的有没有,music_song_search,"{""retext"": ""国内的有没有"", ""tag"": [""民谣""]}",14039
1k807,音乐,807,第5轮,木吉他那种,music_song_search,"{""retext"": ""木吉他那种"", ""tag"": [""民谣""]}",14040
1k808,音乐,808,第1轮,找点粤语老歌,music_song_search,"{""retext"": ""找点粤语老歌"", ""tag"": [""粤语老歌""]}",14041
1k808,音乐,808,第2轮,不要钱能听吗,music_song_search,"{""retext"": ""不要钱能听吗"", ""tag"": [""粤语老歌""]}",14042
1k808,音乐,808,第3轮,八九十年代的,music_song_search,"{""retext"": ""八九十年代的"", ""tag"": [""粤语老歌""]}",14043
1k808,音乐,808,第4轮,不花钱能听吗,music_song_search,"{""retext"": ""不花钱能听吗"", ""version"": [""免费版""], ""tag"": [""粤语老歌""]}",14044
1k808,音乐,808,第5轮,有男歌手的吗,music_song_search,"{""retext"": ""有男歌手的吗"", ""gender"": [""男""], ""tag"": [""粤语老歌""]}",14045
1k809,音乐,809,第1轮,有说唱吗,music_song_search,"{""retext"": ""有说唱吗"", ""tag"": [""说唱""]}",14046
1k809,音乐,809,第2轮,最近那种,music_song_search,"{""retext"": ""最近那种"", ""tag"": [""说唱""]}",14047
1k809,音乐,809,第3轮,有免费版的吗,music_song_search,"{""retext"": ""有免费版的吗"", ""version"": [""免费版""], ""tag"": [""说唱""]}",14048
1k809,音乐,809,第4轮,免费那种,music_song_search,"{""retext"": ""免费那种"", ""version"": [""免费版""], ""tag"": [""说唱""]}",14049
1k809,音乐,809,第5轮,节奏快的,music_song_search,"{""retext"": ""节奏快的"", ""tag"": [""说唱"", ""节奏感强""]}",14050
1k810,音乐,810,第1轮,想听爵士音乐,music_song_search,"{""retext"": ""想听爵士音乐"", ""tag"": [""爵士""]}",14051
1k810,音乐,810,第2轮,节奏快的,music_song_search,"{""retext"": ""节奏快的"", ""tag"": [""爵士"", ""节奏感强""]}",14052
1k810,音乐,810,第3轮,要免费听的有没有,music_song_search,"{""retext"": ""要免费听的有没有"", ""version"": [""免费版""], ""tag"": [""爵士""]}",14053
1k810,音乐,810,第4轮,要女歌手唱的,music_song_search,"{""retext"": ""要女歌手唱的"", ""gender"": [""女""], ""tag"": [""爵士""]}",14054
1k810,音乐,810,第5轮,音质高一点的,music_song_search,"{""retext"": ""音质高一点的"", ""tag"": [""爵士"", ""高音质""]}",14055
1k811,音乐,811,第1轮,放点说唱音乐,music_song_search,"{""retext"": ""放点说唱音乐"", ""tag"": [""说唱""]}",14056
1k811,音乐,811,第2轮,舒缓一点的,music_song_search,"{""retext"": ""舒缓一点的"", ""tag"": [""说唱"", ""舒缓""]}",14057
1k811,音乐,811,第3轮,免费听的有吗,music_song_search,"{""retext"": ""免费听的有吗"", ""version"": [""免费版""], ""tag"": [""说唱""]}",14058
1k811,音乐,811,第4轮,节奏感强,music_song_search,"{""retext"": ""节奏感强"", ""tag"": [""说唱"", ""节奏感强""]}",14059
1k811,音乐,811,第5轮,女歌手的,music_song_search,"{""retext"": ""女歌手的"", ""gender"": [""女""], ""tag"": [""说唱""]}",14060
1k812,音乐,812,第1轮,想听嘻哈,music_song_search,"{""retext"": ""想听嘻哈"", ""tag"": [""嘻哈""]}",14061
1k812,音乐,812,第2轮,要舒缓的,music_song_search,"{""retext"": ""要舒缓的"", ""tag"": [""嘻哈"", ""舒缓""]}",14062
1k812,音乐,812,第3轮,免费听的有没有,music_song_search,"{""retext"": ""免费听的有没有"", ""version"": [""免费版""], ""tag"": [""嘻哈""]}",14063
1k812,音乐,812,第4轮,女歌手唱的,music_song_search,"{""retext"": ""女歌手唱的"", ""gender"": [""女""], ""tag"": [""嘻哈""]}",14064
1k812,音乐,812,第5轮,男歌手唱的,music_song_search,"{""retext"": ""男歌手唱的"", ""gender"": [""男""], ""tag"": [""嘻哈""]}",14065
1k813,音乐,813,第1轮,播放《漠河舞厅》,music_song_search,"{""retext"": ""播放《漠河舞厅》"", ""song"": [""漠河舞厅""]}",14066
1k813,音乐,813,第2轮,循环播放,music_song_search,"{""retext"": ""循环播放"", ""song"": [""漠河舞厅""]}",14067
1k813,音乐,813,第3轮,音质最高,music_song_search,"{""retext"": ""音质最高"", ""song"": [""漠河舞厅""]}",14068
1k813,音乐,813,第4轮,重复播放,music_song_search,"{""retext"": ""重复播放"", ""song"": [""漠河舞厅""]}",14069
1k813,音乐,813,第5轮,原唱那种,music_song_search,"{""retext"": ""原唱那种"", ""song"": [""漠河舞厅""]}",14070
1k814,音乐,814,第1轮,想听KTV必点的歌,music_song_search,"{""retext"": ""想听KTV必点的歌"", ""tag"": [""流行""]}",14071
1k814,音乐,814,第2轮,双人对唱,music_song_search,"{""retext"": ""双人对唱"", ""tag"": [""流行""]}",14072
1k814,音乐,814,第3轮,不费嗓的,music_song_search,"{""retext"": ""不费嗓的"", ""tag"": [""流行""]}",14073
1k814,音乐,814,第4轮,有双人对唱的吗,music_song_search,"{""retext"": ""有双人对唱的吗"", ""tag"": [""流行""]}",14074
1k814,音乐,814,第5轮,别太高音,music_song_search,"{""retext"": ""别太高音"", ""tag"": [""流行""]}",14075
1k815,音乐,815,第1轮,来点民谣,music_song_search,"{""retext"": ""来点民谣"", ""tag"": [""民谣""]}",14076
1k815,音乐,815,第2轮,国产那种,music_song_search,"{""retext"": ""国产那种"", ""tag"": [""民谣""]}",14077
1k815,音乐,815,第3轮,有男歌手的吗,music_song_search,"{""retext"": ""有男歌手的吗"", ""gender"": [""男""], ""tag"": [""民谣""]}",14078
1k815,音乐,815,第4轮,校园风,music_song_search,"{""retext"": ""校园风"", ""tag"": [""民谣""]}",14079
1k815,音乐,815,第5轮,男歌手,music_song_search,"{""retext"": ""男歌手"", ""gender"": [""男""], ""tag"": [""民谣""]}",14080
1k816,音乐,816,第1轮,想听跑步听的歌,music_song_search,"{""retext"": ""想听跑步听的歌"", ""tag"": [""流行""]}",14081
1k816,音乐,816,第2轮,英文的,music_song_search,"{""retext"": ""英文的"", ""tag"": [""流行"", ""英语""]}",14082
1k816,音乐,816,第3轮,免费渠道,music_song_search,"{""retext"": ""免费渠道"", ""version"": [""免费版""], ""tag"": [""流行""]}",14083
1k816,音乐,816,第4轮,要快节奏,music_song_search,"{""retext"": ""要快节奏"", ""tag"": [""流行"", ""节奏感强""]}",14084
1k816,音乐,816,第5轮,免费渠道有吗,music_song_search,"{""retext"": ""免费渠道有吗"", ""version"": [""免费版""], ""tag"": [""流行""]}",14085
1k817,音乐,817,第1轮,推荐几首毛不易的歌,music_song_search,"{""retext"": ""推荐几首毛不易的歌"", ""singer"": [""毛不易""]}",14086
1k817,音乐,817,第2轮,音质好一点的,music_song_search,"{""retext"": ""音质好一点的"", ""singer"": [""毛不易""]}",14087
1k817,音乐,817,第3轮,换成 别的歌手 的吧,music_song_search,"{""retext"": ""换成 别的歌手 的吧""}",14088
1k817,音乐,817,第4轮,要高音质,music_song_search,"{""retext"": ""要高音质"", ""singer"": [""毛不易""]}",14089
1k817,音乐,817,第5轮,要音质好的,music_song_search,"{""retext"": ""要音质好的"", ""singer"": [""毛不易""]}",14090
1k818,音乐,818,第1轮,有古典吗,music_song_search,"{""retext"": ""有古典吗"", ""tag"": [""古典""]}",14091
1k818,音乐,818,第2轮,节奏感强的,music_song_search,"{""retext"": ""节奏感强的"", ""tag"": [""古典"", ""节奏感强""]}",14092
1k818,音乐,818,第3轮,女歌手的,music_song_search,"{""retext"": ""女歌手的"", ""gender"": [""女""], ""tag"": [""古典""]}",14093
1k818,音乐,818,第4轮,女歌手唱的,music_song_search,"{""retext"": ""女歌手唱的"", ""gender"": [""女""], ""tag"": [""古典""]}",14094
1k818,音乐,818,第5轮,男歌手唱的,music_song_search,"{""retext"": ""男歌手唱的"", ""gender"": [""男""], ""tag"": [""古典""]}",14095
1k819,音乐,819,第1轮,有伤感的歌吗,music_song_search,"{""retext"": ""有伤感的歌吗"", ""tag"": [""伤感""]}",14096
1k819,音乐,819,第2轮,华语经典,music_song_search,"{""retext"": ""华语经典"", ""tag"": [""伤感"", ""华语"", ""经典""]}",14097
1k819,音乐,819,第3轮,不花钱能听吗,music_song_search,"{""retext"": ""不花钱能听吗"", ""version"": [""免费版""], ""tag"": [""伤感""]}",14098
1k819,音乐,819,第4轮,失恋听的,music_song_search,"{""retext"": ""失恋听的"", ""tag"": [""伤感"", ""伤感""]}",14099
1k819,音乐,819,第5轮,不要会员的,music_song_search,"{""retext"": ""不要会员的"", ""tag"": [""伤感""]}",14100
1k820,音乐,820,第1轮,有KTV必点的歌吗,music_song_search,"{""retext"": ""有KTV必点的歌吗"", ""tag"": [""流行""]}",14101
1k820,音乐,820,第2轮,不飙高音,music_song_search,"{""retext"": ""不飙高音"", ""tag"": [""流行""]}",14102
1k820,音乐,820,第3轮,不要钱能听吗,music_song_search,"{""retext"": ""不要钱能听吗"", ""tag"": [""流行""]}",14103
1k820,音乐,820,第4轮,要普通话版,music_song_search,"{""retext"": ""要普通话版"", ""tag"": [""流行""]}",14104
1k820,音乐,820,第5轮,容易唱的,music_song_search,"{""retext"": ""容易唱的"", ""tag"": [""流行""]}",14105
1k821,音乐,821,第1轮,推荐几首粤语老歌,music_song_search,"{""retext"": ""推荐几首粤语老歌"", ""tag"": [""粤语老歌""]}",14106
1k821,音乐,821,第2轮,最经典那种,music_song_search,"{""retext"": ""最经典那种"", ""tag"": [""粤语老歌"", ""经典""]}",14107
1k821,音乐,821,第3轮,男的唱的有吗,music_song_search,"{""retext"": ""男的唱的有吗"", ""tag"": [""粤语老歌""]}",14108
1k821,音乐,821,第4轮,经典款,music_song_search,"{""retext"": ""经典款"", ""tag"": [""粤语老歌"", ""经典""]}",14109
1k821,音乐,821,第5轮,演唱会版的有吗,music_song_search,"{""retext"": ""演唱会版的有吗"", ""version"": [""live版""], ""tag"": [""粤语老歌"", ""演唱会""]}",14110
1k822,音乐,822,第1轮,放点跑步听的歌,music_song_search,"{""retext"": ""放点跑步听的歌"", ""tag"": [""流行""]}",14111
1k822,音乐,822,第2轮,要时长一小时以上的歌单,music_song_search,"{""retext"": ""要时长一小时以上的歌单"", ""tag"": [""流行""]}",14112
1k822,音乐,822,第3轮,英文歌,music_song_search,"{""retext"": ""英文歌"", ""tag"": [""流行"", ""英语""]}",14113
1k822,音乐,822,第4轮,一小时那种,music_song_search,"{""retext"": ""一小时那种"", ""tag"": [""流行""]}",14114
1k822,音乐,822,第5轮,长歌单,music_song_search,"{""retext"": ""长歌单"", ""tag"": [""流行""]}",14115
1k823,音乐,823,第1轮,推荐几首五月天的歌,music_song_search,"{""retext"": ""推荐几首五月天的歌"", ""singer"": [""五月天""]}",14116
1k823,音乐,823,第2轮,最经典那首,music_song_search,"{""retext"": ""最经典那首"", ""singer"": [""五月天""], ""tag"": [""经典""]}",14117
1k823,音乐,823,第3轮,免费听的有没有,music_song_search,"{""retext"": ""免费听的有没有"", ""singer"": [""五月天""], ""version"": [""免费版""]}",14118
1k823,音乐,823,第4轮,高音质,music_song_search,"{""retext"": ""高音质"", ""singer"": [""五月天""]}",14119
1k823,音乐,823,第5轮,最火的那首,music_song_search,"{""retext"": ""最火的那首"", ""singer"": [""五月天""]}",14120
1k824,音乐,824,第1轮,来点古典音乐,music_song_search,"{""retext"": ""来点古典音乐"", ""tag"": [""古典""]}",14121
1k824,音乐,824,第2轮,男歌手的,music_song_search,"{""retext"": ""男歌手的"", ""gender"": [""男""], ""tag"": [""古典""]}",14122
1k824,音乐,824,第3轮,不要会员的能听吗,music_song_search,"{""retext"": ""不要会员的能听吗"", ""tag"": [""古典""]}",14123
1k824,音乐,824,第4轮,要舒缓一点的,music_song_search,"{""retext"": ""要舒缓一点的"", ""tag"": [""古典"", ""舒缓""]}",14124
1k824,音乐,824,第5轮,女歌手唱的,music_song_search,"{""retext"": ""女歌手唱的"", ""gender"": [""女""], ""tag"": [""古典""]}",14125
1k825,音乐,825,第1轮,有粤语老歌吗,music_song_search,"{""retext"": ""有粤语老歌吗"", ""tag"": [""粤语老歌""]}",14126
1k825,音乐,825,第2轮,最经典那种,music_song_search,"{""retext"": ""最经典那种"", ""tag"": [""粤语老歌"", ""经典""]}",14127
1k825,音乐,825,第3轮,免费的吗,music_song_search,"{""retext"": ""免费的吗"", ""version"": [""免费版""], ""tag"": [""粤语老歌""]}",14128
1k825,音乐,825,第4轮,八九十年代的,music_song_search,"{""retext"": ""八九十年代的"", ""tag"": [""粤语老歌""]}",14129
1k825,音乐,825,第5轮,老歌那种,music_song_search,"{""retext"": ""老歌那种"", ""tag"": [""粤语老歌""]}",14130
1k826,音乐,826,第1轮,放点说唱,music_song_search,"{""retext"": ""放点说唱"", ""tag"": [""说唱""]}",14131
1k826,音乐,826,第2轮,最近上的,music_song_search,"{""retext"": ""最近上的"", ""tag"": [""说唱""]}",14132
1k826,音乐,826,第3轮,中文的有吗,music_song_search,"{""retext"": ""中文的有吗"", ""tag"": [""说唱""]}",14133
1k826,音乐,826,第4轮,中文版,music_song_search,"{""retext"": ""中文版"", ""tag"": [""说唱""]}",14134
1k826,音乐,826,第5轮,要节奏快的,music_song_search,"{""retext"": ""要节奏快的"", ""tag"": [""说唱"", ""节奏感强""]}",14135
1k827,音乐,827,第1轮,找点跑步听的歌,music_song_search,"{""retext"": ""找点跑步听的歌"", ""tag"": [""流行""]}",14136
1k827,音乐,827,第2轮,英文的,music_song_search,"{""retext"": ""英文的"", ""tag"": [""流行"", ""英语""]}",14137
1k827,音乐,827,第3轮,免费渠道,music_song_search,"{""retext"": ""免费渠道"", ""version"": [""免费版""], ""tag"": [""流行""]}",14138
1k827,音乐,827,第4轮,一小时那种,music_song_search,"{""retext"": ""一小时那种"", ""tag"": [""流行""]}",14139
1k827,音乐,827,第5轮,英语歌,music_song_search,"{""retext"": ""英语歌"", ""tag"": [""流行"", ""英语""]}",14140
1k828,音乐,828,第1轮,来点伤感的歌,music_song_search,"{""retext"": ""来点伤感的歌"", ""tag"": [""伤感""]}",14141
1k828,音乐,828,第2轮,要女生唱的,music_song_search,"{""retext"": ""要女生唱的"", ""tag"": [""伤感""]}",14142
1k828,音乐,828,第3轮,失恋听的,music_song_search,"{""retext"": ""失恋听的"", ""tag"": [""伤感"", ""伤感""]}",14143
1k828,音乐,828,第4轮,最经典那种,music_song_search,"{""retext"": ""最经典那种"", ""tag"": [""伤感"", ""经典""]}",14144
1k828,音乐,828,第5轮,经典,music_song_search,"{""retext"": ""经典"", ""tag"": [""伤感"", ""经典""]}",14145
1k829,音乐,829,第1轮,推荐几首KTV必点的歌,music_song_search,"{""retext"": ""推荐几首KTV必点的歌"", ""tag"": [""流行""]}",14146
1k829,音乐,829,第2轮,好唱的,music_song_search,"{""retext"": ""好唱的"", ""tag"": [""流行""]}",14147
1k829,音乐,829,第3轮,不要钱能听吗,music_song_search,"{""retext"": ""不要钱能听吗"", ""tag"": [""流行""]}",14148
1k829,音乐,829,第4轮,音别太高,music_song_search,"{""retext"": ""音别太高"", ""tag"": [""流行""]}",14149
1k829,音乐,829,第5轮,别太高音,music_song_search,"{""retext"": ""别太高音"", ""tag"": [""流行""]}",14150
1k830,音乐,830,第1轮,给我放周杰伦的歌,music_song_search,"{""retext"": ""给我放周杰伦的歌"", ""singer"": [""周杰伦""]}",14151
1k830,音乐,830,第2轮,高音质,music_song_search,"{""retext"": ""高音质"", ""singer"": [""周杰伦""]}",14152
1k830,音乐,830,第3轮,音质好点的,music_song_search,"{""retext"": ""音质好点的"", ""singer"": [""周杰伦""]}",14153
1k830,音乐,830,第4轮,最新的有吗,music_song_search,"{""retext"": ""最新的有吗"", ""singer"": [""周杰伦""], ""toplist"": [""新歌""]}",14154
1k830,音乐,830,第5轮,最有名的那首,music_song_search,"{""retext"": ""最有名的那首"", ""singer"": [""周杰伦""], ""tag"": [""经典""]}",14155
1k831,音乐,831,第1轮,放点嘻哈,music_song_search,"{""retext"": ""放点嘻哈"", ""tag"": [""嘻哈""]}",14156
1k831,音乐,831,第2轮,女的唱的,music_song_search,"{""retext"": ""女的唱的"", ""tag"": [""嘻哈""]}",14157
1k831,音乐,831,第3轮,华语的有没有的那种,music_song_search,"{""retext"": ""华语的有没有的那种"", ""tag"": [""嘻哈"", ""华语""]}",14158
1k831,音乐,831,第4轮,男歌手的,music_song_search,"{""retext"": ""男歌手的"", ""gender"": [""男""], ""tag"": [""嘻哈""]}",14159
1k831,音乐,831,第5轮,女歌手唱的,music_song_search,"{""retext"": ""女歌手唱的"", ""gender"": [""女""], ""tag"": [""嘻哈""]}",14160
1k832,音乐,832,第1轮,想听点摇滚乐,music_song_search,"{""retext"": ""想听点摇滚乐"", ""tag"": [""摇滚""]}",14161
1k832,音乐,832,第2轮,国外的乐队,music_song_search,"{""retext"": ""国外的乐队"", ""tag"": [""摇滚""]}",14162
1k832,音乐,832,第3轮,演唱会版,music_song_search,"{""retext"": ""演唱会版"", ""version"": [""live版""], ""tag"": [""摇滚"", ""演唱会""]}",14163
1k832,音乐,832,第4轮,欧美乐队,music_song_search,"{""retext"": ""欧美乐队"", ""tag"": [""摇滚""]}",14164
1k832,音乐,832,第5轮,现场版的那种,music_song_search,"{""retext"": ""现场版的那种"", ""version"": [""live版""], ""tag"": [""摇滚"", ""演唱会""]}",14165
1k833,音乐,833,第1轮,推荐几首民谣,music_song_search,"{""retext"": ""推荐几首民谣"", ""tag"": [""民谣""]}",14166
1k833,音乐,833,第2轮,国内的,music_song_search,"{""retext"": ""国内的"", ""tag"": [""民谣""]}",14167
1k833,音乐,833,第3轮,男歌手的有吗,music_song_search,"{""retext"": ""男歌手的有吗"", ""gender"": [""男""], ""tag"": [""民谣""]}",14168
1k833,音乐,833,第4轮,木吉他那种,music_song_search,"{""retext"": ""木吉他那种"", ""tag"": [""民谣""]}",14169
1k833,音乐,833,第5轮,国产那种,music_song_search,"{""retext"": ""国产那种"", ""tag"": [""民谣""]}",14170
1k834,音乐,834,第1轮,播放《岁月神偷》,music_song_search,"{""retext"": ""播放《岁月神偷》"", ""song"": [""岁月神偷""]}",14171
1k834,音乐,834,第2轮,免费的有没有的那种,music_song_search,"{""retext"": ""免费的有没有的那种"", ""song"": [""岁月神偷""], ""version"": [""免费版""]}",14172
1k834,音乐,834,第3轮,循环放,music_song_search,"{""retext"": ""循环放"", ""song"": [""岁月神偷""]}",14173
1k834,音乐,834,第4轮,换成《别的歌》吧,music_song_search,"{""retext"": ""换成《别的歌》吧"", ""song"": [""别的歌""]}",14174
1k834,音乐,834,第5轮,原版的那种,music_song_search,"{""retext"": ""原版的那种"", ""song"": [""岁月神偷""]}",14175
1k835,音乐,835,第1轮,有没有点摇滚乐,music_song_search,"{""retext"": ""有没有点摇滚乐"", ""tag"": [""摇滚""]}",14176
1k835,音乐,835,第2轮,高音质的,music_song_search,"{""retext"": ""高音质的"", ""tag"": [""摇滚"", ""高音质""]}",14177
1k835,音乐,835,第3轮,演唱会现场版,music_song_search,"{""retext"": ""演唱会现场版"", ""version"": [""live版""], ""tag"": [""摇滚"", ""演唱会""]}",14178
1k835,音乐,835,第4轮,live版,music_song_search,"{""retext"": ""live版"", ""tag"": [""摇滚""]}",14179
1k835,音乐,835,第5轮,国外的乐队,music_song_search,"{""retext"": ""国外的乐队"", ""tag"": [""摇滚""]}",14180
1k836,音乐,836,第1轮,给我放粤语老歌,music_song_search,"{""retext"": ""给我放粤语老歌"", ""tag"": [""粤语老歌""]}",14181
1k836,音乐,836,第2轮,90年代的,music_song_search,"{""retext"": ""90年代的"", ""tag"": [""粤语老歌""]}",14182
1k836,音乐,836,第3轮,不花钱能听吗,music_song_search,"{""retext"": ""不花钱能听吗"", ""version"": [""免费版""], ""tag"": [""粤语老歌""]}",14183
1k836,音乐,836,第4轮,男歌手,music_song_search,"{""retext"": ""男歌手"", ""gender"": [""男""], ""tag"": [""粤语老歌""]}",14184
1k836,音乐,836,第5轮,老歌那种,music_song_search,"{""retext"": ""老歌那种"", ""tag"": [""粤语老歌""]}",14185
1k837,音乐,837,第1轮,有没有民谣,music_song_search,"{""retext"": ""有没有民谣"", ""tag"": [""民谣""]}",14186
1k837,音乐,837,第2轮,男歌手的有吗,music_song_search,"{""retext"": ""男歌手的有吗"", ""gender"": [""男""], ""tag"": [""民谣""]}",14187
1k837,音乐,837,第3轮,校园风,music_song_search,"{""retext"": ""校园风"", ""tag"": [""民谣""]}",14188
1k837,音乐,837,第4轮,男的唱的有吗,music_song_search,"{""retext"": ""男的唱的有吗"", ""tag"": [""民谣""]}",14189
1k837,音乐,837,第5轮,内地,music_song_search,"{""retext"": ""内地"", ""tag"": [""民谣""]}",14190
1k838,音乐,838,第1轮,推荐几首蓝调,music_song_search,"{""retext"": ""推荐几首蓝调"", ""tag"": [""蓝调""]}",14191
1k838,音乐,838,第2轮,轻柔点的,music_song_search,"{""retext"": ""轻柔点的"", ""tag"": [""蓝调""]}",14192
1k838,音乐,838,第3轮,要免费听的有没有,music_song_search,"{""retext"": ""要免费听的有没有"", ""version"": [""免费版""], ""tag"": [""蓝调""]}",14193
1k838,音乐,838,第4轮,柔和那种,music_song_search,"{""retext"": ""柔和那种"", ""tag"": [""蓝调""]}",14194
1k838,音乐,838,第5轮,不要钱能听的,music_song_search,"{""retext"": ""不要钱能听的"", ""tag"": [""蓝调""]}",14195
1k839,音乐,839,第1轮,来点说唱,music_song_search,"{""retext"": ""来点说唱"", ""tag"": [""说唱""]}",14196
1k839,音乐,839,第2轮,最近那种,music_song_search,"{""retext"": ""最近那种"", ""tag"": [""说唱""]}",14197
1k839,音乐,839,第3轮,中文那种,music_song_search,"{""retext"": ""中文那种"", ""tag"": [""说唱""]}",14198
1k839,音乐,839,第4轮,免费那种,music_song_search,"{""retext"": ""免费那种"", ""version"": [""免费版""], ""tag"": [""说唱""]}",14199
1k839,音乐,839,第5轮,女歌手的有吗,music_song_search,"{""retext"": ""女歌手的有吗"", ""gender"": [""女""], ""tag"": [""说唱""]}",14200
1k840,音乐,840,第1轮,来点爵士乐,music_song_search,"{""retext"": ""来点爵士乐"", ""tag"": [""爵士""]}",14201
1k840,音乐,840,第2轮,要钱吗,music_song_search,"{""retext"": ""要钱吗"", ""tag"": [""爵士""]}",14202
1k840,音乐,840,第3轮,现场版,music_song_search,"{""retext"": ""现场版"", ""version"": [""live版""], ""tag"": [""爵士"", ""演唱会""]}",14203
1k840,音乐,840,第4轮,收费吗,music_song_search,"{""retext"": ""收费吗"", ""tag"": [""爵士""]}",14204
1k840,音乐,840,第5轮,国外乐队的有吗,music_song_search,"{""retext"": ""国外乐队的有吗"", ""tag"": [""爵士"", ""国外乐队""]}",14205
1k841,音乐,841,第1轮,推荐几首说唱,music_song_search,"{""retext"": ""推荐几首说唱"", ""tag"": [""说唱""]}",14206
1k841,音乐,841,第2轮,要新出的,music_song_search,"{""retext"": ""要新出的"", ""tag"": [""说唱""]}",14207
1k841,音乐,841,第3轮,有免费版的吗,music_song_search,"{""retext"": ""有免费版的吗"", ""version"": [""免费版""], ""tag"": [""说唱""]}",14208
1k841,音乐,841,第4轮,中文版的有吗,music_song_search,"{""retext"": ""中文版的有吗"", ""tag"": [""说唱""]}",14209
1k841,音乐,841,第5轮,要节奏感强的,music_song_search,"{""retext"": ""要节奏感强的"", ""tag"": [""说唱"", ""节奏感强""]}",14210
1k842,音乐,842,第1轮,来点跑步听的歌,music_song_search,"{""retext"": ""来点跑步听的歌"", ""tag"": [""流行""]}",14211
1k842,音乐,842,第2轮,动感那种,music_song_search,"{""retext"": ""动感那种"", ""tag"": [""流行""]}",14212
1k842,音乐,842,第3轮,免费渠道,music_song_search,"{""retext"": ""免费渠道"", ""version"": [""免费版""], ""tag"": [""流行""]}",14213
1k842,音乐,842,第4轮,时长一小时以上的歌单,music_song_search,"{""retext"": ""时长一小时以上的歌单"", ""tag"": [""流行""]}",14214
1k842,音乐,842,第5轮,不花钱的渠道,music_song_search,"{""retext"": ""不花钱的渠道"", ""version"": [""免费版""], ""tag"": [""流行""]}",14215
1k843,音乐,843,第1轮,放点爵士乐,music_song_search,"{""retext"": ""放点爵士乐"", ""tag"": [""爵士""]}",14216
1k843,音乐,843,第2轮,国外乐队的有吗,music_song_search,"{""retext"": ""国外乐队的有吗"", ""tag"": [""爵士"", ""国外乐队""]}",14217
1k843,音乐,843,第3轮,live那种,music_song_search,"{""retext"": ""live那种"", ""tag"": [""爵士""]}",14218
1k843,音乐,843,第4轮,音质高,music_song_search,"{""retext"": ""音质高"", ""tag"": [""爵士"", ""高音质""]}",14219
1k843,音乐,843,第5轮,录音室版有吗,music_song_search,"{""retext"": ""录音室版有吗"", ""tag"": [""爵士""]}",14220
1k844,音乐,844,第1轮,给我放伤感的歌,music_song_search,"{""retext"": ""给我放伤感的歌"", ""tag"": [""伤感""]}",14221
1k844,音乐,844,第2轮,失恋听的那种,music_song_search,"{""retext"": ""失恋听的那种"", ""tag"": [""伤感"", ""伤感""]}",14222
1k844,音乐,844,第3轮,不花钱能听吗,music_song_search,"{""retext"": ""不花钱能听吗"", ""version"": [""免费版""], ""tag"": [""伤感""]}",14223
1k844,音乐,844,第4轮,华语老歌有吗,music_song_search,"{""retext"": ""华语老歌有吗"", ""tag"": [""伤感"", ""华语""]}",14224
1k844,音乐,844,第5轮,经典款,music_song_search,"{""retext"": ""经典款"", ""tag"": [""伤感"", ""经典""]}",14225
1k845,音乐,845,第1轮,给我放五月天的歌,music_song_search,"{""retext"": ""给我放五月天的歌"", ""singer"": [""五月天""]}",14226
1k845,音乐,845,第2轮,不花钱的能听吗,music_song_search,"{""retext"": ""不花钱的能听吗"", ""singer"": [""五月天""]}",14227
1k845,音乐,845,第3轮,最有名的那首,music_song_search,"{""retext"": ""最有名的那首"", ""singer"": [""五月天""], ""tag"": [""经典""]}",14228
1k845,音乐,845,第4轮,最经典那首,music_song_search,"{""retext"": ""最经典那首"", ""singer"": [""五月天""], ""tag"": [""经典""]}",14229
1k845,音乐,845,第5轮,换成 别的歌手 的吧,music_song_search,"{""retext"": ""换成 别的歌手 的吧""}",14230
1k846,音乐,846,第1轮,给我放跑步听的歌,music_song_search,"{""retext"": ""给我放跑步听的歌"", ""tag"": [""流行""]}",14231
1k846,音乐,846,第2轮,不花钱渠道,music_song_search,"{""retext"": ""不花钱渠道"", ""version"": [""免费版""], ""tag"": [""流行""]}",14232
1k846,音乐,846,第3轮,快节奏,music_song_search,"{""retext"": ""快节奏"", ""tag"": [""流行"", ""节奏感强""]}",14233
1k846,音乐,846,第4轮,长歌单,music_song_search,"{""retext"": ""长歌单"", ""tag"": [""流行""]}",14234
1k846,音乐,846,第5轮,英语歌,music_song_search,"{""retext"": ""英语歌"", ""tag"": [""流行"", ""英语""]}",14235
1k847,音乐,847,第1轮,推荐几首儿歌,music_song_search,"{""retext"": ""推荐几首儿歌"", ""tag"": [""儿童歌曲""]}",14236
1k847,音乐,847,第2轮,要音质好的,music_song_search,"{""retext"": ""要音质好的"", ""tag"": [""儿童歌曲"", ""高音质""]}",14237
1k847,音乐,847,第3轮,高音质的,music_song_search,"{""retext"": ""高音质的"", ""tag"": [""儿童歌曲"", ""高音质""]}",14238
1k847,音乐,847,第4轮,男的唱的,music_song_search,"{""retext"": ""男的唱的"", ""tag"": [""儿童歌曲""]}",14239
1k847,音乐,847,第5轮,不要会员能听的,music_song_search,"{""retext"": ""不要会员能听的"", ""tag"": [""儿童歌曲""]}",14240
1k848,音乐,848,第1轮,放点KTV必点的歌,music_song_search,"{""retext"": ""放点KTV必点的歌"", ""tag"": [""流行""]}",14241
1k848,音乐,848,第2轮,容易唱的,music_song_search,"{""retext"": ""容易唱的"", ""tag"": [""流行""]}",14242
1k848,音乐,848,第3轮,不费嗓的,music_song_search,"{""retext"": ""不费嗓的"", ""tag"": [""流行""]}",14243
1k848,音乐,848,第4轮,别太高音,music_song_search,"{""retext"": ""别太高音"", ""tag"": [""流行""]}",14244
1k848,音乐,848,第5轮,不要钱能听吗,music_song_search,"{""retext"": ""不要钱能听吗"", ""tag"": [""流行""]}",14245
1k849,音乐,849,第1轮,想听说唱,music_song_search,"{""retext"": ""想听说唱"", ""tag"": [""说唱""]}",14246
1k849,音乐,849,第2轮,不要会员那种,music_song_search,"{""retext"": ""不要会员那种"", ""tag"": [""说唱""]}",14247
1k849,音乐,849,第3轮,最近上的,music_song_search,"{""retext"": ""最近上的"", ""tag"": [""说唱""]}",14248
1k849,音乐,849,第4轮,女歌手的有吗,music_song_search,"{""retext"": ""女歌手的有吗"", ""gender"": [""女""], ""tag"": [""说唱""]}",14249
1k849,音乐,849,第5轮,最近那种,music_song_search,"{""retext"": ""最近那种"", ""tag"": [""说唱""]}",14250
1k850,音乐,850,第1轮,想听爵士,music_song_search,"{""retext"": ""想听爵士"", ""tag"": [""爵士""]}",14251
1k850,音乐,850,第2轮,华语的有没有,music_song_search,"{""retext"": ""华语的有没有"", ""tag"": [""爵士"", ""华语""]}",14252
1k850,音乐,850,第3轮,男的唱的,music_song_search,"{""retext"": ""男的唱的"", ""tag"": [""爵士""]}",14253
1k850,音乐,850,第4轮,高音质的,music_song_search,"{""retext"": ""高音质的"", ""tag"": [""爵士"", ""高音质""]}",14254
1k850,音乐,850,第5轮,要华语那种,music_song_search,"{""retext"": ""要华语那种"", ""tag"": [""爵士"", ""华语""]}",14255
1k851,音乐,851,第1轮,来点KTV必点的歌,music_song_search,"{""retext"": ""来点KTV必点的歌"", ""tag"": [""流行""]}",14256
1k851,音乐,851,第2轮,普通话版,music_song_search,"{""retext"": ""普通话版"", ""tag"": [""流行""]}",14257
1k851,音乐,851,第3轮,对唱的,music_song_search,"{""retext"": ""对唱的"", ""tag"": [""流行""]}",14258
1k851,音乐,851,第4轮,要音别太高,music_song_search,"{""retext"": ""要音别太高"", ""tag"": [""流行""]}",14259
1k851,音乐,851,第5轮,免费能听吗,music_song_search,"{""retext"": ""免费能听吗"", ""version"": [""免费版""], ""tag"": [""流行""]}",14260
1k852,音乐,852,第1轮,有爵士乐吗,music_song_search,"{""retext"": ""有爵士乐吗"", ""tag"": [""爵士""]}",14261
1k852,音乐,852,第2轮,收费吗,music_song_search,"{""retext"": ""收费吗"", ""tag"": [""爵士""]}",14262
1k852,音乐,852,第3轮,要钱吗,music_song_search,"{""retext"": ""要钱吗"", ""tag"": [""爵士""]}",14263
1k852,音乐,852,第4轮,要收费吗,music_song_search,"{""retext"": ""要收费吗"", ""tag"": [""爵士""]}",14264
1k852,音乐,852,第5轮,国外乐队的有吗,music_song_search,"{""retext"": ""国外乐队的有吗"", ""tag"": [""爵士"", ""国外乐队""]}",14265
1k853,音乐,853,第1轮,来点爵士,music_song_search,"{""retext"": ""来点爵士"", ""tag"": [""爵士""]}",14266
1k853,音乐,853,第2轮,不要钱听的有没有,music_song_search,"{""retext"": ""不要钱听的有没有"", ""tag"": [""爵士""]}",14267
1k853,音乐,853,第3轮,轻柔点的,music_song_search,"{""retext"": ""轻柔点的"", ""tag"": [""爵士""]}",14268
1k853,音乐,853,第4轮,节奏感强的,music_song_search,"{""retext"": ""节奏感强的"", ""tag"": [""爵士"", ""节奏感强""]}",14269
1k853,音乐,853,第5轮,要节奏感强,music_song_search,"{""retext"": ""要节奏感强"", ""tag"": [""爵士"", ""节奏感强""]}",14270
1k854,音乐,854,第1轮,推荐几首摇滚,music_song_search,"{""retext"": ""推荐几首摇滚"", ""tag"": [""摇滚""]}",14271
1k854,音乐,854,第2轮,不花钱的能听吗,music_song_search,"{""retext"": ""不花钱的能听吗"", ""version"": [""免费版""], ""tag"": [""摇滚""]}",14272
1k854,音乐,854,第3轮,要节奏快的,music_song_search,"{""retext"": ""要节奏快的"", ""tag"": [""摇滚"", ""节奏感强""]}",14273
1k854,音乐,854,第4轮,音质高一点的,music_song_search,"{""retext"": ""音质高一点的"", ""tag"": [""摇滚"", ""高音质""]}",14274
1k854,音乐,854,第5轮,轻柔点的,music_song_search,"{""retext"": ""轻柔点的"", ""tag"": [""摇滚""]}",14275
1k855,音乐,855,第1轮,有没有伤感的歌,music_song_search,"{""retext"": ""有没有伤感的歌"", ""tag"": [""伤感""]}",14276
1k855,音乐,855,第2轮,华语经典,music_song_search,"{""retext"": ""华语经典"", ""tag"": [""伤感"", ""华语"", ""经典""]}",14277
1k855,音乐,855,第3轮,免费能听的有吗,music_song_search,"{""retext"": ""免费能听的有吗"", ""version"": [""免费版""], ""tag"": [""伤感""]}",14278
1k855,音乐,855,第4轮,要免费听的,music_song_search,"{""retext"": ""要免费听的"", ""version"": [""免费版""], ""tag"": [""伤感""]}",14279
1k855,音乐,855,第5轮,最经典那种,music_song_search,"{""retext"": ""最经典那种"", ""tag"": [""伤感"", ""经典""]}",14280
1k856,音乐,856,第1轮,给我放民谣,music_song_search,"{""retext"": ""给我放民谣"", ""tag"": [""民谣""]}",14281
1k856,音乐,856,第2轮,国产那种,music_song_search,"{""retext"": ""国产那种"", ""tag"": [""民谣""]}",14282
1k856,音乐,856,第3轮,男的唱的有吗,music_song_search,"{""retext"": ""男的唱的有吗"", ""tag"": [""民谣""]}",14283
1k856,音乐,856,第4轮,国内的有没有,music_song_search,"{""retext"": ""国内的有没有"", ""tag"": [""民谣""]}",14284
1k856,音乐,856,第5轮,吉他伴奏的,music_song_search,"{""retext"": ""吉他伴奏的"", ""tag"": [""民谣""]}",14285
1k857,音乐,857,第1轮,有没有轻音乐,music_song_search,"{""retext"": ""有没有轻音乐"", ""tag"": [""轻音乐""]}",14286
1k857,音乐,857,第2轮,不要钱的能听吗,music_song_search,"{""retext"": ""不要钱的能听吗"", ""tag"": [""轻音乐""]}",14287
1k857,音乐,857,第3轮,要男歌手的,music_song_search,"{""retext"": ""要男歌手的"", ""gender"": [""男""], ""tag"": [""轻音乐""]}",14288
1k857,音乐,857,第4轮,不要会员听的有没有,music_song_search,"{""retext"": ""不要会员听的有没有"", ""tag"": [""轻音乐""]}",14289
1k857,音乐,857,第5轮,男的唱的,music_song_search,"{""retext"": ""男的唱的"", ""tag"": [""轻音乐""]}",14290
1k858,音乐,858,第1轮,《三体》讲什么,fan_knowledge_agent,"{""messages"": [{""role"": ""user"", ""content"": ""《三体》讲什么""}], ""riskRespStrategy"": ""all_replace""}",14291
1k858,音乐,858,第2轮,作者是谁,fan_knowledge_agent,"{""messages"": [{""role"": ""user"", ""content"": ""作者是谁""}], ""riskRespStrategy"": ""all_replace""}",14292
1k858,音乐,858,第3轮,结局是什么,fan_knowledge_agent,"{""messages"": [{""role"": ""user"", ""content"": ""结局是什么""}], ""riskRespStrategy"": ""all_replace""}",14293
1k858,音乐,858,第4轮,有电视剧版吗,vod_search,"{""action"": ""search"", ""query"": {""field"": ""tag"", ""value"": ""科幻""}}",14294
1k858,音乐,858,第5轮,第二部叫什么,vod_search,"{""action"": ""search"", ""query"": {""field"": ""tag"", ""value"": ""科幻""}}",14295
1k859,音乐,859,第1轮,红楼梦作者是谁,fan_knowledge_agent,"{""messages"": [{""role"": ""user"", ""content"": ""红楼梦作者是谁""}], ""riskRespStrategy"": ""all_replace""}",14296
1k859,音乐,859,第2轮,讲什么的,fan_knowledge_agent,"{""messages"": [{""role"": ""user"", ""content"": ""讲什么的""}], ""riskRespStrategy"": ""all_replace""}",14297
1k859,音乐,859,第3轮,主角有哪些,fan_knowledge_agent,"{""messages"": [{""role"": ""user"", ""content"": ""主角有哪些""}], ""riskRespStrategy"": ""all_replace""}",14298
1k859,音乐,859,第4轮,有改编的电视剧吗,vod_search,"{""action"": ""search"", ""query"": {""field"": ""tag"", ""value"": ""古装""}}",14299
1k859,音乐,859,第5轮,哪个版本最经典,fan_knowledge_agent,"{""messages"": [{""role"": ""user"", ""content"": ""哪个版本最经典""}], ""riskRespStrategy"": ""all_replace""}",14300
1k860,音乐,860,第1轮,《流浪地球》讲的什么,fan_knowledge_agent,"{""messages"": [{""role"": ""user"", ""content"": ""《流浪地球》讲的什么""}], ""riskRespStrategy"": ""all_replace""}",14301
1k860,音乐,860,第2轮,导演是谁,fan_knowledge_agent,"{""messages"": [{""role"": ""user"", ""content"": ""导演是谁""}], ""riskRespStrategy"": ""all_replace""}",14302
1k860,音乐,860,第3轮,票房多少,fan_knowledge_agent,"{""messages"": [{""role"": ""user"", ""content"": ""票房多少""}], ""riskRespStrategy"": ""all_replace""}",14303
1k860,音乐,860,第4轮,有续集吗,vod_search,"{""action"": ""search"", ""query"": {""field"": ""tag"", ""value"": ""科幻""}}",14304
1k860,音乐,860,第5轮,和原著差别大吗,fan_knowledge_agent,"{""messages"": [{""role"": ""user"", ""content"": ""和原著差别大吗""}], ""riskRespStrategy"": ""all_replace""}",14305
1k861,体育,861,第1轮,有没有好看的足球比赛视频,sports_vod_search,"{""query"": {}}",14306
1k861,体育,861,第2轮,7.21那天,sports_match_search,"{""action"": ""search"", ""query"": {""and"": [{""field"": ""sport_name"", ""value"": ""足球""}, {""field"": ""sport_time"", ""value"": ""20260721""}]}}",14307
1k861,体育,861,第3轮,英超比赛,sports_match_search,"{""action"": ""search"", ""query"": {""and"": [{""field"": ""sport_name"", ""value"": ""足球""}, {""field"": ""sport_time"", ""value"": ""20260721""}]}}",14308
1k861,体育,861,第4轮,有回放吗,sports_vod_search,"{""action"": ""search"", ""query"": {""and"": [{""field"": ""sport_name"", ""value"": ""足球""}, {""field"": ""sport_time"", ""value"": ""20260721""}, {""field"": ""field"", ""value"": ""value""}, {""field"": ""live_state"", ""values"": [""3"", ""4""]}]}}",14309
1k861,体育,861,第5轮,7月21日踢的,sports_match_search,"{""action"": ""search"", ""query"": {""and"": [{""field"": ""sport_name"", ""value"": ""足球""}, {""field"": ""sport_time"", ""value"": ""20260721""}, {""field"": ""field"", ""value"": ""value""}, {""field"": ""live_state"", ""values"": [""3"", ""4""]}]}}",14310
1k862,体育,862,第1轮,有啥好看的篮球比赛视频,sports_vod_search,"{""query"": {}}",14311
1k862,体育,862,第2轮,季后赛,sports_match_search,"{""action"": ""search"", ""query"": {""and"": [{""field"": ""sport_name"", ""value"": ""篮球""}, {""field"": ""sport_competition_phase"", ""value"": ""季后赛""}]}}",14312
1k862,体育,862,第3轮,在广州打的,sports_match_search,"{""action"": ""search"", ""query"": {""and"": [{""field"": ""sport_name"", ""value"": ""篮球""}, {""field"": ""sport_competition_phase"", ""value"": ""季后赛""}, {""field"": ""sport_team_home"", ""value"": ""广州""}]}}",14313
1k862,体育,862,第4轮,在广州打的那场,sports_match_search,"{""action"": ""search"", ""query"": {""and"": [{""field"": ""sport_name"", ""value"": ""篮球""}, {""field"": ""sport_competition_phase"", ""value"": ""季后赛""}, {""field"": ""sport_team_home"", ""value"": ""广州""}]}}",14314
1k862,体育,862,第5轮,CBA那种,sports_match_search,"{""action"": ""search"", ""query"": {""and"": [{""field"": ""sport_name"", ""value"": ""篮球""}, {""field"": ""sport_competition_phase"", ""value"": ""季后赛""}, {""field"": ""sport_team_home"", ""value"": ""广州""}]}}",14315
1k863,体育,863,第1轮,推荐些网球的视频,sports_vod_search,"{""query"": {}}",14316
1k863,体育,863,第2轮,画质好点的,sports_vod_search,"{""action"": ""search"", ""query"": {""field"": ""sport_name"", ""value"": ""网球""}}",14317
1k863,体育,863,第3轮,郑钦文那场的那种,sports_match_search,"{""action"": ""search"", ""query"": {""and"": [{""field"": ""sport_name"", ""value"": ""网球""}, {""field"": ""sport_star"", ""value"": ""郑钦文""}]}}",14318
1k863,体育,863,第4轮,昨晚打的,sports_match_search,"{""action"": ""search"", ""query"": {""and"": [{""field"": ""sport_name"", ""value"": ""网球""}, {""field"": ""sport_star"", ""value"": ""郑钦文""}, {""field"": ""sport_time"", ""value"": ""最近""}]}}",14319
1k863,体育,863,第5轮,郑钦文的比赛,sports_match_search,"{""action"": ""search"", ""query"": {""and"": [{""field"": ""sport_name"", ""value"": ""网球""}, {""field"": ""sport_star"", ""value"": ""郑钦文""}, {""field"": ""sport_time"", ""value"": ""最近""}]}}",14320
1k864,体育,864,第1轮,推荐几部世界杯的比赛,sports_vod_search,"{""query"": {}}",14321
1k864,体育,864,第2轮,谁夺冠,sports_match_search,"{""action"": ""search"", ""messages"": [{""role"": ""user"", ""content"": ""谁夺冠""}], ""riskRespStrategy"": ""all_replace""}",14322
1k864,体育,864,第3轮,哪天进行的决赛的那种,fan_knowledge_agent,"{""messages"": [{""role"": ""user"", ""content"": ""哪天进行的决赛的那种""}], ""riskRespStrategy"": ""all_replace""}",14323
1k864,体育,864,第4轮,回放决赛,sports_vod_search,"{""action"": ""search"", ""query"": {""and"": [{""field"": ""sport_game"", ""value"": ""世界杯""}, {""field"": ""sport_competition_phase"", ""value"": ""决赛""}]}}",14324
1k864,体育,864,第5轮,在哪儿办的,sports_match_search,"{""action"": ""search"", ""messages"": [{""role"": ""user"", ""content"": ""在哪儿办的""}], ""riskRespStrategy"": ""all_replace""}",14325
1k865,体育,865,第1轮,最近想看本周的NBA集锦,sports_vod_search,"{""query"": {""and"": [{""field"": ""sport_game"", ""value"": ""NBA""}, {""field"": ""sport_time_range"", ""value"": {""from"": ""20260915 00:00:00"", ""to"": ""20260921 23:59:59""}}]}}",14326
1k865,体育,865,第2轮,勇士那种,sports_match_search,"{""action"": ""search"", ""query"": {""and"": [{""field"": ""sport_game"", ""value"": ""NBA""}, {""field"": ""sport_time_range"", ""value"": {""from"": ""20260915 00:00:00"", ""to"": ""20260921 23:59:59""}}]}}",14327
1k865,体育,865,第3轮,高清那种,sports_vod_search,"{""action"": ""search"", ""query"": {""and"": [{""field"": ""sport_game"", ""value"": ""NBA""}, {""field"": ""sport_time_range"", ""value"": {""from"": ""20260915 00:00:00"", ""to"": ""20260921 23:59:59""}}]}}",14328
1k865,体育,865,第4轮,画质好的,sports_vod_search,"{""action"": ""search"", ""query"": {""and"": [{""field"": ""sport_game"", ""value"": ""NBA""}, {""field"": ""sport_time_range"", ""value"": {""from"": ""20260915 00:00:00"", ""to"": ""20260921 23:59:59""}}]}}",14329
1k865,体育,865,第5轮,有十佳球的,sports_vod_search,"{""action"": ""search"", ""query"": {""and"": [{""field"": ""sport_game"", ""value"": ""NBA""}, {""field"": ""sport_time_range"", ""value"": {""from"": ""20260915 00:00:00"", ""to"": ""20260921 23:59:59""}}]}}",14330
1k866,体育,866,第1轮,有没有好看的奥运会乒乓球比赛视频,sports_vod_search,"{""query"": {""and"": [{""field"": ""sport_name"", ""value"": ""乒乓球""}, {""field"": ""sport_game"", ""value"": ""奥运会""}]}}",14331
1k866,体育,866,第2轮,画质好的,sports_vod_search,"{""action"": ""search"", ""query"": {""and"": [{""field"": ""sport_name"", ""value"": ""乒乓球""}, {""field"": ""sport_game"", ""value"": ""奥运会""}]}}",14332
1k866,体育,866,第3轮,樊振东的比赛,sports_match_search,"{""action"": ""search"", ""query"": {""and"": [{""field"": ""sport_name"", ""value"": ""乒乓球""}, {""field"": ""sport_game"", ""value"": ""奥运会""}, {""field"": ""sport_star"", ""value"": ""樊振东""}]}}",14333
1k866,体育,866,第4轮,男子单打决赛,sports_match_search,"{""action"": ""search"", ""query"": {""and"": [{""field"": ""sport_name"", ""value"": ""乒乓球""}, {""field"": ""sport_game"", ""value"": ""奥运会""}, {""field"": ""sport_star"", ""value"": ""樊振东""}, {""field"": ""sport_competition_phase"", ""value"": ""决赛""}]}}",14334
1k866,体育,866,第5轮,画质清楚点的,sports_vod_search,"{""action"": ""search"", ""query"": {""and"": [{""field"": ""sport_name"", ""value"": ""乒乓球""}, {""field"": ""sport_game"", ""value"": ""奥运会""}, {""field"": ""sport_star"", ""value"": ""樊振东""}, {""field"": ""sport_competition_phase"", ""value"": ""决赛""}]}}",14335
1k867,体育,867,第1轮,有没有好看的羽毛球比赛,sports_vod_search,"{""query"": {}}",14336
1k867,体育,867,第2轮,有完整的吗,sports_vod_search,"{""action"": ""search"", ""query"": {""and"": [{""field"": ""field"", ""value"": ""value""}, {""field"": ""live_state"", ""values"": [""3"", ""4""]}]}}",14337
1k867,体育,867,第3轮,陈雨菲,sports_match_search,"{""action"": ""search"", ""query"": {""and"": [{""field"": ""field"", ""value"": ""value""}, {""field"": ""live_state"", ""values"": [""3"", ""4""]}, {""field"": ""sport_name"", ""value"": ""羽毛球""}, {""field"": ""sport_star"", ""value"": ""陈雨菲""}]}}",14338
1k867,体育,867,第4轮,世锦赛,sports_vod_search,"{""action"": ""search"", ""query"": {""and"": [{""field"": ""field"", ""value"": ""value""}, {""field"": ""live_state"", ""values"": [""3"", ""4""]}, {""field"": ""sport_name"", ""value"": ""羽毛球""}, {""field"": ""sport_star"", ""value"": ""陈雨菲""}]}}",14339
1k867,体育,867,第5轮,女单,sports_match_search,"{""action"": ""search"", ""query"": {""and"": [{""field"": ""field"", ""value"": ""value""}, {""field"": ""live_state"", ""values"": [""3"", ""4""]}, {""field"": ""sport_name"", ""value"": ""羽毛球""}, {""field"": ""sport_star"", ""value"": ""陈雨菲""}, {""field"": ""sport_competition_phase"", ""value"": ""决赛""}]}}",14340
1k868,体育,868,第1轮,来一部中超的比赛录像,sports_vod_search,"{""query"": {}}",14341
1k868,体育,868,第2轮,上港的,sports_match_search,"{""action"": ""search"", ""query"": {""field"": ""sport_game"", ""value"": ""中超""}}",14342
1k868,体育,868,第3轮,上月那种,sports_match_search,"{""action"": ""search"", ""query"": {""field"": ""sport_game"", ""value"": ""中超""}}",14343
1k868,体育,868,第4轮,上个月,sports_match_search,"{""action"": ""search"", ""query"": {""and"": [{""field"": ""sport_game"", ""value"": ""中超""}, {""field"": ""sport_time"", ""value"": ""最近""}]}}",14344
1k868,体育,868,第5轮,主场那种,sports_vod_search,"{""action"": ""search"", ""query"": {""and"": [{""field"": ""sport_game"", ""value"": ""中超""}, {""field"": ""sport_time"", ""value"": ""最近""}]}}",14345
1k869,体育,869,第1轮,有哪些马拉松比赛视频,sports_vod_search,"{""query"": {}}",14346
1k869,体育,869,第2轮,全程回放,sports_vod_search,"{""action"": ""search"", ""query"": {""and"": [{""field"": ""field"", ""value"": ""value""}, {""field"": ""live_state"", ""values"": [""3"", ""4""]}]}}",14347
1k869,体育,869,第3轮,国内马拉松,sports_match_search,"{""action"": ""search"", ""query"": {""and"": [{""field"": ""field"", ""value"": ""value""}, {""field"": ""live_state"", ""values"": [""3"", ""4""]}, {""field"": ""sport_name"", ""value"": ""马拉松""}]}}",14348
1k869,体育,869,第4轮,有高清的吗,sports_vod_search,"{""action"": ""search"", ""query"": {""and"": [{""field"": ""field"", ""value"": ""value""}, {""field"": ""live_state"", ""values"": [""3"", ""4""]}, {""field"": ""sport_name"", ""value"": ""马拉松""}]}}",14349
1k869,体育,869,第5轮,免费的,sports_vod_search,"{""action"": ""search"", ""query"": {""and"": [{""field"": ""field"", ""value"": ""value""}, {""field"": ""live_state"", ""values"": [""3"", ""4""]}, {""field"": ""sport_name"", ""value"": ""马拉松""}]}}",14350
1k870,体育,870,第1轮,来几部F1的比赛,sports_vod_search,"{""query"": {}}",14351
1k870,体育,870,第2轮,排位赛那种,sports_match_search,"{""action"": ""search"", ""query"": {""and"": [{""field"": ""sport_name"", ""value"": ""F1""}, {""field"": ""sport_competition_phase"", ""value"": ""排位赛""}]}}",14352
1k870,体育,870,第3轮,上海那种,sports_match_search,"{""action"": ""search"", ""query"": {""and"": [{""field"": ""sport_name"", ""value"": ""F1""}, {""field"": ""sport_competition_phase"", ""value"": ""排位赛""}]}}",14353
1k870,体育,870,第4轮,要排位,sports_match_search,"{""action"": ""search"", ""query"": {""and"": [{""field"": ""sport_name"", ""value"": ""F1""}, {""field"": ""sport_competition_phase"", ""value"": ""排位赛""}]}}",14354
1k870,体育,870,第5轮,不要会员的有没有,sports_vod_search,"{""action"": ""search"", ""query"": {""and"": [{""field"": ""sport_name"", ""value"": ""F1""}, {""field"": ""sport_competition_phase"", ""value"": ""排位赛""}]}}",14355
1k871,体育,871,第1轮,来几部排球比赛,sports_vod_search,"{""query"": {}}",14356
1k871,体育,871,第2轮,完整的,sports_vod_search,"{""action"": ""search"", ""query"": {""and"": [{""field"": ""field"", ""value"": ""value""}, {""field"": ""live_state"", ""values"": [""3"", ""4""]}]}}",14357
1k871,体育,871,第3轮,能免费看吗,sports_vod_search,"{""action"": ""search"", ""query"": {""and"": [{""field"": ""field"", ""value"": ""value""}, {""field"": ""live_state"", ""values"": [""3"", ""4""]}, {""field"": ""sport_name"", ""value"": ""排球""}]}}",14358
1k871,体育,871,第4轮,不要钱的吗,sports_vod_search,"{""action"": ""search"", ""query"": {""and"": [{""field"": ""field"", ""value"": ""value""}, {""field"": ""live_state"", ""values"": [""3"", ""4""]}, {""field"": ""sport_name"", ""value"": ""排球""}]}}",14359
1k871,体育,871,第5轮,世界女排联赛的那种,sports_match_search,"{""action"": ""search"", ""query"": {""and"": [{""field"": ""field"", ""value"": ""value""}, {""field"": ""live_state"", ""values"": [""3"", ""4""]}, {""field"": ""sport_name"", ""value"": ""排球""}]}}",14360
1k872,体育,872,第1轮,看看台球比赛视频,sports_vod_search,"{""query"": {}}",14361
1k872,体育,872,第2轮,画质细,sports_vod_search,"{""action"": ""search"", ""query"": {""field"": ""sport_name"", ""value"": ""台球""}}",14362
1k872,体育,872,第3轮,免费能看的,sports_vod_search,"{""action"": ""search"", ""query"": {""field"": ""sport_name"", ""value"": ""台球""}}",14363
1k872,体育,872,第4轮,要丁俊晖,sports_match_search,"{""action"": ""search"", ""query"": {""and"": [{""field"": ""sport_name"", ""value"": ""台球""}, {""field"": ""sport_star"", ""value"": ""丁俊晖""}]}}",14364
1k872,体育,872,第5轮,斯诺克那种,sports_vod_search,"{""action"": ""search"", ""query"": {""and"": [{""field"": ""sport_name"", ""value"": ""台球""}, {""field"": ""sport_star"", ""value"": ""丁俊晖""}]}}",14365
1k873,体育,873,第1轮,找点拳击比赛,sports_vod_search,"{""query"": {}}",14366
1k873,体育,873,第2轮,免费能看的有吗,sports_vod_search,"{""action"": ""search"", ""query"": {""field"": ""sport_name"", ""value"": ""拳击""}}",14367
1k873,体育,873,第3轮,集锦有吗,sports_vod_search,"{""action"": ""search"", ""query"": {""field"": ""sport_name"", ""value"": ""拳击""}}",14368
1k873,体育,873,第4轮,要看集锦,sports_vod_search,"{""action"": ""search"", ""query"": {""field"": ""sport_name"", ""value"": ""拳击""}}",14369
1k873,体育,873,第5轮,有集锦吗,sports_vod_search,"{""action"": ""search"", ""query"": {""field"": ""sport_name"", ""value"": ""拳击""}}",14370
1k874,体育,874,第1轮,推荐几部电竞比赛视频,sports_vod_search,"{""query"": {}}",14371
1k874,体育,874,第2轮,带解说,sports_vod_search,"{""action"": ""search"", ""query"": {""field"": ""sport_name"", ""value"": ""电竞""}}",14372
1k874,体育,874,第3轮,英雄联盟那种,sports_match_search,"{""action"": ""search"", ""query"": {""field"": ""sport_name"", ""value"": ""电竞""}}",14373
1k874,体育,874,第4轮,有解说版的,sports_vod_search,"{""action"": ""search"", ""query"": {""field"": ""sport_name"", ""value"": ""电竞""}}",14374
1k874,体育,874,第5轮,全球总决赛,sports_match_search,"{""action"": ""search"", ""query"": {""and"": [{""field"": ""sport_name"", ""value"": ""电竞""}, {""field"": ""sport_competition_phase"", ""value"": ""决赛""}]}}",14375
1k875,体育,875,第1轮,放几部足球比赛视频,sports_vod_search,"{""query"": {}}",14376
1k875,体育,875,第2轮,7月21号,sports_match_search,"{""action"": ""search"", ""query"": {""field"": ""sport_name"", ""value"": ""足球""}}",14377
1k875,体育,875,第3轮,比分多少,fan_knowledge_agent,"{""messages"": [{""role"": ""user"", ""content"": ""比分多少""}], ""riskRespStrategy"": ""all_replace""}",14378
1k875,体育,875,第4轮,有回放吗,sports_vod_search,"{""action"": ""search"", ""query"": {""and"": [{""field"": ""sport_name"", ""value"": ""足球""}, {""field"": ""field"", ""value"": ""value""}, {""field"": ""live_state"", ""values"": [""3"", ""4""]}]}}",14379
1k875,体育,875,第5轮,有回放,sports_vod_search,"{""action"": ""search"", ""query"": {""and"": [{""field"": ""sport_name"", ""value"": ""足球""}, {""field"": ""field"", ""value"": ""value""}, {""field"": ""live_state"", ""values"": [""3"", ""4""]}]}}",14380
1k876,体育,876,第1轮,有哪些篮球比赛视频,sports_vod_search,"{""query"": {}}",14381
1k876,体育,876,第2轮,中国男篮联赛的那种,sports_match_search,"{""action"": ""search"", ""query"": {""field"": ""sport_name"", ""value"": ""篮球""}}",14382
1k876,体育,876,第3轮,季后赛阶段,sports_match_search,"{""action"": ""search"", ""query"": {""and"": [{""field"": ""sport_name"", ""value"": ""篮球""}, {""field"": ""sport_competition_phase"", ""value"": ""季后赛""}]}}",14383
1k876,体育,876,第4轮,CBA那种,sports_match_search,"{""action"": ""search"", ""query"": {""and"": [{""field"": ""sport_name"", ""value"": ""篮球""}, {""field"": ""sport_competition_phase"", ""value"": ""季后赛""}]}}",14384
1k876,体育,876,第5轮,新疆那队,sports_match_search,"{""action"": ""search"", ""query"": {""and"": [{""field"": ""sport_name"", ""value"": ""篮球""}, {""field"": ""sport_competition_phase"", ""value"": ""季后赛""}]}}",14385
1k877,体育,877,第1轮,有啥好看的网球的视频,sports_vod_search,"{""query"": {}}",14386
1k877,体育,877,第2轮,要画质好点的,sports_vod_search,"{""action"": ""search"", ""query"": {""field"": ""sport_name"", ""value"": ""网球""}}",14387
1k877,体育,877,第3轮,高清那种,sports_vod_search,"{""action"": ""search"", ""query"": {""field"": ""sport_name"", ""value"": ""网球""}}",14388
1k877,体育,877,第4轮,大满贯那种,sports_vod_search,"{""action"": ""search"", ""query"": {""field"": ""sport_name"", ""value"": ""网球""}}",14389
1k877,体育,877,第5轮,郑钦文那种,sports_match_search,"{""action"": ""search"", ""query"": {""and"": [{""field"": ""sport_name"", ""value"": ""网球""}, {""field"": ""sport_star"", ""value"": ""郑钦文""}]}}",14390
1k878,体育,878,第1轮,来几部世界杯的比赛,sports_vod_search,"{""query"": {}}",14391
1k878,体育,878,第2轮,最后谁夺冠了,sports_match_search,"{""action"": ""search"", ""messages"": [{""role"": ""user"", ""content"": ""最后谁夺冠了""}], ""riskRespStrategy"": ""all_replace""}",14392
1k878,体育,878,第3轮,拿了冠军吗,fan_knowledge_agent,"{""messages"": [{""role"": ""user"", ""content"": ""拿了冠军吗""}], ""riskRespStrategy"": ""all_replace""}",14393
1k878,体育,878,第4轮,决赛回放,sports_vod_search,"{""action"": ""search"", ""query"": {""and"": [{""field"": ""sport_game"", ""value"": ""世界杯""}, {""field"": ""sport_competition_phase"", ""value"": ""决赛""}]}}",14394
1k878,体育,878,第5轮,回放决赛,sports_vod_search,"{""action"": ""search"", ""query"": {""and"": [{""field"": ""sport_game"", ""value"": ""世界杯""}, {""field"": ""sport_competition_phase"", ""value"": ""决赛""}]}}",14395
1k879,体育,879,第1轮,放本周的NBA集锦,sports_vod_search,"{""query"": {""and"": [{""field"": ""sport_game"", ""value"": ""NBA""}, {""field"": ""sport_time_range"", ""value"": {""from"": ""20260915 00:00:00"", ""to"": ""20260921 23:59:59""}}]}}",14396
1k879,体育,879,第2轮,不花钱的渠道,sports_vod_search,"{""action"": ""search"", ""query"": {""and"": [{""field"": ""sport_game"", ""value"": ""NBA""}, {""field"": ""sport_time_range"", ""value"": {""from"": ""20260915 00:00:00"", ""to"": ""20260921 23:59:59""}}]}}",14397
1k879,体育,879,第3轮,画质好点的,sports_vod_search,"{""action"": ""search"", ""query"": {""and"": [{""field"": ""sport_game"", ""value"": ""NBA""}, {""field"": ""sport_time_range"", ""value"": {""from"": ""20260915 00:00:00"", ""to"": ""20260921 23:59:59""}}]}}",14398
1k879,体育,879,第4轮,十佳球,sports_vod_search,"{""action"": ""search"", ""query"": {""and"": [{""field"": ""sport_game"", ""value"": ""NBA""}, {""field"": ""sport_time_range"", ""value"": {""from"": ""20260915 00:00:00"", ""to"": ""20260921 23:59:59""}}]}}",14399
1k879,体育,879,第5轮,有精彩进球,sports_vod_search,"{""action"": ""search"", ""query"": {""and"": [{""field"": ""sport_game"", ""value"": ""NBA""}, {""field"": ""sport_time_range"", ""value"": {""from"": ""20260915 00:00:00"", ""to"": ""20260921 23:59:59""}}]}}",14400
1k880,体育,880,第1轮,推荐些奥运会乒乓球比赛视频,sports_vod_search,"{""query"": {""and"": [{""field"": ""sport_name"", ""value"": ""乒乓球""}, {""field"": ""sport_game"", ""value"": ""奥运会""}]}}",14401
1k880,体育,880,第2轮,我要看完整视频,sports_vod_search,"{""action"": ""search"", ""query"": {""and"": [{""field"": ""sport_name"", ""value"": ""乒乓球""}, {""field"": ""sport_game"", ""value"": ""奥运会""}, {""field"": ""field"", ""value"": ""value""}, {""field"": ""live_state"", ""values"": [""3"", ""4""]}]}}",14402
1k880,体育,880,第3轮,樊振东的比赛,sports_match_search,"{""action"": ""search"", ""query"": {""and"": [{""field"": ""sport_name"", ""value"": ""乒乓球""}, {""field"": ""sport_game"", ""value"": ""奥运会""}, {""field"": ""field"", ""value"": ""value""}, {""field"": ""live_state"", ""values"": [""3"", ""4""]}, {""field"": ""sport_star"", ""value"": ""樊振东""}]}}",14403
1k880,体育,880,第4轮,男子单打决赛,sports_match_search,"{""action"": ""search"", ""query"": {""and"": [{""field"": ""sport_name"", ""value"": ""乒乓球""}, {""field"": ""sport_game"", ""value"": ""奥运会""}, {""field"": ""field"", ""value"": ""value""}, {""field"": ""live_state"", ""values"": [""3"", ""4""]}, {""field"": ""sport_star"", ""value"": ""樊振东""}, {""field"": ""sport_competition_phase"", ""value"": ""决赛""}]}}",14404
1k880,体育,880,第5轮,男单,sports_match_search,"{""action"": ""search"", ""query"": {""and"": [{""field"": ""sport_name"", ""value"": ""乒乓球""}, {""field"": ""sport_game"", ""value"": ""奥运会""}, {""field"": ""field"", ""value"": ""value""}, {""field"": ""live_state"", ""values"": [""3"", ""4""]}, {""field"": ""sport_star"", ""value"": ""樊振东""}, {""field"": ""sport_competition_phase"", ""value"": ""决赛""}]}}",14405
1k881,体育,881,第1轮,羽毛球比赛有哪些,sports_vod_search,"{""query"": {}}",14406
1k881,体育,881,第2轮,世锦赛那种,sports_match_search,"{""action"": ""search"", ""query"": {""field"": ""sport_name"", ""value"": ""羽毛球""}}",14407
1k881,体育,881,第3轮,世锦赛的,sports_match_search,"{""action"": ""search"", ""query"": {""field"": ""sport_name"", ""value"": ""羽毛球""}}",14408
1k881,体育,881,第4轮,世界锦标赛,sports_vod_search,"{""action"": ""search"", ""query"": {""field"": ""sport_name"", ""value"": ""羽毛球""}}",14409
1k881,体育,881,第5轮,女单决赛,sports_match_search,"{""action"": ""search"", ""query"": {""and"": [{""field"": ""sport_name"", ""value"": ""羽毛球""}, {""field"": ""sport_competition_phase"", ""value"": ""决赛""}]}}",14410
1k882,体育,882,第1轮,放中超的比赛录像,sports_vod_search,"{""query"": {}}",14411
1k882,体育,882,第2轮,上个月打的,sports_match_search,"{""action"": ""search"", ""query"": {""and"": [{""field"": ""sport_game"", ""value"": ""中超""}, {""field"": ""sport_time"", ""value"": ""最近""}]}}",14412
1k882,体育,882,第3轮,上个月,sports_match_search,"{""action"": ""search"", ""query"": {""and"": [{""field"": ""sport_game"", ""value"": ""中超""}, {""field"": ""sport_time"", ""value"": ""最近""}]}}",14413
1k882,体育,882,第4轮,上海海港,sports_match_search,"{""action"": ""search"", ""query"": {""and"": [{""field"": ""sport_game"", ""value"": ""中超""}, {""field"": ""sport_time"", ""value"": ""最近""}, {""field"": ""sport_team_home"", ""value"": ""上海海港""}]}}",14414
1k882,体育,882,第5轮,分辨率高的,sports_vod_search,"{""action"": ""search"", ""query"": {""and"": [{""field"": ""sport_game"", ""value"": ""中超""}, {""field"": ""sport_time"", ""value"": ""最近""}, {""field"": ""sport_team_home"", ""value"": ""上海海港""}]}}",14415
1k883,体育,883,第1轮,我想看马拉松比赛视频,sports_vod_search,"{""query"": {}}",14416
1k883,体育,883,第2轮,免费的,sports_vod_search,"{""action"": ""search"", ""query"": {""field"": ""sport_name"", ""value"": ""马拉松""}}",14417
1k883,体育,883,第3轮,今年的,sports_match_search,"{""action"": ""search"", ""query"": {""and"": [{""field"": ""sport_name"", ""value"": ""马拉松""}, {""field"": ""sport_time"", ""value"": ""最近""}]}}",14418
1k883,体育,883,第4轮,高清版的有吗,sports_vod_search,"{""action"": ""search"", ""query"": {""and"": [{""field"": ""sport_name"", ""value"": ""马拉松""}, {""field"": ""sport_time"", ""value"": ""最近""}]}}",14419
1k883,体育,883,第5轮,有高清的吗,sports_vod_search,"{""action"": ""search"", ""query"": {""and"": [{""field"": ""sport_name"", ""value"": ""马拉松""}, {""field"": ""sport_time"", ""value"": ""最近""}]}}",14420
1k884,体育,884,第1轮,推荐些F1的比赛,sports_vod_search,"{""query"": {}}",14421
1k884,体育,884,第2轮,排位赛,sports_match_search,"{""action"": ""search"", ""query"": {""and"": [{""field"": ""sport_name"", ""value"": ""F1""}, {""field"": ""sport_competition_phase"", ""value"": ""排位赛""}]}}",14422
1k884,体育,884,第3轮,资格赛的那种,sports_match_search,"{""action"": ""search"", ""query"": {""and"": [{""field"": ""sport_name"", ""value"": ""F1""}, {""field"": ""sport_competition_phase"", ""value"": ""排位赛""}]}}",14423
1k884,体育,884,第4轮,排位赛那种,sports_match_search,"{""action"": ""search"", ""query"": {""and"": [{""field"": ""sport_name"", ""value"": ""F1""}, {""field"": ""sport_competition_phase"", ""value"": ""排位赛""}]}}",14424
1k884,体育,884,第5轮,免费的有吗,sports_vod_search,"{""action"": ""search"", ""query"": {""and"": [{""field"": ""sport_name"", ""value"": ""F1""}, {""field"": ""sport_competition_phase"", ""value"": ""排位赛""}]}}",14425
1k885,体育,885,第1轮,想看排球比赛,sports_vod_search,"{""query"": {}}",14426
1k885,体育,885,第2轮,中巴那场,sports_match_search,"{""action"": ""search"", ""query"": {""field"": ""sport_name"", ""value"": ""排球""}}",14427
1k885,体育,885,第3轮,要免费的吗,sports_vod_search,"{""action"": ""search"", ""query"": {""field"": ""sport_name"", ""value"": ""排球""}}",14428
1k885,体育,885,第4轮,中国对巴西那场,sports_match_search,"{""action"": ""search"", ""query"": {""and"": [{""field"": ""sport_name"", ""value"": ""排球""}, {""field"": ""sport_team_home"", ""value"": ""中国""}, {""field"": ""sport_team_guest"", ""value"": ""巴西""}]}}",14429
1k885,体育,885,第5轮,中巴大战,sports_match_search,"{""action"": ""search"", ""query"": {""and"": [{""field"": ""sport_name"", ""value"": ""排球""}, {""field"": ""sport_team_home"", ""value"": ""中国""}, {""field"": ""sport_team_guest"", ""value"": ""巴西""}]}}",14430
1k886,体育,886,第1轮,放几部台球比赛视频,sports_vod_search,"{""query"": {}}",14431
1k886,体育,886,第2轮,斯诺克的,sports_vod_search,"{""action"": ""search"", ""query"": {""field"": ""sport_name"", ""value"": ""台球""}}",14432
1k886,体育,886,第3轮,画质细,sports_vod_search,"{""action"": ""search"", ""query"": {""field"": ""sport_name"", ""value"": ""台球""}}",14433
1k886,体育,886,第4轮,snooker的,sports_vod_search,"{""action"": ""search"", ""query"": {""field"": ""sport_name"", ""value"": ""台球""}}",14434
1k886,体育,886,第5轮,画质细腻的,sports_vod_search,"{""action"": ""search"", ""query"": {""field"": ""sport_name"", ""value"": ""台球""}}",14435
1k887,体育,887,第1轮,想看拳击比赛,sports_vod_search,"{""query"": {}}",14436
1k887,体育,887,第2轮,不收费,sports_vod_search,"{""action"": ""search"", ""query"": {""field"": ""sport_name"", ""value"": ""拳击""}}",14437
1k887,体育,887,第3轮,全场回放,sports_vod_search,"{""action"": ""search"", ""query"": {""and"": [{""field"": ""sport_name"", ""value"": ""拳击""}, {""field"": ""field"", ""value"": ""value""}, {""field"": ""live_state"", ""values"": [""3"", ""4""]}]}}",14438
1k887,体育,887,第4轮,重量级的,sports_vod_search,"{""action"": ""search"", ""query"": {""and"": [{""field"": ""sport_name"", ""value"": ""拳击""}, {""field"": ""field"", ""value"": ""value""}, {""field"": ""live_state"", ""values"": [""3"", ""4""]}]}}",14439
1k887,体育,887,第5轮,集锦有吗,sports_vod_search,"{""action"": ""search"", ""query"": {""and"": [{""field"": ""sport_name"", ""value"": ""拳击""}, {""field"": ""field"", ""value"": ""value""}, {""field"": ""live_state"", ""values"": [""3"", ""4""]}]}}",14440
1k888,体育,888,第1轮,放电竞比赛视频,sports_vod_search,"{""query"": {}}",14441
1k888,体育,888,第2轮,去年那种,sports_match_search,"{""action"": ""search"", ""query"": {""and"": [{""field"": ""sport_name"", ""value"": ""电竞""}, {""field"": ""sport_time"", ""value"": ""最近""}]}}",14442
1k888,体育,888,第3轮,全球总决赛,sports_match_search,"{""action"": ""search"", ""query"": {""and"": [{""field"": ""sport_name"", ""value"": ""电竞""}, {""field"": ""sport_time"", ""value"": ""最近""}, {""field"": ""sport_competition_phase"", ""value"": ""决赛""}]}}",14443
1k888,体育,888,第4轮,不收费的有吗,sports_vod_search,"{""action"": ""search"", ""query"": {""and"": [{""field"": ""sport_name"", ""value"": ""电竞""}, {""field"": ""sport_time"", ""value"": ""最近""}, {""field"": ""sport_competition_phase"", ""value"": ""决赛""}]}}",14444
1k888,体育,888,第5轮,去年出的有吗,sports_match_search,"{""action"": ""search"", ""query"": {""and"": [{""field"": ""sport_name"", ""value"": ""电竞""}, {""field"": ""sport_time"", ""value"": ""最近""}, {""field"": ""sport_competition_phase"", ""value"": ""决赛""}]}}",14445
1k889,体育,889,第1轮,找点足球比赛视频,sports_vod_search,"{""query"": {}}",14446
1k889,体育,889,第2轮,能看重放吗,sports_vod_search,"{""action"": ""search"", ""query"": {""field"": ""sport_name"", ""value"": ""足球""}}",14447
1k889,体育,889,第3轮,英超比赛,sports_match_search,"{""action"": ""search"", ""query"": {""field"": ""sport_name"", ""value"": ""足球""}}",14448
1k889,体育,889,第4轮,半决那种,sports_match_search,"{""action"": ""search"", ""query"": {""field"": ""sport_name"", ""value"": ""足球""}}",14449
1k889,体育,889,第5轮,半决赛,sports_match_search,"{""action"": ""search"", ""query"": {""and"": [{""field"": ""sport_name"", ""value"": ""足球""}, {""field"": ""sport_competition_phase"", ""value"": ""半决赛""}]}}",14450
1k890,体育,890,第1轮,找点篮球比赛视频,sports_vod_search,"{""query"": {}}",14451
1k890,体育,890,第2轮,广州那场,sports_match_search,"{""action"": ""search"", ""query"": {""and"": [{""field"": ""sport_name"", ""value"": ""篮球""}, {""field"": ""sport_team_home"", ""value"": ""广州""}]}}",14452
1k890,体育,890,第3轮,要看集锦,sports_vod_search,"{""action"": ""search"", ""query"": {""and"": [{""field"": ""sport_name"", ""value"": ""篮球""}, {""field"": ""sport_team_home"", ""value"": ""广州""}]}}",14453
1k890,体育,890,第4轮,cba的,sports_match_search,"{""action"": ""search"", ""query"": {""and"": [{""field"": ""sport_name"", ""value"": ""篮球""}, {""field"": ""sport_team_home"", ""value"": ""广州""}]}}",14454
1k890,体育,890,第5轮,CBA那种,sports_match_search,"{""action"": ""search"", ""query"": {""and"": [{""field"": ""sport_name"", ""value"": ""篮球""}, {""field"": ""sport_team_home"", ""value"": ""广州""}]}}",14455
1k891,体育,891,第1轮,看看网球的视频,sports_vod_search,"{""query"": {}}",14456
1k891,体育,891,第2轮,要郑钦文,sports_match_search,"{""action"": ""search"", ""query"": {""and"": [{""field"": ""sport_name"", ""value"": ""网球""}, {""field"": ""sport_star"", ""value"": ""郑钦文""}]}}",14457
1k891,体育,891,第3轮,大满贯,sports_vod_search,"{""action"": ""search"", ""query"": {""and"": [{""field"": ""sport_name"", ""value"": ""网球""}, {""field"": ""sport_star"", ""value"": ""郑钦文""}]}}",14458
1k891,体育,891,第4轮,看决赛轮,sports_match_search,"{""action"": ""search"", ""query"": {""and"": [{""field"": ""sport_name"", ""value"": ""网球""}, {""field"": ""sport_star"", ""value"": ""郑钦文""}, {""field"": ""sport_competition_phase"", ""value"": ""决赛""}]}}",14459
1k891,体育,891,第5轮,清晰点的,sports_vod_search,"{""action"": ""search"", ""query"": {""and"": [{""field"": ""sport_name"", ""value"": ""网球""}, {""field"": ""sport_star"", ""value"": ""郑钦文""}, {""field"": ""sport_competition_phase"", ""value"": ""决赛""}]}}",14460
1k892,体育,892,第1轮,推荐些世界杯的比赛,sports_vod_search,"{""query"": {}}",14461
1k892,体育,892,第2轮,决赛那天的那种,sports_match_search,"{""action"": ""search"", ""messages"": [{""role"": ""user"", ""content"": ""决赛那天的那种""}], ""riskRespStrategy"": ""all_replace""}",14462
1k892,体育,892,第3轮,举办地,sports_match_search,"{""action"": ""search"", ""messages"": [{""role"": ""user"", ""content"": ""举办地""}], ""riskRespStrategy"": ""all_replace""}",14463
1k892,体育,892,第4轮,在哪里举办的,fan_knowledge_agent,"{""messages"": [{""role"": ""user"", ""content"": ""在哪里举办的""}], ""riskRespStrategy"": ""all_replace""}",14464
1k892,体育,892,第5轮,金球奖谁拿,fan_knowledge_agent,"{""messages"": [{""role"": ""user"", ""content"": ""金球奖谁拿""}], ""riskRespStrategy"": ""all_replace""}",14465
1k893,体育,893,第1轮,看看本周的NBA集锦,sports_vod_search,"{""query"": {""and"": [{""field"": ""sport_game"", ""value"": ""NBA""}, {""field"": ""sport_time_range"", ""value"": {""from"": ""20260915 00:00:00"", ""to"": ""20260921 23:59:59""}}]}}",14466
1k893,体育,893,第2轮,库里的比赛,sports_match_search,"{""action"": ""search"", ""query"": {""and"": [{""field"": ""sport_game"", ""value"": ""NBA""}, {""field"": ""sport_time_range"", ""value"": {""from"": ""20260915 00:00:00"", ""to"": ""20260921 23:59:59""}}, {""field"": ""sport_star"", ""value"": ""库里""}]}}",14467
1k893,体育,893,第3轮,库里,sports_match_search,"{""action"": ""search"", ""query"": {""and"": [{""field"": ""sport_game"", ""value"": ""NBA""}, {""field"": ""sport_time_range"", ""value"": {""from"": ""20260915 00:00:00"", ""to"": ""20260921 23:59:59""}}, {""field"": ""sport_star"", ""value"": ""库里""}]}}",14468
1k893,体育,893,第4轮,有十佳球的,sports_vod_search,"{""action"": ""search"", ""query"": {""and"": [{""field"": ""sport_game"", ""value"": ""NBA""}, {""field"": ""sport_time_range"", ""value"": {""from"": ""20260915 00:00:00"", ""to"": ""20260921 23:59:59""}}, {""field"": ""sport_star"", ""value"": ""库里""}]}}",14469
1k893,体育,893,第5轮,库里的,sports_match_search,"{""action"": ""search"", ""query"": {""and"": [{""field"": ""sport_game"", ""value"": ""NBA""}, {""field"": ""sport_time_range"", ""value"": {""from"": ""20260915 00:00:00"", ""to"": ""20260921 23:59:59""}}, {""field"": ""sport_star"", ""value"": ""库里""}]}}",14470
1k894,体育,894,第1轮,放奥运会乒乓球比赛视频,sports_vod_search,"{""query"": {""and"": [{""field"": ""sport_name"", ""value"": ""乒乓球""}, {""field"": ""sport_game"", ""value"": ""奥运会""}]}}",14471
1k894,体育,894,第2轮,免费的有没有,sports_vod_search,"{""action"": ""search"", ""query"": {""and"": [{""field"": ""sport_name"", ""value"": ""乒乓球""}, {""field"": ""sport_game"", ""value"": ""奥运会""}]}}",14472
1k894,体育,894,第3轮,我要看完整视频,sports_vod_search,"{""action"": ""search"", ""query"": {""and"": [{""field"": ""sport_name"", ""value"": ""乒乓球""}, {""field"": ""sport_game"", ""value"": ""奥运会""}, {""field"": ""field"", ""value"": ""value""}, {""field"": ""live_state"", ""values"": [""3"", ""4""]}]}}",14473
1k894,体育,894,第4轮,看完整的,sports_vod_search,"{""action"": ""search"", ""query"": {""and"": [{""field"": ""sport_name"", ""value"": ""乒乓球""}, {""field"": ""sport_game"", ""value"": ""奥运会""}, {""field"": ""field"", ""value"": ""value""}, {""field"": ""live_state"", ""values"": [""3"", ""4""]}]}}",14474
1k894,体育,894,第5轮,男子单打决赛,sports_match_search,"{""action"": ""search"", ""query"": {""and"": [{""field"": ""sport_name"", ""value"": ""乒乓球""}, {""field"": ""sport_game"", ""value"": ""奥运会""}, {""field"": ""field"", ""value"": ""value""}, {""field"": ""live_state"", ""values"": [""3"", ""4""]}, {""field"": ""sport_competition_phase"", ""value"": ""决赛""}]}}",14475
1k895,体育,895,第1轮,想看马拉松比赛视频,sports_vod_search,"{""query"": {}}",14476
1k895,体育,895,第2轮,国内的马,sports_match_search,"{""action"": ""search"", ""query"": {""field"": ""sport_name"", ""value"": ""马拉松""}}",14477
1k895,体育,895,第3轮,有高清的吗,sports_vod_search,"{""action"": ""search"", ""query"": {""field"": ""sport_name"", ""value"": ""马拉松""}}",14478
1k895,体育,895,第4轮,高清版,sports_vod_search,"{""action"": ""search"", ""query"": {""field"": ""sport_name"", ""value"": ""马拉松""}}",14479
1k895,体育,895,第5轮,今年那种,sports_match_search,"{""action"": ""search"", ""query"": {""and"": [{""field"": ""sport_name"", ""value"": ""马拉松""}, {""field"": ""sport_time"", ""value"": ""最近""}]}}",14480
1k896,体育,896,第1轮,好看的F1的比赛,sports_vod_search,"{""query"": {}}",14481
1k896,体育,896,第2轮,上海那种,sports_match_search,"{""action"": ""search"", ""query"": {""field"": ""sport_name"", ""value"": ""F1""}}",14482
1k896,体育,896,第3轮,上海站的,sports_match_search,"{""action"": ""search"", ""query"": {""and"": [{""field"": ""sport_name"", ""value"": ""F1""}, {""field"": ""sport_team_home"", ""value"": ""上海""}]}}",14483
1k896,体育,896,第4轮,排位,sports_match_search,"{""action"": ""search"", ""query"": {""and"": [{""field"": ""sport_name"", ""value"": ""F1""}, {""field"": ""sport_team_home"", ""value"": ""上海""}]}}",14484
1k896,体育,896,第5轮,不花钱的有没有,sports_vod_search,"{""action"": ""search"", ""query"": {""and"": [{""field"": ""sport_name"", ""value"": ""F1""}, {""field"": ""sport_team_home"", ""value"": ""上海""}]}}",14485
1k897,体育,897,第1轮,推荐几部排球比赛,sports_vod_search,"{""query"": {}}",14486
1k897,体育,897,第2轮,世界女排联赛,sports_match_search,"{""action"": ""search"", ""query"": {""field"": ""sport_name"", ""value"": ""排球""}}",14487
1k897,体育,897,第3轮,女排那种,sports_match_search,"{""action"": ""search"", ""query"": {""field"": ""sport_name"", ""value"": ""排球""}}",14488
1k897,体育,897,第4轮,完整的,sports_vod_search,"{""action"": ""search"", ""query"": {""and"": [{""field"": ""sport_name"", ""value"": ""排球""}, {""field"": ""field"", ""value"": ""value""}, {""field"": ""live_state"", ""values"": [""3"", ""4""]}]}}",14489
1k897,体育,897,第5轮,要看集锦,sports_vod_search,"{""action"": ""search"", ""query"": {""and"": [{""field"": ""sport_name"", ""value"": ""排球""}, {""field"": ""field"", ""value"": ""value""}, {""field"": ""live_state"", ""values"": [""3"", ""4""]}]}}",14490
1k898,体育,898,第1轮,好看的台球比赛视频,sports_vod_search,"{""query"": {}}",14491
1k898,体育,898,第2轮,画质细,sports_vod_search,"{""action"": ""search"", ""query"": {""field"": ""sport_name"", ""value"": ""台球""}}",14492
1k898,体育,898,第3轮,世锦赛那种,sports_match_search,"{""action"": ""search"", ""query"": {""field"": ""sport_name"", ""value"": ""台球""}}",14493
1k898,体育,898,第4轮,世界锦标赛的那种,sports_vod_search,"{""action"": ""search"", ""query"": {""field"": ""sport_name"", ""value"": ""台球""}}",14494
1k898,体育,898,第5轮,丁俊晖那场,sports_match_search,"{""action"": ""search"", ""query"": {""and"": [{""field"": ""sport_name"", ""value"": ""台球""}, {""field"": ""sport_star"", ""value"": ""丁俊晖""}]}}",14495
1k899,体育,899,第1轮,有啥好看的电竞比赛视频,sports_vod_search,"{""query"": {}}",14496
1k899,体育,899,第2轮,去年出的,sports_match_search,"{""action"": ""search"", ""query"": {""and"": [{""field"": ""sport_name"", ""value"": ""电竞""}, {""field"": ""sport_time"", ""value"": ""最近""}]}}",14497
1k899,体育,899,第3轮,世界赛决赛,sports_match_search,"{""action"": ""search"", ""query"": {""and"": [{""field"": ""sport_name"", ""value"": ""电竞""}, {""field"": ""sport_time"", ""value"": ""最近""}, {""field"": ""sport_competition_phase"", ""value"": ""决赛""}]}}",14498
1k899,体育,899,第4轮,不收费的有吗,sports_vod_search,"{""action"": ""search"", ""query"": {""and"": [{""field"": ""sport_name"", ""value"": ""电竞""}, {""field"": ""sport_time"", ""value"": ""最近""}, {""field"": ""sport_competition_phase"", ""value"": ""决赛""}]}}",14499
1k899,体育,899,第5轮,免费的有没有,sports_vod_search,"{""action"": ""search"", ""query"": {""and"": [{""field"": ""sport_name"", ""value"": ""电竞""}, {""field"": ""sport_time"", ""value"": ""最近""}, {""field"": ""sport_competition_phase"", ""value"": ""决赛""}]}}",14500
1k900,体育,900,第1轮,我想看足球比赛视频,sports_vod_search,"{""query"": {}}",14501
1k900,体育,900,第2轮,谁赢了,fan_knowledge_agent,"{""messages"": [{""role"": ""user"", ""content"": ""谁赢了""}], ""riskRespStrategy"": ""all_replace""}",14502
1k900,体育,900,第3轮,7月21日踢的,sports_match_search,"{""action"": ""search"", ""query"": {""and"": [{""field"": ""sport_name"", ""value"": ""足球""}, {""field"": ""sport_time"", ""value"": ""20260721""}]}}",14503
1k900,体育,900,第4轮,有回放吗,sports_vod_search,"{""action"": ""search"", ""query"": {""and"": [{""field"": ""sport_name"", ""value"": ""足球""}, {""field"": ""sport_time"", ""value"": ""20260721""}, {""field"": ""field"", ""value"": ""value""}, {""field"": ""live_state"", ""values"": [""3"", ""4""]}]}}",14504
1k900,体育,900,第5轮,半决赛的那种,sports_match_search,"{""action"": ""search"", ""query"": {""and"": [{""field"": ""sport_name"", ""value"": ""足球""}, {""field"": ""sport_time"", ""value"": ""20260721""}, {""field"": ""field"", ""value"": ""value""}, {""field"": ""live_state"", ""values"": [""3"", ""4""]}, {""field"": ""sport_competition_phase"", ""value"": ""半决赛""}]}}",14505
1k901,体育,901,第1轮,篮球比赛视频有哪些,sports_vod_search,"{""query"": {}}",14506
1k901,体育,901,第2轮,要新疆那队,sports_match_search,"{""action"": ""search"", ""query"": {""field"": ""sport_name"", ""value"": ""篮球""}}",14507
1k901,体育,901,第3轮,广州那场,sports_match_search,"{""action"": ""search"", ""query"": {""and"": [{""field"": ""sport_name"", ""value"": ""篮球""}, {""field"": ""sport_team_home"", ""value"": ""广州""}]}}",14508
1k901,体育,901,第4轮,在广州打的,sports_match_search,"{""action"": ""search"", ""query"": {""and"": [{""field"": ""sport_name"", ""value"": ""篮球""}, {""field"": ""sport_team_home"", ""value"": ""广州""}]}}",14509
1k901,体育,901,第5轮,新疆队,sports_match_search,"{""action"": ""search"", ""query"": {""and"": [{""field"": ""sport_name"", ""value"": ""篮球""}, {""field"": ""sport_team_home"", ""value"": ""新疆""}]}}",14510
1k902,体育,902,第1轮,来几部网球的视频,sports_vod_search,"{""query"": {}}",14511
1k902,体育,902,第2轮,决赛,sports_match_search,"{""action"": ""search"", ""query"": {""and"": [{""field"": ""sport_name"", ""value"": ""网球""}, {""field"": ""sport_competition_phase"", ""value"": ""决赛""}]}}",14512
1k902,体育,902,第3轮,要郑钦文那场,sports_match_search,"{""action"": ""search"", ""query"": {""and"": [{""field"": ""sport_name"", ""value"": ""网球""}, {""field"": ""sport_competition_phase"", ""value"": ""决赛""}, {""field"": ""sport_star"", ""value"": ""郑钦文""}]}}",14513
1k902,体育,902,第4轮,昨天打的,sports_match_search,"{""action"": ""search"", ""query"": {""and"": [{""field"": ""sport_name"", ""value"": ""网球""}, {""field"": ""sport_competition_phase"", ""value"": ""决赛""}, {""field"": ""sport_star"", ""value"": ""郑钦文""}]}}",14514
1k902,体育,902,第5轮,大满贯赛事,sports_vod_search,"{""action"": ""search"", ""query"": {""and"": [{""field"": ""sport_name"", ""value"": ""网球""}, {""field"": ""sport_competition_phase"", ""value"": ""决赛""}, {""field"": ""sport_star"", ""value"": ""郑钦文""}]}}",14515
1k903,体育,903,第1轮,找点世界杯的比赛,sports_vod_search,"{""query"": {}}",14516
1k903,体育,903,第2轮,决赛哪天,fan_knowledge_agent,"{""messages"": [{""role"": ""user"", ""content"": ""决赛哪天""}], ""riskRespStrategy"": ""all_replace""}",14517
1k903,体育,903,第3轮,金球奖谁拿,fan_knowledge_agent,"{""messages"": [{""role"": ""user"", ""content"": ""金球奖谁拿""}], ""riskRespStrategy"": ""all_replace""}",14518
1k903,体育,903,第4轮,要回放决赛,sports_vod_search,"{""action"": ""search"", ""query"": {""and"": [{""field"": ""sport_game"", ""value"": ""世界杯""}, {""field"": ""sport_competition_phase"", ""value"": ""决赛""}]}}",14519
1k903,体育,903,第5轮,在哪里举办的,fan_knowledge_agent,"{""messages"": [{""role"": ""user"", ""content"": ""在哪里举办的""}], ""riskRespStrategy"": ""all_replace""}",14520
1k904,体育,904,第1轮,有什么好看的奥运会乒乓球比赛视频,sports_vod_search,"{""query"": {""and"": [{""field"": ""sport_name"", ""value"": ""乒乓球""}, {""field"": ""sport_game"", ""value"": ""奥运会""}]}}",14521
1k904,体育,904,第2轮,要我要看完整视频,sports_vod_search,"{""action"": ""search"", ""query"": {""and"": [{""field"": ""sport_name"", ""value"": ""乒乓球""}, {""field"": ""sport_game"", ""value"": ""奥运会""}, {""field"": ""field"", ""value"": ""value""}, {""field"": ""live_state"", ""values"": [""3"", ""4""]}]}}",14522
1k904,体育,904,第3轮,樊振东,sports_match_search,"{""action"": ""search"", ""query"": {""and"": [{""field"": ""sport_name"", ""value"": ""乒乓球""}, {""field"": ""sport_game"", ""value"": ""奥运会""}, {""field"": ""field"", ""value"": ""value""}, {""field"": ""live_state"", ""values"": [""3"", ""4""]}, {""field"": ""sport_star"", ""value"": ""樊振东""}]}}",14523
1k904,体育,904,第4轮,看完整的,sports_vod_search,"{""action"": ""search"", ""query"": {""and"": [{""field"": ""sport_name"", ""value"": ""乒乓球""}, {""field"": ""sport_game"", ""value"": ""奥运会""}, {""field"": ""field"", ""value"": ""value""}, {""field"": ""live_state"", ""values"": [""3"", ""4""]}, {""field"": ""sport_star"", ""value"": ""樊振东""}]}}",14524
1k904,体育,904,第5轮,樊振东那场,sports_match_search,"{""action"": ""search"", ""query"": {""and"": [{""field"": ""sport_name"", ""value"": ""乒乓球""}, {""field"": ""sport_game"", ""value"": ""奥运会""}, {""field"": ""field"", ""value"": ""value""}, {""field"": ""live_state"", ""values"": [""3"", ""4""]}, {""field"": ""sport_star"", ""value"": ""樊振东""}]}}",14525
1k905,体育,905,第1轮,有什么羽毛球比赛,sports_vod_search,"{""query"": {}}",14526
1k905,体育,905,第2轮,陈雨菲,sports_match_search,"{""action"": ""search"", ""query"": {""and"": [{""field"": ""sport_name"", ""value"": ""羽毛球""}, {""field"": ""sport_star"", ""value"": ""陈雨菲""}]}}",14527
1k905,体育,905,第3轮,有完整的吗,sports_vod_search,"{""action"": ""search"", ""query"": {""and"": [{""field"": ""sport_name"", ""value"": ""羽毛球""}, {""field"": ""sport_star"", ""value"": ""陈雨菲""}, {""field"": ""field"", ""value"": ""value""}, {""field"": ""live_state"", ""values"": [""3"", ""4""]}]}}",14528
1k905,体育,905,第4轮,陈雨菲的比赛的那种,sports_match_search,"{""action"": ""search"", ""query"": {""and"": [{""field"": ""sport_name"", ""value"": ""羽毛球""}, {""field"": ""sport_star"", ""value"": ""陈雨菲""}, {""field"": ""field"", ""value"": ""value""}, {""field"": ""live_state"", ""values"": [""3"", ""4""]}]}}",14529
1k905,体育,905,第5轮,陈雨菲那场,sports_match_search,"{""action"": ""search"", ""query"": {""and"": [{""field"": ""sport_name"", ""value"": ""羽毛球""}, {""field"": ""sport_star"", ""value"": ""陈雨菲""}, {""field"": ""field"", ""value"": ""value""}, {""field"": ""live_state"", ""values"": [""3"", ""4""]}]}}",14530
1k906,体育,906,第1轮,来点中超的比赛录像,sports_vod_search,"{""query"": {}}",14531
1k906,体育,906,第2轮,主场打的,sports_vod_search,"{""action"": ""search"", ""query"": {""field"": ""sport_game"", ""value"": ""中超""}}",14532
1k906,体育,906,第3轮,分辨率高的,sports_vod_search,"{""action"": ""search"", ""query"": {""field"": ""sport_game"", ""value"": ""中超""}}",14533
1k906,体育,906,第4轮,不要钱能看吗,sports_vod_search,"{""action"": ""search"", ""query"": {""field"": ""sport_game"", ""value"": ""中超""}}",14534
1k906,体育,906,第5轮,要上港的,sports_match_search,"{""action"": ""search"", ""query"": {""field"": ""sport_game"", ""value"": ""中超""}}",14535
1k907,体育,907,第1轮,好看的马拉松比赛视频,sports_vod_search,"{""query"": {}}",14536
1k907,体育,907,第2轮,不花钱的吗,sports_vod_search,"{""action"": ""search"", ""query"": {""field"": ""sport_name"", ""value"": ""马拉松""}}",14537
1k907,体育,907,第3轮,今年的有吗,sports_match_search,"{""action"": ""search"", ""query"": {""and"": [{""field"": ""sport_name"", ""value"": ""马拉松""}, {""field"": ""sport_time"", ""value"": ""最近""}]}}",14538
1k907,体育,907,第4轮,城市马拉松那种,sports_match_search,"{""action"": ""search"", ""query"": {""and"": [{""field"": ""sport_name"", ""value"": ""马拉松""}, {""field"": ""sport_time"", ""value"": ""最近""}]}}",14539
1k907,体育,907,第5轮,全程回放,sports_vod_search,"{""action"": ""search"", ""query"": {""and"": [{""field"": ""sport_name"", ""value"": ""马拉松""}, {""field"": ""sport_time"", ""value"": ""最近""}, {""field"": ""field"", ""value"": ""value""}, {""field"": ""live_state"", ""values"": [""3"", ""4""]}]}}",14540
1k908,体育,908,第1轮,我想看排球比赛,sports_vod_search,"{""query"": {}}",14541
1k908,体育,908,第2轮,女排联赛,sports_match_search,"{""action"": ""search"", ""query"": {""field"": ""sport_name"", ""value"": ""排球""}}",14542
1k908,体育,908,第3轮,免费的有吗,sports_vod_search,"{""action"": ""search"", ""query"": {""field"": ""sport_name"", ""value"": ""排球""}}",14543
1k908,体育,908,第4轮,全场版,sports_vod_search,"{""action"": ""search"", ""query"": {""field"": ""sport_name"", ""value"": ""排球""}}",14544
1k908,体育,908,第5轮,能白看的吗,sports_vod_search,"{""action"": ""search"", ""query"": {""field"": ""sport_name"", ""value"": ""排球""}}",14545
1k909,体育,909,第1轮,想看台球比赛视频,sports_vod_search,"{""query"": {}}",14546
1k909,体育,909,第2轮,画质好的,sports_vod_search,"{""action"": ""search"", ""query"": {""field"": ""sport_name"", ""value"": ""台球""}}",14547
1k909,体育,909,第3轮,snooker的,sports_vod_search,"{""action"": ""search"", ""query"": {""field"": ""sport_name"", ""value"": ""台球""}}",14548
1k909,体育,909,第4轮,要免费的有没有,sports_vod_search,"{""action"": ""search"", ""query"": {""field"": ""sport_name"", ""value"": ""台球""}}",14549
1k909,体育,909,第5轮,丁俊晖的比赛,sports_match_search,"{""action"": ""search"", ""query"": {""and"": [{""field"": ""sport_name"", ""value"": ""台球""}, {""field"": ""sport_star"", ""value"": ""丁俊晖""}]}}",14550
1k910,体育,910,第1轮,有没有好看的拳击比赛,sports_vod_search,"{""query"": {}}",14551
1k910,体育,910,第2轮,有完整回放,sports_vod_search,"{""action"": ""search"", ""query"": {""and"": [{""field"": ""field"", ""value"": ""value""}, {""field"": ""live_state"", ""values"": [""3"", ""4""]}]}}",14552
1k910,体育,910,第3轮,集锦有吗,sports_vod_search,"{""action"": ""search"", ""query"": {""and"": [{""field"": ""field"", ""value"": ""value""}, {""field"": ""live_state"", ""values"": [""3"", ""4""]}, {""field"": ""sport_name"", ""value"": ""拳击""}]}}",14553
1k910,体育,910,第4轮,要免费能看的有没有,sports_vod_search,"{""action"": ""search"", ""query"": {""and"": [{""field"": ""field"", ""value"": ""value""}, {""field"": ""live_state"", ""values"": [""3"", ""4""]}, {""field"": ""sport_name"", ""value"": ""拳击""}]}}",14554
1k910,体育,910,第5轮,最近一场的那种,sports_match_search,"{""action"": ""search"", ""query"": {""and"": [{""field"": ""field"", ""value"": ""value""}, {""field"": ""live_state"", ""values"": [""3"", ""4""]}, {""field"": ""sport_name"", ""value"": ""拳击""}]}}",14555
1k911,体育,911,第1轮,有什么好看的电竞比赛视频,sports_vod_search,"{""query"": {}}",14556
1k911,体育,911,第2轮,世界决赛,sports_match_search,"{""action"": ""search"", ""query"": {""and"": [{""field"": ""sport_name"", ""value"": ""电竞""}, {""field"": ""sport_competition_phase"", ""value"": ""决赛""}]}}",14557
1k911,体育,911,第3轮,去年出的有吗,sports_match_search,"{""action"": ""search"", ""query"": {""and"": [{""field"": ""sport_name"", ""value"": ""电竞""}, {""field"": ""sport_competition_phase"", ""value"": ""决赛""}, {""field"": ""sport_time"", ""value"": ""最近""}]}}",14558
1k911,体育,911,第4轮,英雄联盟那种,sports_match_search,"{""action"": ""search"", ""query"": {""and"": [{""field"": ""sport_name"", ""value"": ""电竞""}, {""field"": ""sport_competition_phase"", ""value"": ""决赛""}, {""field"": ""sport_time"", ""value"": ""最近""}]}}",14559
1k911,体育,911,第5轮,免费的,sports_vod_search,"{""action"": ""search"", ""query"": {""and"": [{""field"": ""sport_name"", ""value"": ""电竞""}, {""field"": ""sport_competition_phase"", ""value"": ""决赛""}, {""field"": ""sport_time"", ""value"": ""最近""}]}}",14560
1k912,体育,912,第1轮,好看的足球比赛视频,sports_vod_search,"{""query"": {}}",14561
1k912,体育,912,第2轮,要7月21号,sports_match_search,"{""action"": ""search"", ""query"": {""field"": ""sport_name"", ""value"": ""足球""}}",14562
1k912,体育,912,第3轮,7.21那天,sports_match_search,"{""action"": ""search"", ""query"": {""and"": [{""field"": ""sport_name"", ""value"": ""足球""}, {""field"": ""sport_time"", ""value"": ""20260721""}]}}",14563
1k912,体育,912,第4轮,英超比赛,sports_match_search,"{""action"": ""search"", ""query"": {""and"": [{""field"": ""sport_name"", ""value"": ""足球""}, {""field"": ""sport_time"", ""value"": ""20260721""}]}}",14564
1k912,体育,912,第5轮,结果怎么样,sports_match_search,"{""action"": ""search"", ""query"": {""and"": [{""field"": ""sport_name"", ""value"": ""足球""}, {""field"": ""sport_time"", ""value"": ""20260721""}]}}",14565
1k913,体育,913,第1轮,放世界杯的比赛,sports_vod_search,"{""query"": {}}",14566
1k913,体育,913,第2轮,决赛那天,sports_match_search,"{""action"": ""search"", ""messages"": [{""role"": ""user"", ""content"": ""决赛那天""}], ""riskRespStrategy"": ""all_replace""}",14567
1k913,体育,913,第3轮,在哪儿办的,sports_match_search,"{""action"": ""search"", ""messages"": [{""role"": ""user"", ""content"": ""在哪儿办的""}], ""riskRespStrategy"": ""all_replace""}",14568
1k913,体育,913,第4轮,决赛时间,sports_match_search,"{""action"": ""search"", ""messages"": [{""role"": ""user"", ""content"": ""决赛时间""}], ""riskRespStrategy"": ""all_replace""}",14569
1k913,体育,913,第5轮,回放决赛,sports_vod_search,"{""action"": ""search"", ""query"": {""and"": [{""field"": ""sport_game"", ""value"": ""世界杯""}, {""field"": ""sport_competition_phase"", ""value"": ""决赛""}]}}",14570
1k914,体育,914,第1轮,来点本周的NBA集锦,sports_vod_search,"{""query"": {""and"": [{""field"": ""sport_game"", ""value"": ""NBA""}, {""field"": ""sport_time_range"", ""value"": {""from"": ""20260915 00:00:00"", ""to"": ""20260921 23:59:59""}}]}}",14571
1k914,体育,914,第2轮,勇士那种,sports_match_search,"{""action"": ""search"", ""query"": {""and"": [{""field"": ""sport_game"", ""value"": ""NBA""}, {""field"": ""sport_time_range"", ""value"": {""from"": ""20260915 00:00:00"", ""to"": ""20260921 23:59:59""}}]}}",14572
1k914,体育,914,第3轮,免费的渠道有吗,sports_vod_search,"{""action"": ""search"", ""query"": {""and"": [{""field"": ""sport_game"", ""value"": ""NBA""}, {""field"": ""sport_time_range"", ""value"": {""from"": ""20260915 00:00:00"", ""to"": ""20260921 23:59:59""}}]}}",14573
1k914,体育,914,第4轮,免费渠道,sports_vod_search,"{""action"": ""search"", ""query"": {""and"": [{""field"": ""sport_game"", ""value"": ""NBA""}, {""field"": ""sport_time_range"", ""value"": {""from"": ""20260915 00:00:00"", ""to"": ""20260921 23:59:59""}}]}}",14574
1k914,体育,914,第5轮,十佳球那种,sports_vod_search,"{""action"": ""search"", ""query"": {""and"": [{""field"": ""sport_game"", ""value"": ""NBA""}, {""field"": ""sport_time_range"", ""value"": {""from"": ""20260915 00:00:00"", ""to"": ""20260921 23:59:59""}}]}}",14575
1k915,体育,915,第1轮,找点奥运会乒乓球比赛视频,sports_vod_search,"{""query"": {""and"": [{""field"": ""sport_name"", ""value"": ""乒乓球""}, {""field"": ""sport_game"", ""value"": ""奥运会""}]}}",14576
1k915,体育,915,第2轮,樊振东的比赛,sports_match_search,"{""action"": ""search"", ""query"": {""and"": [{""field"": ""sport_name"", ""value"": ""乒乓球""}, {""field"": ""sport_game"", ""value"": ""奥运会""}, {""field"": ""sport_star"", ""value"": ""樊振东""}]}}",14577
1k915,体育,915,第3轮,画质清楚,sports_vod_search,"{""action"": ""search"", ""query"": {""and"": [{""field"": ""sport_name"", ""value"": ""乒乓球""}, {""field"": ""sport_game"", ""value"": ""奥运会""}, {""field"": ""sport_star"", ""value"": ""樊振东""}]}}",14578
1k915,体育,915,第4轮,男单决赛那种,sports_match_search,"{""action"": ""search"", ""query"": {""and"": [{""field"": ""sport_name"", ""value"": ""乒乓球""}, {""field"": ""sport_game"", ""value"": ""奥运会""}, {""field"": ""sport_star"", ""value"": ""樊振东""}, {""field"": ""sport_competition_phase"", ""value"": ""决赛""}]}}",14579
1k915,体育,915,第5轮,不要钱的有没有,sports_vod_search,"{""action"": ""search"", ""query"": {""and"": [{""field"": ""sport_name"", ""value"": ""乒乓球""}, {""field"": ""sport_game"", ""value"": ""奥运会""}, {""field"": ""sport_star"", ""value"": ""樊振东""}, {""field"": ""sport_competition_phase"", ""value"": ""决赛""}]}}",14580
1k916,体育,916,第1轮,来点羽毛球比赛,sports_vod_search,"{""query"": {}}",14581
1k916,体育,916,第2轮,陈雨菲的比赛,sports_match_search,"{""action"": ""search"", ""query"": {""and"": [{""field"": ""sport_name"", ""value"": ""羽毛球""}, {""field"": ""sport_star"", ""value"": ""陈雨菲""}]}}",14582
1k916,体育,916,第3轮,世锦赛那种,sports_match_search,"{""action"": ""search"", ""query"": {""and"": [{""field"": ""sport_name"", ""value"": ""羽毛球""}, {""field"": ""sport_star"", ""value"": ""陈雨菲""}]}}",14583
1k916,体育,916,第4轮,世界锦标赛,sports_vod_search,"{""action"": ""search"", ""query"": {""and"": [{""field"": ""sport_name"", ""value"": ""羽毛球""}, {""field"": ""sport_star"", ""value"": ""陈雨菲""}]}}",14584
1k916,体育,916,第5轮,全场版,sports_vod_search,"{""action"": ""search"", ""query"": {""and"": [{""field"": ""sport_name"", ""value"": ""羽毛球""}, {""field"": ""sport_star"", ""value"": ""陈雨菲""}]}}",14585
1k917,体育,917,第1轮,好看的中超的比赛录像,sports_vod_search,"{""query"": {}}",14586
1k917,体育,917,第2轮,上个月,sports_match_search,"{""action"": ""search"", ""query"": {""and"": [{""field"": ""sport_game"", ""value"": ""中超""}, {""field"": ""sport_time"", ""value"": ""最近""}]}}",14587
1k917,体育,917,第3轮,要主场,sports_vod_search,"{""action"": ""search"", ""query"": {""and"": [{""field"": ""sport_game"", ""value"": ""中超""}, {""field"": ""sport_time"", ""value"": ""最近""}]}}",14588
1k917,体育,917,第4轮,主场打的,sports_vod_search,"{""action"": ""search"", ""query"": {""and"": [{""field"": ""sport_game"", ""value"": ""中超""}, {""field"": ""sport_time"", ""value"": ""最近""}]}}",14589
1k917,体育,917,第5轮,免费能看吗,sports_vod_search,"{""action"": ""search"", ""query"": {""and"": [{""field"": ""sport_game"", ""value"": ""中超""}, {""field"": ""sport_time"", ""value"": ""最近""}]}}",14590
1k918,体育,918,第1轮,找点F1的比赛,sports_vod_search,"{""query"": {}}",14591
1k918,体育,918,第2轮,要免费的有没有,sports_vod_search,"{""action"": ""search"", ""query"": {""field"": ""sport_name"", ""value"": ""F1""}}",14592
1k918,体育,918,第3轮,完整回放有吗,sports_vod_search,"{""action"": ""search"", ""query"": {""and"": [{""field"": ""sport_name"", ""value"": ""F1""}, {""field"": ""field"", ""value"": ""value""}, {""field"": ""live_state"", ""values"": [""3"", ""4""]}]}}",14593
1k918,体育,918,第4轮,今年举办的,sports_match_search,"{""action"": ""search"", ""query"": {""and"": [{""field"": ""sport_name"", ""value"": ""F1""}, {""field"": ""field"", ""value"": ""value""}, {""field"": ""live_state"", ""values"": [""3"", ""4""]}, {""field"": ""sport_time"", ""value"": ""最近""}]}}",14594
1k918,体育,918,第5轮,排位赛那种,sports_match_search,"{""action"": ""search"", ""query"": {""and"": [{""field"": ""sport_name"", ""value"": ""F1""}, {""field"": ""field"", ""value"": ""value""}, {""field"": ""live_state"", ""values"": [""3"", ""4""]}, {""field"": ""sport_time"", ""value"": ""最近""}, {""field"": ""sport_competition_phase"", ""value"": ""排位赛""}]}}",14595
1k919,体育,919,第1轮,看看排球比赛,sports_vod_search,"{""query"": {}}",14596
1k919,体育,919,第2轮,完整的,sports_vod_search,"{""action"": ""search"", ""query"": {""and"": [{""field"": ""field"", ""value"": ""value""}, {""field"": ""live_state"", ""values"": [""3"", ""4""]}]}}",14597
1k919,体育,919,第3轮,完整版,sports_vod_search,"{""action"": ""search"", ""query"": {""and"": [{""field"": ""field"", ""value"": ""value""}, {""field"": ""live_state"", ""values"": [""3"", ""4""]}]}}",14598
1k919,体育,919,第4轮,有集锦,sports_vod_search,"{""action"": ""search"", ""query"": {""and"": [{""field"": ""field"", ""value"": ""value""}, {""field"": ""live_state"", ""values"": [""3"", ""4""]}, {""field"": ""sport_name"", ""value"": ""排球""}]}}",14599
1k919,体育,919,第5轮,中国对巴西那场,sports_match_search,"{""action"": ""search"", ""query"": {""and"": [{""field"": ""field"", ""value"": ""value""}, {""field"": ""live_state"", ""values"": [""3"", ""4""]}, {""field"": ""sport_name"", ""value"": ""排球""}, {""field"": ""sport_team_home"", ""value"": ""中国""}, {""field"": ""sport_team_guest"", ""value"": ""巴西""}]}}",14600
1k920,体育,920,第1轮,推荐些电竞比赛视频,sports_vod_search,"{""query"": {}}",14601
1k920,体育,920,第2轮,英雄联盟那种,sports_match_search,"{""action"": ""search"", ""query"": {""field"": ""sport_name"", ""value"": ""电竞""}}",14602
1k920,体育,920,第3轮,带解说,sports_vod_search,"{""action"": ""search"", ""query"": {""field"": ""sport_name"", ""value"": ""电竞""}}",14603
1k920,体育,920,第4轮,不要会员的,sports_vod_search,"{""action"": ""search"", ""query"": {""field"": ""sport_name"", ""value"": ""电竞""}}",14604
1k920,体育,920,第5轮,lol比赛,sports_match_search,"{""action"": ""search"", ""query"": {""field"": ""sport_name"", ""value"": ""电竞""}}",14605
1k921,体育,921,第1轮,有啥好看的足球比赛视频,sports_vod_search,"{""query"": {}}",14606
1k921,体育,921,第2轮,英超那种,sports_match_search,"{""action"": ""search"", ""query"": {""field"": ""sport_name"", ""value"": ""足球""}}",14607
1k921,体育,921,第3轮,7.21那天,sports_match_search,"{""action"": ""search"", ""query"": {""and"": [{""field"": ""sport_name"", ""value"": ""足球""}, {""field"": ""sport_time"", ""value"": ""20260721""}]}}",14608
1k921,体育,921,第4轮,半决那种,sports_match_search,"{""action"": ""search"", ""query"": {""and"": [{""field"": ""sport_name"", ""value"": ""足球""}, {""field"": ""sport_time"", ""value"": ""20260721""}]}}",14609
1k921,体育,921,第5轮,英超级的,sports_match_search,"{""action"": ""search"", ""query"": {""and"": [{""field"": ""sport_name"", ""value"": ""足球""}, {""field"": ""sport_time"", ""value"": ""20260721""}]}}",14610
1k922,体育,922,第1轮,有没有好看的篮球比赛视频,sports_vod_search,"{""query"": {}}",14611
1k922,体育,922,第2轮,有集锦,sports_vod_search,"{""action"": ""search"", ""query"": {""field"": ""sport_name"", ""value"": ""篮球""}}",14612
1k922,体育,922,第3轮,广州主场的那种,sports_match_search,"{""action"": ""search"", ""query"": {""and"": [{""field"": ""sport_name"", ""value"": ""篮球""}, {""field"": ""sport_team_home"", ""value"": ""广州""}]}}",14613
1k922,体育,922,第4轮,广州那场,sports_match_search,"{""action"": ""search"", ""query"": {""and"": [{""field"": ""sport_name"", ""value"": ""篮球""}, {""field"": ""sport_team_home"", ""value"": ""广州""}]}}",14614
1k922,体育,922,第5轮,新疆队,sports_match_search,"{""action"": ""search"", ""query"": {""and"": [{""field"": ""sport_name"", ""value"": ""篮球""}, {""field"": ""sport_team_home"", ""value"": ""新疆""}]}}",14615
1k923,体育,923,第1轮,来点世界杯的比赛,sports_vod_search,"{""query"": {}}",14616
1k923,体育,923,第2轮,金球奖得主是谁,fan_knowledge_agent,"{""messages"": [{""role"": ""user"", ""content"": ""金球奖得主是谁""}], ""riskRespStrategy"": ""all_replace""}",14617
1k923,体育,923,第3轮,在哪举办,sports_match_search,"{""action"": ""search"", ""messages"": [{""role"": ""user"", ""content"": ""在哪举办""}], ""riskRespStrategy"": ""all_replace""}",14618
1k923,体育,923,第4轮,谁拿的金球奖,fan_knowledge_agent,"{""messages"": [{""role"": ""user"", ""content"": ""谁拿的金球奖""}], ""riskRespStrategy"": ""all_replace""}",14619
1k923,体育,923,第5轮,举办地,sports_match_search,"{""action"": ""search"", ""messages"": [{""role"": ""user"", ""content"": ""举办地""}], ""riskRespStrategy"": ""all_replace""}",14620
1k924,体育,924,第1轮,有没有好看的本周的NBA集锦,sports_vod_search,"{""query"": {""and"": [{""field"": ""sport_game"", ""value"": ""NBA""}, {""field"": ""sport_time_range"", ""value"": {""from"": ""20260915 00:00:00"", ""to"": ""20260921 23:59:59""}}]}}",14621
1k924,体育,924,第2轮,免费的渠道有吗,sports_vod_search,"{""action"": ""search"", ""query"": {""and"": [{""field"": ""sport_game"", ""value"": ""NBA""}, {""field"": ""sport_time_range"", ""value"": {""from"": ""20260915 00:00:00"", ""to"": ""20260921 23:59:59""}}]}}",14622
1k924,体育,924,第3轮,勇士队的,sports_match_search,"{""action"": ""search"", ""query"": {""and"": [{""field"": ""sport_game"", ""value"": ""NBA""}, {""field"": ""sport_time_range"", ""value"": {""from"": ""20260915 00:00:00"", ""to"": ""20260921 23:59:59""}}, {""field"": ""sport_team_home"", ""value"": ""勇士""}]}}",14623
1k924,体育,924,第4轮,不花钱的渠道,sports_vod_search,"{""action"": ""search"", ""query"": {""and"": [{""field"": ""sport_game"", ""value"": ""NBA""}, {""field"": ""sport_time_range"", ""value"": {""from"": ""20260915 00:00:00"", ""to"": ""20260921 23:59:59""}}, {""field"": ""sport_team_home"", ""value"": ""勇士""}]}}",14624
1k924,体育,924,第5轮,库里,sports_match_search,"{""action"": ""search"", ""query"": {""and"": [{""field"": ""sport_game"", ""value"": ""NBA""}, {""field"": ""sport_time_range"", ""value"": {""from"": ""20260915 00:00:00"", ""to"": ""20260921 23:59:59""}}, {""field"": ""sport_team_home"", ""value"": ""勇士""}, {""field"": ""sport_star"", ""value"": ""库里""}]}}",14625
1k925,体育,925,第1轮,放羽毛球比赛,sports_vod_search,"{""query"": {}}",14626
1k925,体育,925,第2轮,高清版的有吗,sports_vod_search,"{""action"": ""search"", ""query"": {""field"": ""sport_name"", ""value"": ""羽毛球""}}",14627
1k925,体育,925,第3轮,世锦赛的,sports_match_search,"{""action"": ""search"", ""query"": {""field"": ""sport_name"", ""value"": ""羽毛球""}}",14628
1k925,体育,925,第4轮,有完整的吗,sports_vod_search,"{""action"": ""search"", ""query"": {""and"": [{""field"": ""sport_name"", ""value"": ""羽毛球""}, {""field"": ""field"", ""value"": ""value""}, {""field"": ""live_state"", ""values"": [""3"", ""4""]}]}}",14629
1k925,体育,925,第5轮,女单那种,sports_match_search,"{""action"": ""search"", ""query"": {""and"": [{""field"": ""sport_name"", ""value"": ""羽毛球""}, {""field"": ""field"", ""value"": ""value""}, {""field"": ""live_state"", ""values"": [""3"", ""4""]}, {""field"": ""sport_competition_phase"", ""value"": ""决赛""}]}}",14630
1k926,体育,926,第1轮,有什么马拉松比赛视频,sports_vod_search,"{""query"": {}}",14631
1k926,体育,926,第2轮,免费的有没有,sports_vod_search,"{""action"": ""search"", ""query"": {""field"": ""sport_name"", ""value"": ""马拉松""}}",14632
1k926,体育,926,第3轮,要国内的城市马拉松,sports_match_search,"{""action"": ""search"", ""query"": {""field"": ""sport_name"", ""value"": ""马拉松""}}",14633
1k926,体育,926,第4轮,免费的吗,sports_vod_search,"{""action"": ""search"", ""query"": {""field"": ""sport_name"", ""value"": ""马拉松""}}",14634
1k926,体育,926,第5轮,高清那种,sports_vod_search,"{""action"": ""search"", ""query"": {""field"": ""sport_name"", ""value"": ""马拉松""}}",14635
1k927,体育,927,第1轮,有啥好看的F1的比赛,sports_vod_search,"{""query"": {}}",14636
1k927,体育,927,第2轮,上海站,sports_match_search,"{""action"": ""search"", ""query"": {""and"": [{""field"": ""sport_name"", ""value"": ""F1""}, {""field"": ""sport_team_home"", ""value"": ""上海""}]}}",14637
1k927,体育,927,第3轮,不收费的有吗,sports_vod_search,"{""action"": ""search"", ""query"": {""and"": [{""field"": ""sport_name"", ""value"": ""F1""}, {""field"": ""sport_team_home"", ""value"": ""上海""}]}}",14638
1k927,体育,927,第4轮,资格赛,sports_match_search,"{""action"": ""search"", ""query"": {""and"": [{""field"": ""sport_name"", ""value"": ""F1""}, {""field"": ""sport_team_home"", ""value"": ""上海""}]}}",14639
1k927,体育,927,第5轮,今年,sports_match_search,"{""action"": ""search"", ""query"": {""and"": [{""field"": ""sport_name"", ""value"": ""F1""}, {""field"": ""sport_team_home"", ""value"": ""上海""}, {""field"": ""sport_time"", ""value"": ""最近""}]}}",14640
1k928,体育,928,第1轮,找点台球比赛视频,sports_vod_search,"{""query"": {}}",14641
1k928,体育,928,第2轮,丁俊晖的比赛,sports_match_search,"{""action"": ""search"", ""query"": {""and"": [{""field"": ""sport_name"", ""value"": ""台球""}, {""field"": ""sport_star"", ""value"": ""丁俊晖""}]}}",14642
1k928,体育,928,第3轮,斯诺克,sports_vod_search,"{""action"": ""search"", ""query"": {""and"": [{""field"": ""sport_name"", ""value"": ""台球""}, {""field"": ""sport_star"", ""value"": ""丁俊晖""}]}}",14643
1k928,体育,928,第4轮,snooker的,sports_vod_search,"{""action"": ""search"", ""query"": {""and"": [{""field"": ""sport_name"", ""value"": ""台球""}, {""field"": ""sport_star"", ""value"": ""丁俊晖""}]}}",14644
1k928,体育,928,第5轮,不收费,sports_vod_search,"{""action"": ""search"", ""query"": {""and"": [{""field"": ""sport_name"", ""value"": ""台球""}, {""field"": ""sport_star"", ""value"": ""丁俊晖""}]}}",14645
1k929,体育,929,第1轮,推荐些拳击比赛,sports_vod_search,"{""query"": {}}",14646
1k929,体育,929,第2轮,有集锦,sports_vod_search,"{""action"": ""search"", ""query"": {""field"": ""sport_name"", ""value"": ""拳击""}}",14647
1k929,体育,929,第3轮,最近一场,sports_match_search,"{""action"": ""search"", ""query"": {""field"": ""sport_name"", ""value"": ""拳击""}}",14648
1k929,体育,929,第4轮,重量组,sports_vod_search,"{""action"": ""search"", ""query"": {""field"": ""sport_name"", ""value"": ""拳击""}}",14649
1k929,体育,929,第5轮,免费能看的有没有,sports_vod_search,"{""action"": ""search"", ""query"": {""field"": ""sport_name"", ""value"": ""拳击""}}",14650
1k930,体育,930,第1轮,来一部电竞比赛视频,sports_vod_search,"{""query"": {}}",14651
1k930,体育,930,第2轮,世界赛决赛,sports_match_search,"{""action"": ""search"", ""query"": {""and"": [{""field"": ""sport_name"", ""value"": ""电竞""}, {""field"": ""sport_competition_phase"", ""value"": ""决赛""}]}}",14652
1k930,体育,930,第3轮,不要钱的,sports_vod_search,"{""action"": ""search"", ""query"": {""and"": [{""field"": ""sport_name"", ""value"": ""电竞""}, {""field"": ""sport_competition_phase"", ""value"": ""决赛""}]}}",14653
1k930,体育,930,第4轮,去年那种,sports_match_search,"{""action"": ""search"", ""query"": {""and"": [{""field"": ""sport_name"", ""value"": ""电竞""}, {""field"": ""sport_competition_phase"", ""value"": ""决赛""}, {""field"": ""sport_time"", ""value"": ""最近""}]}}",14654
1k930,体育,930,第5轮,去年出的有吗,sports_match_search,"{""action"": ""search"", ""query"": {""and"": [{""field"": ""sport_name"", ""value"": ""电竞""}, {""field"": ""sport_competition_phase"", ""value"": ""决赛""}, {""field"": ""sport_time"", ""value"": ""最近""}]}}",14655
1k931,体育,931,第1轮,放几部世界杯的比赛,sports_vod_search,"{""query"": {}}",14656
1k931,体育,931,第2轮,拿了冠军吗,fan_knowledge_agent,"{""messages"": [{""role"": ""user"", ""content"": ""拿了冠军吗""}], ""riskRespStrategy"": ""all_replace""}",14657
1k931,体育,931,第3轮,在哪里举办的,fan_knowledge_agent,"{""messages"": [{""role"": ""user"", ""content"": ""在哪里举办的""}], ""riskRespStrategy"": ""all_replace""}",14658
1k931,体育,931,第4轮,谁拿的金球奖,fan_knowledge_agent,"{""messages"": [{""role"": ""user"", ""content"": ""谁拿的金球奖""}], ""riskRespStrategy"": ""all_replace""}",14659
1k931,体育,931,第5轮,决赛那天,sports_match_search,"{""action"": ""search"", ""messages"": [{""role"": ""user"", ""content"": ""决赛那天""}], ""riskRespStrategy"": ""all_replace""}",14660
1k932,体育,932,第1轮,中超的比赛录像有哪些,sports_vod_search,"{""query"": {}}",14661
1k932,体育,932,第2轮,主场比赛,sports_vod_search,"{""action"": ""search"", ""query"": {""field"": ""sport_game"", ""value"": ""中超""}}",14662
1k932,体育,932,第3轮,上海海港的,sports_match_search,"{""action"": ""search"", ""query"": {""and"": [{""field"": ""sport_game"", ""value"": ""中超""}, {""field"": ""sport_team_home"", ""value"": ""上海海港""}]}}",14663
1k932,体育,932,第4轮,上港的,sports_match_search,"{""action"": ""search"", ""query"": {""and"": [{""field"": ""sport_game"", ""value"": ""中超""}, {""field"": ""sport_team_home"", ""value"": ""上海海港""}]}}",14664
1k932,体育,932,第5轮,上海海港,sports_match_search,"{""action"": ""search"", ""query"": {""and"": [{""field"": ""sport_game"", ""value"": ""中超""}, {""field"": ""sport_team_home"", ""value"": ""上海海港""}]}}",14665
1k933,体育,933,第1轮,推荐几部网球的视频,sports_vod_search,"{""query"": {}}",14666
1k933,体育,933,第2轮,清晰点的,sports_vod_search,"{""action"": ""search"", ""query"": {""field"": ""sport_name"", ""value"": ""网球""}}",14667
1k933,体育,933,第3轮,大满贯的,sports_vod_search,"{""action"": ""search"", ""query"": {""field"": ""sport_name"", ""value"": ""网球""}}",14668
1k933,体育,933,第4轮,画质好点的,sports_vod_search,"{""action"": ""search"", ""query"": {""field"": ""sport_name"", ""value"": ""网球""}}",14669
1k933,体育,933,第5轮,大满贯那种,sports_vod_search,"{""action"": ""search"", ""query"": {""field"": ""sport_name"", ""value"": ""网球""}}",14670
1k934,体育,934,第1轮,看看世界杯的比赛,sports_vod_search,"{""query"": {}}",14671
1k934,体育,934,第2轮,拿了冠军吗,fan_knowledge_agent,"{""messages"": [{""role"": ""user"", ""content"": ""拿了冠军吗""}], ""riskRespStrategy"": ""all_replace""}",14672
1k934,体育,934,第3轮,决赛回放,sports_vod_search,"{""action"": ""search"", ""query"": {""and"": [{""field"": ""sport_game"", ""value"": ""世界杯""}, {""field"": ""sport_competition_phase"", ""value"": ""决赛""}]}}",14673
1k934,体育,934,第4轮,举办地,sports_match_search,"{""action"": ""search"", ""messages"": [{""role"": ""user"", ""content"": ""举办地""}], ""riskRespStrategy"": ""all_replace""}",14674
1k934,体育,934,第5轮,冠军是谁,fan_knowledge_agent,"{""messages"": [{""role"": ""user"", ""content"": ""冠军是谁""}], ""riskRespStrategy"": ""all_replace""}",14675
1k935,体育,935,第1轮,看看F1的比赛,sports_vod_search,"{""query"": {}}",14676
1k935,体育,935,第2轮,上海那种,sports_match_search,"{""action"": ""search"", ""query"": {""field"": ""sport_name"", ""value"": ""F1""}}",14677
1k935,体育,935,第3轮,上海站,sports_match_search,"{""action"": ""search"", ""query"": {""and"": [{""field"": ""sport_name"", ""value"": ""F1""}, {""field"": ""sport_team_home"", ""value"": ""上海""}]}}",14678
1k935,体育,935,第4轮,今年那种,sports_match_search,"{""action"": ""search"", ""query"": {""and"": [{""field"": ""sport_name"", ""value"": ""F1""}, {""field"": ""sport_team_home"", ""value"": ""上海""}, {""field"": ""sport_time"", ""value"": ""最近""}]}}",14679
1k935,体育,935,第5轮,排位的那种,sports_match_search,"{""action"": ""search"", ""query"": {""and"": [{""field"": ""sport_name"", ""value"": ""F1""}, {""field"": ""sport_team_home"", ""value"": ""上海""}, {""field"": ""sport_time"", ""value"": ""最近""}]}}",14680
1k936,体育,936,第1轮,有哪些拳击比赛,sports_vod_search,"{""query"": {}}",14681
1k936,体育,936,第2轮,最近一场,sports_match_search,"{""action"": ""search"", ""query"": {""field"": ""sport_name"", ""value"": ""拳击""}}",14682
1k936,体育,936,第3轮,要免费的有没有,sports_vod_search,"{""action"": ""search"", ""query"": {""field"": ""sport_name"", ""value"": ""拳击""}}",14683
1k936,体育,936,第4轮,完整重放的那种,sports_vod_search,"{""action"": ""search"", ""query"": {""and"": [{""field"": ""sport_name"", ""value"": ""拳击""}, {""field"": ""field"", ""value"": ""value""}, {""field"": ""live_state"", ""values"": [""3"", ""4""]}]}}",14684
1k936,体育,936,第5轮,重量级那种,sports_vod_search,"{""action"": ""search"", ""query"": {""and"": [{""field"": ""sport_name"", ""value"": ""拳击""}, {""field"": ""field"", ""value"": ""value""}, {""field"": ""live_state"", ""values"": [""3"", ""4""]}]}}",14685
1k937,体育,937,第1轮,最近想看电竞比赛视频,sports_vod_search,"{""query"": {}}",14686
1k937,体育,937,第2轮,英雄联盟的,sports_match_search,"{""action"": ""search"", ""query"": {""field"": ""sport_name"", ""value"": ""电竞""}}",14687
1k937,体育,937,第3轮,去年的有吗,sports_match_search,"{""action"": ""search"", ""query"": {""and"": [{""field"": ""sport_name"", ""value"": ""电竞""}, {""field"": ""sport_time"", ""value"": ""最近""}]}}",14688
1k937,体育,937,第4轮,lol比赛,sports_match_search,"{""action"": ""search"", ""query"": {""and"": [{""field"": ""sport_name"", ""value"": ""电竞""}, {""field"": ""sport_time"", ""value"": ""最近""}]}}",14689
1k937,体育,937,第5轮,世界赛决赛,sports_match_search,"{""action"": ""search"", ""query"": {""and"": [{""field"": ""sport_name"", ""value"": ""电竞""}, {""field"": ""sport_time"", ""value"": ""最近""}, {""field"": ""sport_competition_phase"", ""value"": ""决赛""}]}}",14690
1k938,体育,938,第1轮,好看的本周的NBA集锦,sports_vod_search,"{""query"": {""and"": [{""field"": ""sport_game"", ""value"": ""NBA""}, {""field"": ""sport_time_range"", ""value"": {""from"": ""20260915 00:00:00"", ""to"": ""20260921 23:59:59""}}]}}",14691
1k938,体育,938,第2轮,勇士的那种,sports_match_search,"{""action"": ""search"", ""query"": {""and"": [{""field"": ""sport_game"", ""value"": ""NBA""}, {""field"": ""sport_time_range"", ""value"": {""from"": ""20260915 00:00:00"", ""to"": ""20260921 23:59:59""}}]}}",14692
1k938,体育,938,第3轮,有精彩进球,sports_vod_search,"{""action"": ""search"", ""query"": {""and"": [{""field"": ""sport_game"", ""value"": ""NBA""}, {""field"": ""sport_time_range"", ""value"": {""from"": ""20260915 00:00:00"", ""to"": ""20260921 23:59:59""}}]}}",14693
1k938,体育,938,第4轮,勇士队比赛,sports_match_search,"{""action"": ""search"", ""query"": {""and"": [{""field"": ""sport_game"", ""value"": ""NBA""}, {""field"": ""sport_time_range"", ""value"": {""from"": ""20260915 00:00:00"", ""to"": ""20260921 23:59:59""}}, {""field"": ""sport_team_home"", ""value"": ""勇士""}]}}",14694
1k938,体育,938,第5轮,免费渠道,sports_vod_search,"{""action"": ""search"", ""query"": {""and"": [{""field"": ""sport_game"", ""value"": ""NBA""}, {""field"": ""sport_time_range"", ""value"": {""from"": ""20260915 00:00:00"", ""to"": ""20260921 23:59:59""}}, {""field"": ""sport_team_home"", ""value"": ""勇士""}]}}",14695
1k939,体育,939,第1轮,放台球比赛视频,sports_vod_search,"{""query"": {}}",14696
1k939,体育,939,第2轮,斯诺克那种,sports_vod_search,"{""action"": ""search"", ""query"": {""field"": ""sport_name"", ""value"": ""台球""}}",14697
1k939,体育,939,第3轮,不花钱的有没有,sports_vod_search,"{""action"": ""search"", ""query"": {""field"": ""sport_name"", ""value"": ""台球""}}",14698
1k939,体育,939,第4轮,斯诺克,sports_vod_search,"{""action"": ""search"", ""query"": {""field"": ""sport_name"", ""value"": ""台球""}}",14699
1k939,体育,939,第5轮,世界锦标赛,sports_vod_search,"{""action"": ""search"", ""query"": {""field"": ""sport_name"", ""value"": ""台球""}}",14700
1k940,体育,940,第1轮,有什么世界杯的比赛,sports_vod_search,"{""query"": {}}",14701
1k940,体育,940,第2轮,有决赛回放吗,sports_vod_search,"{""action"": ""search"", ""query"": {""and"": [{""field"": ""sport_game"", ""value"": ""世界杯""}, {""field"": ""sport_competition_phase"", ""value"": ""决赛""}]}}",14702
1k940,体育,940,第3轮,决赛时间,sports_match_search,"{""action"": ""search"", ""messages"": [{""role"": ""user"", ""content"": ""决赛时间""}], ""riskRespStrategy"": ""all_replace""}",14703
1k940,体育,940,第4轮,金球奖谁拿,fan_knowledge_agent,"{""messages"": [{""role"": ""user"", ""content"": ""金球奖谁拿""}], ""riskRespStrategy"": ""all_replace""}",14704
1k940,体育,940,第5轮,冠军是谁,fan_knowledge_agent,"{""messages"": [{""role"": ""user"", ""content"": ""冠军是谁""}], ""riskRespStrategy"": ""all_replace""}",14705
1k941,体育,941,第1轮,有什么好看的中超的比赛录像,sports_vod_search,"{""query"": {}}",14706
1k941,体育,941,第2轮,分辨率高的,sports_vod_search,"{""action"": ""search"", ""query"": {""field"": ""sport_game"", ""value"": ""中超""}}",14707
1k941,体育,941,第3轮,清晰的,sports_vod_search,"{""action"": ""search"", ""query"": {""field"": ""sport_game"", ""value"": ""中超""}}",14708
1k941,体育,941,第4轮,免费能看吗,sports_vod_search,"{""action"": ""search"", ""query"": {""field"": ""sport_game"", ""value"": ""中超""}}",14709
1k941,体育,941,第5轮,要上海海港的,sports_match_search,"{""action"": ""search"", ""query"": {""and"": [{""field"": ""sport_game"", ""value"": ""中超""}, {""field"": ""sport_team_home"", ""value"": ""上海海港""}]}}",14710
1k942,体育,942,第1轮,最近想看排球比赛,sports_vod_search,"{""query"": {}}",14711
1k942,体育,942,第2轮,能白看的吗,sports_vod_search,"{""action"": ""search"", ""query"": {""field"": ""sport_name"", ""value"": ""排球""}}",14712
1k942,体育,942,第3轮,全场版,sports_vod_search,"{""action"": ""search"", ""query"": {""field"": ""sport_name"", ""value"": ""排球""}}",14713
1k942,体育,942,第4轮,中国对巴西那场,sports_match_search,"{""action"": ""search"", ""query"": {""and"": [{""field"": ""sport_name"", ""value"": ""排球""}, {""field"": ""sport_team_home"", ""value"": ""中国""}, {""field"": ""sport_team_guest"", ""value"": ""巴西""}]}}",14714
1k942,体育,942,第5轮,要完整版,sports_vod_search,"{""action"": ""search"", ""query"": {""and"": [{""field"": ""sport_name"", ""value"": ""排球""}, {""field"": ""sport_team_home"", ""value"": ""中国""}, {""field"": ""sport_team_guest"", ""value"": ""巴西""}, {""field"": ""field"", ""value"": ""value""}, {""field"": ""live_state"", ""values"": [""3"", ""4""]}]}}",14715
1k943,体育,943,第1轮,推荐几部足球比赛视频,sports_vod_search,"{""query"": {}}",14716
1k943,体育,943,第2轮,半决赛,sports_match_search,"{""action"": ""search"", ""query"": {""and"": [{""field"": ""sport_name"", ""value"": ""足球""}, {""field"": ""sport_competition_phase"", ""value"": ""半决赛""}]}}",14717
1k943,体育,943,第3轮,比分多少的那种,fan_knowledge_agent,"{""messages"": [{""role"": ""user"", ""content"": ""比分多少的那种""}], ""riskRespStrategy"": ""all_replace""}",14718
1k943,体育,943,第4轮,半决那种,sports_match_search,"{""action"": ""search"", ""query"": {""and"": [{""field"": ""sport_name"", ""value"": ""足球""}, {""field"": ""sport_competition_phase"", ""value"": ""半决赛""}]}}",14719
1k943,体育,943,第5轮,半决赛的有吗,sports_match_search,"{""action"": ""search"", ""query"": {""and"": [{""field"": ""sport_name"", ""value"": ""足球""}, {""field"": ""sport_competition_phase"", ""value"": ""半决赛""}]}}",14720
1k944,体育,944,第1轮,有没有好看的中超的比赛录像,sports_vod_search,"{""query"": {}}",14721
1k944,体育,944,第2轮,上个月踢的,sports_match_search,"{""action"": ""search"", ""query"": {""and"": [{""field"": ""sport_game"", ""value"": ""中超""}, {""field"": ""sport_time"", ""value"": ""最近""}]}}",14722
1k944,体育,944,第3轮,主场比赛,sports_vod_search,"{""action"": ""search"", ""query"": {""and"": [{""field"": ""sport_game"", ""value"": ""中超""}, {""field"": ""sport_time"", ""value"": ""最近""}]}}",14723
1k944,体育,944,第4轮,上个月打的,sports_match_search,"{""action"": ""search"", ""query"": {""and"": [{""field"": ""sport_game"", ""value"": ""中超""}, {""field"": ""sport_time"", ""value"": ""最近""}]}}",14724
1k944,体育,944,第5轮,画质高的,sports_vod_search,"{""action"": ""search"", ""query"": {""and"": [{""field"": ""sport_game"", ""value"": ""中超""}, {""field"": ""sport_time"", ""value"": ""最近""}]}}",14725
1k945,体育,945,第1轮,有没有好看的F1的比赛,sports_vod_search,"{""query"": {}}",14726
1k945,体育,945,第2轮,完整回放,sports_vod_search,"{""action"": ""search"", ""query"": {""and"": [{""field"": ""field"", ""value"": ""value""}, {""field"": ""live_state"", ""values"": [""3"", ""4""]}]}}",14727
1k945,体育,945,第3轮,今年办的,sports_match_search,"{""action"": ""search"", ""query"": {""and"": [{""field"": ""field"", ""value"": ""value""}, {""field"": ""live_state"", ""values"": [""3"", ""4""]}, {""field"": ""sport_name"", ""value"": ""F1""}, {""field"": ""sport_time"", ""value"": ""最近""}]}}",14728
1k945,体育,945,第4轮,今年举办的,sports_match_search,"{""action"": ""search"", ""query"": {""and"": [{""field"": ""field"", ""value"": ""value""}, {""field"": ""live_state"", ""values"": [""3"", ""4""]}, {""field"": ""sport_name"", ""value"": ""F1""}, {""field"": ""sport_time"", ""value"": ""最近""}]}}",14729
1k945,体育,945,第5轮,沪站的,sports_match_search,"{""action"": ""search"", ""query"": {""and"": [{""field"": ""field"", ""value"": ""value""}, {""field"": ""live_state"", ""values"": [""3"", ""4""]}, {""field"": ""sport_name"", ""value"": ""F1""}, {""field"": ""sport_time"", ""value"": ""最近""}]}}",14730
1k946,体育,946,第1轮,推荐些台球比赛视频,sports_vod_search,"{""query"": {}}",14731
1k946,体育,946,第2轮,要画质好的,sports_vod_search,"{""action"": ""search"", ""query"": {""field"": ""sport_name"", ""value"": ""台球""}}",14732
1k946,体育,946,第3轮,要snooker的,sports_vod_search,"{""action"": ""search"", ""query"": {""field"": ""sport_name"", ""value"": ""台球""}}",14733
1k946,体育,946,第4轮,免费能看的,sports_vod_search,"{""action"": ""search"", ""query"": {""field"": ""sport_name"", ""value"": ""台球""}}",14734
1k946,体育,946,第5轮,斯诺克,sports_vod_search,"{""action"": ""search"", ""query"": {""field"": ""sport_name"", ""value"": ""台球""}}",14735
1k947,体育,947,第1轮,放几部电竞比赛视频,sports_vod_search,"{""query"": {}}",14736
1k947,体育,947,第2轮,世界赛那种决赛,sports_match_search,"{""action"": ""search"", ""query"": {""and"": [{""field"": ""sport_name"", ""value"": ""电竞""}, {""field"": ""sport_competition_phase"", ""value"": ""决赛""}]}}",14737
1k947,体育,947,第3轮,世界决赛的那种,sports_match_search,"{""action"": ""search"", ""query"": {""and"": [{""field"": ""sport_name"", ""value"": ""电竞""}, {""field"": ""sport_competition_phase"", ""value"": ""决赛""}]}}",14738
1k947,体育,947,第4轮,不要钱的,sports_vod_search,"{""action"": ""search"", ""query"": {""and"": [{""field"": ""sport_name"", ""value"": ""电竞""}, {""field"": ""sport_competition_phase"", ""value"": ""决赛""}]}}",14739
1k947,体育,947,第5轮,去年的有吗,sports_match_search,"{""action"": ""search"", ""query"": {""and"": [{""field"": ""sport_name"", ""value"": ""电竞""}, {""field"": ""sport_competition_phase"", ""value"": ""决赛""}, {""field"": ""sport_time"", ""value"": ""最近""}]}}",14740
1k948,体育,948,第1轮,放几部本周的NBA集锦,sports_vod_search,"{""query"": {""and"": [{""field"": ""sport_game"", ""value"": ""NBA""}, {""field"": ""sport_time_range"", ""value"": {""from"": ""20260915 00:00:00"", ""to"": ""20260921 23:59:59""}}]}}",14741
1k948,体育,948,第2轮,勇士那种,sports_match_search,"{""action"": ""search"", ""query"": {""and"": [{""field"": ""sport_game"", ""value"": ""NBA""}, {""field"": ""sport_time_range"", ""value"": {""from"": ""20260915 00:00:00"", ""to"": ""20260921 23:59:59""}}]}}",14742
1k948,体育,948,第3轮,清晰点的,sports_vod_search,"{""action"": ""search"", ""query"": {""and"": [{""field"": ""sport_game"", ""value"": ""NBA""}, {""field"": ""sport_time_range"", ""value"": {""from"": ""20260915 00:00:00"", ""to"": ""20260921 23:59:59""}}]}}",14743
1k948,体育,948,第4轮,免费的渠道有吗,sports_vod_search,"{""action"": ""search"", ""query"": {""and"": [{""field"": ""sport_game"", ""value"": ""NBA""}, {""field"": ""sport_time_range"", ""value"": {""from"": ""20260915 00:00:00"", ""to"": ""20260921 23:59:59""}}]}}",14744
1k948,体育,948,第5轮,要勇士队的,sports_match_search,"{""action"": ""search"", ""query"": {""and"": [{""field"": ""sport_game"", ""value"": ""NBA""}, {""field"": ""sport_time_range"", ""value"": {""from"": ""20260915 00:00:00"", ""to"": ""20260921 23:59:59""}}, {""field"": ""sport_team_home"", ""value"": ""勇士""}]}}",14745
1k949,体育,949,第1轮,推荐些中超的比赛录像,sports_vod_search,"{""query"": {}}",14746
1k949,体育,949,第2轮,上个月打的,sports_match_search,"{""action"": ""search"", ""query"": {""and"": [{""field"": ""sport_game"", ""value"": ""中超""}, {""field"": ""sport_time"", ""value"": ""最近""}]}}",14747
1k949,体育,949,第3轮,画质高的,sports_vod_search,"{""action"": ""search"", ""query"": {""and"": [{""field"": ""sport_game"", ""value"": ""中超""}, {""field"": ""sport_time"", ""value"": ""最近""}]}}",14748
1k949,体育,949,第4轮,上港的,sports_match_search,"{""action"": ""search"", ""query"": {""and"": [{""field"": ""sport_game"", ""value"": ""中超""}, {""field"": ""sport_time"", ""value"": ""最近""}]}}",14749
1k949,体育,949,第5轮,要上个月,sports_match_search,"{""action"": ""search"", ""query"": {""and"": [{""field"": ""sport_game"", ""value"": ""中超""}, {""field"": ""sport_time"", ""value"": ""最近""}]}}",14750
1k950,体育,950,第1轮,放几部拳击比赛,sports_vod_search,"{""query"": {}}",14751
1k950,体育,950,第2轮,完整回放,sports_vod_search,"{""action"": ""search"", ""query"": {""and"": [{""field"": ""field"", ""value"": ""value""}, {""field"": ""live_state"", ""values"": [""3"", ""4""]}]}}",14752
1k950,体育,950,第3轮,重量级那种,sports_vod_search,"{""action"": ""search"", ""query"": {""and"": [{""field"": ""field"", ""value"": ""value""}, {""field"": ""live_state"", ""values"": [""3"", ""4""]}, {""field"": ""sport_name"", ""value"": ""拳击""}]}}",14753
1k950,体育,950,第4轮,最近那种,sports_match_search,"{""action"": ""search"", ""query"": {""and"": [{""field"": ""field"", ""value"": ""value""}, {""field"": ""live_state"", ""values"": [""3"", ""4""]}, {""field"": ""sport_name"", ""value"": ""拳击""}]}}",14754
1k950,体育,950,第5轮,完整重放,sports_vod_search,"{""action"": ""search"", ""query"": {""and"": [{""field"": ""field"", ""value"": ""value""}, {""field"": ""live_state"", ""values"": [""3"", ""4""]}, {""field"": ""sport_name"", ""value"": ""拳击""}]}}",14755
1k951,体育,951,第1轮,来几部足球比赛视频,sports_vod_search,"{""query"": {}}",14756
1k951,体育,951,第2轮,有回放,sports_vod_search,"{""action"": ""search"", ""query"": {""and"": [{""field"": ""field"", ""value"": ""value""}, {""field"": ""live_state"", ""values"": [""3"", ""4""]}]}}",14757
1k951,体育,951,第3轮,半决赛,sports_match_search,"{""action"": ""search"", ""query"": {""and"": [{""field"": ""field"", ""value"": ""value""}, {""field"": ""live_state"", ""values"": [""3"", ""4""]}, {""field"": ""sport_name"", ""value"": ""足球""}, {""field"": ""sport_competition_phase"", ""value"": ""半决赛""}]}}",14758
1k951,体育,951,第4轮,7月21日,sports_match_search,"{""action"": ""search"", ""query"": {""and"": [{""field"": ""field"", ""value"": ""value""}, {""field"": ""live_state"", ""values"": [""3"", ""4""]}, {""field"": ""sport_name"", ""value"": ""足球""}, {""field"": ""sport_competition_phase"", ""value"": ""半决赛""}, {""field"": ""sport_time"", ""value"": ""20260721""}]}}",14759
1k951,体育,951,第5轮,赢的是谁,sports_match_search,"{""action"": ""search"", ""query"": {""and"": [{""field"": ""field"", ""value"": ""value""}, {""field"": ""live_state"", ""values"": [""3"", ""4""]}, {""field"": ""sport_name"", ""value"": ""足球""}, {""field"": ""sport_competition_phase"", ""value"": ""半决赛""}, {""field"": ""sport_time"", ""value"": ""20260721""}]}}",14760
1k952,体育,952,第1轮,我想看篮球比赛视频,sports_vod_search,"{""query"": {}}",14761
1k952,体育,952,第2轮,CBA的,sports_match_search,"{""action"": ""search"", ""query"": {""field"": ""sport_name"", ""value"": ""篮球""}}",14762
1k952,体育,952,第3轮,cba的,sports_match_search,"{""action"": ""search"", ""query"": {""field"": ""sport_name"", ""value"": ""篮球""}}",14763
1k952,体育,952,第4轮,新疆那队,sports_match_search,"{""action"": ""search"", ""query"": {""field"": ""sport_name"", ""value"": ""篮球""}}",14764
1k952,体育,952,第5轮,在广州打的,sports_match_search,"{""action"": ""search"", ""query"": {""and"": [{""field"": ""sport_name"", ""value"": ""篮球""}, {""field"": ""sport_team_home"", ""value"": ""广州""}]}}",14765
1k953,体育,953,第1轮,有啥好看的本周的NBA集锦,sports_vod_search,"{""query"": {""and"": [{""field"": ""sport_game"", ""value"": ""NBA""}, {""field"": ""sport_time_range"", ""value"": {""from"": ""20260915 00:00:00"", ""to"": ""20260921 23:59:59""}}]}}",14766
1k953,体育,953,第2轮,免费渠道的有吗,sports_vod_search,"{""action"": ""search"", ""query"": {""and"": [{""field"": ""sport_game"", ""value"": ""NBA""}, {""field"": ""sport_time_range"", ""value"": {""from"": ""20260915 00:00:00"", ""to"": ""20260921 23:59:59""}}]}}",14767
1k953,体育,953,第3轮,要勇士那种,sports_match_search,"{""action"": ""search"", ""query"": {""and"": [{""field"": ""sport_game"", ""value"": ""NBA""}, {""field"": ""sport_time_range"", ""value"": {""from"": ""20260915 00:00:00"", ""to"": ""20260921 23:59:59""}}]}}",14768
1k953,体育,953,第4轮,勇士队的,sports_match_search,"{""action"": ""search"", ""query"": {""and"": [{""field"": ""sport_game"", ""value"": ""NBA""}, {""field"": ""sport_time_range"", ""value"": {""from"": ""20260915 00:00:00"", ""to"": ""20260921 23:59:59""}}, {""field"": ""sport_team_home"", ""value"": ""勇士""}]}}",14769
1k953,体育,953,第5轮,库里的比赛,sports_match_search,"{""action"": ""search"", ""query"": {""and"": [{""field"": ""sport_game"", ""value"": ""NBA""}, {""field"": ""sport_time_range"", ""value"": {""from"": ""20260915 00:00:00"", ""to"": ""20260921 23:59:59""}}, {""field"": ""sport_team_home"", ""value"": ""勇士""}, {""field"": ""sport_star"", ""value"": ""库里""}]}}",14770
1k954,体育,954,第1轮,有什么台球比赛视频,sports_vod_search,"{""query"": {}}",14771
1k954,体育,954,第2轮,小丁那场,sports_match_search,"{""action"": ""search"", ""query"": {""field"": ""sport_name"", ""value"": ""台球""}}",14772
1k954,体育,954,第3轮,世锦赛,sports_vod_search,"{""action"": ""search"", ""query"": {""field"": ""sport_name"", ""value"": ""台球""}}",14773
1k954,体育,954,第4轮,免费能看的有没有,sports_vod_search,"{""action"": ""search"", ""query"": {""field"": ""sport_name"", ""value"": ""台球""}}",14774
1k954,体育,954,第5轮,细腻画质,sports_vod_search,"{""action"": ""search"", ""query"": {""field"": ""sport_name"", ""value"": ""台球""}}",14775
1k955,体育,955,第1轮,最近想看足球比赛视频,sports_vod_search,"{""query"": {}}",14776
1k955,体育,955,第2轮,7月21号,sports_match_search,"{""action"": ""search"", ""query"": {""field"": ""sport_name"", ""value"": ""足球""}}",14777
1k955,体育,955,第3轮,半决赛的有吗,sports_match_search,"{""action"": ""search"", ""query"": {""and"": [{""field"": ""sport_name"", ""value"": ""足球""}, {""field"": ""sport_competition_phase"", ""value"": ""半决赛""}]}}",14778
1k955,体育,955,第4轮,要7月21日,sports_match_search,"{""action"": ""search"", ""query"": {""and"": [{""field"": ""sport_name"", ""value"": ""足球""}, {""field"": ""sport_competition_phase"", ""value"": ""半决赛""}, {""field"": ""sport_time"", ""value"": ""20260721""}]}}",14779
1k955,体育,955,第5轮,英超那种,sports_match_search,"{""action"": ""search"", ""query"": {""and"": [{""field"": ""sport_name"", ""value"": ""足球""}, {""field"": ""sport_competition_phase"", ""value"": ""半决赛""}, {""field"": ""sport_time"", ""value"": ""20260721""}]}}",14780
1k956,体育,956,第1轮,想看F1的比赛,sports_vod_search,"{""query"": {}}",14781
1k956,体育,956,第2轮,排位的那种,sports_match_search,"{""action"": ""search"", ""query"": {""field"": ""sport_name"", ""value"": ""F1""}}",14782
1k956,体育,956,第3轮,沪站的,sports_match_search,"{""action"": ""search"", ""query"": {""field"": ""sport_name"", ""value"": ""F1""}}",14783
1k956,体育,956,第4轮,免费的有吗,sports_vod_search,"{""action"": ""search"", ""query"": {""field"": ""sport_name"", ""value"": ""F1""}}",14784
1k956,体育,956,第5轮,今年办的,sports_match_search,"{""action"": ""search"", ""query"": {""and"": [{""field"": ""sport_name"", ""value"": ""F1""}, {""field"": ""sport_time"", ""value"": ""最近""}]}}",14785
1k957,体育,957,第1轮,放拳击比赛,sports_vod_search,"{""query"": {}}",14786
1k957,体育,957,第2轮,重量组,sports_vod_search,"{""action"": ""search"", ""query"": {""field"": ""sport_name"", ""value"": ""拳击""}}",14787
1k957,体育,957,第3轮,重量级那种,sports_vod_search,"{""action"": ""search"", ""query"": {""field"": ""sport_name"", ""value"": ""拳击""}}",14788
1k957,体育,957,第4轮,不花钱能看的,sports_vod_search,"{""action"": ""search"", ""query"": {""field"": ""sport_name"", ""value"": ""拳击""}}",14789
1k957,体育,957,第5轮,最近那种,sports_match_search,"{""action"": ""search"", ""query"": {""field"": ""sport_name"", ""value"": ""拳击""}}",14790
1k958,体育,958,第1轮,有哪些足球比赛视频,sports_vod_search,"{""query"": {}}",14791
1k958,体育,958,第2轮,赢的是谁,sports_match_search,"{""action"": ""search"", ""query"": {""field"": ""sport_name"", ""value"": ""足球""}}",14792
1k958,体育,958,第3轮,7月21日踢的,sports_match_search,"{""action"": ""search"", ""query"": {""and"": [{""field"": ""sport_name"", ""value"": ""足球""}, {""field"": ""sport_time"", ""value"": ""20260721""}]}}",14793
1k958,体育,958,第4轮,半决赛那场,sports_match_search,"{""action"": ""search"", ""query"": {""and"": [{""field"": ""sport_name"", ""value"": ""足球""}, {""field"": ""sport_time"", ""value"": ""20260721""}, {""field"": ""sport_competition_phase"", ""value"": ""半决赛""}]}}",14794
1k958,体育,958,第5轮,7月21日的那种,sports_match_search,"{""action"": ""search"", ""query"": {""and"": [{""field"": ""sport_name"", ""value"": ""足球""}, {""field"": ""sport_time"", ""value"": ""20260721""}, {""field"": ""sport_competition_phase"", ""value"": ""半决赛""}]}}",14795
1k959,体育,959,第1轮,好看的篮球比赛视频,sports_vod_search,"{""query"": {}}",14796
1k959,体育,959,第2轮,新疆那种,sports_match_search,"{""action"": ""search"", ""query"": {""field"": ""sport_name"", ""value"": ""篮球""}}",14797
1k959,体育,959,第3轮,中国男篮联赛,sports_match_search,"{""action"": ""search"", ""query"": {""field"": ""sport_name"", ""value"": ""篮球""}}",14798
1k959,体育,959,第4轮,要季后赛那种,sports_match_search,"{""action"": ""search"", ""query"": {""and"": [{""field"": ""sport_name"", ""value"": ""篮球""}, {""field"": ""sport_competition_phase"", ""value"": ""季后赛""}]}}",14799
1k959,体育,959,第5轮,季后赛的,sports_match_search,"{""action"": ""search"", ""query"": {""and"": [{""field"": ""sport_name"", ""value"": ""篮球""}, {""field"": ""sport_competition_phase"", ""value"": ""季后赛""}]}}",14800
1k960,体育,960,第1轮,有没有好看的世界杯的比赛,sports_vod_search,"{""query"": {}}",14801
1k960,体育,960,第2轮,最后谁夺冠了,sports_match_search,"{""action"": ""search"", ""messages"": [{""role"": ""user"", ""content"": ""最后谁夺冠了""}], ""riskRespStrategy"": ""all_replace""}",14802
1k960,体育,960,第3轮,冠军是谁,fan_knowledge_agent,"{""messages"": [{""role"": ""user"", ""content"": ""冠军是谁""}], ""riskRespStrategy"": ""all_replace""}",14803
1k960,体育,960,第4轮,金球奖得主是谁,fan_knowledge_agent,"{""messages"": [{""role"": ""user"", ""content"": ""金球奖得主是谁""}], ""riskRespStrategy"": ""all_replace""}",14804
1k960,体育,960,第5轮,金球奖,fan_knowledge_agent,"{""messages"": [{""role"": ""user"", ""content"": ""金球奖""}], ""riskRespStrategy"": ""all_replace""}",14805
1k961,体育,961,第1轮,最近想看网球的视频,sports_vod_search,"{""query"": {}}",14806
1k961,体育,961,第2轮,看决赛轮,sports_match_search,"{""action"": ""search"", ""query"": {""and"": [{""field"": ""sport_name"", ""value"": ""网球""}, {""field"": ""sport_competition_phase"", ""value"": ""决赛""}]}}",14807
1k961,体育,961,第3轮,大满贯赛事,sports_vod_search,"{""action"": ""search"", ""query"": {""and"": [{""field"": ""sport_name"", ""value"": ""网球""}, {""field"": ""sport_competition_phase"", ""value"": ""决赛""}]}}",14808
1k961,体育,961,第4轮,决赛那种,sports_match_search,"{""action"": ""search"", ""query"": {""and"": [{""field"": ""sport_name"", ""value"": ""网球""}, {""field"": ""sport_competition_phase"", ""value"": ""决赛""}]}}",14809
1k961,体育,961,第5轮,昨晚那种,sports_match_search,"{""action"": ""search"", ""query"": {""and"": [{""field"": ""sport_name"", ""value"": ""网球""}, {""field"": ""sport_competition_phase"", ""value"": ""决赛""}, {""field"": ""sport_time"", ""value"": ""最近""}]}}",14810
1k962,体育,962,第1轮,想看奥运会乒乓球比赛视频,sports_vod_search,"{""query"": {""and"": [{""field"": ""sport_name"", ""value"": ""乒乓球""}, {""field"": ""sport_game"", ""value"": ""奥运会""}]}}",14811
1k962,体育,962,第2轮,画质清楚,sports_vod_search,"{""action"": ""search"", ""query"": {""and"": [{""field"": ""sport_name"", ""value"": ""乒乓球""}, {""field"": ""sport_game"", ""value"": ""奥运会""}]}}",14812
1k962,体育,962,第3轮,樊振东那场,sports_match_search,"{""action"": ""search"", ""query"": {""and"": [{""field"": ""sport_name"", ""value"": ""乒乓球""}, {""field"": ""sport_game"", ""value"": ""奥运会""}, {""field"": ""sport_star"", ""value"": ""樊振东""}]}}",14813
1k962,体育,962,第4轮,男单,sports_match_search,"{""action"": ""search"", ""query"": {""and"": [{""field"": ""sport_name"", ""value"": ""乒乓球""}, {""field"": ""sport_game"", ""value"": ""奥运会""}, {""field"": ""sport_star"", ""value"": ""樊振东""}, {""field"": ""sport_competition_phase"", ""value"": ""决赛""}]}}",14814
1k962,体育,962,第5轮,小胖那场,sports_match_search,"{""action"": ""search"", ""query"": {""and"": [{""field"": ""sport_name"", ""value"": ""乒乓球""}, {""field"": ""sport_game"", ""value"": ""奥运会""}, {""field"": ""sport_star"", ""value"": ""樊振东""}, {""field"": ""sport_competition_phase"", ""value"": ""决赛""}]}}",14815
1k963,体育,963,第1轮,来几部拳击比赛,sports_vod_search,"{""query"": {}}",14816
1k963,体育,963,第2轮,最近那场,sports_match_search,"{""action"": ""search"", ""query"": {""and"": [{""field"": ""sport_name"", ""value"": ""拳击""}, {""field"": ""sport_time"", ""value"": ""最近""}]}}",14817
1k963,体育,963,第3轮,重量组,sports_vod_search,"{""action"": ""search"", ""query"": {""and"": [{""field"": ""sport_name"", ""value"": ""拳击""}, {""field"": ""sport_time"", ""value"": ""最近""}]}}",14818
1k963,体育,963,第4轮,完整回放的那种,sports_vod_search,"{""action"": ""search"", ""query"": {""and"": [{""field"": ""sport_name"", ""value"": ""拳击""}, {""field"": ""sport_time"", ""value"": ""最近""}, {""field"": ""field"", ""value"": ""value""}, {""field"": ""live_state"", ""values"": [""3"", ""4""]}]}}",14819
1k963,体育,963,第5轮,最近打的,sports_match_search,"{""action"": ""search"", ""query"": {""and"": [{""field"": ""sport_name"", ""value"": ""拳击""}, {""field"": ""sport_time"", ""value"": ""最近""}, {""field"": ""field"", ""value"": ""value""}, {""field"": ""live_state"", ""values"": [""3"", ""4""]}]}}",14820
1k964,体育,964,第1轮,来几部马拉松比赛视频,sports_vod_search,"{""query"": {}}",14821
1k964,体育,964,第2轮,完整回放,sports_vod_search,"{""action"": ""search"", ""query"": {""and"": [{""field"": ""field"", ""value"": ""value""}, {""field"": ""live_state"", ""values"": [""3"", ""4""]}]}}",14822
1k964,体育,964,第3轮,国内的城市马拉松,sports_match_search,"{""action"": ""search"", ""query"": {""and"": [{""field"": ""field"", ""value"": ""value""}, {""field"": ""live_state"", ""values"": [""3"", ""4""]}, {""field"": ""sport_name"", ""value"": ""马拉松""}]}}",14823
1k964,体育,964,第4轮,有全程回放的,sports_vod_search,"{""action"": ""search"", ""query"": {""and"": [{""field"": ""field"", ""value"": ""value""}, {""field"": ""live_state"", ""values"": [""3"", ""4""]}, {""field"": ""sport_name"", ""value"": ""马拉松""}]}}",14824
1k964,体育,964,第5轮,城市马拉松那种,sports_match_search,"{""action"": ""search"", ""query"": {""and"": [{""field"": ""field"", ""value"": ""value""}, {""field"": ""live_state"", ""values"": [""3"", ""4""]}, {""field"": ""sport_name"", ""value"": ""马拉松""}]}}",14825
1k965,体育,965,第1轮,足球比赛视频有哪些,sports_vod_search,"{""query"": {}}",14826
1k965,体育,965,第2轮,比分多少,fan_knowledge_agent,"{""messages"": [{""role"": ""user"", ""content"": ""比分多少""}], ""riskRespStrategy"": ""all_replace""}",14827
1k965,体育,965,第3轮,英超级的,sports_match_search,"{""action"": ""search"", ""query"": {""field"": ""sport_name"", ""value"": ""足球""}}",14828
1k965,体育,965,第4轮,英超的,sports_match_search,"{""action"": ""search"", ""query"": {""field"": ""sport_name"", ""value"": ""足球""}}",14829
1k965,体育,965,第5轮,7月21日,sports_match_search,"{""action"": ""search"", ""query"": {""and"": [{""field"": ""sport_name"", ""value"": ""足球""}, {""field"": ""sport_time"", ""value"": ""20260721""}]}}",14830
1k966,体育,966,第1轮,有啥好看的奥运会乒乓球比赛视频,sports_vod_search,"{""query"": {""and"": [{""field"": ""sport_name"", ""value"": ""乒乓球""}, {""field"": ""sport_game"", ""value"": ""奥运会""}]}}",14831
1k966,体育,966,第2轮,画质清楚,sports_vod_search,"{""action"": ""search"", ""query"": {""and"": [{""field"": ""sport_name"", ""value"": ""乒乓球""}, {""field"": ""sport_game"", ""value"": ""奥运会""}]}}",14832
1k966,体育,966,第3轮,看完整的,sports_vod_search,"{""action"": ""search"", ""query"": {""and"": [{""field"": ""sport_name"", ""value"": ""乒乓球""}, {""field"": ""sport_game"", ""value"": ""奥运会""}, {""field"": ""field"", ""value"": ""value""}, {""field"": ""live_state"", ""values"": [""3"", ""4""]}]}}",14833
1k966,体育,966,第4轮,小胖那场,sports_match_search,"{""action"": ""search"", ""query"": {""and"": [{""field"": ""sport_name"", ""value"": ""乒乓球""}, {""field"": ""sport_game"", ""value"": ""奥运会""}, {""field"": ""field"", ""value"": ""value""}, {""field"": ""live_state"", ""values"": [""3"", ""4""]}]}}",14834
1k966,体育,966,第5轮,全场视频,sports_vod_search,"{""action"": ""search"", ""query"": {""and"": [{""field"": ""sport_name"", ""value"": ""乒乓球""}, {""field"": ""sport_game"", ""value"": ""奥运会""}, {""field"": ""field"", ""value"": ""value""}, {""field"": ""live_state"", ""values"": [""3"", ""4""]}]}}",14835
1k967,体育,967,第1轮,有没有好看的电竞比赛视频,sports_vod_search,"{""query"": {}}",14836
1k967,体育,967,第2轮,解说版,sports_vod_search,"{""action"": ""search"", ""query"": {""field"": ""sport_name"", ""value"": ""电竞""}}",14837
1k967,体育,967,第3轮,世界决赛的那种,sports_match_search,"{""action"": ""search"", ""query"": {""and"": [{""field"": ""sport_name"", ""value"": ""电竞""}, {""field"": ""sport_competition_phase"", ""value"": ""决赛""}]}}",14838
1k967,体育,967,第4轮,去年那种,sports_match_search,"{""action"": ""search"", ""query"": {""and"": [{""field"": ""sport_name"", ""value"": ""电竞""}, {""field"": ""sport_competition_phase"", ""value"": ""决赛""}, {""field"": ""sport_time"", ""value"": ""最近""}]}}",14839
1k967,体育,967,第5轮,去年出的,sports_match_search,"{""action"": ""search"", ""query"": {""and"": [{""field"": ""sport_name"", ""value"": ""电竞""}, {""field"": ""sport_competition_phase"", ""value"": ""决赛""}, {""field"": ""sport_time"", ""value"": ""最近""}]}}",14840
1k968,体育,968,第1轮,来几部奥运会乒乓球比赛视频,sports_vod_search,"{""query"": {""and"": [{""field"": ""sport_name"", ""value"": ""乒乓球""}, {""field"": ""sport_game"", ""value"": ""奥运会""}]}}",14841
1k968,体育,968,第2轮,男单决赛那种,sports_match_search,"{""action"": ""search"", ""query"": {""and"": [{""field"": ""sport_name"", ""value"": ""乒乓球""}, {""field"": ""sport_game"", ""value"": ""奥运会""}, {""field"": ""sport_competition_phase"", ""value"": ""决赛""}]}}",14842
1k968,体育,968,第3轮,樊振东那场,sports_match_search,"{""action"": ""search"", ""query"": {""and"": [{""field"": ""sport_name"", ""value"": ""乒乓球""}, {""field"": ""sport_game"", ""value"": ""奥运会""}, {""field"": ""sport_competition_phase"", ""value"": ""决赛""}, {""field"": ""sport_star"", ""value"": ""樊振东""}]}}",14843
1k968,体育,968,第4轮,男单,sports_match_search,"{""action"": ""search"", ""query"": {""and"": [{""field"": ""sport_name"", ""value"": ""乒乓球""}, {""field"": ""sport_game"", ""value"": ""奥运会""}, {""field"": ""sport_competition_phase"", ""value"": ""决赛""}, {""field"": ""sport_star"", ""value"": ""樊振东""}]}}",14844
1k968,体育,968,第5轮,画质清楚点的,sports_vod_search,"{""action"": ""search"", ""query"": {""and"": [{""field"": ""sport_name"", ""value"": ""乒乓球""}, {""field"": ""sport_game"", ""value"": ""奥运会""}, {""field"": ""sport_competition_phase"", ""value"": ""决赛""}, {""field"": ""sport_star"", ""value"": ""樊振东""}]}}",14845
1k969,体育,969,第1轮,有没有好看的马拉松比赛视频,sports_vod_search,"{""query"": {}}",14846
1k969,体育,969,第2轮,今年的,sports_match_search,"{""action"": ""search"", ""query"": {""and"": [{""field"": ""sport_name"", ""value"": ""马拉松""}, {""field"": ""sport_time"", ""value"": ""最近""}]}}",14847
1k969,体育,969,第3轮,城市马拉松那种,sports_match_search,"{""action"": ""search"", ""query"": {""and"": [{""field"": ""sport_name"", ""value"": ""马拉松""}, {""field"": ""sport_time"", ""value"": ""最近""}]}}",14848
1k969,体育,969,第4轮,国内的城市马拉松,sports_match_search,"{""action"": ""search"", ""query"": {""and"": [{""field"": ""sport_name"", ""value"": ""马拉松""}, {""field"": ""sport_time"", ""value"": ""最近""}]}}",14849
1k969,体育,969,第5轮,不花钱的有没有,sports_vod_search,"{""action"": ""search"", ""query"": {""and"": [{""field"": ""sport_name"", ""value"": ""马拉松""}, {""field"": ""sport_time"", ""value"": ""最近""}]}}",14850
1k970,体育,970,第1轮,拳击比赛有哪些,sports_vod_search,"{""query"": {}}",14851
1k970,体育,970,第2轮,全场回放,sports_vod_search,"{""action"": ""search"", ""query"": {""and"": [{""field"": ""field"", ""value"": ""value""}, {""field"": ""live_state"", ""values"": [""3"", ""4""]}]}}",14852
1k970,体育,970,第3轮,最近那场,sports_match_search,"{""action"": ""search"", ""query"": {""and"": [{""field"": ""field"", ""value"": ""value""}, {""field"": ""live_state"", ""values"": [""3"", ""4""]}, {""field"": ""sport_name"", ""value"": ""拳击""}, {""field"": ""sport_time"", ""value"": ""最近""}]}}",14853
1k970,体育,970,第4轮,重量级,sports_vod_search,"{""action"": ""search"", ""query"": {""and"": [{""field"": ""field"", ""value"": ""value""}, {""field"": ""live_state"", ""values"": [""3"", ""4""]}, {""field"": ""sport_name"", ""value"": ""拳击""}, {""field"": ""sport_time"", ""value"": ""最近""}]}}",14854
1k970,体育,970,第5轮,最近一场,sports_match_search,"{""action"": ""search"", ""query"": {""and"": [{""field"": ""field"", ""value"": ""value""}, {""field"": ""live_state"", ""values"": [""3"", ""4""]}, {""field"": ""sport_name"", ""value"": ""拳击""}, {""field"": ""sport_time"", ""value"": ""最近""}]}}",14855
1k971,体育,971,第1轮,来一部足球比赛视频,sports_vod_search,"{""query"": {}}",14856
1k971,体育,971,第2轮,能看重放吗,sports_vod_search,"{""action"": ""search"", ""query"": {""field"": ""sport_name"", ""value"": ""足球""}}",14857
1k971,体育,971,第3轮,7月21号的那种,sports_match_search,"{""action"": ""search"", ""query"": {""field"": ""sport_name"", ""value"": ""足球""}}",14858
1k971,体育,971,第4轮,有回放,sports_vod_search,"{""action"": ""search"", ""query"": {""and"": [{""field"": ""sport_name"", ""value"": ""足球""}, {""field"": ""field"", ""value"": ""value""}, {""field"": ""live_state"", ""values"": [""3"", ""4""]}]}}",14859
1k971,体育,971,第5轮,半决赛的有吗,sports_match_search,"{""action"": ""search"", ""query"": {""and"": [{""field"": ""sport_name"", ""value"": ""足球""}, {""field"": ""field"", ""value"": ""value""}, {""field"": ""live_state"", ""values"": [""3"", ""4""]}, {""field"": ""sport_competition_phase"", ""value"": ""半决赛""}]}}",14860
1k972,体育,972,第1轮,放网球的视频,sports_vod_search,"{""query"": {}}",14861
1k972,体育,972,第2轮,郑钦文,sports_match_search,"{""action"": ""search"", ""query"": {""and"": [{""field"": ""sport_name"", ""value"": ""网球""}, {""field"": ""sport_star"", ""value"": ""郑钦文""}]}}",14862
1k972,体育,972,第3轮,决赛轮的,sports_match_search,"{""action"": ""search"", ""query"": {""and"": [{""field"": ""sport_name"", ""value"": ""网球""}, {""field"": ""sport_star"", ""value"": ""郑钦文""}, {""field"": ""sport_competition_phase"", ""value"": ""决赛""}]}}",14863
1k972,体育,972,第4轮,决赛那种,sports_match_search,"{""action"": ""search"", ""query"": {""and"": [{""field"": ""sport_name"", ""value"": ""网球""}, {""field"": ""sport_star"", ""value"": ""郑钦文""}, {""field"": ""sport_competition_phase"", ""value"": ""决赛""}]}}",14864
1k972,体育,972,第5轮,看决赛轮,sports_match_search,"{""action"": ""search"", ""query"": {""and"": [{""field"": ""sport_name"", ""value"": ""网球""}, {""field"": ""sport_star"", ""value"": ""郑钦文""}, {""field"": ""sport_competition_phase"", ""value"": ""决赛""}]}}",14865
1k973,体育,973,第1轮,看看马拉松比赛视频,sports_vod_search,"{""query"": {}}",14866
1k973,体育,973,第2轮,国内马拉松的那种,sports_match_search,"{""action"": ""search"", ""query"": {""field"": ""sport_name"", ""value"": ""马拉松""}}",14867
1k973,体育,973,第3轮,高清版的有吗,sports_vod_search,"{""action"": ""search"", ""query"": {""field"": ""sport_name"", ""value"": ""马拉松""}}",14868
1k973,体育,973,第4轮,不要会员的吗,sports_vod_search,"{""action"": ""search"", ""query"": {""field"": ""sport_name"", ""value"": ""马拉松""}}",14869
1k973,体育,973,第5轮,今年办,sports_match_search,"{""action"": ""search"", ""query"": {""and"": [{""field"": ""sport_name"", ""value"": ""马拉松""}, {""field"": ""sport_time"", ""value"": ""最近""}]}}",14870
1k974,体育,974,第1轮,来一部排球比赛,sports_vod_search,"{""query"": {}}",14871
1k974,体育,974,第2轮,女排世界联赛的,sports_match_search,"{""action"": ""search"", ""query"": {""field"": ""sport_name"", ""value"": ""排球""}}",14872
1k974,体育,974,第3轮,完整版有吗,sports_vod_search,"{""action"": ""search"", ""query"": {""and"": [{""field"": ""sport_name"", ""value"": ""排球""}, {""field"": ""field"", ""value"": ""value""}, {""field"": ""live_state"", ""values"": [""3"", ""4""]}]}}",14873
1k974,体育,974,第4轮,能免费看吗,sports_vod_search,"{""action"": ""search"", ""query"": {""and"": [{""field"": ""sport_name"", ""value"": ""排球""}, {""field"": ""field"", ""value"": ""value""}, {""field"": ""live_state"", ""values"": [""3"", ""4""]}]}}",14874
1k974,体育,974,第5轮,世界女排联赛,sports_match_search,"{""action"": ""search"", ""query"": {""and"": [{""field"": ""sport_name"", ""value"": ""排球""}, {""field"": ""field"", ""value"": ""value""}, {""field"": ""live_state"", ""values"": [""3"", ""4""]}]}}",14875
1k975,体育,975,第1轮,有什么足球比赛视频,sports_vod_search,"{""query"": {}}",14876
1k975,体育,975,第2轮,7月21日,sports_match_search,"{""action"": ""search"", ""query"": {""and"": [{""field"": ""sport_name"", ""value"": ""足球""}, {""field"": ""sport_time"", ""value"": ""20260721""}]}}",14877
1k975,体育,975,第3轮,7月21号,sports_match_search,"{""action"": ""search"", ""query"": {""and"": [{""field"": ""sport_name"", ""value"": ""足球""}, {""field"": ""sport_time"", ""value"": ""20260721""}]}}",14878
1k975,体育,975,第4轮,英超级的,sports_match_search,"{""action"": ""search"", ""query"": {""and"": [{""field"": ""sport_name"", ""value"": ""足球""}, {""field"": ""sport_time"", ""value"": ""20260721""}]}}",14879
1k975,体育,975,第5轮,半决赛那场,sports_match_search,"{""action"": ""search"", ""query"": {""and"": [{""field"": ""sport_name"", ""value"": ""足球""}, {""field"": ""sport_time"", ""value"": ""20260721""}, {""field"": ""sport_competition_phase"", ""value"": ""半决赛""}]}}",14880
1k976,体育,976,第1轮,有什么好看的台球比赛视频,sports_vod_search,"{""query"": {}}",14881
1k976,体育,976,第2轮,斯诺克那种,sports_vod_search,"{""action"": ""search"", ""query"": {""field"": ""sport_name"", ""value"": ""台球""}}",14882
1k976,体育,976,第3轮,画质细腻的,sports_vod_search,"{""action"": ""search"", ""query"": {""field"": ""sport_name"", ""value"": ""台球""}}",14883
1k976,体育,976,第4轮,世锦赛的有吗,sports_vod_search,"{""action"": ""search"", ""query"": {""field"": ""sport_name"", ""value"": ""台球""}}",14884
1k976,体育,976,第5轮,要斯诺克,sports_vod_search,"{""action"": ""search"", ""query"": {""field"": ""sport_name"", ""value"": ""台球""}}",14885
1k977,体育,977,第1轮,有什么网球的视频,sports_vod_search,"{""query"": {}}",14886
1k977,体育,977,第2轮,昨晚,sports_match_search,"{""action"": ""search"", ""query"": {""and"": [{""field"": ""sport_name"", ""value"": ""网球""}, {""field"": ""sport_time"", ""value"": ""最近""}]}}",14887
1k977,体育,977,第3轮,决赛轮的,sports_match_search,"{""action"": ""search"", ""query"": {""and"": [{""field"": ""sport_name"", ""value"": ""网球""}, {""field"": ""sport_time"", ""value"": ""最近""}, {""field"": ""sport_competition_phase"", ""value"": ""决赛""}]}}",14888
1k977,体育,977,第4轮,大满贯,sports_vod_search,"{""action"": ""search"", ""query"": {""and"": [{""field"": ""sport_name"", ""value"": ""网球""}, {""field"": ""sport_time"", ""value"": ""最近""}, {""field"": ""sport_competition_phase"", ""value"": ""决赛""}]}}",14889
1k977,体育,977,第5轮,昨晚那种,sports_match_search,"{""action"": ""search"", ""query"": {""and"": [{""field"": ""sport_name"", ""value"": ""网球""}, {""field"": ""sport_time"", ""value"": ""最近""}, {""field"": ""sport_competition_phase"", ""value"": ""决赛""}]}}",14890
1k978,体育,978,第1轮,有哪些羽毛球比赛,sports_vod_search,"{""query"": {}}",14891
1k978,体育,978,第2轮,女单决赛,sports_match_search,"{""action"": ""search"", ""query"": {""and"": [{""field"": ""sport_name"", ""value"": ""羽毛球""}, {""field"": ""sport_competition_phase"", ""value"": ""决赛""}]}}",14892
1k978,体育,978,第3轮,陈雨菲的比赛的那种,sports_match_search,"{""action"": ""search"", ""query"": {""and"": [{""field"": ""sport_name"", ""value"": ""羽毛球""}, {""field"": ""sport_competition_phase"", ""value"": ""决赛""}, {""field"": ""sport_star"", ""value"": ""陈雨菲""}]}}",14893
1k978,体育,978,第4轮,雨菲那场的那种,sports_match_search,"{""action"": ""search"", ""query"": {""and"": [{""field"": ""sport_name"", ""value"": ""羽毛球""}, {""field"": ""sport_competition_phase"", ""value"": ""决赛""}, {""field"": ""sport_star"", ""value"": ""陈雨菲""}]}}",14894
1k978,体育,978,第5轮,女子单打决赛,sports_match_search,"{""action"": ""search"", ""query"": {""and"": [{""field"": ""sport_name"", ""value"": ""羽毛球""}, {""field"": ""sport_competition_phase"", ""value"": ""决赛""}, {""field"": ""sport_star"", ""value"": ""陈雨菲""}]}}",14895
1k979,体育,979,第1轮,想看篮球比赛视频,sports_vod_search,"{""query"": {}}",14896
1k979,体育,979,第2轮,新疆那种,sports_match_search,"{""action"": ""search"", ""query"": {""field"": ""sport_name"", ""value"": ""篮球""}}",14897
1k979,体育,979,第3轮,新疆那队,sports_match_search,"{""action"": ""search"", ""query"": {""field"": ""sport_name"", ""value"": ""篮球""}}",14898
1k979,体育,979,第4轮,要季后赛,sports_match_search,"{""action"": ""search"", ""query"": {""and"": [{""field"": ""sport_name"", ""value"": ""篮球""}, {""field"": ""sport_competition_phase"", ""value"": ""季后赛""}]}}",14899
1k979,体育,979,第5轮,中国男篮联赛,sports_match_search,"{""action"": ""search"", ""query"": {""and"": [{""field"": ""sport_name"", ""value"": ""篮球""}, {""field"": ""sport_competition_phase"", ""value"": ""季后赛""}]}}",14900
1k980,体育,980,第1轮,放几部网球的视频,sports_vod_search,"{""query"": {}}",14901
1k980,体育,980,第2轮,决赛那种,sports_match_search,"{""action"": ""search"", ""query"": {""and"": [{""field"": ""sport_name"", ""value"": ""网球""}, {""field"": ""sport_competition_phase"", ""value"": ""决赛""}]}}",14902
1k980,体育,980,第3轮,要高清那种,sports_vod_search,"{""action"": ""search"", ""query"": {""and"": [{""field"": ""sport_name"", ""value"": ""网球""}, {""field"": ""sport_competition_phase"", ""value"": ""决赛""}]}}",14903
1k980,体育,980,第4轮,郑钦文的比赛,sports_match_search,"{""action"": ""search"", ""query"": {""and"": [{""field"": ""sport_name"", ""value"": ""网球""}, {""field"": ""sport_competition_phase"", ""value"": ""决赛""}, {""field"": ""sport_star"", ""value"": ""郑钦文""}]}}",14904
1k980,体育,980,第5轮,大满贯,sports_vod_search,"{""action"": ""search"", ""query"": {""and"": [{""field"": ""sport_name"", ""value"": ""网球""}, {""field"": ""sport_competition_phase"", ""value"": ""决赛""}, {""field"": ""sport_star"", ""value"": ""郑钦文""}]}}",14905
1k981,体育,981,第1轮,来点马拉松比赛视频,sports_vod_search,"{""query"": {}}",14906
1k981,体育,981,第2轮,国内的马,sports_match_search,"{""action"": ""search"", ""query"": {""field"": ""sport_name"", ""value"": ""马拉松""}}",14907
1k981,体育,981,第3轮,全程回放,sports_vod_search,"{""action"": ""search"", ""query"": {""and"": [{""field"": ""sport_name"", ""value"": ""马拉松""}, {""field"": ""field"", ""value"": ""value""}, {""field"": ""live_state"", ""values"": [""3"", ""4""]}]}}",14908
1k981,体育,981,第4轮,国内马拉松,sports_match_search,"{""action"": ""search"", ""query"": {""and"": [{""field"": ""sport_name"", ""value"": ""马拉松""}, {""field"": ""field"", ""value"": ""value""}, {""field"": ""live_state"", ""values"": [""3"", ""4""]}]}}",14909
1k981,体育,981,第5轮,今年那种,sports_match_search,"{""action"": ""search"", ""query"": {""and"": [{""field"": ""sport_name"", ""value"": ""马拉松""}, {""field"": ""field"", ""value"": ""value""}, {""field"": ""live_state"", ""values"": [""3"", ""4""]}, {""field"": ""sport_time"", ""value"": ""最近""}]}}",14910
1k982,体育,982,第1轮,找点本周的NBA集锦,sports_vod_search,"{""query"": {""and"": [{""field"": ""sport_game"", ""value"": ""NBA""}, {""field"": ""sport_time_range"", ""value"": {""from"": ""20260915 00:00:00"", ""to"": ""20260921 23:59:59""}}]}}",14911
1k982,体育,982,第2轮,不要钱渠道,sports_vod_search,"{""action"": ""search"", ""query"": {""and"": [{""field"": ""sport_game"", ""value"": ""NBA""}, {""field"": ""sport_time_range"", ""value"": {""from"": ""20260915 00:00:00"", ""to"": ""20260921 23:59:59""}}]}}",14912
1k982,体育,982,第3轮,勇士的那种,sports_match_search,"{""action"": ""search"", ""query"": {""and"": [{""field"": ""sport_game"", ""value"": ""NBA""}, {""field"": ""sport_time_range"", ""value"": {""from"": ""20260915 00:00:00"", ""to"": ""20260921 23:59:59""}}]}}",14913
1k982,体育,982,第4轮,库里的比赛的那种,sports_match_search,"{""action"": ""search"", ""query"": {""and"": [{""field"": ""sport_game"", ""value"": ""NBA""}, {""field"": ""sport_time_range"", ""value"": {""from"": ""20260915 00:00:00"", ""to"": ""20260921 23:59:59""}}, {""field"": ""sport_star"", ""value"": ""库里""}]}}",14914
1k982,体育,982,第5轮,库里的,sports_match_search,"{""action"": ""search"", ""query"": {""and"": [{""field"": ""sport_game"", ""value"": ""NBA""}, {""field"": ""sport_time_range"", ""value"": {""from"": ""20260915 00:00:00"", ""to"": ""20260921 23:59:59""}}, {""field"": ""sport_star"", ""value"": ""库里""}]}}",14915
1k983,体育,983,第1轮,好看的排球比赛,sports_vod_search,"{""query"": {}}",14916
1k983,体育,983,第2轮,能免费看吗,sports_vod_search,"{""action"": ""search"", ""query"": {""field"": ""sport_name"", ""value"": ""排球""}}",14917
1k983,体育,983,第3轮,要看集锦的那种,sports_vod_search,"{""action"": ""search"", ""query"": {""field"": ""sport_name"", ""value"": ""排球""}}",14918
1k983,体育,983,第4轮,女排那种,sports_match_search,"{""action"": ""search"", ""query"": {""field"": ""sport_name"", ""value"": ""排球""}}",14919
1k983,体育,983,第5轮,要女排联赛,sports_match_search,"{""action"": ""search"", ""query"": {""field"": ""sport_name"", ""value"": ""排球""}}",14920
1k984,体育,984,第1轮,来一部本周的NBA集锦,sports_vod_search,"{""query"": {""and"": [{""field"": ""sport_game"", ""value"": ""NBA""}, {""field"": ""sport_time_range"", ""value"": {""from"": ""20260915 00:00:00"", ""to"": ""20260921 23:59:59""}}]}}",14921
1k984,体育,984,第2轮,库里的,sports_match_search,"{""action"": ""search"", ""query"": {""and"": [{""field"": ""sport_game"", ""value"": ""NBA""}, {""field"": ""sport_time_range"", ""value"": {""from"": ""20260915 00:00:00"", ""to"": ""20260921 23:59:59""}}, {""field"": ""sport_star"", ""value"": ""库里""}]}}",14922
1k984,体育,984,第3轮,库里的比赛,sports_match_search,"{""action"": ""search"", ""query"": {""and"": [{""field"": ""sport_game"", ""value"": ""NBA""}, {""field"": ""sport_time_range"", ""value"": {""from"": ""20260915 00:00:00"", ""to"": ""20260921 23:59:59""}}, {""field"": ""sport_star"", ""value"": ""库里""}]}}",14923
1k984,体育,984,第4轮,勇士队比赛,sports_match_search,"{""action"": ""search"", ""query"": {""and"": [{""field"": ""sport_game"", ""value"": ""NBA""}, {""field"": ""sport_time_range"", ""value"": {""from"": ""20260915 00:00:00"", ""to"": ""20260921 23:59:59""}}, {""field"": ""sport_star"", ""value"": ""库里""}, {""field"": ""sport_team_home"", ""value"": ""勇士""}]}}",14924
1k984,体育,984,第5轮,有十佳球的,sports_vod_search,"{""action"": ""search"", ""query"": {""and"": [{""field"": ""sport_game"", ""value"": ""NBA""}, {""field"": ""sport_time_range"", ""value"": {""from"": ""20260915 00:00:00"", ""to"": ""20260921 23:59:59""}}, {""field"": ""sport_star"", ""value"": ""库里""}, {""field"": ""sport_team_home"", ""value"": ""勇士""}]}}",14925
1k985,体育,985,第1轮,想看中超的比赛录像,sports_vod_search,"{""query"": {}}",14926
1k985,体育,985,第2轮,画质高的,sports_vod_search,"{""action"": ""search"", ""query"": {""field"": ""sport_game"", ""value"": ""中超""}}",14927
1k985,体育,985,第3轮,要上港的,sports_match_search,"{""action"": ""search"", ""query"": {""field"": ""sport_game"", ""value"": ""中超""}}",14928
1k985,体育,985,第4轮,要上海海港的,sports_match_search,"{""action"": ""search"", ""query"": {""and"": [{""field"": ""sport_game"", ""value"": ""中超""}, {""field"": ""sport_team_home"", ""value"": ""上海海港""}]}}",14929
1k985,体育,985,第5轮,不要钱能看吗,sports_vod_search,"{""action"": ""search"", ""query"": {""and"": [{""field"": ""sport_game"", ""value"": ""中超""}, {""field"": ""sport_team_home"", ""value"": ""上海海港""}]}}",14930
1k986,体育,986,第1轮,推荐几部羽毛球比赛,sports_vod_search,"{""query"": {}}",14931
1k986,体育,986,第2轮,女单那种,sports_match_search,"{""action"": ""search"", ""query"": {""and"": [{""field"": ""sport_name"", ""value"": ""羽毛球""}, {""field"": ""sport_competition_phase"", ""value"": ""决赛""}]}}",14932
1k986,体育,986,第3轮,女子单打决赛,sports_match_search,"{""action"": ""search"", ""query"": {""and"": [{""field"": ""sport_name"", ""value"": ""羽毛球""}, {""field"": ""sport_competition_phase"", ""value"": ""决赛""}]}}",14933
1k986,体育,986,第4轮,陈雨菲,sports_match_search,"{""action"": ""search"", ""query"": {""and"": [{""field"": ""sport_name"", ""value"": ""羽毛球""}, {""field"": ""sport_competition_phase"", ""value"": ""决赛""}, {""field"": ""sport_star"", ""value"": ""陈雨菲""}]}}",14934
1k986,体育,986,第5轮,女单,sports_match_search,"{""action"": ""search"", ""query"": {""and"": [{""field"": ""sport_name"", ""value"": ""羽毛球""}, {""field"": ""sport_competition_phase"", ""value"": ""决赛""}, {""field"": ""sport_star"", ""value"": ""陈雨菲""}]}}",14935
1k987,体育,987,第1轮,世界杯的比赛有哪些,sports_vod_search,"{""query"": {}}",14936
1k987,体育,987,第2轮,最后谁夺冠了,sports_match_search,"{""action"": ""search"", ""messages"": [{""role"": ""user"", ""content"": ""最后谁夺冠了""}], ""riskRespStrategy"": ""all_replace""}",14937
1k987,体育,987,第3轮,金球奖得主是谁,fan_knowledge_agent,"{""messages"": [{""role"": ""user"", ""content"": ""金球奖得主是谁""}], ""riskRespStrategy"": ""all_replace""}",14938
1k987,体育,987,第4轮,决赛回放的那种,sports_vod_search,"{""action"": ""search"", ""query"": {""and"": [{""field"": ""sport_game"", ""value"": ""世界杯""}, {""field"": ""sport_competition_phase"", ""value"": ""决赛""}]}}",14939
1k987,体育,987,第5轮,举办地的那种,sports_match_search,"{""action"": ""search"", ""messages"": [{""role"": ""user"", ""content"": ""举办地的那种""}], ""riskRespStrategy"": ""all_replace""}",14940
1k988,体育,988,第1轮,想看足球比赛视频,sports_vod_search,"{""query"": {}}",14941
1k988,体育,988,第2轮,比分多少,fan_knowledge_agent,"{""messages"": [{""role"": ""user"", ""content"": ""比分多少""}], ""riskRespStrategy"": ""all_replace""}",14942
1k988,体育,988,第3轮,回放有吗,sports_vod_search,"{""action"": ""search"", ""query"": {""and"": [{""field"": ""field"", ""value"": ""value""}, {""field"": ""live_state"", ""values"": [""3"", ""4""]}]}}",14943
1k988,体育,988,第4轮,英超的,sports_match_search,"{""action"": ""search"", ""query"": {""and"": [{""field"": ""field"", ""value"": ""value""}, {""field"": ""live_state"", ""values"": [""3"", ""4""]}, {""field"": ""sport_name"", ""value"": ""足球""}]}}",14944
1k988,体育,988,第5轮,能看重放吗,sports_vod_search,"{""action"": ""search"", ""query"": {""and"": [{""field"": ""field"", ""value"": ""value""}, {""field"": ""live_state"", ""values"": [""3"", ""4""]}, {""field"": ""sport_name"", ""value"": ""足球""}]}}",14945
1k989,体育,989,第1轮,想看本周的NBA集锦,sports_vod_search,"{""query"": {""and"": [{""field"": ""sport_game"", ""value"": ""NBA""}, {""field"": ""sport_time_range"", ""value"": {""from"": ""20260915 00:00:00"", ""to"": ""20260921 23:59:59""}}]}}",14946
1k989,体育,989,第2轮,库里,sports_match_search,"{""action"": ""search"", ""query"": {""and"": [{""field"": ""sport_game"", ""value"": ""NBA""}, {""field"": ""sport_time_range"", ""value"": {""from"": ""20260915 00:00:00"", ""to"": ""20260921 23:59:59""}}, {""field"": ""sport_star"", ""value"": ""库里""}]}}",14947
1k989,体育,989,第3轮,有精彩进球,sports_vod_search,"{""action"": ""search"", ""query"": {""and"": [{""field"": ""sport_game"", ""value"": ""NBA""}, {""field"": ""sport_time_range"", ""value"": {""from"": ""20260915 00:00:00"", ""to"": ""20260921 23:59:59""}}, {""field"": ""sport_star"", ""value"": ""库里""}]}}",14948
1k989,体育,989,第4轮,免费渠道的有吗,sports_vod_search,"{""action"": ""search"", ""query"": {""and"": [{""field"": ""sport_game"", ""value"": ""NBA""}, {""field"": ""sport_time_range"", ""value"": {""from"": ""20260915 00:00:00"", ""to"": ""20260921 23:59:59""}}, {""field"": ""sport_star"", ""value"": ""库里""}]}}",14949
1k989,体育,989,第5轮,要库里的,sports_match_search,"{""action"": ""search"", ""query"": {""and"": [{""field"": ""sport_game"", ""value"": ""NBA""}, {""field"": ""sport_time_range"", ""value"": {""from"": ""20260915 00:00:00"", ""to"": ""20260921 23:59:59""}}, {""field"": ""sport_star"", ""value"": ""库里""}]}}",14950
1k990,体育,990,第1轮,来几部中超的比赛录像,sports_vod_search,"{""query"": {}}",14951
1k990,体育,990,第2轮,主场,sports_vod_search,"{""action"": ""search"", ""query"": {""field"": ""sport_game"", ""value"": ""中超""}}",14952
1k990,体育,990,第3轮,主场那种,sports_vod_search,"{""action"": ""search"", ""query"": {""field"": ""sport_game"", ""value"": ""中超""}}",14953
1k990,体育,990,第4轮,高分辨率,sports_vod_search,"{""action"": ""search"", ""query"": {""field"": ""sport_game"", ""value"": ""中超""}}",14954
1k990,体育,990,第5轮,主场比赛的那种,sports_vod_search,"{""action"": ""search"", ""query"": {""field"": ""sport_game"", ""value"": ""中超""}}",14955
1k991,体育,991,第1轮,放几部中超的比赛录像,sports_vod_search,"{""query"": {}}",14956
1k991,体育,991,第2轮,要画质高的,sports_vod_search,"{""action"": ""search"", ""query"": {""field"": ""sport_game"", ""value"": ""中超""}}",14957
1k991,体育,991,第3轮,上海海港的,sports_match_search,"{""action"": ""search"", ""query"": {""and"": [{""field"": ""sport_game"", ""value"": ""中超""}, {""field"": ""sport_team_home"", ""value"": ""上海海港""}]}}",14958
1k991,体育,991,第4轮,要主场,sports_vod_search,"{""action"": ""search"", ""query"": {""and"": [{""field"": ""sport_game"", ""value"": ""中超""}, {""field"": ""sport_team_home"", ""value"": ""上海海港""}]}}",14959
1k991,体育,991,第5轮,主场那种,sports_vod_search,"{""action"": ""search"", ""query"": {""and"": [{""field"": ""sport_game"", ""value"": ""中超""}, {""field"": ""sport_team_home"", ""value"": ""上海海港""}]}}",14960
1k992,体育,992,第1轮,最近想看F1的比赛,sports_vod_search,"{""query"": {}}",14961
1k992,体育,992,第2轮,上海站,sports_match_search,"{""action"": ""search"", ""query"": {""and"": [{""field"": ""sport_name"", ""value"": ""F1""}, {""field"": ""sport_team_home"", ""value"": ""上海""}]}}",14962
1k992,体育,992,第3轮,不要会员的有没有,sports_vod_search,"{""action"": ""search"", ""query"": {""and"": [{""field"": ""sport_name"", ""value"": ""F1""}, {""field"": ""sport_team_home"", ""value"": ""上海""}]}}",14963
1k992,体育,992,第4轮,上海站的,sports_match_search,"{""action"": ""search"", ""query"": {""and"": [{""field"": ""sport_name"", ""value"": ""F1""}, {""field"": ""sport_team_home"", ""value"": ""上海""}]}}",14964
1k992,体育,992,第5轮,资格赛,sports_match_search,"{""action"": ""search"", ""query"": {""and"": [{""field"": ""sport_name"", ""value"": ""F1""}, {""field"": ""sport_team_home"", ""value"": ""上海""}]}}",14965
1k993,体育,993,第1轮,推荐几部台球比赛视频,sports_vod_search,"{""query"": {}}",14966
1k993,体育,993,第2轮,丁俊晖,sports_match_search,"{""action"": ""search"", ""query"": {""and"": [{""field"": ""sport_name"", ""value"": ""台球""}, {""field"": ""sport_star"", ""value"": ""丁俊晖""}]}}",14967
1k993,体育,993,第3轮,小丁那场,sports_match_search,"{""action"": ""search"", ""query"": {""and"": [{""field"": ""sport_name"", ""value"": ""台球""}, {""field"": ""sport_star"", ""value"": ""丁俊晖""}]}}",14968
1k993,体育,993,第4轮,斯诺克的,sports_vod_search,"{""action"": ""search"", ""query"": {""and"": [{""field"": ""sport_name"", ""value"": ""台球""}, {""field"": ""sport_star"", ""value"": ""丁俊晖""}]}}",14969
1k993,体育,993,第5轮,要细腻画质,sports_vod_search,"{""action"": ""search"", ""query"": {""and"": [{""field"": ""sport_name"", ""value"": ""台球""}, {""field"": ""sport_star"", ""value"": ""丁俊晖""}]}}",14970
1k994,体育,994,第1轮,放几部篮球比赛视频,sports_vod_search,"{""query"": {}}",14971
1k994,体育,994,第2轮,要看集锦的那种,sports_vod_search,"{""action"": ""search"", ""query"": {""field"": ""sport_name"", ""value"": ""篮球""}}",14972
1k994,体育,994,第3轮,要cba的,sports_match_search,"{""action"": ""search"", ""query"": {""field"": ""sport_name"", ""value"": ""篮球""}}",14973
1k994,体育,994,第4轮,季后赛那种,sports_match_search,"{""action"": ""search"", ""query"": {""and"": [{""field"": ""sport_name"", ""value"": ""篮球""}, {""field"": ""sport_competition_phase"", ""value"": ""季后赛""}]}}",14974
1k994,体育,994,第5轮,季后赛阶段,sports_match_search,"{""action"": ""search"", ""query"": {""and"": [{""field"": ""sport_name"", ""value"": ""篮球""}, {""field"": ""sport_competition_phase"", ""value"": ""季后赛""}]}}",14975
1k995,体育,995,第1轮,看看拳击比赛,sports_vod_search,"{""query"": {}}",14976
1k995,体育,995,第2轮,重量级,sports_vod_search,"{""action"": ""search"", ""query"": {""field"": ""sport_name"", ""value"": ""拳击""}}",14977
1k995,体育,995,第3轮,完整重放,sports_vod_search,"{""action"": ""search"", ""query"": {""and"": [{""field"": ""sport_name"", ""value"": ""拳击""}, {""field"": ""field"", ""value"": ""value""}, {""field"": ""live_state"", ""values"": [""3"", ""4""]}]}}",14978
1k995,体育,995,第4轮,最近打的,sports_match_search,"{""action"": ""search"", ""query"": {""and"": [{""field"": ""sport_name"", ""value"": ""拳击""}, {""field"": ""field"", ""value"": ""value""}, {""field"": ""live_state"", ""values"": [""3"", ""4""]}]}}",14979
1k995,体育,995,第5轮,不收费,sports_vod_search,"{""action"": ""search"", ""query"": {""and"": [{""field"": ""sport_name"", ""value"": ""拳击""}, {""field"": ""field"", ""value"": ""value""}, {""field"": ""live_state"", ""values"": [""3"", ""4""]}]}}",14980
1k996,体育,996,第1轮,找点中超的比赛录像,sports_vod_search,"{""query"": {}}",14981
1k996,体育,996,第2轮,主场,sports_vod_search,"{""action"": ""search"", ""query"": {""field"": ""sport_game"", ""value"": ""中超""}}",14982
1k996,体育,996,第3轮,清晰的,sports_vod_search,"{""action"": ""search"", ""query"": {""field"": ""sport_game"", ""value"": ""中超""}}",14983
1k996,体育,996,第4轮,主场比赛,sports_vod_search,"{""action"": ""search"", ""query"": {""field"": ""sport_game"", ""value"": ""中超""}}",14984
1k996,体育,996,第5轮,免费能看吗,sports_vod_search,"{""action"": ""search"", ""query"": {""field"": ""sport_game"", ""value"": ""中超""}}",14985
1k997,体育,997,第1轮,推荐几部马拉松比赛视频,sports_vod_search,"{""query"": {}}",14986
1k997,体育,997,第2轮,国内的马,sports_match_search,"{""action"": ""search"", ""query"": {""field"": ""sport_name"", ""value"": ""马拉松""}}",14987
1k997,体育,997,第3轮,要高清版,sports_vod_search,"{""action"": ""search"", ""query"": {""field"": ""sport_name"", ""value"": ""马拉松""}}",14988
1k997,体育,997,第4轮,免费的吗,sports_vod_search,"{""action"": ""search"", ""query"": {""field"": ""sport_name"", ""value"": ""马拉松""}}",14989
1k997,体育,997,第5轮,完整回放的那种,sports_vod_search,"{""action"": ""search"", ""query"": {""and"": [{""field"": ""sport_name"", ""value"": ""马拉松""}, {""field"": ""field"", ""value"": ""value""}, {""field"": ""live_state"", ""values"": [""3"", ""4""]}]}}",14990
1k998,体育,998,第1轮,《三体》讲什么,fan_knowledge_agent,"{""messages"": [{""role"": ""user"", ""content"": ""《三体》讲什么""}], ""riskRespStrategy"": ""all_replace""}",14991
1k998,体育,998,第2轮,作者是谁,fan_knowledge_agent,"{""messages"": [{""role"": ""user"", ""content"": ""作者是谁""}], ""riskRespStrategy"": ""all_replace""}",14992
1k998,体育,998,第3轮,结局是什么,fan_knowledge_agent,"{""messages"": [{""role"": ""user"", ""content"": ""结局是什么""}], ""riskRespStrategy"": ""all_replace""}",14993
1k998,体育,998,第4轮,有电视剧版吗,vod_search,"{""action"": ""search"", ""query"": {""field"": ""tag"", ""value"": ""科幻""}}",14994
1k998,体育,998,第5轮,第二部叫什么,vod_search,"{""action"": ""search"", ""query"": {""field"": ""tag"", ""value"": ""科幻""}}",14995
1k999,体育,999,第1轮,红楼梦作者是谁,fan_knowledge_agent,"{""messages"": [{""role"": ""user"", ""content"": ""红楼梦作者是谁""}], ""riskRespStrategy"": ""all_replace""}",14996
1k999,体育,999,第2轮,讲什么的,fan_knowledge_agent,"{""messages"": [{""role"": ""user"", ""content"": ""讲什么的""}], ""riskRespStrategy"": ""all_replace""}",14997
1k999,体育,999,第3轮,主角有哪些,fan_knowledge_agent,"{""messages"": [{""role"": ""user"", ""content"": ""主角有哪些""}], ""riskRespStrategy"": ""all_replace""}",14998
1k999,体育,999,第4轮,有改编的电视剧吗,vod_search,"{""action"": ""search"", ""query"": {""field"": ""tag"", ""value"": ""古装""}}",14999
1k999,体育,999,第5轮,哪个版本最经典,fan_knowledge_agent,"{""messages"": [{""role"": ""user"", ""content"": ""哪个版本最经典""}], ""riskRespStrategy"": ""all_replace""}",15000
1k1000,体育,1000,第1轮,《流浪地球》讲的什么,fan_knowledge_agent,"{""messages"": [{""role"": ""user"", ""content"": ""《流浪地球》讲的什么""}], ""riskRespStrategy"": ""all_replace""}",15001
1k1000,体育,1000,第2轮,导演是谁,fan_knowledge_agent,"{""messages"": [{""role"": ""user"", ""content"": ""导演是谁""}], ""riskRespStrategy"": ""all_replace""}",15002
1k1000,体育,1000,第3轮,票房多少,fan_knowledge_agent,"{""messages"": [{""role"": ""user"", ""content"": ""票房多少""}], ""riskRespStrategy"": ""all_replace""}",15003
1k1000,体育,1000,第4轮,有续集吗,vod_search,"{""action"": ""search"", ""query"": {""field"": ""tag"", ""value"": ""科幻""}}",15004
1k1000,体育,1000,第5轮,和原著差别大吗,fan_knowledge_agent,"{""messages"": [{""role"": ""user"", ""content"": ""和原著差别大吗""}], ""riskRespStrategy"": ""all_replace""}",15005
