业务域,query,意图,期望工具,期望参数,是否合理
设备,打开demo演示,,demo_control,"{""operation"": ""打开"", ""object"": ""demo演示"", ""value"": """", ""device"": """", ""location"": """"}",
设备,打开图卡demo,,demo_control,"{""operation"": ""打开"", ""object"": ""图卡demo"", ""value"": """", ""device"": """", ""location"": """"}",
设备,打开ULED超画质演示,,demo_control,"{""operation"": ""打开"", ""object"": ""uled超画质演示"", ""value"": """", ""device"": """", ""location"": """"}",
设备,打开12bit精晰布光,,display_control,"{""operation"": ""打开"", ""object"": ""12bit精晰布光"", ""value"": """", ""device"": """", ""location"": """"}",
设备,打开背光分区,,display_control,"{""operation"": ""打开"", ""object"": ""背光分区"", ""value"": """", ""device"": """", ""location"": """"}",
设备,打开图像分区,,display_control,"{""operation"": ""打开"", ""object"": ""图像分区"", ""value"": """", ""device"": """", ""location"": """"}",
设备,打开量子点四维真实还原系统,,display_control,"{""operation"": ""打开"", ""object"": ""量子点四维真实还原系统"", ""value"": """", ""device"": """", ""location"": """"}",
设备,打开全程HDR,,display_control,"{""operation"": ""打开"", ""object"": ""全程hdr"", ""value"": """", ""device"": """", ""location"": """"}",
设备,打开智能运动侦测,,display_control,"{""operation"": ""打开"", ""object"": ""智能运动侦测"", ""value"": """", ""device"": """", ""location"": """"}",
设备,打开超清在线解析,,display_control,"{""operation"": ""打开"", ""object"": ""超清在线解析"", ""value"": """", ""device"": """", ""location"": """"}",
设备,打开2K转4K演示,,demo_control,"{""operation"": ""打开"", ""object"": ""2k转4k演示"", ""value"": """", ""device"": """", ""location"": """"}",
设备,打开超高清演示,,demo_control,"{""operation"": ""打开"", ""object"": ""超高清演示"", ""value"": """", ""device"": """", ""location"": """"}",
设备,打开超解像演示,,demo_control,"{""operation"": ""打开"", ""object"": ""超解像演示"", ""value"": """", ""device"": """", ""location"": """"}",
设备,打开WAVES音效,,audio_control,"{""operation"": ""打开"", ""object"": ""waves音效"", ""value"": """", ""device"": """", ""location"": """"}",
设备,打开臻彩高色域,,display_control,"{""operation"": ""打开"", ""object"": ""臻彩高色域"", ""value"": """", ""device"": """", ""location"": """"}",
设备,打开系统信息演示,,demo_control,"{""operation"": ""打开"", ""object"": ""系统信息演示"", ""value"": """", ""device"": """", ""location"": """"}",
设备,打开量子点真实色彩还原,,display_control,"{""operation"": ""打开"", ""object"": ""量子点真实色彩还原"", ""value"": """", ""device"": """", ""location"": """"}",
设备,打开真实色彩还原,,display_control,"{""operation"": ""打开"", ""object"": ""真实色彩还原"", ""value"": """", ""device"": """", ""location"": """"}",
设备,打开多层次细节增强演示,,display_control,"{""operation"": ""打开"", ""object"": ""多层次细节增强演示"", ""value"": """", ""device"": """", ""location"": """"}",
设备,打开晶彩色控演示,,demo_control,"{""operation"": ""打开"", ""object"": ""晶彩色控演示"", ""value"": """", ""device"": """", ""location"": """"}",
设备,打开亮暗精控演示,,demo_control,"{""operation"": ""打开"", ""object"": ""亮暗精控演示"", ""value"": """", ""device"": """", ""location"": """"}",
设备,打开自动景深优化演示,,demo_control,"{""operation"": ""打开"", ""object"": ""自动景深优化演示"", ""value"": """", ""device"": """", ""location"": """"}",
设备,打开数字剧院音效,,audio_control,"{""operation"": ""打开"", ""object"": ""数字剧院音效"", ""value"": """", ""device"": """", ""location"": """"}",
设备,打开杜比全景声演示,,demo_control,"{""operation"": ""打开"", ""object"": ""杜比全景声演示"", ""value"": """", ""device"": """", ""location"": """"}",
设备,打开电视音频增强,,audio_control,"{""operation"": ""打开"", ""object"": ""电视音频增强"", ""value"": """", ""device"": """", ""location"": """"}",
设备,打开立体音效,,audio_control,"{""operation"": ""打开"", ""object"": ""立体音效"", ""value"": """", ""device"": """", ""location"": """"}",
设备,打开SDR转HDR,,display_control,"{""operation"": ""打开"", ""object"": ""sdr转hdr"", ""value"": """", ""device"": """", ""location"": """"}",
设备,打开全维ai画质演示,,demo_control,"{""operation"": ""打开"", ""object"": ""全维ai画质演示"", ""value"": """", ""device"": """", ""location"": """"}",
设备,打开wifi6演示,,demo_control,"{""operation"": ""打开"", ""object"": ""wifi6演示"", ""value"": """", ""device"": """", ""location"": """"}",
设备,打开原音复刻引擎,,audio_control,"{""operation"": ""打开"", ""object"": ""原音复刻引擎"", ""value"": """", ""device"": """", ""location"": """"}",
设备,打开家庭私有云演示,,demo_control,"{""operation"": ""打开"", ""object"": ""家庭私有云演示"", ""value"": """", ""device"": """", ""location"": """"}",
设备,打开全景云台摄像头,,smart_camera,"{""operation"": ""打开"", ""object"": ""全景云台摄像头"", ""value"": """", ""device"": """", ""location"": """"}",
设备,打开智慧之眼,,smart_camera,"{""operation"": ""打开"", ""object"": ""智慧之眼"", ""value"": """", ""device"": """", ""location"": """"}",
设备,打开全时云守护,,smart_camera,"{""operation"": ""打开"", ""object"": ""全时云守护"", ""value"": """", ""device"": """", ""location"": """"}",
设备,打开儿童云关爱,,smart_camera,"{""operation"": ""打开"", ""object"": ""儿童云关爱"", ""value"": """", ""device"": """", ""location"": """"}",
设备,打开AI云健身,,smart_camera,"{""operation"": ""打开"", ""object"": ""ai云健身"", ""value"": """", ""device"": """", ""location"": """"}",
设备,打开极速屏演示,,demo_control,"{""operation"": ""打开"", ""object"": ""极速屏演示"", ""value"": """", ""device"": """", ""location"": """"}",
设备,打开锐速超解像,,display_control,"{""operation"": ""打开"", ""object"": ""锐速超解像"", ""value"": """", ""device"": """", ""location"": """"}",
设备,打开全矩阵背光,,display_control,"{""operation"": ""打开"", ""object"": ""全矩阵背光"", ""value"": """", ""device"": """", ""location"": """"}",
设备,打开ai音效自适应,,audio_control,"{""operation"": ""打开"", ""object"": ""ai音效自适应"", ""value"": """", ""device"": """", ""location"": """"}",
设备,打开暗场细节提升,,display_control,"{""operation"": ""打开"", ""object"": ""暗场细节提升"", ""value"": """", ""device"": """", ""location"": """"}",
设备,打开色彩精准设计,,display_control,"{""operation"": ""打开"", ""object"": ""色彩精准设计"", ""value"": """", ""device"": """", ""location"": """"}",
设备,打开动态晶晰提升,,display_control,"{""operation"": ""打开"", ""object"": ""动态晶晰提升"", ""value"": """", ""device"": """", ""location"": """"}",
设备,打开像素重塑,,display_control,"{""operation"": ""打开"", ""object"": ""像素重塑"", ""value"": """", ""device"": """", ""location"": """"}",
设备,打开锐速超解像8k,,display_control,"{""operation"": ""打开"", ""object"": ""锐速超解像8k"", ""value"": """", ""device"": """", ""location"": """"}",
设备,打开超频瞬映,,display_control,"{""operation"": ""打开"", ""object"": ""超频瞬映"", ""value"": """", ""device"": """", ""location"": """"}",
设备,打开双生叠屏,,display_control,"{""operation"": ""打开"", ""object"": ""双生叠屏"", ""value"": """", ""device"": """", ""location"": """"}",
设备,打开全色激光,,display_control,"{""operation"": ""打开"", ""object"": ""全色激光"", ""value"": """", ""device"": """", ""location"": """"}",
设备,打开全维ai音质,,audio_control,"{""operation"": ""打开"", ""object"": ""全维ai音质"", ""value"": """", ""device"": """", ""location"": """"}",
设备,打开暗夜精灵,,display_control,"{""operation"": ""打开"", ""object"": ""暗夜精灵"", ""value"": """", ""device"": """", ""location"": """"}",
设备,打开3D立体色彩管理,,display_control,"{""operation"": ""打开"", ""object"": ""3d立体色彩管理"", ""value"": """", ""device"": """", ""location"": """"}",
设备,打开H3画质芯片,,display_control,"{""operation"": ""打开"", ""object"": ""h3画质芯片"", ""value"": """", ""device"": """", ""location"": """"}",
设备,打开人声中置声场,,audio_control,"{""operation"": ""打开"", ""object"": ""人声中置声场"", ""value"": """", ""device"": """", ""location"": """"}",
设备,打开屏幕发声效果,,audio_control,"{""operation"": ""打开"", ""object"": ""屏幕发声效果"", ""value"": """", ""device"": """", ""location"": """"}",
设备,打开屏幕发声展示,,demo_control,"{""operation"": ""打开"", ""object"": ""屏幕发声展示"", ""value"": """", ""device"": """", ""location"": """"}",
设备,打开多声道空间声场,,audio_control,"{""operation"": ""打开"", ""object"": ""多声道空间声场"", ""value"": """", ""device"": """", ""location"": """"}",
设备,打开高清晰度演示,,demo_control,"{""operation"": ""打开"", ""object"": ""高清晰度演示"", ""value"": """", ""device"": """", ""location"": """"}",
设备,打开跑马灯,,display_control,"{""operation"": ""打开"", ""object"": ""跑马灯"", ""value"": """", ""device"": """", ""location"": """"}",
设备,打开高对比度演示,,demo_control,"{""operation"": ""打开"", ""object"": ""高对比度演示"", ""value"": """", ""device"": """", ""location"": """"}",
设备,打开高动态范围,,display_control,"{""operation"": ""打开"", ""object"": ""高动态范围"", ""value"": """", ""device"": """", ""location"": """"}",
设备,打开疾速对比,,display_control,"{""operation"": ""打开"", ""object"": ""疾速对比"", ""value"": """", ""device"": """", ""location"": """"}",
设备,打开AI加变频运动补偿,,display_control,"{""operation"": ""打开"", ""object"": ""ai加变频运动补偿"", ""value"": """", ""device"": """", ""location"": """"}",
设备,打开waves超重低音,,audio_control,"{""operation"": ""打开"", ""object"": ""waves超重低音"", ""value"": """", ""device"": """", ""location"": """"}",
设备,打开屏幕发声demo,,demo_control,"{""operation"": ""打开"", ""object"": ""屏幕发声demo"", ""value"": """", ""device"": """", ""location"": """"}",
设备,打开ai人像增强,,display_control,"{""operation"": ""打开"", ""object"": ""ai人像增强"", ""value"": """", ""device"": """", ""location"": """"}",
设备,打开AI色彩均衡,,display_control,"{""operation"": ""打开"", ""object"": ""ai色彩均衡"", ""value"": """", ""device"": """", ""location"": """"}",
设备,打开ULED_XDR,,display_control,"{""operation"": ""打开"", ""object"": ""uled_xdr"", ""value"": """", ""device"": """", ""location"": """"}",
设备,打开观看尺寸参考,,display_control,"{""operation"": ""打开"", ""object"": ""观看尺寸参考"", ""value"": """", ""device"": """", ""location"": """"}",
设备,打开MiniLed,,display_control,"{""operation"": ""打开"", ""object"": ""miniled"", ""value"": """", ""device"": """", ""location"": """"}",
设备,打开高刷新率,,numeric_adjust,"{""operation"": ""打开"", ""object"": ""高刷新率"", ""value"": """", ""device"": """", ""location"": """"}",
设备,打开测试图卡,,display_control,"{""operation"": ""打开"", ""object"": ""测试图卡"", ""value"": """", ""device"": """", ""location"": """"}",
设备,打开240Hz疾速屏,,display_control,"{""operation"": ""打开"", ""object"": ""240hz疾速屏"", ""value"": """", ""device"": """", ""location"": """"}",
设备,打开U加超画质引擎,,display_control,"{""operation"": ""打开"", ""object"": ""u加超画质引擎"", ""value"": """", ""device"": """", ""location"": """"}",
设备,打开16bits环境控光,,display_control,"{""operation"": ""打开"", ""object"": ""16bits环境控光"", ""value"": """", ""device"": """", ""location"": """"}",
设备,打开分区控光差异,,display_control,"{""operation"": ""打开"", ""object"": ""分区控光差异"", ""value"": """", ""device"": """", ""location"": """"}",
设备,打开Mini全阵列动态背光,,display_control,"{""operation"": ""打开"", ""object"": ""mini全阵列动态背光"", ""value"": """", ""device"": """", ""location"": """"}",
设备,打开分屏演示,,demo_control,"{""operation"": ""打开"", ""object"": ""分屏演示"", ""value"": """", ""device"": """", ""location"": """"}",
设备,打开XDR极致动态范围,,display_control,"{""operation"": ""打开"", ""object"": ""xdr极致动态范围"", ""value"": """", ""device"": """", ""location"": """"}",
设备,打开极致稳定峰值亮度,,display_control,"{""operation"": ""打开"", ""object"": ""极致稳定峰值亮度"", ""value"": """", ""device"": """", ""location"": """"}",
设备,打开专业游戏模式,,display_control,"{""operation"": ""打开"", ""object"": ""专业游戏模式"", ""value"": """", ""device"": """", ""location"": """"}",
设备,打开AI景深增强,,display_control,"{""operation"": ""打开"", ""object"": ""ai景深增强"", ""value"": """", ""device"": """", ""location"": """"}",
设备,打开HDR增强,,display_control,"{""operation"": ""打开"", ""object"": ""hdr增强"", ""value"": """", ""device"": """", ""location"": """"}",
设备,打开疾速控光,,display_control,"{""operation"": ""打开"", ""object"": ""疾速控光"", ""value"": """", ""device"": """", ""location"": """"}",
设备,打开动态清晰度增强,,display_control,"{""operation"": ""打开"", ""object"": ""动态清晰度增强"", ""value"": """", ""device"": """", ""location"": """"}",
设备,打开环境光感智能,,display_control,"{""operation"": ""打开"", ""object"": ""环境光感智能"", ""value"": """", ""device"": """", ""location"": """"}",
设备,打开原画显示,,display_control,"{""operation"": ""打开"", ""object"": ""原画显示"", ""value"": """", ""device"": """", ""location"": """"}",
设备,打开数字艺术,,display_control,"{""operation"": ""打开"", ""object"": ""数字艺术"", ""value"": """", ""device"": """", ""location"": """"}",
设备,打开Imax_Enhanced,,display_control,"{""operation"": ""打开"", ""object"": ""imax_enhanced"", ""value"": """", ""device"": """", ""location"": """"}",
设备,打开高色准,,display_control,"{""operation"": ""打开"", ""object"": ""高色准"", ""value"": """", ""device"": """", ""location"": """"}",
设备,打开NAS私有云,,common_control,"{""operation"": ""打开"", ""object"": ""nas私有云"", ""value"": """", ""device"": """", ""location"": """"}",
设备,打开产品展示,,demo_control,"{""operation"": ""打开"", ""object"": ""产品展示"", ""value"": """", ""device"": """", ""location"": """"}",
设备,打开智能运动侦测Pro,,display_control,"{""operation"": ""打开"", ""object"": ""智能运动侦测pro"", ""value"": """", ""device"": """", ""location"": """"}",
设备,打开7680Hz疾速刷新,,display_control,"{""operation"": ""打开"", ""object"": ""7680hz疾速刷新"", ""value"": """", ""device"": """", ""location"": """"}",
设备,打开AI景深重塑,,display_control,"{""operation"": ""打开"", ""object"": ""ai景深重塑"", ""value"": """", ""device"": """", ""location"": """"}",
设备,打开HDR细节增强,,display_control,"{""operation"": ""打开"", ""object"": ""hdr细节增强"", ""value"": """", ""device"": """", ""location"": """"}",
设备,打开场景细节增强,,display_control,"{""operation"": ""打开"", ""object"": ""场景细节增强"", ""value"": """", ""device"": """", ""location"": """"}",
设备,打开BT2020立体色域,,display_control,"{""operation"": ""打开"", ""object"": ""bt2020立体色域"", ""value"": """", ""device"": """", ""location"": """"}",
设备,打开多声道音响,,audio_control,"{""operation"": ""打开"", ""object"": ""多声道音响"", ""value"": """", ""device"": """", ""location"": """"}",
设备,打开赛场音效,,audio_control,"{""operation"": ""打开"", ""object"": ""赛场音效"", ""value"": """", ""device"": """", ""location"": """"}",
设备,打开一键入幕,,smart_camera,"{""operation"": ""打开"", ""object"": ""一键入幕"", ""value"": """", ""device"": """", ""location"": """"}",
设备,打开多分区Local_Dimming背光,,display_control,"{""operation"": ""打开"", ""object"": ""多分区local_dimming背光"", ""value"": """", ""device"": """", ""location"": """"}",
设备,打开智能暂停演示,,demo_control,"{""operation"": ""打开"", ""object"": ""智能暂停演示"", ""value"": """", ""device"": """", ""location"": """"}",
设备,打开智能节能演示,,demo_control,"{""operation"": ""打开"", ""object"": ""智能节能演示"", ""value"": """", ""device"": """", ""location"": """"}",
设备,打开立体全色域,,display_control,"{""operation"": ""打开"", ""object"": ""立体全色域"", ""value"": """", ""device"": """", ""location"": """"}",
设备,打开空间声场自适应,,audio_control,"{""operation"": ""打开"", ""object"": ""空间声场自适应"", ""value"": """", ""device"": """", ""location"": """"}",
设备,打开150HZ疾速屏,,display_control,"{""operation"": ""打开"", ""object"": ""150hz疾速屏"", ""value"": """", ""device"": """", ""location"": """"}",
设备,打开全时图像优化,,display_control,"{""operation"": ""打开"", ""object"": ""全时图像优化"", ""value"": """", ""device"": """", ""location"": """"}",
设备,打开AI人声清晰,,audio_control,"{""operation"": ""打开"", ""object"": ""ai人声清晰"", ""value"": """", ""device"": """", ""location"": """"}",
设备,打开Hi无线杜比全景声,,audio_control,"{""operation"": ""打开"", ""object"": ""hi无线杜比全景声"", ""value"": """", ""device"": """", ""location"": """"}",
设备,打开全域明暗精控,,display_control,"{""operation"": ""打开"", ""object"": ""全域明暗精控"", ""value"": """", ""device"": """", ""location"": """"}",
设备,打开火箭炮声学设计,,audio_control,"{""operation"": ""打开"", ""object"": ""火箭炮声学设计"", ""value"": """", ""device"": """", ""location"": """"}",
设备,打开AI全维感知Pro,,display_control,"{""operation"": ""打开"", ""object"": ""ai全维感知pro"", ""value"": """", ""device"": """", ""location"": """"}",
设备,打开AI动态超解像Pro,,display_control,"{""operation"": ""打开"", ""object"": ""ai动态超解像pro"", ""value"": """", ""device"": """", ""location"": """"}",
设备,打开RGB光色同控,,display_control,"{""operation"": ""打开"", ""object"": ""rgb光色同控"", ""value"": """", ""device"": """", ""location"": """"}",
设备,打开AI超感景深增强,,display_control,"{""operation"": ""打开"", ""object"": ""ai超感景深增强"", ""value"": """", ""device"": """", ""location"": """"}",
设备,打开AI原生肤色,,display_control,"{""operation"": ""打开"", ""object"": ""ai原生肤色"", ""value"": """", ""device"": """", ""location"": """"}",
设备,打开屏幕展示,,demo_control,"{""operation"": ""打开"", ""object"": ""屏幕展示"", ""value"": """", ""device"": """", ""location"": """"}",
设备,打开黑耀屏,,display_control,"{""operation"": ""打开"", ""object"": ""黑耀屏"", ""value"": """", ""device"": """", ""location"": """"}",
设备,打开墨晶屏,,display_control,"{""operation"": ""打开"", ""object"": ""墨晶屏"", ""value"": """", ""device"": """", ""location"": """"}",
设备,打开帝瓦雷音响系统,,audio_control,"{""operation"": ""打开"", ""object"": ""帝瓦雷音响系统"", ""value"": """", ""device"": """", ""location"": """"}",
设备,打开帝瓦雷低音管理系统,,audio_control,"{""operation"": ""打开"", ""object"": ""帝瓦雷低音管理系统"", ""value"": """", ""device"": """", ""location"": """"}",
设备,打开MicroLED自发光技术,,display_control,"{""operation"": ""打开"", ""object"": ""microled自发光技术"", ""value"": """", ""device"": """", ""location"": """"}",
设备,打开像素控光,,display_control,"{""operation"": ""打开"", ""object"": ""像素控光"", ""value"": """", ""device"": """", ""location"": """"}",
设备,打开极致黑对比度,,display_control,"{""operation"": ""打开"", ""object"": ""极致黑对比度"", ""value"": """", ""device"": """", ""location"": """"}",
设备,打开物理超广视角,,display_control,"{""operation"": ""打开"", ""object"": ""物理超广视角"", ""value"": """", ""device"": """", ""location"": """"}",
设备,打开低蓝光护眼,,display_control,"{""operation"": ""打开"", ""object"": ""低蓝光护眼"", ""value"": """", ""device"": """", ""location"": """"}",
设备,打开影院音效演示,,audio_control,"{""operation"": ""打开"", ""object"": ""影院音效演示"", ""value"": """", ""device"": """", ""location"": """"}",
设备,打开发声区域,,audio_control,"{""operation"": ""打开"", ""object"": ""发声区域"", ""value"": """", ""device"": """", ""location"": """"}",
设备,打开智控红光,,display_control,"{""operation"": ""打开"", ""object"": ""智控红光"", ""value"": """", ""device"": """", ""location"": """"}",
设备,打开大冲程低音炮,,audio_control,"{""operation"": ""打开"", ""object"": ""大冲程低音炮"", ""value"": """", ""device"": """", ""location"": """"}",
设备,打开8声道独立驱动发声,,audio_control,"{""operation"": ""打开"", ""object"": ""8声道独立驱动发声"", ""value"": """", ""device"": """", ""location"": """"}",
设备,打开房间声学,,audio_control,"{""operation"": ""打开"", ""object"": ""房间声学"", ""value"": """", ""device"": """", ""location"": """"}",
设备,打开帝瓦雷音响体验,,demo_control,"{""operation"": ""打开"", ""object"": ""帝瓦雷音响体验"", ""value"": """", ""device"": """", ""location"": """"}",
设备,打开AI原生肤色Pro,,display_control,"{""operation"": ""打开"", ""object"": ""ai原生肤色pro"", ""value"": """", ""device"": """", ""location"": """"}",
设备,打开DTS_Virtual_X音效,,audio_control,"{""operation"": ""打开"", ""object"": ""dts_virtual_x音效"", ""value"": """", ""device"": """", ""location"": """"}",
设备,打开商场模式设置,,common_control,"{""operation"": ""打开"", ""object"": ""商场模式设置"", ""value"": """", ""device"": """", ""location"": """"}",
设备,打开演示片源,,common_control,"{""operation"": ""打开"", ""object"": ""演示片源"", ""value"": """", ""device"": """", ""location"": """"}",
设备,打开文件导入,,common_control,"{""operation"": ""打开"", ""object"": ""文件导入"", ""value"": """", ""device"": """", ""location"": """"}",
设备,打开演示项视频导入,,common_control,"{""operation"": ""打开"", ""object"": ""演示项视频导入"", ""value"": """", ""device"": """", ""location"": """"}",
设备,打开165HZ疾速屏,,display_control,"{""operation"": ""打开"", ""object"": ""165hz疾速屏"", ""value"": """", ""device"": """", ""location"": """"}",
设备,打开170HZ疾速屏,,display_control,"{""operation"": ""打开"", ""object"": ""170hz疾速屏"", ""value"": """", ""device"": """", ""location"": """"}",
设备,打开感知音画,,display_control,"{""operation"": ""打开"", ""object"": ""感知音画"", ""value"": """", ""device"": """", ""location"": """"}",
设备,打开感知画质,,display_control,"{""operation"": ""打开"", ""object"": ""感知画质"", ""value"": """", ""device"": """", ""location"": """"}",
设备,打开AI环境音画,,display_control,"{""operation"": ""打开"", ""object"": ""ai环境音画"", ""value"": """", ""device"": """", ""location"": """"}",
设备,打开120HZ疾速屏,,display_control,"{""operation"": ""打开"", ""object"": ""120hz疾速屏"", ""value"": """", ""device"": """", ""location"": """"}",
设备,打开144HZ疾速屏,,display_control,"{""operation"": ""打开"", ""object"": ""144hz疾速屏"", ""value"": """", ""device"": """", ""location"": """"}",
设备,打开睿智AI映画,,display_control,"{""operation"": ""打开"", ""object"": ""睿智ai映画"", ""value"": """", ""device"": """", ""location"": """"}",
设备,打开AI双音效,,audio_control,"{""operation"": ""打开"", ""object"": ""ai双音效"", ""value"": """", ""device"": """", ""location"": """"}",
设备,打开运动画面增强,,display_control,"{""operation"": ""打开"", ""object"": ""运动画面增强"", ""value"": """", ""device"": """", ""location"": """"}",
设备,打开立体防抖,,display_control,"{""operation"": ""打开"", ""object"": ""立体防抖"", ""value"": """", ""device"": """", ""location"": """"}",
设备,打开自动梯形校正,,display_control,"{""operation"": ""打开"", ""object"": ""自动梯形校正"", ""value"": """", ""device"": """", ""location"": """"}",
设备,打开手动梯形校正,,display_control,"{""operation"": ""打开"", ""object"": ""手动梯形校正"", ""value"": """", ""device"": """", ""location"": """"}",
设备,打开自动对焦,,display_control,"{""operation"": ""打开"", ""object"": ""自动对焦"", ""value"": """", ""device"": """", ""location"": """"}",
设备,打开手动对焦,,display_control,"{""operation"": ""打开"", ""object"": ""手动对焦"", ""value"": """", ""device"": """", ""location"": """"}",
设备,打开梯形校正校准,,display_control,"{""operation"": ""打开"", ""object"": ""梯形校正校准"", ""value"": """", ""device"": """", ""location"": """"}",
设备,打开水平校准,,display_control,"{""operation"": ""打开"", ""object"": ""水平校准"", ""value"": """", ""device"": """", ""location"": """"}",
设备,打开对焦校准,,display_control,"{""operation"": ""打开"", ""object"": ""对焦校准"", ""value"": """", ""device"": """", ""location"": """"}",
设备,打开投影设置,,display_control,"{""operation"": ""打开"", ""object"": ""投影设置"", ""value"": """", ""device"": """", ""location"": """"}",
设备,画面缩小,,screen_layout,"{""operation"": ""缩小"", ""object"": ""画面"", ""value"": """", ""device"": """", ""location"": """"}",
设备,把音量调到30,,numeric_adjust,"{""operation"": ""设置"", ""object"": ""音量"", ""value"": ""30"", ""device"": """", ""location"": """"}",
设备,音量调高一点,,numeric_adjust,"{""operation"": ""提高"", ""object"": ""音量"", ""value"": """", ""device"": """", ""location"": """"}",
设备,声音小一些,,numeric_adjust,"{""operation"": ""降低"", ""object"": ""音量"", ""value"": """", ""device"": """", ""location"": """"}",
设备,音量设置为30%,,numeric_adjust,"{""operation"": ""设置"", ""object"": ""音量"", ""value"": ""30%"", ""device"": """", ""location"": """"}",
设备,音量设置为50%,,numeric_adjust,"{""operation"": ""设置"", ""object"": ""音量"", ""value"": ""50%"", ""device"": """", ""location"": """"}",
设备,音量设置为70%,,numeric_adjust,"{""operation"": ""设置"", ""object"": ""音量"", ""value"": ""70%"", ""device"": """", ""location"": """"}",
设备,音量设置为80%,,numeric_adjust,"{""operation"": ""设置"", ""object"": ""音量"", ""value"": ""80%"", ""device"": """", ""location"": """"}",
设备,调到30格音量,,numeric_adjust,"{""operation"": ""设置"", ""object"": ""音量"", ""value"": ""30"", ""device"": """", ""location"": """"}",
设备,调到50格音量,,numeric_adjust,"{""operation"": ""设置"", ""object"": ""音量"", ""value"": ""50"", ""device"": """", ""location"": """"}",
设备,调到70格音量,,numeric_adjust,"{""operation"": ""设置"", ""object"": ""音量"", ""value"": ""70"", ""device"": """", ""location"": """"}",
设备,调到80格音量,,numeric_adjust,"{""operation"": ""设置"", ""object"": ""音量"", ""value"": ""80"", ""device"": """", ""location"": """"}",
设备,音量太大了，调小点,,numeric_adjust,"{""operation"": ""降低"", ""object"": ""音量"", ""value"": """", ""device"": """", ""location"": """"}",
设备,声音再大点,,numeric_adjust,"{""operation"": ""提高"", ""object"": ""音量"", ""value"": """", ""device"": """", ""location"": """"}",
设备,现在音量是多少,,numeric_adjust,"{""operation"": ""查询"", ""object"": ""音量"", ""value"": """", ""device"": """", ""location"": """"}",
设备,音量加30,,numeric_adjust,"{""operation"": ""提高"", ""object"": ""音量"", ""value"": ""30"", ""device"": """", ""location"": """"}",
设备,音量减80,,numeric_adjust,"{""operation"": ""降低"", ""object"": ""音量"", ""value"": ""80"", ""device"": """", ""location"": """"}",
设备,把声音关掉,,numeric_adjust,"{""operation"": ""打开"", ""object"": ""静音"", ""value"": """", ""device"": """", ""location"": """"}",
设备,恢复正常音量,,numeric_adjust,"{""operation"": ""关闭"", ""object"": ""静音"", ""value"": """", ""device"": """", ""location"": """"}",
设备,音量开到最大,,numeric_adjust,"{""operation"": ""设置"", ""object"": ""音量"", ""value"": ""100%"", ""device"": """", ""location"": """"}",
设备,音量调到静音,,numeric_adjust,"{""operation"": ""打开"", ""object"": ""静音"", ""value"": """", ""device"": """", ""location"": """"}",
设备,音量调到30,,numeric_adjust,"{""operation"": ""设置"", ""object"": ""音量"", ""value"": ""30"", ""device"": """", ""location"": """"}",
设备,音量再大一点,,numeric_adjust,"{""operation"": ""提高"", ""object"": ""音量"", ""value"": """", ""device"": """", ""location"": """"}",
设备,音量再小一点,,numeric_adjust,"{""operation"": ""降低"", ""object"": ""音量"", ""value"": """", ""device"": """", ""location"": """"}",
设备,音量调到一半,,numeric_adjust,"{""operation"": ""设置"", ""object"": ""音量"", ""value"": ""50%"", ""device"": """", ""location"": """"}",
设备,音量调到最低,,numeric_adjust,"{""operation"": ""设置"", ""object"": ""音量"", ""value"": ""0%"", ""device"": """", ""location"": """"}",
设备,调高音量,,numeric_adjust,"{""operation"": ""提高"", ""object"": ""音量"", ""value"": """", ""device"": """", ""location"": """"}",
设备,调低音量,,numeric_adjust,"{""operation"": ""降低"", ""object"": ""音量"", ""value"": """", ""device"": """", ""location"": """"}",
设备,声音大小调节,,numeric_adjust,"{""operation"": ""设置"", ""object"": ""音量"", ""value"": """", ""device"": """", ""location"": """"}",
设备,音量数值调到30,,numeric_adjust,"{""operation"": ""设置"", ""object"": ""音量"", ""value"": ""30"", ""device"": """", ""location"": """"}",
设备,音量数值调到50,,numeric_adjust,"{""operation"": ""设置"", ""object"": ""音量"", ""value"": ""50"", ""device"": """", ""location"": """"}",
设备,音量数值调到70,,numeric_adjust,"{""operation"": ""设置"", ""object"": ""音量"", ""value"": ""70"", ""device"": """", ""location"": """"}",
设备,音量数值调到80,,numeric_adjust,"{""operation"": ""设置"", ""object"": ""音量"", ""value"": ""80"", ""device"": """", ""location"": """"}",
设备,音量开关,,numeric_adjust,"{""operation"": ""打开"", ""object"": ""音量"", ""value"": """", ""device"": """", ""location"": """"}",
设备,屏幕亮度调高,,numeric_adjust,"{""operation"": ""提高"", ""object"": ""亮度"", ""value"": """", ""device"": """", ""location"": """"}",
设备,亮度太暗了,,numeric_adjust,"{""operation"": ""提高"", ""object"": ""亮度"", ""value"": """", ""device"": """", ""location"": """"}",
设备,屏幕亮一点,,numeric_adjust,"{""operation"": ""提高"", ""object"": ""亮度"", ""value"": """", ""device"": """", ""location"": """"}",
设备,把亮度调到30,,numeric_adjust,"{""operation"": ""设置"", ""object"": ""亮度"", ""value"": ""30"", ""device"": """", ""location"": """"}",
设备,亮度设置为30%,,numeric_adjust,"{""operation"": ""设置"", ""object"": ""亮度"", ""value"": ""30%"", ""device"": """", ""location"": """"}",
设备,亮度设置为50%,,numeric_adjust,"{""operation"": ""设置"", ""object"": ""亮度"", ""value"": ""50%"", ""device"": """", ""location"": """"}",
设备,亮度设置为70%,,numeric_adjust,"{""operation"": ""设置"", ""object"": ""亮度"", ""value"": ""70%"", ""device"": """", ""location"": """"}",
设备,亮度降低一些,,numeric_adjust,"{""operation"": ""降低"", ""object"": ""亮度"", ""value"": ""默认"", ""device"": """", ""location"": """"}",
设备,屏幕太刺眼了,,numeric_adjust,"{""operation"": ""降低"", ""object"": ""亮度"", ""value"": """", ""device"": """", ""location"": """"}",
设备,现在亮度多少,,numeric_adjust,"{""operation"": ""查询"", ""object"": ""亮度"", ""value"": ""默认"", ""device"": """", ""location"": """"}",
设备,亮度加30,,numeric_adjust,"{""operation"": ""提高"", ""object"": ""亮度"", ""value"": ""30"", ""device"": """", ""location"": """"}",
设备,亮度加50,,numeric_adjust,"{""operation"": ""提高"", ""object"": ""亮度"", ""value"": ""50"", ""device"": """", ""location"": """"}",
设备,亮度加70,,numeric_adjust,"{""operation"": ""提高"", ""object"": ""亮度"", ""value"": ""70"", ""device"": """", ""location"": """"}",
设备,亮度减30,,numeric_adjust,"{""operation"": ""降低"", ""object"": ""亮度"", ""value"": ""30"", ""device"": """", ""location"": """"}",
设备,亮度减50,,numeric_adjust,"{""operation"": ""降低"", ""object"": ""亮度"", ""value"": ""50"", ""device"": """", ""location"": """"}",
设备,亮度减70,,numeric_adjust,"{""operation"": ""降低"", ""object"": ""亮度"", ""value"": ""70"", ""device"": """", ""location"": """"}",
设备,亮度调到最高,,numeric_adjust,"{""operation"": ""设置"", ""object"": ""亮度"", ""value"": ""100%"", ""device"": """", ""location"": """"}",
设备,亮度调到最低,,numeric_adjust,"{""operation"": ""设置"", ""object"": ""亮度"", ""value"": ""0%"", ""device"": """", ""location"": """"}",
设备,屏幕调亮些,,numeric_adjust,"{""operation"": ""提高"", ""object"": ""亮度"", ""value"": """", ""device"": """", ""location"": """"}",
设备,屏幕调暗些,,numeric_adjust,"{""operation"": ""降低"", ""object"": ""亮度"", ""value"": """", ""device"": """", ""location"": """"}",
设备,亮度调到30,,numeric_adjust,"{""operation"": ""设置"", ""object"": ""亮度"", ""value"": ""30"", ""device"": """", ""location"": """"}",
设备,亮度调到70,,numeric_adjust,"{""operation"": ""设置"", ""object"": ""亮度"", ""value"": ""70"", ""device"": """", ""location"": """"}",
设备,显示亮度调到30,,numeric_adjust,"{""operation"": ""设置"", ""object"": ""亮度"", ""value"": ""30"", ""device"": """", ""location"": """"}",
设备,显示亮度调到50,,numeric_adjust,"{""operation"": ""设置"", ""object"": ""亮度"", ""value"": ""50"", ""device"": """", ""location"": """"}",
设备,显示亮度调到70,,numeric_adjust,"{""operation"": ""设置"", ""object"": ""亮度"", ""value"": ""70"", ""device"": """", ""location"": """"}",
设备,调高亮度,,numeric_adjust,"{""operation"": ""提高"", ""object"": ""亮度"", ""value"": ""默认"", ""device"": """", ""location"": """"}",
设备,调低亮度,,numeric_adjust,"{""operation"": ""降低"", ""object"": ""亮度"", ""value"": ""默认"", ""device"": """", ""location"": """"}",
设备,亮度设置,,numeric_adjust,"{""operation"": ""设置"", ""object"": ""亮度"", ""value"": """", ""device"": """", ""location"": """"}",
设备,屏幕亮度调节,,numeric_adjust,"{""operation"": ""设置"", ""object"": ""亮度"", ""value"": """", ""device"": """", ""location"": """"}",
设备,亮度数值30,,numeric_adjust,"{""operation"": ""设置"", ""object"": ""亮度"", ""value"": ""30"", ""device"": """", ""location"": """"}",
设备,亮度数值50,,numeric_adjust,"{""operation"": ""设置"", ""object"": ""亮度"", ""value"": ""50"", ""device"": """", ""location"": """"}",
设备,亮度数值70,,numeric_adjust,"{""operation"": ""设置"", ""object"": ""亮度"", ""value"": ""70"", ""device"": """", ""location"": """"}",
设备,亮度开关,,numeric_adjust,"{""operation"": ""打开"", ""object"": ""亮度控制"", ""value"": """", ""device"": """", ""location"": """"}",
设备,关机,,power_control,"{""operation"": ""打开"", ""object"": ""关机"", ""value"": """", ""device"": """", ""location"": """"}",
设备,把电视关了,,power_control,"{""operation"": ""打开"", ""object"": ""关机"", ""value"": """", ""device"": """", ""location"": """"}",
设备,关闭电视,,power_control,"{""operation"": ""打开"", ""object"": ""关机"", ""value"": """", ""device"": """", ""location"": """"}",
设备,我要关机了,,power_control,"{""operation"": ""打开"", ""object"": ""关机"", ""value"": """", ""device"": """", ""location"": """"}",
设备,电视关机,,power_control,"{""operation"": ""打开"", ""object"": ""关机"", ""value"": """", ""device"": """", ""location"": """"}",
设备,30分钟后关机,,timer_control,"{""operation"": ""打开"", ""object"": ""关机"", ""device"": """", ""location"": """", ""date_time"": ""30分钟""}",
设备,1小时后关机,,timer_control,"{""operation"": ""打开"", ""object"": ""关机"", ""device"": """", ""location"": """", ""date_time"": ""1小时""}",
设备,定时关机30分钟,,timer_control,"{""operation"": ""打开"", ""object"": ""关机"", ""device"": """", ""location"": """", ""date_time"": ""30分钟""}",
设备,晚上10点关机,,timer_control,"{""operation"": ""打开"", ""object"": ""关机"", ""device"": """", ""location"": """", ""date_time"": ""22:00""}",
设备,晚上11点关机,,timer_control,"{""operation"": ""打开"", ""object"": ""关机"", ""device"": """", ""location"": """", ""date_time"": ""23:00""}",
设备,晚上22点关机,,timer_control,"{""operation"": ""打开"", ""object"": ""关机"", ""device"": """", ""location"": """", ""date_time"": ""22:00""}",
设备,晚上23点关机,,timer_control,"{""operation"": ""打开"", ""object"": ""关机"", ""device"": """", ""location"": """", ""date_time"": ""23:00""}",
设备,取消定时关机,,timer_control,"{""operation"": ""关闭"", ""object"": ""关机"", ""value"": """", ""device"": """", ""location"": """"}",
设备,半小时后关机,,timer_control,"{""operation"": ""打开"", ""object"": ""关机"", ""device"": """", ""location"": """", ""date_time"": ""30分钟""}",
设备,一个小时后关机,,timer_control,"{""operation"": ""打开"", ""object"": ""关机"", ""device"": """", ""location"": """", ""date_time"": ""1小时""}",
设备,30小时后关机,,timer_control,"{""operation"": ""打开"", ""object"": ""关机"", ""device"": """", ""location"": """", ""date_time"": ""30小时""}",
设备,45小时后关机,,timer_control,"{""operation"": ""打开"", ""object"": ""关机"", ""device"": """", ""location"": """", ""date_time"": ""45小时""}",
设备,60小时后关机,,timer_control,"{""operation"": ""打开"", ""object"": ""关机"", ""device"": """", ""location"": """", ""date_time"": ""60小时""}",
设备,120小时后关机,,timer_control,"{""operation"": ""打开"", ""object"": ""关机"", ""device"": """", ""location"": """", ""date_time"": ""120小时""}",
设备,睡前关机,,timer_control,"{""operation"": ""打开"", ""object"": ""关机"", ""value"": """", ""device"": """", ""location"": """"}",
设备,30分钟后自动关机,,timer_control,"{""operation"": ""打开"", ""object"": ""关机"", ""device"": """", ""location"": """", ""date_time"": ""30分钟""}",
设备,45分钟后自动关机,,timer_control,"{""operation"": ""打开"", ""object"": ""关机"", ""device"": """", ""location"": """", ""date_time"": ""45分钟""}",
设备,设置30分钟关机,,timer_control,"{""operation"": ""打开"", ""object"": ""关机"", ""device"": """", ""location"": """", ""date_time"": ""30分钟""}",
设备,过30分钟关机,,timer_control,"{""operation"": ""打开"", ""object"": ""关机"", ""device"": """", ""location"": """", ""date_time"": ""30分钟""}",
设备,过45分钟关机,,timer_control,"{""operation"": ""打开"", ""object"": ""关机"", ""device"": """", ""location"": """", ""date_time"": ""45分钟""}",
设备,过60分钟关机,,timer_control,"{""operation"": ""打开"", ""object"": ""关机"", ""device"": """", ""location"": """", ""date_time"": ""60分钟""}",
设备,过120分钟关机,,timer_control,"{""operation"": ""打开"", ""object"": ""关机"", ""device"": """", ""location"": """", ""date_time"": ""120分钟""}",
设备,定时30分钟关机,,timer_control,"{""operation"": ""打开"", ""object"": ""关机"", ""device"": """", ""location"": """", ""date_time"": ""30分钟""}",
设备,定时1小时关机,,timer_control,"{""operation"": ""打开"", ""object"": ""关机"", ""device"": """", ""location"": """", ""date_time"": ""1小时""}",
设备,延时关机30分钟,,timer_control,"{""operation"": ""打开"", ""object"": ""关机"", ""device"": """", ""location"": """", ""date_time"": ""30分钟""}",
设备,延时关机1小时,,timer_control,"{""operation"": ""打开"", ""object"": ""关机"", ""device"": """", ""location"": """", ""date_time"": ""1小时""}",
设备,自动关机时间设置,,timer_control,"{""operation"": ""打开"", ""object"": ""关机"", ""value"": """", ""device"": """", ""location"": """", ""date_time"": ""定时""}",
设备,关机时间查询,,timer_control,"{""operation"": ""查询"", ""object"": ""剩余关机时长"", ""value"": """", ""device"": """", ""location"": """"}",
设备,关机时间设置,,timer_control,"{""operation"": ""打开"", ""object"": ""关机"", ""value"": """", ""device"": """", ""location"": """", ""date_time"": ""定时""}",
设备,开机,,power_control,"{""operation"": ""打开"", ""object"": ""开机"", ""value"": """", ""device"": """", ""location"": """"}",
设备,把电视打开,,power_control,"{""operation"": """", ""object"": ""开机"", ""value"": """", ""device"": """", ""location"": """"}",
设备,开启电视,,power_control,"{""operation"": ""打开"", ""object"": ""开机"", ""value"": """", ""device"": """", ""location"": """"}",
设备,启动电视,,power_control,"{""operation"": ""打开"", ""object"": ""开机"", ""value"": """", ""device"": """", ""location"": """"}",
设备,打开电视机,,power_control,"{""operation"": ""打开"", ""object"": ""开机"", ""value"": """", ""device"": """", ""location"": """"}",
设备,电视开机,,power_control,"{""operation"": ""打开"", ""object"": ""开机"", ""value"": """", ""device"": """", ""location"": """"}",
设备,开电视,,power_control,"{""operation"": ""打开"", ""object"": ""开机"", ""value"": """", ""device"": """", ""location"": """"}",
设备,电视启动一下,,power_control,"{""operation"": ""打开"", ""object"": ""开机"", ""value"": """", ""device"": """", ""location"": """"}",
设备,唤醒电视,,power_control,"{""operation"": ""打开"", ""object"": ""开机"", ""value"": """", ""device"": """", ""location"": """"}",
设备,电视开机,,power_control,"{""operation"": ""打开"", ""object"": ""开机"", ""value"": """", ""device"": """", ""location"": """"}",
设备,开启电视机,,power_control,"{""operation"": ""打开"", ""object"": ""开机"", ""value"": """", ""device"": """", ""location"": """"}",
设备,启动电视机,,power_control,"{""operation"": ""打开"", ""object"": ""开机"", ""value"": """", ""device"": """", ""location"": """"}",
设备,打开电视机电源,,power_control,"{""operation"": ""打开"", ""object"": ""开机"", ""value"": """", ""device"": """", ""location"": """"}",
设备,电视开机启动,,power_control,"{""operation"": ""打开"", ""object"": ""开机"", ""value"": """", ""device"": """", ""location"": """"}",
设备,电视开机,,power_control,"{""operation"": ""打开"", ""object"": ""开机"", ""value"": """", ""device"": """", ""location"": """"}",
设备,打开电视开关,,power_control,"{""operation"": ""打开"", ""object"": ""开机"", ""value"": """", ""device"": """", ""location"": """"}",
设备,电视启动,,power_control,"{""operation"": ""打开"", ""object"": ""开机"", ""value"": """", ""device"": """", ""location"": """"}",
设备,快进10秒,,playback_control,"{""operation"": ""快进"", ""object"": """", ""value"": ""10秒"", ""device"": """", ""location"": """"}",
设备,快进30秒,,playback_control,"{""operation"": ""快进"", ""object"": """", ""value"": ""30秒"", ""device"": """", ""location"": """"}",
设备,快进60秒,,playback_control,"{""operation"": ""快进"", ""object"": """", ""value"": ""60秒"", ""device"": """", ""location"": """"}",
设备,快退10秒,,playback_control,"{""operation"": ""快退"", ""object"": """", ""value"": ""10秒"", ""device"": """", ""location"": """"}",
设备,快退30秒,,playback_control,"{""operation"": ""快退"", ""object"": """", ""value"": ""30秒"", ""device"": """", ""location"": """"}",
设备,快退60秒,,playback_control,"{""operation"": ""快退"", ""object"": """", ""value"": ""60秒"", ""device"": """", ""location"": """"}",
设备,快进到01:30位置,,playback_control,"{""operation"": ""快进到"", ""object"": """", ""value"": ""1:30"", ""device"": """", ""location"": """"}",
设备,快进到05:00位置,,playback_control,"{""operation"": ""快进到"", ""object"": """", ""value"": ""5:00"", ""device"": """", ""location"": """"}",
设备,快进到10:00位置,,playback_control,"{""operation"": ""快进到"", ""object"": """", ""value"": ""10:00"", ""device"": """", ""location"": """"}",
设备,快退到01:30位置,,playback_control,"{""operation"": ""快退到"", ""object"": """", ""value"": ""1:30"", ""device"": """", ""location"": """"}",
设备,快退到05:00位置,,playback_control,"{""operation"": ""快退到"", ""object"": """", ""value"": ""5:00"", ""device"": """", ""location"": """"}",
设备,快退到10:00位置,,playback_control,"{""operation"": ""快退到"", ""object"": """", ""value"": ""10:00"", ""device"": """", ""location"": """"}",
设备,跳到01:30,,playback_control,"{""operation"": ""跳转"", ""object"": """", ""value"": ""1:30"", ""device"": """", ""location"": """"}",
设备,跳到05:00,,playback_control,"{""operation"": ""跳转"", ""object"": """", ""value"": ""5:00"", ""device"": """", ""location"": """"}",
设备,跳到10:00,,playback_control,"{""operation"": ""跳转"", ""object"": """", ""value"": ""10:00"", ""device"": """", ""location"": """"}",
设备,跳转到01:30,,playback_control,"{""operation"": ""跳转"", ""object"": """", ""value"": ""1:30"", ""device"": """", ""location"": """"}",
设备,跳转到05:00,,playback_control,"{""operation"": ""跳转"", ""object"": """", ""value"": ""5:00"", ""device"": """", ""location"": """"}",
设备,跳转到10:00,,playback_control,"{""operation"": ""跳转"", ""object"": """", ""value"": ""10:00"", ""device"": """", ""location"": """"}",
设备,暂停播放,,playback_control,"{""operation"": ""停止"", ""object"": ""播放控制"", ""value"": """", ""device"": """", ""location"": """"}",
设备,停止播放,,playback_control,"{""operation"": ""停止"", ""object"": ""播放控制"", ""value"": """", ""device"": """", ""location"": """"}",
设备,继续播放,,playback_control,"{""operation"": ""播放"", ""object"": ""播放控制"", ""value"": """", ""device"": """", ""location"": """"}",
设备,开始播放,,playback_control,"{""operation"": ""播放"", ""object"": ""播放控制"", ""value"": """", ""device"": """", ""location"": """"}",
设备,退出播放,,playback_control,"{""operation"": ""退出"", ""object"": ""播放控制"", ""value"": """", ""device"": """", ""location"": """"}",
设备,播放下一集,,playback_control,"{""operation"": ""下"", ""object"": ""播放控制"", ""value"": ""集"", ""device"": """", ""location"": """"}",
设备,播放上一集,,playback_control,"{""operation"": ""上"", ""object"": ""播放控制"", ""value"": ""集"", ""device"": """", ""location"": """"}",
设备,下一集,,playback_control,"{""operation"": ""下"", ""object"": ""播放控制"", ""value"": ""集"", ""device"": """", ""location"": """"}",
设备,上一集,,playback_control,"{""operation"": ""上"", ""object"": ""播放控制"", ""value"": ""集"", ""device"": """", ""location"": """"}",
设备,快进1分钟,,playback_control,"{""operation"": ""快进"", ""object"": """", ""value"": ""1分钟"", ""device"": """", ""location"": """"}",
设备,快进2分钟,,playback_control,"{""operation"": ""快进"", ""object"": """", ""value"": ""2分"", ""device"": """", ""location"": """"}",
设备,快进5分钟,,playback_control,"{""operation"": ""快进"", ""object"": """", ""value"": ""5分钟"", ""device"": """", ""location"": """"}",
设备,倒退10秒,,playback_control,"{""operation"": ""快退"", ""object"": """", ""value"": ""10秒"", ""device"": """", ""location"": """"}",
设备,倒退30秒,,playback_control,"{""operation"": ""快退"", ""object"": """", ""value"": ""30秒"", ""device"": """", ""location"": """"}",
设备,倒退60秒,,playback_control,"{""operation"": ""快退"", ""object"": """", ""value"": ""60秒"", ""device"": """", ""location"": """"}",
设备,直接跳到01:30,,playback_control,"{""operation"": ""跳转"", ""object"": """", ""value"": ""01:30"", ""device"": """", ""location"": """"}",
设备,直接跳到05:00,,playback_control,"{""operation"": ""跳转"", ""object"": """", ""value"": ""5:00"", ""device"": """", ""location"": """"}",
设备,直接跳到10:00,,playback_control,"{""operation"": ""跳转"", ""object"": """", ""value"": ""10:00"", ""device"": """", ""location"": """"}",
设备,从01:30开始播放,,playback_control,"{""operation"": ""跳转"", ""object"": """", ""value"": ""01:30"", ""device"": """", ""location"": """"}",
设备,从10:00开始播放,,playback_control,"{""operation"": ""跳转"", ""object"": """", ""value"": ""10:00"", ""device"": """", ""location"": """"}",
设备,重播,,playback_control,"{""operation"": ""重播"", ""object"": """", ""value"": """", ""device"": """", ""location"": """"}",
设备,快退2分钟,,playback_control,"{""operation"": ""快退"", ""object"": """", ""value"": ""2分"", ""device"": """", ""location"": """"}",
设备,前进10秒,,playback_control,"{""operation"": ""快进"", ""object"": """", ""value"": ""10秒"", ""device"": """", ""location"": """"}",
设备,前进30秒,,playback_control,"{""operation"": ""快进"", ""object"": """", ""value"": ""30秒"", ""device"": """", ""location"": """"}",
设备,从05:00开始播放,,playback_control,"{""operation"": ""跳转"", ""object"": """", ""value"": ""5:00"", ""device"": """", ""location"": """"}",
设备,快退1分钟,,playback_control,"{""operation"": ""快退"", ""object"": """", ""value"": ""1分钟"", ""device"": """", ""location"": """"}",
设备,快退5分钟,,playback_control,"{""operation"": ""快退"", ""object"": """", ""value"": ""5分钟"", ""device"": """", ""location"": """"}",
设备,前进60秒,,playback_control,"{""operation"": ""快进"", ""object"": """", ""value"": ""60秒"", ""device"": """", ""location"": """"}",
设备,后退10秒,,playback_control,"{""operation"": ""快退"", ""object"": """", ""value"": ""10秒"", ""device"": """", ""location"": """"}",
设备,后退30秒,,playback_control,"{""operation"": ""快退"", ""object"": """", ""value"": ""30秒"", ""device"": """", ""location"": """"}",
设备,后退60秒,,playback_control,"{""operation"": ""快退"", ""object"": """", ""value"": ""60秒"", ""device"": """", ""location"": """"}",
设备,跳到开始,,playback_control,"{""operation"": ""跳转"", ""object"": """", ""value"": """", ""device"": """", ""location"": """"}",
设备,跳到结尾,,playback_control,"{""operation"": ""跳转"", ""object"": """", ""value"": """", ""device"": """", ""location"": """"}",
设备,暂停,,playback_control,"{""operation"": ""暂停"", ""object"": ""播放控制"", ""value"": """", ""device"": """", ""location"": """"}",
设备,停止,,playback_control,"{""operation"": ""停止"", ""object"": ""播放控制"", ""value"": """", ""device"": """", ""location"": """"}",
设备,播放,,playback_control,"{""operation"": ""播放"", ""object"": ""播放控制"", ""value"": """", ""device"": """", ""location"": """"}",
设备,下一个,,playback_control,"{""operation"": ""下"", ""object"": ""播放控制"", ""value"": ""个"", ""device"": """", ""location"": """"}",
设备,上一个,,playback_control,"{""operation"": ""上"", ""object"": ""播放控制"", ""value"": ""个"", ""device"": """", ""location"": """"}",
设备,快进功能,,playback_control,"{""operation"": ""快进"", ""object"": """", ""value"": """", ""device"": """", ""location"": """"}",
设备,快退功能,,playback_control,"{""operation"": ""快退"", ""object"": """", ""value"": """", ""device"": """", ""location"": """"}",
设备,视频快进,,playback_control,"{""operation"": ""快进"", ""object"": """", ""value"": """", ""device"": """", ""location"": """"}",
设备,视频快退,,playback_control,"{""operation"": ""快退"", ""object"": """", ""value"": """", ""device"": """", ""location"": """"}",
设备,切换到HDMI1,,source_switch,"{""operation"": ""设置"", ""object"": ""信号源"", ""value"": ""hdmi1"", ""device"": """", ""location"": """"}",
设备,切换到HDMI2,,source_switch,"{""operation"": ""设置"", ""object"": ""信号源"", ""value"": ""hdmi2"", ""device"": """", ""location"": """"}",
设备,切换到HDMI3,,source_switch,"{""operation"": ""设置"", ""object"": ""信号源"", ""value"": ""hdmi3"", ""device"": """", ""location"": """"}",
设备,切换到HDMI4,,source_switch,"{""operation"": ""设置"", ""object"": ""信号源"", ""value"": ""hdmi4"", ""device"": """", ""location"": """"}",
设备,打开前置HDMI,,source_switch,"{""operation"": ""设置"", ""object"": ""信号源"", ""value"": ""前置hdmi"", ""device"": """", ""location"": """"}",
设备,切换到侧置HDMI,,source_switch,"{""operation"": ""设置"", ""object"": ""信号源"", ""value"": ""侧置hdmi"", ""device"": """", ""location"": """"}",
设备,信号源切换到HDMI1,,source_switch,"{""operation"": ""设置"", ""object"": ""信号源"", ""value"": ""hdmi1"", ""device"": """", ""location"": """"}",
设备,信号源切换到HDMI2,,source_switch,"{""operation"": ""设置"", ""object"": ""信号源"", ""value"": ""hdmi2"", ""device"": """", ""location"": """"}",
设备,信号源切换到HDMI3,,source_switch,"{""operation"": ""设置"", ""object"": ""信号源"", ""value"": ""hdmi3"", ""device"": """", ""location"": """"}",
设备,信号源切换到VGA,,source_switch,"{""operation"": ""设置"", ""object"": ""信号源"", ""value"": ""vga"", ""device"": """", ""location"": """"}",
设备,信号源切换到USB,,source_switch,"{""operation"": ""设置"", ""object"": ""信号源"", ""value"": ""usb"", ""device"": """", ""location"": """"}",
设备,打开信号源,,source_switch,"{""operation"": ""打开"", ""object"": ""信号源"", ""value"": """", ""device"": """", ""location"": """"}",
设备,选择HDMI1信号源,,source_switch,"{""operation"": ""设置"", ""object"": ""信号源"", ""value"": ""HDMI1"", ""device"": """", ""location"": """"}",
设备,选择HDMI2信号源,,source_switch,"{""operation"": ""设置"", ""object"": ""信号源"", ""value"": ""HDMI2"", ""device"": """", ""location"": """"}",
设备,选择HDMI3信号源,,source_switch,"{""operation"": ""设置"", ""object"": ""信号源"", ""value"": ""HDMI3"", ""device"": """", ""location"": """"}",
设备,选择VGA信号源,,source_switch,"{""operation"": ""设置"", ""object"": ""信号源"", ""value"": ""VGA"", ""device"": """", ""location"": """"}",
设备,选择USB信号源,,source_switch,"{""operation"": ""设置"", ""object"": ""信号源"", ""value"": ""USB"", ""device"": """", ""location"": """"}",
设备,切换到VGA模式,,source_switch,"{""operation"": ""设置"", ""object"": ""信号源"", ""value"": ""VGA模式"", ""device"": """", ""location"": """"}",
设备,切换到USB模式,,source_switch,"{""operation"": ""设置"", ""object"": ""信号源"", ""value"": ""USB模式"", ""device"": """", ""location"": """"}",
设备,切换到typec,,source_switch,"{""operation"": ""设置"", ""object"": ""信号源"", ""value"": ""typec"", ""device"": """", ""location"": """"}",
设备,切换到switch,,source_switch,"{""operation"": ""设置"", ""object"": ""信号源"", ""value"": ""switch"", ""device"": """", ""location"": """"}",
设备,打开xbox,,source_switch,"{""operation"": ""设置"", ""object"": ""信号源"", ""value"": ""xbox"", ""device"": """", ""location"": """"}",
设备,切换到ps4,,source_switch,"{""operation"": ""设置"", ""object"": ""信号源"", ""value"": ""ps4"", ""device"": """", ""location"": """"}",
设备,切换到ps5,,source_switch,"{""operation"": ""设置"", ""object"": ""信号源"", ""value"": ""ps5"", ""device"": """", ""location"": """"}",
设备,切换到视频1,,source_switch,"{""operation"": ""设置"", ""object"": ""信号源"", ""value"": ""视频1"", ""device"": """", ""location"": """"}",
设备,切换到视频2,,source_switch,"{""operation"": ""设置"", ""object"": ""信号源"", ""value"": ""视频2"", ""device"": """", ""location"": """"}",
设备,切换到分量输入,,source_switch,"{""operation"": ""设置"", ""object"": ""信号源"", ""value"": ""分量输入"", ""device"": """", ""location"": """"}",
设备,信号源选择,,source_switch,"{""operation"": ""设置"", ""object"": ""信号源"", ""value"": """", ""device"": """", ""location"": """"}",
设备,切换到HDMI1,,source_switch,"{""operation"": ""设置"", ""object"": ""信号源"", ""value"": ""hdmi1"", ""device"": """", ""location"": """"}",
设备,切换到HDMI2,,source_switch,"{""operation"": ""设置"", ""object"": ""信号源"", ""value"": ""hdmi2"", ""device"": """", ""location"": """"}",
设备,切换到HDMI3,,source_switch,"{""operation"": ""设置"", ""object"": ""信号源"", ""value"": ""hdmi3"", ""device"": """", ""location"": """"}",
设备,切换到VGA,,source_switch,"{""operation"": ""设置"", ""object"": ""信号源"", ""value"": ""vga"", ""device"": """", ""location"": """"}",
设备,切换到USB,,source_switch,"{""operation"": ""设置"", ""object"": ""信号源"", ""value"": ""usb"", ""device"": """", ""location"": """"}",
设备,打开HDMI1输入,,source_switch,"{""operation"": ""设置"", ""object"": ""信号源"", ""value"": ""HDMI1"", ""device"": """", ""location"": """"}",
设备,打开HDMI2输入,,source_switch,"{""operation"": ""设置"", ""object"": ""信号源"", ""value"": ""HDMI2"", ""device"": """", ""location"": """"}",
设备,打开HDMI3输入,,source_switch,"{""operation"": ""设置"", ""object"": ""信号源"", ""value"": ""HDMI3"", ""device"": """", ""location"": """"}",
设备,打开VGA输入,,source_switch,"{""operation"": ""设置"", ""object"": ""信号源"", ""value"": ""VGA"", ""device"": """", ""location"": """"}",
设备,打开USB输入,,source_switch,"{""operation"": ""设置"", ""object"": ""信号源"", ""value"": ""USB"", ""device"": """", ""location"": """"}",
设备,切换到AV输入,,source_switch,"{""operation"": ""设置"", ""object"": ""信号源"", ""value"": ""AV输入"", ""device"": """", ""location"": """"}",
设备,打开HDMI输入,,source_switch,"{""operation"": ""设置"", ""object"": ""信号源"", ""value"": """", ""device"": """", ""location"": """"}",
设备,信号源设置,,source_switch,"{""operation"": ""设置"", ""object"": ""信号源"", ""value"": """", ""device"": """", ""location"": """"}",
设备,信号源切换,,source_switch,"{""operation"": ""设置"", ""object"": ""信号源"", ""value"": """", ""device"": """", ""location"": """"}",
设备,输入源选择,,source_switch,"{""operation"": ""设置"", ""object"": ""信号源"", ""value"": """", ""device"": """", ""location"": """"}",
设备,输入源切换,,source_switch,"{""operation"": ""设置"", ""object"": ""信号源"", ""value"": """", ""device"": """", ""location"": """"}",
设备,清晰度调到30,,numeric_adjust,"{""operation"": ""设置"", ""object"": ""清晰度"", ""value"": ""30"", ""device"": """", ""location"": """"}",
设备,清晰度调到50,,numeric_adjust,"{""operation"": ""设置"", ""object"": ""清晰度"", ""value"": ""50"", ""device"": """", ""location"": """"}",
设备,清晰度调到70,,numeric_adjust,"{""operation"": ""设置"", ""object"": ""清晰度"", ""value"": ""70"", ""device"": """", ""location"": """"}",
设备,清晰度设置为30%,,numeric_adjust,"{""operation"": ""设置"", ""object"": ""清晰度"", ""value"": ""30%"", ""device"": """", ""location"": """"}",
设备,清晰度设置为50%,,numeric_adjust,"{""operation"": ""设置"", ""object"": ""清晰度"", ""value"": ""50%"", ""device"": """", ""location"": """"}",
设备,清晰度设置为70%,,numeric_adjust,"{""operation"": ""设置"", ""object"": ""清晰度"", ""value"": ""70%"", ""device"": """", ""location"": """"}",
设备,提高清晰度,,numeric_adjust,"{""operation"": ""提高"", ""object"": ""清晰度"", ""value"": """", ""device"": """", ""location"": """"}",
设备,降低清晰度,,numeric_adjust,"{""operation"": ""降低"", ""object"": ""清晰度"", ""value"": ""默认"", ""device"": """", ""location"": """"}",
设备,画面清晰一点,,numeric_adjust,"{""operation"": ""提高"", ""object"": ""清晰度"", ""value"": ""默认"", ""device"": """", ""location"": """"}",
设备,画面模糊了,,numeric_adjust,"{""operation"": ""提高"", ""object"": ""清晰度"", ""value"": """", ""device"": """", ""location"": """"}",
设备,现在清晰度多少,,numeric_adjust,"{""operation"": ""查询"", ""object"": ""清晰度"", ""value"": ""默认"", ""device"": """", ""location"": """"}",
设备,清晰度加30,,numeric_adjust,"{""operation"": ""提高"", ""object"": ""清晰度"", ""value"": ""30"", ""device"": """", ""location"": """"}",
设备,清晰度加50,,numeric_adjust,"{""operation"": ""提高"", ""object"": ""清晰度"", ""value"": ""50"", ""device"": """", ""location"": """"}",
设备,清晰度加70,,numeric_adjust,"{""operation"": ""提高"", ""object"": ""清晰度"", ""value"": ""70"", ""device"": """", ""location"": """"}",
设备,清晰度减30,,numeric_adjust,"{""operation"": ""降低"", ""object"": ""清晰度"", ""value"": ""30"", ""device"": """", ""location"": """"}",
设备,清晰度减50,,numeric_adjust,"{""operation"": ""降低"", ""object"": ""清晰度"", ""value"": ""50"", ""device"": """", ""location"": """"}",
设备,清晰度减70,,numeric_adjust,"{""operation"": ""降低"", ""object"": ""清晰度"", ""value"": ""70"", ""device"": """", ""location"": """"}",
设备,清晰度调到最高,,numeric_adjust,"{""operation"": ""设置"", ""object"": ""清晰度"", ""value"": ""100%"", ""device"": """", ""location"": """"}",
设备,清晰度调到最低,,numeric_adjust,"{""operation"": ""设置"", ""object"": ""清晰度"", ""value"": ""0%"", ""device"": """", ""location"": """"}",
设备,分辨率调到最高,,numeric_adjust,"{""operation"": ""设置"", ""object"": ""分辨率"", ""value"": ""100%"", ""device"": """", ""location"": """"}",
设备,画质清晰一点,,numeric_adjust,"{""operation"": ""提高"", ""object"": ""清晰度"", ""value"": ""默认"", ""device"": """", ""location"": """"}",
设备,清晰度调整,,numeric_adjust,"{""operation"": ""设置"", ""object"": ""清晰度"", ""value"": """", ""device"": """", ""location"": """"}",
设备,画面分辨率,,numeric_adjust,"{""operation"": ""设置"", ""object"": ""分辨率"", ""value"": """", ""device"": """", ""location"": """"}",
设备,清晰度数值30,,numeric_adjust,"{""operation"": ""设置"", ""object"": ""清晰度"", ""value"": ""30"", ""device"": """", ""location"": """"}",
设备,清晰度数值50,,numeric_adjust,"{""operation"": ""设置"", ""object"": ""清晰度"", ""value"": ""50"", ""device"": """", ""location"": """"}",
设备,清晰度数值70,,numeric_adjust,"{""operation"": ""设置"", ""object"": ""清晰度"", ""value"": ""70"", ""device"": """", ""location"": """"}",
设备,提高分辨率,,numeric_adjust,"{""operation"": ""提高"", ""object"": ""清晰度"", ""value"": ""默认"", ""device"": """", ""location"": """"}",
设备,对比度调到30,,numeric_adjust,"{""operation"": ""设置"", ""object"": ""对比度"", ""value"": ""30"", ""device"": """", ""location"": """"}",
设备,对比度调到50,,numeric_adjust,"{""operation"": ""设置"", ""object"": ""对比度"", ""value"": ""50"", ""device"": """", ""location"": """"}",
设备,对比度设置为30%,,numeric_adjust,"{""operation"": ""设置"", ""object"": ""对比度"", ""value"": ""30%"", ""device"": """", ""location"": """"}",
设备,对比度设置为50%,,numeric_adjust,"{""operation"": ""设置"", ""object"": ""对比度"", ""value"": ""50%"", ""device"": """", ""location"": """"}",
设备,对比度设置为70%,,numeric_adjust,"{""operation"": ""设置"", ""object"": ""对比度"", ""value"": ""70%"", ""device"": """", ""location"": """"}",
设备,降低分辨率,,numeric_adjust,"{""operation"": ""降低"", ""object"": ""分辨率"", ""value"": """", ""device"": """", ""location"": """"}",
设备,提高对比度,,numeric_adjust,"{""operation"": ""提高"", ""object"": ""对比度"", ""value"": """", ""device"": """", ""location"": """"}",
设备,降低对比度,,numeric_adjust,"{""operation"": ""降低"", ""object"": ""对比度"", ""value"": """", ""device"": """", ""location"": """"}",
设备,画面色彩对比强一点,,numeric_adjust,"{""operation"": ""提高"", ""object"": ""对比度"", ""value"": """", ""device"": """", ""location"": """"}",
设备,对比度太高了,,numeric_adjust,"{""operation"": ""降低"", ""object"": ""对比度"", ""value"": ""默认"", ""device"": """", ""location"": """"}",
设备,现在对比度多少,,numeric_adjust,"{""operation"": ""查询"", ""object"": ""对比度"", ""value"": ""默认"", ""device"": """", ""location"": """"}",
设备,对比度加30,,numeric_adjust,"{""operation"": ""提高"", ""object"": ""对比度"", ""value"": ""30"", ""device"": """", ""location"": """"}",
设备,对比度加50,,numeric_adjust,"{""operation"": ""提高"", ""object"": ""对比度"", ""value"": ""50"", ""device"": """", ""location"": """"}",
设备,对比度加70,,numeric_adjust,"{""operation"": ""提高"", ""object"": ""对比度"", ""value"": ""70"", ""device"": """", ""location"": """"}",
设备,对比度减30,,numeric_adjust,"{""operation"": ""降低"", ""object"": ""对比度"", ""value"": ""30"", ""device"": """", ""location"": """"}",
设备,对比度减50,,numeric_adjust,"{""operation"": ""降低"", ""object"": ""对比度"", ""value"": ""50"", ""device"": """", ""location"": """"}",
设备,对比度减70,,numeric_adjust,"{""operation"": ""降低"", ""object"": ""对比度"", ""value"": ""70"", ""device"": """", ""location"": """"}",
设备,对比度调到最高,,numeric_adjust,"{""operation"": ""设置"", ""object"": ""对比度"", ""value"": ""100%"", ""device"": """", ""location"": """"}",
设备,对比度调到最低,,numeric_adjust,"{""operation"": ""设置"", ""object"": ""对比度"", ""value"": ""0%"", ""device"": """", ""location"": """"}",
设备,色彩对比度调高,,numeric_adjust,"{""operation"": ""提高"", ""object"": ""对比度"", ""value"": """", ""device"": """", ""location"": """"}",
设备,对比度调整,,numeric_adjust,"{""operation"": ""设置"", ""object"": ""对比度"", ""value"": """", ""device"": """", ""location"": """"}",
设备,对比度设置,,numeric_adjust,"{""operation"": ""设置"", ""object"": ""对比度"", ""value"": """", ""device"": """", ""location"": """"}",
设备,对比度数值30,,numeric_adjust,"{""operation"": ""设置"", ""object"": ""对比度"", ""value"": ""30"", ""device"": """", ""location"": """"}",
设备,对比度数值50,,numeric_adjust,"{""operation"": ""设置"", ""object"": ""对比度"", ""value"": ""50"", ""device"": """", ""location"": """"}",
设备,对比度数值70,,numeric_adjust,"{""operation"": ""设置"", ""object"": ""对比度"", ""value"": ""70"", ""device"": """", ""location"": """"}",
设备,调高对比度,,numeric_adjust,"{""operation"": ""提高"", ""object"": ""对比度"", ""value"": ""默认"", ""device"": """", ""location"": """"}",
设备,调低对比度,,numeric_adjust,"{""operation"": ""降低"", ""object"": ""对比度"", ""value"": ""默认"", ""device"": """", ""location"": """"}",
设备,对比度调节,,numeric_adjust,"{""operation"": ""设置"", ""object"": ""对比度"", ""value"": """", ""device"": """", ""location"": """"}",
设备,对比度控制,,numeric_adjust,"{""operation"": ""设置"", ""object"": ""对比度"", ""value"": """", ""device"": """", ""location"": """"}",
设备,色度调到30,,numeric_adjust,"{""operation"": ""设置"", ""object"": ""色度"", ""value"": ""30"", ""device"": """", ""location"": """"}",
设备,色度调到50,,numeric_adjust,"{""operation"": ""设置"", ""object"": ""色度"", ""value"": ""50"", ""device"": """", ""location"": """"}",
设备,色度调到70,,numeric_adjust,"{""operation"": ""设置"", ""object"": ""色度"", ""value"": ""70"", ""device"": """", ""location"": """"}",
设备,色度设置为30%,,numeric_adjust,"{""operation"": ""设置"", ""object"": ""色度"", ""value"": ""30%"", ""device"": """", ""location"": """"}",
设备,色度设置为50%,,numeric_adjust,"{""operation"": ""设置"", ""object"": ""色度"", ""value"": ""50%"", ""device"": """", ""location"": """"}",
设备,色度设置为70%,,numeric_adjust,"{""operation"": ""设置"", ""object"": ""色度"", ""value"": ""70%"", ""device"": """", ""location"": """"}",
设备,提高色度,,numeric_adjust,"{""operation"": ""提高"", ""object"": ""色度"", ""value"": """", ""device"": """", ""location"": """"}",
设备,降低色度,,numeric_adjust,"{""operation"": ""降低"", ""object"": ""色度"", ""value"": """", ""device"": """", ""location"": """"}",
设备,色彩鲜艳一点,,numeric_adjust,"{""operation"": ""提高"", ""object"": ""色度"", ""value"": """", ""device"": """", ""location"": """"}",
设备,色彩太艳了,,numeric_adjust,"{""operation"": ""降低"", ""object"": ""色度"", ""value"": """", ""device"": """", ""location"": """"}",
设备,现在色度多少,,numeric_adjust,"{""operation"": ""查询"", ""object"": ""色度"", ""value"": """", ""device"": """", ""location"": """"}",
设备,色度加30,,numeric_adjust,"{""operation"": ""提高"", ""object"": ""色度"", ""value"": ""30"", ""device"": """", ""location"": """"}",
设备,色度加50,,numeric_adjust,"{""operation"": ""提高"", ""object"": ""色度"", ""value"": ""50"", ""device"": """", ""location"": """"}",
设备,色度加70,,numeric_adjust,"{""operation"": ""提高"", ""object"": ""色度"", ""value"": ""70"", ""device"": """", ""location"": """"}",
设备,色度减30,,numeric_adjust,"{""operation"": ""降低"", ""object"": ""色度"", ""value"": ""30"", ""device"": """", ""location"": """"}",
设备,色度减50,,numeric_adjust,"{""operation"": ""降低"", ""object"": ""色度"", ""value"": ""50"", ""device"": """", ""location"": """"}",
设备,色度减70,,numeric_adjust,"{""operation"": ""降低"", ""object"": ""色度"", ""value"": ""70"", ""device"": """", ""location"": """"}",
设备,色度调到最高,,numeric_adjust,"{""operation"": ""设置"", ""object"": ""色度"", ""value"": ""100%"", ""device"": """", ""location"": """"}",
设备,色彩饱和度调高,,numeric_adjust,"{""operation"": ""提高"", ""object"": ""色度"", ""value"": """", ""device"": """", ""location"": """"}",
设备,色彩饱和度降低,,numeric_adjust,"{""operation"": ""降低"", ""object"": ""色度"", ""value"": """", ""device"": """", ""location"": """"}",
设备,色度调整,,numeric_adjust,"{""operation"": ""设置"", ""object"": ""色度"", ""value"": """", ""device"": """", ""location"": """"}",
设备,色彩饱和度设置,,numeric_adjust,"{""operation"": ""设置"", ""object"": ""色度"", ""value"": """", ""device"": """", ""location"": """"}",
设备,色度数值30,,numeric_adjust,"{""operation"": ""设置"", ""object"": ""色度"", ""value"": ""30"", ""device"": """", ""location"": """"}",
设备,色度数值50,,numeric_adjust,"{""operation"": ""设置"", ""object"": ""色度"", ""value"": ""50"", ""device"": """", ""location"": """"}",
设备,色度查询,,numeric_adjust,"{""operation"": ""查询"", ""object"": ""色度"", ""value"": """", ""device"": """", ""location"": """"}",
设备,色度数值70,,numeric_adjust,"{""operation"": ""设置"", ""object"": ""色度"", ""value"": ""70"", ""device"": """", ""location"": """"}",
设备,调高色度,,numeric_adjust,"{""operation"": ""提高"", ""object"": ""色度"", ""value"": """", ""device"": """", ""location"": """"}",
设备,调低色度,,numeric_adjust,"{""operation"": ""降低"", ""object"": ""色度"", ""value"": """", ""device"": """", ""location"": """"}",
设备,色度调节,,numeric_adjust,"{""operation"": ""设置"", ""object"": ""色度"", ""value"": """", ""device"": """", ""location"": """"}",
设备,色度控制,,numeric_adjust,"{""operation"": ""设置"", ""object"": ""色度"", ""value"": """", ""device"": """", ""location"": """"}",
设备,打开HDMI选择,,source_switch,"{""operation"": ""设置"", ""object"": ""信号源"", ""value"": """", ""device"": """", ""location"": """"}",
设备,HDMI输入,,source_switch,"{""operation"": ""打开"", ""object"": ""HDMI选择"", ""value"": """", ""device"": """", ""location"": """"}",
设备,切换到HDMI,,source_switch,"{""operation"": ""设置"", ""object"": ""信号源"", ""value"": """", ""device"": """", ""location"": """"}",
设备,打开HDMI接口,,source_switch,"{""operation"": ""设置"", ""object"": ""信号源"", ""value"": """", ""device"": """", ""location"": """"}",
设备,HDMI信号,,source_switch,"{""operation"": ""打开"", ""object"": ""HDMI选择"", ""value"": """", ""device"": """", ""location"": """"}",
设备,打开外部输入,,source_switch,"{""operation"": ""打开"", ""object"": ""HDMI选择"", ""value"": """", ""device"": """", ""location"": """"}",
设备,外部设备,,source_switch,"{""operation"": ""打开"", ""object"": ""HDMI选择"", ""value"": """", ""device"": """", ""location"": """"}",
设备,HDMI输入源,,source_switch,"{""operation"": ""打开"", ""object"": ""HDMI选择"", ""value"": """", ""device"": """", ""location"": """"}",
设备,外接设备,,source_switch,"{""operation"": ""打开"", ""object"": ""HDMI选择"", ""value"": """", ""device"": """", ""location"": """"}",
设备,打开HDMI模式,,source_switch,"{""operation"": ""打开"", ""object"": ""HDMI选择"", ""value"": """", ""device"": """", ""location"": """"}",
设备,HDMI端口,,source_switch,"{""operation"": ""打开"", ""object"": ""HDMI选择"", ""value"": """", ""device"": """", ""location"": """"}",
设备,HDMI接口选择,,source_switch,"{""operation"": ""设置"", ""object"": ""信号源"", ""value"": """", ""device"": """", ""location"": """"}",
设备,选择HDMI,,source_switch,"{""operation"": ""设置"", ""object"": ""信号源"", ""value"": """", ""device"": """", ""location"": """"}",
设备,进入HDMI,,source_switch,"{""operation"": ""设置"", ""object"": ""信号源"", ""value"": """", ""device"": """", ""location"": """"}",
设备,HDMI切换,,source_switch,"{""operation"": ""设置"", ""object"": ""信号源"", ""value"": """", ""device"": """", ""location"": """"}",
设备,HDMI输入选择,,source_switch,"{""operation"": ""打开"", ""object"": ""HDMI选择"", ""value"": """", ""device"": """", ""location"": """"}",
设备,打开HDMI端口,,source_switch,"{""operation"": ""打开"", ""object"": ""HDMI选择"", ""value"": """", ""device"": """", ""location"": """"}",
设备,HDMI信号源,,source_switch,"{""operation"": ""打开"", ""object"": ""HDMI选择"", ""value"": """", ""device"": """", ""location"": """"}",
设备,HDMI接口,,source_switch,"{""operation"": ""设置"", ""object"": ""信号源"", ""value"": """", ""device"": """", ""location"": """"}",
设备,HDMI设置,,source_switch,"{""operation"": ""设置"", ""object"": ""信号源"", ""value"": """", ""device"": """", ""location"": """"}",
设备,打开无线网络,,network_control,"{""operation"": ""打开"", ""object"": ""无线网络"", ""value"": """", ""device"": """", ""location"": """"}",
设备,开启wifi,,network_control,"{""operation"": ""打开"", ""object"": ""网络设置"", ""value"": """", ""device"": """", ""location"": """"}",
设备,打开wifi,,network_control,"{""operation"": ""打开"", ""object"": ""网络设置"", ""value"": """", ""device"": """", ""location"": """"}",
设备,无线网络设置,,network_control,"{""operation"": ""打开"", ""object"": ""网络设置"", ""value"": """", ""device"": """", ""location"": """"}",
设备,wifi设置,,network_control,"{""operation"": ""打开"", ""object"": ""网络设置"", ""value"": """", ""device"": """", ""location"": """"}",
设备,打开无线连接,,network_control,"{""operation"": ""打开"", ""object"": ""无线网络"", ""value"": """", ""device"": """", ""location"": """"}",
设备,无线网络连接,,network_control,"{""operation"": ""打开"", ""object"": ""网络设置"", ""value"": """", ""device"": """", ""location"": """"}",
设备,打开无线局域网,,network_control,"{""operation"": ""打开"", ""object"": ""无线网络"", ""value"": """", ""device"": """", ""location"": """"}",
设备,wifi连接,,network_control,"{""operation"": ""打开"", ""object"": ""网络设置"", ""value"": """", ""device"": """", ""location"": """"}",
设备,无线网,,network_control,"{""operation"": ""打开"", ""object"": ""无线网络"", ""value"": """", ""device"": """", ""location"": """"}",
设备,WiFi设置,,network_control,"{""operation"": ""打开"", ""object"": ""网络设置"", ""value"": """", ""device"": """", ""location"": """"}",
设备,无线网设置,,network_control,"{""operation"": ""打开"", ""object"": ""无线网络"", ""value"": """", ""device"": """", ""location"": """"}",
设备,开启无线网络,,network_control,"{""operation"": ""打开"", ""object"": ""无线网络"", ""value"": """", ""device"": """", ""location"": """"}",
设备,无线网络配置,,network_control,"{""operation"": ""打开"", ""object"": ""无线网络"", ""value"": """", ""device"": """", ""location"": """"}",
设备,wifi网络,,network_control,"{""operation"": ""打开"", ""object"": ""无线网络"", ""value"": """", ""device"": """", ""location"": """"}",
设备,无线网络开关,,network_control,"{""operation"": ""打开"", ""object"": ""无线网络"", ""value"": """", ""device"": """", ""location"": """"}",
设备,打开wifi网络,,network_control,"{""operation"": ""打开"", ""object"": ""无线网络"", ""value"": """", ""device"": """", ""location"": """"}",
设备,无线网络,,network_control,"{""operation"": ""打开"", ""object"": ""无线网络"", ""value"": """", ""device"": """", ""location"": """"}",
设备,wifi功能,,network_control,"{""operation"": ""打开"", ""object"": ""无线网络"", ""value"": """", ""device"": """", ""location"": """"}",
设备,无线网络管理,,network_control,"{""operation"": ""打开"", ""object"": ""无线网络"", ""value"": """", ""device"": """", ""location"": """"}",
设备,打开有线网络,,network_control,"{""operation"": ""打开"", ""object"": ""有线网络"", ""value"": """", ""device"": """", ""location"": """"}",
设备,以太网设置,,network_control,"{""operation"": ""打开"", ""object"": ""网络设置"", ""value"": """", ""device"": """", ""location"": """"}",
设备,有线连接,,network_control,"{""operation"": ""打开"", ""object"": ""有线网络"", ""value"": """", ""device"": """", ""location"": """"}",
设备,打开有线连接,,network_control,"{""operation"": ""打开"", ""object"": ""有线网络"", ""value"": """", ""device"": """", ""location"": """"}",
设备,有线网络配置,,network_control,"{""operation"": ""打开"", ""object"": ""有线网络"", ""value"": """", ""device"": """", ""location"": """"}",
设备,有线网络设置,,network_control,"{""operation"": ""打开"", ""object"": ""有线网络"", ""value"": """", ""device"": """", ""location"": """"}",
设备,打开以太网,,network_control,"{""operation"": ""打开"", ""object"": ""有线网络"", ""value"": """", ""device"": """", ""location"": """"}",
设备,网线连接,,network_control,"{""operation"": ""打开"", ""object"": ""有线网络"", ""value"": """", ""device"": """", ""location"": """"}",
设备,有线网络开关,,network_control,"{""operation"": ""打开"", ""object"": ""有线网络"", ""value"": """", ""device"": """", ""location"": """"}",
设备,有线网络,,network_control,"{""operation"": ""打开"", ""object"": ""有线网络"", ""value"": """", ""device"": """", ""location"": """"}",
设备,以太网连接,,network_control,"{""operation"": ""打开"", ""object"": ""网络设置"", ""value"": """", ""device"": """", ""location"": """"}",
设备,打开有线网,,network_control,"{""operation"": ""打开"", ""object"": ""有线网络"", ""value"": """", ""device"": """", ""location"": """"}",
设备,有线网设置,,network_control,"{""operation"": ""打开"", ""object"": ""有线网络"", ""value"": """", ""device"": """", ""location"": """"}",
设备,有线网络连接,,network_control,"{""operation"": ""打开"", ""object"": ""有线网络"", ""value"": """", ""device"": """", ""location"": """"}",
设备,有线网络管理,,network_control,"{""operation"": ""打开"", ""object"": ""有线网络"", ""value"": """", ""device"": """", ""location"": """"}",
设备,有线网络功能,,network_control,"{""operation"": ""打开"", ""object"": ""有线网络"", ""value"": """", ""device"": """", ""location"": """"}",
设备,有线网络选择,,network_control,"{""operation"": ""打开"", ""object"": ""有线网络"", ""value"": """", ""device"": """", ""location"": """"}",
设备,音乐功能,,common_control,"{""operation"": ""设置"", ""object"": ""音乐播放器"", ""value"": """", ""device"": """", ""location"": """"}",
设备,打开分屏,,screen_layout,"{""operation"": ""打开"", ""object"": ""分屏"", ""value"": """", ""device"": """", ""location"": """"}",
设备,开启分屏模式,,screen_layout,"{""operation"": ""打开"", ""object"": ""分屏"", ""value"": """", ""device"": """", ""location"": """"}",
设备,分屏显示,,screen_layout,"{""operation"": ""打开"", ""object"": ""分屏"", ""value"": """", ""device"": """", ""location"": """"}",
设备,关闭分屏,,screen_layout,"{""operation"": ""关闭"", ""object"": ""分屏"", ""value"": """", ""device"": """", ""location"": """"}",
设备,退出分屏,,screen_layout,"{""operation"": ""关闭"", ""object"": ""分屏"", ""value"": """", ""device"": """", ""location"": """"}",
设备,分屏模式,,screen_layout,"{""operation"": ""打开"", ""object"": ""分屏"", ""value"": """", ""device"": """", ""location"": """"}",
设备,多屏显示,,screen_layout,"{""operation"": ""打开"", ""object"": ""分屏"", ""value"": """", ""device"": """", ""location"": """"}",
设备,两个画面,,screen_layout,"{""operation"": ""打开"", ""object"": ""分屏"", ""value"": """", ""device"": """", ""location"": """"}",
设备,多任务分屏,,screen_layout,"{""operation"": ""打开"", ""object"": ""分屏"", ""value"": """", ""device"": """", ""location"": """"}",
设备,分屏切换,,screen_layout,"{""operation"": ""打开"", ""object"": ""分屏"", ""value"": """", ""device"": """", ""location"": """"}",
设备,分屏功能,,screen_layout,"{""operation"": ""打开"", ""object"": ""分屏"", ""value"": """", ""device"": """", ""location"": """"}",
设备,开启多窗口,,screen_layout,"{""operation"": ""打开"", ""object"": ""分屏"", ""value"": """", ""device"": """", ""location"": """"}",
设备,多窗口模式,,screen_layout,"{""operation"": ""打开"", ""object"": ""分屏"", ""value"": """", ""device"": """", ""location"": """"}",
设备,双屏显示,,screen_layout,"{""operation"": ""打开"", ""object"": ""分屏"", ""value"": """", ""device"": """", ""location"": """"}",
设备,分屏设置,,screen_layout,"{""operation"": ""打开"", ""object"": ""分屏"", ""value"": """", ""device"": """", ""location"": """"}",
设备,分屏开关,,screen_layout,"{""operation"": ""打开"", ""object"": ""分屏"", ""value"": """", ""device"": """", ""location"": """"}",
设备,分屏观看,,screen_layout,"{""operation"": ""打开"", ""object"": ""分屏"", ""value"": """", ""device"": """", ""location"": """"}",
设备,画面分割,,screen_layout,"{""operation"": ""打开"", ""object"": ""分屏"", ""value"": """", ""device"": """", ""location"": """"}",
设备,分屏控制,,screen_layout,"{""operation"": ""打开"", ""object"": ""分屏"", ""value"": """", ""device"": """", ""location"": """"}",
设备,分屏管理,,screen_layout,"{""operation"": ""打开"", ""object"": ""分屏"", ""value"": """", ""device"": """", ""location"": """"}",
设备,静音,,numeric_adjust,"{""operation"": ""打开"", ""object"": ""静音"", ""value"": """", ""device"": """", ""location"": """"}",
设备,把声音关掉,,numeric_adjust,"{""operation"": ""打开"", ""object"": ""静音"", ""value"": """", ""device"": """", ""location"": """"}",
设备,关闭声音,,numeric_adjust,"{""operation"": ""打开"", ""object"": ""静音"", ""value"": """", ""device"": """", ""location"": """"}",
设备,取消静音,,numeric_adjust,"{""operation"": ""关闭"", ""object"": ""静音"", ""value"": """", ""device"": """", ""location"": """"}",
设备,恢复正常声音,,numeric_adjust,"{""operation"": ""关闭"", ""object"": ""静音"", ""value"": """", ""device"": """", ""location"": """"}",
设备,打开静音,,numeric_adjust,"{""operation"": ""打开"", ""object"": ""静音"", ""value"": """", ""device"": """", ""location"": """"}",
设备,静音模式,,numeric_adjust,"{""operation"": ""打开"", ""object"": ""静音"", ""value"": """", ""device"": """", ""location"": """"}",
设备,声音静音,,numeric_adjust,"{""operation"": ""打开"", ""object"": ""静音"", ""value"": """", ""device"": """", ""location"": """"}",
设备,消音,,numeric_adjust,"{""operation"": ""打开"", ""object"": ""静音"", ""value"": """", ""device"": """", ""location"": """"}",
设备,恢复声音,,numeric_adjust,"{""operation"": ""关闭"", ""object"": ""静音"", ""value"": """", ""device"": """", ""location"": """"}",
设备,开启静音,,numeric_adjust,"{""operation"": ""打开"", ""object"": ""静音"", ""value"": """", ""device"": """", ""location"": """"}",
设备,关闭静音模式,,numeric_adjust,"{""operation"": ""关闭"", ""object"": ""静音"", ""value"": """", ""device"": """", ""location"": """"}",
设备,静音开关,,numeric_adjust,"{""operation"": ""打开"", ""object"": ""静音"", ""value"": """", ""device"": """", ""location"": """"}",
设备,静音功能,,numeric_adjust,"{""operation"": ""打开"", ""object"": ""静音"", ""value"": """", ""device"": """", ""location"": """"}",
设备,静音设置,,numeric_adjust,"{""operation"": ""打开"", ""object"": ""静音"", ""value"": """", ""device"": """", ""location"": """"}",
设备,声音静音开关,,numeric_adjust,"{""operation"": ""打开"", ""object"": ""静音"", ""value"": """", ""device"": """", ""location"": """"}",
设备,进入静音,,numeric_adjust,"{""operation"": ""打开"", ""object"": ""静音"", ""value"": """", ""device"": """", ""location"": """"}",
设备,退出静音,,numeric_adjust,"{""operation"": ""关闭"", ""object"": ""静音"", ""value"": """", ""device"": """", ""location"": """"}",
设备,静音控制,,numeric_adjust,"{""operation"": ""打开"", ""object"": ""静音"", ""value"": """", ""device"": """", ""location"": """"}",
设备,静音管理,,numeric_adjust,"{""operation"": ""打开"", ""object"": ""静音"", ""value"": """", ""device"": """", ""location"": """"}",
设备,全屏显示,,screen_layout,"{""operation"": ""打开"", ""object"": ""全屏"", ""value"": """", ""device"": """", ""location"": """"}",
设备,打开全屏,,screen_layout,"{""operation"": ""打开"", ""object"": ""全屏"", ""value"": """", ""device"": """", ""location"": """"}",
设备,全屏模式,,screen_layout,"{""operation"": ""打开"", ""object"": ""全屏"", ""value"": """", ""device"": """", ""location"": """"}",
设备,切换到全屏,,screen_layout,"{""operation"": ""打开"", ""object"": ""全屏"", ""value"": """", ""device"": """", ""location"": """"}",
设备,全屏幕,,screen_layout,"{""operation"": ""打开"", ""object"": ""全屏"", ""value"": """", ""device"": """", ""location"": """"}",
设备,全屏播放,,screen_layout,"{""operation"": ""打开"", ""object"": ""全屏"", ""value"": """", ""device"": """", ""location"": """"}",
设备,展开全屏,,screen_layout,"{""operation"": ""打开"", ""object"": ""全屏"", ""value"": """", ""device"": """", ""location"": """"}",
设备,进入全屏,,screen_layout,"{""operation"": ""打开"", ""object"": ""全屏"", ""value"": """", ""device"": """", ""location"": """"}",
设备,全屏观看,,screen_layout,"{""operation"": ""打开"", ""object"": ""全屏"", ""value"": """", ""device"": """", ""location"": """"}",
设备,全屏视窗,,screen_layout,"{""operation"": ""打开"", ""object"": ""全屏"", ""value"": """", ""device"": """", ""location"": """"}",
设备,全屏视窗模式,,screen_layout,"{""operation"": ""打开"", ""object"": ""全屏"", ""value"": """", ""device"": """", ""location"": """"}",
设备,开启全屏,,screen_layout,"{""operation"": ""打开"", ""object"": ""全屏"", ""value"": """", ""device"": """", ""location"": """"}",
设备,全屏设置,,screen_layout,"{""operation"": ""打开"", ""object"": ""全屏"", ""value"": """", ""device"": """", ""location"": """"}",
设备,全屏功能,,screen_layout,"{""operation"": ""打开"", ""object"": ""全屏"", ""value"": """", ""device"": """", ""location"": """"}",
设备,全屏切换,,screen_layout,"{""operation"": ""打开"", ""object"": ""全屏"", ""value"": """", ""device"": """", ""location"": """"}",
设备,全屏窗口,,screen_layout,"{""operation"": ""打开"", ""object"": ""全屏"", ""value"": """", ""device"": """", ""location"": """"}",
设备,全屏画面,,screen_layout,"{""operation"": ""打开"", ""object"": ""全屏"", ""value"": """", ""device"": """", ""location"": """"}",
设备,全屏视频,,screen_layout,"{""operation"": ""打开"", ""object"": ""全屏"", ""value"": """", ""device"": """", ""location"": """"}",
设备,全屏控制,,screen_layout,"{""operation"": ""打开"", ""object"": ""全屏"", ""value"": """", ""device"": """", ""location"": """"}",
设备,全屏管理,,screen_layout,"{""operation"": ""打开"", ""object"": ""全屏"", ""value"": """", ""device"": """", ""location"": """"}",
设备,打开小屏,,screen_layout,"{""operation"": ""打开"", ""object"": ""小屏"", ""value"": """", ""device"": """", ""location"": """"}",
设备,小屏模式,,screen_layout,"{""operation"": ""打开"", ""object"": ""小屏"", ""value"": """", ""device"": """", ""location"": """"}",
设备,关闭小屏,,screen_layout,"{""operation"": ""关闭"", ""object"": ""小屏"", ""value"": """", ""device"": """", ""location"": """"}",
设备,退出小屏,,screen_layout,"{""operation"": ""关闭"", ""object"": ""小屏"", ""value"": """", ""device"": """", ""location"": """"}",
设备,小窗显示,,screen_layout,"{""operation"": ""缩小"", ""object"": ""画面"", ""value"": """", ""device"": """", ""location"": """"}",
设备,小窗口,,screen_layout,"{""operation"": ""缩小"", ""object"": ""画面"", ""value"": """", ""device"": """", ""location"": """"}",
设备,迷你屏,,screen_layout,"{""operation"": ""缩小"", ""object"": ""画面"", ""value"": """", ""device"": """", ""location"": """"}",
设备,设置小屏幕,,screen_layout,"{""operation"": ""打开"", ""object"": ""小屏"", ""value"": """", ""device"": """", ""location"": """"}",
设备,缩小画面,,screen_layout,"{""operation"": ""缩小"", ""object"": ""画面"", ""value"": """", ""device"": """", ""location"": """"}",
设备,小窗模式,,screen_layout,"{""operation"": ""缩小"", ""object"": ""画面"", ""value"": """", ""device"": """", ""location"": """"}",
设备,开启小窗,,screen_layout,"{""operation"": ""缩小"", ""object"": ""画面"", ""value"": """", ""device"": """", ""location"": """"}",
设备,小屏设置,,screen_layout,"{""operation"": ""打开"", ""object"": ""小屏"", ""value"": """", ""device"": """", ""location"": """"}",
设备,小屏功能,,screen_layout,"{""operation"": ""打开"", ""object"": ""小屏"", ""value"": """", ""device"": """", ""location"": """"}",
设备,小屏切换,,screen_layout,"{""operation"": ""打开"", ""object"": ""小屏"", ""value"": """", ""device"": """", ""location"": """"}",
设备,小窗观看,,screen_layout,"{""operation"": ""缩小"", ""object"": ""画面"", ""value"": """", ""device"": """", ""location"": """"}",
设备,小屏播放,,screen_layout,"{""operation"": ""缩小"", ""object"": ""画面"", ""value"": """", ""device"": """", ""location"": """"}",
设备,小窗播放,,screen_layout,"{""operation"": ""缩小"", ""object"": ""画面"", ""value"": """", ""device"": """", ""location"": """"}",
设备,小屏控制,,screen_layout,"{""operation"": ""打开"", ""object"": ""小屏"", ""value"": """", ""device"": """", ""location"": """"}",
设备,小屏管理,,screen_layout,"{""operation"": ""打开"", ""object"": ""小屏"", ""value"": """", ""device"": """", ""location"": """"}",
设备,声音模式切换到标准模式,,mode_control,"{""operation"": ""设置"", ""object"": ""声音模式"", ""value"": ""标准模式"", ""device"": """", ""location"": """"}",
设备,声音模式切换到影院模式,,mode_control,"{""operation"": ""设置"", ""object"": ""声音模式"", ""value"": ""影院模式"", ""device"": """", ""location"": """"}",
设备,声音模式切换到音乐模式,,mode_control,"{""operation"": ""设置"", ""object"": ""声音模式"", ""value"": ""音乐模式"", ""device"": """", ""location"": """"}",
设备,声音模式切换到体育模式,,mode_control,"{""operation"": ""设置"", ""object"": ""声音模式"", ""value"": ""体育模式"", ""device"": """", ""location"": """"}",
设备,设置声音模式为标准模式,,mode_control,"{""operation"": ""设置"", ""object"": ""声音模式"", ""value"": ""标准模式"", ""device"": """", ""location"": """"}",
设备,设置声音模式为影院模式,,mode_control,"{""operation"": ""设置"", ""object"": ""声音模式"", ""value"": ""影院模式"", ""device"": """", ""location"": """"}",
设备,设置声音模式为音乐模式,,mode_control,"{""operation"": ""设置"", ""object"": ""声音模式"", ""value"": ""音乐模式"", ""device"": """", ""location"": """"}",
设备,设置声音模式为体育模式,,mode_control,"{""operation"": ""设置"", ""object"": ""声音模式"", ""value"": ""体育模式"", ""device"": """", ""location"": """"}",
设备,声音模式设置为标准模式,,mode_control,"{""operation"": ""设置"", ""object"": ""声音模式"", ""value"": ""标准模式"", ""device"": """", ""location"": """"}",
设备,声音模式设置为影院模式,,mode_control,"{""operation"": ""设置"", ""object"": ""声音模式"", ""value"": ""影院模式"", ""device"": """", ""location"": """"}",
设备,声音模式设置为音乐模式,,mode_control,"{""operation"": ""设置"", ""object"": ""声音模式"", ""value"": ""音乐模式"", ""device"": """", ""location"": """"}",
设备,声音模式设置为体育模式,,mode_control,"{""operation"": ""设置"", ""object"": ""声音模式"", ""value"": ""体育模式"", ""device"": """", ""location"": """"}",
设备,切换到音乐模式,,mode_control,"{""operation"": ""设置"", ""object"": ""声音模式"", ""value"": ""音乐模式"", ""device"": """", ""location"": """"}",
设备,打开标准模式,,mode_control,"{""operation"": ""设置"", ""object"": """", ""value"": ""标准模式"", ""device"": """", ""location"": """"}",
设备,打开影院模式,,mode_control,"{""operation"": ""设置"", ""object"": """", ""value"": ""影院模式"", ""device"": """", ""location"": """"}",
设备,打开音乐模式,,mode_control,"{""operation"": ""设置"", ""object"": """", ""value"": ""音乐模式"", ""device"": """", ""location"": """"}",
设备,打开体育模式,,mode_control,"{""operation"": ""设置"", ""object"": """", ""value"": ""体育模式"", ""device"": """", ""location"": """"}",
设备,声音模式选择,,mode_control,"{""operation"": ""打开"", ""object"": ""声音模式"", ""value"": """", ""device"": """", ""location"": """"}",
设备,声音模式设置,,mode_control,"{""operation"": ""打开"", ""object"": ""声音模式"", ""value"": """", ""device"": """", ""location"": """"}",
设备,音质模式,,mode_control,"{""operation"": ""设置"", ""object"": ""声音模式"", ""value"": """", ""device"": """", ""location"": """"}",
设备,声音效果模式,,mode_control,"{""operation"": ""设置"", ""object"": ""声音模式"", ""value"": """", ""device"": """", ""location"": """"}",
设备,音频模式,,mode_control,"{""operation"": ""设置"", ""object"": ""声音模式"", ""value"": """", ""device"": """", ""location"": """"}",
设备,音效模式,,mode_control,"{""operation"": ""打开"", ""object"": ""声音模式"", ""value"": """", ""device"": """", ""location"": """"}",
设备,声音场景模式,,mode_control,"{""operation"": ""设置"", ""object"": ""声音模式"", ""value"": """", ""device"": """", ""location"": """"}",
设备,声音输出模式,,mode_control,"{""operation"": ""设置"", ""object"": ""声音模式"", ""value"": """", ""device"": """", ""location"": """"}",
设备,声音配置,,mode_control,"{""operation"": ""打开"", ""object"": ""声音模式"", ""value"": """", ""device"": """", ""location"": """"}",
设备,声音调节模式,,mode_control,"{""operation"": ""设置"", ""object"": ""声音模式"", ""value"": """", ""device"": """", ""location"": """"}",
设备,声音模式调整,,mode_control,"{""operation"": ""打开"", ""object"": ""声音模式"", ""value"": """", ""device"": """", ""location"": """"}",
设备,声音模式切换,,mode_control,"{""operation"": ""打开"", ""object"": ""声音模式"", ""value"": """", ""device"": """", ""location"": """"}",
设备,声音模式管理,,mode_control,"{""operation"": ""设置"", ""object"": ""声音模式"", ""value"": """", ""device"": """", ""location"": """"}",
设备,图像模式切换到标准模式,,mode_control,"{""operation"": ""设置"", ""object"": ""图像模式"", ""value"": ""标准模式"", ""device"": """", ""location"": """"}",
设备,图像模式切换到鲜艳模式,,mode_control,"{""operation"": ""设置"", ""object"": ""图像模式"", ""value"": ""鲜艳模式"", ""device"": """", ""location"": """"}",
设备,图像模式切换到影院模式,,mode_control,"{""operation"": ""设置"", ""object"": ""图像模式"", ""value"": ""影院模式"", ""device"": """", ""location"": """"}",
设备,图像模式切换到体育模式,,mode_control,"{""operation"": ""设置"", ""object"": ""图像模式"", ""value"": ""体育模式"", ""device"": """", ""location"": """"}",
设备,设置图像模式为标准模式,,mode_control,"{""operation"": ""设置"", ""object"": ""图像模式"", ""value"": ""标准模式"", ""device"": """", ""location"": """"}",
设备,设置图像模式为鲜艳模式,,mode_control,"{""operation"": ""设置"", ""object"": ""图像模式"", ""value"": ""鲜艳模式"", ""device"": """", ""location"": """"}",
设备,设置图像模式为影院模式,,mode_control,"{""operation"": ""设置"", ""object"": ""图像模式"", ""value"": ""影院模式"", ""device"": """", ""location"": """"}",
设备,设置图像模式为体育模式,,mode_control,"{""operation"": ""设置"", ""object"": ""图像模式"", ""value"": ""体育模式"", ""device"": """", ""location"": """"}",
设备,图像模式设置为标准模式,,mode_control,"{""operation"": ""设置"", ""object"": ""图像模式"", ""value"": ""标准模式"", ""device"": """", ""location"": """"}",
设备,图像模式设置为鲜艳模式,,mode_control,"{""operation"": ""设置"", ""object"": ""图像模式"", ""value"": ""鲜艳模式"", ""device"": """", ""location"": """"}",
设备,图像模式设置为影院模式,,mode_control,"{""operation"": ""设置"", ""object"": ""图像模式"", ""value"": ""影院模式"", ""device"": """", ""location"": """"}",
设备,图像模式设置为体育模式,,mode_control,"{""operation"": ""设置"", ""object"": ""图像模式"", ""value"": ""体育模式"", ""device"": """", ""location"": """"}",
设备,切换到标准模式,,mode_control,"{""operation"": ""设置"", ""object"": """", ""value"": ""标准模式"", ""device"": """", ""location"": """"}",
设备,切换到鲜艳模式,,mode_control,"{""operation"": ""设置"", ""object"": """", ""value"": ""鲜艳模式"", ""device"": """", ""location"": """"}",
设备,切换到影院模式,,mode_control,"{""operation"": ""设置"", ""object"": """", ""value"": ""影院模式"", ""device"": """", ""location"": """"}",
设备,切换到体育模式,,mode_control,"{""operation"": ""设置"", ""object"": """", ""value"": ""体育模式"", ""device"": """", ""location"": """"}",
设备,打开标准模式模式,,mode_control,"{""operation"": ""设置"", ""object"": """", ""value"": ""标准模式"", ""device"": """", ""location"": """"}",
设备,打开鲜艳模式模式,,mode_control,"{""operation"": ""设置"", ""object"": """", ""value"": ""鲜艳模式"", ""device"": """", ""location"": """"}",
设备,打开影院模式模式,,mode_control,"{""operation"": ""设置"", ""object"": """", ""value"": ""影院模式"", ""device"": """", ""location"": """"}",
设备,打开体育模式模式,,mode_control,"{""operation"": ""设置"", ""object"": """", ""value"": ""体育模式"", ""device"": """", ""location"": """"}",
设备,图像模式选择,,mode_control,"{""operation"": ""打开"", ""object"": ""图像模式"", ""value"": """", ""device"": """", ""location"": """"}",
设备,图像模式设置,,mode_control,"{""operation"": ""设置"", ""object"": ""图像模式"", ""value"": """", ""device"": """", ""location"": """"}",
设备,画质模式,,mode_control,"{""operation"": ""设置"", ""object"": ""图像模式"", ""value"": """", ""device"": """", ""location"": """"}",
设备,画面模式,,mode_control,"{""operation"": ""设置"", ""object"": ""图像模式"", ""value"": """", ""device"": """", ""location"": """"}",
设备,显示模式,,mode_control,"{""operation"": ""设置"", ""object"": ""图像模式"", ""value"": """", ""device"": """", ""location"": """"}",
设备,视频模式,,mode_control,"{""operation"": ""设置"", ""object"": ""图像模式"", ""value"": """", ""device"": """", ""location"": """"}",
设备,画面效果模式,,mode_control,"{""operation"": ""设置"", ""object"": ""图像模式"", ""value"": """", ""device"": """", ""location"": """"}",
设备,图像场景模式,,mode_control,"{""operation"": ""设置"", ""object"": ""图像模式"", ""value"": """", ""device"": """", ""location"": """"}",
设备,图像输出模式,,mode_control,"{""operation"": ""设置"", ""object"": ""图像模式"", ""value"": """", ""device"": """", ""location"": """"}",
设备,图像配置,,mode_control,"{""operation"": ""设置"", ""object"": ""图像模式"", ""value"": """", ""device"": """", ""location"": """"}",
设备,图像模式调整,,mode_control,"{""operation"": ""设置"", ""object"": ""图像模式"", ""value"": """", ""device"": """", ""location"": """"}",
设备,图像模式切换,,mode_control,"{""operation"": ""设置"", ""object"": ""图像模式"", ""value"": """", ""device"": """", ""location"": """"}",
设备,图像模式管理,,mode_control,"{""operation"": ""设置"", ""object"": ""图像模式"", ""value"": """", ""device"": """", ""location"": """"}",
设备,音效模式切换到杜比音效,,mode_control,"{""operation"": ""设置"", ""object"": ""音效模式"", ""value"": ""杜比音效"", ""device"": """", ""location"": """"}",
设备,音效模式切换到流行音效,,mode_control,"{""operation"": ""设置"", ""object"": ""音效模式"", ""value"": ""流行音效"", ""device"": """", ""location"": """"}",
设备,音效模式切换到舞曲音效,,mode_control,"{""operation"": ""设置"", ""object"": ""音效模式"", ""value"": ""舞曲音效"", ""device"": """", ""location"": """"}",
设备,音效模式切换到蓝调音效,,mode_control,"{""operation"": ""设置"", ""object"": ""音效模式"", ""value"": ""蓝调音效"", ""device"": """", ""location"": """"}",
设备,设置音效模式为杜比音效,,mode_control,"{""operation"": ""设置"", ""object"": ""音效模式"", ""value"": ""杜比音效"", ""device"": """", ""location"": """"}",
设备,设置音效模式为流行音效,,mode_control,"{""operation"": ""设置"", ""object"": ""音效模式"", ""value"": ""流行音效"", ""device"": """", ""location"": """"}",
设备,设置音效模式为舞曲音效,,mode_control,"{""operation"": ""设置"", ""object"": ""音效模式"", ""value"": ""舞曲音效"", ""device"": """", ""location"": """"}",
设备,设置音效模式为蓝调音效,,mode_control,"{""operation"": ""设置"", ""object"": ""音效模式"", ""value"": ""蓝调音效"", ""device"": """", ""location"": """"}",
设备,音效模式设置为杜比音效,,mode_control,"{""operation"": ""设置"", ""object"": ""音效模式"", ""value"": ""杜比音效"", ""device"": """", ""location"": """"}",
设备,音效模式设置为流行音效,,mode_control,"{""operation"": ""设置"", ""object"": ""音效模式"", ""value"": ""流行音效"", ""device"": """", ""location"": """"}",
设备,音效模式设置为舞曲音效,,mode_control,"{""operation"": ""设置"", ""object"": ""音效模式"", ""value"": ""舞曲音效"", ""device"": """", ""location"": """"}",
设备,音效模式设置为蓝调音效,,mode_control,"{""operation"": ""设置"", ""object"": ""音效模式"", ""value"": ""蓝调音效"", ""device"": """", ""location"": """"}",
设备,切换到杜比音效,,mode_control,"{""operation"": ""设置"", ""object"": ""音效模式"", ""value"": ""杜比音效"", ""device"": """", ""location"": """"}",
设备,切换到流行音效,,mode_control,"{""operation"": ""设置"", ""object"": ""音效模式"", ""value"": ""流行音效"", ""device"": """", ""location"": """"}",
设备,切换到舞曲音效,,mode_control,"{""operation"": ""设置"", ""object"": ""音效模式"", ""value"": ""舞曲音效"", ""device"": """", ""location"": """"}",
设备,打开杜比音效模式,,mode_control,"{""operation"": ""设置"", ""object"": ""音效模式"", ""value"": ""杜比音效"", ""device"": """", ""location"": """"}",
设备,打开流行音效模式,,mode_control,"{""operation"": ""设置"", ""object"": ""音效模式"", ""value"": ""流行音效"", ""device"": """", ""location"": """"}",
设备,打开舞曲音效模式,,mode_control,"{""operation"": ""设置"", ""object"": ""音效模式"", ""value"": ""舞曲音效"", ""device"": """", ""location"": """"}",
设备,打开蓝调音效模式,,mode_control,"{""operation"": ""设置"", ""object"": ""音效模式"", ""value"": ""蓝调音效"", ""device"": """", ""location"": """"}",
设备,切换到蓝调音效,,mode_control,"{""operation"": ""设置"", ""object"": ""音效模式"", ""value"": ""蓝调音效"", ""device"": """", ""location"": """"}",
设备,音效类型,,mode_control,"{""operation"": ""设置"", ""object"": ""音效模式"", ""value"": """", ""device"": """", ""location"": """"}",
设备,音频效果模式,,mode_control,"{""operation"": ""设置"", ""object"": ""声音模式"", ""value"": """", ""device"": """", ""location"": """"}",
设备,声音效果类型,,mode_control,"{""operation"": ""设置"", ""object"": ""音效模式"", ""value"": """", ""device"": """", ""location"": """"}",
设备,音效输出模式,,mode_control,"{""operation"": ""设置"", ""object"": ""音效模式"", ""value"": """", ""device"": """", ""location"": """"}",
设备,音效配置,,mode_control,"{""operation"": ""打开"", ""object"": ""音效模式"", ""value"": """", ""device"": """", ""location"": """"}",
设备,音效调节模式,,mode_control,"{""operation"": ""设置"", ""object"": ""音效模式"", ""value"": """", ""device"": """", ""location"": """"}",
设备,音效风格,,mode_control,"{""operation"": ""设置"", ""object"": ""音效模式"", ""value"": """", ""device"": """", ""location"": """"}",
设备,音效模式管理,,mode_control,"{""operation"": ""打开"", ""object"": ""音效模式"", ""value"": """", ""device"": """", ""location"": """"}",
设备,列表播放,,playback_control,"{""operation"": ""列表播放"", ""object"": ""播放列表"", ""value"": """", ""device"": """", ""location"": """"}",
设备,顺序播放,,playback_control,"{""operation"": ""顺序播放"", ""object"": ""播放列表"", ""value"": """", ""device"": """", ""location"": """"}",
设备,随机播放,,playback_control,"{""operation"": ""随机播放"", ""object"": ""播放列表"", ""value"": """", ""device"": """", ""location"": """"}",
设备,单曲循环,,playback_control,"{""operation"": ""单曲播放"", ""object"": ""播放列表"", ""value"": """", ""device"": """", ""location"": """"}",
设备,循环播放,,playback_control,"{""operation"": ""循环播放"", ""object"": ""播放列表"", ""value"": """", ""device"": """", ""location"": """"}",
设备,播放模式,,playback_control,"{""operation"": ""播放"", ""object"": """", ""value"": """", ""device"": """", ""location"": """"}",
设备,播放顺序,,playback_control,"{""operation"": ""顺序播放"", ""object"": """", ""value"": """", ""device"": """", ""location"": """"}",
设备,列表循环,,playback_control,"{""operation"": ""循环播放"", ""object"": """", ""value"": """", ""device"": """", ""location"": """"}",
设备,打开ai壁纸,,screensaver_control,"{""operation"": ""打开"", ""object"": ""ai壁纸"", ""value"": """", ""device"": """", ""location"": """"}",
设备,启动ai壁纸,,screensaver_control,"{""operation"": ""打开"", ""object"": ""ai壁纸"", ""value"": """", ""device"": """", ""location"": """"}",
设备,进入ai壁纸,,screensaver_control,"{""operation"": ""打开"", ""object"": ""ai壁纸"", ""value"": """", ""device"": """", ""location"": """"}",
设备,打开音乐氛围墙,,audio_control,"{""operation"": ""打开"", ""object"": ""音乐氛围墙"", ""value"": """", ""device"": """", ""location"": """"}",
设备,启动音乐氛围墙,,audio_control,"{""operation"": ""打开"", ""object"": ""音乐氛围墙"", ""value"": """", ""device"": """", ""location"": """"}",
设备,进入音乐氛围墙,,audio_control,"{""operation"": ""打开"", ""object"": ""音乐氛围墙"", ""value"": """", ""device"": """", ""location"": """"}",
设备,打开待机选项,,screensaver_control,"{""operation"": ""打开"", ""object"": ""待机选项"", ""value"": """", ""device"": """", ""location"": """"}",
设备,启动待机选项,,screensaver_control,"{""operation"": ""打开"", ""object"": ""待机选项"", ""value"": """", ""device"": """", ""location"": """"}",
设备,进入待机选项,,screensaver_control,"{""operation"": ""打开"", ""object"": ""待机选项"", ""value"": """", ""device"": """", ""location"": """"}",
设备,打开ai动画,,screensaver_control,"{""operation"": ""打开"", ""object"": ""ai动画"", ""value"": """", ""device"": """", ""location"": """"}",
设备,启动ai动画,,screensaver_control,"{""operation"": ""打开"", ""object"": ""ai动画"", ""value"": """", ""device"": """", ""location"": """"}",
设备,进入ai动画,,screensaver_control,"{""operation"": ""打开"", ""object"": ""ai动画"", ""value"": """", ""device"": """", ""location"": """"}",
设备,启动ai节日壁纸,,screensaver_control,"{""operation"": ""打开"", ""object"": ""ai节日壁纸"", ""value"": """", ""device"": """", ""location"": """"}",
设备,进入ai节日壁纸,,screensaver_control,"{""operation"": ""打开"", ""object"": ""ai节日壁纸"", ""value"": """", ""device"": """", ""location"": """"}",
设备,打开安装耳机语音服务,,common_control,"{""operation"": ""打开"", ""object"": ""安装耳机语音服务"", ""value"": """", ""device"": """", ""location"": """"}",
设备,启动安装耳机语音服务,,common_control,"{""operation"": ""打开"", ""object"": ""安装耳机语音服务"", ""value"": """", ""device"": """", ""location"": """"}",
设备,进入安装耳机语音服务,,common_control,"{""operation"": ""打开"", ""object"": ""安装耳机语音服务"", ""value"": """", ""device"": """", ""location"": """"}",
设备,打开安装眼镜语音服务,,common_control,"{""operation"": ""打开"", ""object"": ""安装眼镜语音服务"", ""value"": """", ""device"": """", ""location"": """"}",
设备,启动安装眼镜语音服务,,common_control,"{""operation"": ""打开"", ""object"": ""安装眼镜语音服务"", ""value"": """", ""device"": """", ""location"": """"}",
设备,进入安装眼镜语音服务,,common_control,"{""operation"": ""打开"", ""object"": ""安装眼镜语音服务"", ""value"": """", ""device"": """", ""location"": """"}",
设备,打开ai节日壁纸,,screensaver_control,"{""operation"": ""打开"", ""object"": ""ai节日壁纸"", ""value"": """", ""device"": """", ""location"": """"}",
设备,打开主页,,common_control,"{""operation"": ""打开"", ""object"": ""主页"", ""value"": """", ""device"": """", ""location"": """"}",
设备,启动主页,,common_control,"{""operation"": ""打开"", ""object"": ""主页"", ""value"": """", ""device"": """", ""location"": """"}",
设备,进入主页,,common_control,"{""operation"": ""打开"", ""object"": ""主页"", ""value"": """", ""device"": """", ""location"": """"}",
设备,打开多任务切换,,common_control,"{""operation"": ""打开"", ""object"": ""多任务切换"", ""value"": """", ""device"": """", ""location"": """"}",
设备,启动多任务切换,,common_control,"{""operation"": ""打开"", ""object"": ""多任务切换"", ""value"": """", ""device"": """", ""location"": """"}",
设备,进入多任务切换,,common_control,"{""operation"": ""打开"", ""object"": ""多任务切换"", ""value"": """", ""device"": """", ""location"": """"}",
设备,打开竖屏短视频,,screen_lift_rotation,"{""operation"": ""打开"", ""object"": ""竖屏短视频"", ""value"": """", ""device"": """", ""location"": """"}",
设备,启动竖屏短视频,,screen_lift_rotation,"{""operation"": ""打开"", ""object"": ""竖屏短视频"", ""value"": """", ""device"": """", ""location"": """"}",
设备,进入竖屏短视频,,screen_lift_rotation,"{""operation"": ""打开"", ""object"": ""竖屏短视频"", ""value"": """", ""device"": """", ""location"": """"}",
设备,打开主题,,common_control,"{""operation"": ""打开"", ""object"": ""主题"", ""value"": """", ""device"": """", ""location"": """"}",
设备,启动主题,,common_control,"{""operation"": ""打开"", ""object"": ""主题"", ""value"": """", ""device"": """", ""location"": """"}",
设备,进入主题,,common_control,"{""operation"": ""打开"", ""object"": ""主题"", ""value"": """", ""device"": """", ""location"": """"}",
设备,打开语言设置,,common_control,"{""operation"": ""打开"", ""object"": ""语言设置"", ""value"": """", ""device"": """", ""location"": """"}",
设备,启动语言设置,,common_control,"{""operation"": ""打开"", ""object"": ""语言设置"", ""value"": """", ""device"": """", ""location"": """"}",
设备,进入语言设置,,common_control,"{""operation"": ""打开"", ""object"": ""语言设置"", ""value"": """", ""device"": """", ""location"": """"}",
设备,打开输入法设置,,common_control,"{""operation"": ""打开"", ""object"": ""输入法设置"", ""value"": """", ""device"": """", ""location"": """"}",
设备,启动输入法设置,,common_control,"{""operation"": ""打开"", ""object"": ""输入法设置"", ""value"": """", ""device"": """", ""location"": """"}",
设备,进入输入法设置,,common_control,"{""operation"": ""打开"", ""object"": ""输入法设置"", ""value"": """", ""device"": """", ""location"": """"}",
设备,打开多屏互动,,common_control,"{""operation"": ""打开"", ""object"": ""多屏互动"", ""value"": """", ""device"": """", ""location"": """"}",
设备,启动多屏互动,,common_control,"{""operation"": ""打开"", ""object"": ""多屏互动"", ""value"": """", ""device"": """", ""location"": """"}",
设备,进入多屏互动,,common_control,"{""operation"": ""打开"", ""object"": ""多屏互动"", ""value"": """", ""device"": """", ""location"": """"}",
设备,打开设置,,common_control,"{""operation"": ""打开"", ""object"": ""设置"", ""value"": """", ""device"": """", ""location"": """"}",
设备,启动设置,,common_control,"{""operation"": ""打开"", ""object"": ""设置"", ""value"": """", ""device"": """", ""location"": """"}",
设备,进入设置,,common_control,"{""operation"": ""打开"", ""object"": ""设置"", ""value"": """", ""device"": """", ""location"": """"}",
设备,打开网络设置,,network_control,"{""operation"": ""打开"", ""object"": ""网络设置"", ""value"": """", ""device"": """", ""location"": """"}",
设备,启动网络设置,,network_control,"{""operation"": ""打开"", ""object"": ""网络设置"", ""value"": """", ""device"": """", ""location"": """"}",
设备,进入网络设置,,network_control,"{""operation"": ""打开"", ""object"": ""网络设置"", ""value"": """", ""device"": """", ""location"": """"}",
设备,打开系统设置,,common_control,"{""operation"": ""打开"", ""object"": ""系统设置"", ""value"": """", ""device"": """", ""location"": """"}",
设备,启动系统设置,,common_control,"{""operation"": ""打开"", ""object"": ""系统设置"", ""value"": """", ""device"": """", ""location"": """"}",
设备,进入系统设置,,common_control,"{""operation"": ""打开"", ""object"": ""系统设置"", ""value"": """", ""device"": """", ""location"": """"}",
设备,打开声音设置,,audio_control,"{""operation"": ""打开"", ""object"": ""声音设置"", ""value"": """", ""device"": """", ""location"": """"}",
设备,启动声音设置,,audio_control,"{""operation"": ""打开"", ""object"": ""声音设置"", ""value"": """", ""device"": """", ""location"": """"}",
设备,进入声音设置,,audio_control,"{""operation"": ""打开"", ""object"": ""声音设置"", ""value"": """", ""device"": """", ""location"": """"}",
设备,打开3D设置,,display_control,"{""operation"": ""打开"", ""object"": ""3d设置"", ""value"": """", ""device"": """", ""location"": """"}",
设备,启动3D设置,,display_control,"{""operation"": ""打开"", ""object"": ""3d设置"", ""value"": """", ""device"": """", ""location"": """"}",
设备,进入3D设置,,display_control,"{""operation"": ""打开"", ""object"": ""3d设置"", ""value"": """", ""device"": """", ""location"": """"}",
设备,打开蓝牙设置,,common_control,"{""operation"": ""打开"", ""object"": ""蓝牙设置"", ""value"": """", ""device"": """", ""location"": """"}",
设备,启动蓝牙设置,,common_control,"{""operation"": ""打开"", ""object"": ""蓝牙设置"", ""value"": """", ""device"": """", ""location"": """"}",
设备,进入蓝牙设置,,common_control,"{""operation"": ""打开"", ""object"": ""蓝牙设置"", ""value"": """", ""device"": """", ""location"": """"}",
设备,打开个性化定制界面,,common_control,"{""operation"": ""打开"", ""object"": ""个性化定制界面"", ""value"": """", ""device"": """", ""location"": """"}",
设备,启动个性化定制界面,,common_control,"{""operation"": ""打开"", ""object"": ""个性化定制界面"", ""value"": """", ""device"": """", ""location"": """"}",
设备,进入个性化定制界面,,common_control,"{""operation"": ""打开"", ""object"": ""个性化定制界面"", ""value"": """", ""device"": """", ""location"": """"}",
设备,打开通用设置,,common_control,"{""operation"": ""打开"", ""object"": ""通用设置"", ""value"": """", ""device"": """", ""location"": """"}",
设备,启动通用设置,,common_control,"{""operation"": ""打开"", ""object"": ""通用设置"", ""value"": """", ""device"": """", ""location"": """"}",
设备,进入通用设置,,common_control,"{""operation"": ""打开"", ""object"": ""通用设置"", ""value"": """", ""device"": """", ""location"": """"}",
设备,打开关于电视,,common_control,"{""operation"": ""打开"", ""object"": ""关于电视"", ""value"": """", ""device"": """", ""location"": """"}",
设备,启动关于电视,,common_control,"{""operation"": ""打开"", ""object"": ""关于电视"", ""value"": """", ""device"": """", ""location"": """"}",
设备,进入关于电视,,common_control,"{""operation"": ""打开"", ""object"": ""关于电视"", ""value"": """", ""device"": """", ""location"": """"}",
设备,打开存储空间,,common_control,"{""operation"": ""打开"", ""object"": ""存储空间"", ""value"": """", ""device"": """", ""location"": """"}",
设备,启动存储空间,,common_control,"{""operation"": ""打开"", ""object"": ""存储空间"", ""value"": """", ""device"": """", ""location"": """"}",
设备,进入存储空间,,common_control,"{""operation"": ""打开"", ""object"": ""存储空间"", ""value"": """", ""device"": """", ""location"": """"}",
设备,打开快速启动键定制,,common_control,"{""operation"": ""打开"", ""object"": ""快速启动键定制"", ""value"": """", ""device"": """", ""location"": """"}",
设备,启动快速启动键定制,,common_control,"{""operation"": ""打开"", ""object"": ""快速启动键定制"", ""value"": """", ""device"": """", ""location"": """"}",
设备,进入快速启动键定制,,common_control,"{""operation"": ""打开"", ""object"": ""快速启动键定制"", ""value"": """", ""device"": """", ""location"": """"}",
设备,打开开机图片定制,,common_control,"{""operation"": ""打开"", ""object"": ""开机图片定制"", ""value"": """", ""device"": """", ""location"": """"}",
设备,启动开机图片定制,,common_control,"{""operation"": ""打开"", ""object"": ""开机图片定制"", ""value"": """", ""device"": """", ""location"": """"}",
设备,进入开机图片定制,,common_control,"{""operation"": ""打开"", ""object"": ""开机图片定制"", ""value"": """", ""device"": """", ""location"": """"}",
设备,打开关机动画定制,,common_control,"{""operation"": ""打开"", ""object"": ""关机动画定制"", ""value"": """", ""device"": """", ""location"": """"}",
设备,启动关机动画定制,,common_control,"{""operation"": ""打开"", ""object"": ""关机动画定制"", ""value"": """", ""device"": """", ""location"": """"}",
设备,进入关机动画定制,,common_control,"{""operation"": ""打开"", ""object"": ""关机动画定制"", ""value"": """", ""device"": """", ""location"": """"}",
设备,打开声音主题定制,,audio_control,"{""operation"": ""打开"", ""object"": ""声音主题定制"", ""value"": """", ""device"": """", ""location"": """"}",
设备,启动声音主题定制,,audio_control,"{""operation"": ""打开"", ""object"": ""声音主题定制"", ""value"": """", ""device"": """", ""location"": """"}",
设备,进入声音主题定制,,audio_control,"{""operation"": ""打开"", ""object"": ""声音主题定制"", ""value"": """", ""device"": """", ""location"": """"}",
设备,打开摄像头控制模式,,smart_camera,"{""operation"": ""打开"", ""object"": ""摄像头控制模式"", ""value"": """", ""device"": """", ""location"": """"}",
设备,启动摄像头控制模式,,smart_camera,"{""operation"": ""打开"", ""object"": ""摄像头控制模式"", ""value"": """", ""device"": """", ""location"": """"}",
设备,进入摄像头控制模式,,smart_camera,"{""operation"": ""打开"", ""object"": ""摄像头控制模式"", ""value"": """", ""device"": """", ""location"": """"}",
设备,打开开机全时段升起,,smart_camera,"{""operation"": ""打开"", ""object"": ""开机全时段升起"", ""value"": """", ""device"": """", ""location"": """"}",
设备,启动开机全时段升起,,smart_camera,"{""operation"": ""打开"", ""object"": ""开机全时段升起"", ""value"": """", ""device"": """", ""location"": """"}",
设备,进入开机全时段升起,,smart_camera,"{""operation"": ""打开"", ""object"": ""开机全时段升起"", ""value"": """", ""device"": """", ""location"": """"}",
设备,打开首次使用升起,,smart_camera,"{""operation"": ""打开"", ""object"": ""首次使用升起"", ""value"": """", ""device"": """", ""location"": """"}",
设备,启动首次使用升起,,smart_camera,"{""operation"": ""打开"", ""object"": ""首次使用升起"", ""value"": """", ""device"": """", ""location"": """"}",
设备,进入首次使用升起,,smart_camera,"{""operation"": ""打开"", ""object"": ""首次使用升起"", ""value"": """", ""device"": """", ""location"": """"}",
设备,打开智能升降,,smart_camera,"{""operation"": ""打开"", ""object"": ""智能升降"", ""value"": """", ""device"": """", ""location"": """"}",
设备,启动智能升降,,smart_camera,"{""operation"": ""打开"", ""object"": ""智能升降"", ""value"": """", ""device"": """", ""location"": """"}",
设备,进入智能升降,,smart_camera,"{""operation"": ""打开"", ""object"": ""智能升降"", ""value"": """", ""device"": """", ""location"": """"}",
设备,打开摄像头锁,,smart_camera,"{""operation"": ""打开"", ""object"": ""摄像头锁"", ""value"": """", ""device"": """", ""location"": """"}",
设备,启动摄像头锁,,smart_camera,"{""operation"": ""打开"", ""object"": ""摄像头锁"", ""value"": """", ""device"": """", ""location"": """"}",
设备,进入摄像头锁,,smart_camera,"{""operation"": ""打开"", ""object"": ""摄像头锁"", ""value"": """", ""device"": """", ""location"": """"}",
设备,打开智能设置,,smart_camera,"{""operation"": ""打开"", ""object"": ""智能设置"", ""value"": """", ""device"": """", ""location"": """"}",
设备,启动智能设置,,smart_camera,"{""operation"": ""打开"", ""object"": ""智能设置"", ""value"": """", ""device"": """", ""location"": """"}",
设备,进入智能设置,,smart_camera,"{""operation"": ""打开"", ""object"": ""智能设置"", ""value"": """", ""device"": """", ""location"": """"}",
设备,打开手动调整摄像头,,smart_camera,"{""operation"": ""打开"", ""object"": ""手动调整摄像头"", ""value"": """", ""device"": """", ""location"": """"}",
设备,启动手动调整摄像头,,smart_camera,"{""operation"": ""打开"", ""object"": ""手动调整摄像头"", ""value"": """", ""device"": """", ""location"": """"}",
设备,打开自动调整摄像头,,smart_camera,"{""operation"": ""打开"", ""object"": ""自动调整摄像头"", ""value"": """", ""device"": """", ""location"": """"}",
设备,启动自动调整摄像头,,smart_camera,"{""operation"": ""打开"", ""object"": ""自动调整摄像头"", ""value"": """", ""device"": """", ""location"": """"}",
设备,进入自动调整摄像头,,smart_camera,"{""operation"": ""打开"", ""object"": ""自动调整摄像头"", ""value"": """", ""device"": """", ""location"": """"}",
设备,打开摄像头控制开关,,smart_camera,"{""operation"": ""打开"", ""object"": ""摄像头控制开关"", ""value"": """", ""device"": """", ""location"": """"}",
设备,启动摄像头控制开关,,smart_camera,"{""operation"": ""打开"", ""object"": ""摄像头控制开关"", ""value"": """", ""device"": """", ""location"": """"}",
设备,进入摄像头控制开关,,smart_camera,"{""operation"": ""打开"", ""object"": ""摄像头控制开关"", ""value"": """", ""device"": """", ""location"": """"}",
设备,打开摄像头单次俯仰控制,,smart_camera,"{""operation"": ""打开"", ""object"": ""摄像头单次俯仰控制"", ""value"": """", ""device"": """", ""location"": """"}",
设备,启动摄像头单次俯仰控制,,smart_camera,"{""operation"": ""打开"", ""object"": ""摄像头单次俯仰控制"", ""value"": """", ""device"": """", ""location"": """"}",
设备,进入摄像头单次俯仰控制,,smart_camera,"{""operation"": ""打开"", ""object"": ""摄像头单次俯仰控制"", ""value"": """", ""device"": """", ""location"": """"}",
设备,打开手动控制摄像头锁帮助,,smart_camera,"{""operation"": ""打开"", ""object"": ""手动控制摄像头锁帮助"", ""value"": """", ""device"": """", ""location"": """"}",
设备,启动手动控制摄像头锁帮助,,smart_camera,"{""operation"": ""打开"", ""object"": ""手动控制摄像头锁帮助"", ""value"": """", ""device"": """", ""location"": """"}",
设备,进入手动控制摄像头锁帮助,,smart_camera,"{""operation"": ""打开"", ""object"": ""手动控制摄像头锁帮助"", ""value"": """", ""device"": """", ""location"": """"}",
设备,打开云台摄像头使用模式,,smart_camera,"{""operation"": ""打开"", ""object"": ""云台摄像头使用模式"", ""value"": """", ""device"": """", ""location"": """"}",
设备,启动云台摄像头使用模式,,smart_camera,"{""operation"": ""打开"", ""object"": ""云台摄像头使用模式"", ""value"": """", ""device"": """", ""location"": """"}",
设备,进入云台摄像头使用模式,,smart_camera,"{""operation"": ""打开"", ""object"": ""云台摄像头使用模式"", ""value"": """", ""device"": """", ""location"": """"}",
设备,打开摄像头表情控制,,smart_camera,"{""operation"": ""打开"", ""object"": ""摄像头表情控制"", ""value"": """", ""device"": """", ""location"": """"}",
设备,进入手动调整摄像头,,smart_camera,"{""operation"": ""打开"", ""object"": ""手动调整摄像头"", ""value"": """", ""device"": """", ""location"": """"}",
设备,启动摄像头表情控制,,smart_camera,"{""operation"": ""打开"", ""object"": ""摄像头表情控制"", ""value"": """", ""device"": """", ""location"": """"}",
设备,进入摄像头表情控制,,smart_camera,"{""operation"": ""打开"", ""object"": ""摄像头表情控制"", ""value"": """", ""device"": """", ""location"": """"}",
设备,打开颜色主题定制,,common_control,"{""operation"": ""打开"", ""object"": ""颜色主题定制"", ""value"": """", ""device"": """", ""location"": """"}",
设备,启动颜色主题定制,,common_control,"{""operation"": ""打开"", ""object"": ""颜色主题定制"", ""value"": """", ""device"": """", ""location"": """"}",
设备,进入颜色主题定制,,common_control,"{""operation"": ""打开"", ""object"": ""颜色主题定制"", ""value"": """", ""device"": """", ""location"": """"}",
设备,打开本机信息,,common_control,"{""operation"": ""打开"", ""object"": ""本机信息"", ""value"": """", ""device"": """", ""location"": """"}",
设备,启动本机信息,,common_control,"{""operation"": ""打开"", ""object"": ""本机信息"", ""value"": """", ""device"": """", ""location"": """"}",
设备,进入本机信息,,common_control,"{""operation"": ""打开"", ""object"": ""本机信息"", ""value"": """", ""device"": """", ""location"": """"}",
设备,打开几何校正,,display_control,"{""operation"": ""打开"", ""object"": ""几何校正"", ""value"": """", ""device"": """", ""location"": """"}",
设备,启动几何校正,,display_control,"{""operation"": ""打开"", ""object"": ""几何校正"", ""value"": """", ""device"": """", ""location"": """"}",
设备,进入几何校正,,display_control,"{""operation"": ""打开"", ""object"": ""几何校正"", ""value"": """", ""device"": """", ""location"": """"}",
设备,打开屏幕校正,,display_control,"{""operation"": ""打开"", ""object"": ""屏幕校正"", ""value"": """", ""device"": """", ""location"": """"}",
设备,启动屏幕校正,,display_control,"{""operation"": ""打开"", ""object"": ""屏幕校正"", ""value"": """", ""device"": """", ""location"": """"}",
设备,进入屏幕校正,,display_control,"{""operation"": ""打开"", ""object"": ""屏幕校正"", ""value"": """", ""device"": """", ""location"": """"}",
设备,打开cec开关,,common_control,"{""operation"": ""打开"", ""object"": ""cec开关"", ""value"": """", ""device"": """", ""location"": """"}",
设备,启动cec开关,,common_control,"{""operation"": ""打开"", ""object"": ""cec开关"", ""value"": """", ""device"": """", ""location"": """"}",
设备,进入cec开关,,common_control,"{""operation"": ""打开"", ""object"": ""cec开关"", ""value"": """", ""device"": """", ""location"": """"}",
设备,打开防射眼,,display_control,"{""operation"": ""打开"", ""object"": ""防射眼"", ""value"": """", ""device"": """", ""location"": """"}",
设备,启动防射眼,,display_control,"{""operation"": ""打开"", ""object"": ""防射眼"", ""value"": """", ""device"": """", ""location"": """"}",
设备,进入防射眼,,display_control,"{""operation"": ""打开"", ""object"": ""防射眼"", ""value"": """", ""device"": """", ""location"": """"}",
设备,打开商场模式,,mode_control,"{""operation"": ""打开"", ""object"": ""商场模式"", ""value"": """", ""device"": """", ""location"": """"}",
设备,启动商场模式,,mode_control,"{""operation"": ""打开"", ""object"": ""商场模式"", ""value"": """", ""device"": """", ""location"": """"}",
设备,进入商场模式,,mode_control,"{""operation"": ""打开"", ""object"": ""商场模式"", ""value"": """", ""device"": """", ""location"": """"}",
设备,打开区域设置,,common_control,"{""operation"": ""打开"", ""object"": ""区域设置"", ""value"": """", ""device"": """", ""location"": """"}",
设备,启动区域设置,,common_control,"{""operation"": ""打开"", ""object"": ""区域设置"", ""value"": """", ""device"": """", ""location"": """"}",
设备,进入区域设置,,common_control,"{""operation"": ""打开"", ""object"": ""区域设置"", ""value"": """", ""device"": """", ""location"": """"}",
设备,打开护眼模式,,mode_control,"{""operation"": ""打开"", ""object"": ""护眼模式"", ""value"": """", ""device"": """", ""location"": """"}",
设备,启动护眼模式,,mode_control,"{""operation"": ""打开"", ""object"": ""护眼模式"", ""value"": """", ""device"": """", ""location"": """"}",
设备,进入护眼模式,,mode_control,"{""operation"": ""打开"", ""object"": ""护眼模式"", ""value"": """", ""device"": """", ""location"": """"}",
设备,打开白平衡增益设置,,display_control,"{""operation"": ""打开"", ""object"": ""白平衡增益设置"", ""value"": """", ""device"": """", ""location"": """"}",
设备,启动白平衡增益设置,,display_control,"{""operation"": ""打开"", ""object"": ""白平衡增益设置"", ""value"": """", ""device"": """", ""location"": """"}",
设备,进入白平衡增益设置,,display_control,"{""operation"": ""打开"", ""object"": ""白平衡增益设置"", ""value"": """", ""device"": """", ""location"": """"}",
设备,打开运动图像补偿流畅设置,,display_control,"{""operation"": ""打开"", ""object"": ""运动图像补偿流畅设置"", ""value"": """", ""device"": """", ""location"": """"}",
设备,启动运动图像补偿流畅设置,,display_control,"{""operation"": ""打开"", ""object"": ""运动图像补偿流畅设置"", ""value"": """", ""device"": """", ""location"": """"}",
设备,进入运动图像补偿流畅设置,,display_control,"{""operation"": ""打开"", ""object"": ""运动图像补偿流畅设置"", ""value"": """", ""device"": """", ""location"": """"}",
设备,打开wifi全时推送,,network_control,"{""operation"": ""打开"", ""object"": ""wifi全时推送"", ""value"": """", ""device"": """", ""location"": """"}",
设备,启动wifi全时推送,,network_control,"{""operation"": ""打开"", ""object"": ""wifi全时推送"", ""value"": """", ""device"": """", ""location"": """"}",
设备,进入wifi全时推送,,network_control,"{""operation"": ""打开"", ""object"": ""wifi全时推送"", ""value"": """", ""device"": """", ""location"": """"}",
设备,打开杜比全景声,,audio_control,"{""operation"": ""打开"", ""object"": ""杜比全景声"", ""value"": """", ""device"": """", ""location"": """"}",
设备,启动杜比全景声,,audio_control,"{""operation"": ""打开"", ""object"": ""杜比全景声"", ""value"": """", ""device"": """", ""location"": """"}",
设备,进入杜比全景声,,audio_control,"{""operation"": ""打开"", ""object"": ""杜比全景声"", ""value"": """", ""device"": """", ""location"": """"}",
设备,打开全景声音量控制,,audio_control,"{""operation"": ""打开"", ""object"": ""全景声音量控制"", ""value"": """", ""device"": """", ""location"": """"}",
设备,启动全景声音量控制,,audio_control,"{""operation"": ""打开"", ""object"": ""全景声音量控制"", ""value"": """", ""device"": """", ""location"": """"}",
设备,进入全景声音量控制,,audio_control,"{""operation"": ""打开"", ""object"": ""全景声音量控制"", ""value"": """", ""device"": """", ""location"": """"}",
设备,打开按键音,,audio_control,"{""operation"": ""打开"", ""object"": ""按键音"", ""value"": """", ""device"": """", ""location"": """"}",
设备,启动按键音,,audio_control,"{""operation"": ""打开"", ""object"": ""按键音"", ""value"": """", ""device"": """", ""location"": """"}",
设备,进入按键音,,audio_control,"{""operation"": ""打开"", ""object"": ""按键音"", ""value"": """", ""device"": """", ""location"": """"}",
设备,打开网络信息,,network_control,"{""operation"": ""打开"", ""object"": ""网络信息"", ""value"": """", ""device"": """", ""location"": """"}",
设备,启动网络信息,,network_control,"{""operation"": ""打开"", ""object"": ""网络信息"", ""value"": """", ""device"": """", ""location"": """"}",
设备,进入网络信息,,network_control,"{""operation"": ""打开"", ""object"": ""网络信息"", ""value"": """", ""device"": """", ""location"": """"}",
设备,打开遥控器喜爱键,,common_control,"{""operation"": ""打开"", ""object"": ""遥控器喜爱键"", ""value"": """", ""device"": """", ""location"": """"}",
设备,启动遥控器喜爱键,,common_control,"{""operation"": ""打开"", ""object"": ""遥控器喜爱键"", ""value"": """", ""device"": """", ""location"": """"}",
设备,进入遥控器喜爱键,,common_control,"{""operation"": ""打开"", ""object"": ""遥控器喜爱键"", ""value"": """", ""device"": """", ""location"": """"}",
设备,打开遥控器直播键,,common_control,"{""operation"": ""打开"", ""object"": ""遥控器直播键"", ""value"": """", ""device"": """", ""location"": """"}",
设备,启动遥控器直播键,,common_control,"{""operation"": ""打开"", ""object"": ""遥控器直播键"", ""value"": """", ""device"": """", ""location"": """"}",
设备,进入遥控器直播键,,common_control,"{""operation"": ""打开"", ""object"": ""遥控器直播键"", ""value"": """", ""device"": """", ""location"": """"}",
设备,打开屏保选择,,screensaver_control,"{""operation"": ""打开"", ""object"": ""屏保选择"", ""value"": """", ""device"": """", ""location"": """"}",
设备,启动屏保选择,,screensaver_control,"{""operation"": ""打开"", ""object"": ""屏保选择"", ""value"": """", ""device"": """", ""location"": """"}",
设备,进入屏保选择,,screensaver_control,"{""operation"": ""打开"", ""object"": ""屏保选择"", ""value"": """", ""device"": """", ""location"": """"}",
设备,打开遥控器快捷键,,common_control,"{""operation"": ""打开"", ""object"": ""遥控器快捷键"", ""value"": """", ""device"": """", ""location"": """"}",
设备,启动遥控器快捷键,,common_control,"{""operation"": ""打开"", ""object"": ""遥控器快捷键"", ""value"": """", ""device"": """", ""location"": """"}",
设备,进入遥控器快捷键,,common_control,"{""operation"": ""打开"", ""object"": ""遥控器快捷键"", ""value"": """", ""device"": """", ""location"": """"}",
设备,打开待机灯效,,common_control,"{""operation"": ""打开"", ""object"": ""待机灯效"", ""value"": """", ""device"": """", ""location"": """"}",
设备,启动待机灯效,,common_control,"{""operation"": ""打开"", ""object"": ""待机灯效"", ""value"": """", ""device"": """", ""location"": """"}",
设备,进入待机灯效,,common_control,"{""operation"": ""打开"", ""object"": ""待机灯效"", ""value"": """", ""device"": """", ""location"": """"}",
设备,打开开机灯效,,common_control,"{""operation"": ""打开"", ""object"": ""开机灯效"", ""value"": """", ""device"": """", ""location"": """"}",
设备,启动开机灯效,,common_control,"{""operation"": ""打开"", ""object"": ""开机灯效"", ""value"": """", ""device"": """", ""location"": """"}",
设备,进入开机灯效,,common_control,"{""operation"": ""打开"", ""object"": ""开机灯效"", ""value"": """", ""device"": """", ""location"": """"}",
设备,打开输入法,,common_control,"{""operation"": ""打开"", ""object"": ""输入法"", ""value"": """", ""device"": """", ""location"": """"}",
设备,启动输入法,,common_control,"{""operation"": ""打开"", ""object"": ""输入法"", ""value"": """", ""device"": """", ""location"": """"}",
设备,进入输入法,,common_control,"{""operation"": ""打开"", ""object"": ""输入法"", ""value"": """", ""device"": """", ""location"": """"}",
设备,打开一触即播,,common_control,"{""operation"": ""打开"", ""object"": ""一触即播"", ""value"": """", ""device"": """", ""location"": """"}",
设备,启动一触即播,,common_control,"{""operation"": ""打开"", ""object"": ""一触即播"", ""value"": """", ""device"": """", ""location"": """"}",
设备,进入一触即播,,common_control,"{""operation"": ""打开"", ""object"": ""一触即播"", ""value"": """", ""device"": """", ""location"": """"}",
设备,打开软件更新,,common_control,"{""operation"": ""打开"", ""object"": ""软件更新"", ""value"": """", ""device"": """", ""location"": """"}",
设备,启动软件更新,,common_control,"{""operation"": ""打开"", ""object"": ""软件更新"", ""value"": """", ""device"": """", ""location"": """"}",
设备,进入软件更新,,common_control,"{""operation"": ""打开"", ""object"": ""软件更新"", ""value"": """", ""device"": """", ""location"": """"}",
设备,打开系统更新,,common_control,"{""operation"": ""打开"", ""object"": ""系统更新"", ""value"": """", ""device"": """", ""location"": """"}",
设备,启动系统更新,,common_control,"{""operation"": ""打开"", ""object"": ""系统更新"", ""value"": """", ""device"": """", ""location"": """"}",
设备,进入系统更新,,common_control,"{""operation"": ""打开"", ""object"": ""系统更新"", ""value"": """", ""device"": """", ""location"": """"}",
设备,打开服务协议,,common_control,"{""operation"": ""打开"", ""object"": ""服务协议"", ""value"": """", ""device"": """", ""location"": """"}",
设备,启动服务协议,,common_control,"{""operation"": ""打开"", ""object"": ""服务协议"", ""value"": """", ""device"": """", ""location"": """"}",
设备,进入服务协议,,common_control,"{""operation"": ""打开"", ""object"": ""服务协议"", ""value"": """", ""device"": """", ""location"": """"}",
设备,打开恢复出厂设置,,common_control,"{""operation"": ""打开"", ""object"": ""恢复出厂设置"", ""value"": """", ""device"": """", ""location"": """"}",
设备,启动恢复出厂设置,,common_control,"{""operation"": ""打开"", ""object"": ""恢复出厂设置"", ""value"": """", ""device"": """", ""location"": """"}",
设备,打开ai环境模式,,common_control,"{""operation"": ""打开"", ""object"": ""ai环境模式"", ""value"": """", ""device"": """", ""location"": """"}",
设备,进入ai环境模式,,common_control,"{""operation"": ""打开"", ""object"": ""ai环境模式"", ""value"": """", ""device"": """", ""location"": """"}",
设备,打开全场景麦克设置,,audio_control,"{""operation"": ""打开"", ""object"": ""全场景麦克设置"", ""value"": """", ""device"": """", ""location"": """"}",
设备,启动全场景麦克设置,,audio_control,"{""operation"": ""打开"", ""object"": ""全场景麦克设置"", ""value"": """", ""device"": """", ""location"": """"}",
设备,进入全场景麦克设置,,audio_control,"{""operation"": ""打开"", ""object"": ""全场景麦克设置"", ""value"": """", ""device"": """", ""location"": """"}",
设备,打开麦克音量,,numeric_adjust,"{""operation"": ""打开"", ""object"": ""麦克音量"", ""value"": """", ""device"": """", ""location"": """"}",
设备,启动麦克音量,,numeric_adjust,"{""operation"": ""打开"", ""object"": ""麦克音量"", ""value"": """", ""device"": """", ""location"": """"}",
设备,进入麦克音量,,numeric_adjust,"{""operation"": ""打开"", ""object"": ""麦克音量"", ""value"": """", ""device"": """", ""location"": """"}",
设备,打开混响模式,,mode_control,"{""operation"": ""打开"", ""object"": ""混响模式"", ""value"": """", ""device"": """", ""location"": """"}",
设备,启动混响模式,,mode_control,"{""operation"": ""打开"", ""object"": ""混响模式"", ""value"": """", ""device"": """", ""location"": """"}",
设备,进入混响模式,,mode_control,"{""operation"": ""打开"", ""object"": ""混响模式"", ""value"": """", ""device"": """", ""location"": """"}",
设备,打开摄像头设置,,smart_camera,"{""operation"": ""打开"", ""object"": ""摄像头设置"", ""value"": """", ""device"": """", ""location"": """"}",
设备,启动摄像头设置,,smart_camera,"{""operation"": ""打开"", ""object"": ""摄像头设置"", ""value"": """", ""device"": """", ""location"": """"}",
设备,进入摄像头设置,,smart_camera,"{""operation"": ""打开"", ""object"": ""摄像头设置"", ""value"": """", ""device"": """", ""location"": """"}",
设备,进入恢复出厂设置,,common_control,"{""operation"": ""打开"", ""object"": ""恢复出厂设置"", ""value"": """", ""device"": """", ""location"": """"}",
设备,启动ai环境模式,,common_control,"{""operation"": ""打开"", ""object"": ""ai环境模式"", ""value"": """", ""device"": """", ""location"": """"}",
设备,打开定时屏保,,screensaver_control,"{""operation"": ""打开"", ""object"": ""定时屏保"", ""value"": """", ""device"": """", ""location"": """"}",
设备,启动定时屏保,,screensaver_control,"{""operation"": ""打开"", ""object"": ""定时屏保"", ""value"": """", ""device"": """", ""location"": """"}",
设备,进入定时屏保,,screensaver_control,"{""operation"": ""打开"", ""object"": ""定时屏保"", ""value"": """", ""device"": """", ""location"": """"}",
设备,打开手势控制,,smart_camera,"{""operation"": ""打开"", ""object"": ""手势控制"", ""value"": """", ""device"": """", ""location"": """"}",
设备,启动手势控制,,smart_camera,"{""operation"": ""打开"", ""object"": ""手势控制"", ""value"": """", ""device"": """", ""location"": """"}",
设备,进入手势控制,,smart_camera,"{""operation"": ""打开"", ""object"": ""手势控制"", ""value"": """", ""device"": """", ""location"": """"}",
设备,打开会议模式,,mode_control,"{""operation"": ""打开"", ""object"": ""会议模式"", ""value"": """", ""device"": """", ""location"": """"}",
设备,启动会议模式,,mode_control,"{""operation"": ""打开"", ""object"": ""会议模式"", ""value"": """", ""device"": """", ""location"": """"}",
设备,进入会议模式,,mode_control,"{""operation"": ""打开"", ""object"": ""会议模式"", ""value"": """", ""device"": """", ""location"": """"}",
设备,打开自动入幕,,smart_camera,"{""operation"": ""打开"", ""object"": ""自动入幕"", ""value"": """", ""device"": """", ""location"": """"}",
设备,启动自动入幕,,smart_camera,"{""operation"": ""打开"", ""object"": ""自动入幕"", ""value"": """", ""device"": """", ""location"": """"}",
设备,进入自动入幕,,smart_camera,"{""operation"": ""打开"", ""object"": ""自动入幕"", ""value"": """", ""device"": """", ""location"": """"}",
设备,打开无线热点,,network_control,"{""operation"": ""打开"", ""object"": ""无线热点"", ""value"": """", ""device"": """", ""location"": """"}",
设备,启动无线热点,,network_control,"{""operation"": ""打开"", ""object"": ""无线热点"", ""value"": """", ""device"": """", ""location"": """"}",
设备,进入无线热点,,network_control,"{""operation"": ""打开"", ""object"": ""无线热点"", ""value"": """", ""device"": """", ""location"": """"}",
设备,打开剩余关机时长,,timer_control,"{""operation"": ""查询"", ""object"": ""剩余关机时长"", ""value"": """", ""device"": """", ""location"": """"}",
设备,启动剩余关机时长,,timer_control,"{""operation"": ""查询"", ""object"": ""剩余关机时长"", ""value"": """", ""device"": """", ""location"": """"}",
设备,进入剩余关机时长,,timer_control,"{""operation"": ""查询"", ""object"": ""剩余关机时长"", ""value"": """", ""device"": """", ""location"": """"}",
设备,打开待机唤醒,,screensaver_control,"{""operation"": ""打开"", ""object"": ""待机唤醒"", ""value"": """", ""device"": """", ""location"": """"}",
设备,启动待机唤醒,,screensaver_control,"{""operation"": ""打开"", ""object"": ""待机唤醒"", ""value"": """", ""device"": """", ""location"": """"}",
设备,进入待机唤醒,,screensaver_control,"{""operation"": ""打开"", ""object"": ""待机唤醒"", ""value"": """", ""device"": """", ""location"": """"}",
设备,打开内存提速,,common_control,"{""operation"": ""打开"", ""object"": ""内存提速"", ""value"": """", ""device"": """", ""location"": """"}",
设备,启动内存提速,,common_control,"{""operation"": ""打开"", ""object"": ""内存提速"", ""value"": """", ""device"": """", ""location"": """"}",
设备,进入内存提速,,common_control,"{""operation"": ""打开"", ""object"": ""内存提速"", ""value"": """", ""device"": """", ""location"": """"}",
设备,打开卸载应用,,common_control,"{""operation"": ""打开"", ""object"": ""卸载应用"", ""value"": """", ""device"": """", ""location"": """"}",
设备,启动卸载应用,,common_control,"{""operation"": ""打开"", ""object"": ""卸载应用"", ""value"": """", ""device"": """", ""location"": """"}",
设备,进入卸载应用,,common_control,"{""operation"": ""打开"", ""object"": ""卸载应用"", ""value"": """", ""device"": """", ""location"": """"}",
设备,打开垃圾清理,,common_control,"{""operation"": ""打开"", ""object"": ""垃圾清理"", ""value"": """", ""device"": """", ""location"": """"}",
设备,启动垃圾清理,,common_control,"{""operation"": ""打开"", ""object"": ""垃圾清理"", ""value"": """", ""device"": """", ""location"": """"}",
设备,进入垃圾清理,,common_control,"{""operation"": ""打开"", ""object"": ""垃圾清理"", ""value"": """", ""device"": """", ""location"": """"}",
设备,打开启动管理,,common_control,"{""operation"": ""打开"", ""object"": ""启动管理"", ""value"": """", ""device"": """", ""location"": """"}",
设备,启动启动管理,,common_control,"{""operation"": ""打开"", ""object"": ""启动管理"", ""value"": """", ""device"": """", ""location"": """"}",
设备,进入启动管理,,common_control,"{""operation"": ""打开"", ""object"": ""启动管理"", ""value"": """", ""device"": """", ""location"": """"}",
设备,打开网络测速,,network_control,"{""operation"": ""打开"", ""object"": ""网络测速"", ""value"": """", ""device"": """", ""location"": """"}",
设备,启动网络测速,,network_control,"{""operation"": ""打开"", ""object"": ""网络测速"", ""value"": """", ""device"": """", ""location"": """"}",
设备,进入网络测速,,network_control,"{""operation"": ""打开"", ""object"": ""网络测速"", ""value"": """", ""device"": """", ""location"": """"}",
设备,打开网络连接测试,,network_control,"{""operation"": ""打开"", ""object"": ""网络连接测试"", ""value"": """", ""device"": """", ""location"": """"}",
设备,启动网络连接测试,,network_control,"{""operation"": ""打开"", ""object"": ""网络连接测试"", ""value"": """", ""device"": """", ""location"": """"}",
设备,进入网络连接测试,,network_control,"{""operation"": ""打开"", ""object"": ""网络连接测试"", ""value"": """", ""device"": """", ""location"": """"}",
设备,打开WIFI信道,,network_control,"{""operation"": ""打开"", ""object"": ""wifi信道"", ""value"": """", ""device"": """", ""location"": """"}",
设备,启动WIFI信道,,network_control,"{""operation"": ""打开"", ""object"": ""wifi信道"", ""value"": """", ""device"": """", ""location"": """"}",
设备,进入WIFI信道,,network_control,"{""operation"": ""打开"", ""object"": ""wifi信道"", ""value"": """", ""device"": """", ""location"": """"}",
设备,打开wifi强度测试,,network_control,"{""operation"": ""打开"", ""object"": ""wifi强度测试"", ""value"": """", ""device"": """", ""location"": """"}",
设备,启动wifi强度测试,,network_control,"{""operation"": ""打开"", ""object"": ""wifi强度测试"", ""value"": """", ""device"": """", ""location"": """"}",
设备,进入wifi强度测试,,network_control,"{""operation"": ""打开"", ""object"": ""wifi强度测试"", ""value"": """", ""device"": """", ""location"": """"}",
设备,打开安全查杀,,common_control,"{""operation"": ""打开"", ""object"": ""安全查杀"", ""value"": """", ""device"": """", ""location"": """"}",
设备,启动安全查杀,,common_control,"{""operation"": ""打开"", ""object"": ""安全查杀"", ""value"": """", ""device"": """", ""location"": """"}",
设备,打开权限管理,,common_control,"{""operation"": ""打开"", ""object"": ""权限管理"", ""value"": """", ""device"": """", ""location"": """"}",
设备,进入安全查杀,,common_control,"{""operation"": ""打开"", ""object"": ""安全查杀"", ""value"": """", ""device"": """", ""location"": """"}",
设备,启动权限管理,,common_control,"{""operation"": ""打开"", ""object"": ""权限管理"", ""value"": """", ""device"": """", ""location"": """"}",
设备,进入权限管理,,common_control,"{""operation"": ""打开"", ""object"": ""权限管理"", ""value"": """", ""device"": """", ""location"": """"}",
设备,打开氛围灯,,common_control,"{""operation"": ""打开"", ""object"": ""氛围灯"", ""value"": """", ""device"": """", ""location"": """"}",
设备,启动氛围灯,,common_control,"{""operation"": ""打开"", ""object"": ""氛围灯"", ""value"": """", ""device"": """", ""location"": """"}",
设备,进入氛围灯,,common_control,"{""operation"": ""打开"", ""object"": ""氛围灯"", ""value"": """", ""device"": """", ""location"": """"}",
设备,打开地震预警,,common_control,"{""operation"": ""打开"", ""object"": ""地震预警"", ""value"": """", ""device"": """", ""location"": """"}",
设备,启动地震预警,,common_control,"{""operation"": ""打开"", ""object"": ""地震预警"", ""value"": """", ""device"": """", ""location"": """"}",
设备,进入地震预警,,common_control,"{""operation"": ""打开"", ""object"": ""地震预警"", ""value"": """", ""device"": """", ""location"": """"}",
设备,打开寻找遥控器,,common_control,"{""operation"": ""打开"", ""object"": ""寻找遥控器"", ""value"": """", ""device"": """", ""location"": """"}",
设备,启动寻找遥控器,,common_control,"{""operation"": ""打开"", ""object"": ""寻找遥控器"", ""value"": """", ""device"": """", ""location"": """"}",
设备,进入寻找遥控器,,common_control,"{""operation"": ""打开"", ""object"": ""寻找遥控器"", ""value"": """", ""device"": """", ""location"": """"}",
设备,打开重启,,power_control,"{""operation"": ""打开"", ""object"": ""重启"", ""value"": """", ""device"": """", ""location"": """"}",
设备,启动重启,,power_control,"{""operation"": ""打开"", ""object"": ""重启"", ""value"": """", ""device"": """", ""location"": """"}",
设备,进入重启,,power_control,"{""operation"": ""打开"", ""object"": ""重启"", ""value"": """", ""device"": """", ""location"": """"}",
设备,打开屏幕,,screensaver_control,"{""operation"": ""打开"", ""object"": ""屏幕"", ""value"": """", ""device"": """", ""location"": """"}",
设备,启动屏幕,,screensaver_control,"{""operation"": ""打开"", ""object"": ""屏幕"", ""value"": """", ""device"": """", ""location"": """"}",
设备,进入屏幕,,screensaver_control,"{""operation"": ""打开"", ""object"": ""屏幕"", ""value"": """", ""device"": """", ""location"": """"}",
设备,打开照镜子,,smart_camera,"{""operation"": ""打开"", ""object"": ""照镜子"", ""value"": """", ""device"": """", ""location"": """"}",
设备,启动照镜子,,smart_camera,"{""operation"": ""打开"", ""object"": ""照镜子"", ""value"": """", ""device"": """", ""location"": """"}",
设备,进入照镜子,,smart_camera,"{""operation"": ""打开"", ""object"": ""照镜子"", ""value"": """", ""device"": """", ""location"": """"}",
设备,打开摄像头,,smart_camera,"{""operation"": ""打开"", ""object"": ""摄像头"", ""value"": """", ""device"": """", ""location"": """"}",
设备,启动摄像头,,smart_camera,"{""operation"": ""打开"", ""object"": ""摄像头"", ""value"": """", ""device"": """", ""location"": """"}",
设备,进入摄像头,,smart_camera,"{""operation"": ""打开"", ""object"": ""摄像头"", ""value"": """", ""device"": """", ""location"": """"}",
设备,打开远场语音开关,,common_control,"{""operation"": ""打开"", ""object"": ""远场语音开关"", ""value"": """", ""device"": """", ""location"": """"}",
设备,启动远场语音开关,,common_control,"{""operation"": ""打开"", ""object"": ""远场语音开关"", ""value"": """", ""device"": """", ""location"": """"}",
设备,进入远场语音开关,,common_control,"{""operation"": ""打开"", ""object"": ""远场语音开关"", ""value"": """", ""device"": """", ""location"": """"}",
设备,打开分辨率,,numeric_adjust,"{""operation"": ""打开"", ""object"": ""分辨率"", ""value"": """", ""device"": """", ""location"": """"}",
设备,启动分辨率,,numeric_adjust,"{""operation"": ""打开"", ""object"": ""分辨率"", ""value"": """", ""device"": """", ""location"": """"}",
设备,进入分辨率,,numeric_adjust,"{""operation"": ""打开"", ""object"": ""分辨率"", ""value"": """", ""device"": """", ""location"": """"}",
设备,打开运动补偿,,display_control,"{""operation"": ""打开"", ""object"": ""运动补偿"", ""value"": """", ""device"": """", ""location"": """"}",
设备,启动运动补偿,,display_control,"{""operation"": ""打开"", ""object"": ""运动补偿"", ""value"": """", ""device"": """", ""location"": """"}",
设备,进入运动补偿,,display_control,"{""operation"": ""打开"", ""object"": ""运动补偿"", ""value"": """", ""device"": """", ""location"": """"}",
设备,打开中置声场,,audio_control,"{""operation"": ""打开"", ""object"": ""中置声场"", ""value"": """", ""device"": """", ""location"": """"}",
设备,启动中置声场,,audio_control,"{""operation"": ""打开"", ""object"": ""中置声场"", ""value"": """", ""device"": """", ""location"": """"}",
设备,进入中置声场,,audio_control,"{""operation"": ""打开"", ""object"": ""中置声场"", ""value"": """", ""device"": """", ""location"": """"}",
设备,打开熄屏模式,,mode_control,"{""operation"": ""打开"", ""object"": ""熄屏模式"", ""value"": """", ""device"": """", ""location"": """"}",
设备,启动熄屏模式,,mode_control,"{""operation"": ""打开"", ""object"": ""熄屏模式"", ""value"": """", ""device"": """", ""location"": """"}",
设备,进入熄屏模式,,mode_control,"{""operation"": ""打开"", ""object"": ""熄屏模式"", ""value"": """", ""device"": """", ""location"": """"}",
设备,打开音箱模式开关,,mode_control,"{""operation"": ""打开"", ""object"": ""音箱模式开关"", ""value"": """", ""device"": """", ""location"": """"}",
设备,启动音箱模式开关,,mode_control,"{""operation"": ""打开"", ""object"": ""音箱模式开关"", ""value"": """", ""device"": """", ""location"": """"}",
设备,进入音箱模式开关,,mode_control,"{""operation"": ""打开"", ""object"": ""音箱模式开关"", ""value"": """", ""device"": """", ""location"": """"}",
设备,打开音箱模式,,mode_control,"{""operation"": ""打开"", ""object"": ""音箱模式"", ""value"": """", ""device"": """", ""location"": """"}",
设备,启动音箱模式,,mode_control,"{""operation"": ""打开"", ""object"": ""音箱模式"", ""value"": """", ""device"": """", ""location"": """"}",
设备,进入音箱模式,,mode_control,"{""operation"": ""打开"", ""object"": ""音箱模式"", ""value"": """", ""device"": """", ""location"": """"}",
设备,打开电视模式,,mode_control,"{""operation"": ""打开"", ""object"": ""电视模式"", ""value"": """", ""device"": """", ""location"": """"}",
设备,启动电视模式,,mode_control,"{""operation"": ""打开"", ""object"": ""电视模式"", ""value"": """", ""device"": """", ""location"": """"}",
设备,进入电视模式,,mode_control,"{""operation"": ""打开"", ""object"": ""电视模式"", ""value"": """", ""device"": """", ""location"": """"}",
设备,启动月光模式,,mode_control,"{""operation"": ""打开"", ""object"": ""月光模式"", ""value"": """", ""device"": """", ""location"": """"}",
设备,进入月光模式,,mode_control,"{""operation"": ""打开"", ""object"": ""月光模式"", ""value"": """", ""device"": """", ""location"": """"}",
设备,打开月光模式,,mode_control,"{""operation"": ""打开"", ""object"": ""月光模式"", ""value"": """", ""device"": """", ""location"": """"}",
设备,打开切换声音,,audio_control,"{""operation"": ""打开"", ""object"": ""切换声音"", ""value"": """", ""device"": """", ""location"": """"}",
设备,启动切换声音,,audio_control,"{""operation"": ""打开"", ""object"": ""切换声音"", ""value"": """", ""device"": """", ""location"": """"}",
设备,进入切换声音,,audio_control,"{""operation"": ""打开"", ""object"": ""切换声音"", ""value"": """", ""device"": """", ""location"": """"}",
设备,打开隐藏分屏,,screen_layout,"{""operation"": ""打开"", ""object"": ""隐藏分屏"", ""value"": """", ""device"": """", ""location"": """"}",
设备,启动隐藏分屏,,screen_layout,"{""operation"": ""打开"", ""object"": ""隐藏分屏"", ""value"": """", ""device"": """", ""location"": """"}",
设备,进入隐藏分屏,,screen_layout,"{""operation"": ""打开"", ""object"": ""隐藏分屏"", ""value"": """", ""device"": """", ""location"": """"}",
设备,打开显示分屏,,screen_layout,"{""operation"": ""打开"", ""object"": ""显示分屏"", ""value"": """", ""device"": """", ""location"": """"}",
设备,启动显示分屏,,screen_layout,"{""operation"": ""打开"", ""object"": ""显示分屏"", ""value"": """", ""device"": """", ""location"": """"}",
设备,进入显示分屏,,screen_layout,"{""operation"": ""打开"", ""object"": ""显示分屏"", ""value"": """", ""device"": """", ""location"": """"}",
设备,打开媒体中心,,common_control,"{""operation"": ""打开"", ""object"": ""媒体中心"", ""value"": """", ""device"": """", ""location"": """"}",
设备,启动媒体中心,,common_control,"{""operation"": ""打开"", ""object"": ""媒体中心"", ""value"": """", ""device"": """", ""location"": """"}",
设备,进入媒体中心,,common_control,"{""operation"": ""打开"", ""object"": ""媒体中心"", ""value"": """", ""device"": """", ""location"": """"}",
设备,打开u盘,,common_control,"{""operation"": ""打开"", ""object"": ""u盘"", ""value"": """", ""device"": """", ""location"": """"}",
设备,启动u盘,,common_control,"{""operation"": ""打开"", ""object"": ""u盘"", ""value"": """", ""device"": """", ""location"": """"}",
设备,进入u盘,,common_control,"{""operation"": ""打开"", ""object"": ""u盘"", ""value"": """", ""device"": """", ""location"": """"}",
设备,打开dlna,,common_control,"{""operation"": ""打开"", ""object"": ""dlna"", ""value"": """", ""device"": """", ""location"": """"}",
设备,启动dlna,,common_control,"{""operation"": ""打开"", ""object"": ""dlna"", ""value"": """", ""device"": """", ""location"": """"}",
设备,进入dlna,,common_control,"{""operation"": ""打开"", ""object"": ""dlna"", ""value"": """", ""device"": """", ""location"": """"}",
设备,打开samba,,common_control,"{""operation"": ""打开"", ""object"": ""samba"", ""value"": """", ""device"": """", ""location"": """"}",
设备,启动samba,,common_control,"{""operation"": ""打开"", ""object"": ""samba"", ""value"": """", ""device"": """", ""location"": """"}",
设备,进入samba,,common_control,"{""operation"": ""打开"", ""object"": ""samba"", ""value"": """", ""device"": """", ""location"": """"}",
设备,打开家庭相册,,common_control,"{""operation"": ""打开"", ""object"": ""家庭相册"", ""value"": """", ""device"": """", ""location"": """"}",
设备,启动家庭相册,,common_control,"{""operation"": ""打开"", ""object"": ""家庭相册"", ""value"": """", ""device"": """", ""location"": """"}",
设备,进入家庭相册,,common_control,"{""operation"": ""打开"", ""object"": ""家庭相册"", ""value"": """", ""device"": """", ""location"": """"}",
设备,打开媒体中心图片,,common_control,"{""operation"": ""打开"", ""object"": ""媒体中心图片"", ""value"": """", ""device"": """", ""location"": """"}",
设备,启动媒体中心图片,,common_control,"{""operation"": ""打开"", ""object"": ""媒体中心图片"", ""value"": """", ""device"": """", ""location"": """"}",
设备,进入媒体中心图片,,common_control,"{""operation"": ""打开"", ""object"": ""媒体中心图片"", ""value"": """", ""device"": """", ""location"": """"}",
设备,打开u盘图片,,common_control,"{""operation"": ""打开"", ""object"": ""u盘图片"", ""value"": """", ""device"": """", ""location"": """"}",
设备,启动u盘图片,,common_control,"{""operation"": ""打开"", ""object"": ""u盘图片"", ""value"": """", ""device"": """", ""location"": """"}",
设备,进入u盘图片,,common_control,"{""operation"": ""打开"", ""object"": ""u盘图片"", ""value"": """", ""device"": """", ""location"": """"}",
设备,打开dlna音乐,,common_control,"{""operation"": ""打开"", ""object"": ""dlna音乐"", ""value"": """", ""device"": """", ""location"": """"}",
设备,启动dlna音乐,,common_control,"{""operation"": ""打开"", ""object"": ""dlna音乐"", ""value"": """", ""device"": """", ""location"": """"}",
设备,进入dlna音乐,,common_control,"{""operation"": ""打开"", ""object"": ""dlna音乐"", ""value"": """", ""device"": """", ""location"": """"}",
设备,打开dlna图片,,common_control,"{""operation"": ""打开"", ""object"": ""dlna图片"", ""value"": """", ""device"": """", ""location"": """"}",
设备,启动dlna图片,,common_control,"{""operation"": ""打开"", ""object"": ""dlna图片"", ""value"": """", ""device"": """", ""location"": """"}",
设备,进入dlna图片,,common_control,"{""operation"": ""打开"", ""object"": ""dlna图片"", ""value"": """", ""device"": """", ""location"": """"}",
设备,打开u盘音乐,,common_control,"{""operation"": ""打开"", ""object"": ""u盘音乐"", ""value"": """", ""device"": """", ""location"": """"}",
设备,启动u盘音乐,,common_control,"{""operation"": ""打开"", ""object"": ""u盘音乐"", ""value"": """", ""device"": """", ""location"": """"}",
设备,进入u盘音乐,,common_control,"{""operation"": ""打开"", ""object"": ""u盘音乐"", ""value"": """", ""device"": """", ""location"": """"}",
设备,打开u盘视频,,common_control,"{""operation"": ""打开"", ""object"": ""u盘视频"", ""value"": """", ""device"": """", ""location"": """"}",
设备,启动u盘视频,,common_control,"{""operation"": ""打开"", ""object"": ""u盘视频"", ""value"": """", ""device"": """", ""location"": """"}",
设备,进入u盘视频,,common_control,"{""operation"": ""打开"", ""object"": ""u盘视频"", ""value"": """", ""device"": """", ""location"": """"}",
设备,打开dlna视频,,common_control,"{""operation"": ""打开"", ""object"": ""dlna视频"", ""value"": """", ""device"": """", ""location"": """"}",
设备,启动dlna视频,,common_control,"{""operation"": ""打开"", ""object"": ""dlna视频"", ""value"": """", ""device"": """", ""location"": """"}",
设备,进入dlna视频,,common_control,"{""operation"": ""打开"", ""object"": ""dlna视频"", ""value"": """", ""device"": """", ""location"": """"}",
设备,打开幻灯片,,common_control,"{""operation"": ""打开"", ""object"": ""幻灯片"", ""value"": """", ""device"": """", ""location"": """"}",
设备,启动幻灯片,,common_control,"{""operation"": ""打开"", ""object"": ""幻灯片"", ""value"": """", ""device"": """", ""location"": """"}",
设备,进入幻灯片,,common_control,"{""operation"": ""打开"", ""object"": ""幻灯片"", ""value"": """", ""device"": """", ""location"": """"}",
设备,打开家庭私有云,,common_control,"{""operation"": ""打开"", ""object"": ""家庭私有云"", ""value"": """", ""device"": """", ""location"": """"}",
设备,启动家庭私有云,,common_control,"{""operation"": ""打开"", ""object"": ""家庭私有云"", ""value"": """", ""device"": """", ""location"": """"}",
设备,进入家庭私有云,,common_control,"{""operation"": ""打开"", ""object"": ""家庭私有云"", ""value"": """", ""device"": """", ""location"": """"}",
设备,打开图像设置,,display_control,"{""operation"": ""打开"", ""object"": ""图像设置"", ""value"": """", ""device"": """", ""location"": """"}",
设备,启动图像设置,,display_control,"{""operation"": ""打开"", ""object"": ""图像设置"", ""value"": """", ""device"": """", ""location"": """"}",
设备,进入图像设置,,display_control,"{""operation"": ""打开"", ""object"": ""图像设置"", ""value"": """", ""device"": """", ""location"": """"}",
设备,查询小屏亮度,,numeric_adjust,"{""operation"": ""查询"", ""object"": ""小屏亮度"", ""value"": """", ""device"": """", ""location"": """"}",
设备,提高小屏亮度,,numeric_adjust,"{""operation"": ""提高"", ""object"": ""小屏亮度"", ""value"": """", ""device"": """", ""location"": """"}",
设备,降低小屏亮度,,numeric_adjust,"{""operation"": ""降低"", ""object"": ""小屏亮度"", ""value"": """", ""device"": """", ""location"": """"}",
设备,打开氛围灯亮度,,numeric_adjust,"{""operation"": ""打开"", ""object"": ""氛围灯亮度"", ""value"": """", ""device"": """", ""location"": """"}",
设备,启动氛围灯亮度,,numeric_adjust,"{""operation"": ""打开"", ""object"": ""氛围灯亮度"", ""value"": """", ""device"": """", ""location"": """"}",
设备,进入氛围灯亮度,,numeric_adjust,"{""operation"": ""打开"", ""object"": ""氛围灯亮度"", ""value"": """", ""device"": """", ""location"": """"}",
设备,打开氛围亮度,,numeric_adjust,"{""operation"": ""打开"", ""object"": ""氛围亮度"", ""value"": """", ""device"": """", ""location"": """"}",
设备,启动氛围亮度,,numeric_adjust,"{""operation"": ""打开"", ""object"": ""氛围亮度"", ""value"": """", ""device"": """", ""location"": """"}",
设备,进入氛围亮度,,numeric_adjust,"{""operation"": ""打开"", ""object"": ""氛围亮度"", ""value"": """", ""device"": """", ""location"": """"}",
设备,打开机顶盒,,source_switch,"{""operation"": ""打开"", ""object"": ""机顶盒"", ""value"": """", ""device"": """", ""location"": """"}",
设备,启动机顶盒,,source_switch,"{""operation"": ""打开"", ""object"": ""机顶盒"", ""value"": """", ""device"": """", ""location"": """"}",
设备,进入机顶盒,,source_switch,"{""operation"": ""打开"", ""object"": ""机顶盒"", ""value"": """", ""device"": """", ""location"": """"}",
设备,打开绑定机顶盒,,source_switch,"{""operation"": ""打开"", ""object"": ""绑定机顶盒"", ""value"": """", ""device"": """", ""location"": """"}",
设备,启动绑定机顶盒,,source_switch,"{""operation"": ""打开"", ""object"": ""绑定机顶盒"", ""value"": """", ""device"": """", ""location"": """"}",
设备,进入绑定机顶盒,,source_switch,"{""operation"": ""打开"", ""object"": ""绑定机顶盒"", ""value"": """", ""device"": """", ""location"": """"}",
设备,打开模拟电视,,source_switch,"{""operation"": ""打开"", ""object"": ""模拟电视"", ""value"": """", ""device"": """", ""location"": """"}",
设备,启动模拟电视,,source_switch,"{""operation"": ""打开"", ""object"": ""模拟电视"", ""value"": """", ""device"": """", ""location"": """"}",
设备,进入模拟电视,,source_switch,"{""operation"": ""打开"", ""object"": ""模拟电视"", ""value"": """", ""device"": """", ""location"": """"}",
设备,打开数字电视,,source_switch,"{""operation"": ""打开"", ""object"": ""数字电视"", ""value"": """", ""device"": """", ""location"": """"}",
设备,启动数字电视,,source_switch,"{""operation"": ""打开"", ""object"": ""数字电视"", ""value"": """", ""device"": """", ""location"": """"}",
设备,进入数字电视,,source_switch,"{""operation"": ""打开"", ""object"": ""数字电视"", ""value"": """", ""device"": """", ""location"": """"}",
设备,打开地面数字电视,,source_switch,"{""operation"": ""打开"", ""object"": ""地面数字电视"", ""value"": """", ""device"": """", ""location"": """"}",
设备,启动地面数字电视,,source_switch,"{""operation"": ""打开"", ""object"": ""地面数字电视"", ""value"": """", ""device"": """", ""location"": """"}",
设备,进入地面数字电视,,source_switch,"{""operation"": ""打开"", ""object"": ""地面数字电视"", ""value"": """", ""device"": """", ""location"": """"}",
设备,打开直播电视,,source_switch,"{""operation"": ""打开"", ""object"": ""直播电视"", ""value"": """", ""device"": """", ""location"": """"}",
设备,启动直播电视,,source_switch,"{""operation"": ""打开"", ""object"": ""直播电视"", ""value"": """", ""device"": """", ""location"": """"}",
设备,进入直播电视,,source_switch,"{""operation"": ""打开"", ""object"": ""直播电视"", ""value"": """", ""device"": """", ""location"": """"}",
设备,打开电视旋转,,screen_lift_rotation,"{""operation"": ""打开"", ""object"": ""电视旋转"", ""value"": """", ""device"": """", ""location"": """"}",
设备,启动电视旋转,,screen_lift_rotation,"{""operation"": ""打开"", ""object"": ""电视旋转"", ""value"": """", ""device"": """", ""location"": """"}",
设备,进入电视旋转,,screen_lift_rotation,"{""operation"": ""打开"", ""object"": ""电视旋转"", ""value"": """", ""device"": """", ""location"": """"}",
设备,打开支架,,screen_lift_rotation,"{""operation"": ""打开"", ""object"": ""支架"", ""value"": """", ""device"": """", ""location"": """"}",
设备,启动支架,,screen_lift_rotation,"{""operation"": ""打开"", ""object"": ""支架"", ""value"": """", ""device"": """", ""location"": """"}",
设备,进入支架,,screen_lift_rotation,"{""operation"": ""打开"", ""object"": ""支架"", ""value"": """", ""device"": """", ""location"": """"}",
设备,打开录音,,common_control,"{""operation"": ""打开"", ""object"": ""录音"", ""value"": """", ""device"": """", ""location"": """"}",
设备,启动录音,,common_control,"{""operation"": ""打开"", ""object"": ""录音"", ""value"": """", ""device"": """", ""location"": """"}",
设备,进入录音,,common_control,"{""operation"": ""打开"", ""object"": ""录音"", ""value"": """", ""device"": """", ""location"": """"}",
设备,打开坐姿检测,,smart_camera,"{""operation"": ""打开"", ""object"": ""坐姿检测"", ""value"": """", ""device"": """", ""location"": """"}",
设备,启动坐姿检测,,smart_camera,"{""operation"": ""打开"", ""object"": ""坐姿检测"", ""value"": """", ""device"": """", ""location"": """"}",
设备,进入坐姿检测,,smart_camera,"{""operation"": ""打开"", ""object"": ""坐姿检测"", ""value"": """", ""device"": """", ""location"": """"}",
设备,画面颜色太鲜艳了帮我调节一下,,solve_picture_sound_problem_control,"{""intent"": ""colors_oversaturated""}",
设备,画面色彩太重帮我调节一下,,solve_picture_sound_problem_control,"{""intent"": ""colors_oversaturated""}",
设备,画面看起来太浓了帮我调节一下,,solve_picture_sound_problem_control,"{""intent"": ""colors_oversaturated""}",
设备,画面颜色有点淡帮我调一下,,solve_picture_sound_problem_control,"{""intent"": ""colors_washed_out""}",
设备,画面不够鲜艳帮我调一下,,solve_picture_sound_problem_control,"{""intent"": ""colors_washed_out""}",
设备,画面色彩不够饱满帮我调一下,,solve_picture_sound_problem_control,"{""intent"": ""colors_washed_out""}",
设备,画面颜色太冷了帮我调一下,,solve_picture_sound_problem_control,"{""intent"": ""cold_color_cast""}",
设备,画面看起来有点偏蓝帮我调一下,,solve_picture_sound_problem_control,"{""intent"": ""cold_color_cast""}",
设备,画面整体偏蓝色帮我调一下,,solve_picture_sound_problem_control,"{""intent"": ""cold_color_cast""}",
设备,画面颜色太红了帮我调整一下,,solve_picture_sound_problem_control,"{""intent"": ""red_color_cast""}",
设备,画面整体发红帮我调整一下,,solve_picture_sound_problem_control,"{""intent"": ""red_color_cast""}",
设备,画面看起来有点偏红帮我调整一下,,solve_picture_sound_problem_control,"{""intent"": ""red_color_cast""}",
设备,画面颜色太黄了帮我调整一下,,solve_picture_sound_problem_control,"{""intent"": ""warm_color_cast""}",
设备,画面整体发黄帮我调整一下,,solve_picture_sound_problem_control,"{""intent"": ""warm_color_cast""}",
设备,画面看起来偏绿帮我调整一下,,solve_picture_sound_problem_control,"{""intent"": ""warm_color_cast""}",
设备,屏幕暗处什么都看不见帮我设置一下,,solve_picture_sound_problem_control,"{""intent"": ""dark_areas_crushed""}",
设备,屏幕暗部细节丢失帮我设置一下,,solve_picture_sound_problem_control,"{""intent"": ""dark_areas_crushed""}",
设备,屏幕暗场太黑了帮我设置一下,,solve_picture_sound_problem_control,"{""intent"": ""dark_areas_crushed""}",
设备,屏幕亮处过曝了帮我修改一下,,solve_picture_sound_problem_control,"{""intent"": ""highlights_overexposed""}",
设备,屏幕高光细节没了帮我修改一下,,solve_picture_sound_problem_control,"{""intent"": ""highlights_overexposed""}",
设备,屏幕亮部一片白帮我修改一下,,solve_picture_sound_problem_control,"{""intent"": ""highlights_overexposed""}",
设备,屏幕有点糊帮我修改一下,,solve_picture_sound_problem_control,"{""intent"": ""lack_of_clarity""}",
设备,屏幕清晰度不够帮我修改一下,,solve_picture_sound_problem_control,"{""intent"": ""lack_of_clarity""}",
设备,屏幕不够锐利帮我修改一下,,solve_picture_sound_problem_control,"{""intent"": ""lack_of_clarity""}",
设备,屏幕有噪点帮我修改一下,,solve_picture_sound_problem_control,"{""intent"": ""image_noise_obvious""}",
设备,屏幕像有雪花一样帮我修改一下,,solve_picture_sound_problem_control,"{""intent"": ""image_noise_obvious""}",
设备,屏幕不够干净帮我修改一下,,solve_picture_sound_problem_control,"{""intent"": ""image_noise_obvious""}",
设备,运动画面卡顿帮我调节一下,,display_control,"{""operation"": ""打开"", ""object"": ""运动补偿"", ""value"": """", ""device"": """", ""location"": """"}",
设备,运动不流畅帮我调节一下,,display_control,"{""operation"": ""打开"", ""object"": ""运动补偿"", ""value"": """", ""device"": """", ""location"": """"}",
设备,运动补偿开一下,,display_control,"{""operation"": ""打开"", ""object"": ""运动补偿"", ""value"": """", ""device"": """", ""location"": """"}",
设备,运动画面有拖尾帮我调节一下,,solve_picture_sound_problem_control,"{""intent"": ""motion_not_sharp""}",
设备,运动画面不清晰帮我调节一下,,solve_picture_sound_problem_control,"{""intent"": ""motion_not_sharp""}",
设备,运动增强开一下,,solve_picture_sound_problem_control,"{""intent"": ""motion_not_sharp""}",
设备,太刺眼帮我调节一下,,solve_picture_sound_problem_control,"{""intent"": ""poor_eye_comfort""}",
设备,还原电影色彩,,solve_picture_sound_problem_control,"{""intent"": ""image_mode_movie""}",
设备,画面亮度老是自己变帮我调节一下,,solve_picture_sound_problem_control,"{""intent"": ""flickering_brightness""}",
设备,画面忽明忽暗的帮我调节一下,,solve_picture_sound_problem_control,"{""intent"": ""flickering_brightness""}",
设备,画面自动调光关掉帮我调节一下,,solve_picture_sound_problem_control,"{""intent"": ""flickering_brightness""}",
设备,开AI画质模式,,mode_control,"{""operation"": ""设置"", ""object"": """", ""value"": ""ai画质"", ""device"": """", ""location"": """"}",
设备,自动调画质,,mode_control,"{""operation"": ""设置"", ""object"": """", ""value"": ""ai画质"", ""device"": """", ""location"": """"}",
设备,开智能画质,,mode_control,"{""operation"": ""设置"", ""object"": """", ""value"": ""ai画质"", ""device"": """", ""location"": """"}",
设备,人声听不清,,solve_picture_sound_problem_control,"{""intent"": ""voice_not_clear""}",
设备,对话声音小,,solve_picture_sound_problem_control,"{""intent"": ""voice_not_clear""}",
设备,说话声音不清楚,,solve_picture_sound_problem_control,"{""intent"": ""voice_not_clear""}",
设备,声音没有立体感,,solve_picture_sound_problem_control,"{""intent"": ""lack_stereo_surround""}",
设备,环绕效果不好,,solve_picture_sound_problem_control,"{""intent"": ""lack_stereo_surround""}",
设备,声音太平面,,solve_picture_sound_problem_control,"{""intent"": ""lack_stereo_surround""}",
设备,低音不够沉,,solve_picture_sound_problem_control,"{""operation"": ""提高"", ""object"": ""低音调音台"", ""value"": """", ""device"": """", ""location"": """"}",
设备,低音太弱,,solve_picture_sound_problem_control,"{""operation"": ""提高"", ""object"": ""低音调音台"", ""value"": """", ""device"": """", ""location"": """"}",
设备,加强低音,,solve_picture_sound_problem_control,"{""operation"": ""提高"", ""object"": ""低音调音台"", ""value"": """", ""device"": """", ""location"": """"}",
设备,1.3倍速播放,,playback_control,"{""operation"": ""设置"", ""object"": ""倍速"", ""value"": ""1.3"", ""device"": """", ""location"": """"}",
设备,倍速加快,,playback_control,"{""operation"": ""提高"", ""object"": ""倍速"", ""value"": """", ""device"": """", ""location"": """"}",
设备,切换到1.5倍速播放,,playback_control,"{""operation"": ""设置"", ""object"": ""倍速"", ""value"": ""1.5"", ""device"": """", ""location"": """"}",
设备,用1倍速放,,playback_control,"{""operation"": ""设置"", ""object"": ""倍速"", ""value"": ""1"", ""device"": """", ""location"": """"}",
设备,调成1.25倍速,,playback_control,"{""operation"": ""设置"", ""object"": ""倍速"", ""value"": ""1.25"", ""device"": """", ""location"": """"}",
设备,2倍速播放,,playback_control,"{""operation"": ""设置"", ""object"": ""倍速"", ""value"": ""2"", ""device"": """", ""location"": """"}",
设备,换成0.5倍速,,playback_control,"{""operation"": ""设置"", ""object"": ""倍速"", ""value"": ""0.5"", ""device"": """", ""location"": """"}",
设备,0.75倍速放着,,playback_control,"{""operation"": ""设置"", ""object"": ""倍速"", ""value"": ""0.75"", ""device"": """", ""location"": """"}",
设备,调到1.5倍速,,playback_control,"{""operation"": ""设置"", ""object"": ""倍速"", ""value"": ""1.5"", ""device"": """", ""location"": """"}",
设备,用1.5倍速讲,,playback_control,"{""operation"": ""设置"", ""object"": ""倍速"", ""value"": ""1.5"", ""device"": """", ""location"": """"}",
设备,1.5倍速放着听,,playback_control,"{""operation"": ""设置"", ""object"": ""倍速"", ""value"": ""1.5"", ""device"": """", ""location"": """"}",
设备,换成3倍速,,playback_control,"{""operation"": ""设置"", ""object"": ""倍速"", ""value"": ""3.0"", ""device"": """", ""location"": """"}",
设备,调成0.8倍速,,playback_control,"{""operation"": ""设置"", ""object"": ""倍速"", ""value"": ""0.8"", ""device"": """", ""location"": """"}",
设备,播放倍速调小,,playback_control,"{""operation"": ""降低"", ""object"": ""倍速"", ""value"": """", ""device"": """", ""location"": """"}",
设备,帮我调到2倍速播放,,playback_control,"{""operation"": ""设置"", ""object"": ""倍速"", ""value"": ""2"", ""device"": """", ""location"": """"}",
设备,切换成倍速播放,,playback_control,"{""operation"": ""设置"", ""object"": ""倍速"", ""value"": """", ""device"": """", ""location"": """"}",
设备,0.8倍速播放,,playback_control,"{""operation"": ""设置"", ""object"": ""倍速"", ""value"": ""0.8"", ""device"": """", ""location"": """"}",
设备,调到默认倍速,,playback_control,"{""operation"": ""设置"", ""object"": ""倍速"", ""value"": ""1"", ""device"": """", ""location"": """"}",
设备,别再播放了,,playback_control,"{""operation"": ""停止"", ""object"": ""播放控制"", ""value"": """", ""device"": """", ""location"": """"}",
设备,我不想听了,,playback_control,"{""operation"": ""停止"", ""object"": ""播放控制"", ""value"": """", ""device"": """", ""location"": """"}",
设备,别放了,,playback_control,"{""operation"": ""停止"", ""object"": ""播放控制"", ""value"": """", ""device"": """", ""location"": """"}",
设备,不要播了,,playback_control,"{""operation"": ""停止"", ""object"": ""播放控制"", ""value"": """", ""device"": """", ""location"": """"}",
设备,别播了,,playback_control,"{""operation"": ""停止"", ""object"": ""播放控制"", ""value"": """", ""device"": """", ""location"": """"}",
设备,先别播了,,playback_control,"{""operation"": ""停止"", ""object"": ""播放控制"", ""value"": """", ""device"": """", ""location"": """"}",
设备,换一部,,playback_control,"{""operation"": ""切换"", ""object"": """", ""value"": ""部"", ""device"": """", ""location"": """"}",
设备,切一部,,playback_control,"{""operation"": ""切换"", ""object"": """", ""value"": ""部"", ""device"": """", ""location"": """"}",
设备,下一部,,playback_control,"{""operation"": ""下"", ""object"": """", ""value"": ""部"", ""device"": """", ""location"": """"}",
设备,上一部,,playback_control,"{""operation"": ""上"", ""object"": """", ""value"": ""部"", ""device"": """", ""location"": """"}",
设备,听个别的,,playback_control,"{""operation"": ""切换"", ""object"": """", ""value"": """", ""device"": """", ""location"": """"}",
设备,换一个,,playback_control,"{""operation"": ""切换"", ""object"": """", ""value"": ""个"", ""device"": """", ""location"": """"}",
设备,切换下一个,,playback_control,"{""operation"": ""下"", ""object"": """", ""value"": ""个"", ""device"": """", ""location"": """"}",
设备,换个节目,,playback_control,"{""operation"": ""切换"", ""object"": """", ""value"": ""个"", ""device"": """", ""location"": """"}",
设备,切下一个,,playback_control,"{""operation"": ""下"", ""object"": """", ""value"": ""个"", ""device"": """", ""location"": """"}",
设备,我要换一个听,,playback_control,"{""operation"": ""切换"", ""object"": """", ""value"": ""个"", ""device"": """", ""location"": """"}",
设备,听下一部,,playback_control,"{""operation"": ""下"", ""object"": """", ""value"": ""部"", ""device"": """", ""location"": """"}",
设备,这个不好换一个,,playback_control,"{""operation"": ""切换"", ""object"": """", ""value"": ""个"", ""device"": """", ""location"": """"}",
设备,嗯我想听个别的,,playback_control,"{""operation"": ""切换"", ""object"": """", ""value"": ""个"", ""device"": """", ""location"": """"}",
设备,给我切一个,,playback_control,"{""operation"": ""切换"", ""object"": """", ""value"": ""个"", ""device"": """", ""location"": """"}",
设备,下一个节目,,playback_control,"{""operation"": ""下"", ""object"": """", ""value"": ""个"", ""device"": """", ""location"": """"}",
设备,换一个看看,,playback_control,"{""operation"": ""切换"", ""object"": """", ""value"": ""个"", ""device"": """", ""location"": """"}",
设备,我还是想听上一个,,playback_control,"{""operation"": ""上"", ""object"": """", ""value"": ""个"", ""device"": """", ""location"": """"}",
设备,来个别的,,playback_control,"{""operation"": ""切换"", ""object"": """", ""value"": ""个"", ""device"": """", ""location"": """"}",
设备,换个别的听,,playback_control,"{""operation"": ""切换"", ""object"": """", ""value"": ""个"", ""device"": """", ""location"": """"}",
设备,切到下一个,,playback_control,"{""operation"": ""下"", ""object"": """", ""value"": ""个"", ""device"": """", ""location"": """"}",
设备,不好听换一部,,playback_control,"{""operation"": ""切换"", ""object"": """", ""value"": ""部"", ""device"": """", ""location"": """"}",
设备,听别的吧,,playback_control,"{""operation"": ""切换"", ""object"": """", ""value"": """", ""device"": """", ""location"": """"}",
设备,帮我换一个,,playback_control,"{""operation"": ""切换"", ""object"": """", ""value"": ""个"", ""device"": """", ""location"": """"}",
设备,这个不好换下一个,,playback_control,"{""operation"": ""下"", ""object"": """", ""value"": ""个"", ""device"": """", ""location"": """"}",
设备,放下一个,,playback_control,"{""operation"": ""下"", ""object"": """", ""value"": ""个"", ""device"": """", ""location"": """"}",
设备,随机换一部,,playback_control,"{""operation"": ""切换"", ""object"": """", ""value"": ""部"", ""device"": """", ""location"": """"}",
设备,播下一部,,playback_control,"{""operation"": ""下"", ""object"": """", ""value"": ""部"", ""device"": """", ""location"": """"}",
设备,听上一部,,playback_control,"{""operation"": ""上"", ""object"": """", ""value"": ""部"", ""device"": """", ""location"": """"}",
设备,播下一集,,playback_control,"{""operation"": ""下"", ""object"": """", ""value"": ""集"", ""device"": """", ""location"": """"}",
设备,播上一集,,playback_control,"{""operation"": ""上"", ""object"": """", ""value"": ""集"", ""device"": """", ""location"": """"}",
设备,切到下一集,,playback_control,"{""operation"": ""下"", ""object"": """", ""value"": ""集"", ""device"": """", ""location"": """"}",
设备,切到上一集,,playback_control,"{""operation"": ""上"", ""object"": """", ""value"": ""集"", ""device"": """", ""location"": """"}",
设备,帮我切下一集,,playback_control,"{""operation"": ""下"", ""object"": """", ""value"": ""集"", ""device"": """", ""location"": """"}",
设备,跳到下一集,,playback_control,"{""operation"": ""下"", ""object"": """", ""value"": ""集"", ""device"": """", ""location"": """"}",
设备,跳上一集,,playback_control,"{""operation"": ""上"", ""object"": """", ""value"": ""集"", ""device"": """", ""location"": """"}",
设备,放下一集,,playback_control,"{""operation"": ""下"", ""object"": """", ""value"": ""集"", ""device"": """", ""location"": """"}",
设备,放上一集,,playback_control,"{""operation"": ""上"", ""object"": """", ""value"": ""集"", ""device"": """", ""location"": """"}",
设备,给我换下一集,,playback_control,"{""operation"": ""下"", ""object"": """", ""value"": ""集"", ""device"": """", ""location"": """"}",
设备,换到上一集,,playback_control,"{""operation"": ""上"", ""object"": """", ""value"": ""集"", ""device"": """", ""location"": """"}",
设备,往前切一集,,playback_control,"{""operation"": ""上"", ""object"": """", ""value"": ""集"", ""device"": """", ""location"": """"}",
设备,往后切一集,,playback_control,"{""operation"": ""下"", ""object"": """", ""value"": ""集"", ""device"": """", ""location"": """"}",
设备,暂停播放,,playback_control,"{""operation"": ""停止"", ""object"": ""播放控制"", ""value"": """", ""device"": """", ""location"": """"}",
设备,停止播放,,playback_control,"{""operation"": ""停止"", ""object"": ""播放控制"", ""value"": """", ""device"": """", ""location"": """"}",
设备,别放了,,playback_control,"{""operation"": ""停止"", ""object"": ""播放控制"", ""value"": """", ""device"": """", ""location"": """"}",
设备,停止播放歌曲,,playback_control,"{""operation"": ""停止"", ""object"": ""播放控制"", ""value"": """", ""device"": """", ""location"": """"}",
设备,退出音乐播放,,playback_control,"{""operation"": ""关闭"", ""object"": ""音乐播放控制"", ""value"": """", ""device"": """", ""location"": """"}",
设备,别播了,,playback_control,"{""operation"": ""停止"", ""object"": ""播放控制"", ""value"": """", ""device"": """", ""location"": """"}",
设备,这首歌一点都不好听，别放了,,playback_control,"{""operation"": ""停止"", ""object"": ""播放控制"", ""value"": """", ""device"": """", ""location"": """"}",
设备,这首歌一点都不好听，暂停,,playback_control,"{""operation"": ""停止"", ""object"": ""播放控制"", ""value"": """", ""device"": """", ""location"": """"}",
设备,暂停一下,,playback_control,"{""operation"": ""停止"", ""object"": ""播放控制"", ""value"": """", ""device"": """", ""location"": """"}",
设备,停一下音乐,,playback_control,"{""operation"": ""停止"", ""object"": ""播放控制"", ""value"": """", ""device"": """", ""location"": """"}",
设备,把音乐停了,,playback_control,"{""operation"": ""停止"", ""object"": ""播放控制"", ""value"": """", ""device"": """", ""location"": """"}",
设备,先暂停音乐,,playback_control,"{""operation"": ""停止"", ""object"": ""播放控制"", ""value"": """", ""device"": """", ""location"": """"}",
设备,停一下这首歌,,playback_control,"{""operation"": ""停止"", ""object"": ""播放控制"", ""value"": """", ""device"": """", ""location"": """"}",
设备,把歌暂停了,,playback_control,"{""operation"": ""停止"", ""object"": ""播放控制"", ""value"": """", ""device"": """", ""location"": """"}",
设备,音乐先停一下,,playback_control,"{""operation"": ""停止"", ""object"": ""播放控制"", ""value"": """", ""device"": """", ""location"": """"}",
设备,暂停会儿,,playback_control,"{""operation"": ""停止"", ""object"": ""播放控制"", ""value"": """", ""device"": """", ""location"": """"}",
设备,把播放停掉,,playback_control,"{""operation"": ""停止"", ""object"": ""播放控制"", ""value"": """", ""device"": """", ""location"": """"}",
设备,歌曲暂停,,playback_control,"{""operation"": ""停止"", ""object"": ""播放控制"", ""value"": """", ""device"": """", ""location"": """"}",
设备,别放了吧,,playback_control,"{""operation"": ""停止"", ""object"": ""播放控制"", ""value"": """", ""device"": """", ""location"": """"}",
设备,别放这首歌了,,playback_control,"{""operation"": ""停止"", ""object"": ""播放控制"", ""value"": """", ""device"": """", ""location"": """"}",
设备,别唱了,,playback_control,"{""operation"": ""停止"", ""object"": ""播放控制"", ""value"": """", ""device"": """", ""location"": """"}",
设备,别放了呗,,playback_control,"{""operation"": ""停止"", ""object"": ""播放控制"", ""value"": """", ""device"": """", ""location"": """"}",
设备,不要放了,,playback_control,"{""operation"": ""停止"", ""object"": ""播放控制"", ""value"": """", ""device"": """", ""location"": """"}",
设备,这首别放了,,playback_control,"{""operation"": ""停止"", ""object"": ""播放控制"", ""value"": """", ""device"": """", ""location"": """"}",
设备,音乐别放了,,playback_control,"{""operation"": ""关闭"", ""object"": ""音乐播放控制"", ""value"": """", ""device"": """", ""location"": """"}",
设备,别放音乐了,,playback_control,"{""operation"": ""停止"", ""object"": ""播放控制"", ""value"": """", ""device"": """", ""location"": """"}",
设备,别再放了,,playback_control,"{""operation"": ""停止"", ""object"": ""播放控制"", ""value"": """", ""device"": """", ""location"": """"}",
设备,不要再放了,,playback_control,"{""operation"": ""停止"", ""object"": ""播放控制"", ""value"": """", ""device"": """", ""location"": """"}",
设备,关掉音乐,,playback_control,"{""operation"": ""关闭"", ""object"": ""音乐播放控制"", ""value"": """", ""device"": """", ""location"": """"}",
设备,退出播放,,playback_control,"{""operation"": ""停止"", ""object"": ""播放控制"", ""value"": """", ""device"": """", ""location"": """"}",
设备,把音乐关了,,playback_control,"{""operation"": ""关闭"", ""object"": ""音乐播放控制"", ""value"": """", ""device"": """", ""location"": """"}",
设备,不听了关掉,,playback_control,"{""operation"": ""停止"", ""object"": ""播放控制"", ""value"": """", ""device"": """", ""location"": """"}",
设备,把音乐退出来,,playback_control,"{""operation"": ""关闭"", ""object"": ""音乐播放控制"", ""value"": """", ""device"": """", ""location"": """"}",
设备,关了这首歌,,playback_control,"{""operation"": ""关闭"", ""object"": ""音乐播放控制"", ""value"": """", ""device"": """", ""location"": """"}",
设备,退出音乐吧,,playback_control,"{""operation"": ""关闭"", ""object"": ""音乐播放控制"", ""value"": """", ""device"": """", ""location"": """"}",
设备,把歌关掉,,playback_control,"{""operation"": ""关闭"", ""object"": ""音乐播放控制"", ""value"": """", ""device"": """", ""location"": """"}",
设备,音乐关了吧,,playback_control,"{""operation"": ""关闭"", ""object"": ""音乐播放控制"", ""value"": """", ""device"": """", ""location"": """"}",
设备,不听了退出来,,playback_control,"{""operation"": ""退出"", ""object"": """", ""value"": """", ""device"": """", ""location"": """"}",
设备,不好听别放了,,playback_control,"{""operation"": ""关闭"", ""object"": ""音量"", ""value"": """", ""device"": """", ""location"": """"}",
设备,太吵了暂停,,playback_control,"{""operation"": ""停止"", ""object"": ""播放控制"", ""value"": """", ""device"": """", ""location"": """"}",
设备,这首不好听停掉,,playback_control,"{""operation"": ""停止"", ""object"": ""播放控制"", ""value"": """", ""device"": """", ""location"": """"}",
设备,太吵了别放了,,playback_control,"{""operation"": ""关闭"", ""object"": """", ""value"": """", ""device"": """", ""location"": """"}",
设备,难听死了暂停,,playback_control,"{""operation"": ""停止"", ""object"": ""播放控制"", ""value"": """", ""device"": """", ""location"": """"}",
设备,不喜欢这首停了吧,,playback_control,"{""operation"": ""停止"", ""object"": ""播放控制"", ""value"": """", ""device"": """", ""location"": """"}",
设备,太吵停一下,,playback_control,"{""operation"": ""停止"", ""object"": ""播放控制"", ""value"": """", ""device"": """", ""location"": """"}",
设备,不好听不想听了,,playback_control,"{""operation"": ""停止"", ""object"": ""播放控制"", ""value"": """", ""device"": """", ""location"": """"}",
设备,这首太吵别放了,,playback_control,"{""operation"": ""停止"", ""object"": ""播放控制"", ""value"": """", ""device"": """", ""location"": """"}",
设备,帮我暂停音乐,,playback_control,"{""operation"": ""停止"", ""object"": ""播放控制"", ""value"": """", ""device"": """", ""location"": """"}",
设备,麻烦停一下音乐,,playback_control,"{""operation"": ""停止"", ""object"": ""播放控制"", ""value"": """", ""device"": """", ""location"": """"}",
设备,帮我把歌停了,,playback_control,"{""operation"": ""停止"", ""object"": ""播放控制"", ""value"": """", ""device"": """", ""location"": """"}",
设备,帮我关掉音乐,,playback_control,"{""operation"": ""关闭"", ""object"": ""音乐播放控制"", ""value"": """", ""device"": """", ""location"": """"}",
设备,太晚了停掉音乐,,playback_control,"{""operation"": ""停止"", ""object"": ""播放控制"", ""value"": """", ""device"": """", ""location"": """"}",
设备,帮我退出播放,,playback_control,"{""operation"": ""停止"", ""object"": ""播放控制"", ""value"": """", ""device"": """", ""location"": """"}",
设备,恢复播放,,playback_control,"{""operation"": ""播放"", ""object"": ""播放控制"", ""value"": """", ""device"": """", ""location"": """"}",
设备,继续播放,,playback_control,"{""operation"": ""播放"", ""object"": ""播放控制"", ""value"": """", ""device"": """", ""location"": """"}",
设备,继续,,playback_control,"{""operation"": ""播放"", ""object"": ""播放控制"", ""value"": """", ""device"": """", ""location"": """"}",
设备,继续放,,playback_control,"{""operation"": ""播放"", ""object"": ""播放控制"", ""value"": """", ""device"": """", ""location"": """"}",
设备,接着放音乐,,playback_control,"{""operation"": ""播放"", ""object"": ""播放控制"", ""value"": """", ""device"": """", ""location"": """"}",
设备,把音乐接着放,,playback_control,"{""operation"": ""播放"", ""object"": ""播放控制"", ""value"": """", ""device"": """", ""location"": """"}",
设备,音乐继续放吧,,playback_control,"{""operation"": ""播放"", ""object"": ""播放控制"", ""value"": """", ""device"": """", ""location"": """"}",
设备,把音乐放着继续,,playback_control,"{""operation"": ""播放"", ""object"": ""播放控制"", ""value"": """", ""device"": """", ""location"": """"}",
设备,继续放歌吧,,playback_control,"{""operation"": ""播放"", ""object"": ""播放控制"", ""value"": """", ""device"": """", ""location"": """"}",
设备,接着放刚才那首歌,,playback_control,"{""operation"": ""播放"", ""object"": ""播放控制"", ""value"": """", ""device"": """", ""location"": """"}",
设备,把这首歌接着放,,playback_control,"{""operation"": ""播放"", ""object"": ""播放控制"", ""value"": """", ""device"": """", ""location"": """"}",
设备,继续放这首,,playback_control,"{""operation"": ""播放"", ""object"": ""播放控制"", ""value"": """", ""device"": """", ""location"": """"}",
设备,接着播放吧,,playback_control,"{""operation"": ""播放"", ""object"": ""播放控制"", ""value"": """", ""device"": """", ""location"": """"}",
设备,继续放音乐,,playback_control,"{""operation"": ""播放"", ""object"": ""播放控制"", ""value"": """", ""device"": """", ""location"": """"}",
设备,继续放歌听,,playback_control,"{""operation"": ""播放"", ""object"": ""播放控制"", ""value"": """", ""device"": """", ""location"": """"}",
设备,继续刚才那首,,playback_control,"{""operation"": ""播放"", ""object"": ""播放控制"", ""value"": """", ""device"": """", ""location"": """"}",
设备,接着放刚才停的歌,,playback_control,"{""operation"": ""播放"", ""object"": ""播放控制"", ""value"": """", ""device"": """", ""location"": """"}",
设备,把暂停的歌接着放,,playback_control,"{""operation"": ""播放"", ""object"": ""播放控制"", ""value"": """", ""device"": """", ""location"": """"}",
设备,接着播刚才那首,,playback_control,"{""operation"": ""播放"", ""object"": ""播放控制"", ""value"": """", ""device"": """", ""location"": """"}",
设备,继续刚才听的,,playback_control,"{""operation"": ""播放"", ""object"": ""播放控制"", ""value"": """", ""device"": """", ""location"": """"}",
设备,帮我继续放音乐,,playback_control,"{""operation"": ""播放"", ""object"": ""播放控制"", ""value"": """", ""device"": """", ""location"": """"}",
设备,麻烦接着放歌,,playback_control,"{""operation"": ""播放"", ""object"": ""播放控制"", ""value"": """", ""device"": """", ""location"": """"}",
设备,帮我把音乐接着放,,playback_control,"{""operation"": ""播放"", ""object"": ""播放控制"", ""value"": """", ""device"": """", ""location"": """"}",
设备,帮我继续播放,,playback_control,"{""operation"": ""播放"", ""object"": ""播放控制"", ""value"": """", ""device"": """", ""location"": """"}",
设备,帮我接着听,,playback_control,"{""operation"": ""播放"", ""object"": ""播放控制"", ""value"": """", ""device"": """", ""location"": """"}",
设备,接着放呗,,playback_control,"{""operation"": ""播放"", ""object"": ""播放控制"", ""value"": """", ""device"": """", ""location"": """"}",
设备,继续放着呗,,playback_control,"{""operation"": ""播放"", ""object"": ""播放控制"", ""value"": """", ""device"": """", ""location"": """"}",
设备,往下放吧,,playback_control,"{""operation"": ""播放"", ""object"": ""播放控制"", ""value"": """", ""device"": """", ""location"": """"}",
设备,接着播吧,,playback_control,"{""operation"": ""播放"", ""object"": ""播放控制"", ""value"": """", ""device"": """", ""location"": """"}",
设备,继续放下去,,playback_control,"{""operation"": ""播放"", ""object"": ""播放控制"", ""value"": """", ""device"": """", ""location"": """"}",
设备,音乐接着放呗,,playback_control,"{""operation"": ""播放"", ""object"": ""播放控制"", ""value"": """", ""device"": """", ""location"": """"}",
设备,继续给我放着,,playback_control,"{""operation"": ""播放"", ""object"": ""播放控制"", ""value"": """", ""device"": """", ""location"": """"}",
设备,下一曲,,playback_control,"{""operation"": ""下"", ""object"": """", ""value"": ""首"", ""device"": """", ""location"": """"}",
设备,听下一首,,playback_control,"{""operation"": ""下"", ""object"": """", ""value"": ""首"", ""device"": """", ""location"": """"}",
设备,换下一首歌,,playback_control,"{""operation"": ""下"", ""object"": """", ""value"": ""首"", ""device"": """", ""location"": """"}",
设备,放下一首,,playback_control,"{""operation"": ""下"", ""object"": """", ""value"": ""首"", ""device"": """", ""location"": """"}",
设备,播放下一首,,playback_control,"{""operation"": ""下"", ""object"": """", ""value"": ""首"", ""device"": """", ""location"": """"}",
设备,再来一首,,playback_control,"{""operation"": ""切换"", ""object"": """", ""value"": ""首"", ""device"": """", ""location"": """"}",
设备,再换一首歌,,playback_control,"{""operation"": ""切换"", ""object"": """", ""value"": ""首"", ""device"": """", ""location"": """"}",
设备,再换一首,,playback_control,"{""operation"": ""切换"", ""object"": """", ""value"": ""首"", ""device"": """", ""location"": """"}",
设备,换一首,,playback_control,"{""operation"": ""切换"", ""object"": """", ""value"": ""首"", ""device"": """", ""location"": """"}",
设备,切歌,,playback_control,"{""operation"": ""切换"", ""object"": """", ""value"": ""首"", ""device"": """", ""location"": """"}",
设备,切下一首,,playback_control,"{""operation"": ""切换"", ""object"": """", ""value"": ""首"", ""device"": """", ""location"": """"}",
设备,跳到下一首,,playback_control,"{""operation"": ""切换"", ""object"": """", ""value"": ""首"", ""device"": """", ""location"": """"}",
设备,往下换一首,,playback_control,"{""operation"": ""切换"", ""object"": """", ""value"": ""首"", ""device"": """", ""location"": """"}",
设备,换到下一首,,playback_control,"{""operation"": ""下"", ""object"": """", ""value"": ""首"", ""device"": """", ""location"": """"}",
设备,放下一首歌,,playback_control,"{""operation"": ""下"", ""object"": """", ""value"": ""首"", ""device"": """", ""location"": """"}",
设备,听下一首歌,,playback_control,"{""operation"": ""下"", ""object"": """", ""value"": ""首"", ""device"": """", ""location"": """"}",
设备,下一首吧,,playback_control,"{""operation"": ""下"", ""object"": """", ""value"": ""首"", ""device"": """", ""location"": """"}",
设备,切到下一首,,playback_control,"{""operation"": ""下"", ""object"": """", ""value"": ""首"", ""device"": """", ""location"": """"}",
设备,来下一首,,playback_control,"{""operation"": ""下"", ""object"": """", ""value"": ""首"", ""device"": """", ""location"": """"}",
设备,下一曲呗,,playback_control,"{""operation"": ""下"", ""object"": """", ""value"": ""首"", ""device"": """", ""location"": """"}",
设备,换首别的,,playback_control,"{""operation"": ""切换"", ""object"": """", ""value"": ""首"", ""device"": """", ""location"": """"}",
设备,换一首听,,playback_control,"{""operation"": ""切换"", ""object"": """", ""value"": ""首"", ""device"": """", ""location"": """"}",
设备,换一首吧,,playback_control,"{""operation"": ""切换"", ""object"": """", ""value"": ""首"", ""device"": """", ""location"": """"}",
设备,换一首别的歌,,playback_control,"{""operation"": ""切换"", ""object"": """", ""value"": ""首"", ""device"": """", ""location"": """"}",
设备,给我换一首,,playback_control,"{""operation"": ""切换"", ""object"": """", ""value"": ""首"", ""device"": """", ""location"": """"}",
设备,帮我换一首,,playback_control,"{""operation"": ""切换"", ""object"": """", ""value"": ""首"", ""device"": """", ""location"": """"}",
设备,换个歌吧,,playback_control,"{""operation"": ""切换"", ""object"": """", ""value"": ""首"", ""device"": """", ""location"": """"}",
设备,换一首歌呗,,playback_control,"{""operation"": ""切换"", ""object"": """", ""value"": ""首"", ""device"": """", ""location"": """"}",
设备,换一首别的听,,playback_control,"{""operation"": ""切换"", ""object"": """", ""value"": ""首"", ""device"": """", ""location"": """"}",
设备,换一首别的吧,,playback_control,"{""operation"": ""切换"", ""object"": """", ""value"": ""首"", ""device"": """", ""location"": """"}",
设备,再来一首别的,,playback_control,"{""operation"": ""切换"", ""object"": """", ""value"": ""首"", ""device"": """", ""location"": """"}",
设备,再换一个,,playback_control,"{""operation"": ""切换"", ""object"": """", ""value"": ""个"", ""device"": """", ""location"": """"}",
设备,接着来下一首,,playback_control,"{""operation"": ""下"", ""object"": """", ""value"": ""首"", ""device"": """", ""location"": """"}",
设备,再来一首吧,,playback_control,"{""operation"": ""切换"", ""object"": """", ""value"": ""首"", ""device"": """", ""location"": """"}",
设备,再换一首听听,,playback_control,"{""operation"": ""切换"", ""object"": """", ""value"": ""首"", ""device"": """", ""location"": """"}",
设备,接着放下一首,,playback_control,"{""operation"": ""下"", ""object"": """", ""value"": ""首"", ""device"": """", ""location"": """"}",
设备,换下一首听,,playback_control,"{""operation"": ""下"", ""object"": """", ""value"": ""首"", ""device"": """", ""location"": """"}",
设备,再换首别的,,playback_control,"{""operation"": ""切换"", ""object"": """", ""value"": ""首"", ""device"": """", ""location"": """"}",
设备,接着换一首,,playback_control,"{""operation"": ""切换"", ""object"": """", ""value"": ""首"", ""device"": """", ""location"": """"}",
设备,这首歌切了吧,,playback_control,"{""operation"": ""切换"", ""object"": """", ""value"": ""首"", ""device"": """", ""location"": """"}",
设备,跳过这首,,playback_control,"{""operation"": ""切换"", ""object"": """", ""value"": ""首"", ""device"": """", ""location"": """"}",
设备,这首不要了换一首,,playback_control,"{""operation"": ""切换"", ""object"": """", ""value"": ""首"", ""device"": """", ""location"": """"}",
设备,跳过去换一首,,playback_control,"{""operation"": ""切换"", ""object"": """", ""value"": ""首"", ""device"": """", ""location"": """"}",
设备,切歌吧,,playback_control,"{""operation"": ""切换"", ""object"": """", ""value"": ""首"", ""device"": """", ""location"": """"}",
设备,这首跳过,,playback_control,"{""operation"": ""切换"", ""object"": """", ""value"": ""首"", ""device"": """", ""location"": """"}",
设备,不要这首了切了吧,,playback_control,"{""operation"": ""切换"", ""object"": """", ""value"": ""首"", ""device"": """", ""location"": """"}",
设备,跳过换下一首,,playback_control,"{""operation"": ""下"", ""object"": """", ""value"": ""首"", ""device"": """", ""location"": """"}",
设备,这首不好听切了,,playback_control,"{""operation"": ""切换"", ""object"": """", ""value"": ""首"", ""device"": """", ""location"": """"}",
设备,切下一首吧,,playback_control,"{""operation"": ""切换"", ""object"": """", ""value"": ""首"", ""device"": """", ""location"": """"}",
设备,不好听换一首,,playback_control,"{""operation"": ""切换"", ""object"": """", ""value"": ""首"", ""device"": """", ""location"": """"}",
设备,听腻了换一首,,playback_control,"{""operation"": ""切换"", ""object"": """", ""value"": ""首"", ""device"": """", ""location"": """"}",
设备,节奏不对换一首,,playback_control,"{""operation"": ""切换"", ""object"": """", ""value"": ""首"", ""device"": """", ""location"": """"}",
设备,这首太吵换一首,,playback_control,"{""operation"": ""切换"", ""object"": """", ""value"": ""首"", ""device"": """", ""location"": """"}",
设备,不喜欢这首换掉,,playback_control,"{""operation"": ""切换"", ""object"": """", ""value"": ""首"", ""device"": """", ""location"": """"}",
设备,这首没感觉换一首,,playback_control,"{""operation"": ""切换"", ""object"": """", ""value"": ""首"", ""device"": """", ""location"": """"}",
设备,太慢了换一首,,playback_control,"{""operation"": ""切换"", ""object"": """", ""value"": ""首"", ""device"": """", ""location"": """"}",
设备,听够了换一首,,playback_control,"{""operation"": ""切换"", ""object"": """", ""value"": ""首"", ""device"": """", ""location"": """"}",
设备,这首太老换一首,,playback_control,"{""operation"": ""切换"", ""object"": """", ""value"": ""首"", ""device"": """", ""location"": """"}",
设备,节奏太慢换一首,,playback_control,"{""operation"": ""切换"", ""object"": """", ""value"": ""首"", ""device"": """", ""location"": """"}",
设备,上一曲,,playback_control,"{""operation"": ""上"", ""object"": """", ""value"": ""首"", ""device"": """", ""location"": """"}",
设备,刚才那首,,playback_control,"{""operation"": ""上"", ""object"": """", ""value"": ""首"", ""device"": """", ""location"": """"}",
设备,播放上一首,,playback_control,"{""operation"": ""上"", ""object"": """", ""value"": ""首"", ""device"": """", ""location"": """"}",
设备,听上一首,,playback_control,"{""operation"": ""上"", ""object"": """", ""value"": ""首"", ""device"": """", ""location"": """"}",
设备,换上一首,,playback_control,"{""operation"": ""上"", ""object"": """", ""value"": ""首"", ""device"": """", ""location"": """"}",
设备,切上一首,,playback_control,"{""operation"": ""上"", ""object"": """", ""value"": ""首"", ""device"": """", ""location"": """"}",
设备,跳到上一首,,playback_control,"{""operation"": ""上"", ""object"": """", ""value"": ""首"", ""device"": """", ""location"": """"}",
设备,放上一首,,playback_control,"{""operation"": ""上"", ""object"": """", ""value"": ""首"", ""device"": """", ""location"": """"}",
设备,上一首吧,,playback_control,"{""operation"": ""上"", ""object"": """", ""value"": ""首"", ""device"": """", ""location"": """"}",
设备,切到上一首,,playback_control,"{""operation"": ""上"", ""object"": """", ""value"": ""首"", ""device"": """", ""location"": """"}",
设备,来上一首,,playback_control,"{""operation"": ""上"", ""object"": """", ""value"": ""首"", ""device"": """", ""location"": """"}",
设备,上一曲吧,,playback_control,"{""operation"": ""上"", ""object"": """", ""value"": ""首"", ""device"": """", ""location"": """"}",
设备,往回切一首,,playback_control,"{""operation"": ""上"", ""object"": """", ""value"": ""首"", ""device"": """", ""location"": """"}",
设备,我要听上一首,,playback_control,"{""operation"": ""上"", ""object"": """", ""value"": ""首"", ""device"": """", ""location"": """"}",
设备,上一首呗,,playback_control,"{""operation"": ""上"", ""object"": """", ""value"": ""首"", ""device"": """", ""location"": """"}",
设备,放刚才那首,,playback_control,"{""operation"": ""上"", ""object"": """", ""value"": ""首"", ""device"": """", ""location"": """"}",
设备,切回刚才那首,,playback_control,"{""operation"": ""上"", ""object"": """", ""value"": ""首"", ""device"": """", ""location"": """"}",
设备,回到刚才那首,,playback_control,"{""operation"": ""上"", ""object"": """", ""value"": ""首"", ""device"": """", ""location"": """"}",
设备,听刚才那首,,playback_control,"{""operation"": ""上"", ""object"": """", ""value"": ""首"", ""device"": """", ""location"": """"}",
设备,刚才那首歌,,playback_control,"{""operation"": ""上"", ""object"": """", ""value"": ""首"", ""device"": """", ""location"": """"}",
设备,放回刚才那首,,playback_control,"{""operation"": ""上"", ""object"": """", ""value"": ""首"", ""device"": """", ""location"": """"}",
设备,倒回刚才那首,,playback_control,"{""operation"": ""上"", ""object"": """", ""value"": ""首"", ""device"": """", ""location"": """"}",
设备,再听一遍刚才那首,,playback_control,"{""operation"": ""重播"", ""object"": ""播放列表"", ""value"": """", ""device"": """", ""location"": """"}",
设备,回到上一首歌,,playback_control,"{""operation"": ""上"", ""object"": """", ""value"": ""首"", ""device"": """", ""location"": """"}",
设备,切回上一首歌,,playback_control,"{""operation"": ""上"", ""object"": """", ""value"": ""首"", ""device"": """", ""location"": """"}",
设备,换回上一首,,playback_control,"{""operation"": ""上"", ""object"": """", ""value"": ""首"", ""device"": """", ""location"": """"}",
设备,回到上一首,,playback_control,"{""operation"": ""上"", ""object"": """", ""value"": ""首"", ""device"": """", ""location"": """"}",
设备,退回上一首,,playback_control,"{""operation"": ""上"", ""object"": """", ""value"": ""首"", ""device"": """", ""location"": """"}",
设备,倒回上一首,,playback_control,"{""operation"": ""上"", ""object"": """", ""value"": ""首"", ""device"": """", ""location"": """"}",
设备,换到上一首,,playback_control,"{""operation"": ""上"", ""object"": """", ""value"": ""首"", ""device"": """", ""location"": """"}",
设备,切回去上一首,,playback_control,"{""operation"": ""上"", ""object"": """", ""value"": ""首"", ""device"": """", ""location"": """"}",
设备,退一首回去,,playback_control,"{""operation"": ""上"", ""object"": """", ""value"": ""首"", ""device"": """", ""location"": """"}",
设备,换回刚才那首,,playback_control,"{""operation"": ""上"", ""object"": """", ""value"": ""首"", ""device"": """", ""location"": """"}",
设备,倒一首回去,,playback_control,"{""operation"": ""上"", ""object"": """", ""value"": ""首"", ""device"": """", ""location"": """"}",
设备,回退一首,,playback_control,"{""operation"": ""退出"", ""object"": """", ""value"": ""首"", ""device"": """", ""location"": """"}",
设备,再听一遍上一首,,playback_control,"{""operation"": ""上"", ""object"": """", ""value"": ""首"", ""device"": """", ""location"": """"}",
设备,上一首重新放,,playback_control,"{""operation"": ""上"", ""object"": """", ""value"": ""首"", ""device"": """", ""location"": """"}",
设备,刚才那首重放一遍,,playback_control,"{""operation"": ""重播"", ""object"": """", ""value"": """", ""device"": """", ""location"": """"}",
设备,上一首再放一次,,playback_control,"{""operation"": ""上"", ""object"": """", ""value"": ""首"", ""device"": """", ""location"": """"}",
设备,回去重听上一首,,playback_control,"{""operation"": ""上"", ""object"": """", ""value"": ""首"", ""device"": """", ""location"": """"}",
设备,上一首重新来,,playback_control,"{""operation"": ""上"", ""object"": """", ""value"": ""首"", ""device"": """", ""location"": """"}",
设备,刚才那首再听一遍,,playback_control,"{""operation"": ""重播"", ""object"": """", ""value"": """", ""device"": """", ""location"": """"}",
设备,上一首再放一遍,,playback_control,"{""operation"": ""上"", ""object"": """", ""value"": ""首"", ""device"": """", ""location"": """"}",
设备,帮我切上一首,,playback_control,"{""operation"": ""上"", ""object"": """", ""value"": ""首"", ""device"": """", ""location"": """"}",
设备,麻烦放上一首,,playback_control,"{""operation"": ""上"", ""object"": """", ""value"": ""首"", ""device"": """", ""location"": """"}",
设备,帮我回到上一首,,playback_control,"{""operation"": ""上"", ""object"": """", ""value"": ""首"", ""device"": """", ""location"": """"}",
设备,切错了换回上一首,,playback_control,"{""operation"": ""上"", ""object"": """", ""value"": ""首"", ""device"": """", ""location"": """"}",
设备,帮我切回刚才那首,,playback_control,"{""operation"": ""上"", ""object"": """", ""value"": ""首"", ""device"": """", ""location"": """"}",
设备,帮我退回上一首,,playback_control,"{""operation"": ""上"", ""object"": """", ""value"": ""首"", ""device"": """", ""location"": """"}",
设备,刚才那首好听回去听,,playback_control,"{""operation"": ""上"", ""object"": """", ""value"": ""首"", ""device"": """", ""location"": """"}",
设备,帮我倒回上一首,,playback_control,"{""operation"": ""上"", ""object"": """", ""value"": ""首"", ""device"": """", ""location"": """"}",
设备,帮我开通屏保VIP,,screensaver_control,,
设备,我要开通屏保VIP,,screensaver_control,,
设备,我要开通屏保画册VIP,,screensaver_control,,
设备,麻烦开通屏保VIP,,screensaver_control,,
设备,麻烦买屏保画册VIP,,screensaver_control,,
设备,电视购买屏保画册VIP,,screensaver_control,,
设备,把屏保VIP开通一下,,screensaver_control,,
设备,买下屏保画册VIP,,screensaver_control,,
设备,能不能开通屏保VIP,,screensaver_control,,
设备,我想开通屏保VIP,,screensaver_control,,
设备,帮电视开通屏保VIP,,screensaver_control,,
设备,办理屏保VIP,,screensaver_control,,
设备,办理屏保画册VIP,,screensaver_control,,
设备,我需要开通屏保VIP,,screensaver_control,,
设备,直接开通屏保VIP,,screensaver_control,,
设备,帮我买下屏保VIP,,screensaver_control,,
设备,帮我买下屏保画册VIP,,screensaver_control,,
设备,可不可以开通屏保VIP,,screensaver_control,,
设备,开启屏保VIP,,screensaver_control,,
设备,开启屏保画册VIP,,screensaver_control,,
设备,续费屏保VIP,,screensaver_control,,
设备,续费屏保画册VIP,,screensaver_control,,
设备,帮我续费屏保VIP,,screensaver_control,,
设备,帮我续费屏保画册VIP,,screensaver_control,,
设备,我要续费屏保VIP,,screensaver_control,,
设备,开通屏保VIP会员,,screensaver_control,,
设备,麻烦购买屏保VIP,,screensaver_control,,
设备,帮我办理屏保VIP,,screensaver_control,,
设备,帮我办理屏保画册VIP,,screensaver_control,,
设备,我打算开通屏保VIP,,screensaver_control,,
设备,把屏保VIP买下来,,screensaver_control,,
设备,把屏保画册VIP买下来,,screensaver_control,,
设备,申请开通屏保VIP,,screensaver_control,,
设备,帮我申请屏保画册VIP,,screensaver_control,,
设备,能不能续费屏保VIP,,screensaver_control,,
设备,直接买下屏保VIP,,screensaver_control,,
设备,直接买下屏保画册VIP,,screensaver_control,,
设备,把第1个设置为屏保,,screensaver_control,"{""operation"": ""设置"", ""object"": ""屏保"", ""value"": ""1"", ""device"": """", ""location"": """"}",
设备,把第2个设置为屏保,,screensaver_control,"{""operation"": ""设置"", ""object"": ""屏保"", ""value"": ""2"", ""device"": """", ""location"": """"}",
设备,把第3个设置为屏保,,screensaver_control,"{""operation"": ""设置"", ""object"": ""屏保"", ""value"": ""3"", ""device"": """", ""location"": """"}",
设备,把第4个设置为屏保,,screensaver_control,"{""operation"": ""设置"", ""object"": ""屏保"", ""value"": ""4"", ""device"": """", ""location"": """"}",
设备,把第5个设置为屏保,,screensaver_control,"{""operation"": ""设置"", ""object"": ""屏保"", ""value"": ""5"", ""device"": """", ""location"": """"}",
设备,设置第1个为壁纸,,screensaver_control,"{""operation"": ""设置"", ""object"": ""壁纸"", ""value"": ""1"", ""device"": """", ""location"": """"}",
设备,设置第2个为壁纸,,screensaver_control,"{""operation"": ""设置"", ""object"": ""壁纸"", ""value"": ""2"", ""device"": """", ""location"": """"}",
设备,设置第3个为壁纸,,screensaver_control,"{""operation"": ""设置"", ""object"": ""壁纸"", ""value"": ""3"", ""device"": """", ""location"": """"}",
设备,设置第4个为壁纸,,screensaver_control,"{""operation"": ""设置"", ""object"": ""壁纸"", ""value"": ""4"", ""device"": """", ""location"": """"}",
设备,设置第5个为壁纸,,screensaver_control,"{""operation"": ""设置"", ""object"": ""壁纸"", ""value"": ""5"", ""device"": """", ""location"": """"}",
设备,把第1个设为壁画,,screensaver_control,"{""operation"": ""设置"", ""object"": ""壁画"", ""value"": ""1"", ""device"": """", ""location"": """"}",
设备,把第2个设为壁画,,screensaver_control,"{""operation"": ""设置"", ""object"": ""壁画"", ""value"": ""2"", ""device"": """", ""location"": """"}",
设备,把第3个设为壁画,,screensaver_control,"{""operation"": ""设置"", ""object"": ""壁画"", ""value"": ""3"", ""device"": """", ""location"": """"}",
设备,把第4个设为壁画,,screensaver_control,"{""operation"": ""设置"", ""object"": ""壁画"", ""value"": ""4"", ""device"": """", ""location"": """"}",
设备,把第5个设为壁画,,screensaver_control,"{""operation"": ""设置"", ""object"": ""壁画"", ""value"": ""5"", ""device"": """", ""location"": """"}",
设备,帮我把第1个设置成屏保,,screensaver_control,"{""operation"": ""设置"", ""object"": ""屏保"", ""value"": ""1"", ""device"": """", ""location"": """"}",
设备,帮我把第2个设置成屏保,,screensaver_control,"{""operation"": ""设置"", ""object"": ""屏保"", ""value"": ""2"", ""device"": """", ""location"": """"}",
设备,帮我把第3个设置成屏保,,screensaver_control,"{""operation"": ""设置"", ""object"": ""屏保"", ""value"": ""3"", ""device"": """", ""location"": """"}",
设备,帮我设置第1个为壁纸,,screensaver_control,"{""operation"": ""设置"", ""object"": ""壁纸"", ""value"": ""1"", ""device"": """", ""location"": """"}",
设备,帮我设置第2个为壁纸,,screensaver_control,"{""operation"": ""设置"", ""object"": ""壁纸"", ""value"": ""2"", ""device"": """", ""location"": """"}",
设备,帮我设置第3个为壁纸,,screensaver_control,"{""operation"": ""设置"", ""object"": ""壁纸"", ""value"": ""3"", ""device"": """", ""location"": """"}",
设备,帮我把第1个设成壁画,,screensaver_control,"{""operation"": ""设置"", ""object"": ""壁画"", ""value"": ""1"", ""device"": """", ""location"": """"}",
设备,帮我把第2个设成壁画,,screensaver_control,"{""operation"": ""设置"", ""object"": ""壁画"", ""value"": ""2"", ""device"": """", ""location"": """"}",
设备,帮我把第3个设成壁画,,screensaver_control,"{""operation"": ""设置"", ""object"": ""壁画"", ""value"": ""3"", ""device"": """", ""location"": """"}",
设备,将第1个设为屏保,,screensaver_control,"{""operation"": ""设置"", ""object"": ""屏保"", ""value"": ""1"", ""device"": """", ""location"": """"}",
设备,将第2个设为屏保,,screensaver_control,"{""operation"": ""设置"", ""object"": ""屏保"", ""value"": ""2"", ""device"": """", ""location"": """"}",
设备,将第3个设为屏保,,screensaver_control,"{""operation"": ""设置"", ""object"": ""屏保"", ""value"": ""3"", ""device"": """", ""location"": """"}",
设备,将第1个设置成壁纸,,screensaver_control,"{""operation"": ""设置"", ""object"": ""壁纸"", ""value"": ""1"", ""device"": """", ""location"": """"}",
设备,将第2个设置成壁纸,,screensaver_control,"{""operation"": ""设置"", ""object"": ""壁纸"", ""value"": ""2"", ""device"": """", ""location"": """"}",
设备,将第3个设置成壁纸,,screensaver_control,"{""operation"": ""设置"", ""object"": ""壁纸"", ""value"": ""3"", ""device"": """", ""location"": """"}",
设备,将第1个设置为壁画,,screensaver_control,"{""operation"": ""设置"", ""object"": ""壁画"", ""value"": ""1"", ""device"": """", ""location"": """"}",
设备,将第2个设置为壁画,,screensaver_control,"{""operation"": ""设置"", ""object"": ""壁画"", ""value"": ""2"", ""device"": """", ""location"": """"}",
设备,将第3个设置为壁画,,screensaver_control,"{""operation"": ""设置"", ""object"": ""壁画"", ""value"": ""3"", ""device"": """", ""location"": """"}",
设备,选第1个当做屏保,,screensaver_control,"{""operation"": ""设置"", ""object"": ""屏保"", ""value"": ""1"", ""device"": """", ""location"": """"}",
设备,选第2个当做屏保,,screensaver_control,"{""operation"": ""设置"", ""object"": ""屏保"", ""value"": ""2"", ""device"": """", ""location"": """"}",
设备,选第1个当做壁纸,,screensaver_control,"{""operation"": ""设置"", ""object"": ""壁纸"", ""value"": ""1"", ""device"": """", ""location"": """"}",
设备,选第2个当做壁纸,,screensaver_control,"{""operation"": ""设置"", ""object"": ""壁纸"", ""value"": ""2"", ""device"": """", ""location"": """"}",
设备,选第1个当做壁画,,screensaver_control,"{""operation"": ""设置"", ""object"": ""壁画"", ""value"": ""1"", ""device"": """", ""location"": """"}",
设备,选第2个当做壁画,,screensaver_control,"{""operation"": ""设置"", ""object"": ""壁画"", ""value"": ""2"", ""device"": """", ""location"": """"}",
设备,我要把第1个设为屏保,,screensaver_control,"{""operation"": ""设置"", ""object"": ""屏保"", ""value"": ""1"", ""device"": """", ""location"": """"}",
设备,我要把第2个设为屏保,,screensaver_control,"{""operation"": ""设置"", ""object"": ""屏保"", ""value"": ""2"", ""device"": """", ""location"": """"}",
设备,我要设置第1个为壁纸,,screensaver_control,"{""operation"": ""设置"", ""object"": ""壁纸"", ""value"": ""1"", ""device"": """", ""location"": """"}",
设备,我要设置第2个为壁纸,,screensaver_control,"{""operation"": ""设置"", ""object"": ""壁纸"", ""value"": ""2"", ""device"": """", ""location"": """"}",
设备,我要把第1个设置成壁画,,screensaver_control,"{""operation"": ""设置"", ""object"": ""壁画"", ""value"": ""1"", ""device"": """", ""location"": """"}",
设备,我要把第2个设置成壁画,,screensaver_control,"{""operation"": ""设置"", ""object"": ""壁画"", ""value"": ""2"", ""device"": """", ""location"": """"}",
设备,使用第1个作为屏保,,screensaver_control,"{""operation"": ""设置"", ""object"": ""屏保"", ""value"": ""1"", ""device"": """", ""location"": """"}",
设备,使用第2个作为屏保,,screensaver_control,"{""operation"": ""设置"", ""object"": ""屏保"", ""value"": ""2"", ""device"": """", ""location"": """"}",
设备,使用第1个作为壁纸,,screensaver_control,"{""operation"": ""设置"", ""object"": ""壁纸"", ""value"": ""1"", ""device"": """", ""location"": """"}",
设备,使用第2个作为壁纸,,screensaver_control,"{""operation"": ""设置"", ""object"": ""壁纸"", ""value"": ""2"", ""device"": """", ""location"": """"}",
设备,使用第1个作为壁画,,screensaver_control,"{""operation"": ""设置"", ""object"": ""壁画"", ""value"": ""1"", ""device"": """", ""location"": """"}",
设备,使用第2个作为壁画,,screensaver_control,"{""operation"": ""设置"", ""object"": ""壁画"", ""value"": ""2"", ""device"": """", ""location"": """"}",
设备,确定第1个为屏保,,screensaver_control,"{""operation"": ""设置"", ""object"": ""屏保"", ""value"": ""1"", ""device"": """", ""location"": """"}",
设备,确定第2个为屏保,,screensaver_control,"{""operation"": ""设置"", ""object"": ""屏保"", ""value"": ""2"", ""device"": """", ""location"": """"}",
设备,确定第1个为壁纸,,screensaver_control,"{""operation"": ""设置"", ""object"": ""壁纸"", ""value"": ""1"", ""device"": """", ""location"": """"}",
设备,确定第2个为壁纸,,screensaver_control,"{""operation"": ""设置"", ""object"": ""壁纸"", ""value"": ""2"", ""device"": """", ""location"": """"}",
设备,确定第1个为壁画,,screensaver_control,"{""operation"": ""设置"", ""object"": ""壁画"", ""value"": ""1"", ""device"": """", ""location"": """"}",
设备,确定第2个为壁画,,screensaver_control,"{""operation"": ""设置"", ""object"": ""壁画"", ""value"": ""2"", ""device"": """", ""location"": """"}",
设备,打开屏保画册,,screensaver_control,"{""operation"": ""打开"", ""object"": ""屏保画册"", ""value"": """", ""device"": """", ""location"": """"}",
设备,进入屏保画册,,screensaver_control,"{""operation"": ""打开"", ""object"": ""屏保画册"", ""value"": """", ""device"": """", ""location"": """"}",
设备,启动屏保画册,,screensaver_control,"{""operation"": ""打开"", ""object"": ""屏保画册"", ""value"": """", ""device"": """", ""location"": """"}",
设备,屏保画册，打开,,screensaver_control,"{""operation"": ""打开"", ""object"": ""屏保画册"", ""value"": """", ""device"": """", ""location"": """"}",
设备,屏保画册,,screensaver_control,"{""operation"": ""打开"", ""object"": ""屏保画册"", ""value"": """", ""device"": """", ""location"": """"}",
设备,帮我打开屏保画册,,screensaver_control,"{""operation"": ""打开"", ""object"": ""屏保画册"", ""value"": """", ""device"": """", ""location"": """"}",
设备,我要进入屏保画册,,screensaver_control,"{""operation"": ""打开"", ""object"": ""屏保画册"", ""value"": """", ""device"": """", ""location"": """"}",
设备,我想启动屏保画册,,screensaver_control,"{""operation"": ""打开"", ""object"": ""屏保画册"", ""value"": """", ""device"": """", ""location"": """"}",
设备,打开屏保画册,,screensaver_control,"{""operation"": ""打开"", ""object"": ""屏保画册"", ""value"": """", ""device"": """", ""location"": """"}",
设备,把屏保画册打开,,screensaver_control,"{""operation"": ""打开"", ""object"": ""屏保画册"", ""value"": """", ""device"": """", ""location"": """"}",
设备,帮我打开屏保画册,,screensaver_control,"{""operation"": ""打开"", ""object"": ""屏保画册"", ""value"": """", ""device"": """", ""location"": """"}",
设备,请打开屏保画册,,screensaver_control,"{""operation"": ""打开"", ""object"": ""屏保画册"", ""value"": """", ""device"": """", ""location"": """"}",
设备,可以打开屏保画册吗,,screensaver_control,"{""operation"": ""打开"", ""object"": ""屏保画册"", ""value"": """", ""device"": """", ""location"": """"}",
设备,能不能打开屏保画册,,screensaver_control,"{""operation"": ""打开"", ""object"": ""屏保画册"", ""value"": """", ""device"": """", ""location"": """"}",
设备,给我打开屏保画册,,screensaver_control,"{""operation"": ""打开"", ""object"": ""屏保画册"", ""value"": """", ""device"": """", ""location"": """"}",
设备,给我放屏保画册,,screensaver_control,"{""operation"": ""打开"", ""object"": ""屏保画册"", ""value"": """", ""device"": """", ""location"": """"}",
设备,我想看屏保画册,,screensaver_control,"{""operation"": ""打开"", ""object"": ""屏保画册"", ""value"": """", ""device"": """", ""location"": """"}",
设备,我要看屏保画册,,screensaver_control,"{""operation"": ""打开"", ""object"": ""屏保画册"", ""value"": """", ""device"": """", ""location"": """"}",
设备,想打开屏保画册,,screensaver_control,"{""operation"": ""打开"", ""object"": ""屏保画册"", ""value"": """", ""device"": """", ""location"": """"}",
设备,要看屏保画册,,screensaver_control,"{""operation"": ""打开"", ""object"": ""屏保画册"", ""value"": """", ""device"": """", ""location"": """"}",
设备,放屏保画册,,screensaver_control,"{""operation"": ""打开"", ""object"": ""屏保画册"", ""value"": """", ""device"": """", ""location"": """"}",
设备,放一下屏保画册,,screensaver_control,"{""operation"": ""打开"", ""object"": ""屏保画册"", ""value"": """", ""device"": """", ""location"": """"}",
设备,放个屏保画册,,screensaver_control,"{""operation"": ""打开"", ""object"": ""屏保画册"", ""value"": """", ""device"": """", ""location"": """"}",
设备,开屏保画册,,screensaver_control,"{""operation"": ""打开"", ""object"": ""屏保画册"", ""value"": """", ""device"": """", ""location"": """"}",
设备,开一下屏保画册,,screensaver_control,"{""operation"": ""打开"", ""object"": ""屏保画册"", ""value"": """", ""device"": """", ""location"": """"}",
设备,开个屏保画册吧,,screensaver_control,"{""operation"": ""打开"", ""object"": ""屏保画册"", ""value"": """", ""device"": """", ""location"": """"}",
设备,进入屏保画册,,screensaver_control,"{""operation"": ""打开"", ""object"": ""屏保画册"", ""value"": """", ""device"": """", ""location"": """"}",
设备,启动屏保画册,,screensaver_control,"{""operation"": ""打开"", ""object"": ""屏保画册"", ""value"": """", ""device"": """", ""location"": """"}",
设备,运行屏保画册,,screensaver_control,"{""operation"": ""打开"", ""object"": ""屏保画册"", ""value"": """", ""device"": """", ""location"": """"}",
设备,打开屏保画册功能,,screensaver_control,"{""operation"": ""打开"", ""object"": ""屏保画册"", ""value"": """", ""device"": """", ""location"": """"}",
设备,电视屏保画册打开,,screensaver_control,"{""operation"": ""打开"", ""object"": ""屏保画册"", ""value"": """", ""device"": ""电视"", ""location"": """"}",
设备,展示屏保画册,,screensaver_control,"{""operation"": ""打开"", ""object"": ""屏保画册"", ""value"": """", ""device"": """", ""location"": """"}",
设备,帮我把屏保画册放出来,,screensaver_control,"{""operation"": ""打开"", ""object"": ""屏保画册"", ""value"": """", ""device"": """", ""location"": """"}",
设备,用一下屏保画册,,screensaver_control,"{""operation"": ""打开"", ""object"": ""屏保画册"", ""value"": """", ""device"": """", ""location"": """"}",
设备,我要打开屏保画册,,screensaver_control,"{""operation"": ""打开"", ""object"": ""屏保画册"", ""value"": """", ""device"": """", ""location"": """"}",
设备,咱们看屏保画册吧,,screensaver_control,"{""operation"": ""打开"", ""object"": ""屏保画册"", ""value"": """", ""device"": """", ""location"": """"}",
设备,去打开屏保画册,,screensaver_control,"{""operation"": ""打开"", ""object"": ""屏保画册"", ""value"": """", ""device"": """", ""location"": """"}",
设备,屏保画册打开好吗,,screensaver_control,"{""operation"": ""打开"", ""object"": ""屏保画册"", ""value"": """", ""device"": """", ""location"": """"}",
设备,打开屏保,,screensaver_control,"{""operation"": ""打开"", ""object"": ""屏保"", ""value"": """", ""device"": """", ""location"": """"}",
设备,打开壁画,,screensaver_control,"{""operation"": ""打开"", ""object"": ""壁画"", ""value"": """", ""device"": """", ""location"": """"}",
设备,打开壁纸,,screensaver_control,"{""operation"": ""打开"", ""object"": ""壁纸"", ""value"": """", ""device"": """", ""location"": """"}",
设备,帮我打开屏保,,screensaver_control,"{""operation"": ""打开"", ""object"": ""屏保"", ""value"": """", ""device"": """", ""location"": """"}",
设备,帮我打开壁画,,screensaver_control,"{""operation"": ""打开"", ""object"": ""壁画"", ""value"": """", ""device"": """", ""location"": """"}",
设备,帮我打开壁纸,,screensaver_control,"{""operation"": ""打开"", ""object"": ""壁纸"", ""value"": """", ""device"": """", ""location"": """"}",
设备,把屏保打开,,screensaver_control,"{""operation"": ""打开"", ""object"": ""屏保"", ""value"": """", ""device"": """", ""location"": """"}",
设备,把壁画打开,,screensaver_control,"{""operation"": ""打开"", ""object"": ""壁画"", ""value"": """", ""device"": """", ""location"": """"}",
设备,把壁纸打开,,screensaver_control,"{""operation"": ""打开"", ""object"": ""壁纸"", ""value"": """", ""device"": """", ""location"": """"}",
设备,开启屏保,,screensaver_control,"{""operation"": ""打开"", ""object"": ""屏保"", ""value"": """", ""device"": """", ""location"": """"}",
设备,开启壁画,,screensaver_control,"{""operation"": ""打开"", ""object"": ""壁画"", ""value"": """", ""device"": """", ""location"": """"}",
设备,开启壁纸,,screensaver_control,"{""operation"": ""打开"", ""object"": ""壁纸"", ""value"": """", ""device"": """", ""location"": """"}",
设备,麻烦打开屏保,,screensaver_control,"{""operation"": ""打开"", ""object"": ""屏保"", ""value"": """", ""device"": """", ""location"": """"}",
设备,麻烦打开壁画,,screensaver_control,"{""operation"": ""打开"", ""object"": ""壁画"", ""value"": """", ""device"": """", ""location"": """"}",
设备,麻烦打开壁纸,,screensaver_control,"{""operation"": ""打开"", ""object"": ""壁纸"", ""value"": """", ""device"": """", ""location"": """"}",
设备,电视打开屏保,,screensaver_control,"{""operation"": ""打开"", ""object"": ""屏保"", ""value"": """", ""device"": ""电视"", ""location"": """"}",
设备,电视打开壁画,,screensaver_control,"{""operation"": ""打开"", ""object"": ""壁画"", ""value"": """", ""device"": ""电视"", ""location"": """"}",
设备,电视打开壁纸,,screensaver_control,"{""operation"": ""打开"", ""object"": ""壁纸"", ""value"": """", ""device"": ""电视"", ""location"": """"}",
设备,启动屏保,,screensaver_control,"{""operation"": ""打开"", ""object"": ""屏保"", ""value"": """", ""device"": """", ""location"": """"}",
设备,启动壁画,,screensaver_control,"{""operation"": ""打开"", ""object"": ""壁画"", ""value"": """", ""device"": """", ""location"": """"}",
设备,启动壁纸,,screensaver_control,"{""operation"": ""打开"", ""object"": ""壁纸"", ""value"": """", ""device"": """", ""location"": """"}",
设备,调出屏保,,screensaver_control,"{""operation"": ""打开"", ""object"": ""屏保"", ""value"": """", ""device"": """", ""location"": """"}",
设备,调出壁画,,screensaver_control,"{""operation"": ""打开"", ""object"": ""壁画"", ""value"": """", ""device"": """", ""location"": """"}",
设备,调出壁纸,,screensaver_control,"{""operation"": ""打开"", ""object"": ""壁纸"", ""value"": """", ""device"": """", ""location"": """"}",
设备,帮电视机打开屏保,,screensaver_control,"{""operation"": ""打开"", ""object"": ""屏保"", ""value"": """", ""device"": ""电视"", ""location"": """"}",
设备,帮电视机打开壁画,,screensaver_control,"{""operation"": ""打开"", ""object"": ""壁画"", ""value"": """", ""device"": ""电视"", ""location"": """"}",
设备,帮电视机打开壁纸,,screensaver_control,"{""operation"": ""打开"", ""object"": ""壁纸"", ""value"": """", ""device"": ""电视"", ""location"": """"}",
设备,开启电视屏保,,screensaver_control,"{""operation"": ""打开"", ""object"": ""屏保"", ""value"": """", ""device"": ""电视"", ""location"": """"}",
设备,开启电视壁画,,screensaver_control,"{""operation"": ""打开"", ""object"": ""壁画"", ""value"": """", ""device"": ""电视"", ""location"": """"}",
设备,开启电视壁纸,,screensaver_control,"{""operation"": ""打开"", ""object"": ""壁纸"", ""value"": """", ""device"": ""电视"", ""location"": """"}",
设备,将屏保打开,,screensaver_control,"{""operation"": ""打开"", ""object"": ""屏保"", ""value"": """", ""device"": """", ""location"": """"}",
设备,将壁画打开,,screensaver_control,"{""operation"": ""打开"", ""object"": ""壁画"", ""value"": """", ""device"": """", ""location"": """"}",
设备,将壁纸打开,,screensaver_control,"{""operation"": ""打开"", ""object"": ""壁纸"", ""value"": """", ""device"": """", ""location"": """"}",
设备,能不能打开屏保,,screensaver_control,"{""operation"": ""打开"", ""object"": ""屏保"", ""value"": """", ""device"": """", ""location"": """"}",
设备,能不能打开壁画,,screensaver_control,"{""operation"": ""打开"", ""object"": ""壁画"", ""value"": """", ""device"": """", ""location"": """"}",
设备,能不能打开壁纸,,screensaver_control,"{""operation"": ""打开"", ""object"": ""壁纸"", ""value"": """", ""device"": """", ""location"": """"}",
设备,我要打开屏保,,screensaver_control,"{""operation"": ""打开"", ""object"": ""屏保"", ""value"": """", ""device"": """", ""location"": """"}",
设备,我要打开壁画,,screensaver_control,"{""operation"": ""打开"", ""object"": ""壁画"", ""value"": """", ""device"": """", ""location"": """"}",
设备,我要打开壁纸,,screensaver_control,"{""operation"": ""打开"", ""object"": ""壁纸"", ""value"": """", ""device"": """", ""location"": """"}",
设备,屏幕打开屏保,,screensaver_control,"{""operation"": ""打开"", ""object"": ""屏保"", ""value"": """", ""device"": """", ""location"": """"}",
设备,屏幕打开壁画,,screensaver_control,"{""operation"": ""打开"", ""object"": ""壁画"", ""value"": """", ""device"": """", ""location"": """"}",
设备,屏幕打开壁纸,,screensaver_control,"{""operation"": ""打开"", ""object"": ""壁纸"", ""value"": """", ""device"": """", ""location"": """"}",
设备,打开屏保设置,,screensaver_control,"{""operation"": ""设置"", ""object"": ""屏保"", ""value"": """", ""device"": """", ""location"": """"}",
设备,打开壁画设置,,screensaver_control,"{""operation"": ""设置"", ""object"": ""壁画"", ""value"": """", ""device"": """", ""location"": """"}",
设备,打开壁纸设置,,screensaver_control,"{""operation"": ""设置"", ""object"": ""壁纸"", ""value"": """", ""device"": """", ""location"": """"}",
设备,帮我打开屏保设置,,screensaver_control,"{""operation"": ""设置"", ""object"": ""屏保"", ""value"": """", ""device"": """", ""location"": """"}",
设备,帮我打开壁画设置,,screensaver_control,"{""operation"": ""设置"", ""object"": ""壁画"", ""value"": """", ""device"": """", ""location"": """"}",
设备,帮我打开壁纸设置,,screensaver_control,"{""operation"": ""设置"", ""object"": ""壁纸"", ""value"": """", ""device"": """", ""location"": """"}",
设备,我要设置屏保,,screensaver_control,"{""operation"": ""设置"", ""object"": ""屏保"", ""value"": """", ""device"": """", ""location"": """"}",
设备,我要设置壁画,,screensaver_control,"{""operation"": ""设置"", ""object"": ""壁画"", ""value"": """", ""device"": """", ""location"": """"}",
设备,我要设置壁纸,,screensaver_control,"{""operation"": ""设置"", ""object"": ""壁纸"", ""value"": """", ""device"": """", ""location"": """"}",
设备,我想设置屏保壁画,,screensaver_control,,
设备,打开屏保的设置页面,,screensaver_control,"{""operation"": ""设置"", ""object"": ""屏保"", ""value"": """", ""device"": """", ""location"": """"}",
设备,打开壁画的设置页面,,screensaver_control,"{""operation"": ""设置"", ""object"": ""壁画"", ""value"": """", ""device"": """", ""location"": """"}",
设备,打开壁纸的设置页面,,screensaver_control,"{""operation"": ""设置"", ""object"": ""壁纸"", ""value"": """", ""device"": """", ""location"": """"}",
设备,进入屏保设置,,screensaver_control,"{""operation"": ""设置"", ""object"": ""屏保"", ""value"": """", ""device"": """", ""location"": """"}",
设备,进入壁画设置,,screensaver_control,"{""operation"": ""设置"", ""object"": ""壁画"", ""value"": """", ""device"": """", ""location"": """"}",
设备,进入壁纸设置,,screensaver_control,"{""operation"": ""设置"", ""object"": ""壁纸"", ""value"": """", ""device"": """", ""location"": """"}",
设备,帮我进到屏保设置,,screensaver_control,"{""operation"": ""设置"", ""object"": ""屏保"", ""value"": """", ""device"": """", ""location"": """"}",
设备,帮我进到壁画设置,,screensaver_control,"{""operation"": ""设置"", ""object"": ""壁画"", ""value"": """", ""device"": """", ""location"": """"}",
设备,帮我进到壁纸设置,,screensaver_control,"{""operation"": ""设置"", ""object"": ""壁纸"", ""value"": """", ""device"": """", ""location"": """"}",
设备,把屏保设置打开,,screensaver_control,"{""operation"": ""设置"", ""object"": ""屏保"", ""value"": """", ""device"": """", ""location"": """"}",
设备,把壁画设置打开,,screensaver_control,"{""operation"": ""设置"", ""object"": ""壁画"", ""value"": """", ""device"": """", ""location"": """"}",
设备,把壁纸设置打开,,screensaver_control,"{""operation"": ""设置"", ""object"": ""壁纸"", ""value"": """", ""device"": """", ""location"": """"}",
设备,开启屏保设置界面,,screensaver_control,"{""operation"": ""设置"", ""object"": ""屏保"", ""value"": """", ""device"": """", ""location"": """"}",
设备,开启壁画设置界面,,screensaver_control,"{""operation"": ""设置"", ""object"": ""壁画"", ""value"": """", ""device"": """", ""location"": """"}",
设备,开启壁纸设置界面,,screensaver_control,"{""operation"": ""设置"", ""object"": ""壁纸"", ""value"": """", ""device"": """", ""location"": """"}",
设备,电视打开屏保设置,,screensaver_control,"{""operation"": ""设置"", ""object"": ""屏保"", ""value"": """", ""device"": ""电视"", ""location"": """"}",
设备,电视打开壁画设置,,screensaver_control,"{""operation"": ""设置"", ""object"": ""壁画"", ""value"": """", ""device"": ""电视"", ""location"": """"}",
设备,电视打开壁纸设置,,screensaver_control,"{""operation"": ""设置"", ""object"": ""壁纸"", ""value"": """", ""device"": ""电视"", ""location"": """"}",
设备,调出屏保设置,,screensaver_control,"{""operation"": ""设置"", ""object"": ""屏保"", ""value"": """", ""device"": """", ""location"": """"}",
设备,调出壁画设置,,screensaver_control,"{""operation"": ""设置"", ""object"": ""壁画"", ""value"": """", ""device"": """", ""location"": """"}",
设备,调出壁纸设置,,screensaver_control,"{""operation"": ""设置"", ""object"": ""壁纸"", ""value"": """", ""device"": """", ""location"": """"}",
设备,我想要设置屏保,,screensaver_control,"{""operation"": ""设置"", ""object"": ""屏保"", ""value"": """", ""device"": """", ""location"": """"}",
设备,我想要设置壁画,,screensaver_control,"{""operation"": ""设置"", ""object"": ""壁画"", ""value"": """", ""device"": """", ""location"": """"}",
设备,我想要设置壁纸,,screensaver_control,"{""operation"": ""设置"", ""object"": ""壁纸"", ""value"": """", ""device"": """", ""location"": """"}",
设备,能不能打开屏保设置,,screensaver_control,"{""operation"": ""设置"", ""object"": ""屏保"", ""value"": """", ""device"": """", ""location"": """"}",
设备,能不能打开壁画设置,,screensaver_control,"{""operation"": ""设置"", ""object"": ""壁画"", ""value"": """", ""device"": """", ""location"": """"}",
设备,能不能打开壁纸设置,,screensaver_control,"{""operation"": ""设置"", ""object"": ""壁纸"", ""value"": """", ""device"": """", ""location"": """"}",
设备,打开屏保相关设置,,screensaver_control,"{""operation"": ""设置"", ""object"": ""屏保"", ""value"": """", ""device"": """", ""location"": """"}",
设备,打开壁画相关设置,,screensaver_control,"{""operation"": ""设置"", ""object"": ""壁画"", ""value"": """", ""device"": """", ""location"": """"}",
设备,打开壁纸相关设置,,screensaver_control,"{""operation"": ""设置"", ""object"": ""壁纸"", ""value"": """", ""device"": """", ""location"": """"}",
设备,帮电视机打开屏保设置,,screensaver_control,"{""operation"": ""设置"", ""object"": ""屏保"", ""value"": """", ""device"": ""电视"", ""location"": """"}",
设备,帮电视机打开壁画设置,,screensaver_control,"{""operation"": ""设置"", ""object"": ""壁画"", ""value"": """", ""device"": ""电视"", ""location"": """"}",
设备,帮电视机打开壁纸设置,,screensaver_control,"{""operation"": ""设置"", ""object"": ""壁纸"", ""value"": """", ""device"": ""电视"", ""location"": """"}",
设备,进入屏保的设置界面,,screensaver_control,"{""operation"": ""设置"", ""object"": ""屏保"", ""value"": """", ""device"": """", ""location"": """"}",
设备,进入壁画的设置界面,,screensaver_control,"{""operation"": ""设置"", ""object"": ""壁画"", ""value"": """", ""device"": """", ""location"": """"}",
设备,进入壁纸的设置界面,,screensaver_control,"{""operation"": ""设置"", ""object"": ""壁纸"", ""value"": """", ""device"": """", ""location"": """"}",
设备,我想去设置屏保,,screensaver_control,"{""operation"": ""设置"", ""object"": ""屏保"", ""value"": """", ""device"": """", ""location"": """"}",
设备,我想去设置壁画,,screensaver_control,"{""operation"": ""设置"", ""object"": ""壁画"", ""value"": """", ""device"": """", ""location"": """"}",
设备,我想去设置壁纸,,screensaver_control,"{""operation"": ""设置"", ""object"": ""壁纸"", ""value"": """", ""device"": """", ""location"": """"}",
设备,关闭屏保,,screensaver_control,"{""operation"": ""关闭"", ""object"": ""屏保"", ""value"": """", ""device"": """", ""location"": """"}",
设备,退出屏保,,screensaver_control,"{""operation"": ""关闭"", ""object"": ""屏保"", ""value"": """", ""device"": """", ""location"": """"}",
设备,不要显示屏保了,,screensaver_control,"{""operation"": ""关闭"", ""object"": ""屏保"", ""value"": """", ""device"": """", ""location"": """"}",
设备,帮我关闭屏保,,screensaver_control,"{""operation"": ""关闭"", ""object"": ""屏保"", ""value"": """", ""device"": """", ""location"": """"}",
设备,把屏保关掉,,screensaver_control,"{""operation"": ""关闭"", ""object"": ""屏保"", ""value"": """", ""device"": """", ""location"": """"}",
设备,关掉屏保,,screensaver_control,"{""operation"": ""关闭"", ""object"": ""屏保"", ""value"": """", ""device"": """", ""location"": """"}",
设备,停止屏保,,screensaver_control,"{""operation"": ""关闭"", ""object"": ""屏保"", ""value"": """", ""device"": """", ""location"": """"}",
设备,屏保关掉,,screensaver_control,"{""operation"": ""关闭"", ""object"": ""屏保"", ""value"": """", ""device"": """", ""location"": """"}",
设备,屏保关闭,,screensaver_control,"{""operation"": ""关闭"", ""object"": ""屏保"", ""value"": """", ""device"": """", ""location"": """"}",
设备,退出当前屏保,,screensaver_control,"{""operation"": ""关闭"", ""object"": ""屏保"", ""value"": """", ""device"": """", ""location"": """"}",
设备,帮我把屏保关掉,,screensaver_control,"{""operation"": ""关闭"", ""object"": ""屏保"", ""value"": """", ""device"": """", ""location"": """"}",
设备,麻烦关闭屏保,,screensaver_control,"{""operation"": ""关闭"", ""object"": ""屏保"", ""value"": """", ""device"": """", ""location"": """"}",
设备,麻烦关掉屏保,,screensaver_control,"{""operation"": ""关闭"", ""object"": ""屏保"", ""value"": """", ""device"": """", ""location"": """"}",
设备,电视关闭屏保,,screensaver_control,"{""operation"": ""关闭"", ""object"": ""屏保"", ""value"": """", ""device"": ""电视"", ""location"": """"}",
设备,电视关掉屏保,,screensaver_control,"{""operation"": ""关闭"", ""object"": ""屏保"", ""value"": """", ""device"": ""电视"", ""location"": """"}",
设备,取消屏保,,screensaver_control,"{""operation"": ""关闭"", ""object"": ""屏保"", ""value"": """", ""device"": """", ""location"": """"}",
设备,屏保不要显示了,,screensaver_control,"{""operation"": ""关闭"", ""object"": ""屏保"", ""value"": """", ""device"": """", ""location"": """"}",
设备,停止运行屏保,,screensaver_control,"{""operation"": ""关闭"", ""object"": ""屏保"", ""value"": """", ""device"": """", ""location"": """"}",
设备,将屏保关闭,,screensaver_control,"{""operation"": ""关闭"", ""object"": ""屏保"", ""value"": """", ""device"": """", ""location"": """"}",
设备,将屏保关掉,,screensaver_control,"{""operation"": ""关闭"", ""object"": ""屏保"", ""value"": """", ""device"": """", ""location"": """"}",
设备,能不能关闭屏保,,screensaver_control,"{""operation"": ""关闭"", ""object"": ""屏保"", ""value"": """", ""device"": """", ""location"": """"}",
设备,能不能关掉屏保,,screensaver_control,"{""operation"": ""关闭"", ""object"": ""屏保"", ""value"": """", ""device"": """", ""location"": """"}",
设备,我要关闭屏保,,screensaver_control,"{""operation"": ""关闭"", ""object"": ""屏保"", ""value"": """", ""device"": """", ""location"": """"}",
设备,我要关掉屏保,,screensaver_control,"{""operation"": ""关闭"", ""object"": ""屏保"", ""value"": """", ""device"": """", ""location"": """"}",
设备,退出电视屏保,,screensaver_control,"{""operation"": ""关闭"", ""object"": ""屏保"", ""value"": """", ""device"": ""电视"", ""location"": """"}",
设备,关掉屏幕的屏保,,screensaver_control,"{""operation"": ""关闭"", ""object"": ""屏保"", ""value"": """", ""device"": """", ""location"": """"}",
设备,关闭屏幕屏保,,screensaver_control,"{""operation"": ""关闭"", ""object"": ""屏保"", ""value"": """", ""device"": """", ""location"": """"}",
设备,屏保退出去,,screensaver_control,"{""operation"": ""关闭"", ""object"": ""屏保"", ""value"": """", ""device"": """", ""location"": """"}",
设备,帮电视关掉屏保,,screensaver_control,"{""operation"": ""关闭"", ""object"": ""屏保"", ""value"": """", ""device"": ""电视"", ""location"": """"}",
设备,帮电视关闭屏保,,screensaver_control,"{""operation"": ""关闭"", ""object"": ""屏保"", ""value"": """", ""device"": ""电视"", ""location"": """"}",
设备,屏保功能关掉,,screensaver_control,"{""operation"": ""关闭"", ""object"": ""屏保"", ""value"": """", ""device"": """", ""location"": """"}",
设备,屏保功能关闭,,screensaver_control,"{""operation"": ""关闭"", ""object"": ""屏保"", ""value"": """", ""device"": """", ""location"": """"}",
设备,不要启动屏保,,screensaver_control,"{""operation"": ""关闭"", ""object"": ""屏保"", ""value"": """", ""device"": """", ""location"": """"}",
设备,禁止显示屏保,,screensaver_control,"{""operation"": ""关闭"", ""object"": ""屏保"", ""value"": """", ""device"": """", ""location"": """"}",
设备,屏保取消掉,,screensaver_control,"{""operation"": ""关闭"", ""object"": ""屏保"", ""value"": """", ""device"": """", ""location"": """"}",
设备,把屏保退出,,screensaver_control,"{""operation"": ""关闭"", ""object"": ""屏保"", ""value"": """", ""device"": """", ""location"": """"}",
设备,结束屏保,,screensaver_control,"{""operation"": ""关闭"", ""object"": ""屏保"", ""value"": """", ""device"": """", ""location"": """"}",
设备,结束当前屏保,,screensaver_control,"{""operation"": ""关闭"", ""object"": ""屏保"", ""value"": """", ""device"": """", ""location"": """"}",
设备,屏保停止,,screensaver_control,"{""operation"": ""关闭"", ""object"": ""屏保"", ""value"": """", ""device"": """", ""location"": """"}",
设备,关掉正在运行的屏保,,screensaver_control,"{""operation"": ""关闭"", ""object"": ""屏保"", ""value"": """", ""device"": """", ""location"": """"}",
设备,关闭正在运行的屏保,,screensaver_control,"{""operation"": ""关闭"", ""object"": ""屏保"", ""value"": """", ""device"": """", ""location"": """"}",
设备,屏保不要弹出来,,screensaver_control,"{""operation"": ""关闭"", ""object"": ""屏保"", ""value"": """", ""device"": """", ""location"": """"}",
设备,让屏保消失,,screensaver_control,"{""operation"": ""关闭"", ""object"": ""屏保"", ""value"": """", ""device"": """", ""location"": """"}",
设备,退出屏保界面,,screensaver_control,"{""operation"": ""关闭"", ""object"": ""屏保"", ""value"": """", ""device"": """", ""location"": """"}",
设备,关掉屏保模式,,screensaver_control,"{""operation"": ""关闭"", ""object"": ""屏保"", ""value"": """", ""device"": """", ""location"": """"}",
设备,关闭屏保模式,,screensaver_control,"{""operation"": ""关闭"", ""object"": ""屏保"", ""value"": """", ""device"": """", ""location"": """"}",
设备,麻烦退出屏保,,screensaver_control,"{""operation"": ""关闭"", ""object"": ""屏保"", ""value"": """", ""device"": """", ""location"": """"}",
设备,可以关闭屏保吗,,screensaver_control,"{""operation"": ""关闭"", ""object"": ""屏保"", ""value"": """", ""device"": """", ""location"": """"}",
设备,把屏保给关掉,,screensaver_control,"{""operation"": ""关闭"", ""object"": ""屏保"", ""value"": """", ""device"": """", ""location"": """"}",
设备,屏保关掉吧,,screensaver_control,"{""operation"": ""关闭"", ""object"": ""屏保"", ""value"": """", ""device"": """", ""location"": """"}",
