域,row,intent,query,gold_tool,gold_params,pred_tool,pred_params,tool_ok,param_ok,both_ok,param_diff
设备,设备14,tv_control,打开超解像演示,demo_control,"{""device"": """", ""location"": """", ""object"": ""超解像演示"", ""operation"": ""打开"", ""value"": """"}",demo_control,"{""device"": """", ""location"": """", ""object"": ""超解像演示"", ""operation"": ""打开"", ""value"": """"}",Y,Y,Y,
设备,设备2,tv_control,打开demo演示,demo_control,"{""device"": """", ""location"": """", ""object"": ""demo演示"", ""operation"": ""打开"", ""value"": """"}",demo_control,"{""device"": """", ""location"": """", ""object"": ""demo演示"", ""operation"": ""打开"", ""value"": """"}",Y,Y,Y,
设备,设备15,tv_control,打开WAVES音效,audio_control,"{""device"": """", ""location"": """", ""object"": ""waves音效"", ""operation"": ""打开"", ""value"": """"}",audio_control,"{""device"": """", ""location"": """", ""object"": ""waves音效"", ""operation"": ""打开"", ""value"": """"}",Y,Y,Y,
设备,设备4,tv_control,打开ULED超画质演示,demo_control,"{""device"": """", ""location"": """", ""object"": ""uled超画质演示"", ""operation"": ""打开"", ""value"": """"}",demo_control,"{""device"": """", ""location"": """", ""object"": ""uled超画质演示"", ""operation"": ""打开"", ""value"": """"}",Y,Y,Y,
设备,设备16,tv_control,打开臻彩高色域,display_control,"{""device"": """", ""location"": """", ""object"": ""臻彩高色域"", ""operation"": ""打开"", ""value"": """"}",display_control,"{""device"": """", ""location"": """", ""object"": ""臻彩高色域"", ""operation"": ""打开"", ""value"": """"}",Y,Y,Y,
设备,设备6,tv_control,打开背光分区,display_control,"{""device"": """", ""location"": """", ""object"": ""背光分区"", ""operation"": ""打开"", ""value"": """"}",display_control,"{""device"": """", ""location"": """", ""object"": ""背光分区"", ""operation"": ""打开"", ""value"": """"}",Y,Y,Y,
设备,设备9,tv_control,打开全程HDR,display_control,"{""device"": """", ""location"": """", ""object"": ""全程hdr"", ""operation"": ""打开"", ""value"": """"}",display_control,"{""device"": """", ""location"": """", ""object"": ""全程hdr"", ""operation"": ""打开"", ""value"": """"}",Y,Y,Y,
设备,设备7,tv_control,打开图像分区,display_control,"{""device"": """", ""location"": """", ""object"": ""图像分区"", ""operation"": ""打开"", ""value"": """"}",display_control,"{""device"": """", ""location"": """", ""object"": ""图像分区"", ""operation"": ""打开"", ""value"": """"}",Y,Y,Y,
设备,设备13,tv_control,打开超高清演示,demo_control,"{""device"": """", ""location"": """", ""object"": ""超高清演示"", ""operation"": ""打开"", ""value"": """"}",demo_control,"{""device"": """", ""location"": """", ""object"": ""超高清演示"", ""operation"": ""打开"", ""value"": """"}",Y,Y,Y,
设备,设备8,tv_control,打开量子点四维真实还原系统,display_control,"{""device"": """", ""location"": """", ""object"": ""量子点四维真实还原系统"", ""operation"": ""打开"", ""value"": """"}",display_control,"{""device"": """", ""location"": """", ""object"": ""量子点四维真实还原系统"", ""operation"": ""打开"", ""value"": """"}",Y,Y,Y,
设备,设备10,tv_control,打开智能运动侦测,display_control,"{""device"": """", ""location"": """", ""object"": ""智能运动侦测"", ""operation"": ""打开"", ""value"": """"}",display_control,"{""device"": """", ""location"": """", ""object"": ""智能运动侦测"", ""operation"": ""打开"", ""value"": """"}",Y,Y,Y,
设备,设备17,tv_control,打开系统信息演示,demo_control,"{""device"": """", ""location"": """", ""object"": ""系统信息演示"", ""operation"": ""打开"", ""value"": """"}",demo_control,"{""device"": """", ""location"": """", ""object"": ""系统信息演示"", ""operation"": ""打开"", ""value"": """"}",Y,Y,Y,
设备,设备11,tv_control,打开超清在线解析,display_control,"{""device"": """", ""location"": """", ""object"": ""超清在线解析"", ""operation"": ""打开"", ""value"": """"}",display_control,"{""device"": """", ""location"": """", ""object"": ""超清在线解析"", ""operation"": ""打开"", ""value"": """"}",Y,Y,Y,
设备,设备12,tv_control,打开2K转4K演示,demo_control,"{""device"": """", ""location"": """", ""object"": ""2k转4k演示"", ""operation"": ""打开"", ""value"": """"}",demo_control,"{""device"": """", ""location"": """", ""object"": ""2k转4k演示"", ""operation"": ""打开"", ""value"": """"}",Y,Y,Y,
设备,设备5,tv_control,打开12bit精晰布光,display_control,"{""device"": """", ""location"": """", ""object"": ""12bit精晰布光"", ""operation"": ""打开"", ""value"": """"}",display_control,"{""device"": """", ""location"": """", ""object"": ""12bit精晰布光"", ""operation"": ""打开"", ""value"": """"}",Y,Y,Y,
设备,设备3,tv_control,打开图卡demo,demo_control,"{""device"": """", ""location"": """", ""object"": ""图卡demo"", ""operation"": ""打开"", ""value"": """"}",demo_control,"{""device"": """", ""location"": """", ""object"": ""图卡demo"", ""operation"": ""打开"", ""value"": """"}",Y,Y,Y,
设备,设备19,tv_control,打开真实色彩还原,display_control,"{""device"": """", ""location"": """", ""object"": ""真实色彩还原"", ""operation"": ""打开"", ""value"": """"}",display_control,"{""device"": """", ""location"": """", ""object"": ""真实色彩还原"", ""operation"": ""打开"", ""value"": """"}",Y,Y,Y,
设备,设备18,tv_control,打开量子点真实色彩还原,display_control,"{""device"": """", ""location"": """", ""object"": ""量子点真实色彩还原"", ""operation"": ""打开"", ""value"": """"}",display_control,"{""device"": """", ""location"": """", ""object"": ""量子点真实色彩还原"", ""operation"": ""打开"", ""value"": """"}",Y,Y,Y,
设备,设备20,tv_control,打开多层次细节增强演示,display_control,"{""device"": """", ""location"": """", ""object"": ""多层次细节增强演示"", ""operation"": ""打开"", ""value"": """"}",display_control,"{""device"": """", ""location"": """", ""object"": ""多层次细节增强演示"", ""operation"": ""打开"", ""value"": """"}",Y,Y,Y,
设备,设备21,tv_control,打开晶彩色控演示,demo_control,"{""device"": """", ""location"": """", ""object"": ""晶彩色控演示"", ""operation"": ""打开"", ""value"": """"}",demo_control,"{""device"": """", ""location"": """", ""object"": ""晶彩色控演示"", ""operation"": ""打开"", ""value"": """"}",Y,Y,Y,
设备,设备22,tv_control,打开亮暗精控演示,demo_control,"{""device"": """", ""location"": """", ""object"": ""亮暗精控演示"", ""operation"": ""打开"", ""value"": """"}",demo_control,"{""device"": """", ""location"": """", ""object"": ""亮暗精控演示"", ""operation"": ""打开"", ""value"": """"}",Y,Y,Y,
设备,设备23,tv_control,打开自动景深优化演示,demo_control,"{""device"": """", ""location"": """", ""object"": ""自动景深优化演示"", ""operation"": ""打开"", ""value"": """"}",demo_control,"{""device"": """", ""location"": """", ""object"": ""自动景深优化演示"", ""operation"": ""打开"", ""value"": """"}",Y,Y,Y,
设备,设备24,tv_control,打开数字剧院音效,audio_control,"{""device"": """", ""location"": """", ""object"": ""数字剧院音效"", ""operation"": ""打开"", ""value"": """"}",audio_control,"{""device"": """", ""location"": """", ""object"": ""数字剧院音效"", ""operation"": ""打开"", ""value"": """"}",Y,Y,Y,
设备,设备26,tv_control,打开电视音频增强,audio_control,"{""device"": """", ""location"": """", ""object"": ""电视音频增强"", ""operation"": ""打开"", ""value"": """"}",audio_control,"{""device"": """", ""location"": """", ""object"": ""电视音频增强"", ""operation"": ""打开"", ""value"": """"}",Y,Y,Y,
设备,设备25,tv_control,打开杜比全景声演示,demo_control,"{""device"": """", ""location"": """", ""object"": ""杜比全景声演示"", ""operation"": ""打开"", ""value"": """"}",demo_control,"{""device"": """", ""location"": """", ""object"": ""杜比全景声演示"", ""operation"": ""打开"", ""value"": """"}",Y,Y,Y,
设备,设备27,tv_control,打开立体音效,audio_control,"{""device"": """", ""location"": """", ""object"": ""立体音效"", ""operation"": ""打开"", ""value"": """"}",audio_control,"{""device"": """", ""location"": """", ""object"": ""立体音效"", ""operation"": ""打开"", ""value"": """"}",Y,Y,Y,
设备,设备28,tv_control,打开SDR转HDR,display_control,"{""device"": """", ""location"": """", ""object"": ""sdr转hdr"", ""operation"": ""打开"", ""value"": """"}",display_control,"{""device"": """", ""location"": """", ""object"": ""sdr转hdr"", ""operation"": ""打开"", ""value"": """"}",Y,Y,Y,
设备,设备29,tv_control,打开全维ai画质演示,demo_control,"{""device"": """", ""location"": """", ""object"": ""全维ai画质演示"", ""operation"": ""打开"", ""value"": """"}",demo_control,"{""device"": """", ""location"": """", ""object"": ""全维ai画质演示"", ""operation"": ""打开"", ""value"": """"}",Y,Y,Y,
设备,设备31,tv_control,打开原音复刻引擎,audio_control,"{""device"": """", ""location"": """", ""object"": ""原音复刻引擎"", ""operation"": ""打开"", ""value"": """"}",audio_control,"{""device"": """", ""location"": """", ""object"": ""原音复刻引擎"", ""operation"": ""打开"", ""value"": """"}",Y,Y,Y,
设备,设备30,tv_control,打开wifi6演示,demo_control,"{""device"": """", ""location"": """", ""object"": ""wifi6演示"", ""operation"": ""打开"", ""value"": """"}",demo_control,"{""device"": """", ""location"": """", ""object"": ""wifi6演示"", ""operation"": ""打开"", ""value"": """"}",Y,Y,Y,
设备,设备32,tv_control,打开家庭私有云演示,demo_control,"{""device"": """", ""location"": """", ""object"": ""家庭私有云演示"", ""operation"": ""打开"", ""value"": """"}",demo_control,"{""device"": """", ""location"": """", ""object"": ""家庭私有云演示"", ""operation"": ""打开"", ""value"": """"}",Y,Y,Y,
设备,设备34,tv_control,打开智慧之眼,smart_camera,"{""device"": """", ""location"": """", ""object"": ""智慧之眼"", ""operation"": ""打开"", ""value"": """"}",smart_camera,"{""device"": """", ""location"": """", ""object"": ""智慧之眼"", ""operation"": ""打开"", ""value"": """"}",Y,Y,Y,
设备,设备36,tv_control,打开儿童云关爱,smart_camera,"{""device"": """", ""location"": """", ""object"": ""儿童云关爱"", ""operation"": ""打开"", ""value"": """"}",smart_camera,"{""device"": """", ""location"": """", ""object"": ""儿童云关爱"", ""operation"": ""打开"", ""value"": """"}",Y,Y,Y,
设备,设备33,tv_control,打开全景云台摄像头,smart_camera,"{""device"": """", ""location"": """", ""object"": ""全景云台摄像头"", ""operation"": ""打开"", ""value"": """"}",smart_camera,"{""device"": """", ""location"": """", ""object"": ""全景云台摄像头"", ""operation"": ""打开"", ""value"": """"}",Y,Y,Y,
设备,设备35,tv_control,打开全时云守护,smart_camera,"{""device"": """", ""location"": """", ""object"": ""全时云守护"", ""operation"": ""打开"", ""value"": """"}",smart_camera,"{""device"": """", ""location"": """", ""object"": ""全时云守护"", ""operation"": ""打开"", ""value"": """"}",Y,Y,Y,
设备,设备37,tv_control,打开AI云健身,smart_camera,"{""device"": """", ""location"": """", ""object"": ""ai云健身"", ""operation"": ""打开"", ""value"": """"}",smart_camera,"{""device"": """", ""location"": """", ""object"": ""ai云健身"", ""operation"": ""打开"", ""value"": """"}",Y,Y,Y,
设备,设备38,tv_control,打开极速屏演示,demo_control,"{""device"": """", ""location"": """", ""object"": ""极速屏演示"", ""operation"": ""打开"", ""value"": """"}",demo_control,"{""device"": """", ""location"": """", ""object"": ""极速屏演示"", ""operation"": ""打开"", ""value"": """"}",Y,Y,Y,
设备,设备40,tv_control,打开全矩阵背光,display_control,"{""device"": """", ""location"": """", ""object"": ""全矩阵背光"", ""operation"": ""打开"", ""value"": """"}",display_control,"{""device"": """", ""location"": """", ""object"": ""全矩阵背光"", ""operation"": ""打开"", ""value"": """"}",Y,Y,Y,
设备,设备41,tv_control,打开ai音效自适应,audio_control,"{""device"": """", ""location"": """", ""object"": ""ai音效自适应"", ""operation"": ""打开"", ""value"": """"}",audio_control,"{""device"": """", ""location"": """", ""object"": ""ai音效自适应"", ""operation"": ""打开"", ""value"": """"}",Y,Y,Y,
设备,设备39,tv_control,打开锐速超解像,display_control,"{""device"": """", ""location"": """", ""object"": ""锐速超解像"", ""operation"": ""打开"", ""value"": """"}",display_control,"{""device"": """", ""location"": """", ""object"": ""锐速超解像"", ""operation"": ""打开"", ""value"": """"}",Y,Y,Y,
设备,设备42,tv_control,打开暗场细节提升,display_control,"{""device"": """", ""location"": """", ""object"": ""暗场细节提升"", ""operation"": ""打开"", ""value"": """"}",display_control,"{""device"": """", ""location"": """", ""object"": ""暗场细节提升"", ""operation"": ""打开"", ""value"": """"}",Y,Y,Y,
设备,设备45,tv_control,打开像素重塑,display_control,"{""device"": """", ""location"": """", ""object"": ""像素重塑"", ""operation"": ""打开"", ""value"": """"}",display_control,"{""device"": """", ""location"": """", ""object"": ""像素重塑"", ""operation"": ""打开"", ""value"": """"}",Y,Y,Y,
设备,设备43,tv_control,打开色彩精准设计,display_control,"{""device"": """", ""location"": """", ""object"": ""色彩精准设计"", ""operation"": ""打开"", ""value"": """"}",display_control,"{""device"": """", ""location"": """", ""object"": ""色彩精准设计"", ""operation"": ""打开"", ""value"": """"}",Y,Y,Y,
设备,设备44,tv_control,打开动态晶晰提升,display_control,"{""device"": """", ""location"": """", ""object"": ""动态晶晰提升"", ""operation"": ""打开"", ""value"": """"}",display_control,"{""device"": """", ""location"": """", ""object"": ""动态晶晰提升"", ""operation"": ""打开"", ""value"": """"}",Y,Y,Y,
设备,设备47,tv_control,打开超频瞬映,display_control,"{""device"": """", ""location"": """", ""object"": ""超频瞬映"", ""operation"": ""打开"", ""value"": """"}",display_control,"{""device"": """", ""location"": """", ""object"": ""超频瞬映"", ""operation"": ""打开"", ""value"": """"}",Y,Y,Y,
设备,设备46,tv_control,打开锐速超解像8k,display_control,"{""device"": """", ""location"": """", ""object"": ""锐速超解像8k"", ""operation"": ""打开"", ""value"": """"}",display_control,"{""device"": """", ""location"": """", ""object"": ""锐速超解像8k"", ""operation"": ""打开"", ""value"": """"}",Y,Y,Y,
设备,设备51,tv_control,打开暗夜精灵,display_control,"{""device"": """", ""location"": """", ""object"": ""暗夜精灵"", ""operation"": ""打开"", ""value"": """"}",display_control,"{""device"": """", ""location"": """", ""object"": ""暗夜精灵"", ""operation"": ""打开"", ""value"": """"}",Y,Y,Y,
设备,设备48,tv_control,打开双生叠屏,display_control,"{""device"": """", ""location"": """", ""object"": ""双生叠屏"", ""operation"": ""打开"", ""value"": """"}",display_control,"{""device"": """", ""location"": """", ""object"": ""双生叠屏"", ""operation"": ""打开"", ""value"": """"}",Y,Y,Y,
设备,设备49,tv_control,打开全色激光,display_control,"{""device"": """", ""location"": """", ""object"": ""全色激光"", ""operation"": ""打开"", ""value"": """"}",display_control,"{""device"": """", ""location"": """", ""object"": ""全色激光"", ""operation"": ""打开"", ""value"": """"}",Y,Y,Y,
设备,设备50,tv_control,打开全维ai音质,audio_control,"{""device"": """", ""location"": """", ""object"": ""全维ai音质"", ""operation"": ""打开"", ""value"": """"}",audio_control,"{""device"": """", ""location"": """", ""object"": ""全维ai音质"", ""operation"": ""打开"", ""value"": """"}",Y,Y,Y,
设备,设备53,tv_control,打开H3画质芯片,display_control,"{""device"": """", ""location"": """", ""object"": ""h3画质芯片"", ""operation"": ""打开"", ""value"": """"}",display_control,"{""device"": """", ""location"": """", ""object"": ""h3画质芯片"", ""operation"": ""打开"", ""value"": """"}",Y,Y,Y,
设备,设备52,tv_control,打开3D立体色彩管理,display_control,"{""device"": """", ""location"": """", ""object"": ""3d立体色彩管理"", ""operation"": ""打开"", ""value"": """"}",display_control,"{""device"": """", ""location"": """", ""object"": ""3d立体色彩管理"", ""operation"": ""打开"", ""value"": """"}",Y,Y,Y,
设备,设备55,tv_control,打开屏幕发声效果,audio_control,"{""device"": """", ""location"": """", ""object"": ""屏幕发声效果"", ""operation"": ""打开"", ""value"": """"}",audio_control,"{""device"": """", ""location"": """", ""object"": ""屏幕发声效果"", ""operation"": ""打开"", ""value"": """"}",Y,Y,Y,
设备,设备54,tv_control,打开人声中置声场,audio_control,"{""device"": """", ""location"": """", ""object"": ""人声中置声场"", ""operation"": ""打开"", ""value"": """"}",audio_control,"{""device"": """", ""location"": """", ""object"": ""人声中置声场"", ""operation"": ""打开"", ""value"": """"}",Y,Y,Y,
设备,设备56,tv_control,打开屏幕发声展示,demo_control,"{""device"": """", ""location"": """", ""object"": ""屏幕发声展示"", ""operation"": ""打开"", ""value"": """"}",demo_control,"{""device"": """", ""location"": """", ""object"": ""屏幕发声展示"", ""operation"": ""打开"", ""value"": """"}",Y,Y,Y,
设备,设备59,tv_control,打开跑马灯,display_control,"{""device"": """", ""location"": """", ""object"": ""跑马灯"", ""operation"": ""打开"", ""value"": """"}",display_control,"{""device"": """", ""location"": """", ""object"": ""跑马灯"", ""operation"": ""打开"", ""value"": """"}",Y,Y,Y,
设备,设备61,tv_control,打开高动态范围,display_control,"{""device"": """", ""location"": """", ""object"": ""高动态范围"", ""operation"": ""打开"", ""value"": """"}",display_control,"{""device"": """", ""location"": """", ""object"": ""高动态范围"", ""operation"": ""打开"", ""value"": """"}",Y,Y,Y,
设备,设备57,tv_control,打开多声道空间声场,audio_control,"{""device"": """", ""location"": """", ""object"": ""多声道空间声场"", ""operation"": ""打开"", ""value"": """"}",audio_control,"{""device"": """", ""location"": """", ""object"": ""多声道空间声场"", ""operation"": ""打开"", ""value"": """"}",Y,Y,Y,
设备,设备58,tv_control,打开高清晰度演示,demo_control,"{""device"": """", ""location"": """", ""object"": ""高清晰度演示"", ""operation"": ""打开"", ""value"": """"}",demo_control,"{""device"": """", ""location"": """", ""object"": ""高清晰度演示"", ""operation"": ""打开"", ""value"": """"}",Y,Y,Y,
设备,设备60,tv_control,打开高对比度演示,demo_control,"{""device"": """", ""location"": """", ""object"": ""高对比度演示"", ""operation"": ""打开"", ""value"": """"}",demo_control,"{""device"": """", ""location"": """", ""object"": ""高对比度演示"", ""operation"": ""打开"", ""value"": """"}",Y,Y,Y,
设备,设备65,tv_control,打开屏幕发声demo,demo_control,"{""device"": """", ""location"": """", ""object"": ""屏幕发声demo"", ""operation"": ""打开"", ""value"": """"}",demo_control,"{""device"": """", ""location"": """", ""object"": ""屏幕发声demo"", ""operation"": ""打开"", ""value"": """"}",Y,Y,Y,
设备,设备62,tv_control,打开疾速对比,display_control,"{""device"": """", ""location"": """", ""object"": ""疾速对比"", ""operation"": ""打开"", ""value"": """"}",display_control,"{""device"": """", ""location"": """", ""object"": ""疾速对比"", ""operation"": ""打开"", ""value"": """"}",Y,Y,Y,
设备,设备64,tv_control,打开waves超重低音,audio_control,"{""device"": """", ""location"": """", ""object"": ""waves超重低音"", ""operation"": ""打开"", ""value"": """"}",audio_control,"{""device"": """", ""location"": """", ""object"": ""waves超重低音"", ""operation"": ""打开"", ""value"": """"}",Y,Y,Y,
设备,设备63,tv_control,打开AI加变频运动补偿,display_control,"{""device"": """", ""location"": """", ""object"": ""ai加变频运动补偿"", ""operation"": ""打开"", ""value"": """"}",display_control,"{""device"": """", ""location"": """", ""object"": ""ai加变频运动补偿"", ""operation"": ""打开"", ""value"": """"}",Y,Y,Y,
设备,设备66,tv_control,打开ai人像增强,display_control,"{""device"": """", ""location"": """", ""object"": ""ai人像增强"", ""operation"": ""打开"", ""value"": """"}",display_control,"{""device"": """", ""location"": """", ""object"": ""ai人像增强"", ""operation"": ""打开"", ""value"": """"}",Y,Y,Y,
设备,设备67,tv_control,打开AI色彩均衡,display_control,"{""device"": """", ""location"": """", ""object"": ""ai色彩均衡"", ""operation"": ""打开"", ""value"": """"}",display_control,"{""device"": """", ""location"": """", ""object"": ""ai色彩均衡"", ""operation"": ""打开"", ""value"": """"}",Y,Y,Y,
设备,设备69,tv_control,打开观看尺寸参考,display_control,"{""device"": """", ""location"": """", ""object"": ""观看尺寸参考"", ""operation"": ""打开"", ""value"": """"}",display_control,"{""device"": """", ""location"": """", ""object"": ""观看尺寸参考"", ""operation"": ""打开"", ""value"": """"}",Y,Y,Y,
设备,设备68,tv_control,打开ULED_XDR,display_control,"{""device"": """", ""location"": """", ""object"": ""uledxdr"", ""operation"": ""打开"", ""value"": """"}",display_control,"{""device"": """", ""location"": """", ""object"": ""uledxdr"", ""operation"": ""打开"", ""value"": """"}",Y,Y,Y,
设备,设备70,tv_control,打开MiniLed,display_control,"{""device"": """", ""location"": """", ""object"": ""miniled"", ""operation"": ""打开"", ""value"": """"}",display_control,"{""device"": """", ""location"": """", ""object"": ""miniled"", ""operation"": ""打开"", ""value"": """"}",Y,Y,Y,
设备,设备71,tv_control,打开高刷新率,numeric_adjust,"{""device"": """", ""location"": """", ""object"": ""高刷新率"", ""operation"": ""打开"", ""value"": """"}",numeric_adjust,"{""device"": """", ""location"": """", ""object"": ""高刷新率"", ""operation"": ""打开"", ""value"": """"}",Y,Y,Y,
设备,设备72,tv_control,打开测试图卡,display_control,"{""device"": """", ""location"": """", ""object"": ""测试图卡"", ""operation"": ""打开"", ""value"": """"}",display_control,"{""device"": """", ""location"": """", ""object"": ""测试图卡"", ""operation"": ""打开"", ""value"": """"}",Y,Y,Y,
设备,设备76,tv_control,打开分区控光差异,display_control,"{""device"": """", ""location"": """", ""object"": ""分区控光差异"", ""operation"": ""打开"", ""value"": """"}",display_control,"{""device"": """", ""location"": """", ""object"": ""分区控光差异"", ""operation"": ""打开"", ""value"": """"}",Y,Y,Y,
设备,设备75,tv_control,打开16bits环境控光,display_control,"{""device"": """", ""location"": """", ""object"": ""16bits环境控光"", ""operation"": ""打开"", ""value"": """"}",display_control,"{""device"": """", ""location"": """", ""object"": ""16bits环境控光"", ""operation"": ""打开"", ""value"": """"}",Y,Y,Y,
设备,设备74,tv_control,打开U加超画质引擎,display_control,"{""device"": """", ""location"": """", ""object"": ""u加超画质引擎"", ""operation"": ""打开"", ""value"": """"}",display_control,"{""device"": """", ""location"": """", ""object"": ""u加超画质引擎"", ""operation"": ""打开"", ""value"": """"}",Y,Y,Y,
设备,设备73,tv_control,打开240Hz疾速屏,display_control,"{""device"": """", ""location"": """", ""object"": ""240hz疾速屏"", ""operation"": ""打开"", ""value"": """"}",display_control,"{""device"": """", ""location"": """", ""object"": ""240hz疾速屏"", ""operation"": ""打开"", ""value"": """"}",Y,Y,Y,
设备,设备77,tv_control,打开Mini全阵列动态背光,display_control,"{""device"": """", ""location"": """", ""object"": ""mini全阵列动态背光"", ""operation"": ""打开"", ""value"": """"}",display_control,"{""device"": """", ""location"": """", ""object"": ""mini全阵列动态背光"", ""operation"": ""打开"", ""value"": """"}",Y,Y,Y,
设备,设备78,tv_control,打开分屏演示,demo_control,"{""device"": """", ""location"": """", ""object"": ""分屏演示"", ""operation"": ""打开"", ""value"": """"}",demo_control,"{""device"": """", ""location"": """", ""object"": ""分屏演示"", ""operation"": ""打开"", ""value"": """"}",Y,Y,Y,
设备,设备79,tv_control,打开XDR极致动态范围,display_control,"{""device"": """", ""location"": """", ""object"": ""xdr极致动态范围"", ""operation"": ""打开"", ""value"": """"}",display_control,"{""device"": """", ""location"": """", ""object"": ""xdr极致动态范围"", ""operation"": ""打开"", ""value"": """"}",Y,Y,Y,
设备,设备80,tv_control,打开极致稳定峰值亮度,display_control,"{""device"": """", ""location"": """", ""object"": ""极致稳定峰值亮度"", ""operation"": ""打开"", ""value"": """"}",display_control,"{""device"": """", ""location"": """", ""object"": ""极致稳定峰值亮度"", ""operation"": ""打开"", ""value"": """"}",Y,Y,Y,
设备,设备81,tv_control,打开专业游戏模式,display_control,"{""device"": """", ""location"": """", ""object"": ""专业游戏模式"", ""operation"": ""打开"", ""value"": """"}",display_control,"{""device"": """", ""location"": """", ""object"": ""专业游戏模式"", ""operation"": ""打开"", ""value"": """"}",Y,Y,Y,
设备,设备83,tv_control,打开HDR增强,display_control,"{""device"": """", ""location"": """", ""object"": ""hdr增强"", ""operation"": ""打开"", ""value"": """"}",display_control,"{""device"": """", ""location"": """", ""object"": ""hdr增强"", ""operation"": ""打开"", ""value"": """"}",Y,Y,Y,
设备,设备82,tv_control,打开AI景深增强,display_control,"{""device"": """", ""location"": """", ""object"": ""ai景深增强"", ""operation"": ""打开"", ""value"": """"}",display_control,"{""device"": """", ""location"": """", ""object"": ""ai景深增强"", ""operation"": ""打开"", ""value"": """"}",Y,Y,Y,
设备,设备84,tv_control,打开疾速控光,display_control,"{""device"": """", ""location"": """", ""object"": ""疾速控光"", ""operation"": ""打开"", ""value"": """"}",display_control,"{""device"": """", ""location"": """", ""object"": ""疾速控光"", ""operation"": ""打开"", ""value"": """"}",Y,Y,Y,
设备,设备85,tv_control,打开动态清晰度增强,display_control,"{""device"": """", ""location"": """", ""object"": ""动态清晰度增强"", ""operation"": ""打开"", ""value"": """"}",display_control,"{""device"": """", ""location"": """", ""object"": ""动态清晰度增强"", ""operation"": ""打开"", ""value"": """"}",Y,Y,Y,
设备,设备86,tv_control,打开环境光感智能,display_control,"{""device"": """", ""location"": """", ""object"": ""环境光感智能"", ""operation"": ""打开"", ""value"": """"}",display_control,"{""device"": """", ""location"": """", ""object"": ""环境光感智能"", ""operation"": ""打开"", ""value"": """"}",Y,Y,Y,
设备,设备88,tv_control,打开数字艺术,display_control,"{""device"": """", ""location"": """", ""object"": ""数字艺术"", ""operation"": ""打开"", ""value"": """"}",display_control,"{""device"": """", ""location"": """", ""object"": ""数字艺术"", ""operation"": ""打开"", ""value"": """"}",Y,Y,Y,
设备,设备87,tv_control,打开原画显示,display_control,"{""device"": """", ""location"": """", ""object"": ""原画显示"", ""operation"": ""打开"", ""value"": """"}",display_control,"{""device"": """", ""location"": """", ""object"": ""原画显示"", ""operation"": ""打开"", ""value"": """"}",Y,Y,Y,
设备,设备90,tv_control,打开高色准,display_control,"{""device"": """", ""location"": """", ""object"": ""高色准"", ""operation"": ""打开"", ""value"": """"}",display_control,"{""device"": """", ""location"": """", ""object"": ""高色准"", ""operation"": ""打开"", ""value"": """"}",Y,Y,Y,
设备,设备89,tv_control,打开Imax_Enhanced,display_control,"{""device"": """", ""location"": """", ""object"": ""imaxenhanced"", ""operation"": ""打开"", ""value"": """"}",display_control,"{""device"": """", ""location"": """", ""object"": ""imaxenhanced"", ""operation"": ""打开"", ""value"": """"}",Y,Y,Y,
设备,设备91,tv_control,打开NAS私有云,common_control,"{""device"": """", ""location"": """", ""object"": ""nas私有云"", ""operation"": ""打开"", ""value"": """"}",common_control,"{""device"": """", ""location"": """", ""object"": ""nas私有云"", ""operation"": ""打开"", ""value"": """"}",Y,Y,Y,
设备,设备92,tv_control,打开产品展示,demo_control,"{""device"": """", ""location"": """", ""object"": ""产品展示"", ""operation"": ""打开"", ""value"": """"}",demo_control,"{""device"": """", ""location"": """", ""object"": ""产品展示"", ""operation"": ""打开"", ""value"": """"}",Y,Y,Y,
设备,设备93,tv_control,打开智能运动侦测Pro,display_control,"{""device"": """", ""location"": """", ""object"": ""智能运动侦测pro"", ""operation"": ""打开"", ""value"": """"}",display_control,"{""device"": """", ""location"": """", ""object"": ""智能运动侦测pro"", ""operation"": ""打开"", ""value"": """"}",Y,Y,Y,
设备,设备95,tv_control,打开AI景深重塑,display_control,"{""device"": """", ""location"": """", ""object"": ""ai景深重塑"", ""operation"": ""打开"", ""value"": """"}",display_control,"{""device"": """", ""location"": """", ""object"": ""ai景深重塑"", ""operation"": ""打开"", ""value"": """"}",Y,Y,Y,
设备,设备94,tv_control,打开7680Hz疾速刷新,display_control,"{""device"": """", ""location"": """", ""object"": ""7680hz疾速刷新"", ""operation"": ""打开"", ""value"": """"}",display_control,"{""device"": """", ""location"": """", ""object"": ""7680hz疾速刷新"", ""operation"": ""打开"", ""value"": """"}",Y,Y,Y,
设备,设备96,tv_control,打开HDR细节增强,display_control,"{""device"": """", ""location"": """", ""object"": ""hdr细节增强"", ""operation"": ""打开"", ""value"": """"}",display_control,"{""device"": """", ""location"": """", ""object"": ""hdr细节增强"", ""operation"": ""打开"", ""value"": """"}",Y,Y,Y,
设备,设备97,tv_control,打开场景细节增强,display_control,"{""device"": """", ""location"": """", ""object"": ""场景细节增强"", ""operation"": ""打开"", ""value"": """"}",display_control,"{""device"": """", ""location"": """", ""object"": ""场景细节增强"", ""operation"": ""打开"", ""value"": """"}",Y,Y,Y,
设备,设备98,tv_control,打开BT2020立体色域,display_control,"{""device"": """", ""location"": """", ""object"": ""bt2020立体色域"", ""operation"": ""打开"", ""value"": """"}",display_control,"{""device"": """", ""location"": """", ""object"": ""bt2020立体色域"", ""operation"": ""打开"", ""value"": """"}",Y,Y,Y,
设备,设备100,tv_control,打开赛场音效,audio_control,"{""device"": """", ""location"": """", ""object"": ""赛场音效"", ""operation"": ""打开"", ""value"": """"}",audio_control,"{""device"": """", ""location"": """", ""object"": ""赛场音效"", ""operation"": ""打开"", ""value"": """"}",Y,Y,Y,
设备,设备99,tv_control,打开多声道音响,audio_control,"{""device"": """", ""location"": """", ""object"": ""多声道音响"", ""operation"": ""打开"", ""value"": """"}",audio_control,"{""device"": """", ""location"": """", ""object"": ""多声道音响"", ""operation"": ""打开"", ""value"": """"}",Y,Y,Y,
设备,设备101,tv_control,打开一键入幕,smart_camera,"{""device"": """", ""location"": """", ""object"": ""一键入幕"", ""operation"": ""打开"", ""value"": """"}",smart_camera,"{""device"": """", ""location"": """", ""object"": ""一键入幕"", ""operation"": ""打开"", ""value"": """"}",Y,Y,Y,
设备,设备102,tv_control,打开多分区Local_Dimming背光,display_control,"{""device"": """", ""location"": """", ""object"": ""多分区localdimming背光"", ""operation"": ""打开"", ""value"": """"}",display_control,"{""device"": """", ""location"": """", ""object"": ""多分区localdimming背光"", ""operation"": ""打开"", ""value"": """"}",Y,Y,Y,
设备,设备103,tv_control,打开智能暂停演示,demo_control,"{""device"": """", ""location"": """", ""object"": ""智能暂停演示"", ""operation"": ""打开"", ""value"": """"}",demo_control,"{""device"": """", ""location"": """", ""object"": ""智能暂停演示"", ""operation"": ""打开"", ""value"": """"}",Y,Y,Y,
设备,设备105,tv_control,打开立体全色域,display_control,"{""device"": """", ""location"": """", ""object"": ""立体全色域"", ""operation"": ""打开"", ""value"": """"}",display_control,"{""device"": """", ""location"": """", ""object"": ""立体全色域"", ""operation"": ""打开"", ""value"": """"}",Y,Y,Y,
设备,设备104,tv_control,打开智能节能演示,demo_control,"{""device"": """", ""location"": """", ""object"": ""智能节能演示"", ""operation"": ""打开"", ""value"": """"}",demo_control,"{""device"": """", ""location"": """", ""object"": ""智能节能演示"", ""operation"": ""打开"", ""value"": """"}",Y,Y,Y,
设备,设备106,tv_control,打开空间声场自适应,audio_control,"{""device"": """", ""location"": """", ""object"": ""空间声场自适应"", ""operation"": ""打开"", ""value"": """"}",audio_control,"{""device"": """", ""location"": """", ""object"": ""空间声场自适应"", ""operation"": ""打开"", ""value"": """"}",Y,Y,Y,
设备,设备107,tv_control,打开150HZ疾速屏,display_control,"{""device"": """", ""location"": """", ""object"": ""150hz疾速屏"", ""operation"": ""打开"", ""value"": """"}",display_control,"{""device"": """", ""location"": """", ""object"": ""150hz疾速屏"", ""operation"": ""打开"", ""value"": """"}",Y,Y,Y,
设备,设备108,tv_control,打开全时图像优化,display_control,"{""device"": """", ""location"": """", ""object"": ""全时图像优化"", ""operation"": ""打开"", ""value"": """"}",display_control,"{""device"": """", ""location"": """", ""object"": ""全时图像优化"", ""operation"": ""打开"", ""value"": """"}",Y,Y,Y,
设备,设备109,tv_control,打开AI人声清晰,audio_control,"{""device"": """", ""location"": """", ""object"": ""ai人声清晰"", ""operation"": ""打开"", ""value"": """"}",audio_control,"{""device"": """", ""location"": """", ""object"": ""ai人声清晰"", ""operation"": ""打开"", ""value"": """"}",Y,Y,Y,
设备,设备110,tv_control,打开Hi无线杜比全景声,audio_control,"{""device"": """", ""location"": """", ""object"": ""hi无线杜比全景声"", ""operation"": ""打开"", ""value"": """"}",audio_control,"{""device"": """", ""location"": """", ""object"": ""hi无线杜比全景声"", ""operation"": ""打开"", ""value"": """"}",Y,Y,Y,
设备,设备111,tv_control,打开全域明暗精控,display_control,"{""device"": """", ""location"": """", ""object"": ""全域明暗精控"", ""operation"": ""打开"", ""value"": """"}",display_control,"{""device"": """", ""location"": """", ""object"": ""全域明暗精控"", ""operation"": ""打开"", ""value"": """"}",Y,Y,Y,
设备,设备112,tv_control,打开火箭炮声学设计,audio_control,"{""device"": """", ""location"": """", ""object"": ""火箭炮声学设计"", ""operation"": ""打开"", ""value"": """"}",audio_control,"{""device"": """", ""location"": """", ""object"": ""火箭炮声学设计"", ""operation"": ""打开"", ""value"": """"}",Y,Y,Y,
设备,设备113,tv_control,打开AI全维感知Pro,display_control,"{""device"": """", ""location"": """", ""object"": ""ai全维感知pro"", ""operation"": ""打开"", ""value"": """"}",display_control,"{""device"": """", ""location"": """", ""object"": ""ai全维感知pro"", ""operation"": ""打开"", ""value"": """"}",Y,Y,Y,
设备,设备115,tv_control,打开RGB光色同控,display_control,"{""device"": """", ""location"": """", ""object"": ""rgb光色同控"", ""operation"": ""打开"", ""value"": """"}",display_control,"{""device"": """", ""location"": """", ""object"": ""rgb光色同控"", ""operation"": ""打开"", ""value"": """"}",Y,Y,Y,
设备,设备114,tv_control,打开AI动态超解像Pro,display_control,"{""device"": """", ""location"": """", ""object"": ""ai动态超解像pro"", ""operation"": ""打开"", ""value"": """"}",display_control,"{""device"": """", ""location"": """", ""object"": ""ai动态超解像pro"", ""operation"": ""打开"", ""value"": """"}",Y,Y,Y,
设备,设备117,tv_control,打开AI原生肤色,display_control,"{""device"": """", ""location"": """", ""object"": ""ai原生肤色"", ""operation"": ""打开"", ""value"": """"}",display_control,"{""device"": """", ""location"": """", ""object"": ""ai原生肤色"", ""operation"": ""打开"", ""value"": """"}",Y,Y,Y,
设备,设备116,tv_control,打开AI超感景深增强,display_control,"{""device"": """", ""location"": """", ""object"": ""ai超感景深增强"", ""operation"": ""打开"", ""value"": """"}",display_control,"{""device"": """", ""location"": """", ""object"": ""ai超感景深增强"", ""operation"": ""打开"", ""value"": """"}",Y,Y,Y,
设备,设备118,tv_control,打开屏幕展示,demo_control,"{""device"": """", ""location"": """", ""object"": ""屏幕展示"", ""operation"": ""打开"", ""value"": """"}",demo_control,"{""device"": """", ""location"": """", ""object"": ""屏幕展示"", ""operation"": ""打开"", ""value"": """"}",Y,Y,Y,
设备,设备119,tv_control,打开黑耀屏,display_control,"{""device"": """", ""location"": """", ""object"": ""黑耀屏"", ""operation"": ""打开"", ""value"": """"}",display_control,"{""device"": """", ""location"": """", ""object"": ""黑耀屏"", ""operation"": ""打开"", ""value"": """"}",Y,Y,Y,
设备,设备120,tv_control,打开墨晶屏,display_control,"{""device"": """", ""location"": """", ""object"": ""墨晶屏"", ""operation"": ""打开"", ""value"": """"}",display_control,"{""device"": """", ""location"": """", ""object"": ""墨晶屏"", ""operation"": ""打开"", ""value"": """"}",Y,Y,Y,
设备,设备122,tv_control,打开帝瓦雷低音管理系统,audio_control,"{""device"": """", ""location"": """", ""object"": ""帝瓦雷低音管理系统"", ""operation"": ""打开"", ""value"": """"}",audio_control,"{""device"": """", ""location"": """", ""object"": ""帝瓦雷低音管理系统"", ""operation"": ""打开"", ""value"": """"}",Y,Y,Y,
设备,设备121,tv_control,打开帝瓦雷音响系统,audio_control,"{""device"": """", ""location"": """", ""object"": ""帝瓦雷音响系统"", ""operation"": ""打开"", ""value"": """"}",audio_control,"{""device"": """", ""location"": """", ""object"": ""帝瓦雷音响系统"", ""operation"": ""打开"", ""value"": """"}",Y,Y,Y,
设备,设备123,tv_control,打开MicroLED自发光技术,display_control,"{""device"": """", ""location"": """", ""object"": ""microled自发光技术"", ""operation"": ""打开"", ""value"": """"}",display_control,"{""device"": """", ""location"": """", ""object"": ""microled自发光技术"", ""operation"": ""打开"", ""value"": """"}",Y,Y,Y,
设备,设备124,tv_control,打开像素控光,display_control,"{""device"": """", ""location"": """", ""object"": ""像素控光"", ""operation"": ""打开"", ""value"": """"}",display_control,"{""device"": """", ""location"": """", ""object"": ""像素控光"", ""operation"": ""打开"", ""value"": """"}",Y,Y,Y,
设备,设备125,tv_control,打开极致黑对比度,display_control,"{""device"": """", ""location"": """", ""object"": ""极致黑对比度"", ""operation"": ""打开"", ""value"": """"}",display_control,"{""device"": """", ""location"": """", ""object"": ""极致黑对比度"", ""operation"": ""打开"", ""value"": """"}",Y,Y,Y,
设备,设备126,tv_control,打开物理超广视角,display_control,"{""device"": """", ""location"": """", ""object"": ""物理超广视角"", ""operation"": ""打开"", ""value"": """"}",display_control,"{""device"": """", ""location"": """", ""object"": ""物理超广视角"", ""operation"": ""打开"", ""value"": """"}",Y,Y,Y,
设备,设备127,tv_control,打开低蓝光护眼,display_control,"{""device"": """", ""location"": """", ""object"": ""低蓝光护眼"", ""operation"": ""打开"", ""value"": """"}",display_control,"{""device"": """", ""location"": """", ""object"": ""低蓝光护眼"", ""operation"": ""打开"", ""value"": """"}",Y,Y,Y,
设备,设备128,tv_control,打开影院音效演示,audio_control,"{""device"": """", ""location"": """", ""object"": ""影院音效演示"", ""operation"": ""打开"", ""value"": """"}",audio_control,"{""device"": """", ""location"": """", ""object"": ""影院音效演示"", ""operation"": ""打开"", ""value"": """"}",Y,Y,Y,
设备,设备129,tv_control,打开发声区域,audio_control,"{""device"": """", ""location"": """", ""object"": ""发声区域"", ""operation"": ""打开"", ""value"": """"}",audio_control,"{""device"": """", ""location"": """", ""object"": ""发声区域"", ""operation"": ""打开"", ""value"": """"}",Y,Y,Y,
设备,设备130,tv_control,打开智控红光,display_control,"{""device"": """", ""location"": """", ""object"": ""智控红光"", ""operation"": ""打开"", ""value"": """"}",display_control,"{""device"": """", ""location"": """", ""object"": ""智控红光"", ""operation"": ""打开"", ""value"": """"}",Y,Y,Y,
设备,设备131,tv_control,打开大冲程低音炮,audio_control,"{""device"": """", ""location"": """", ""object"": ""大冲程低音炮"", ""operation"": ""打开"", ""value"": """"}",audio_control,"{""device"": """", ""location"": """", ""object"": ""大冲程低音炮"", ""operation"": ""打开"", ""value"": """"}",Y,Y,Y,
设备,设备132,tv_control,打开8声道独立驱动发声,audio_control,"{""device"": """", ""location"": """", ""object"": ""8声道独立驱动发声"", ""operation"": ""打开"", ""value"": """"}",audio_control,"{""device"": """", ""location"": """", ""object"": ""8声道独立驱动发声"", ""operation"": ""打开"", ""value"": """"}",Y,Y,Y,
设备,设备133,tv_control,打开房间声学,audio_control,"{""device"": """", ""location"": """", ""object"": ""房间声学"", ""operation"": ""打开"", ""value"": """"}",audio_control,"{""device"": """", ""location"": """", ""object"": ""房间声学"", ""operation"": ""打开"", ""value"": """"}",Y,Y,Y,
设备,设备134,tv_control,打开帝瓦雷音响体验,demo_control,"{""device"": """", ""location"": """", ""object"": ""帝瓦雷音响体验"", ""operation"": ""打开"", ""value"": """"}",demo_control,"{""device"": """", ""location"": """", ""object"": ""帝瓦雷音响体验"", ""operation"": ""打开"", ""value"": """"}",Y,Y,Y,
设备,设备135,tv_control,打开AI原生肤色Pro,display_control,"{""device"": """", ""location"": """", ""object"": ""ai原生肤色pro"", ""operation"": ""打开"", ""value"": """"}",display_control,"{""device"": """", ""location"": """", ""object"": ""ai原生肤色pro"", ""operation"": ""打开"", ""value"": """"}",Y,Y,Y,
设备,设备137,tv_control,打开商场模式设置,common_control,"{""device"": """", ""location"": """", ""object"": ""商场模式设置"", ""operation"": ""打开"", ""value"": """"}",common_control,"{""device"": """", ""location"": """", ""object"": ""商场模式设置"", ""operation"": ""打开"", ""value"": """"}",Y,Y,Y,
设备,设备138,tv_control,打开演示片源,common_control,"{""device"": """", ""location"": """", ""object"": ""演示片源"", ""operation"": ""打开"", ""value"": """"}",common_control,"{""device"": """", ""location"": """", ""object"": ""演示片源"", ""operation"": ""打开"", ""value"": """"}",Y,Y,Y,
设备,设备136,tv_control,打开DTS_Virtual_X音效,audio_control,"{""device"": """", ""location"": """", ""object"": ""dts_virtual_x音效"", ""operation"": ""打开"", ""value"": """"}",audio_control,"{""device"": """", ""location"": """", ""object"": ""dts_virtual_x音效"", ""operation"": ""打开"", ""value"": """"}",Y,Y,Y,
设备,设备139,tv_control,打开文件导入,common_control,"{""device"": """", ""location"": """", ""object"": ""文件导入"", ""operation"": ""打开"", ""value"": """"}",common_control,"{""device"": """", ""location"": """", ""object"": ""文件导入"", ""operation"": ""打开"", ""value"": """"}",Y,Y,Y,
设备,设备140,tv_control,打开演示项视频导入,common_control,"{""device"": """", ""location"": """", ""object"": ""演示项视频导入"", ""operation"": ""打开"", ""value"": """"}",common_control,"{""device"": """", ""location"": """", ""object"": ""演示项视频导入"", ""operation"": ""打开"", ""value"": """"}",Y,Y,Y,
设备,设备141,tv_control,打开165HZ疾速屏,display_control,"{""device"": """", ""location"": """", ""object"": ""165hz疾速屏"", ""operation"": ""打开"", ""value"": """"}",display_control,"{""device"": """", ""location"": """", ""object"": ""165hz疾速屏"", ""operation"": ""打开"", ""value"": """"}",Y,Y,Y,
设备,设备143,tv_control,打开感知音画,display_control,"{""device"": """", ""location"": """", ""object"": ""感知音画"", ""operation"": ""打开"", ""value"": """"}",display_control,"{""device"": """", ""location"": """", ""object"": ""感知音画"", ""operation"": ""打开"", ""value"": """"}",Y,Y,Y,
设备,设备144,tv_control,打开感知画质,display_control,"{""device"": """", ""location"": """", ""object"": ""感知画质"", ""operation"": ""打开"", ""value"": """"}",display_control,"{""device"": """", ""location"": """", ""object"": ""感知画质"", ""operation"": ""打开"", ""value"": """"}",Y,Y,Y,
设备,设备142,tv_control,打开170HZ疾速屏,display_control,"{""device"": """", ""location"": """", ""object"": ""170hz疾速屏"", ""operation"": ""打开"", ""value"": """"}",display_control,"{""device"": """", ""location"": """", ""object"": ""170hz疾速屏"", ""operation"": ""打开"", ""value"": """"}",Y,Y,Y,
设备,设备145,tv_control,打开AI环境音画,display_control,"{""device"": """", ""location"": """", ""object"": ""ai环境音画"", ""operation"": ""打开"", ""value"": """"}",display_control,"{""device"": """", ""location"": """", ""object"": ""ai环境音画"", ""operation"": ""打开"", ""value"": """"}",Y,Y,Y,
设备,设备148,tv_control,打开睿智AI映画,display_control,"{""device"": """", ""location"": """", ""object"": ""睿智ai映画"", ""operation"": ""打开"", ""value"": """"}",display_control,"{""device"": """", ""location"": """", ""object"": ""睿智ai映画"", ""operation"": ""打开"", ""value"": """"}",Y,Y,Y,
设备,设备146,tv_control,打开120HZ疾速屏,display_control,"{""device"": """", ""location"": """", ""object"": ""120hz疾速屏"", ""operation"": ""打开"", ""value"": """"}",display_control,"{""device"": """", ""location"": """", ""object"": ""120hz疾速屏"", ""operation"": ""打开"", ""value"": """"}",Y,Y,Y,
设备,设备147,tv_control,打开144HZ疾速屏,display_control,"{""device"": """", ""location"": """", ""object"": ""144hz疾速屏"", ""operation"": ""打开"", ""value"": """"}",display_control,"{""device"": """", ""location"": """", ""object"": ""144hz疾速屏"", ""operation"": ""打开"", ""value"": """"}",Y,Y,Y,
设备,设备149,tv_control,打开AI双音效,audio_control,"{""device"": """", ""location"": """", ""object"": ""ai双音效"", ""operation"": ""打开"", ""value"": """"}",audio_control,"{""device"": """", ""location"": """", ""object"": ""ai双音效"", ""operation"": ""打开"", ""value"": """"}",Y,Y,Y,
设备,设备150,tv_control,打开运动画面增强,display_control,"{""device"": """", ""location"": """", ""object"": ""运动画面增强"", ""operation"": ""打开"", ""value"": """"}",display_control,"{""device"": """", ""location"": """", ""object"": ""运动画面增强"", ""operation"": ""打开"", ""value"": """"}",Y,Y,Y,
设备,设备151,tv_control,打开立体防抖,display_control,"{""device"": """", ""location"": """", ""object"": ""立体防抖"", ""operation"": ""打开"", ""value"": """"}",display_control,"{""device"": """", ""location"": """", ""object"": ""立体防抖"", ""operation"": ""打开"", ""value"": """"}",Y,Y,Y,
设备,设备154,tv_control,打开自动对焦,display_control,"{""device"": """", ""location"": """", ""object"": ""自动对焦"", ""operation"": ""打开"", ""value"": """"}",display_control,"{""device"": """", ""location"": """", ""object"": ""自动对焦"", ""operation"": ""打开"", ""value"": """"}",Y,Y,Y,
设备,设备152,tv_control,打开自动梯形校正,display_control,"{""device"": """", ""location"": """", ""object"": ""自动梯形校正"", ""operation"": ""打开"", ""value"": """"}",display_control,"{""device"": """", ""location"": """", ""object"": ""自动梯形校正"", ""operation"": ""打开"", ""value"": """"}",Y,Y,Y,
设备,设备153,tv_control,打开手动梯形校正,display_control,"{""device"": """", ""location"": """", ""object"": ""手动梯形校正"", ""operation"": ""打开"", ""value"": """"}",display_control,"{""device"": """", ""location"": """", ""object"": ""手动梯形校正"", ""operation"": ""打开"", ""value"": """"}",Y,Y,Y,
设备,设备155,tv_control,打开手动对焦,display_control,"{""device"": """", ""location"": """", ""object"": ""手动对焦"", ""operation"": ""打开"", ""value"": """"}",display_control,"{""device"": """", ""location"": """", ""object"": ""手动对焦"", ""operation"": ""打开"", ""value"": """"}",Y,Y,Y,
设备,设备156,tv_control,打开梯形校正校准,display_control,"{""device"": """", ""location"": """", ""object"": ""梯形校正校准"", ""operation"": ""打开"", ""value"": """"}",display_control,"{""device"": """", ""location"": """", ""object"": ""梯形校正校准"", ""operation"": ""打开"", ""value"": """"}",Y,Y,Y,
设备,设备158,tv_control,打开对焦校准,display_control,"{""device"": """", ""location"": """", ""object"": ""对焦校准"", ""operation"": ""打开"", ""value"": """"}",display_control,"{""device"": """", ""location"": """", ""object"": ""对焦校准"", ""operation"": ""打开"", ""value"": """"}",Y,Y,Y,
设备,设备157,tv_control,打开水平校准,display_control,"{""device"": """", ""location"": """", ""object"": ""水平校准"", ""operation"": ""打开"", ""value"": """"}",display_control,"{""device"": """", ""location"": """", ""object"": ""水平校准"", ""operation"": ""打开"", ""value"": """"}",Y,Y,Y,
设备,设备159,tv_control,打开投影设置,display_control,"{""device"": """", ""location"": """", ""object"": ""投影设置"", ""operation"": ""打开"", ""value"": """"}",display_control,"{""device"": """", ""location"": """", ""object"": ""投影设置"", ""operation"": ""打开"", ""value"": """"}",Y,Y,Y,
设备,设备160,tv_control,画面缩小,screen_layout,"{""device"": """", ""location"": """", ""object"": ""画面"", ""operation"": ""缩小"", ""value"": """"}",screen_layout,"{""device"": """", ""location"": """", ""object"": ""画面"", ""operation"": ""缩小"", ""value"": """"}",Y,Y,Y,
设备,设备161,tv_control,把音量调到30,numeric_adjust,"{""device"": """", ""location"": """", ""object"": ""音量"", ""operation"": ""设置"", ""value"": ""30""}",numeric_adjust,"{""device"": """", ""location"": """", ""object"": ""音量"", ""operation"": ""设置"", ""value"": ""30""}",Y,Y,Y,
设备,设备163,tv_control,声音小一些,numeric_adjust,"{""device"": """", ""location"": """", ""object"": ""音量"", ""operation"": ""降低"", ""value"": """"}",numeric_adjust,"{""device"": """", ""location"": """", ""object"": ""音量"", ""operation"": ""降低"", ""value"": """"}",Y,Y,Y,
设备,设备162,tv_control,音量调高一点,numeric_adjust,"{""device"": """", ""location"": """", ""object"": ""音量"", ""operation"": ""提高"", ""value"": """"}",numeric_adjust,"{""device"": """", ""location"": """", ""object"": ""音量"", ""operation"": ""提高"", ""value"": """"}",Y,Y,Y,
设备,设备164,tv_control,音量设置为30%,numeric_adjust,"{""device"": """", ""location"": """", ""object"": ""音量"", ""operation"": ""设置"", ""value"": ""30%""}",numeric_adjust,"{""device"": """", ""location"": """", ""object"": ""音量"", ""operation"": ""设置"", ""value"": ""30%""}",Y,Y,Y,
设备,设备165,tv_control,音量设置为50%,numeric_adjust,"{""device"": """", ""location"": """", ""object"": ""音量"", ""operation"": ""设置"", ""value"": ""50%""}",numeric_adjust,"{""device"": """", ""location"": """", ""object"": ""音量"", ""operation"": ""设置"", ""value"": ""50%""}",Y,Y,Y,
设备,设备168,tv_control,调到30格音量,numeric_adjust,"{""device"": """", ""location"": """", ""object"": ""音量"", ""operation"": ""设置"", ""value"": ""30""}",numeric_adjust,"{""device"": """", ""location"": """", ""object"": ""音量"", ""operation"": ""设置"", ""value"": ""30""}",Y,Y,Y,
设备,设备166,tv_control,音量设置为70%,numeric_adjust,"{""device"": """", ""location"": """", ""object"": ""音量"", ""operation"": ""设置"", ""value"": ""70%""}",numeric_adjust,"{""device"": """", ""location"": """", ""object"": ""音量"", ""operation"": ""设置"", ""value"": ""70%""}",Y,Y,Y,
设备,设备169,tv_control,调到50格音量,numeric_adjust,"{""device"": """", ""location"": """", ""object"": ""音量"", ""operation"": ""设置"", ""value"": ""50""}",numeric_adjust,"{""device"": """", ""location"": """", ""object"": ""音量"", ""operation"": ""设置"", ""value"": ""50""}",Y,Y,Y,
设备,设备170,tv_control,调到70格音量,numeric_adjust,"{""device"": """", ""location"": """", ""object"": ""音量"", ""operation"": ""设置"", ""value"": ""70""}",numeric_adjust,"{""device"": """", ""location"": """", ""object"": ""音量"", ""operation"": ""设置"", ""value"": ""70""}",Y,Y,Y,
设备,设备167,tv_control,音量设置为80%,numeric_adjust,"{""device"": """", ""location"": """", ""object"": ""音量"", ""operation"": ""设置"", ""value"": ""80%""}",numeric_adjust,"{""device"": """", ""location"": """", ""object"": ""音量"", ""operation"": ""设置"", ""value"": ""80%""}",Y,Y,Y,
设备,设备172,tv_control,音量太大了，调小点,numeric_adjust,"{""device"": """", ""location"": """", ""object"": ""音量"", ""operation"": ""降低"", ""value"": """"}",numeric_adjust,"{""device"": """", ""location"": """", ""object"": ""音量"", ""operation"": ""降低"", ""value"": """"}",Y,Y,Y,
设备,设备171,tv_control,调到80格音量,numeric_adjust,"{""device"": """", ""location"": """", ""object"": ""音量"", ""operation"": ""设置"", ""value"": ""80""}",numeric_adjust,"{""device"": """", ""location"": """", ""object"": ""音量"", ""operation"": ""设置"", ""value"": ""80""}",Y,Y,Y,
设备,设备173,tv_control,声音再大点,numeric_adjust,"{""device"": """", ""location"": """", ""object"": ""音量"", ""operation"": ""提高"", ""value"": """"}",numeric_adjust,"{""device"": """", ""location"": """", ""object"": ""音量"", ""operation"": ""提高"", ""value"": """"}",Y,Y,Y,
设备,设备174,tv_control,现在音量是多少,numeric_adjust,"{""device"": """", ""location"": """", ""object"": ""音量"", ""operation"": ""查询"", ""value"": """"}",numeric_adjust,"{""device"": """", ""location"": """", ""object"": ""音量"", ""operation"": ""查询"", ""value"": """"}",Y,Y,Y,
设备,设备175,tv_control,音量加30,numeric_adjust,"{""device"": """", ""location"": """", ""object"": ""音量"", ""operation"": ""提高"", ""value"": ""30""}",numeric_adjust,"{""device"": """", ""location"": """", ""object"": ""音量"", ""operation"": ""提高"", ""value"": ""30""}",Y,Y,Y,
设备,设备176,tv_control,音量减80,numeric_adjust,"{""device"": """", ""location"": """", ""object"": ""音量"", ""operation"": ""降低"", ""value"": ""80""}",numeric_adjust,"{""device"": """", ""location"": """", ""object"": ""音量"", ""operation"": ""降低"", ""value"": ""80""}",Y,Y,Y,
设备,设备177,tv_control,把声音关掉,numeric_adjust,"{""device"": """", ""location"": """", ""object"": ""静音"", ""operation"": ""打开"", ""value"": """"}",numeric_adjust,"{""device"": """", ""location"": """", ""object"": ""静音"", ""operation"": ""打开"", ""value"": """"}",Y,Y,Y,
设备,设备178,tv_control,恢复正常音量,numeric_adjust,"{""device"": """", ""location"": """", ""object"": ""静音"", ""operation"": ""关闭"", ""value"": """"}",numeric_adjust,"{""device"": """", ""location"": """", ""object"": ""静音"", ""operation"": ""关闭"", ""value"": """"}",Y,Y,Y,
设备,设备179,tv_control,音量开到最大,numeric_adjust,"{""device"": """", ""location"": """", ""object"": ""音量"", ""operation"": ""设置"", ""value"": ""100%""}",numeric_adjust,"{""device"": """", ""location"": """", ""object"": ""音量"", ""operation"": ""设置"", ""value"": ""100%""}",Y,Y,Y,
设备,设备180,tv_control,音量调到静音,numeric_adjust,"{""device"": """", ""location"": """", ""object"": ""静音"", ""operation"": ""打开"", ""value"": """"}",numeric_adjust,"{""device"": """", ""location"": """", ""object"": ""静音"", ""operation"": ""打开"", ""value"": """"}",Y,Y,Y,
设备,设备181,tv_control,音量调到30,numeric_adjust,"{""device"": """", ""location"": """", ""object"": ""音量"", ""operation"": ""设置"", ""value"": ""30""}",numeric_adjust,"{""device"": """", ""location"": """", ""object"": ""音量"", ""operation"": ""设置"", ""value"": ""30""}",Y,Y,Y,
设备,设备182,tv_control,音量再大一点,numeric_adjust,"{""device"": """", ""location"": """", ""object"": ""音量"", ""operation"": ""提高"", ""value"": """"}",numeric_adjust,"{""device"": """", ""location"": """", ""object"": ""音量"", ""operation"": ""提高"", ""value"": """"}",Y,Y,Y,
设备,设备184,tv_control,音量调到一半,numeric_adjust,"{""device"": """", ""location"": """", ""object"": ""音量"", ""operation"": ""设置"", ""value"": ""50%""}",numeric_adjust,"{""device"": """", ""location"": """", ""object"": ""音量"", ""operation"": ""设置"", ""value"": ""50%""}",Y,Y,Y,
设备,设备183,tv_control,音量再小一点,numeric_adjust,"{""device"": """", ""location"": """", ""object"": ""音量"", ""operation"": ""降低"", ""value"": """"}",numeric_adjust,"{""device"": """", ""location"": """", ""object"": ""音量"", ""operation"": ""降低"", ""value"": """"}",Y,Y,Y,
设备,设备185,tv_control,音量调到最低,numeric_adjust,"{""device"": """", ""location"": """", ""object"": ""音量"", ""operation"": ""设置"", ""value"": ""0%""}",numeric_adjust,"{""device"": """", ""location"": """", ""object"": ""音量"", ""operation"": ""设置"", ""value"": ""0%""}",Y,Y,Y,
设备,设备186,tv_control,调高音量,numeric_adjust,"{""device"": """", ""location"": """", ""object"": ""音量"", ""operation"": ""提高"", ""value"": """"}",numeric_adjust,"{""device"": """", ""location"": """", ""object"": ""音量"", ""operation"": ""提高"", ""value"": """"}",Y,Y,Y,
设备,设备187,tv_control,调低音量,numeric_adjust,"{""device"": """", ""location"": """", ""object"": ""音量"", ""operation"": ""降低"", ""value"": """"}",numeric_adjust,"{""device"": """", ""location"": """", ""object"": ""音量"", ""operation"": ""降低"", ""value"": """"}",Y,Y,Y,
设备,设备188,tv_control,声音大小调节,numeric_adjust,"{""device"": """", ""location"": """", ""object"": ""音量"", ""operation"": ""设置"", ""value"": """"}",numeric_adjust,"{""device"": """", ""location"": """", ""object"": ""音量"", ""operation"": ""设置"", ""value"": """"}",Y,Y,Y,
设备,设备189,tv_control,音量数值调到30,numeric_adjust,"{""device"": """", ""location"": """", ""object"": ""音量"", ""operation"": ""设置"", ""value"": ""30""}",numeric_adjust,"{""device"": """", ""location"": """", ""object"": ""音量"", ""operation"": ""设置"", ""value"": ""30""}",Y,Y,Y,
设备,设备190,tv_control,音量数值调到50,numeric_adjust,"{""device"": """", ""location"": """", ""object"": ""音量"", ""operation"": ""设置"", ""value"": ""50""}",numeric_adjust,"{""device"": """", ""location"": """", ""object"": ""音量"", ""operation"": ""设置"", ""value"": ""50""}",Y,Y,Y,
设备,设备191,tv_control,音量数值调到70,numeric_adjust,"{""device"": """", ""location"": """", ""object"": ""音量"", ""operation"": ""设置"", ""value"": ""70""}",numeric_adjust,"{""device"": """", ""location"": """", ""object"": ""音量"", ""operation"": ""设置"", ""value"": ""70""}",Y,Y,Y,
设备,设备193,tv_control,音量开关,numeric_adjust,"{""device"": """", ""location"": """", ""object"": ""音量"", ""operation"": ""打开"", ""value"": """"}",numeric_adjust,"{""device"": """", ""location"": """", ""object"": ""音量"", ""operation"": ""打开"", ""value"": """"}",Y,Y,Y,
设备,设备192,tv_control,音量数值调到80,numeric_adjust,"{""device"": """", ""location"": """", ""object"": ""音量"", ""operation"": ""设置"", ""value"": ""80""}",numeric_adjust,"{""device"": """", ""location"": """", ""object"": ""音量"", ""operation"": ""设置"", ""value"": ""80""}",Y,Y,Y,
设备,设备194,tv_control,屏幕亮度调高,numeric_adjust,"{""device"": """", ""location"": """", ""object"": ""亮度"", ""operation"": ""提高"", ""value"": """"}",numeric_adjust,"{""device"": """", ""location"": """", ""object"": ""亮度"", ""operation"": ""提高"", ""value"": """"}",Y,Y,Y,
设备,设备195,tv_control,亮度太暗了,numeric_adjust,"{""device"": """", ""location"": """", ""object"": ""亮度"", ""operation"": ""提高"", ""value"": """"}",numeric_adjust,"{""device"": """", ""location"": """", ""object"": ""亮度"", ""operation"": ""提高"", ""value"": """"}",Y,Y,Y,
设备,设备196,tv_control,屏幕亮一点,numeric_adjust,"{""device"": """", ""location"": """", ""object"": ""亮度"", ""operation"": ""提高"", ""value"": """"}",numeric_adjust,"{""device"": """", ""location"": """", ""object"": ""亮度"", ""operation"": ""提高"", ""value"": """"}",Y,Y,Y,
设备,设备197,tv_control,把亮度调到30,numeric_adjust,"{""device"": """", ""location"": """", ""object"": ""亮度"", ""operation"": ""设置"", ""value"": ""30""}",numeric_adjust,"{""device"": """", ""location"": """", ""object"": ""亮度"", ""operation"": ""设置"", ""value"": ""30""}",Y,Y,Y,
设备,设备199,tv_control,亮度设置为50%,numeric_adjust,"{""device"": """", ""location"": """", ""object"": ""亮度"", ""operation"": ""设置"", ""value"": ""50%""}",numeric_adjust,"{""device"": """", ""location"": """", ""object"": ""亮度"", ""operation"": ""设置"", ""value"": ""50%""}",Y,Y,Y,
设备,设备198,tv_control,亮度设置为30%,numeric_adjust,"{""device"": """", ""location"": """", ""object"": ""亮度"", ""operation"": ""设置"", ""value"": ""30%""}",numeric_adjust,"{""device"": """", ""location"": """", ""object"": ""亮度"", ""operation"": ""设置"", ""value"": ""30%""}",Y,Y,Y,
设备,设备200,tv_control,亮度设置为70%,numeric_adjust,"{""device"": """", ""location"": """", ""object"": ""亮度"", ""operation"": ""设置"", ""value"": ""70%""}",numeric_adjust,"{""device"": """", ""location"": """", ""object"": ""亮度"", ""operation"": ""设置"", ""value"": ""70%""}",Y,Y,Y,
设备,设备201,tv_control,亮度降低一些,numeric_adjust,"{""device"": """", ""location"": """", ""object"": ""亮度"", ""operation"": ""降低"", ""value"": ""默认""}",numeric_adjust,"{""device"": """", ""location"": """", ""object"": ""亮度"", ""operation"": ""降低"", ""value"": ""默认""}",Y,Y,Y,
设备,设备202,tv_control,屏幕太刺眼了,numeric_adjust,"{""device"": """", ""location"": """", ""object"": ""亮度"", ""operation"": ""降低"", ""value"": """"}",numeric_adjust,"{""device"": """", ""location"": """", ""object"": ""亮度"", ""operation"": ""降低"", ""value"": """"}",Y,Y,Y,
设备,设备204,tv_control,亮度加30,numeric_adjust,"{""device"": """", ""location"": """", ""object"": ""亮度"", ""operation"": ""提高"", ""value"": ""30""}",numeric_adjust,"{""device"": """", ""location"": """", ""object"": ""亮度"", ""operation"": ""提高"", ""value"": ""30""}",Y,Y,Y,
设备,设备205,tv_control,亮度加50,numeric_adjust,"{""device"": """", ""location"": """", ""object"": ""亮度"", ""operation"": ""提高"", ""value"": ""50""}",numeric_adjust,"{""device"": """", ""location"": """", ""object"": ""亮度"", ""operation"": ""提高"", ""value"": ""50""}",Y,Y,Y,
设备,设备206,tv_control,亮度加70,numeric_adjust,"{""device"": """", ""location"": """", ""object"": ""亮度"", ""operation"": ""提高"", ""value"": ""70""}",numeric_adjust,"{""device"": """", ""location"": """", ""object"": ""亮度"", ""operation"": ""提高"", ""value"": ""70""}",Y,Y,Y,
设备,设备207,tv_control,亮度减30,numeric_adjust,"{""device"": """", ""location"": """", ""object"": ""亮度"", ""operation"": ""降低"", ""value"": ""30""}",numeric_adjust,"{""device"": """", ""location"": """", ""object"": ""亮度"", ""operation"": ""降低"", ""value"": ""30""}",Y,Y,Y,
设备,设备208,tv_control,亮度减50,numeric_adjust,"{""device"": """", ""location"": """", ""object"": ""亮度"", ""operation"": ""降低"", ""value"": ""50""}",numeric_adjust,"{""device"": """", ""location"": """", ""object"": ""亮度"", ""operation"": ""降低"", ""value"": ""50""}",Y,Y,Y,
设备,设备209,tv_control,亮度减70,numeric_adjust,"{""device"": """", ""location"": """", ""object"": ""亮度"", ""operation"": ""降低"", ""value"": ""70""}",numeric_adjust,"{""device"": """", ""location"": """", ""object"": ""亮度"", ""operation"": ""降低"", ""value"": ""70""}",Y,Y,Y,
设备,设备210,tv_control,亮度调到最高,numeric_adjust,"{""device"": """", ""location"": """", ""object"": ""亮度"", ""operation"": ""设置"", ""value"": ""100%""}",numeric_adjust,"{""device"": """", ""location"": """", ""object"": ""亮度"", ""operation"": ""设置"", ""value"": ""100%""}",Y,Y,Y,
设备,设备211,tv_control,亮度调到最低,numeric_adjust,"{""device"": """", ""location"": """", ""object"": ""亮度"", ""operation"": ""设置"", ""value"": ""0%""}",numeric_adjust,"{""device"": """", ""location"": """", ""object"": ""亮度"", ""operation"": ""设置"", ""value"": ""0%""}",Y,Y,Y,
设备,设备212,tv_control,屏幕调亮些,numeric_adjust,"{""device"": """", ""location"": """", ""object"": ""亮度"", ""operation"": ""提高"", ""value"": """"}",numeric_adjust,"{""device"": """", ""location"": """", ""object"": ""亮度"", ""operation"": ""提高"", ""value"": """"}",Y,Y,Y,
设备,设备213,tv_control,屏幕调暗些,numeric_adjust,"{""device"": """", ""location"": """", ""object"": ""亮度"", ""operation"": ""降低"", ""value"": """"}",numeric_adjust,"{""device"": """", ""location"": """", ""object"": ""亮度"", ""operation"": ""降低"", ""value"": """"}",Y,Y,Y,
设备,设备203,tv_control,现在亮度多少,numeric_adjust,"{""device"": """", ""location"": """", ""object"": ""亮度"", ""operation"": ""查询"", ""value"": """"}",fan_knowledge_agent,"{""messages"": [{""content"": ""现在亮度多少"", ""role"": ""user""}], ""need_media"": false, ""riskRespStrategy"": ""all_replace"", ""sceneType"": ""device_control_qa""}",N,N,N,"messages: gold= pred=[{""content"": ""现在亮度多少"", ""role"": ""user""}]; need_media: gold= pred=; object: gold=""亮度"" pred=; operation: gold=""查询"" pred=; riskRespStrategy: gold= pred=""all_replace""; sceneType: gold= pred=""device_control_qa"""
设备,设备214,tv_control,亮度调到30,numeric_adjust,"{""device"": """", ""location"": """", ""object"": ""亮度"", ""operation"": ""设置"", ""value"": ""30""}",numeric_adjust,"{""device"": """", ""location"": """", ""object"": ""亮度"", ""operation"": ""设置"", ""value"": ""30""}",Y,Y,Y,
设备,设备215,tv_control,亮度调到70,numeric_adjust,"{""device"": """", ""location"": """", ""object"": ""亮度"", ""operation"": ""设置"", ""value"": ""70""}",numeric_adjust,"{""device"": """", ""location"": """", ""object"": ""亮度"", ""operation"": ""设置"", ""value"": ""70""}",Y,Y,Y,
设备,设备216,tv_control,显示亮度调到30,numeric_adjust,"{""device"": """", ""location"": """", ""object"": ""亮度"", ""operation"": ""设置"", ""value"": ""30""}",numeric_adjust,"{""device"": """", ""location"": """", ""object"": ""亮度"", ""operation"": ""设置"", ""value"": ""30""}",Y,Y,Y,
设备,设备217,tv_control,显示亮度调到50,numeric_adjust,"{""device"": """", ""location"": """", ""object"": ""亮度"", ""operation"": ""设置"", ""value"": ""50""}",numeric_adjust,"{""device"": """", ""location"": """", ""object"": ""亮度"", ""operation"": ""设置"", ""value"": ""50""}",Y,Y,Y,
设备,设备218,tv_control,显示亮度调到70,numeric_adjust,"{""device"": """", ""location"": """", ""object"": ""亮度"", ""operation"": ""设置"", ""value"": ""70""}",numeric_adjust,"{""device"": """", ""location"": """", ""object"": ""亮度"", ""operation"": ""设置"", ""value"": ""70""}",Y,Y,Y,
设备,设备219,tv_control,调高亮度,numeric_adjust,"{""device"": """", ""location"": """", ""object"": ""亮度"", ""operation"": ""提高"", ""value"": """"}",numeric_adjust,"{""device"": """", ""location"": """", ""object"": ""亮度"", ""operation"": ""提高"", ""value"": """"}",Y,Y,Y,
设备,设备220,tv_control,调低亮度,numeric_adjust,"{""device"": """", ""location"": """", ""object"": ""亮度"", ""operation"": ""降低"", ""value"": """"}",numeric_adjust,"{""device"": """", ""location"": """", ""object"": ""亮度"", ""operation"": ""降低"", ""value"": """"}",Y,Y,Y,
设备,设备221,tv_control,亮度设置,numeric_adjust,"{""device"": """", ""location"": """", ""object"": ""亮度"", ""operation"": ""设置"", ""value"": """"}",numeric_adjust,"{""device"": """", ""location"": """", ""object"": ""亮度"", ""operation"": ""设置"", ""value"": """"}",Y,Y,Y,
设备,设备222,tv_control,屏幕亮度调节,numeric_adjust,"{""device"": """", ""location"": """", ""object"": ""亮度"", ""operation"": ""设置"", ""value"": """"}",numeric_adjust,"{""device"": """", ""location"": """", ""object"": ""亮度"", ""operation"": ""设置"", ""value"": """"}",Y,Y,Y,
设备,设备223,tv_control,亮度数值30,numeric_adjust,"{""device"": """", ""location"": """", ""object"": ""亮度"", ""operation"": ""设置"", ""value"": ""30""}",numeric_adjust,"{""device"": """", ""location"": """", ""object"": ""亮度"", ""operation"": ""设置"", ""value"": ""30""}",Y,Y,Y,
设备,设备224,tv_control,亮度数值50,numeric_adjust,"{""device"": """", ""location"": """", ""object"": ""亮度"", ""operation"": ""设置"", ""value"": ""50""}",numeric_adjust,"{""device"": """", ""location"": """", ""object"": ""亮度"", ""operation"": ""设置"", ""value"": ""50""}",Y,Y,Y,
设备,设备225,tv_control,亮度数值70,numeric_adjust,"{""device"": """", ""location"": """", ""object"": ""亮度"", ""operation"": ""设置"", ""value"": ""70""}",numeric_adjust,"{""device"": """", ""location"": """", ""object"": ""亮度"", ""operation"": ""设置"", ""value"": ""70""}",Y,Y,Y,
设备,设备226,tv_control,关机,power_control,"{""device"": """", ""location"": """", ""object"": ""关机"", ""operation"": ""打开"", ""value"": """"}",power_control,"{""device"": """", ""location"": """", ""object"": ""关机"", ""operation"": ""打开"", ""value"": """"}",Y,Y,Y,
设备,设备227,tv_control,把电视关了,power_control,"{""device"": """", ""location"": """", ""object"": ""关机"", ""operation"": ""打开"", ""value"": """"}",power_control,"{""device"": """", ""location"": """", ""object"": ""关机"", ""operation"": ""打开"", ""value"": """"}",Y,Y,Y,
设备,设备228,tv_control,关闭电视,power_control,"{""device"": """", ""location"": """", ""object"": ""关机"", ""operation"": ""打开"", ""value"": """"}",power_control,"{""device"": """", ""location"": """", ""object"": ""关机"", ""operation"": ""打开"", ""value"": """"}",Y,Y,Y,
设备,设备229,tv_control,我要关机了,power_control,"{""device"": """", ""location"": """", ""object"": ""关机"", ""operation"": ""打开"", ""value"": """"}",power_control,"{""device"": """", ""location"": """", ""object"": ""关机"", ""operation"": ""打开"", ""value"": """"}",Y,Y,Y,
设备,设备230,tv_control,电视关机,power_control,"{""device"": """", ""location"": """", ""object"": ""关机"", ""operation"": ""打开"", ""value"": """"}",power_control,"{""device"": """", ""location"": """", ""object"": ""关机"", ""operation"": ""打开"", ""value"": """"}",Y,Y,Y,
设备,设备231,tv_control,30分钟后关机,timer_control,"{""date_time"": ""30分钟"", ""device"": """", ""location"": """", ""object"": ""关机"", ""operation"": ""打开""}",timer_control,"{""date_time"": ""30分钟"", ""device"": """", ""location"": """", ""object"": ""关机"", ""operation"": ""打开""}",Y,Y,Y,
设备,设备232,tv_control,1小时后关机,timer_control,"{""date_time"": ""1小时"", ""device"": """", ""location"": """", ""object"": ""关机"", ""operation"": ""打开""}",timer_control,"{""date_time"": ""1小时"", ""device"": """", ""location"": """", ""object"": ""关机"", ""operation"": ""打开""}",Y,Y,Y,
设备,设备233,tv_control,定时关机30分钟,timer_control,"{""date_time"": ""30分钟"", ""device"": """", ""location"": """", ""object"": ""关机"", ""operation"": ""打开""}",timer_control,"{""date_time"": ""30分钟"", ""device"": """", ""location"": """", ""object"": ""关机"", ""operation"": ""打开""}",Y,Y,Y,
设备,设备234,tv_control,晚上10点关机,timer_control,"{""date_time"": ""22:00"", ""device"": """", ""location"": """", ""object"": ""关机"", ""operation"": ""打开""}",timer_control,"{""date_time"": ""22:00"", ""device"": """", ""location"": """", ""object"": ""关机"", ""operation"": ""打开""}",Y,Y,Y,
设备,设备235,tv_control,晚上11点关机,timer_control,"{""date_time"": ""23:00"", ""device"": """", ""location"": """", ""object"": ""关机"", ""operation"": ""打开""}",timer_control,"{""date_time"": ""23:00"", ""device"": """", ""location"": """", ""object"": ""关机"", ""operation"": ""打开""}",Y,Y,Y,
设备,设备236,tv_control,晚上22点关机,timer_control,"{""date_time"": ""22:00"", ""device"": """", ""location"": """", ""object"": ""关机"", ""operation"": ""打开""}",timer_control,"{""date_time"": ""22:00"", ""device"": """", ""location"": """", ""object"": ""关机"", ""operation"": ""打开""}",Y,Y,Y,
设备,设备237,tv_control,晚上23点关机,timer_control,"{""date_time"": ""23:00"", ""device"": """", ""location"": """", ""object"": ""关机"", ""operation"": ""打开""}",timer_control,"{""date_time"": ""23:00"", ""device"": """", ""location"": """", ""object"": ""关机"", ""operation"": ""打开""}",Y,Y,Y,
设备,设备238,tv_control,取消定时关机,timer_control,"{""device"": """", ""location"": """", ""object"": ""关机"", ""operation"": ""关闭"", ""value"": """"}",timer_control,"{""device"": """", ""location"": """", ""object"": ""关机"", ""operation"": ""关闭"", ""value"": """"}",Y,Y,Y,
设备,设备239,tv_control,半小时后关机,timer_control,"{""date_time"": ""30分钟"", ""device"": """", ""location"": """", ""object"": ""关机"", ""operation"": ""打开""}",timer_control,"{""date_time"": ""30分钟"", ""device"": """", ""location"": """", ""object"": ""关机"", ""operation"": ""打开""}",Y,Y,Y,
设备,设备240,tv_control,一个小时后关机,timer_control,"{""date_time"": ""1小时"", ""device"": """", ""location"": """", ""object"": ""关机"", ""operation"": ""打开""}",timer_control,"{""date_time"": ""1小时"", ""device"": """", ""location"": """", ""object"": ""关机"", ""operation"": ""打开""}",Y,Y,Y,
设备,设备241,tv_control,30小时后关机,timer_control,"{""date_time"": ""30小时"", ""device"": """", ""location"": """", ""object"": ""关机"", ""operation"": ""打开""}",timer_control,"{""date_time"": ""30小时"", ""device"": """", ""location"": """", ""object"": ""关机"", ""operation"": ""打开""}",Y,Y,Y,
设备,设备242,tv_control,45小时后关机,timer_control,"{""date_time"": ""45小时"", ""device"": """", ""location"": """", ""object"": ""关机"", ""operation"": ""打开""}",timer_control,"{""date_time"": ""45小时"", ""device"": """", ""location"": """", ""object"": ""关机"", ""operation"": ""打开""}",Y,Y,Y,
设备,设备243,tv_control,60小时后关机,timer_control,"{""date_time"": ""60小时"", ""device"": """", ""location"": """", ""object"": ""关机"", ""operation"": ""打开""}",timer_control,"{""date_time"": ""60小时"", ""device"": """", ""location"": """", ""object"": ""关机"", ""operation"": ""打开""}",Y,Y,Y,
设备,设备244,tv_control,120小时后关机,timer_control,"{""date_time"": ""120小时"", ""device"": """", ""location"": """", ""object"": ""关机"", ""operation"": ""打开""}",timer_control,"{""date_time"": ""120小时"", ""device"": """", ""location"": """", ""object"": ""关机"", ""operation"": ""打开""}",Y,Y,Y,
设备,设备245,tv_control,30分钟后自动关机,timer_control,"{""date_time"": ""30分钟"", ""device"": """", ""location"": """", ""object"": ""关机"", ""operation"": ""打开""}",timer_control,"{""date_time"": ""30分钟"", ""device"": """", ""location"": """", ""object"": ""关机"", ""operation"": ""打开""}",Y,Y,Y,
设备,设备246,tv_control,45分钟后自动关机,timer_control,"{""date_time"": ""45分钟"", ""device"": """", ""location"": """", ""object"": ""关机"", ""operation"": ""打开""}",timer_control,"{""date_time"": ""45分钟"", ""device"": """", ""location"": """", ""object"": ""关机"", ""operation"": ""打开""}",Y,Y,Y,
设备,设备248,tv_control,过30分钟关机,timer_control,"{""date_time"": ""30分钟"", ""device"": """", ""location"": """", ""object"": ""关机"", ""operation"": ""打开""}",timer_control,"{""date_time"": ""30分钟"", ""device"": """", ""location"": """", ""object"": ""关机"", ""operation"": ""打开""}",Y,Y,Y,
设备,设备247,tv_control,设置30分钟关机,timer_control,"{""date_time"": ""30分钟"", ""device"": """", ""location"": """", ""object"": ""关机"", ""operation"": ""打开""}",timer_control,"{""date_time"": ""30分钟"", ""device"": """", ""location"": """", ""object"": ""关机"", ""operation"": ""打开""}",Y,Y,Y,
设备,设备249,tv_control,过45分钟关机,timer_control,"{""date_time"": ""45分钟"", ""device"": """", ""location"": """", ""object"": ""关机"", ""operation"": ""打开""}",timer_control,"{""date_time"": ""45分钟"", ""device"": """", ""location"": """", ""object"": ""关机"", ""operation"": ""打开""}",Y,Y,Y,
设备,设备250,tv_control,过60分钟关机,timer_control,"{""date_time"": ""60分钟"", ""device"": """", ""location"": """", ""object"": ""关机"", ""operation"": ""打开""}",timer_control,"{""date_time"": ""60分钟"", ""device"": """", ""location"": """", ""object"": ""关机"", ""operation"": ""打开""}",Y,Y,Y,
设备,设备251,tv_control,过120分钟关机,timer_control,"{""date_time"": ""120分钟"", ""device"": """", ""location"": """", ""object"": ""关机"", ""operation"": ""打开""}",timer_control,"{""date_time"": ""120分钟"", ""device"": """", ""location"": """", ""object"": ""关机"", ""operation"": ""打开""}",Y,Y,Y,
设备,设备252,tv_control,定时30分钟关机,timer_control,"{""date_time"": ""30分钟"", ""device"": """", ""location"": """", ""object"": ""关机"", ""operation"": ""打开""}",timer_control,"{""date_time"": ""30分钟"", ""device"": """", ""location"": """", ""object"": ""关机"", ""operation"": ""打开""}",Y,Y,Y,
设备,设备253,tv_control,定时1小时关机,timer_control,"{""date_time"": ""1小时"", ""device"": """", ""location"": """", ""object"": ""关机"", ""operation"": ""打开""}",timer_control,"{""date_time"": ""1小时"", ""device"": """", ""location"": """", ""object"": ""关机"", ""operation"": ""打开""}",Y,Y,Y,
设备,设备254,tv_control,延时关机30分钟,timer_control,"{""date_time"": ""30分钟"", ""device"": """", ""location"": """", ""object"": ""关机"", ""operation"": ""打开""}",timer_control,"{""date_time"": ""30分钟"", ""device"": """", ""location"": """", ""object"": ""关机"", ""operation"": ""打开""}",Y,Y,Y,
设备,设备255,tv_control,延时关机1小时,timer_control,"{""date_time"": ""1小时"", ""device"": """", ""location"": """", ""object"": ""关机"", ""operation"": ""打开""}",timer_control,"{""date_time"": ""1小时"", ""device"": """", ""location"": """", ""object"": ""关机"", ""operation"": ""打开""}",Y,Y,Y,
设备,设备256,tv_control,自动关机时间设置,timer_control,"{""date_time"": ""定时"", ""device"": """", ""location"": """", ""object"": ""关机"", ""operation"": ""打开"", ""value"": """"}",timer_control,"{""date_time"": ""定时"", ""device"": """", ""location"": """", ""object"": ""关机"", ""operation"": ""打开"", ""value"": """"}",Y,Y,Y,
设备,设备257,tv_control,关机时间设置,timer_control,"{""date_time"": ""定时"", ""device"": """", ""location"": """", ""object"": ""关机"", ""operation"": ""打开"", ""value"": """"}",timer_control,"{""date_time"": ""定时"", ""device"": """", ""location"": """", ""object"": ""关机"", ""operation"": ""打开"", ""value"": """"}",Y,Y,Y,
设备,设备258,tv_control,开机,power_control,"{""device"": """", ""location"": """", ""object"": ""开机"", ""operation"": ""打开"", ""value"": """"}",power_control,"{""device"": """", ""location"": """", ""object"": ""开机"", ""operation"": ""打开"", ""value"": """"}",Y,Y,Y,
设备,设备259,tv_control,把电视打开,power_control,"{""device"": """", ""location"": """", ""object"": ""开机"", ""operation"": ""打开"", ""value"": """"}",power_control,"{""device"": """", ""location"": """", ""object"": ""开机"", ""operation"": ""打开"", ""value"": """"}",Y,Y,Y,
设备,设备260,tv_control,开启电视,power_control,"{""device"": """", ""location"": """", ""object"": ""开机"", ""operation"": ""打开"", ""value"": """"}",power_control,"{""device"": """", ""location"": """", ""object"": ""开机"", ""operation"": ""打开"", ""value"": """"}",Y,Y,Y,
设备,设备261,tv_control,启动电视,power_control,"{""device"": """", ""location"": """", ""object"": ""开机"", ""operation"": ""打开"", ""value"": """"}",power_control,"{""device"": """", ""location"": """", ""object"": ""开机"", ""operation"": ""打开"", ""value"": """"}",Y,Y,Y,
设备,设备262,tv_control,打开电视机,power_control,"{""device"": """", ""location"": """", ""object"": ""开机"", ""operation"": ""打开"", ""value"": """"}",power_control,"{""device"": """", ""location"": """", ""object"": ""开机"", ""operation"": ""打开"", ""value"": """"}",Y,Y,Y,
设备,设备263,tv_control,电视开机,power_control,"{""device"": """", ""location"": """", ""object"": ""开机"", ""operation"": ""打开"", ""value"": """"}",power_control,"{""device"": """", ""location"": """", ""object"": ""开机"", ""operation"": ""打开"", ""value"": """"}",Y,Y,Y,
设备,设备264,tv_control,开电视,power_control,"{""device"": """", ""location"": """", ""object"": ""开机"", ""operation"": ""打开"", ""value"": """"}",power_control,"{""device"": """", ""location"": """", ""object"": ""开机"", ""operation"": ""打开"", ""value"": """"}",Y,Y,Y,
设备,设备265,tv_control,电视启动一下,power_control,"{""device"": """", ""location"": """", ""object"": ""开机"", ""operation"": ""打开"", ""value"": """"}",power_control,"{""device"": """", ""location"": """", ""object"": ""开机"", ""operation"": ""打开"", ""value"": """"}",Y,Y,Y,
设备,设备266,tv_control,唤醒电视,power_control,"{""device"": """", ""location"": """", ""object"": ""开机"", ""operation"": ""打开"", ""value"": """"}",power_control,"{""device"": """", ""location"": """", ""object"": ""开机"", ""operation"": ""打开"", ""value"": """"}",Y,Y,Y,
设备,设备267,tv_control,开启电视机,power_control,"{""device"": """", ""location"": """", ""object"": ""开机"", ""operation"": ""打开"", ""value"": """"}",power_control,"{""device"": """", ""location"": """", ""object"": ""开机"", ""operation"": ""打开"", ""value"": """"}",Y,Y,Y,
设备,设备268,tv_control,启动电视机,power_control,"{""device"": """", ""location"": """", ""object"": ""开机"", ""operation"": ""打开"", ""value"": """"}",power_control,"{""device"": """", ""location"": """", ""object"": ""开机"", ""operation"": ""打开"", ""value"": """"}",Y,Y,Y,
设备,设备269,tv_control,打开电视机电源,power_control,"{""device"": """", ""location"": """", ""object"": ""开机"", ""operation"": ""打开"", ""value"": """"}",power_control,"{""device"": """", ""location"": """", ""object"": ""开机"", ""operation"": ""打开"", ""value"": """"}",Y,Y,Y,
设备,设备270,tv_control,电视开机启动,power_control,"{""device"": """", ""location"": """", ""object"": ""开机"", ""operation"": ""打开"", ""value"": """"}",power_control,"{""device"": """", ""location"": """", ""object"": ""开机"", ""operation"": ""打开"", ""value"": """"}",Y,Y,Y,
设备,设备271,tv_control,打开电视开关,power_control,"{""device"": """", ""location"": """", ""object"": ""开机"", ""operation"": ""打开"", ""value"": """"}",power_control,"{""device"": """", ""location"": """", ""object"": ""开机"", ""operation"": ""打开"", ""value"": """"}",Y,Y,Y,
设备,设备272,tv_control,电视启动,power_control,"{""device"": """", ""location"": """", ""object"": ""开机"", ""operation"": ""打开"", ""value"": """"}",power_control,"{""device"": """", ""location"": """", ""object"": ""开机"", ""operation"": ""打开"", ""value"": """"}",Y,Y,Y,
设备,设备273,tv_control,快进10秒,playback_control,"{""device"": """", ""location"": """", ""object"": ""播放控制"", ""operation"": ""快进"", ""value"": ""10秒""}",playback_control,"{""device"": """", ""location"": """", ""object"": ""播放控制"", ""operation"": ""快进"", ""value"": ""10秒""}",Y,Y,Y,
设备,设备274,tv_control,快进30秒,playback_control,"{""device"": """", ""location"": """", ""object"": ""播放控制"", ""operation"": ""快进"", ""value"": ""30秒""}",playback_control,"{""device"": """", ""location"": """", ""object"": ""播放控制"", ""operation"": ""快进"", ""value"": ""30秒""}",Y,Y,Y,
设备,设备275,tv_control,快进60秒,playback_control,"{""device"": """", ""location"": """", ""object"": ""播放控制"", ""operation"": ""快进"", ""value"": ""60秒""}",playback_control,"{""device"": """", ""location"": """", ""object"": ""播放控制"", ""operation"": ""快进"", ""value"": ""60秒""}",Y,Y,Y,
设备,设备276,tv_control,快退10秒,playback_control,"{""device"": """", ""location"": """", ""object"": ""播放控制"", ""operation"": ""快退"", ""value"": ""10秒""}",playback_control,"{""device"": """", ""location"": """", ""object"": ""播放控制"", ""operation"": ""快退"", ""value"": ""10秒""}",Y,Y,Y,
设备,设备277,tv_control,快退30秒,playback_control,"{""device"": """", ""location"": """", ""object"": ""播放控制"", ""operation"": ""快退"", ""value"": ""30秒""}",playback_control,"{""device"": """", ""location"": """", ""object"": ""播放控制"", ""operation"": ""快退"", ""value"": ""30秒""}",Y,Y,Y,
设备,设备278,tv_control,快退60秒,playback_control,"{""device"": """", ""location"": """", ""object"": ""播放控制"", ""operation"": ""快退"", ""value"": ""60秒""}",playback_control,"{""device"": """", ""location"": """", ""object"": ""播放控制"", ""operation"": ""快退"", ""value"": ""60秒""}",Y,Y,Y,
设备,设备279,tv_control,快进到01:30位置,playback_control,"{""device"": """", ""location"": """", ""object"": ""播放控制"", ""operation"": ""快进到"", ""value"": ""1:30""}",playback_control,"{""device"": """", ""location"": """", ""object"": ""播放控制"", ""operation"": ""快进到"", ""value"": ""1:30""}",Y,Y,Y,
设备,设备280,tv_control,快进到05:00位置,playback_control,"{""device"": """", ""location"": """", ""object"": ""播放控制"", ""operation"": ""快进到"", ""value"": ""5:00""}",playback_control,"{""device"": """", ""location"": """", ""object"": ""播放控制"", ""operation"": ""快进到"", ""value"": ""5:00""}",Y,Y,Y,
设备,设备281,tv_control,快进到10:00位置,playback_control,"{""device"": """", ""location"": """", ""object"": ""播放控制"", ""operation"": ""快进到"", ""value"": ""10:00""}",playback_control,"{""device"": """", ""location"": """", ""object"": ""播放控制"", ""operation"": ""快进到"", ""value"": ""10:00""}",Y,Y,Y,
设备,设备282,tv_control,快退到01:30位置,playback_control,"{""device"": """", ""location"": """", ""object"": ""播放控制"", ""operation"": ""快退到"", ""value"": ""1:30""}",playback_control,"{""device"": """", ""location"": """", ""object"": ""播放控制"", ""operation"": ""快退到"", ""value"": ""1:30""}",Y,Y,Y,
设备,设备283,tv_control,快退到05:00位置,playback_control,"{""device"": """", ""location"": """", ""object"": ""播放控制"", ""operation"": ""快退到"", ""value"": ""5:00""}",playback_control,"{""device"": """", ""location"": """", ""object"": ""播放控制"", ""operation"": ""快退到"", ""value"": ""5:00""}",Y,Y,Y,
设备,设备284,tv_control,快退到10:00位置,playback_control,"{""device"": """", ""location"": """", ""object"": ""播放控制"", ""operation"": ""快退到"", ""value"": ""10:00""}",playback_control,"{""device"": """", ""location"": """", ""object"": ""播放控制"", ""operation"": ""快退到"", ""value"": ""10:00""}",Y,Y,Y,
设备,设备291,tv_control,暂停播放,playback_control,"{""device"": """", ""location"": """", ""object"": ""播放控制"", ""operation"": ""停止"", ""value"": """"}",playback_control,"{""device"": """", ""location"": """", ""object"": ""播放控制"", ""operation"": ""停止"", ""value"": """"}",Y,Y,Y,
设备,设备294,tv_control,开始播放,playback_control,"{""device"": """", ""location"": """", ""object"": ""播放控制"", ""operation"": ""播放"", ""value"": """"}",execute,"{""query"": ""开始播放""}",N,N,N,"object: gold=""播放控制"" pred=; operation: gold=""播放"" pred=; query: gold= pred=""开始播放"""
设备,设备293,tv_control,继续播放,playback_control,"{""device"": """", ""location"": """", ""object"": ""播放控制"", ""operation"": ""播放"", ""value"": """"}",playback_control,"{""device"": """", ""location"": """", ""object"": ""播放控制"", ""operation"": ""播放"", ""value"": """"}",Y,Y,Y,
设备,设备292,tv_control,停止播放,playback_control,"{""device"": """", ""location"": """", ""object"": ""播放控制"", ""operation"": ""停止"", ""value"": """"}",playback_control,"{""device"": """", ""location"": """", ""object"": ""播放控制"", ""operation"": ""停止"", ""value"": """"}",Y,Y,Y,
设备,设备287,tv_control,跳到10:00,playback_control,"{""device"": """", ""location"": """", ""object"": ""播放控制"", ""operation"": ""跳转"", ""value"": ""10:00""}",vod_search,"{""action"": ""play"", ""query"": {""field"": ""voiceStartPos"", ""value"": 600}, ""retext"": ""跳到10:00""}",N,N,N,"action: gold= pred=""play""; object: gold=""播放控制"" pred=; operation: gold=""跳转"" pred=; query: gold= pred={""field"": ""voiceStartPos"", ""value"": 600}; retext: gold= pred=""跳到10:00""; value: gold=""10:00"" pred="
设备,设备296,tv_control,播放下一集,playback_control,"{""device"": """", ""location"": """", ""object"": ""播放列表"", ""operation"": ""下"", ""value"": ""集""}",playback_control,"{""device"": """", ""location"": """", ""object"": ""播放列表"", ""operation"": ""下"", ""value"": ""集""}",Y,Y,Y,
设备,设备297,tv_control,播放上一集,playback_control,"{""device"": """", ""location"": """", ""object"": ""播放列表"", ""operation"": ""上"", ""value"": ""集""}",playback_control,"{""device"": """", ""location"": """", ""object"": ""播放列表"", ""operation"": ""上"", ""value"": ""集""}",Y,Y,Y,
设备,设备299,tv_control,上一集,playback_control,"{""device"": """", ""location"": """", ""object"": ""播放列表"", ""operation"": ""上"", ""value"": ""集""}",playback_control,"{""device"": """", ""location"": """", ""object"": ""播放列表"", ""operation"": ""上"", ""value"": ""集""}",Y,Y,Y,
设备,设备298,tv_control,下一集,playback_control,"{""device"": """", ""location"": """", ""object"": ""播放列表"", ""operation"": ""下"", ""value"": ""集""}",playback_control,"{""device"": """", ""location"": """", ""object"": ""播放列表"", ""operation"": ""下"", ""value"": ""集""}",Y,Y,Y,
设备,设备300,tv_control,快进1分钟,playback_control,"{""device"": """", ""location"": """", ""object"": ""播放控制"", ""operation"": ""快进"", ""value"": ""1分钟""}",playback_control,"{""device"": """", ""location"": """", ""object"": ""播放控制"", ""operation"": ""快进"", ""value"": ""1分钟""}",Y,Y,Y,
设备,设备301,tv_control,快进2分钟,playback_control,"{""device"": """", ""location"": """", ""object"": ""播放控制"", ""operation"": ""快进"", ""value"": ""2分""}",playback_control,"{""device"": """", ""location"": """", ""object"": ""播放控制"", ""operation"": ""快进"", ""value"": ""2分""}",Y,Y,Y,
设备,设备302,tv_control,快进5分钟,playback_control,"{""device"": """", ""location"": """", ""object"": ""播放控制"", ""operation"": ""快进"", ""value"": ""5分钟""}",playback_control,"{""device"": """", ""location"": """", ""object"": ""播放控制"", ""operation"": ""快进"", ""value"": ""5分钟""}",Y,Y,Y,
设备,设备288,tv_control,跳转到01:30,playback_control,"{""device"": """", ""location"": """", ""object"": ""播放控制"", ""operation"": ""跳转"", ""value"": ""1:30""}",vod_fuzzy_search,"{""query"": ""跳转到01:30""}",N,N,N,"object: gold=""播放控制"" pred=; operation: gold=""跳转"" pred=; query: gold= pred=""跳转到01:30""; value: gold=""1:30"" pred="
设备,设备290,tv_control,跳转到10:00,playback_control,"{""device"": """", ""location"": """", ""object"": ""播放控制"", ""operation"": ""跳转"", ""value"": ""10:00""}",vod_fuzzy_search,"{""query"": ""跳转到10:00""}",N,N,N,"object: gold=""播放控制"" pred=; operation: gold=""跳转"" pred=; query: gold= pred=""跳转到10:00""; value: gold=""10:00"" pred="
设备,设备289,tv_control,跳转到05:00,playback_control,"{""device"": """", ""location"": """", ""object"": ""播放控制"", ""operation"": ""跳转"", ""value"": ""5:00""}",vod_fuzzy_search,"{""query"": ""跳转到05:00""}",N,N,N,"object: gold=""播放控制"" pred=; operation: gold=""跳转"" pred=; query: gold= pred=""跳转到05:00""; value: gold=""5:00"" pred="
设备,设备286,tv_control,跳到05:00,playback_control,"{""device"": """", ""location"": """", ""object"": ""播放控制"", ""operation"": ""跳转"", ""value"": ""5:00""}",vod_fuzzy_search,"{""query"": ""跳到05:00""}",N,N,N,"object: gold=""播放控制"" pred=; operation: gold=""跳转"" pred=; query: gold= pred=""跳到05:00""; value: gold=""5:00"" pred="
设备,设备303,tv_control,倒退10秒,playback_control,"{""device"": """", ""location"": """", ""object"": ""播放控制"", ""operation"": ""快退"", ""value"": ""10秒""}",vod_search,"{""action"": ""play"", ""query"": {""field"": ""voiceStartPos"", ""value"": -10}, ""retext"": ""倒退10秒""}",N,N,N,"action: gold= pred=""play""; object: gold=""播放控制"" pred=; operation: gold=""快退"" pred=; query: gold= pred={""field"": ""voiceStartPos"", ""value"": -10}; retext: gold= pred=""倒退10秒""; value: gold=""10秒"" pred="
设备,设备304,tv_control,倒退30秒,playback_control,"{""device"": """", ""location"": """", ""object"": ""播放控制"", ""operation"": ""快退"", ""value"": ""30秒""}",vod_search,"{""action"": ""play"", ""query"": {""field"": ""voiceStartPos"", ""value"": -30}, ""retext"": ""倒退30秒""}",N,N,N,"action: gold= pred=""play""; object: gold=""播放控制"" pred=; operation: gold=""快退"" pred=; query: gold= pred={""field"": ""voiceStartPos"", ""value"": -30}; retext: gold= pred=""倒退30秒""; value: gold=""30秒"" pred="
设备,设备295,tv_control,退出播放,playback_control,"{""device"": """", ""location"": """", ""object"": ""播放控制"", ""operation"": ""退出"", ""value"": """"}",vod_search,"{""action"": ""play"", ""query"": {""not"": {""field"": ""title"", ""value"": ""退出播放""}}, ""retext"": ""退出播放""}",N,N,N,"action: gold= pred=""play""; object: gold=""播放控制"" pred=; operation: gold=""退出"" pred=; query: gold= pred={""not"": {""field"": ""title"", ""value"": ""退出播放""}}; retext: gold= pred=""退出播放"""
设备,设备305,tv_control,倒退60秒,playback_control,"{""device"": """", ""location"": """", ""object"": ""播放控制"", ""operation"": ""快退"", ""value"": ""60秒""}",vod_search,"{""action"": ""play"", ""query"": {""field"": ""voiceStartPos"", ""value"": -60}, ""retext"": ""倒退60秒""}",N,N,N,"action: gold= pred=""play""; object: gold=""播放控制"" pred=; operation: gold=""快退"" pred=; query: gold= pred={""field"": ""voiceStartPos"", ""value"": -60}; retext: gold= pred=""倒退60秒""; value: gold=""60秒"" pred="
设备,设备285,tv_control,跳到01:30,playback_control,"{""device"": """", ""location"": """", ""object"": ""播放控制"", ""operation"": ""跳转"", ""value"": ""1:30""}",vod_fuzzy_search,"{""query"": ""跳到01:30""}",N,N,N,"object: gold=""播放控制"" pred=; operation: gold=""跳转"" pred=; query: gold= pred=""跳到01:30""; value: gold=""1:30"" pred="
设备,设备310,tv_control,从10:00开始播放,playback_control,"{""device"": """", ""location"": """", ""object"": ""播放控制"", ""operation"": ""跳转"", ""value"": ""10:00""}",playback_control,"{""device"": """", ""location"": """", ""object"": ""播放控制"", ""operation"": ""跳转"", ""value"": ""10:00""}",Y,Y,Y,
设备,设备312,tv_control,快退2分钟,playback_control,"{""device"": """", ""location"": """", ""object"": ""播放控制"", ""operation"": ""快退"", ""value"": ""2分""}",playback_control,"{""device"": """", ""location"": """", ""object"": ""播放控制"", ""operation"": ""快退"", ""value"": ""2分""}",Y,Y,Y,
设备,设备306,tv_control,直接跳到01:30,playback_control,"{""device"": """", ""location"": """", ""object"": ""播放控制"", ""operation"": ""跳转"", ""value"": ""01:30""}",vod_fuzzy_search,"{""query"": ""直接跳到01:30""}",N,N,N,"object: gold=""播放控制"" pred=; operation: gold=""跳转"" pred=; query: gold= pred=""直接跳到01:30""; value: gold=""01:30"" pred="
设备,设备308,tv_control,直接跳到10:00,playback_control,"{""device"": """", ""location"": """", ""object"": ""播放控制"", ""operation"": ""跳转"", ""value"": ""10:00""}",vod_search,"{""action"": ""play"", ""query"": {""field"": ""voiceStartPos"", ""value"": 600}, ""retext"": ""直接跳到10:00""}",N,N,N,"action: gold= pred=""play""; object: gold=""播放控制"" pred=; operation: gold=""跳转"" pred=; query: gold= pred={""field"": ""voiceStartPos"", ""value"": 600}; retext: gold= pred=""直接跳到10:00""; value: gold=""10:00"" pred="
设备,设备307,tv_control,直接跳到05:00,playback_control,"{""device"": """", ""location"": """", ""object"": ""播放控制"", ""operation"": ""跳转"", ""value"": ""5:00""}",vod_fuzzy_search,"{""query"": ""直接跳到05:00""}",N,N,N,"object: gold=""播放控制"" pred=; operation: gold=""跳转"" pred=; query: gold= pred=""直接跳到05:00""; value: gold=""5:00"" pred="
设备,设备309,tv_control,从01:30开始播放,playback_control,"{""device"": """", ""location"": """", ""object"": ""播放控制"", ""operation"": ""跳转"", ""value"": ""01:30""}",vod_search,"{""action"": ""play"", ""query"": {""field"": ""voiceStartPos"", ""value"": 90}, ""retext"": ""从01:30开始播放""}",N,N,N,"action: gold= pred=""play""; object: gold=""播放控制"" pred=; operation: gold=""跳转"" pred=; query: gold= pred={""field"": ""voiceStartPos"", ""value"": 90}; retext: gold= pred=""从01:30开始播放""; value: gold=""01:30"" pred="
设备,设备316,tv_control,快退1分钟,playback_control,"{""device"": """", ""location"": """", ""object"": ""播放控制"", ""operation"": ""快退"", ""value"": ""1分钟""}",playback_control,"{""device"": """", ""location"": """", ""object"": ""播放控制"", ""operation"": ""快退"", ""value"": ""1分钟""}",Y,Y,Y,
设备,设备311,tv_control,重播,playback_control,"{""device"": """", ""location"": """", ""object"": ""播放控制"", ""operation"": ""重播"", ""value"": """"}",vod_search,"{""action"": ""play"", ""query"": {""field"": ""title"", ""value"": ""重播""}, ""retext"": ""重播""}",N,N,N,"action: gold= pred=""play""; object: gold=""播放控制"" pred=; operation: gold=""重播"" pred=; query: gold= pred={""field"": ""title"", ""value"": ""重播""}; retext: gold= pred=""重播"""
设备,设备317,tv_control,快退5分钟,playback_control,"{""device"": """", ""location"": """", ""object"": ""播放控制"", ""operation"": ""快退"", ""value"": ""5分钟""}",playback_control,"{""device"": """", ""location"": """", ""object"": ""播放控制"", ""operation"": ""快退"", ""value"": ""5分钟""}",Y,Y,Y,
设备,设备313,tv_control,前进10秒,playback_control,"{""device"": """", ""location"": """", ""object"": ""播放控制"", ""operation"": ""快进"", ""value"": ""10秒""}",vod_search,"{""action"": ""play"", ""query"": {""field"": ""voiceStartPos"", ""value"": 10}, ""retext"": ""前进10秒""}",N,N,N,"action: gold= pred=""play""; object: gold=""播放控制"" pred=; operation: gold=""快进"" pred=; query: gold= pred={""field"": ""voiceStartPos"", ""value"": 10}; retext: gold= pred=""前进10秒""; value: gold=""10秒"" pred="
设备,设备314,tv_control,前进30秒,playback_control,"{""device"": """", ""location"": """", ""object"": ""播放控制"", ""operation"": ""快进"", ""value"": ""30秒""}",vod_search,"{""action"": ""play"", ""query"": {""field"": ""voiceStartPos"", ""value"": 30}, ""retext"": ""前进30秒""}",N,N,N,"action: gold= pred=""play""; object: gold=""播放控制"" pred=; operation: gold=""快进"" pred=; query: gold= pred={""field"": ""voiceStartPos"", ""value"": 30}; retext: gold= pred=""前进30秒""; value: gold=""30秒"" pred="
设备,设备315,tv_control,从05:00开始播放,playback_control,"{""device"": """", ""location"": """", ""object"": ""播放控制"", ""operation"": ""跳转"", ""value"": ""5:00""}",vod_search,"{""action"": ""play"", ""query"": {""field"": ""voiceStartPos"", ""value"": 300}, ""retext"": ""从05:00开始播放""}",N,N,N,"action: gold= pred=""play""; object: gold=""播放控制"" pred=; operation: gold=""跳转"" pred=; query: gold= pred={""field"": ""voiceStartPos"", ""value"": 300}; retext: gold= pred=""从05:00开始播放""; value: gold=""5:00"" pred="
设备,设备320,tv_control,后退30秒,playback_control,"{""device"": """", ""location"": """", ""object"": ""播放控制"", ""operation"": ""快退"", ""value"": ""30秒""}",vod_search,"{""action"": ""play"", ""query"": {""field"": ""voiceStartPos"", ""value"": -30}, ""retext"": ""后退30秒""}",N,N,N,"action: gold= pred=""play""; object: gold=""播放控制"" pred=; operation: gold=""快退"" pred=; query: gold= pred={""field"": ""voiceStartPos"", ""value"": -30}; retext: gold= pred=""后退30秒""; value: gold=""30秒"" pred="
设备,设备318,tv_control,前进60秒,playback_control,"{""device"": """", ""location"": """", ""object"": ""播放控制"", ""operation"": ""快进"", ""value"": ""60秒""}",vod_search,"{""action"": ""play"", ""query"": {""field"": ""voiceStartPos"", ""value"": 60}, ""retext"": ""前进60秒""}",N,N,N,"action: gold= pred=""play""; object: gold=""播放控制"" pred=; operation: gold=""快进"" pred=; query: gold= pred={""field"": ""voiceStartPos"", ""value"": 60}; retext: gold= pred=""前进60秒""; value: gold=""60秒"" pred="
设备,设备319,tv_control,后退10秒,playback_control,"{""device"": """", ""location"": """", ""object"": ""播放控制"", ""operation"": ""快退"", ""value"": ""10秒""}",vod_search,"{""action"": ""play"", ""query"": {""field"": ""voiceStartPos"", ""value"": -10}, ""retext"": ""后退10秒""}",N,N,N,"action: gold= pred=""play""; object: gold=""播放控制"" pred=; operation: gold=""快退"" pred=; query: gold= pred={""field"": ""voiceStartPos"", ""value"": -10}; retext: gold= pred=""后退10秒""; value: gold=""10秒"" pred="
设备,设备321,tv_control,后退60秒,playback_control,"{""device"": """", ""location"": """", ""object"": ""播放控制"", ""operation"": ""快退"", ""value"": ""60秒""}",vod_search,"{""action"": ""play"", ""query"": {""field"": ""voiceStartPos"", ""value"": -60}, ""retext"": ""后退60秒""}",N,N,N,"action: gold= pred=""play""; object: gold=""播放控制"" pred=; operation: gold=""快退"" pred=; query: gold= pred={""field"": ""voiceStartPos"", ""value"": -60}; retext: gold= pred=""后退60秒""; value: gold=""60秒"" pred="
设备,设备325,tv_control,播放,playback_control,"{""device"": """", ""location"": """", ""object"": ""播放控制"", ""operation"": ""播放"", ""value"": """"}",execute,"{""query"": ""播放""}",N,N,N,"object: gold=""播放控制"" pred=; operation: gold=""播放"" pred=; query: gold= pred=""播放"""
设备,设备327,tv_control,上一个,playback_control,"{""device"": """", ""location"": """", ""object"": ""播放列表"", ""operation"": ""上"", ""value"": ""个""}",execute,"{""query"": ""上一个""}",N,N,N,"object: gold=""播放列表"" pred=; operation: gold=""上"" pred=; query: gold= pred=""上一个""; value: gold=""个"" pred="
设备,设备324,tv_control,停止,playback_control,"{""device"": """", ""location"": """", ""object"": ""播放控制"", ""operation"": ""停止"", ""value"": """"}",playback_control,"{""device"": """", ""location"": """", ""object"": ""播放控制"", ""operation"": ""停止"", ""value"": """"}",Y,Y,Y,
设备,设备328,tv_control,快进功能,playback_control,"{""device"": """", ""location"": """", ""object"": ""播放控制"", ""operation"": ""快进"", ""value"": """"}",playback_control,"{""device"": """", ""location"": """", ""object"": ""播放控制"", ""operation"": ""快进"", ""value"": """"}",Y,Y,Y,
设备,设备329,tv_control,快退功能,playback_control,"{""device"": """", ""location"": """", ""object"": ""播放控制"", ""operation"": ""快退"", ""value"": """"}",playback_control,"{""device"": """", ""location"": """", ""object"": ""播放控制"", ""operation"": ""快退"", ""value"": """"}",Y,Y,Y,
设备,设备330,tv_control,视频快进,playback_control,"{""device"": """", ""location"": """", ""object"": ""播放控制"", ""operation"": ""快进"", ""value"": """"}",playback_control,"{""device"": """", ""location"": """", ""object"": ""播放控制"", ""operation"": ""快进"", ""value"": """"}",Y,Y,Y,
设备,设备331,tv_control,视频快退,playback_control,"{""device"": """", ""location"": """", ""object"": ""播放控制"", ""operation"": ""快退"", ""value"": """"}",playback_control,"{""device"": """", ""location"": """", ""object"": ""播放控制"", ""operation"": ""快退"", ""value"": """"}",Y,Y,Y,
设备,设备332,tv_control,切换到HDMI4,source_switch,"{""device"": """", ""location"": """", ""object"": ""信号源"", ""operation"": ""设置"", ""value"": ""hdmi4""}",source_switch,"{""device"": """", ""location"": """", ""object"": ""信号源"", ""operation"": ""设置"", ""value"": ""hdmi4""}",Y,Y,Y,
设备,设备333,tv_control,打开前置HDMI,source_switch,"{""device"": """", ""location"": """", ""object"": ""信号源"", ""operation"": ""设置"", ""value"": ""前置hdmi""}",source_switch,"{""device"": """", ""location"": """", ""object"": ""信号源"", ""operation"": ""设置"", ""value"": ""前置hdmi""}",Y,Y,Y,
设备,设备334,tv_control,切换到侧置HDMI,source_switch,"{""device"": """", ""location"": """", ""object"": ""信号源"", ""operation"": ""设置"", ""value"": ""侧置hdmi""}",source_switch,"{""device"": """", ""location"": """", ""object"": ""信号源"", ""operation"": ""设置"", ""value"": ""侧置hdmi""}",Y,Y,Y,
设备,设备335,tv_control,信号源切换到HDMI1,source_switch,"{""device"": """", ""location"": """", ""object"": ""信号源"", ""operation"": ""设置"", ""value"": ""hdmi1""}",source_switch,"{""device"": """", ""location"": """", ""object"": ""信号源"", ""operation"": ""设置"", ""value"": ""hdmi1""}",Y,Y,Y,
设备,设备336,tv_control,信号源切换到HDMI2,source_switch,"{""device"": """", ""location"": """", ""object"": ""信号源"", ""operation"": ""设置"", ""value"": ""hdmi2""}",source_switch,"{""device"": """", ""location"": """", ""object"": ""信号源"", ""operation"": ""设置"", ""value"": ""hdmi2""}",Y,Y,Y,
设备,设备339,tv_control,信号源切换到USB,source_switch,"{""device"": """", ""location"": """", ""object"": ""信号源"", ""operation"": ""设置"", ""value"": ""usb""}",source_switch,"{""device"": """", ""location"": """", ""object"": ""信号源"", ""operation"": ""设置"", ""value"": ""usb""}",Y,Y,Y,
设备,设备338,tv_control,信号源切换到VGA,source_switch,"{""device"": """", ""location"": """", ""object"": ""信号源"", ""operation"": ""设置"", ""value"": ""vga""}",source_switch,"{""device"": """", ""location"": """", ""object"": ""信号源"", ""operation"": ""设置"", ""value"": ""vga""}",Y,Y,Y,
设备,设备337,tv_control,信号源切换到HDMI3,source_switch,"{""device"": """", ""location"": """", ""object"": ""信号源"", ""operation"": ""设置"", ""value"": ""hdmi3""}",source_switch,"{""device"": """", ""location"": """", ""object"": ""信号源"", ""operation"": ""设置"", ""value"": ""hdmi3""}",Y,Y,Y,
设备,设备340,tv_control,打开信号源,source_switch,"{""device"": """", ""location"": """", ""object"": ""信号源"", ""operation"": ""打开"", ""value"": """"}",source_switch,"{""device"": """", ""location"": """", ""object"": ""信号源"", ""operation"": ""打开"", ""value"": """"}",Y,Y,Y,
设备,设备341,tv_control,选择HDMI1信号源,source_switch,"{""device"": """", ""location"": """", ""object"": ""信号源"", ""operation"": ""设置"", ""value"": ""HDMI1""}",source_switch,"{""device"": """", ""location"": """", ""object"": ""信号源"", ""operation"": ""设置"", ""value"": ""HDMI1""}",Y,Y,Y,
设备,设备343,tv_control,选择HDMI3信号源,source_switch,"{""device"": """", ""location"": """", ""object"": ""信号源"", ""operation"": ""设置"", ""value"": ""HDMI3""}",source_switch,"{""device"": """", ""location"": """", ""object"": ""信号源"", ""operation"": ""设置"", ""value"": ""HDMI3""}",Y,Y,Y,
设备,设备345,tv_control,选择USB信号源,source_switch,"{""device"": """", ""location"": """", ""object"": ""信号源"", ""operation"": ""设置"", ""value"": ""USB""}",source_switch,"{""device"": """", ""location"": """", ""object"": ""信号源"", ""operation"": ""设置"", ""value"": ""USB""}",Y,Y,Y,
设备,设备344,tv_control,选择VGA信号源,source_switch,"{""device"": """", ""location"": """", ""object"": ""信号源"", ""operation"": ""设置"", ""value"": ""VGA""}",source_switch,"{""device"": """", ""location"": """", ""object"": ""信号源"", ""operation"": ""设置"", ""value"": ""VGA""}",Y,Y,Y,
设备,设备342,tv_control,选择HDMI2信号源,source_switch,"{""device"": """", ""location"": """", ""object"": ""信号源"", ""operation"": ""设置"", ""value"": ""HDMI2""}",source_switch,"{""device"": """", ""location"": """", ""object"": ""信号源"", ""operation"": ""设置"", ""value"": ""HDMI2""}",Y,Y,Y,
设备,设备322,tv_control,跳到开始,playback_control,"{""device"": """", ""location"": """", ""object"": ""播放控制"", ""operation"": ""跳转"", ""value"": """"}",vod_fuzzy_search,"{""query"": ""跳到开始""}",N,N,N,"object: gold=""播放控制"" pred=; operation: gold=""跳转"" pred=; query: gold= pred=""跳到开始"""
设备,设备346,tv_control,切换到VGA模式,source_switch,"{""device"": """", ""location"": """", ""object"": ""信号源"", ""operation"": ""设置"", ""value"": ""VGA""}",source_switch,"{""device"": """", ""location"": """", ""object"": ""信号源"", ""operation"": ""设置"", ""value"": ""VGA""}",Y,Y,Y,
设备,设备347,tv_control,切换到USB模式,source_switch,"{""device"": """", ""location"": """", ""object"": ""信号源"", ""operation"": ""设置"", ""value"": ""USB""}",source_switch,"{""device"": """", ""location"": """", ""object"": ""信号源"", ""operation"": ""设置"", ""value"": ""USB""}",Y,Y,Y,
设备,设备349,tv_control,切换到switch,source_switch,"{""device"": """", ""location"": """", ""object"": ""信号源"", ""operation"": ""设置"", ""value"": ""switch""}",source_switch,"{""device"": """", ""location"": """", ""object"": ""信号源"", ""operation"": ""设置"", ""value"": ""switch""}",Y,Y,Y,
设备,设备348,tv_control,切换到typec,source_switch,"{""device"": """", ""location"": """", ""object"": ""信号源"", ""operation"": ""设置"", ""value"": ""typec""}",source_switch,"{""device"": """", ""location"": """", ""object"": ""信号源"", ""operation"": ""设置"", ""value"": ""typec""}",Y,Y,Y,
设备,设备350,tv_control,打开xbox,source_switch,"{""device"": """", ""location"": """", ""object"": ""信号源"", ""operation"": ""设置"", ""value"": ""xbox""}",source_switch,"{""device"": """", ""location"": """", ""object"": ""信号源"", ""operation"": ""设置"", ""value"": ""xbox""}",Y,Y,Y,
设备,设备323,tv_control,跳到结尾,playback_control,"{""device"": """", ""location"": """", ""object"": ""播放控制"", ""operation"": ""跳转"", ""value"": """"}",vod_fuzzy_search,"{""query"": ""跳到结尾""}",N,N,N,"object: gold=""播放控制"" pred=; operation: gold=""跳转"" pred=; query: gold= pred=""跳到结尾"""
设备,设备352,tv_control,切换到ps5,source_switch,"{""device"": """", ""location"": """", ""object"": ""信号源"", ""operation"": ""设置"", ""value"": ""ps5""}",source_switch,"{""device"": """", ""location"": """", ""object"": ""信号源"", ""operation"": ""设置"", ""value"": ""ps5""}",Y,Y,Y,
设备,设备353,tv_control,切换到视频1,source_switch,"{""device"": """", ""location"": """", ""object"": ""信号源"", ""operation"": ""设置"", ""value"": ""视频1""}",source_switch,"{""device"": """", ""location"": """", ""object"": ""信号源"", ""operation"": ""设置"", ""value"": ""视频1""}",Y,Y,Y,
设备,设备351,tv_control,切换到ps4,source_switch,"{""device"": """", ""location"": """", ""object"": ""信号源"", ""operation"": ""设置"", ""value"": ""ps4""}",source_switch,"{""device"": """", ""location"": """", ""object"": ""信号源"", ""operation"": ""设置"", ""value"": ""ps4""}",Y,Y,Y,
设备,设备354,tv_control,切换到视频2,source_switch,"{""device"": """", ""location"": """", ""object"": ""信号源"", ""operation"": ""设置"", ""value"": ""视频2""}",source_switch,"{""device"": """", ""location"": """", ""object"": ""信号源"", ""operation"": ""设置"", ""value"": ""视频2""}",Y,Y,Y,
设备,设备356,tv_control,信号源选择,source_switch,"{""device"": """", ""location"": """", ""object"": ""信号源"", ""operation"": ""设置"", ""value"": """"}",source_switch,"{""device"": """", ""location"": """", ""object"": ""信号源"", ""operation"": ""设置"", ""value"": """"}",Y,Y,Y,
设备,设备357,tv_control,切换到HDMI1,source_switch,"{""device"": """", ""location"": """", ""object"": ""信号源"", ""operation"": ""设置"", ""value"": ""hdmi1""}",source_switch,"{""device"": """", ""location"": """", ""object"": ""信号源"", ""operation"": ""设置"", ""value"": ""hdmi1""}",Y,Y,Y,
设备,设备326,tv_control,下一个,playback_control,"{""device"": """", ""location"": """", ""object"": ""播放列表"", ""operation"": ""下"", ""value"": ""个""}",vod_fuzzy_search,"{""query"": ""下一个""}",N,N,N,"object: gold=""播放列表"" pred=; operation: gold=""下"" pred=; query: gold= pred=""下一个""; value: gold=""个"" pred="
设备,设备355,tv_control,切换到分量输入,source_switch,"{""device"": """", ""location"": """", ""object"": ""信号源"", ""operation"": ""设置"", ""value"": ""分量输入""}",source_switch,"{""device"": """", ""location"": """", ""object"": ""信号源"", ""operation"": ""设置"", ""value"": ""分量输入""}",Y,Y,Y,
设备,设备358,tv_control,切换到HDMI2,source_switch,"{""device"": """", ""location"": """", ""object"": ""信号源"", ""operation"": ""设置"", ""value"": ""hdmi2""}",source_switch,"{""device"": """", ""location"": """", ""object"": ""信号源"", ""operation"": ""设置"", ""value"": ""hdmi2""}",Y,Y,Y,
设备,设备360,tv_control,切换到VGA,source_switch,"{""device"": """", ""location"": """", ""object"": ""信号源"", ""operation"": ""设置"", ""value"": ""vga""}",source_switch,"{""device"": """", ""location"": """", ""object"": ""信号源"", ""operation"": ""设置"", ""value"": ""vga""}",Y,Y,Y,
设备,设备359,tv_control,切换到HDMI3,source_switch,"{""device"": """", ""location"": """", ""object"": ""信号源"", ""operation"": ""设置"", ""value"": ""hdmi3""}",source_switch,"{""device"": """", ""location"": """", ""object"": ""信号源"", ""operation"": ""设置"", ""value"": ""hdmi3""}",Y,Y,Y,
设备,设备361,tv_control,切换到USB,source_switch,"{""device"": """", ""location"": """", ""object"": ""信号源"", ""operation"": ""设置"", ""value"": ""usb""}",source_switch,"{""device"": """", ""location"": """", ""object"": ""信号源"", ""operation"": ""设置"", ""value"": ""usb""}",Y,Y,Y,
设备,设备362,tv_control,打开HDMI1输入,source_switch,"{""device"": """", ""location"": """", ""object"": ""信号源"", ""operation"": ""设置"", ""value"": ""HDMI1""}",source_switch,"{""device"": """", ""location"": """", ""object"": ""信号源"", ""operation"": ""设置"", ""value"": ""HDMI1""}",Y,Y,Y,
设备,设备365,tv_control,打开VGA输入,source_switch,"{""device"": """", ""location"": """", ""object"": ""信号源"", ""operation"": ""设置"", ""value"": ""VGA""}",source_switch,"{""device"": """", ""location"": """", ""object"": ""信号源"", ""operation"": ""设置"", ""value"": ""VGA""}",Y,Y,Y,
设备,设备363,tv_control,打开HDMI2输入,source_switch,"{""device"": """", ""location"": """", ""object"": ""信号源"", ""operation"": ""设置"", ""value"": ""HDMI2""}",source_switch,"{""device"": """", ""location"": """", ""object"": ""信号源"", ""operation"": ""设置"", ""value"": ""HDMI2""}",Y,Y,Y,
设备,设备364,tv_control,打开HDMI3输入,source_switch,"{""device"": """", ""location"": """", ""object"": ""信号源"", ""operation"": ""设置"", ""value"": ""HDMI3""}",source_switch,"{""device"": """", ""location"": """", ""object"": ""信号源"", ""operation"": ""设置"", ""value"": ""HDMI3""}",Y,Y,Y,
设备,设备366,tv_control,打开USB输入,source_switch,"{""device"": """", ""location"": """", ""object"": ""信号源"", ""operation"": ""设置"", ""value"": ""USB""}",source_switch,"{""device"": """", ""location"": """", ""object"": ""信号源"", ""operation"": ""设置"", ""value"": ""USB""}",Y,Y,Y,
设备,设备369,tv_control,信号源设置,source_switch,"{""device"": """", ""location"": """", ""object"": ""信号源"", ""operation"": ""设置"", ""value"": """"}",source_switch,"{""device"": """", ""location"": """", ""object"": ""信号源"", ""operation"": ""设置"", ""value"": """"}",Y,Y,Y,
设备,设备370,tv_control,信号源切换,source_switch,"{""device"": """", ""location"": """", ""object"": ""信号源"", ""operation"": ""设置"", ""value"": """"}",source_switch,"{""device"": """", ""location"": """", ""object"": ""信号源"", ""operation"": ""设置"", ""value"": """"}",Y,Y,Y,
设备,设备368,tv_control,打开HDMI输入,source_switch,"{""device"": """", ""location"": """", ""object"": ""信号源"", ""operation"": ""设置"", ""value"": """"}",source_switch,"{""device"": """", ""location"": """", ""object"": ""信号源"", ""operation"": ""设置"", ""value"": """"}",Y,Y,Y,
设备,设备367,tv_control,切换到AV输入,source_switch,"{""device"": """", ""location"": """", ""object"": ""信号源"", ""operation"": ""设置"", ""value"": ""AV输入""}",source_switch,"{""device"": """", ""location"": """", ""object"": ""信号源"", ""operation"": ""设置"", ""value"": ""AV输入""}",Y,Y,Y,
设备,设备371,tv_control,输入源选择,source_switch,"{""device"": """", ""location"": """", ""object"": ""信号源"", ""operation"": ""设置"", ""value"": """"}",source_switch,"{""device"": """", ""location"": """", ""object"": ""信号源"", ""operation"": ""设置"", ""value"": """"}",Y,Y,Y,
设备,设备372,tv_control,输入源切换,source_switch,"{""device"": """", ""location"": """", ""object"": ""信号源"", ""operation"": ""设置"", ""value"": """"}",source_switch,"{""device"": """", ""location"": """", ""object"": ""信号源"", ""operation"": ""设置"", ""value"": """"}",Y,Y,Y,
设备,设备373,tv_control,清晰度调到30,numeric_adjust,"{""device"": """", ""location"": """", ""object"": ""清晰度"", ""operation"": ""设置"", ""value"": ""30""}",numeric_adjust,"{""device"": """", ""location"": """", ""object"": ""清晰度"", ""operation"": ""设置"", ""value"": ""30""}",Y,Y,Y,
设备,设备374,tv_control,清晰度调到50,numeric_adjust,"{""device"": """", ""location"": """", ""object"": ""清晰度"", ""operation"": ""设置"", ""value"": ""50""}",numeric_adjust,"{""device"": """", ""location"": """", ""object"": ""清晰度"", ""operation"": ""设置"", ""value"": ""50""}",Y,Y,Y,
设备,设备375,tv_control,清晰度调到70,numeric_adjust,"{""device"": """", ""location"": """", ""object"": ""清晰度"", ""operation"": ""设置"", ""value"": ""70""}",numeric_adjust,"{""device"": """", ""location"": """", ""object"": ""清晰度"", ""operation"": ""设置"", ""value"": ""70""}",Y,Y,Y,
设备,设备376,tv_control,清晰度设置为30%,numeric_adjust,"{""device"": """", ""location"": """", ""object"": ""清晰度"", ""operation"": ""设置"", ""value"": ""30%""}",numeric_adjust,"{""device"": """", ""location"": """", ""object"": ""清晰度"", ""operation"": ""设置"", ""value"": ""30%""}",Y,Y,Y,
设备,设备377,tv_control,清晰度设置为50%,numeric_adjust,"{""device"": """", ""location"": """", ""object"": ""清晰度"", ""operation"": ""设置"", ""value"": ""50%""}",numeric_adjust,"{""device"": """", ""location"": """", ""object"": ""清晰度"", ""operation"": ""设置"", ""value"": ""50%""}",Y,Y,Y,
设备,设备379,tv_control,提高清晰度,numeric_adjust,"{""device"": """", ""location"": """", ""object"": ""清晰度"", ""operation"": ""提高"", ""value"": """"}",numeric_adjust,"{""device"": """", ""location"": """", ""object"": ""清晰度"", ""operation"": ""提高"", ""value"": """"}",Y,Y,Y,
设备,设备380,tv_control,降低清晰度,numeric_adjust,"{""device"": """", ""location"": """", ""object"": ""清晰度"", ""operation"": ""降低"", ""value"": """"}",numeric_adjust,"{""device"": """", ""location"": """", ""object"": ""清晰度"", ""operation"": ""降低"", ""value"": """"}",Y,Y,Y,
设备,设备378,tv_control,清晰度设置为70%,numeric_adjust,"{""device"": """", ""location"": """", ""object"": ""清晰度"", ""operation"": ""设置"", ""value"": ""70%""}",numeric_adjust,"{""device"": """", ""location"": """", ""object"": ""清晰度"", ""operation"": ""设置"", ""value"": ""70%""}",Y,Y,Y,
设备,设备381,tv_control,画面清晰一点,numeric_adjust,"{""device"": """", ""location"": """", ""object"": ""清晰度"", ""operation"": ""提高"", ""value"": """"}",numeric_adjust,"{""device"": """", ""location"": """", ""object"": ""清晰度"", ""operation"": ""提高"", ""value"": """"}",Y,Y,Y,
设备,设备382,tv_control,画面模糊了,numeric_adjust,"{""device"": """", ""location"": """", ""object"": ""清晰度"", ""operation"": ""提高"", ""value"": """"}",numeric_adjust,"{""device"": """", ""location"": """", ""object"": ""清晰度"", ""operation"": ""提高"", ""value"": """"}",Y,Y,Y,
设备,设备384,tv_control,清晰度加30,numeric_adjust,"{""device"": """", ""location"": """", ""object"": ""清晰度"", ""operation"": ""提高"", ""value"": ""30""}",numeric_adjust,"{""device"": """", ""location"": """", ""object"": ""清晰度"", ""operation"": ""提高"", ""value"": ""30""}",Y,Y,Y,
设备,设备385,tv_control,清晰度加50,numeric_adjust,"{""device"": """", ""location"": """", ""object"": ""清晰度"", ""operation"": ""提高"", ""value"": ""50""}",numeric_adjust,"{""device"": """", ""location"": """", ""object"": ""清晰度"", ""operation"": ""提高"", ""value"": ""50""}",Y,Y,Y,
设备,设备386,tv_control,清晰度加70,numeric_adjust,"{""device"": """", ""location"": """", ""object"": ""清晰度"", ""operation"": ""提高"", ""value"": ""70""}",numeric_adjust,"{""device"": """", ""location"": """", ""object"": ""清晰度"", ""operation"": ""提高"", ""value"": ""70""}",Y,Y,Y,
设备,设备389,tv_control,清晰度减70,numeric_adjust,"{""device"": """", ""location"": """", ""object"": ""清晰度"", ""operation"": ""降低"", ""value"": ""70""}",numeric_adjust,"{""device"": """", ""location"": """", ""object"": ""清晰度"", ""operation"": ""降低"", ""value"": ""70""}",Y,Y,Y,
设备,设备390,tv_control,清晰度调到最高,numeric_adjust,"{""device"": """", ""location"": """", ""object"": ""清晰度"", ""operation"": ""设置"", ""value"": ""100%""}",numeric_adjust,"{""device"": """", ""location"": """", ""object"": ""清晰度"", ""operation"": ""设置"", ""value"": ""100%""}",Y,Y,Y,
设备,设备387,tv_control,清晰度减30,numeric_adjust,"{""device"": """", ""location"": """", ""object"": ""清晰度"", ""operation"": ""降低"", ""value"": ""30""}",numeric_adjust,"{""device"": """", ""location"": """", ""object"": ""清晰度"", ""operation"": ""降低"", ""value"": ""30""}",Y,Y,Y,
设备,设备388,tv_control,清晰度减50,numeric_adjust,"{""device"": """", ""location"": """", ""object"": ""清晰度"", ""operation"": ""降低"", ""value"": ""50""}",numeric_adjust,"{""device"": """", ""location"": """", ""object"": ""清晰度"", ""operation"": ""降低"", ""value"": ""50""}",Y,Y,Y,
设备,设备391,tv_control,清晰度调到最低,numeric_adjust,"{""device"": """", ""location"": """", ""object"": ""清晰度"", ""operation"": ""设置"", ""value"": ""0%""}",numeric_adjust,"{""device"": """", ""location"": """", ""object"": ""清晰度"", ""operation"": ""设置"", ""value"": ""0%""}",Y,Y,Y,
设备,设备393,tv_control,画质清晰一点,numeric_adjust,"{""device"": """", ""location"": """", ""object"": ""清晰度"", ""operation"": ""提高"", ""value"": ""默认""}",numeric_adjust,"{""device"": """", ""location"": """", ""object"": ""清晰度"", ""operation"": ""提高"", ""value"": ""默认""}",Y,Y,Y,
设备,设备394,tv_control,清晰度调整,numeric_adjust,"{""device"": """", ""location"": """", ""object"": ""清晰度"", ""operation"": ""设置"", ""value"": """"}",numeric_adjust,"{""device"": """", ""location"": """", ""object"": ""清晰度"", ""operation"": ""设置"", ""value"": """"}",Y,Y,Y,
设备,设备392,tv_control,分辨率调到最高,numeric_adjust,"{""device"": """", ""location"": """", ""object"": ""分辨率"", ""operation"": ""设置"", ""value"": ""100%""}",numeric_adjust,"{""device"": """", ""location"": """", ""object"": ""分辨率"", ""operation"": ""设置"", ""value"": ""100%""}",Y,Y,Y,
设备,设备395,tv_control,画面分辨率,numeric_adjust,"{""device"": """", ""location"": """", ""object"": ""分辨率"", ""operation"": ""设置"", ""value"": """"}",numeric_adjust,"{""device"": """", ""location"": """", ""object"": ""分辨率"", ""operation"": ""设置"", ""value"": """"}",Y,Y,Y,
设备,设备396,tv_control,清晰度数值30,numeric_adjust,"{""device"": """", ""location"": """", ""object"": ""清晰度"", ""operation"": ""设置"", ""value"": ""30""}",numeric_adjust,"{""device"": """", ""location"": """", ""object"": ""清晰度"", ""operation"": ""设置"", ""value"": ""30""}",Y,Y,Y,
设备,设备399,tv_control,提高分辨率,numeric_adjust,"{""device"": """", ""location"": """", ""object"": ""清晰度"", ""operation"": ""提高"", ""value"": """"}",numeric_adjust,"{""device"": """", ""location"": """", ""object"": ""清晰度"", ""operation"": ""提高"", ""value"": """"}",Y,Y,Y,
设备,设备397,tv_control,清晰度数值50,numeric_adjust,"{""device"": """", ""location"": """", ""object"": ""清晰度"", ""operation"": ""设置"", ""value"": ""50""}",numeric_adjust,"{""device"": """", ""location"": """", ""object"": ""清晰度"", ""operation"": ""设置"", ""value"": ""50""}",Y,Y,Y,
设备,设备398,tv_control,清晰度数值70,numeric_adjust,"{""device"": """", ""location"": """", ""object"": ""清晰度"", ""operation"": ""设置"", ""value"": ""70""}",numeric_adjust,"{""device"": """", ""location"": """", ""object"": ""清晰度"", ""operation"": ""设置"", ""value"": ""70""}",Y,Y,Y,
设备,设备400,tv_control,对比度调到30,numeric_adjust,"{""device"": """", ""location"": """", ""object"": ""对比度"", ""operation"": ""设置"", ""value"": ""30""}",numeric_adjust,"{""device"": """", ""location"": """", ""object"": ""对比度"", ""operation"": ""设置"", ""value"": ""30""}",Y,Y,Y,
设备,设备401,tv_control,对比度调到50,numeric_adjust,"{""device"": """", ""location"": """", ""object"": ""对比度"", ""operation"": ""设置"", ""value"": ""50""}",numeric_adjust,"{""device"": """", ""location"": """", ""object"": ""对比度"", ""operation"": ""设置"", ""value"": ""50""}",Y,Y,Y,
设备,设备403,tv_control,对比度设置为50%,numeric_adjust,"{""device"": """", ""location"": """", ""object"": ""对比度"", ""operation"": ""设置"", ""value"": ""50%""}",numeric_adjust,"{""device"": """", ""location"": """", ""object"": ""对比度"", ""operation"": ""设置"", ""value"": ""50%""}",Y,Y,Y,
设备,设备405,tv_control,降低分辨率,numeric_adjust,"{""device"": """", ""location"": """", ""object"": ""分辨率"", ""operation"": ""降低"", ""value"": """"}",numeric_adjust,"{""device"": """", ""location"": """", ""object"": ""分辨率"", ""operation"": ""降低"", ""value"": """"}",Y,Y,Y,
设备,设备402,tv_control,对比度设置为30%,numeric_adjust,"{""device"": """", ""location"": """", ""object"": ""对比度"", ""operation"": ""设置"", ""value"": ""30%""}",numeric_adjust,"{""device"": """", ""location"": """", ""object"": ""对比度"", ""operation"": ""设置"", ""value"": ""30%""}",Y,Y,Y,
设备,设备404,tv_control,对比度设置为70%,numeric_adjust,"{""device"": """", ""location"": """", ""object"": ""对比度"", ""operation"": ""设置"", ""value"": ""70%""}",numeric_adjust,"{""device"": """", ""location"": """", ""object"": ""对比度"", ""operation"": ""设置"", ""value"": ""70%""}",Y,Y,Y,
设备,设备406,tv_control,提高对比度,numeric_adjust,"{""device"": """", ""location"": """", ""object"": ""对比度"", ""operation"": ""提高"", ""value"": """"}",numeric_adjust,"{""device"": """", ""location"": """", ""object"": ""对比度"", ""operation"": ""提高"", ""value"": """"}",Y,Y,Y,
设备,设备407,tv_control,降低对比度,numeric_adjust,"{""device"": """", ""location"": """", ""object"": ""对比度"", ""operation"": ""降低"", ""value"": """"}",numeric_adjust,"{""device"": """", ""location"": """", ""object"": ""对比度"", ""operation"": ""降低"", ""value"": """"}",Y,Y,Y,
设备,设备408,tv_control,画面色彩对比强一点,numeric_adjust,"{""device"": """", ""location"": """", ""object"": ""对比度"", ""operation"": ""提高"", ""value"": """"}",numeric_adjust,"{""device"": """", ""location"": """", ""object"": ""对比度"", ""operation"": ""提高"", ""value"": """"}",Y,Y,Y,
设备,设备409,tv_control,对比度太高了,numeric_adjust,"{""device"": """", ""location"": """", ""object"": ""对比度"", ""operation"": ""降低"", ""value"": ""默认""}",numeric_adjust,"{""device"": """", ""location"": """", ""object"": ""对比度"", ""operation"": ""降低"", ""value"": ""默认""}",Y,Y,Y,
设备,设备411,tv_control,对比度加30,numeric_adjust,"{""device"": """", ""location"": """", ""object"": ""对比度"", ""operation"": ""提高"", ""value"": ""30""}",numeric_adjust,"{""device"": """", ""location"": """", ""object"": ""对比度"", ""operation"": ""提高"", ""value"": ""30""}",Y,Y,Y,
设备,设备383,tv_control,现在清晰度多少,numeric_adjust,"{""device"": """", ""location"": """", ""object"": ""清晰度"", ""operation"": ""查询"", ""value"": """"}",fan_knowledge_agent,"{""messages"": [{""content"": ""现在清晰度多少"", ""role"": ""user""}], ""need_media"": false, ""riskRespStrategy"": ""all_replace"", ""sceneType"": ""knowledge_qa""}",N,N,N,"messages: gold= pred=[{""content"": ""现在清晰度多少"", ""role"": ""user""}]; need_media: gold= pred=; object: gold=""清晰度"" pred=; operation: gold=""查询"" pred=; riskRespStrategy: gold= pred=""all_replace""; sceneType: gold= pred=""knowledge_qa"""
设备,设备412,tv_control,对比度加50,numeric_adjust,"{""device"": """", ""location"": """", ""object"": ""对比度"", ""operation"": ""提高"", ""value"": ""50""}",numeric_adjust,"{""device"": """", ""location"": """", ""object"": ""对比度"", ""operation"": ""提高"", ""value"": ""50""}",Y,Y,Y,
设备,设备413,tv_control,对比度加70,numeric_adjust,"{""device"": """", ""location"": """", ""object"": ""对比度"", ""operation"": ""提高"", ""value"": ""70""}",numeric_adjust,"{""device"": """", ""location"": """", ""object"": ""对比度"", ""operation"": ""提高"", ""value"": ""70""}",Y,Y,Y,
设备,设备415,tv_control,对比度减50,numeric_adjust,"{""device"": """", ""location"": """", ""object"": ""对比度"", ""operation"": ""降低"", ""value"": ""50""}",numeric_adjust,"{""device"": """", ""location"": """", ""object"": ""对比度"", ""operation"": ""降低"", ""value"": ""50""}",Y,Y,Y,
设备,设备414,tv_control,对比度减30,numeric_adjust,"{""device"": """", ""location"": """", ""object"": ""对比度"", ""operation"": ""降低"", ""value"": ""30""}",numeric_adjust,"{""device"": """", ""location"": """", ""object"": ""对比度"", ""operation"": ""降低"", ""value"": ""30""}",Y,Y,Y,
设备,设备416,tv_control,对比度减70,numeric_adjust,"{""device"": """", ""location"": """", ""object"": ""对比度"", ""operation"": ""降低"", ""value"": ""70""}",numeric_adjust,"{""device"": """", ""location"": """", ""object"": ""对比度"", ""operation"": ""降低"", ""value"": ""70""}",Y,Y,Y,
设备,设备417,tv_control,对比度调到最高,numeric_adjust,"{""device"": """", ""location"": """", ""object"": ""对比度"", ""operation"": ""设置"", ""value"": ""100%""}",numeric_adjust,"{""device"": """", ""location"": """", ""object"": ""对比度"", ""operation"": ""设置"", ""value"": ""100%""}",Y,Y,Y,
设备,设备420,tv_control,对比度调整,numeric_adjust,"{""device"": """", ""location"": """", ""object"": ""对比度"", ""operation"": ""设置"", ""value"": """"}",numeric_adjust,"{""device"": """", ""location"": """", ""object"": ""对比度"", ""operation"": ""设置"", ""value"": """"}",Y,Y,Y,
设备,设备418,tv_control,对比度调到最低,numeric_adjust,"{""device"": """", ""location"": """", ""object"": ""对比度"", ""operation"": ""设置"", ""value"": ""0%""}",numeric_adjust,"{""device"": """", ""location"": """", ""object"": ""对比度"", ""operation"": ""设置"", ""value"": ""0%""}",Y,Y,Y,
设备,设备419,tv_control,色彩对比度调高,numeric_adjust,"{""device"": """", ""location"": """", ""object"": ""对比度"", ""operation"": ""提高"", ""value"": """"}",numeric_adjust,"{""device"": """", ""location"": """", ""object"": ""对比度"", ""operation"": ""提高"", ""value"": """"}",Y,Y,Y,
设备,设备410,tv_control,现在对比度多少,numeric_adjust,"{""device"": """", ""location"": """", ""object"": ""对比度"", ""operation"": ""查询"", ""value"": ""默认""}",fan_knowledge_agent,"{""messages"": [{""content"": ""现在对比度多少"", ""role"": ""user""}], ""need_media"": false, ""riskRespStrategy"": ""all_replace"", ""sceneType"": ""knowledge_qa""}",N,N,N,"messages: gold= pred=[{""content"": ""现在对比度多少"", ""role"": ""user""}]; need_media: gold= pred=; object: gold=""对比度"" pred=; operation: gold=""查询"" pred=; riskRespStrategy: gold= pred=""all_replace""; sceneType: gold= pred=""knowledge_qa""; value: gold=""默认"" pred="
设备,设备421,tv_control,对比度设置,numeric_adjust,"{""device"": """", ""location"": """", ""object"": ""对比度"", ""operation"": ""设置"", ""value"": """"}",numeric_adjust,"{""device"": """", ""location"": """", ""object"": ""对比度"", ""operation"": ""设置"", ""value"": """"}",Y,Y,Y,
设备,设备422,tv_control,对比度数值30,numeric_adjust,"{""device"": """", ""location"": """", ""object"": ""对比度"", ""operation"": ""设置"", ""value"": ""30""}",numeric_adjust,"{""device"": """", ""location"": """", ""object"": ""对比度"", ""operation"": ""设置"", ""value"": ""30""}",Y,Y,Y,
设备,设备423,tv_control,对比度数值50,numeric_adjust,"{""device"": """", ""location"": """", ""object"": ""对比度"", ""operation"": ""设置"", ""value"": ""50""}",numeric_adjust,"{""device"": """", ""location"": """", ""object"": ""对比度"", ""operation"": ""设置"", ""value"": ""50""}",Y,Y,Y,
设备,设备424,tv_control,对比度数值70,numeric_adjust,"{""device"": """", ""location"": """", ""object"": ""对比度"", ""operation"": ""设置"", ""value"": ""70""}",numeric_adjust,"{""device"": """", ""location"": """", ""object"": ""对比度"", ""operation"": ""设置"", ""value"": ""70""}",Y,Y,Y,
设备,设备425,tv_control,调高对比度,numeric_adjust,"{""device"": """", ""location"": """", ""object"": ""对比度"", ""operation"": ""提高"", ""value"": ""默认""}",numeric_adjust,"{""device"": """", ""location"": """", ""object"": ""对比度"", ""operation"": ""提高"", ""value"": ""默认""}",Y,Y,Y,
设备,设备426,tv_control,调低对比度,numeric_adjust,"{""device"": """", ""location"": """", ""object"": ""对比度"", ""operation"": ""降低"", ""value"": ""默认""}",numeric_adjust,"{""device"": """", ""location"": """", ""object"": ""对比度"", ""operation"": ""降低"", ""value"": ""默认""}",Y,Y,Y,
设备,设备427,tv_control,对比度调节,numeric_adjust,"{""device"": """", ""location"": """", ""object"": ""对比度"", ""operation"": ""设置"", ""value"": """"}",numeric_adjust,"{""device"": """", ""location"": """", ""object"": ""对比度"", ""operation"": ""设置"", ""value"": """"}",Y,Y,Y,
设备,设备428,tv_control,对比度控制,numeric_adjust,"{""device"": """", ""location"": """", ""object"": ""对比度"", ""operation"": ""设置"", ""value"": """"}",numeric_adjust,"{""device"": """", ""location"": """", ""object"": ""对比度"", ""operation"": ""设置"", ""value"": """"}",Y,Y,Y,
设备,设备429,tv_control,色度调到30,numeric_adjust,"{""device"": """", ""location"": """", ""object"": ""色度"", ""operation"": ""设置"", ""value"": ""30""}",numeric_adjust,"{""device"": """", ""location"": """", ""object"": ""色度"", ""operation"": ""设置"", ""value"": ""30""}",Y,Y,Y,
设备,设备430,tv_control,色度调到50,numeric_adjust,"{""device"": """", ""location"": """", ""object"": ""色度"", ""operation"": ""设置"", ""value"": ""50""}",numeric_adjust,"{""device"": """", ""location"": """", ""object"": ""色度"", ""operation"": ""设置"", ""value"": ""50""}",Y,Y,Y,
设备,设备431,tv_control,色度调到70,numeric_adjust,"{""device"": """", ""location"": """", ""object"": ""色度"", ""operation"": ""设置"", ""value"": ""70""}",numeric_adjust,"{""device"": """", ""location"": """", ""object"": ""色度"", ""operation"": ""设置"", ""value"": ""70""}",Y,Y,Y,
设备,设备432,tv_control,色度设置为30%,numeric_adjust,"{""device"": """", ""location"": """", ""object"": ""色度"", ""operation"": ""设置"", ""value"": ""30%""}",numeric_adjust,"{""device"": """", ""location"": """", ""object"": ""色度"", ""operation"": ""设置"", ""value"": ""30%""}",Y,Y,Y,
设备,设备433,tv_control,色度设置为50%,numeric_adjust,"{""device"": """", ""location"": """", ""object"": ""色度"", ""operation"": ""设置"", ""value"": ""50%""}",numeric_adjust,"{""device"": """", ""location"": """", ""object"": ""色度"", ""operation"": ""设置"", ""value"": ""50%""}",Y,Y,Y,
设备,设备435,tv_control,提高色度,numeric_adjust,"{""device"": """", ""location"": """", ""object"": ""色度"", ""operation"": ""提高"", ""value"": """"}",numeric_adjust,"{""device"": """", ""location"": """", ""object"": ""色度"", ""operation"": ""提高"", ""value"": """"}",Y,Y,Y,
设备,设备434,tv_control,色度设置为70%,numeric_adjust,"{""device"": """", ""location"": """", ""object"": ""色度"", ""operation"": ""设置"", ""value"": ""70%""}",numeric_adjust,"{""device"": """", ""location"": """", ""object"": ""色度"", ""operation"": ""设置"", ""value"": ""70%""}",Y,Y,Y,
设备,设备436,tv_control,降低色度,numeric_adjust,"{""device"": """", ""location"": """", ""object"": ""色度"", ""operation"": ""降低"", ""value"": """"}",numeric_adjust,"{""device"": """", ""location"": """", ""object"": ""色度"", ""operation"": ""降低"", ""value"": """"}",Y,Y,Y,
设备,设备438,tv_control,色彩太艳了,numeric_adjust,"{""device"": """", ""location"": """", ""object"": ""色度"", ""operation"": ""降低"", ""value"": """"}",numeric_adjust,"{""device"": """", ""location"": """", ""object"": ""色度"", ""operation"": ""降低"", ""value"": """"}",Y,Y,Y,
设备,设备437,tv_control,色彩鲜艳一点,numeric_adjust,"{""device"": """", ""location"": """", ""object"": ""色度"", ""operation"": ""提高"", ""value"": """"}",numeric_adjust,"{""device"": """", ""location"": """", ""object"": ""色度"", ""operation"": ""提高"", ""value"": """"}",Y,Y,Y,
设备,设备440,tv_control,色度加30,numeric_adjust,"{""device"": """", ""location"": """", ""object"": ""色度"", ""operation"": ""提高"", ""value"": ""30""}",numeric_adjust,"{""device"": """", ""location"": """", ""object"": ""色度"", ""operation"": ""提高"", ""value"": ""30""}",Y,Y,Y,
设备,设备441,tv_control,色度加50,numeric_adjust,"{""device"": """", ""location"": """", ""object"": ""色度"", ""operation"": ""提高"", ""value"": ""50""}",numeric_adjust,"{""device"": """", ""location"": """", ""object"": ""色度"", ""operation"": ""提高"", ""value"": ""50""}",Y,Y,Y,
设备,设备442,tv_control,色度加70,numeric_adjust,"{""device"": """", ""location"": """", ""object"": ""色度"", ""operation"": ""提高"", ""value"": ""70""}",numeric_adjust,"{""device"": """", ""location"": """", ""object"": ""色度"", ""operation"": ""提高"", ""value"": ""70""}",Y,Y,Y,
设备,设备443,tv_control,色度减30,numeric_adjust,"{""device"": """", ""location"": """", ""object"": ""色度"", ""operation"": ""降低"", ""value"": ""30""}",numeric_adjust,"{""device"": """", ""location"": """", ""object"": ""色度"", ""operation"": ""降低"", ""value"": ""30""}",Y,Y,Y,
设备,设备444,tv_control,色度减50,numeric_adjust,"{""device"": """", ""location"": """", ""object"": ""色度"", ""operation"": ""降低"", ""value"": ""50""}",numeric_adjust,"{""device"": """", ""location"": """", ""object"": ""色度"", ""operation"": ""降低"", ""value"": ""50""}",Y,Y,Y,
设备,设备445,tv_control,色度减70,numeric_adjust,"{""device"": """", ""location"": """", ""object"": ""色度"", ""operation"": ""降低"", ""value"": ""70""}",numeric_adjust,"{""device"": """", ""location"": """", ""object"": ""色度"", ""operation"": ""降低"", ""value"": ""70""}",Y,Y,Y,
设备,设备446,tv_control,色度调到最高,numeric_adjust,"{""device"": """", ""location"": """", ""object"": ""色度"", ""operation"": ""设置"", ""value"": ""100%""}",numeric_adjust,"{""device"": """", ""location"": """", ""object"": ""色度"", ""operation"": ""设置"", ""value"": ""100%""}",Y,Y,Y,
设备,设备448,tv_control,色彩饱和度降低,numeric_adjust,"{""device"": """", ""location"": """", ""object"": ""色度"", ""operation"": ""降低"", ""value"": """"}",numeric_adjust,"{""device"": """", ""location"": """", ""object"": ""色度"", ""operation"": ""降低"", ""value"": """"}",Y,Y,Y,
设备,设备447,tv_control,色彩饱和度调高,numeric_adjust,"{""device"": """", ""location"": """", ""object"": ""色度"", ""operation"": ""提高"", ""value"": """"}",numeric_adjust,"{""device"": """", ""location"": """", ""object"": ""色度"", ""operation"": ""提高"", ""value"": """"}",Y,Y,Y,
设备,设备453,tv_control,色度查询,numeric_adjust,"{""device"": """", ""location"": """", ""object"": ""色度"", ""operation"": ""查询"", ""value"": """"}",execute,"{""query"": ""色度查询""}",N,N,N,"object: gold=""色度"" pred=; operation: gold=""查询"" pred=; query: gold= pred=""色度查询"""
设备,设备449,tv_control,色度调整,numeric_adjust,"{""device"": """", ""location"": """", ""object"": ""色度"", ""operation"": ""设置"", ""value"": """"}",numeric_adjust,"{""device"": """", ""location"": """", ""object"": ""色度"", ""operation"": ""设置"", ""value"": """"}",Y,Y,Y,
设备,设备450,tv_control,色彩饱和度设置,numeric_adjust,"{""device"": """", ""location"": """", ""object"": ""色度"", ""operation"": ""设置"", ""value"": """"}",numeric_adjust,"{""device"": """", ""location"": """", ""object"": ""色度"", ""operation"": ""设置"", ""value"": """"}",Y,Y,Y,
设备,设备451,tv_control,色度数值30,numeric_adjust,"{""device"": """", ""location"": """", ""object"": ""色度"", ""operation"": ""设置"", ""value"": ""30""}",numeric_adjust,"{""device"": """", ""location"": """", ""object"": ""色度"", ""operation"": ""设置"", ""value"": ""30""}",Y,Y,Y,
设备,设备452,tv_control,色度数值50,numeric_adjust,"{""device"": """", ""location"": """", ""object"": ""色度"", ""operation"": ""设置"", ""value"": ""50""}",numeric_adjust,"{""device"": """", ""location"": """", ""object"": ""色度"", ""operation"": ""设置"", ""value"": ""50""}",Y,Y,Y,
设备,设备455,tv_control,调高色度,numeric_adjust,"{""device"": """", ""location"": """", ""object"": ""色度"", ""operation"": ""提高"", ""value"": """"}",numeric_adjust,"{""device"": """", ""location"": """", ""object"": ""色度"", ""operation"": ""提高"", ""value"": """"}",Y,Y,Y,
设备,设备456,tv_control,调低色度,numeric_adjust,"{""device"": """", ""location"": """", ""object"": ""色度"", ""operation"": ""降低"", ""value"": """"}",numeric_adjust,"{""device"": """", ""location"": """", ""object"": ""色度"", ""operation"": ""降低"", ""value"": """"}",Y,Y,Y,
设备,设备454,tv_control,色度数值70,numeric_adjust,"{""device"": """", ""location"": """", ""object"": ""色度"", ""operation"": ""设置"", ""value"": ""70""}",numeric_adjust,"{""device"": """", ""location"": """", ""object"": ""色度"", ""operation"": ""设置"", ""value"": ""70""}",Y,Y,Y,
设备,设备457,tv_control,色度调节,numeric_adjust,"{""device"": """", ""location"": """", ""object"": ""色度"", ""operation"": ""设置"", ""value"": """"}",numeric_adjust,"{""device"": """", ""location"": """", ""object"": ""色度"", ""operation"": ""设置"", ""value"": """"}",Y,Y,Y,
设备,设备439,tv_control,现在色度多少,numeric_adjust,"{""device"": """", ""location"": """", ""object"": ""色度"", ""operation"": ""查询"", ""value"": """"}",fan_knowledge_agent,"{""messages"": [{""content"": ""现在色度多少"", ""role"": ""user""}], ""need_media"": false, ""riskRespStrategy"": ""all_replace"", ""sceneType"": ""knowledge_qa""}",N,N,N,"messages: gold= pred=[{""content"": ""现在色度多少"", ""role"": ""user""}]; need_media: gold= pred=; object: gold=""色度"" pred=; operation: gold=""查询"" pred=; riskRespStrategy: gold= pred=""all_replace""; sceneType: gold= pred=""knowledge_qa"""
设备,设备458,tv_control,色度控制,numeric_adjust,"{""device"": """", ""location"": """", ""object"": ""色度"", ""operation"": ""设置"", ""value"": """"}",numeric_adjust,"{""device"": """", ""location"": """", ""object"": ""色度"", ""operation"": ""设置"", ""value"": """"}",Y,Y,Y,
设备,设备463,tv_control,HDMI信号,source_switch,"{""device"": """", ""location"": """", ""object"": ""HDMI选择"", ""operation"": ""打开"", ""value"": """"}",execute,"{""query"": ""HDMI信号""}",N,N,N,"object: gold=""HDMI选择"" pred=; operation: gold=""打开"" pred=; query: gold= pred=""HDMI信号"""
设备,设备459,tv_control,打开HDMI选择,source_switch,"{""device"": """", ""location"": """", ""object"": ""信号源"", ""operation"": ""设置"", ""value"": """"}",source_switch,"{""device"": """", ""location"": """", ""object"": ""信号源"", ""operation"": ""设置"", ""value"": """"}",Y,Y,Y,
设备,设备460,tv_control,HDMI输入,source_switch,"{""device"": """", ""location"": """", ""object"": ""HDMI选择"", ""operation"": ""打开"", ""value"": """"}",source_switch,"{""device"": """", ""location"": """", ""object"": ""HDMI选择"", ""operation"": ""打开"", ""value"": """"}",Y,Y,Y,
设备,设备461,tv_control,切换到HDMI,source_switch,"{""device"": """", ""location"": """", ""object"": ""信号源"", ""operation"": ""设置"", ""value"": """"}",source_switch,"{""device"": """", ""location"": """", ""object"": ""信号源"", ""operation"": ""设置"", ""value"": """"}",Y,Y,Y,
设备,设备464,tv_control,打开外部输入,source_switch,"{""device"": """", ""location"": """", ""object"": ""HDMI选择"", ""operation"": ""打开"", ""value"": """"}",source_switch,"{""device"": """", ""location"": """", ""object"": ""HDMI选择"", ""operation"": ""打开"", ""value"": """"}",Y,Y,Y,
设备,设备467,tv_control,打开HDMI模式,source_switch,"{""device"": """", ""location"": """", ""object"": ""HDMI选择"", ""operation"": ""打开"", ""value"": """"}",source_switch,"{""device"": """", ""location"": """", ""object"": ""HDMI选择"", ""operation"": ""打开"", ""value"": """"}",Y,Y,Y,
设备,设备465,tv_control,HDMI输入源,source_switch,"{""device"": """", ""location"": """", ""object"": ""HDMI选择"", ""operation"": ""打开"", ""value"": """"}",source_switch,"{""device"": """", ""location"": """", ""object"": ""HDMI选择"", ""operation"": ""打开"", ""value"": """"}",Y,Y,Y,
设备,设备466,tv_control,外接设备,source_switch,"{""device"": """", ""location"": """", ""object"": ""HDMI选择"", ""operation"": ""打开"", ""value"": """"}",source_switch,"{""device"": """", ""location"": """", ""object"": ""HDMI选择"", ""operation"": ""打开"", ""value"": """"}",Y,Y,Y,
设备,设备462,tv_control,打开HDMI接口,source_switch,"{""device"": """", ""location"": """", ""object"": ""信号源"", ""operation"": ""设置"", ""value"": """"}",source_switch,"{""device"": """", ""location"": """", ""object"": ""信号源"", ""operation"": ""设置"", ""value"": """"}",Y,Y,Y,
设备,设备468,tv_control,HDMI端口,source_switch,"{""device"": """", ""location"": """", ""object"": ""HDMI选择"", ""operation"": ""打开"", ""value"": """"}",execute,"{""query"": ""HDMI端口""}",N,N,N,"object: gold=""HDMI选择"" pred=; operation: gold=""打开"" pred=; query: gold= pred=""HDMI端口"""
设备,设备470,tv_control,选择HDMI,source_switch,"{""device"": """", ""location"": """", ""object"": ""hdmi选择"", ""operation"": ""设置"", ""value"": """"}",source_switch,"{""device"": """", ""location"": """", ""object"": ""hdmi选择"", ""operation"": ""设置"", ""value"": """"}",Y,Y,Y,
设备,设备469,tv_control,HDMI接口选择,source_switch,"{""device"": """", ""location"": """", ""object"": ""hdmi选择"", ""operation"": ""设置"", ""value"": """"}",source_switch,"{""device"": """", ""location"": """", ""object"": ""hdmi选择"", ""operation"": ""设置"", ""value"": """"}",Y,Y,Y,
设备,设备472,tv_control,HDMI切换,source_switch,"{""device"": """", ""location"": """", ""object"": ""信号源"", ""operation"": ""设置"", ""value"": """"}",source_switch,"{""device"": """", ""location"": """", ""object"": ""信号源"", ""operation"": ""设置"", ""value"": """"}",Y,Y,Y,
设备,设备471,tv_control,进入HDMI,source_switch,"{""device"": """", ""location"": """", ""object"": ""信号源"", ""operation"": ""设置"", ""value"": """"}",source_switch,"{""device"": """", ""location"": """", ""object"": ""信号源"", ""operation"": ""设置"", ""value"": """"}",Y,Y,Y,
设备,设备473,tv_control,HDMI输入选择,source_switch,"{""device"": """", ""location"": """", ""object"": ""HDMI选择"", ""operation"": ""打开"", ""value"": """"}",source_switch,"{""device"": """", ""location"": """", ""object"": ""HDMI选择"", ""operation"": ""打开"", ""value"": """"}",Y,Y,Y,
设备,设备476,tv_control,HDMI接口,source_switch,"{""device"": """", ""location"": """", ""object"": ""信号源"", ""operation"": ""设置"", ""value"": """"}",execute,"{""query"": ""HDMI接口""}",N,N,N,"object: gold=""信号源"" pred=; operation: gold=""设置"" pred=; query: gold= pred=""HDMI接口"""
设备,设备474,tv_control,打开HDMI端口,source_switch,"{""device"": """", ""location"": """", ""object"": ""HDMI选择"", ""operation"": ""打开"", ""value"": """"}",source_switch,"{""device"": """", ""location"": """", ""object"": ""HDMI选择"", ""operation"": ""打开"", ""value"": """"}",Y,Y,Y,
设备,设备475,tv_control,HDMI信号源,source_switch,"{""device"": """", ""location"": """", ""object"": ""HDMI选择"", ""operation"": ""打开"", ""value"": """"}",source_switch,"{""device"": """", ""location"": """", ""object"": ""HDMI选择"", ""operation"": ""打开"", ""value"": """"}",Y,Y,Y,
设备,设备478,tv_control,打开无线网络,network_control,"{""device"": """", ""location"": """", ""object"": ""无线网络"", ""operation"": ""打开"", ""value"": """"}",network_control,"{""device"": """", ""location"": """", ""object"": ""无线网络"", ""operation"": ""打开"", ""value"": """"}",Y,Y,Y,
设备,设备477,tv_control,HDMI设置,source_switch,"{""device"": """", ""location"": """", ""object"": ""信号源"", ""operation"": ""设置"", ""value"": """"}",source_switch,"{""device"": """", ""location"": """", ""object"": ""信号源"", ""operation"": ""设置"", ""value"": """"}",Y,Y,Y,
设备,设备479,tv_control,开启wifi,network_control,"{""device"": """", ""location"": """", ""object"": ""无线网络"", ""operation"": ""打开"", ""value"": """"}",network_control,"{""device"": """", ""location"": """", ""object"": ""无线网络"", ""operation"": ""打开"", ""value"": """"}",Y,Y,Y,
设备,设备480,tv_control,打开wifi,network_control,"{""device"": """", ""location"": """", ""object"": ""无线网络"", ""operation"": ""打开"", ""value"": """"}",network_control,"{""device"": """", ""location"": """", ""object"": ""无线网络"", ""operation"": ""打开"", ""value"": """"}",Y,Y,Y,
设备,设备481,tv_control,无线网络设置,network_control,"{""device"": """", ""location"": """", ""object"": ""无线网络"", ""operation"": ""打开"", ""value"": """"}",network_control,"{""device"": """", ""location"": """", ""object"": ""无线网络"", ""operation"": ""打开"", ""value"": """"}",Y,Y,Y,
设备,设备484,tv_control,无线网络连接,network_control,"{""device"": """", ""location"": """", ""object"": ""无线网络"", ""operation"": ""打开"", ""value"": """"}",network_control,"{""device"": """", ""location"": """", ""object"": ""无线网络"", ""operation"": ""打开"", ""value"": """"}",Y,Y,Y,
设备,设备482,tv_control,wifi设置,network_control,"{""device"": """", ""location"": """", ""object"": ""无线网络"", ""operation"": ""打开"", ""value"": """"}",network_control,"{""device"": """", ""location"": """", ""object"": ""无线网络"", ""operation"": ""打开"", ""value"": """"}",Y,Y,Y,
设备,设备483,tv_control,打开无线连接,network_control,"{""device"": """", ""location"": """", ""object"": ""无线网络"", ""operation"": ""打开"", ""value"": """"}",network_control,"{""device"": """", ""location"": """", ""object"": ""无线网络"", ""operation"": ""打开"", ""value"": """"}",Y,Y,Y,
设备,设备485,tv_control,打开无线局域网,network_control,"{""device"": """", ""location"": """", ""object"": ""无线网络"", ""operation"": ""打开"", ""value"": """"}",network_control,"{""device"": """", ""location"": """", ""object"": ""无线网络"", ""operation"": ""打开"", ""value"": """"}",Y,Y,Y,
设备,设备487,tv_control,无线网,network_control,"{""device"": """", ""location"": """", ""object"": ""无线网络"", ""operation"": ""打开"", ""value"": """"}",network_control,"{""device"": """", ""location"": """", ""object"": ""无线网络"", ""operation"": ""打开"", ""value"": """"}",Y,Y,Y,
设备,设备486,tv_control,wifi连接,network_control,"{""device"": """", ""location"": """", ""object"": ""无线网络"", ""operation"": ""打开"", ""value"": """"}",network_control,"{""device"": """", ""location"": """", ""object"": ""无线网络"", ""operation"": ""打开"", ""value"": """"}",Y,Y,Y,
设备,设备488,tv_control,无线网设置,network_control,"{""device"": """", ""location"": """", ""object"": ""无线网络"", ""operation"": ""打开"", ""value"": """"}",network_control,"{""device"": """", ""location"": """", ""object"": ""无线网络"", ""operation"": ""打开"", ""value"": """"}",Y,Y,Y,
设备,设备489,tv_control,开启无线网络,network_control,"{""device"": """", ""location"": """", ""object"": ""无线网络"", ""operation"": ""打开"", ""value"": """"}",network_control,"{""device"": """", ""location"": """", ""object"": ""无线网络"", ""operation"": ""打开"", ""value"": """"}",Y,Y,Y,
设备,设备494,tv_control,无线网络,network_control,"{""device"": """", ""location"": """", ""object"": ""无线网络"", ""operation"": ""打开"", ""value"": """"}",execute,"{""query"": ""无线网络""}",N,N,N,"object: gold=""无线网络"" pred=; operation: gold=""打开"" pred=; query: gold= pred=""无线网络"""
设备,设备490,tv_control,无线网络配置,network_control,"{""device"": """", ""location"": """", ""object"": ""无线网络"", ""operation"": ""打开"", ""value"": """"}",network_control,"{""device"": """", ""location"": """", ""object"": ""无线网络"", ""operation"": ""打开"", ""value"": """"}",Y,Y,Y,
设备,设备492,tv_control,无线网络开关,network_control,"{""device"": """", ""location"": """", ""object"": ""无线网络"", ""operation"": ""打开"", ""value"": """"}",network_control,"{""device"": """", ""location"": """", ""object"": ""无线网络"", ""operation"": ""打开"", ""value"": """"}",Y,Y,Y,
设备,设备491,tv_control,wifi网络,network_control,"{""device"": """", ""location"": """", ""object"": ""无线网络"", ""operation"": ""打开"", ""value"": """"}",network_control,"{""device"": """", ""location"": """", ""object"": ""无线网络"", ""operation"": ""打开"", ""value"": """"}",Y,Y,Y,
设备,设备495,tv_control,wifi功能,network_control,"{""device"": """", ""location"": """", ""object"": ""无线网络"", ""operation"": ""打开"", ""value"": """"}",network_control,"{""device"": """", ""location"": """", ""object"": ""无线网络"", ""operation"": ""打开"", ""value"": """"}",Y,Y,Y,
设备,设备493,tv_control,打开wifi网络,network_control,"{""device"": """", ""location"": """", ""object"": ""无线网络"", ""operation"": ""打开"", ""value"": """"}",network_control,"{""device"": """", ""location"": """", ""object"": ""无线网络"", ""operation"": ""打开"", ""value"": """"}",Y,Y,Y,
设备,设备496,tv_control,无线网络管理,network_control,"{""device"": """", ""location"": """", ""object"": ""无线网络"", ""operation"": ""打开"", ""value"": """"}",network_control,"{""device"": """", ""location"": """", ""object"": ""无线网络"", ""operation"": ""打开"", ""value"": """"}",Y,Y,Y,
设备,设备501,tv_control,有线网络配置,network_control,"{""device"": """", ""location"": """", ""object"": ""有线网络"", ""operation"": ""打开"", ""value"": """"}",network_control,"{""device"": """", ""location"": """", ""object"": ""有线网络"", ""operation"": ""打开"", ""value"": """"}",Y,Y,Y,
设备,设备500,tv_control,打开有线连接,network_control,"{""device"": """", ""location"": """", ""object"": ""有线网络"", ""operation"": ""打开"", ""value"": """"}",network_control,"{""device"": """", ""location"": """", ""object"": ""有线网络"", ""operation"": ""打开"", ""value"": """"}",Y,Y,Y,
设备,设备499,tv_control,有线连接,network_control,"{""device"": """", ""location"": """", ""object"": ""有线网络"", ""operation"": ""打开"", ""value"": """"}",network_control,"{""device"": """", ""location"": """", ""object"": ""有线网络"", ""operation"": ""打开"", ""value"": """"}",Y,Y,Y,
设备,设备498,tv_control,以太网设置,network_control,"{""device"": """", ""location"": """", ""object"": ""网络设置"", ""operation"": ""打开"", ""value"": """"}",network_control,"{""device"": """", ""location"": """", ""object"": ""网络设置"", ""operation"": ""打开"", ""value"": """"}",Y,Y,Y,
设备,设备497,tv_control,打开有线网络,network_control,"{""device"": """", ""location"": """", ""object"": ""有线网络"", ""operation"": ""打开"", ""value"": """"}",network_control,"{""device"": """", ""location"": """", ""object"": ""有线网络"", ""operation"": ""打开"", ""value"": """"}",Y,Y,Y,
设备,设备503,tv_control,打开以太网,network_control,"{""device"": """", ""location"": """", ""object"": ""有线网络"", ""operation"": ""打开"", ""value"": """"}",network_control,"{""device"": """", ""location"": """", ""object"": ""有线网络"", ""operation"": ""打开"", ""value"": """"}",Y,Y,Y,
设备,设备504,tv_control,网线连接,network_control,"{""device"": """", ""location"": """", ""object"": ""有线网络"", ""operation"": ""打开"", ""value"": """"}",network_control,"{""device"": """", ""location"": """", ""object"": ""有线网络"", ""operation"": ""打开"", ""value"": """"}",Y,Y,Y,
设备,设备502,tv_control,有线网络设置,network_control,"{""device"": """", ""location"": """", ""object"": ""有线网络"", ""operation"": ""打开"", ""value"": """"}",network_control,"{""device"": """", ""location"": """", ""object"": ""有线网络"", ""operation"": ""打开"", ""value"": """"}",Y,Y,Y,
设备,设备505,tv_control,有线网络开关,network_control,"{""device"": """", ""location"": """", ""object"": ""有线网络"", ""operation"": ""打开"", ""value"": """"}",network_control,"{""device"": """", ""location"": """", ""object"": ""有线网络"", ""operation"": ""打开"", ""value"": """"}",Y,Y,Y,
设备,设备506,tv_control,有线网络,network_control,"{""device"": """", ""location"": """", ""object"": ""有线网络"", ""operation"": ""打开"", ""value"": """"}",network_control,"{""device"": """", ""location"": """", ""object"": ""有线网络"", ""operation"": ""打开"", ""value"": """"}",Y,Y,Y,
设备,设备507,tv_control,以太网连接,network_control,"{""device"": """", ""location"": """", ""object"": ""网络设置"", ""operation"": ""打开"", ""value"": """"}",network_control,"{""device"": """", ""location"": """", ""object"": ""网络设置"", ""operation"": ""打开"", ""value"": """"}",Y,Y,Y,
设备,设备508,tv_control,打开有线网,network_control,"{""device"": """", ""location"": """", ""object"": ""有线网络"", ""operation"": ""打开"", ""value"": """"}",network_control,"{""device"": """", ""location"": """", ""object"": ""有线网络"", ""operation"": ""打开"", ""value"": """"}",Y,Y,Y,
设备,设备509,tv_control,有线网设置,network_control,"{""device"": """", ""location"": """", ""object"": ""有线网络"", ""operation"": ""打开"", ""value"": """"}",network_control,"{""device"": """", ""location"": """", ""object"": ""有线网络"", ""operation"": ""打开"", ""value"": """"}",Y,Y,Y,
设备,设备510,tv_control,有线网络连接,network_control,"{""device"": """", ""location"": """", ""object"": ""有线网络"", ""operation"": ""打开"", ""value"": """"}",network_control,"{""device"": """", ""location"": """", ""object"": ""有线网络"", ""operation"": ""打开"", ""value"": """"}",Y,Y,Y,
设备,设备511,tv_control,有线网络管理,network_control,"{""device"": """", ""location"": """", ""object"": ""有线网络"", ""operation"": ""打开"", ""value"": """"}",network_control,"{""device"": """", ""location"": """", ""object"": ""有线网络"", ""operation"": ""打开"", ""value"": """"}",Y,Y,Y,
设备,设备514,tv_control,音乐功能,common_control,"{""device"": """", ""location"": """", ""object"": ""音乐播放器"", ""operation"": ""设置"", ""value"": """"}",common_control,"{""device"": """", ""location"": """", ""object"": ""音乐播放器"", ""operation"": ""设置"", ""value"": """"}",Y,Y,Y,
设备,设备512,tv_control,有线网络功能,network_control,"{""device"": """", ""location"": """", ""object"": ""有线网络"", ""operation"": ""打开"", ""value"": """"}",network_control,"{""device"": """", ""location"": """", ""object"": ""有线网络"", ""operation"": ""打开"", ""value"": """"}",Y,Y,Y,
设备,设备513,tv_control,有线网络选择,network_control,"{""device"": """", ""location"": """", ""object"": ""有线网络"", ""operation"": ""打开"", ""value"": """"}",network_control,"{""device"": """", ""location"": """", ""object"": ""有线网络"", ""operation"": ""打开"", ""value"": """"}",Y,Y,Y,
设备,设备516,tv_control,开启分屏模式,screen_layout,"{""device"": """", ""location"": """", ""object"": ""分屏"", ""operation"": ""打开"", ""value"": """"}",screen_layout,"{""device"": """", ""location"": """", ""object"": ""分屏"", ""operation"": ""打开"", ""value"": """"}",Y,Y,Y,
设备,设备515,tv_control,打开分屏,screen_layout,"{""device"": """", ""location"": """", ""object"": ""分屏"", ""operation"": ""打开"", ""value"": """"}",screen_layout,"{""device"": """", ""location"": """", ""object"": ""分屏"", ""operation"": ""打开"", ""value"": """"}",Y,Y,Y,
设备,设备522,tv_control,两个画面,screen_layout,"{""device"": """", ""location"": """", ""object"": ""分屏"", ""operation"": ""打开"", ""value"": """"}",execute,"{""query"": ""两个画面""}",N,N,N,"object: gold=""分屏"" pred=; operation: gold=""打开"" pred=; query: gold= pred=""两个画面"""
设备,设备517,tv_control,分屏显示,screen_layout,"{""device"": """", ""location"": """", ""object"": ""分屏"", ""operation"": ""打开"", ""value"": """"}",screen_layout,"{""device"": """", ""location"": """", ""object"": ""分屏"", ""operation"": ""打开"", ""value"": """"}",Y,Y,Y,
设备,设备518,tv_control,关闭分屏,screen_layout,"{""device"": """", ""location"": """", ""object"": ""分屏"", ""operation"": ""关闭"", ""value"": """"}",screen_layout,"{""device"": """", ""location"": """", ""object"": ""分屏"", ""operation"": ""关闭"", ""value"": """"}",Y,Y,Y,
设备,设备519,tv_control,退出分屏,screen_layout,"{""device"": """", ""location"": """", ""object"": ""分屏"", ""operation"": ""关闭"", ""value"": """"}",screen_layout,"{""device"": """", ""location"": """", ""object"": ""分屏"", ""operation"": ""关闭"", ""value"": """"}",Y,Y,Y,
设备,设备520,tv_control,分屏模式,screen_layout,"{""device"": """", ""location"": """", ""object"": ""分屏"", ""operation"": ""打开"", ""value"": """"}",screen_layout,"{""device"": """", ""location"": """", ""object"": ""分屏"", ""operation"": ""打开"", ""value"": """"}",Y,Y,Y,
设备,设备521,tv_control,多屏显示,screen_layout,"{""device"": """", ""location"": """", ""object"": ""分屏"", ""operation"": ""打开"", ""value"": """"}",screen_layout,"{""device"": """", ""location"": """", ""object"": ""分屏"", ""operation"": ""打开"", ""value"": """"}",Y,Y,Y,
设备,设备523,tv_control,多任务分屏,screen_layout,"{""device"": """", ""location"": """", ""object"": ""分屏"", ""operation"": ""打开"", ""value"": """"}",screen_layout,"{""device"": """", ""location"": """", ""object"": ""分屏"", ""operation"": ""打开"", ""value"": """"}",Y,Y,Y,
设备,设备524,tv_control,分屏切换,screen_layout,"{""device"": """", ""location"": """", ""object"": ""分屏"", ""operation"": ""打开"", ""value"": """"}",screen_layout,"{""device"": """", ""location"": """", ""object"": ""分屏"", ""operation"": ""打开"", ""value"": """"}",Y,Y,Y,
设备,设备525,tv_control,分屏功能,screen_layout,"{""device"": """", ""location"": """", ""object"": ""分屏"", ""operation"": ""打开"", ""value"": """"}",screen_layout,"{""device"": """", ""location"": """", ""object"": ""分屏"", ""operation"": ""打开"", ""value"": """"}",Y,Y,Y,
设备,设备526,tv_control,开启多窗口,screen_layout,"{""device"": """", ""location"": """", ""object"": ""分屏"", ""operation"": ""打开"", ""value"": """"}",screen_layout,"{""device"": """", ""location"": """", ""object"": ""分屏"", ""operation"": ""打开"", ""value"": """"}",Y,Y,Y,
设备,设备527,tv_control,多窗口模式,screen_layout,"{""device"": """", ""location"": """", ""object"": ""分屏"", ""operation"": ""打开"", ""value"": """"}",screen_layout,"{""device"": """", ""location"": """", ""object"": ""分屏"", ""operation"": ""打开"", ""value"": """"}",Y,Y,Y,
设备,设备528,tv_control,双屏显示,screen_layout,"{""device"": """", ""location"": """", ""object"": ""分屏"", ""operation"": ""打开"", ""value"": """"}",screen_layout,"{""device"": """", ""location"": """", ""object"": ""分屏"", ""operation"": ""打开"", ""value"": """"}",Y,Y,Y,
设备,设备529,tv_control,分屏设置,screen_layout,"{""device"": """", ""location"": """", ""object"": ""分屏"", ""operation"": ""打开"", ""value"": """"}",screen_layout,"{""device"": """", ""location"": """", ""object"": ""分屏"", ""operation"": ""打开"", ""value"": """"}",Y,Y,Y,
设备,设备530,tv_control,分屏开关,screen_layout,"{""device"": """", ""location"": """", ""object"": ""分屏"", ""operation"": ""打开"", ""value"": """"}",screen_layout,"{""device"": """", ""location"": """", ""object"": ""分屏"", ""operation"": ""打开"", ""value"": """"}",Y,Y,Y,
设备,设备531,tv_control,分屏观看,screen_layout,"{""device"": """", ""location"": """", ""object"": ""分屏"", ""operation"": ""打开"", ""value"": """"}",screen_layout,"{""device"": """", ""location"": """", ""object"": ""分屏"", ""operation"": ""打开"", ""value"": """"}",Y,Y,Y,
设备,设备532,tv_control,画面分割,screen_layout,"{""device"": """", ""location"": """", ""object"": ""分屏"", ""operation"": ""打开"", ""value"": """"}",screen_layout,"{""device"": """", ""location"": """", ""object"": ""分屏"", ""operation"": ""打开"", ""value"": """"}",Y,Y,Y,
设备,设备533,tv_control,分屏控制,screen_layout,"{""device"": """", ""location"": """", ""object"": ""分屏"", ""operation"": ""打开"", ""value"": """"}",screen_layout,"{""device"": """", ""location"": """", ""object"": ""分屏"", ""operation"": ""打开"", ""value"": """"}",Y,Y,Y,
设备,设备534,tv_control,分屏管理,screen_layout,"{""device"": """", ""location"": """", ""object"": ""分屏"", ""operation"": ""打开"", ""value"": """"}",screen_layout,"{""device"": """", ""location"": """", ""object"": ""分屏"", ""operation"": ""打开"", ""value"": """"}",Y,Y,Y,
设备,设备535,tv_control,静音,numeric_adjust,"{""device"": """", ""location"": """", ""object"": ""静音"", ""operation"": ""打开"", ""value"": """"}",numeric_adjust,"{""device"": """", ""location"": """", ""object"": ""静音"", ""operation"": ""打开"", ""value"": """"}",Y,Y,Y,
设备,设备536,tv_control,关闭声音,numeric_adjust,"{""device"": """", ""location"": """", ""object"": ""静音"", ""operation"": ""打开"", ""value"": """"}",numeric_adjust,"{""device"": """", ""location"": """", ""object"": ""静音"", ""operation"": ""打开"", ""value"": """"}",Y,Y,Y,
设备,设备537,tv_control,取消静音,numeric_adjust,"{""device"": """", ""location"": """", ""object"": ""静音"", ""operation"": ""关闭"", ""value"": """"}",numeric_adjust,"{""device"": """", ""location"": """", ""object"": ""静音"", ""operation"": ""关闭"", ""value"": """"}",Y,Y,Y,
设备,设备538,tv_control,恢复正常声音,numeric_adjust,"{""device"": """", ""location"": """", ""object"": ""静音"", ""operation"": ""关闭"", ""value"": """"}",numeric_adjust,"{""device"": """", ""location"": """", ""object"": ""静音"", ""operation"": ""关闭"", ""value"": """"}",Y,Y,Y,
设备,设备540,tv_control,静音模式,numeric_adjust,"{""device"": """", ""location"": """", ""object"": ""静音"", ""operation"": ""打开"", ""value"": """"}",numeric_adjust,"{""device"": """", ""location"": """", ""object"": ""静音"", ""operation"": ""打开"", ""value"": """"}",Y,Y,Y,
设备,设备539,tv_control,打开静音,numeric_adjust,"{""device"": """", ""location"": """", ""object"": ""静音"", ""operation"": ""打开"", ""value"": """"}",numeric_adjust,"{""device"": """", ""location"": """", ""object"": ""静音"", ""operation"": ""打开"", ""value"": """"}",Y,Y,Y,
设备,设备541,tv_control,声音静音,numeric_adjust,"{""device"": """", ""location"": """", ""object"": ""静音"", ""operation"": ""打开"", ""value"": """"}",numeric_adjust,"{""device"": """", ""location"": """", ""object"": ""静音"", ""operation"": ""打开"", ""value"": """"}",Y,Y,Y,
设备,设备542,tv_control,消音,numeric_adjust,"{""device"": """", ""location"": """", ""object"": ""静音"", ""operation"": ""打开"", ""value"": """"}",numeric_adjust,"{""device"": """", ""location"": """", ""object"": ""静音"", ""operation"": ""打开"", ""value"": """"}",Y,Y,Y,
设备,设备543,tv_control,恢复声音,numeric_adjust,"{""device"": """", ""location"": """", ""object"": ""静音"", ""operation"": ""关闭"", ""value"": """"}",numeric_adjust,"{""device"": """", ""location"": """", ""object"": ""静音"", ""operation"": ""关闭"", ""value"": """"}",Y,Y,Y,
设备,设备544,tv_control,开启静音,numeric_adjust,"{""device"": """", ""location"": """", ""object"": ""静音"", ""operation"": ""打开"", ""value"": """"}",numeric_adjust,"{""device"": """", ""location"": """", ""object"": ""静音"", ""operation"": ""打开"", ""value"": """"}",Y,Y,Y,
设备,设备546,tv_control,静音开关,numeric_adjust,"{""device"": """", ""location"": """", ""object"": ""静音"", ""operation"": ""打开"", ""value"": """"}",numeric_adjust,"{""device"": """", ""location"": """", ""object"": ""静音"", ""operation"": ""打开"", ""value"": """"}",Y,Y,Y,
设备,设备545,tv_control,关闭静音模式,numeric_adjust,"{""device"": """", ""location"": """", ""object"": ""静音"", ""operation"": ""关闭"", ""value"": """"}",numeric_adjust,"{""device"": """", ""location"": """", ""object"": ""静音"", ""operation"": ""关闭"", ""value"": """"}",Y,Y,Y,
设备,设备547,tv_control,静音功能,numeric_adjust,"{""device"": """", ""location"": """", ""object"": ""静音"", ""operation"": ""打开"", ""value"": """"}",numeric_adjust,"{""device"": """", ""location"": """", ""object"": ""静音"", ""operation"": ""打开"", ""value"": """"}",Y,Y,Y,
设备,设备549,tv_control,声音静音开关,numeric_adjust,"{""device"": """", ""location"": """", ""object"": ""静音"", ""operation"": ""打开"", ""value"": """"}",numeric_adjust,"{""device"": """", ""location"": """", ""object"": ""静音"", ""operation"": ""打开"", ""value"": """"}",Y,Y,Y,
设备,设备550,tv_control,进入静音,numeric_adjust,"{""device"": """", ""location"": """", ""object"": ""静音"", ""operation"": ""打开"", ""value"": """"}",numeric_adjust,"{""device"": """", ""location"": """", ""object"": ""静音"", ""operation"": ""打开"", ""value"": """"}",Y,Y,Y,
设备,设备548,tv_control,静音设置,numeric_adjust,"{""device"": """", ""location"": """", ""object"": ""静音"", ""operation"": ""打开"", ""value"": """"}",numeric_adjust,"{""device"": """", ""location"": """", ""object"": ""静音"", ""operation"": ""打开"", ""value"": """"}",Y,Y,Y,
设备,设备551,tv_control,退出静音,numeric_adjust,"{""device"": """", ""location"": """", ""object"": ""静音"", ""operation"": ""关闭"", ""value"": """"}",numeric_adjust,"{""device"": """", ""location"": """", ""object"": ""静音"", ""operation"": ""关闭"", ""value"": """"}",Y,Y,Y,
设备,设备552,tv_control,静音控制,numeric_adjust,"{""device"": """", ""location"": """", ""object"": ""静音"", ""operation"": ""打开"", ""value"": """"}",numeric_adjust,"{""device"": """", ""location"": """", ""object"": ""静音"", ""operation"": ""打开"", ""value"": """"}",Y,Y,Y,
设备,设备553,tv_control,静音管理,numeric_adjust,"{""device"": """", ""location"": """", ""object"": ""静音"", ""operation"": ""打开"", ""value"": """"}",numeric_adjust,"{""device"": """", ""location"": """", ""object"": ""静音"", ""operation"": ""打开"", ""value"": """"}",Y,Y,Y,
设备,设备555,tv_control,打开全屏,screen_layout,"{""device"": """", ""location"": """", ""object"": ""全屏"", ""operation"": ""打开"", ""value"": """"}",screen_layout,"{""device"": """", ""location"": """", ""object"": ""全屏"", ""operation"": ""打开"", ""value"": """"}",Y,Y,Y,
设备,设备554,tv_control,全屏显示,screen_layout,"{""device"": """", ""location"": """", ""object"": ""全屏"", ""operation"": ""打开"", ""value"": """"}",screen_layout,"{""device"": """", ""location"": """", ""object"": ""全屏"", ""operation"": ""打开"", ""value"": """"}",Y,Y,Y,
设备,设备556,tv_control,全屏模式,screen_layout,"{""device"": """", ""location"": """", ""object"": ""全屏"", ""operation"": ""打开"", ""value"": """"}",screen_layout,"{""device"": """", ""location"": """", ""object"": ""全屏"", ""operation"": ""打开"", ""value"": """"}",Y,Y,Y,
设备,设备557,tv_control,切换到全屏,screen_layout,"{""device"": """", ""location"": """", ""object"": ""全屏"", ""operation"": ""打开"", ""value"": """"}",screen_layout,"{""device"": """", ""location"": """", ""object"": ""全屏"", ""operation"": ""打开"", ""value"": """"}",Y,Y,Y,
设备,设备558,tv_control,全屏幕,screen_layout,"{""device"": """", ""location"": """", ""object"": ""全屏"", ""operation"": ""打开"", ""value"": """"}",screen_layout,"{""device"": """", ""location"": """", ""object"": ""全屏"", ""operation"": ""打开"", ""value"": """"}",Y,Y,Y,
设备,设备560,tv_control,展开全屏,screen_layout,"{""device"": """", ""location"": """", ""object"": ""全屏"", ""operation"": ""打开"", ""value"": """"}",screen_layout,"{""device"": """", ""location"": """", ""object"": ""全屏"", ""operation"": ""打开"", ""value"": """"}",Y,Y,Y,
设备,设备561,tv_control,进入全屏,screen_layout,"{""device"": """", ""location"": """", ""object"": ""全屏"", ""operation"": ""打开"", ""value"": """"}",screen_layout,"{""device"": """", ""location"": """", ""object"": ""全屏"", ""operation"": ""打开"", ""value"": """"}",Y,Y,Y,
设备,设备563,tv_control,全屏视窗,screen_layout,"{""device"": """", ""location"": """", ""object"": ""全屏"", ""operation"": ""打开"", ""value"": """"}",screen_layout,"{""device"": """", ""location"": """", ""object"": ""全屏"", ""operation"": ""打开"", ""value"": """"}",Y,Y,Y,
设备,设备566,tv_control,全屏设置,screen_layout,"{""device"": """", ""location"": """", ""object"": ""全屏"", ""operation"": ""打开"", ""value"": """"}",screen_layout,"{""device"": """", ""location"": """", ""object"": ""全屏"", ""operation"": ""打开"", ""value"": """"}",Y,Y,Y,
设备,设备564,tv_control,全屏视窗模式,screen_layout,"{""device"": """", ""location"": """", ""object"": ""全屏"", ""operation"": ""打开"", ""value"": """"}",screen_layout,"{""device"": """", ""location"": """", ""object"": ""全屏"", ""operation"": ""打开"", ""value"": """"}",Y,Y,Y,
设备,设备565,tv_control,开启全屏,screen_layout,"{""device"": """", ""location"": """", ""object"": ""全屏"", ""operation"": ""打开"", ""value"": """"}",screen_layout,"{""device"": """", ""location"": """", ""object"": ""全屏"", ""operation"": ""打开"", ""value"": """"}",Y,Y,Y,
设备,设备567,tv_control,全屏功能,screen_layout,"{""device"": """", ""location"": """", ""object"": ""全屏"", ""operation"": ""打开"", ""value"": """"}",screen_layout,"{""device"": """", ""location"": """", ""object"": ""全屏"", ""operation"": ""打开"", ""value"": """"}",Y,Y,Y,
设备,设备562,tv_control,全屏观看,screen_layout,"{""device"": """", ""location"": """", ""object"": ""全屏"", ""operation"": ""打开"", ""value"": """"}",vod_search,"{""action"": ""play"", ""query"": {""field"": ""title"", ""value"": """"}, ""retext"": ""全屏观看""}",N,N,N,"action: gold= pred=""play""; object: gold=""全屏"" pred=; operation: gold=""打开"" pred=; query: gold= pred={""field"": ""title""}; retext: gold= pred=""全屏观看"""
设备,设备569,tv_control,全屏窗口,screen_layout,"{""device"": """", ""location"": """", ""object"": ""全屏"", ""operation"": ""打开"", ""value"": """"}",screen_layout,"{""device"": """", ""location"": """", ""object"": ""全屏"", ""operation"": ""打开"", ""value"": """"}",Y,Y,Y,
设备,设备568,tv_control,全屏切换,screen_layout,"{""device"": """", ""location"": """", ""object"": ""全屏"", ""operation"": ""打开"", ""value"": """"}",screen_layout,"{""device"": """", ""location"": """", ""object"": ""全屏"", ""operation"": ""打开"", ""value"": """"}",Y,Y,Y,
设备,设备570,tv_control,全屏画面,screen_layout,"{""device"": """", ""location"": """", ""object"": ""全屏"", ""operation"": ""打开"", ""value"": """"}",screen_layout,"{""device"": """", ""location"": """", ""object"": ""全屏"", ""operation"": ""打开"", ""value"": """"}",Y,Y,Y,
设备,设备572,tv_control,全屏控制,screen_layout,"{""device"": """", ""location"": """", ""object"": ""全屏"", ""operation"": ""打开"", ""value"": """"}",screen_layout,"{""device"": """", ""location"": """", ""object"": ""全屏"", ""operation"": ""打开"", ""value"": """"}",Y,Y,Y,
设备,设备574,tv_control,打开小屏,screen_layout,"{""device"": """", ""location"": """", ""object"": ""小屏"", ""operation"": ""打开"", ""value"": """"}",screen_layout,"{""device"": """", ""location"": """", ""object"": ""小屏"", ""operation"": ""打开"", ""value"": """"}",Y,Y,Y,
设备,设备573,tv_control,全屏管理,screen_layout,"{""device"": """", ""location"": """", ""object"": ""全屏"", ""operation"": ""打开"", ""value"": """"}",screen_layout,"{""device"": """", ""location"": """", ""object"": ""全屏"", ""operation"": ""打开"", ""value"": """"}",Y,Y,Y,
设备,设备575,tv_control,小屏模式,screen_layout,"{""device"": """", ""location"": """", ""object"": ""小屏"", ""operation"": ""打开"", ""value"": """"}",screen_layout,"{""device"": """", ""location"": """", ""object"": ""小屏"", ""operation"": ""打开"", ""value"": """"}",Y,Y,Y,
设备,设备576,tv_control,关闭小屏,screen_layout,"{""device"": """", ""location"": """", ""object"": ""小屏"", ""operation"": ""关闭"", ""value"": """"}",screen_layout,"{""device"": """", ""location"": """", ""object"": ""小屏"", ""operation"": ""关闭"", ""value"": """"}",Y,Y,Y,
设备,设备571,tv_control,全屏视频,screen_layout,"{""device"": """", ""location"": """", ""object"": ""全屏"", ""operation"": ""打开"", ""value"": """"}",vod_search,"{""action"": ""search"", ""query"": {""field"": ""tag"", ""value"": ""全屏""}, ""retext"": ""全屏视频""}",N,N,N,"action: gold= pred=""search""; object: gold=""全屏"" pred=; operation: gold=""打开"" pred=; query: gold= pred={""field"": ""tag"", ""value"": ""全屏""}; retext: gold= pred=""全屏视频"""
设备,设备577,tv_control,退出小屏,screen_layout,"{""device"": """", ""location"": """", ""object"": ""小屏"", ""operation"": ""关闭"", ""value"": """"}",screen_layout,"{""device"": """", ""location"": """", ""object"": ""小屏"", ""operation"": ""关闭"", ""value"": """"}",Y,Y,Y,
设备,设备578,tv_control,设置小屏幕,screen_layout,"{""device"": """", ""location"": """", ""object"": ""小屏"", ""operation"": ""打开"", ""value"": """"}",screen_layout,"{""device"": """", ""location"": """", ""object"": ""小屏"", ""operation"": ""打开"", ""value"": """"}",Y,Y,Y,
设备,设备579,tv_control,缩小画面,screen_layout,"{""device"": """", ""location"": """", ""object"": ""画面"", ""operation"": ""缩小"", ""value"": """"}",screen_layout,"{""device"": """", ""location"": """", ""object"": ""画面"", ""operation"": ""缩小"", ""value"": """"}",Y,Y,Y,
设备,设备580,tv_control,小屏设置,screen_layout,"{""device"": """", ""location"": """", ""object"": ""小屏"", ""operation"": ""打开"", ""value"": """"}",screen_layout,"{""device"": """", ""location"": """", ""object"": ""小屏"", ""operation"": ""打开"", ""value"": """"}",Y,Y,Y,
设备,设备581,tv_control,小屏功能,screen_layout,"{""device"": """", ""location"": """", ""object"": ""小屏"", ""operation"": ""打开"", ""value"": """"}",screen_layout,"{""device"": """", ""location"": """", ""object"": ""小屏"", ""operation"": ""打开"", ""value"": """"}",Y,Y,Y,
设备,设备582,tv_control,小屏切换,screen_layout,"{""device"": """", ""location"": """", ""object"": ""小屏"", ""operation"": ""打开"", ""value"": """"}",screen_layout,"{""device"": """", ""location"": """", ""object"": ""小屏"", ""operation"": ""打开"", ""value"": """"}",Y,Y,Y,
设备,设备584,tv_control,小屏控制,screen_layout,"{""device"": """", ""location"": """", ""object"": ""小屏"", ""operation"": ""打开"", ""value"": """"}",screen_layout,"{""device"": """", ""location"": """", ""object"": ""小屏"", ""operation"": ""打开"", ""value"": """"}",Y,Y,Y,
设备,设备559,tv_control,全屏播放,screen_layout,"{""device"": """", ""location"": """", ""object"": ""全屏"", ""operation"": ""打开"", ""value"": """"}",vod_fuzzy_search,"{""query"": ""全屏播放""}",N,N,N,"object: gold=""全屏"" pred=; operation: gold=""打开"" pred=; query: gold= pred=""全屏播放"""
设备,设备585,tv_control,小屏管理,screen_layout,"{""device"": """", ""location"": """", ""object"": ""小屏"", ""operation"": ""打开"", ""value"": """"}",screen_layout,"{""device"": """", ""location"": """", ""object"": ""小屏"", ""operation"": ""打开"", ""value"": """"}",Y,Y,Y,
设备,设备586,tv_control,声音模式切换到标准模式,mode_control,"{""device"": """", ""location"": """", ""object"": ""声音模式"", ""operation"": ""设置"", ""value"": ""标准模式""}",mode_control,"{""device"": """", ""location"": """", ""object"": ""声音模式"", ""operation"": ""设置"", ""value"": ""标准模式""}",Y,Y,Y,
设备,设备587,tv_control,声音模式切换到影院模式,mode_control,"{""device"": """", ""location"": """", ""object"": ""声音模式"", ""operation"": ""设置"", ""value"": ""影院模式""}",mode_control,"{""device"": """", ""location"": """", ""object"": ""声音模式"", ""operation"": ""设置"", ""value"": ""影院模式""}",Y,Y,Y,
设备,设备588,tv_control,声音模式切换到音乐模式,mode_control,"{""device"": """", ""location"": """", ""object"": ""声音模式"", ""operation"": ""设置"", ""value"": ""音乐模式""}",mode_control,"{""device"": """", ""location"": """", ""object"": ""声音模式"", ""operation"": ""设置"", ""value"": ""音乐模式""}",Y,Y,Y,
设备,设备589,tv_control,声音模式切换到体育模式,mode_control,"{""device"": """", ""location"": """", ""object"": ""声音模式"", ""operation"": ""设置"", ""value"": ""体育模式""}",mode_control,"{""device"": """", ""location"": """", ""object"": ""声音模式"", ""operation"": ""设置"", ""value"": ""体育模式""}",Y,Y,Y,
设备,设备590,tv_control,设置声音模式为标准模式,mode_control,"{""device"": """", ""location"": """", ""object"": ""声音模式"", ""operation"": ""设置"", ""value"": ""标准模式""}",mode_control,"{""device"": """", ""location"": """", ""object"": ""声音模式"", ""operation"": ""设置"", ""value"": ""标准模式""}",Y,Y,Y,
设备,设备591,tv_control,设置声音模式为影院模式,mode_control,"{""device"": """", ""location"": """", ""object"": ""声音模式"", ""operation"": ""设置"", ""value"": ""影院模式""}",mode_control,"{""device"": """", ""location"": """", ""object"": ""声音模式"", ""operation"": ""设置"", ""value"": ""影院模式""}",Y,Y,Y,
设备,设备592,tv_control,设置声音模式为音乐模式,mode_control,"{""device"": """", ""location"": """", ""object"": ""声音模式"", ""operation"": ""设置"", ""value"": ""音乐模式""}",mode_control,"{""device"": """", ""location"": """", ""object"": ""声音模式"", ""operation"": ""设置"", ""value"": ""音乐模式""}",Y,Y,Y,
设备,设备594,tv_control,声音模式设置为标准模式,mode_control,"{""device"": """", ""location"": """", ""object"": ""声音模式"", ""operation"": ""设置"", ""value"": ""标准模式""}",mode_control,"{""device"": """", ""location"": """", ""object"": ""声音模式"", ""operation"": ""设置"", ""value"": ""标准模式""}",Y,Y,Y,
设备,设备593,tv_control,设置声音模式为体育模式,mode_control,"{""device"": """", ""location"": """", ""object"": ""声音模式"", ""operation"": ""设置"", ""value"": ""体育模式""}",mode_control,"{""device"": """", ""location"": """", ""object"": ""声音模式"", ""operation"": ""设置"", ""value"": ""体育模式""}",Y,Y,Y,
设备,设备595,tv_control,声音模式设置为影院模式,mode_control,"{""device"": """", ""location"": """", ""object"": ""声音模式"", ""operation"": ""设置"", ""value"": ""影院模式""}",mode_control,"{""device"": """", ""location"": """", ""object"": ""声音模式"", ""operation"": ""设置"", ""value"": ""影院模式""}",Y,Y,Y,
设备,设备596,tv_control,声音模式设置为音乐模式,mode_control,"{""device"": """", ""location"": """", ""object"": ""声音模式"", ""operation"": ""设置"", ""value"": ""音乐模式""}",mode_control,"{""device"": """", ""location"": """", ""object"": ""声音模式"", ""operation"": ""设置"", ""value"": ""音乐模式""}",Y,Y,Y,
设备,设备598,tv_control,切换到音乐模式,mode_control,"{""device"": """", ""location"": """", ""object"": ""声音模式"", ""operation"": ""设置"", ""value"": ""音乐模式""}",mode_control,"{""device"": """", ""location"": """", ""object"": ""声音模式"", ""operation"": ""设置"", ""value"": ""音乐模式""}",Y,Y,Y,
设备,设备597,tv_control,声音模式设置为体育模式,mode_control,"{""device"": """", ""location"": """", ""object"": ""声音模式"", ""operation"": ""设置"", ""value"": ""体育模式""}",mode_control,"{""device"": """", ""location"": """", ""object"": ""声音模式"", ""operation"": ""设置"", ""value"": ""体育模式""}",Y,Y,Y,
设备,设备583,tv_control,小屏播放,screen_layout,"{""device"": """", ""location"": """", ""object"": ""小屏"", ""operation"": ""打开"", ""value"": """"}",vod_search,"{""action"": ""play"", ""query"": {""field"": ""title"", ""value"": ""小屏播放""}, ""retext"": ""小屏播放""}",N,N,N,"action: gold= pred=""play""; object: gold=""小屏"" pred=; operation: gold=""打开"" pred=; query: gold= pred={""field"": ""title"", ""value"": ""小屏播放""}; retext: gold= pred=""小屏播放"""
设备,设备599,tv_control,打开标准模式,mode_control,"{""device"": """", ""location"": """", ""object"": """", ""operation"": ""设置"", ""value"": ""标准模式""}",mode_control,"{""device"": """", ""location"": """", ""object"": """", ""operation"": ""设置"", ""value"": ""标准模式""}",Y,Y,Y,
设备,设备600,tv_control,打开影院模式,mode_control,"{""device"": """", ""location"": """", ""object"": """", ""operation"": ""设置"", ""value"": ""影院模式""}",mode_control,"{""device"": """", ""location"": """", ""object"": """", ""operation"": ""设置"", ""value"": ""影院模式""}",Y,Y,Y,
设备,设备601,tv_control,打开音乐模式,mode_control,"{""device"": """", ""location"": """", ""object"": """", ""operation"": ""设置"", ""value"": ""音乐模式""}",mode_control,"{""device"": """", ""location"": """", ""object"": """", ""operation"": ""设置"", ""value"": ""音乐模式""}",Y,Y,Y,
设备,设备603,tv_control,声音模式选择,mode_control,"{""device"": """", ""location"": """", ""object"": ""声音模式"", ""operation"": ""设置"", ""value"": """"}",mode_control,"{""device"": """", ""location"": """", ""object"": ""声音模式"", ""operation"": ""设置"", ""value"": """"}",Y,Y,Y,
设备,设备602,tv_control,打开体育模式,mode_control,"{""device"": """", ""location"": """", ""object"": """", ""operation"": ""设置"", ""value"": ""体育模式""}",mode_control,"{""device"": """", ""location"": """", ""object"": """", ""operation"": ""设置"", ""value"": ""体育模式""}",Y,Y,Y,
设备,设备605,tv_control,音质模式,mode_control,"{""device"": """", ""location"": """", ""object"": ""声音模式"", ""operation"": ""设置"", ""value"": """"}",mode_control,"{""device"": """", ""location"": """", ""object"": ""声音模式"", ""operation"": ""设置"", ""value"": """"}",Y,Y,Y,
设备,设备604,tv_control,声音模式设置,mode_control,"{""device"": """", ""location"": """", ""object"": ""声音模式"", ""operation"": ""设置"", ""value"": """"}",mode_control,"{""device"": """", ""location"": """", ""object"": ""声音模式"", ""operation"": ""设置"", ""value"": """"}",Y,Y,Y,
设备,设备606,tv_control,声音效果模式,mode_control,"{""device"": """", ""location"": """", ""object"": ""声音模式"", ""operation"": ""设置"", ""value"": """"}",mode_control,"{""device"": """", ""location"": """", ""object"": ""声音模式"", ""operation"": ""设置"", ""value"": """"}",Y,Y,Y,
设备,设备608,tv_control,音效模式,mode_control,"{""device"": """", ""location"": """", ""object"": ""声音模式"", ""operation"": ""设置"", ""value"": """"}",mode_control,"{""device"": """", ""location"": """", ""object"": ""声音模式"", ""operation"": ""设置"", ""value"": """"}",Y,Y,Y,
设备,设备607,tv_control,音频模式,mode_control,"{""device"": """", ""location"": """", ""object"": ""声音模式"", ""operation"": ""设置"", ""value"": """"}",mode_control,"{""device"": """", ""location"": """", ""object"": ""声音模式"", ""operation"": ""设置"", ""value"": """"}",Y,Y,Y,
设备,设备609,tv_control,声音场景模式,mode_control,"{""device"": """", ""location"": """", ""object"": ""声音模式"", ""operation"": ""设置"", ""value"": """"}",mode_control,"{""device"": """", ""location"": """", ""object"": ""声音模式"", ""operation"": ""设置"", ""value"": """"}",Y,Y,Y,
设备,设备610,tv_control,声音输出模式,mode_control,"{""device"": """", ""location"": """", ""object"": ""声音模式"", ""operation"": ""设置"", ""value"": """"}",mode_control,"{""device"": """", ""location"": """", ""object"": ""声音模式"", ""operation"": ""设置"", ""value"": """"}",Y,Y,Y,
设备,设备611,tv_control,声音配置,mode_control,"{""device"": """", ""location"": """", ""object"": ""声音模式"", ""operation"": ""设置"", ""value"": """"}",mode_control,"{""device"": """", ""location"": """", ""object"": ""声音模式"", ""operation"": ""设置"", ""value"": """"}",Y,Y,Y,
设备,设备612,tv_control,声音调节模式,mode_control,"{""device"": """", ""location"": """", ""object"": ""声音模式"", ""operation"": ""设置"", ""value"": """"}",mode_control,"{""device"": """", ""location"": """", ""object"": ""声音模式"", ""operation"": ""设置"", ""value"": """"}",Y,Y,Y,
设备,设备613,tv_control,声音模式调整,mode_control,"{""device"": """", ""location"": """", ""object"": ""声音模式"", ""operation"": ""设置"", ""value"": """"}",mode_control,"{""device"": """", ""location"": """", ""object"": ""声音模式"", ""operation"": ""设置"", ""value"": """"}",Y,Y,Y,
设备,设备614,tv_control,声音模式切换,mode_control,"{""device"": """", ""location"": """", ""object"": ""声音模式"", ""operation"": ""设置"", ""value"": """"}",mode_control,"{""device"": """", ""location"": """", ""object"": ""声音模式"", ""operation"": ""设置"", ""value"": """"}",Y,Y,Y,
设备,设备615,tv_control,声音模式管理,mode_control,"{""device"": """", ""location"": """", ""object"": ""声音模式"", ""operation"": ""设置"", ""value"": """"}",mode_control,"{""device"": """", ""location"": """", ""object"": ""声音模式"", ""operation"": ""设置"", ""value"": """"}",Y,Y,Y,
设备,设备616,tv_control,图像模式切换到标准模式,mode_control,"{""device"": """", ""location"": """", ""object"": ""图像模式"", ""operation"": ""设置"", ""value"": ""标准模式""}",mode_control,"{""device"": """", ""location"": """", ""object"": ""图像模式"", ""operation"": ""设置"", ""value"": ""标准模式""}",Y,Y,Y,
设备,设备617,tv_control,图像模式切换到鲜艳模式,mode_control,"{""device"": """", ""location"": """", ""object"": ""图像模式"", ""operation"": ""设置"", ""value"": ""鲜艳模式""}",mode_control,"{""device"": """", ""location"": """", ""object"": ""图像模式"", ""operation"": ""设置"", ""value"": ""鲜艳模式""}",Y,Y,Y,
设备,设备618,tv_control,图像模式切换到影院模式,mode_control,"{""device"": """", ""location"": """", ""object"": ""图像模式"", ""operation"": ""设置"", ""value"": ""影院模式""}",mode_control,"{""device"": """", ""location"": """", ""object"": ""图像模式"", ""operation"": ""设置"", ""value"": ""影院模式""}",Y,Y,Y,
设备,设备619,tv_control,图像模式切换到体育模式,mode_control,"{""device"": """", ""location"": """", ""object"": ""图像模式"", ""operation"": ""设置"", ""value"": ""体育模式""}",mode_control,"{""device"": """", ""location"": """", ""object"": ""图像模式"", ""operation"": ""设置"", ""value"": ""体育模式""}",Y,Y,Y,
设备,设备620,tv_control,设置图像模式为标准模式,mode_control,"{""device"": """", ""location"": """", ""object"": ""图像模式"", ""operation"": ""设置"", ""value"": ""标准模式""}",mode_control,"{""device"": """", ""location"": """", ""object"": ""图像模式"", ""operation"": ""设置"", ""value"": ""标准模式""}",Y,Y,Y,
设备,设备621,tv_control,设置图像模式为鲜艳模式,mode_control,"{""device"": """", ""location"": """", ""object"": ""图像模式"", ""operation"": ""设置"", ""value"": ""鲜艳模式""}",mode_control,"{""device"": """", ""location"": """", ""object"": ""图像模式"", ""operation"": ""设置"", ""value"": ""鲜艳模式""}",Y,Y,Y,
设备,设备622,tv_control,设置图像模式为影院模式,mode_control,"{""device"": """", ""location"": """", ""object"": ""图像模式"", ""operation"": ""设置"", ""value"": ""影院模式""}",mode_control,"{""device"": """", ""location"": """", ""object"": ""图像模式"", ""operation"": ""设置"", ""value"": ""影院模式""}",Y,Y,Y,
设备,设备623,tv_control,设置图像模式为体育模式,mode_control,"{""device"": """", ""location"": """", ""object"": ""图像模式"", ""operation"": ""设置"", ""value"": ""体育模式""}",mode_control,"{""device"": """", ""location"": """", ""object"": ""图像模式"", ""operation"": ""设置"", ""value"": ""体育模式""}",Y,Y,Y,
设备,设备624,tv_control,图像模式设置为标准模式,mode_control,"{""device"": """", ""location"": """", ""object"": ""图像模式"", ""operation"": ""设置"", ""value"": ""标准模式""}",mode_control,"{""device"": """", ""location"": """", ""object"": ""图像模式"", ""operation"": ""设置"", ""value"": ""标准模式""}",Y,Y,Y,
设备,设备625,tv_control,图像模式设置为鲜艳模式,mode_control,"{""device"": """", ""location"": """", ""object"": ""图像模式"", ""operation"": ""设置"", ""value"": ""鲜艳模式""}",mode_control,"{""device"": """", ""location"": """", ""object"": ""图像模式"", ""operation"": ""设置"", ""value"": ""鲜艳模式""}",Y,Y,Y,
设备,设备626,tv_control,图像模式设置为影院模式,mode_control,"{""device"": """", ""location"": """", ""object"": ""图像模式"", ""operation"": ""设置"", ""value"": ""影院模式""}",mode_control,"{""device"": """", ""location"": """", ""object"": ""图像模式"", ""operation"": ""设置"", ""value"": ""影院模式""}",Y,Y,Y,
设备,设备627,tv_control,图像模式设置为体育模式,mode_control,"{""device"": """", ""location"": """", ""object"": ""图像模式"", ""operation"": ""设置"", ""value"": ""体育模式""}",mode_control,"{""device"": """", ""location"": """", ""object"": ""图像模式"", ""operation"": ""设置"", ""value"": ""体育模式""}",Y,Y,Y,
设备,设备628,tv_control,切换到标准模式,mode_control,"{""device"": """", ""location"": """", ""object"": """", ""operation"": ""设置"", ""value"": ""标准模式""}",mode_control,"{""device"": """", ""location"": """", ""object"": """", ""operation"": ""设置"", ""value"": ""标准模式""}",Y,Y,Y,
设备,设备629,tv_control,切换到鲜艳模式,mode_control,"{""device"": """", ""location"": """", ""object"": """", ""operation"": ""设置"", ""value"": ""鲜艳模式""}",mode_control,"{""device"": """", ""location"": """", ""object"": """", ""operation"": ""设置"", ""value"": ""鲜艳模式""}",Y,Y,Y,
设备,设备630,tv_control,切换到影院模式,mode_control,"{""device"": """", ""location"": """", ""object"": """", ""operation"": ""设置"", ""value"": ""影院模式""}",mode_control,"{""device"": """", ""location"": """", ""object"": """", ""operation"": ""设置"", ""value"": ""影院模式""}",Y,Y,Y,
设备,设备631,tv_control,切换到体育模式,mode_control,"{""device"": """", ""location"": """", ""object"": """", ""operation"": ""设置"", ""value"": ""体育模式""}",mode_control,"{""device"": """", ""location"": """", ""object"": """", ""operation"": ""设置"", ""value"": ""体育模式""}",Y,Y,Y,
设备,设备632,tv_control,打开标准模式模式,mode_control,"{""device"": """", ""location"": """", ""object"": """", ""operation"": ""设置"", ""value"": ""标准模式""}",mode_control,"{""device"": """", ""location"": """", ""object"": """", ""operation"": ""设置"", ""value"": ""标准模式""}",Y,Y,Y,
设备,设备633,tv_control,打开鲜艳模式模式,mode_control,"{""device"": """", ""location"": """", ""object"": """", ""operation"": ""设置"", ""value"": ""鲜艳模式""}",mode_control,"{""device"": """", ""location"": """", ""object"": """", ""operation"": ""设置"", ""value"": ""鲜艳模式""}",Y,Y,Y,
设备,设备634,tv_control,打开影院模式模式,mode_control,"{""device"": """", ""location"": """", ""object"": """", ""operation"": ""设置"", ""value"": ""影院模式""}",mode_control,"{""device"": """", ""location"": """", ""object"": """", ""operation"": ""设置"", ""value"": ""影院模式""}",Y,Y,Y,
设备,设备635,tv_control,打开体育模式模式,mode_control,"{""device"": """", ""location"": """", ""object"": """", ""operation"": ""设置"", ""value"": ""体育模式""}",mode_control,"{""device"": """", ""location"": """", ""object"": """", ""operation"": ""设置"", ""value"": ""体育模式""}",Y,Y,Y,
设备,设备636,tv_control,图像模式选择,mode_control,"{""device"": """", ""location"": """", ""object"": ""图像模式"", ""operation"": ""设置"", ""value"": """"}",mode_control,"{""device"": """", ""location"": """", ""object"": ""图像模式"", ""operation"": ""设置"", ""value"": """"}",Y,Y,Y,
设备,设备637,tv_control,图像模式设置,mode_control,"{""device"": """", ""location"": """", ""object"": ""图像模式"", ""operation"": ""设置"", ""value"": """"}",mode_control,"{""device"": """", ""location"": """", ""object"": ""图像模式"", ""operation"": ""设置"", ""value"": """"}",Y,Y,Y,
设备,设备638,tv_control,画质模式,mode_control,"{""device"": """", ""location"": """", ""object"": ""图像模式"", ""operation"": ""设置"", ""value"": """"}",mode_control,"{""device"": """", ""location"": """", ""object"": ""图像模式"", ""operation"": ""设置"", ""value"": """"}",Y,Y,Y,
设备,设备639,tv_control,画面模式,mode_control,"{""device"": """", ""location"": """", ""object"": ""图像模式"", ""operation"": ""设置"", ""value"": """"}",mode_control,"{""device"": """", ""location"": """", ""object"": ""图像模式"", ""operation"": ""设置"", ""value"": """"}",Y,Y,Y,
设备,设备640,tv_control,显示模式,mode_control,"{""device"": """", ""location"": """", ""object"": ""图像模式"", ""operation"": ""设置"", ""value"": """"}",mode_control,"{""device"": """", ""location"": """", ""object"": ""图像模式"", ""operation"": ""设置"", ""value"": """"}",Y,Y,Y,
设备,设备645,tv_control,图像配置,mode_control,"{""device"": """", ""location"": """", ""object"": ""图像模式"", ""operation"": ""设置"", ""value"": """"}",execute,"{""query"": ""图像配置""}",N,N,N,"object: gold=""图像模式"" pred=; operation: gold=""设置"" pred=; query: gold= pred=""图像配置"""
设备,设备641,tv_control,视频模式,mode_control,"{""device"": """", ""location"": """", ""object"": ""图像模式"", ""operation"": ""设置"", ""value"": """"}",mode_control,"{""device"": """", ""location"": """", ""object"": ""图像模式"", ""operation"": ""设置"", ""value"": """"}",Y,Y,Y,
设备,设备642,tv_control,画面效果模式,mode_control,"{""device"": """", ""location"": """", ""object"": ""图像模式"", ""operation"": ""设置"", ""value"": """"}",mode_control,"{""device"": """", ""location"": """", ""object"": ""图像模式"", ""operation"": ""设置"", ""value"": """"}",Y,Y,Y,
设备,设备643,tv_control,图像场景模式,mode_control,"{""device"": """", ""location"": """", ""object"": ""图像模式"", ""operation"": ""设置"", ""value"": """"}",mode_control,"{""device"": """", ""location"": """", ""object"": ""图像模式"", ""operation"": ""设置"", ""value"": """"}",Y,Y,Y,
设备,设备644,tv_control,图像输出模式,mode_control,"{""device"": """", ""location"": """", ""object"": ""图像模式"", ""operation"": ""设置"", ""value"": """"}",mode_control,"{""device"": """", ""location"": """", ""object"": ""图像模式"", ""operation"": ""设置"", ""value"": """"}",Y,Y,Y,
设备,设备646,tv_control,图像模式调整,mode_control,"{""device"": """", ""location"": """", ""object"": ""图像模式"", ""operation"": ""设置"", ""value"": """"}",mode_control,"{""device"": """", ""location"": """", ""object"": ""图像模式"", ""operation"": ""设置"", ""value"": """"}",Y,Y,Y,
设备,设备647,tv_control,图像模式切换,mode_control,"{""device"": """", ""location"": """", ""object"": ""图像模式"", ""operation"": ""设置"", ""value"": """"}",mode_control,"{""device"": """", ""location"": """", ""object"": ""图像模式"", ""operation"": ""设置"", ""value"": """"}",Y,Y,Y,
设备,设备648,tv_control,图像模式管理,mode_control,"{""device"": """", ""location"": """", ""object"": ""图像模式"", ""operation"": ""设置"", ""value"": """"}",mode_control,"{""device"": """", ""location"": """", ""object"": ""图像模式"", ""operation"": ""设置"", ""value"": """"}",Y,Y,Y,
设备,设备649,tv_control,音效模式切换到杜比音效,mode_control,"{""device"": """", ""location"": """", ""object"": ""音效模式"", ""operation"": ""设置"", ""value"": ""杜比音效""}",mode_control,"{""device"": """", ""location"": """", ""object"": ""音效模式"", ""operation"": ""设置"", ""value"": ""杜比音效""}",Y,Y,Y,
设备,设备650,tv_control,音效模式切换到流行音效,mode_control,"{""device"": """", ""location"": """", ""object"": ""音效模式"", ""operation"": ""设置"", ""value"": ""流行音效""}",mode_control,"{""device"": """", ""location"": """", ""object"": ""音效模式"", ""operation"": ""设置"", ""value"": ""流行音效""}",Y,Y,Y,
设备,设备651,tv_control,音效模式切换到舞曲音效,mode_control,"{""device"": """", ""location"": """", ""object"": ""音效模式"", ""operation"": ""设置"", ""value"": ""舞曲音效""}",mode_control,"{""device"": """", ""location"": """", ""object"": ""音效模式"", ""operation"": ""设置"", ""value"": ""舞曲音效""}",Y,Y,Y,
设备,设备652,tv_control,音效模式切换到蓝调音效,mode_control,"{""device"": """", ""location"": """", ""object"": ""音效模式"", ""operation"": ""设置"", ""value"": ""蓝调音效""}",mode_control,"{""device"": """", ""location"": """", ""object"": ""音效模式"", ""operation"": ""设置"", ""value"": ""蓝调音效""}",Y,Y,Y,
设备,设备653,tv_control,设置音效模式为杜比音效,mode_control,"{""device"": """", ""location"": """", ""object"": ""音效模式"", ""operation"": ""设置"", ""value"": ""杜比音效""}",mode_control,"{""device"": """", ""location"": """", ""object"": ""音效模式"", ""operation"": ""设置"", ""value"": ""杜比音效""}",Y,Y,Y,
设备,设备654,tv_control,设置音效模式为流行音效,mode_control,"{""device"": """", ""location"": """", ""object"": ""音效模式"", ""operation"": ""设置"", ""value"": ""流行音效""}",mode_control,"{""device"": """", ""location"": """", ""object"": ""音效模式"", ""operation"": ""设置"", ""value"": ""流行音效""}",Y,Y,Y,
设备,设备655,tv_control,设置音效模式为舞曲音效,mode_control,"{""device"": """", ""location"": """", ""object"": ""音效模式"", ""operation"": ""设置"", ""value"": ""舞曲音效""}",mode_control,"{""device"": """", ""location"": """", ""object"": ""音效模式"", ""operation"": ""设置"", ""value"": ""舞曲音效""}",Y,Y,Y,
设备,设备657,tv_control,音效模式设置为杜比音效,mode_control,"{""device"": """", ""location"": """", ""object"": ""音效模式"", ""operation"": ""设置"", ""value"": ""杜比音效""}",mode_control,"{""device"": """", ""location"": """", ""object"": ""音效模式"", ""operation"": ""设置"", ""value"": ""杜比音效""}",Y,Y,Y,
设备,设备656,tv_control,设置音效模式为蓝调音效,mode_control,"{""device"": """", ""location"": """", ""object"": ""音效模式"", ""operation"": ""设置"", ""value"": ""蓝调音效""}",mode_control,"{""device"": """", ""location"": """", ""object"": ""音效模式"", ""operation"": ""设置"", ""value"": ""蓝调音效""}",Y,Y,Y,
设备,设备658,tv_control,音效模式设置为流行音效,mode_control,"{""device"": """", ""location"": """", ""object"": ""音效模式"", ""operation"": ""设置"", ""value"": ""流行音效""}",mode_control,"{""device"": """", ""location"": """", ""object"": ""音效模式"", ""operation"": ""设置"", ""value"": ""流行音效""}",Y,Y,Y,
设备,设备659,tv_control,音效模式设置为舞曲音效,mode_control,"{""device"": """", ""location"": """", ""object"": ""音效模式"", ""operation"": ""设置"", ""value"": ""舞曲音效""}",mode_control,"{""device"": """", ""location"": """", ""object"": ""音效模式"", ""operation"": ""设置"", ""value"": ""舞曲音效""}",Y,Y,Y,
设备,设备660,tv_control,音效模式设置为蓝调音效,mode_control,"{""device"": """", ""location"": """", ""object"": ""音效模式"", ""operation"": ""设置"", ""value"": ""蓝调音效""}",mode_control,"{""device"": """", ""location"": """", ""object"": ""音效模式"", ""operation"": ""设置"", ""value"": ""蓝调音效""}",Y,Y,Y,
设备,设备662,tv_control,切换到流行音效,mode_control,"{""device"": """", ""location"": """", ""object"": ""音效模式"", ""operation"": ""设置"", ""value"": ""流行音效""}",mode_control,"{""device"": """", ""location"": """", ""object"": ""音效模式"", ""operation"": ""设置"", ""value"": ""流行音效""}",Y,Y,Y,
设备,设备661,tv_control,切换到杜比音效,mode_control,"{""device"": """", ""location"": """", ""object"": ""音效模式"", ""operation"": ""设置"", ""value"": ""杜比音效""}",mode_control,"{""device"": """", ""location"": """", ""object"": ""音效模式"", ""operation"": ""设置"", ""value"": ""杜比音效""}",Y,Y,Y,
设备,设备663,tv_control,切换到舞曲音效,mode_control,"{""device"": """", ""location"": """", ""object"": ""音效模式"", ""operation"": ""设置"", ""value"": ""舞曲音效""}",mode_control,"{""device"": """", ""location"": """", ""object"": ""音效模式"", ""operation"": ""设置"", ""value"": ""舞曲音效""}",Y,Y,Y,
设备,设备664,tv_control,打开杜比音效模式,mode_control,"{""device"": """", ""location"": """", ""object"": ""音效模式"", ""operation"": ""设置"", ""value"": ""杜比音效""}",mode_control,"{""device"": """", ""location"": """", ""object"": ""音效模式"", ""operation"": ""设置"", ""value"": ""杜比音效""}",Y,Y,Y,
设备,设备665,tv_control,打开流行音效模式,mode_control,"{""device"": """", ""location"": """", ""object"": ""音效模式"", ""operation"": ""设置"", ""value"": ""流行音效""}",mode_control,"{""device"": """", ""location"": """", ""object"": ""音效模式"", ""operation"": ""设置"", ""value"": ""流行音效""}",Y,Y,Y,
设备,设备669,tv_control,音效类型,mode_control,"{""device"": """", ""location"": """", ""object"": ""音效模式"", ""operation"": ""设置"", ""value"": """"}",execute,"{""query"": ""音效类型""}",N,N,N,"object: gold=""音效模式"" pred=; operation: gold=""设置"" pred=; query: gold= pred=""音效类型"""
设备,设备666,tv_control,打开舞曲音效模式,mode_control,"{""device"": """", ""location"": """", ""object"": ""音效模式"", ""operation"": ""设置"", ""value"": ""舞曲音效""}",mode_control,"{""device"": """", ""location"": """", ""object"": ""音效模式"", ""operation"": ""设置"", ""value"": ""舞曲音效""}",Y,Y,Y,
设备,设备671,tv_control,声音效果类型,mode_control,"{""device"": """", ""location"": """", ""object"": ""音效模式"", ""operation"": ""设置"", ""value"": """"}",execute,"{""query"": ""声音效果类型""}",N,N,N,"object: gold=""音效模式"" pred=; operation: gold=""设置"" pred=; query: gold= pred=""声音效果类型"""
设备,设备667,tv_control,打开蓝调音效模式,mode_control,"{""device"": """", ""location"": """", ""object"": ""音效模式"", ""operation"": ""设置"", ""value"": ""蓝调音效""}",mode_control,"{""device"": """", ""location"": """", ""object"": ""音效模式"", ""operation"": ""设置"", ""value"": ""蓝调音效""}",Y,Y,Y,
设备,设备668,tv_control,切换到蓝调音效,mode_control,"{""device"": """", ""location"": """", ""object"": ""音效模式"", ""operation"": ""设置"", ""value"": ""蓝调音效""}",mode_control,"{""device"": """", ""location"": """", ""object"": ""音效模式"", ""operation"": ""设置"", ""value"": ""蓝调音效""}",Y,Y,Y,
设备,设备675,tv_control,音效风格,mode_control,"{""device"": """", ""location"": """", ""object"": ""音效模式"", ""operation"": ""设置"", ""value"": """"}",execute,"{""query"": ""音效风格""}",N,N,N,"object: gold=""音效模式"" pred=; operation: gold=""设置"" pred=; query: gold= pred=""音效风格"""
设备,设备670,tv_control,音频效果模式,mode_control,"{""device"": """", ""location"": """", ""object"": ""声音模式"", ""operation"": ""设置"", ""value"": """"}",mode_control,"{""device"": """", ""location"": """", ""object"": ""声音模式"", ""operation"": ""设置"", ""value"": """"}",Y,Y,Y,
设备,设备677,tv_control,列表播放,playback_control,"{""device"": """", ""location"": """", ""object"": ""播放列表"", ""operation"": ""列表播放"", ""value"": """"}",execute,"{""query"": ""列表播放""}",N,N,N,"object: gold=""播放列表"" pred=; operation: gold=""列表播放"" pred=; query: gold= pred=""列表播放"""
设备,设备673,tv_control,音效配置,mode_control,"{""device"": """", ""location"": """", ""object"": ""音效模式"", ""operation"": ""打开"", ""value"": """"}",mode_control,"{""device"": """", ""location"": """", ""object"": ""音效模式"", ""operation"": ""打开"", ""value"": """"}",Y,Y,Y,
设备,设备674,tv_control,音效调节模式,mode_control,"{""device"": """", ""location"": """", ""object"": ""音效模式"", ""operation"": ""设置"", ""value"": """"}",mode_control,"{""device"": """", ""location"": """", ""object"": ""音效模式"", ""operation"": ""设置"", ""value"": """"}",Y,Y,Y,
设备,设备672,tv_control,音效输出模式,mode_control,"{""device"": """", ""location"": """", ""object"": ""音效模式"", ""operation"": ""设置"", ""value"": """"}",mode_control,"{""device"": """", ""location"": """", ""object"": ""音效模式"", ""operation"": ""设置"", ""value"": """"}",Y,Y,Y,
设备,设备676,tv_control,音效模式管理,mode_control,"{""device"": """", ""location"": """", ""object"": ""音效模式"", ""operation"": ""打开"", ""value"": """"}",mode_control,"{""device"": """", ""location"": """", ""object"": ""音效模式"", ""operation"": ""打开"", ""value"": """"}",Y,Y,Y,
设备,设备680,tv_control,循环播放,playback_control,"{""device"": """", ""location"": """", ""object"": ""播放列表"", ""operation"": ""循环播放"", ""value"": """"}",playback_control,"{""device"": """", ""location"": """", ""object"": ""播放列表"", ""operation"": ""循环播放"", ""value"": """"}",Y,Y,Y,
设备,设备683,tv_control,列表循环,playback_control,"{""device"": """", ""location"": """", ""object"": ""播放列表"", ""operation"": ""循环播放"", ""value"": """"}",playback_control,"{""device"": """", ""location"": """", ""object"": ""播放列表"", ""operation"": ""循环播放"", ""value"": """"}",Y,Y,Y,
设备,设备681,tv_control,播放模式,playback_control,"{""device"": """", ""location"": """", ""object"": ""播放控制"", ""operation"": ""播放"", ""value"": """"}",playback_control,"{""device"": """", ""location"": """", ""object"": ""播放控制"", ""operation"": ""播放"", ""value"": """"}",Y,Y,Y,
设备,设备682,tv_control,播放顺序,playback_control,"{""device"": """", ""location"": """", ""object"": ""播放列表"", ""operation"": ""顺序播放"", ""value"": """"}",execute,"{""query"": ""播放顺序""}",N,N,N,"object: gold=""播放列表"" pred=; operation: gold=""顺序播放"" pred=; query: gold= pred=""播放顺序"""
设备,设备684,tv_control,打开ai壁纸,screensaver_control,"{""device"": """", ""location"": """", ""object"": ""ai壁纸"", ""operation"": ""打开"", ""value"": """"}",screensaver_control,"{""device"": """", ""location"": """", ""object"": ""ai壁纸"", ""operation"": ""打开"", ""value"": """"}",Y,Y,Y,
设备,设备686,tv_control,进入ai壁纸,screensaver_control,"{""device"": """", ""location"": """", ""object"": ""ai壁纸"", ""operation"": ""打开"", ""value"": """"}",screensaver_control,"{""device"": """", ""location"": """", ""object"": ""ai壁纸"", ""operation"": ""打开"", ""value"": """"}",Y,Y,Y,
设备,设备685,tv_control,启动ai壁纸,screensaver_control,"{""device"": """", ""location"": """", ""object"": ""ai壁纸"", ""operation"": ""打开"", ""value"": """"}",screensaver_control,"{""device"": """", ""location"": """", ""object"": ""ai壁纸"", ""operation"": ""打开"", ""value"": """"}",Y,Y,Y,
设备,设备679,tv_control,随机播放,playback_control,"{""device"": """", ""location"": """", ""object"": ""播放列表"", ""operation"": ""随机播放"", ""value"": """"}",vod_search,"{""action"": ""play"", ""query"": {""field"": ""random"", ""value"": 1}, ""retext"": ""随机播放""}",N,N,N,"action: gold= pred=""play""; object: gold=""播放列表"" pred=; operation: gold=""随机播放"" pred=; query: gold= pred={""field"": ""random"", ""value"": 1}; retext: gold= pred=""随机播放"""
设备,设备678,tv_control,顺序播放,playback_control,"{""device"": """", ""location"": """", ""object"": ""播放列表"", ""operation"": ""顺序播放"", ""value"": """"}",vod_search,"{""action"": ""play"", ""query"": {""and"": [{""field"": ""series"", ""value"": 1}, {""field"": ""video_index"", ""value"": 1}]}, ""retext"": ""顺序播放""}",N,N,N,"action: gold= pred=""play""; object: gold=""播放列表"" pred=; operation: gold=""顺序播放"" pred=; query: gold= pred={""and"": [{""field"": ""series"", ""value"": 1}, {""field"": ""video_index"", ""value"": 1}]}; retext: gold= pred=""顺序播放"""
设备,设备687,tv_control,打开音乐氛围墙,audio_control,"{""device"": """", ""location"": """", ""object"": ""音乐氛围墙"", ""operation"": ""打开"", ""value"": """"}",audio_control,"{""device"": """", ""location"": """", ""object"": ""音乐氛围墙"", ""operation"": ""打开"", ""value"": """"}",Y,Y,Y,
设备,设备689,tv_control,进入音乐氛围墙,audio_control,"{""device"": """", ""location"": """", ""object"": ""音乐氛围墙"", ""operation"": ""打开"", ""value"": """"}",audio_control,"{""device"": """", ""location"": """", ""object"": ""音乐氛围墙"", ""operation"": ""打开"", ""value"": """"}",Y,Y,Y,
设备,设备690,tv_control,打开待机选项,screensaver_control,"{""device"": """", ""location"": """", ""object"": ""待机选项"", ""operation"": ""打开"", ""value"": """"}",screensaver_control,"{""device"": """", ""location"": """", ""object"": ""待机选项"", ""operation"": ""打开"", ""value"": """"}",Y,Y,Y,
设备,设备688,tv_control,启动音乐氛围墙,audio_control,"{""device"": """", ""location"": """", ""object"": ""音乐氛围墙"", ""operation"": ""打开"", ""value"": """"}",audio_control,"{""device"": """", ""location"": """", ""object"": ""音乐氛围墙"", ""operation"": ""打开"", ""value"": """"}",Y,Y,Y,
设备,设备691,tv_control,启动待机选项,screensaver_control,"{""device"": """", ""location"": """", ""object"": ""待机选项"", ""operation"": ""打开"", ""value"": """"}",screensaver_control,"{""device"": """", ""location"": """", ""object"": ""待机选项"", ""operation"": ""打开"", ""value"": """"}",Y,Y,Y,
设备,设备692,tv_control,进入待机选项,screensaver_control,"{""device"": """", ""location"": """", ""object"": ""待机选项"", ""operation"": ""打开"", ""value"": """"}",screensaver_control,"{""device"": """", ""location"": """", ""object"": ""待机选项"", ""operation"": ""打开"", ""value"": """"}",Y,Y,Y,
设备,设备693,tv_control,打开ai动画,screensaver_control,"{""device"": """", ""location"": """", ""object"": ""ai动画"", ""operation"": ""打开"", ""value"": """"}",screensaver_control,"{""device"": """", ""location"": """", ""object"": ""ai动画"", ""operation"": ""打开"", ""value"": """"}",Y,Y,Y,
设备,设备694,tv_control,启动ai动画,screensaver_control,"{""device"": """", ""location"": """", ""object"": ""ai动画"", ""operation"": ""打开"", ""value"": """"}",screensaver_control,"{""device"": """", ""location"": """", ""object"": ""ai动画"", ""operation"": ""打开"", ""value"": """"}",Y,Y,Y,
设备,设备695,tv_control,进入ai动画,screensaver_control,"{""device"": """", ""location"": """", ""object"": ""ai动画"", ""operation"": ""打开"", ""value"": """"}",screensaver_control,"{""device"": """", ""location"": """", ""object"": ""ai动画"", ""operation"": ""打开"", ""value"": """"}",Y,Y,Y,
设备,设备696,tv_control,启动ai节日壁纸,screensaver_control,"{""device"": """", ""location"": """", ""object"": ""ai节日壁纸"", ""operation"": ""打开"", ""value"": """"}",screensaver_control,"{""device"": """", ""location"": """", ""object"": ""ai节日壁纸"", ""operation"": ""打开"", ""value"": """"}",Y,Y,Y,
设备,设备697,tv_control,进入ai节日壁纸,screensaver_control,"{""device"": """", ""location"": """", ""object"": ""ai节日壁纸"", ""operation"": ""打开"", ""value"": """"}",screensaver_control,"{""device"": """", ""location"": """", ""object"": ""ai节日壁纸"", ""operation"": ""打开"", ""value"": """"}",Y,Y,Y,
设备,设备699,tv_control,启动安装耳机语音服务,common_control,"{""device"": """", ""location"": """", ""object"": ""安装耳机语音服务"", ""operation"": ""打开"", ""value"": """"}",common_control,"{""device"": """", ""location"": """", ""object"": ""安装耳机语音服务"", ""operation"": ""打开"", ""value"": """"}",Y,Y,Y,
设备,设备698,tv_control,打开安装耳机语音服务,common_control,"{""device"": """", ""location"": """", ""object"": ""安装耳机语音服务"", ""operation"": ""打开"", ""value"": """"}",common_control,"{""device"": """", ""location"": """", ""object"": ""安装耳机语音服务"", ""operation"": ""打开"", ""value"": """"}",Y,Y,Y,
设备,设备700,tv_control,进入安装耳机语音服务,common_control,"{""device"": """", ""location"": """", ""object"": ""安装耳机语音服务"", ""operation"": ""打开"", ""value"": """"}",common_control,"{""device"": """", ""location"": """", ""object"": ""安装耳机语音服务"", ""operation"": ""打开"", ""value"": """"}",Y,Y,Y,
设备,设备701,tv_control,打开安装眼镜语音服务,common_control,"{""device"": """", ""location"": """", ""object"": ""安装眼镜语音服务"", ""operation"": ""打开"", ""value"": """"}",common_control,"{""device"": """", ""location"": """", ""object"": ""安装眼镜语音服务"", ""operation"": ""打开"", ""value"": """"}",Y,Y,Y,
设备,设备702,tv_control,启动安装眼镜语音服务,common_control,"{""device"": """", ""location"": """", ""object"": ""安装眼镜语音服务"", ""operation"": ""打开"", ""value"": """"}",common_control,"{""device"": """", ""location"": """", ""object"": ""安装眼镜语音服务"", ""operation"": ""打开"", ""value"": """"}",Y,Y,Y,
设备,设备705,tv_control,打开主页,common_control,"{""device"": """", ""location"": """", ""object"": ""主页"", ""operation"": ""打开"", ""value"": """"}",common_control,"{""device"": """", ""location"": """", ""object"": ""主页"", ""operation"": ""打开"", ""value"": """"}",Y,Y,Y,
设备,设备703,tv_control,进入安装眼镜语音服务,common_control,"{""device"": """", ""location"": """", ""object"": ""安装眼镜语音服务"", ""operation"": ""打开"", ""value"": """"}",common_control,"{""device"": """", ""location"": """", ""object"": ""安装眼镜语音服务"", ""operation"": ""打开"", ""value"": """"}",Y,Y,Y,
设备,设备704,tv_control,打开ai节日壁纸,screensaver_control,"{""device"": """", ""location"": """", ""object"": ""ai节日壁纸"", ""operation"": ""打开"", ""value"": """"}",screensaver_control,"{""device"": """", ""location"": """", ""object"": ""ai节日壁纸"", ""operation"": ""打开"", ""value"": """"}",Y,Y,Y,
设备,设备706,tv_control,启动主页,common_control,"{""device"": """", ""location"": """", ""object"": ""主页"", ""operation"": ""打开"", ""value"": """"}",common_control,"{""device"": """", ""location"": """", ""object"": ""主页"", ""operation"": ""打开"", ""value"": """"}",Y,Y,Y,
设备,设备707,tv_control,进入主页,common_control,"{""device"": """", ""location"": """", ""object"": ""主页"", ""operation"": ""打开"", ""value"": """"}",common_control,"{""device"": """", ""location"": """", ""object"": ""主页"", ""operation"": ""打开"", ""value"": """"}",Y,Y,Y,
设备,设备708,tv_control,打开多任务切换,common_control,"{""device"": """", ""location"": """", ""object"": ""多任务切换"", ""operation"": ""打开"", ""value"": """"}",common_control,"{""device"": """", ""location"": """", ""object"": ""多任务切换"", ""operation"": ""打开"", ""value"": """"}",Y,Y,Y,
设备,设备709,tv_control,启动多任务切换,common_control,"{""device"": """", ""location"": """", ""object"": ""多任务切换"", ""operation"": ""打开"", ""value"": """"}",common_control,"{""device"": """", ""location"": """", ""object"": ""多任务切换"", ""operation"": ""打开"", ""value"": """"}",Y,Y,Y,
设备,设备710,tv_control,进入多任务切换,common_control,"{""device"": """", ""location"": """", ""object"": ""多任务切换"", ""operation"": ""打开"", ""value"": """"}",common_control,"{""device"": """", ""location"": """", ""object"": ""多任务切换"", ""operation"": ""打开"", ""value"": """"}",Y,Y,Y,
设备,设备716,tv_control,进入主题,common_control,"{""device"": """", ""location"": """", ""object"": ""主题"", ""operation"": ""打开"", ""value"": """"}",execute,"{""query"": ""进入主题""}",N,N,N,"object: gold=""主题"" pred=; operation: gold=""打开"" pred=; query: gold= pred=""进入主题"""
设备,设备714,tv_control,打开主题,common_control,"{""device"": """", ""location"": """", ""object"": ""主题"", ""operation"": ""打开"", ""value"": """"}",common_control,"{""device"": """", ""location"": """", ""object"": ""主题"", ""operation"": ""打开"", ""value"": """"}",Y,Y,Y,
设备,设备715,tv_control,启动主题,common_control,"{""device"": """", ""location"": """", ""object"": ""主题"", ""operation"": ""打开"", ""value"": """"}",common_control,"{""device"": """", ""location"": """", ""object"": ""主题"", ""operation"": ""打开"", ""value"": """"}",Y,Y,Y,
设备,设备717,tv_control,打开语言设置,common_control,"{""device"": """", ""location"": """", ""object"": ""语言设置"", ""operation"": ""打开"", ""value"": """"}",common_control,"{""device"": """", ""location"": """", ""object"": ""语言设置"", ""operation"": ""打开"", ""value"": """"}",Y,Y,Y,
设备,设备718,tv_control,启动语言设置,common_control,"{""device"": """", ""location"": """", ""object"": ""语言设置"", ""operation"": ""打开"", ""value"": """"}",common_control,"{""device"": """", ""location"": """", ""object"": ""语言设置"", ""operation"": ""打开"", ""value"": """"}",Y,Y,Y,
设备,设备720,tv_control,打开输入法设置,common_control,"{""device"": """", ""location"": """", ""object"": ""输入法设置"", ""operation"": ""打开"", ""value"": """"}",common_control,"{""device"": """", ""location"": """", ""object"": ""输入法设置"", ""operation"": ""打开"", ""value"": """"}",Y,Y,Y,
设备,设备719,tv_control,进入语言设置,common_control,"{""device"": """", ""location"": """", ""object"": ""语言设置"", ""operation"": ""打开"", ""value"": """"}",common_control,"{""device"": """", ""location"": """", ""object"": ""语言设置"", ""operation"": ""打开"", ""value"": """"}",Y,Y,Y,
设备,设备721,tv_control,启动输入法设置,common_control,"{""device"": """", ""location"": """", ""object"": ""输入法设置"", ""operation"": ""打开"", ""value"": """"}",common_control,"{""device"": """", ""location"": """", ""object"": ""输入法设置"", ""operation"": ""打开"", ""value"": """"}",Y,Y,Y,
设备,设备722,tv_control,进入输入法设置,common_control,"{""device"": """", ""location"": """", ""object"": ""输入法设置"", ""operation"": ""打开"", ""value"": """"}",common_control,"{""device"": """", ""location"": """", ""object"": ""输入法设置"", ""operation"": ""打开"", ""value"": """"}",Y,Y,Y,
设备,设备723,tv_control,打开多屏互动,common_control,"{""device"": """", ""location"": """", ""object"": ""多屏互动"", ""operation"": ""打开"", ""value"": """"}",common_control,"{""device"": """", ""location"": """", ""object"": ""多屏互动"", ""operation"": ""打开"", ""value"": """"}",Y,Y,Y,
设备,设备726,tv_control,打开设置,common_control,"{""device"": """", ""location"": """", ""object"": ""设置"", ""operation"": ""打开"", ""value"": """"}",common_control,"{""device"": """", ""location"": """", ""object"": ""设置"", ""operation"": ""打开"", ""value"": """"}",Y,Y,Y,
设备,设备724,tv_control,启动多屏互动,common_control,"{""device"": """", ""location"": """", ""object"": ""多屏互动"", ""operation"": ""打开"", ""value"": """"}",common_control,"{""device"": """", ""location"": """", ""object"": ""多屏互动"", ""operation"": ""打开"", ""value"": """"}",Y,Y,Y,
设备,设备725,tv_control,进入多屏互动,common_control,"{""device"": """", ""location"": """", ""object"": ""多屏互动"", ""operation"": ""打开"", ""value"": """"}",common_control,"{""device"": """", ""location"": """", ""object"": ""多屏互动"", ""operation"": ""打开"", ""value"": """"}",Y,Y,Y,
设备,设备727,tv_control,启动设置,common_control,"{""device"": """", ""location"": """", ""object"": ""设置"", ""operation"": ""打开"", ""value"": """"}",common_control,"{""device"": """", ""location"": """", ""object"": ""设置"", ""operation"": ""打开"", ""value"": """"}",Y,Y,Y,
设备,设备728,tv_control,进入设置,common_control,"{""device"": """", ""location"": """", ""object"": ""设置"", ""operation"": ""打开"", ""value"": """"}",common_control,"{""device"": """", ""location"": """", ""object"": ""设置"", ""operation"": ""打开"", ""value"": """"}",Y,Y,Y,
设备,设备730,tv_control,启动网络设置,network_control,"{""device"": """", ""location"": """", ""object"": ""网络设置"", ""operation"": ""打开"", ""value"": """"}",network_control,"{""device"": """", ""location"": """", ""object"": ""网络设置"", ""operation"": ""打开"", ""value"": """"}",Y,Y,Y,
设备,设备729,tv_control,打开网络设置,network_control,"{""device"": """", ""location"": """", ""object"": ""网络设置"", ""operation"": ""打开"", ""value"": """"}",network_control,"{""device"": """", ""location"": """", ""object"": ""网络设置"", ""operation"": ""打开"", ""value"": """"}",Y,Y,Y,
设备,设备731,tv_control,进入网络设置,network_control,"{""device"": """", ""location"": """", ""object"": ""网络设置"", ""operation"": ""打开"", ""value"": """"}",network_control,"{""device"": """", ""location"": """", ""object"": ""网络设置"", ""operation"": ""打开"", ""value"": """"}",Y,Y,Y,
设备,设备732,tv_control,打开系统设置,common_control,"{""device"": """", ""location"": """", ""object"": ""系统设置"", ""operation"": ""打开"", ""value"": """"}",common_control,"{""device"": """", ""location"": """", ""object"": ""系统设置"", ""operation"": ""打开"", ""value"": """"}",Y,Y,Y,
设备,设备713,tv_control,进入竖屏短视频,screen_lift_rotation,"{""device"": """", ""location"": """", ""object"": ""竖屏短视频"", ""operation"": ""打开"", ""value"": """"}",vod_fuzzy_search,"{""query"": ""进入竖屏短视频""}",N,N,N,"object: gold=""竖屏短视频"" pred=; operation: gold=""打开"" pred=; query: gold= pred=""进入竖屏短视频"""
设备,设备712,tv_control,启动竖屏短视频,screen_lift_rotation,"{""device"": """", ""location"": """", ""object"": ""竖屏短视频"", ""operation"": ""打开"", ""value"": """"}",vod_fuzzy_search,"{""query"": ""启动竖屏短视频""}",N,N,N,"object: gold=""竖屏短视频"" pred=; operation: gold=""打开"" pred=; query: gold= pred=""启动竖屏短视频"""
设备,设备711,tv_control,打开竖屏短视频,screen_lift_rotation,"{""device"": """", ""location"": """", ""object"": ""竖屏短视频"", ""operation"": ""打开"", ""value"": """"}",vod_fuzzy_search,"{""query"": ""打开竖屏短视频""}",N,N,N,"object: gold=""竖屏短视频"" pred=; operation: gold=""打开"" pred=; query: gold= pred=""打开竖屏短视频"""
设备,设备733,tv_control,启动系统设置,common_control,"{""device"": """", ""location"": """", ""object"": ""系统设置"", ""operation"": ""打开"", ""value"": """"}",common_control,"{""device"": """", ""location"": """", ""object"": ""系统设置"", ""operation"": ""打开"", ""value"": """"}",Y,Y,Y,
设备,设备735,tv_control,打开声音设置,audio_control,"{""device"": """", ""location"": """", ""object"": ""声音设置"", ""operation"": ""打开"", ""value"": """"}",audio_control,"{""device"": """", ""location"": """", ""object"": ""声音设置"", ""operation"": ""打开"", ""value"": """"}",Y,Y,Y,
设备,设备734,tv_control,进入系统设置,common_control,"{""device"": """", ""location"": """", ""object"": ""系统设置"", ""operation"": ""打开"", ""value"": """"}",common_control,"{""device"": """", ""location"": """", ""object"": ""系统设置"", ""operation"": ""打开"", ""value"": """"}",Y,Y,Y,
设备,设备736,tv_control,启动声音设置,audio_control,"{""device"": """", ""location"": """", ""object"": ""声音设置"", ""operation"": ""打开"", ""value"": """"}",audio_control,"{""device"": """", ""location"": """", ""object"": ""声音设置"", ""operation"": ""打开"", ""value"": """"}",Y,Y,Y,
设备,设备738,tv_control,打开3D设置,display_control,"{""device"": """", ""location"": """", ""object"": ""3d设置"", ""operation"": ""打开"", ""value"": """"}",display_control,"{""device"": """", ""location"": """", ""object"": ""3d设置"", ""operation"": ""打开"", ""value"": """"}",Y,Y,Y,
设备,设备737,tv_control,进入声音设置,audio_control,"{""device"": """", ""location"": """", ""object"": ""声音设置"", ""operation"": ""打开"", ""value"": """"}",audio_control,"{""device"": """", ""location"": """", ""object"": ""声音设置"", ""operation"": ""打开"", ""value"": """"}",Y,Y,Y,
设备,设备739,tv_control,启动3D设置,display_control,"{""device"": """", ""location"": """", ""object"": ""3d设置"", ""operation"": ""打开"", ""value"": """"}",display_control,"{""device"": """", ""location"": """", ""object"": ""3d设置"", ""operation"": ""打开"", ""value"": """"}",Y,Y,Y,
设备,设备740,tv_control,进入3D设置,display_control,"{""device"": """", ""location"": """", ""object"": ""3d设置"", ""operation"": ""打开"", ""value"": """"}",display_control,"{""device"": """", ""location"": """", ""object"": ""3d设置"", ""operation"": ""打开"", ""value"": """"}",Y,Y,Y,
设备,设备741,tv_control,打开蓝牙设置,common_control,"{""device"": """", ""location"": """", ""object"": ""蓝牙设置"", ""operation"": ""打开"", ""value"": """"}",common_control,"{""device"": """", ""location"": """", ""object"": ""蓝牙设置"", ""operation"": ""打开"", ""value"": """"}",Y,Y,Y,
设备,设备743,tv_control,进入蓝牙设置,common_control,"{""device"": """", ""location"": """", ""object"": ""蓝牙设置"", ""operation"": ""打开"", ""value"": """"}",common_control,"{""device"": """", ""location"": """", ""object"": ""蓝牙设置"", ""operation"": ""打开"", ""value"": """"}",Y,Y,Y,
设备,设备742,tv_control,启动蓝牙设置,common_control,"{""device"": """", ""location"": """", ""object"": ""蓝牙设置"", ""operation"": ""打开"", ""value"": """"}",common_control,"{""device"": """", ""location"": """", ""object"": ""蓝牙设置"", ""operation"": ""打开"", ""value"": """"}",Y,Y,Y,
设备,设备744,tv_control,打开个性化定制界面,common_control,"{""device"": """", ""location"": """", ""object"": ""个性化定制界面"", ""operation"": ""打开"", ""value"": """"}",common_control,"{""device"": """", ""location"": """", ""object"": ""个性化定制界面"", ""operation"": ""打开"", ""value"": """"}",Y,Y,Y,
设备,设备745,tv_control,启动个性化定制界面,common_control,"{""device"": """", ""location"": """", ""object"": ""个性化定制界面"", ""operation"": ""打开"", ""value"": """"}",common_control,"{""device"": """", ""location"": """", ""object"": ""个性化定制界面"", ""operation"": ""打开"", ""value"": """"}",Y,Y,Y,
设备,设备747,tv_control,打开通用设置,common_control,"{""device"": """", ""location"": """", ""object"": ""通用设置"", ""operation"": ""打开"", ""value"": """"}",common_control,"{""device"": """", ""location"": """", ""object"": ""通用设置"", ""operation"": ""打开"", ""value"": """"}",Y,Y,Y,
设备,设备746,tv_control,进入个性化定制界面,common_control,"{""device"": """", ""location"": """", ""object"": ""个性化定制界面"", ""operation"": ""打开"", ""value"": """"}",common_control,"{""device"": """", ""location"": """", ""object"": ""个性化定制界面"", ""operation"": ""打开"", ""value"": """"}",Y,Y,Y,
设备,设备748,tv_control,启动通用设置,common_control,"{""device"": """", ""location"": """", ""object"": ""通用设置"", ""operation"": ""打开"", ""value"": """"}",common_control,"{""device"": """", ""location"": """", ""object"": ""通用设置"", ""operation"": ""打开"", ""value"": """"}",Y,Y,Y,
设备,设备749,tv_control,进入通用设置,common_control,"{""device"": """", ""location"": """", ""object"": ""通用设置"", ""operation"": ""打开"", ""value"": """"}",common_control,"{""device"": """", ""location"": """", ""object"": ""通用设置"", ""operation"": ""打开"", ""value"": """"}",Y,Y,Y,
设备,设备753,tv_control,打开存储空间,common_control,"{""device"": """", ""location"": """", ""object"": ""存储空间"", ""operation"": ""打开"", ""value"": """"}",common_control,"{""device"": """", ""location"": """", ""object"": ""存储空间"", ""operation"": ""打开"", ""value"": """"}",Y,Y,Y,
设备,设备754,tv_control,启动存储空间,common_control,"{""device"": """", ""location"": """", ""object"": ""存储空间"", ""operation"": ""打开"", ""value"": """"}",common_control,"{""device"": """", ""location"": """", ""object"": ""存储空间"", ""operation"": ""打开"", ""value"": """"}",Y,Y,Y,
设备,设备755,tv_control,进入存储空间,common_control,"{""device"": """", ""location"": """", ""object"": ""存储空间"", ""operation"": ""打开"", ""value"": """"}",common_control,"{""device"": """", ""location"": """", ""object"": ""存储空间"", ""operation"": ""打开"", ""value"": """"}",Y,Y,Y,
设备,设备757,tv_control,启动快速启动键定制,common_control,"{""device"": """", ""location"": """", ""object"": ""快速启动键定制"", ""operation"": ""打开"", ""value"": """"}",common_control,"{""device"": """", ""location"": """", ""object"": ""快速启动键定制"", ""operation"": ""打开"", ""value"": """"}",Y,Y,Y,
设备,设备756,tv_control,打开快速启动键定制,common_control,"{""device"": """", ""location"": """", ""object"": ""快速启动键定制"", ""operation"": ""打开"", ""value"": """"}",common_control,"{""device"": """", ""location"": """", ""object"": ""快速启动键定制"", ""operation"": ""打开"", ""value"": """"}",Y,Y,Y,
设备,设备758,tv_control,进入快速启动键定制,common_control,"{""device"": """", ""location"": """", ""object"": ""快速启动键定制"", ""operation"": ""打开"", ""value"": """"}",common_control,"{""device"": """", ""location"": """", ""object"": ""快速启动键定制"", ""operation"": ""打开"", ""value"": """"}",Y,Y,Y,
设备,设备759,tv_control,打开开机图片定制,common_control,"{""device"": """", ""location"": """", ""object"": ""开机图片定制"", ""operation"": ""打开"", ""value"": """"}",common_control,"{""device"": """", ""location"": """", ""object"": ""开机图片定制"", ""operation"": ""打开"", ""value"": """"}",Y,Y,Y,
设备,设备760,tv_control,启动开机图片定制,common_control,"{""device"": """", ""location"": """", ""object"": ""开机图片定制"", ""operation"": ""打开"", ""value"": """"}",common_control,"{""device"": """", ""location"": """", ""object"": ""开机图片定制"", ""operation"": ""打开"", ""value"": """"}",Y,Y,Y,
设备,设备762,tv_control,打开关机动画定制,common_control,"{""device"": """", ""location"": """", ""object"": ""关机动画定制"", ""operation"": ""打开"", ""value"": """"}",common_control,"{""device"": """", ""location"": """", ""object"": ""关机动画定制"", ""operation"": ""打开"", ""value"": """"}",Y,Y,Y,
设备,设备761,tv_control,进入开机图片定制,common_control,"{""device"": """", ""location"": """", ""object"": ""开机图片定制"", ""operation"": ""打开"", ""value"": """"}",common_control,"{""device"": """", ""location"": """", ""object"": ""开机图片定制"", ""operation"": ""打开"", ""value"": """"}",Y,Y,Y,
设备,设备763,tv_control,启动关机动画定制,common_control,"{""device"": """", ""location"": """", ""object"": ""关机动画定制"", ""operation"": ""打开"", ""value"": """"}",common_control,"{""device"": """", ""location"": """", ""object"": ""关机动画定制"", ""operation"": ""打开"", ""value"": """"}",Y,Y,Y,
设备,设备750,tv_control,打开关于电视,common_control,"{""device"": """", ""location"": """", ""object"": ""关于电视"", ""operation"": ""打开"", ""value"": """"}",fan_knowledge_agent,"{""messages"": [{""content"": ""打开关于电视"", ""role"": ""user""}], ""need_media"": false, ""riskRespStrategy"": ""all_replace"", ""sceneType"": ""knowledge_qa""}",N,N,N,"messages: gold= pred=[{""content"": ""打开关于电视"", ""role"": ""user""}]; need_media: gold= pred=; object: gold=""关于电视"" pred=; operation: gold=""打开"" pred=; riskRespStrategy: gold= pred=""all_replace""; sceneType: gold= pred=""knowledge_qa"""
设备,设备764,tv_control,进入关机动画定制,common_control,"{""device"": """", ""location"": """", ""object"": ""关机动画定制"", ""operation"": ""打开"", ""value"": """"}",common_control,"{""device"": """", ""location"": """", ""object"": ""关机动画定制"", ""operation"": ""打开"", ""value"": """"}",Y,Y,Y,
设备,设备765,tv_control,打开声音主题定制,audio_control,"{""device"": """", ""location"": """", ""object"": ""声音主题定制"", ""operation"": ""打开"", ""value"": """"}",audio_control,"{""device"": """", ""location"": """", ""object"": ""声音主题定制"", ""operation"": ""打开"", ""value"": """"}",Y,Y,Y,
设备,设备766,tv_control,启动声音主题定制,audio_control,"{""device"": """", ""location"": """", ""object"": ""声音主题定制"", ""operation"": ""打开"", ""value"": """"}",audio_control,"{""device"": """", ""location"": """", ""object"": ""声音主题定制"", ""operation"": ""打开"", ""value"": """"}",Y,Y,Y,
设备,设备767,tv_control,进入声音主题定制,audio_control,"{""device"": """", ""location"": """", ""object"": ""声音主题定制"", ""operation"": ""打开"", ""value"": """"}",audio_control,"{""device"": """", ""location"": """", ""object"": ""声音主题定制"", ""operation"": ""打开"", ""value"": """"}",Y,Y,Y,
设备,设备768,tv_control,打开摄像头控制模式,smart_camera,"{""device"": """", ""location"": """", ""object"": ""摄像头控制模式"", ""operation"": ""打开"", ""value"": """"}",smart_camera,"{""device"": """", ""location"": """", ""object"": ""摄像头控制模式"", ""operation"": ""打开"", ""value"": """"}",Y,Y,Y,
设备,设备769,tv_control,启动摄像头控制模式,smart_camera,"{""device"": """", ""location"": """", ""object"": ""摄像头控制模式"", ""operation"": ""打开"", ""value"": """"}",smart_camera,"{""device"": """", ""location"": """", ""object"": ""摄像头控制模式"", ""operation"": ""打开"", ""value"": """"}",Y,Y,Y,
设备,设备770,tv_control,进入摄像头控制模式,smart_camera,"{""device"": """", ""location"": """", ""object"": ""摄像头控制模式"", ""operation"": ""打开"", ""value"": """"}",smart_camera,"{""device"": """", ""location"": """", ""object"": ""摄像头控制模式"", ""operation"": ""打开"", ""value"": """"}",Y,Y,Y,
设备,设备772,tv_control,启动开机全时段升起,smart_camera,"{""device"": """", ""location"": """", ""object"": ""开机全时段升起"", ""operation"": ""打开"", ""value"": """"}",smart_camera,"{""device"": """", ""location"": """", ""object"": ""开机全时段升起"", ""operation"": ""打开"", ""value"": """"}",Y,Y,Y,
设备,设备771,tv_control,打开开机全时段升起,smart_camera,"{""device"": """", ""location"": """", ""object"": ""开机全时段升起"", ""operation"": ""打开"", ""value"": """"}",smart_camera,"{""device"": """", ""location"": """", ""object"": ""开机全时段升起"", ""operation"": ""打开"", ""value"": """"}",Y,Y,Y,
设备,设备775,tv_control,启动首次使用升起,smart_camera,"{""device"": """", ""location"": """", ""object"": ""首次使用升起"", ""operation"": ""打开"", ""value"": """"}",smart_camera,"{""device"": """", ""location"": """", ""object"": ""首次使用升起"", ""operation"": ""打开"", ""value"": """"}",Y,Y,Y,
设备,设备773,tv_control,进入开机全时段升起,smart_camera,"{""device"": """", ""location"": """", ""object"": ""开机全时段升起"", ""operation"": ""打开"", ""value"": """"}",smart_camera,"{""device"": """", ""location"": """", ""object"": ""开机全时段升起"", ""operation"": ""打开"", ""value"": """"}",Y,Y,Y,
设备,设备752,tv_control,进入关于电视,common_control,"{""device"": """", ""location"": """", ""object"": ""关于电视"", ""operation"": ""打开"", ""value"": """"}",fan_knowledge_agent,"{""messages"": [{""content"": ""进入关于电视"", ""role"": ""user""}], ""need_media"": false, ""riskRespStrategy"": ""all_replace"", ""sceneType"": ""knowledge_qa""}",N,N,N,"messages: gold= pred=[{""content"": ""进入关于电视"", ""role"": ""user""}]; need_media: gold= pred=; object: gold=""关于电视"" pred=; operation: gold=""打开"" pred=; riskRespStrategy: gold= pred=""all_replace""; sceneType: gold= pred=""knowledge_qa"""
设备,设备774,tv_control,打开首次使用升起,smart_camera,"{""device"": """", ""location"": """", ""object"": ""首次使用升起"", ""operation"": ""打开"", ""value"": """"}",smart_camera,"{""device"": """", ""location"": """", ""object"": ""首次使用升起"", ""operation"": ""打开"", ""value"": """"}",Y,Y,Y,
设备,设备777,tv_control,打开智能升降,smart_camera,"{""device"": """", ""location"": """", ""object"": ""智能升降"", ""operation"": ""打开"", ""value"": """"}",smart_camera,"{""device"": """", ""location"": """", ""object"": ""智能升降"", ""operation"": ""打开"", ""value"": """"}",Y,Y,Y,
设备,设备776,tv_control,进入首次使用升起,smart_camera,"{""device"": """", ""location"": """", ""object"": ""首次使用升起"", ""operation"": ""打开"", ""value"": """"}",smart_camera,"{""device"": """", ""location"": """", ""object"": ""首次使用升起"", ""operation"": ""打开"", ""value"": """"}",Y,Y,Y,
设备,设备778,tv_control,启动智能升降,smart_camera,"{""device"": """", ""location"": """", ""object"": ""智能升降"", ""operation"": ""打开"", ""value"": """"}",smart_camera,"{""device"": """", ""location"": """", ""object"": ""智能升降"", ""operation"": ""打开"", ""value"": """"}",Y,Y,Y,
设备,设备779,tv_control,进入智能升降,smart_camera,"{""device"": """", ""location"": """", ""object"": ""智能升降"", ""operation"": ""打开"", ""value"": """"}",smart_camera,"{""device"": """", ""location"": """", ""object"": ""智能升降"", ""operation"": ""打开"", ""value"": """"}",Y,Y,Y,
设备,设备780,tv_control,打开摄像头锁,smart_camera,"{""device"": """", ""location"": """", ""object"": ""摄像头锁"", ""operation"": ""打开"", ""value"": """"}",smart_camera,"{""device"": """", ""location"": """", ""object"": ""摄像头锁"", ""operation"": ""打开"", ""value"": """"}",Y,Y,Y,
设备,设备751,tv_control,启动关于电视,common_control,"{""device"": """", ""location"": """", ""object"": ""关于电视"", ""operation"": ""打开"", ""value"": """"}",fan_knowledge_agent,"{""messages"": [{""content"": ""启动关于电视"", ""role"": ""user""}], ""need_media"": false, ""riskRespStrategy"": ""all_replace"", ""sceneType"": ""knowledge_qa""}",N,N,N,"messages: gold= pred=[{""content"": ""启动关于电视"", ""role"": ""user""}]; need_media: gold= pred=; object: gold=""关于电视"" pred=; operation: gold=""打开"" pred=; riskRespStrategy: gold= pred=""all_replace""; sceneType: gold= pred=""knowledge_qa"""
设备,设备781,tv_control,启动摄像头锁,smart_camera,"{""device"": """", ""location"": """", ""object"": ""摄像头锁"", ""operation"": ""打开"", ""value"": """"}",smart_camera,"{""device"": """", ""location"": """", ""object"": ""摄像头锁"", ""operation"": ""打开"", ""value"": """"}",Y,Y,Y,
设备,设备782,tv_control,进入摄像头锁,smart_camera,"{""device"": """", ""location"": """", ""object"": ""摄像头锁"", ""operation"": ""打开"", ""value"": """"}",smart_camera,"{""device"": """", ""location"": """", ""object"": ""摄像头锁"", ""operation"": ""打开"", ""value"": """"}",Y,Y,Y,
设备,设备783,tv_control,打开智能设置,smart_camera,"{""device"": """", ""location"": """", ""object"": ""智能设置"", ""operation"": ""打开"", ""value"": """"}",smart_camera,"{""device"": """", ""location"": """", ""object"": ""智能设置"", ""operation"": ""打开"", ""value"": """"}",Y,Y,Y,
设备,设备785,tv_control,进入智能设置,smart_camera,"{""device"": """", ""location"": """", ""object"": ""智能设置"", ""operation"": ""打开"", ""value"": """"}",smart_camera,"{""device"": """", ""location"": """", ""object"": ""智能设置"", ""operation"": ""打开"", ""value"": """"}",Y,Y,Y,
设备,设备784,tv_control,启动智能设置,smart_camera,"{""device"": """", ""location"": """", ""object"": ""智能设置"", ""operation"": ""打开"", ""value"": """"}",smart_camera,"{""device"": """", ""location"": """", ""object"": ""智能设置"", ""operation"": ""打开"", ""value"": """"}",Y,Y,Y,
设备,设备786,tv_control,打开手动调整摄像头,smart_camera,"{""device"": """", ""location"": """", ""object"": ""手动调整摄像头"", ""operation"": ""打开"", ""value"": """"}",smart_camera,"{""device"": """", ""location"": """", ""object"": ""手动调整摄像头"", ""operation"": ""打开"", ""value"": """"}",Y,Y,Y,
设备,设备787,tv_control,启动手动调整摄像头,smart_camera,"{""device"": """", ""location"": """", ""object"": ""手动调整摄像头"", ""operation"": ""打开"", ""value"": """"}",smart_camera,"{""device"": """", ""location"": """", ""object"": ""手动调整摄像头"", ""operation"": ""打开"", ""value"": """"}",Y,Y,Y,
设备,设备788,tv_control,打开自动调整摄像头,smart_camera,"{""device"": """", ""location"": """", ""object"": ""自动调整摄像头"", ""operation"": ""打开"", ""value"": """"}",smart_camera,"{""device"": """", ""location"": """", ""object"": ""自动调整摄像头"", ""operation"": ""打开"", ""value"": """"}",Y,Y,Y,
设备,设备789,tv_control,启动自动调整摄像头,smart_camera,"{""device"": """", ""location"": """", ""object"": ""自动调整摄像头"", ""operation"": ""打开"", ""value"": """"}",smart_camera,"{""device"": """", ""location"": """", ""object"": ""自动调整摄像头"", ""operation"": ""打开"", ""value"": """"}",Y,Y,Y,
设备,设备790,tv_control,进入自动调整摄像头,smart_camera,"{""device"": """", ""location"": """", ""object"": ""自动调整摄像头"", ""operation"": ""打开"", ""value"": """"}",smart_camera,"{""device"": """", ""location"": """", ""object"": ""自动调整摄像头"", ""operation"": ""打开"", ""value"": """"}",Y,Y,Y,
设备,设备791,tv_control,打开摄像头控制开关,smart_camera,"{""device"": """", ""location"": """", ""object"": ""摄像头控制开关"", ""operation"": ""打开"", ""value"": """"}",smart_camera,"{""device"": """", ""location"": """", ""object"": ""摄像头控制开关"", ""operation"": ""打开"", ""value"": """"}",Y,Y,Y,
设备,设备792,tv_control,启动摄像头控制开关,smart_camera,"{""device"": """", ""location"": """", ""object"": ""摄像头控制开关"", ""operation"": ""打开"", ""value"": """"}",smart_camera,"{""device"": """", ""location"": """", ""object"": ""摄像头控制开关"", ""operation"": ""打开"", ""value"": """"}",Y,Y,Y,
设备,设备793,tv_control,进入摄像头控制开关,smart_camera,"{""device"": """", ""location"": """", ""object"": ""摄像头控制开关"", ""operation"": ""打开"", ""value"": """"}",smart_camera,"{""device"": """", ""location"": """", ""object"": ""摄像头控制开关"", ""operation"": ""打开"", ""value"": """"}",Y,Y,Y,
设备,设备794,tv_control,打开摄像头单次俯仰控制,smart_camera,"{""device"": """", ""location"": """", ""object"": ""摄像头单次俯仰控制"", ""operation"": ""打开"", ""value"": """"}",smart_camera,"{""device"": """", ""location"": """", ""object"": ""摄像头单次俯仰控制"", ""operation"": ""打开"", ""value"": """"}",Y,Y,Y,
设备,设备795,tv_control,启动摄像头单次俯仰控制,smart_camera,"{""device"": """", ""location"": """", ""object"": ""摄像头单次俯仰控制"", ""operation"": ""打开"", ""value"": """"}",smart_camera,"{""device"": """", ""location"": """", ""object"": ""摄像头单次俯仰控制"", ""operation"": ""打开"", ""value"": """"}",Y,Y,Y,
设备,设备796,tv_control,进入摄像头单次俯仰控制,smart_camera,"{""device"": """", ""location"": """", ""object"": ""摄像头单次俯仰控制"", ""operation"": ""打开"", ""value"": """"}",smart_camera,"{""device"": """", ""location"": """", ""object"": ""摄像头单次俯仰控制"", ""operation"": ""打开"", ""value"": """"}",Y,Y,Y,
设备,设备797,tv_control,打开手动控制摄像头锁帮助,smart_camera,"{""device"": """", ""location"": """", ""object"": ""手动控制摄像头锁帮助"", ""operation"": ""打开"", ""value"": """"}",smart_camera,"{""device"": """", ""location"": """", ""object"": ""手动控制摄像头锁帮助"", ""operation"": ""打开"", ""value"": """"}",Y,Y,Y,
设备,设备800,tv_control,打开云台摄像头使用模式,smart_camera,"{""device"": """", ""location"": """", ""object"": ""云台摄像头使用模式"", ""operation"": ""打开"", ""value"": """"}",smart_camera,"{""device"": """", ""location"": """", ""object"": ""云台摄像头使用模式"", ""operation"": ""打开"", ""value"": """"}",Y,Y,Y,
设备,设备799,tv_control,进入手动控制摄像头锁帮助,smart_camera,"{""device"": """", ""location"": """", ""object"": ""手动控制摄像头锁帮助"", ""operation"": ""打开"", ""value"": """"}",smart_camera,"{""device"": """", ""location"": """", ""object"": ""手动控制摄像头锁帮助"", ""operation"": ""打开"", ""value"": """"}",Y,Y,Y,
设备,设备798,tv_control,启动手动控制摄像头锁帮助,smart_camera,"{""device"": """", ""location"": """", ""object"": ""手动控制摄像头锁帮助"", ""operation"": ""打开"", ""value"": """"}",smart_camera,"{""device"": """", ""location"": """", ""object"": ""手动控制摄像头锁帮助"", ""operation"": ""打开"", ""value"": """"}",Y,Y,Y,
设备,设备801,tv_control,启动云台摄像头使用模式,smart_camera,"{""device"": """", ""location"": """", ""object"": ""云台摄像头使用模式"", ""operation"": ""打开"", ""value"": """"}",smart_camera,"{""device"": """", ""location"": """", ""object"": ""云台摄像头使用模式"", ""operation"": ""打开"", ""value"": """"}",Y,Y,Y,
设备,设备802,tv_control,进入云台摄像头使用模式,smart_camera,"{""device"": """", ""location"": """", ""object"": ""云台摄像头使用模式"", ""operation"": ""打开"", ""value"": """"}",smart_camera,"{""device"": """", ""location"": """", ""object"": ""云台摄像头使用模式"", ""operation"": ""打开"", ""value"": """"}",Y,Y,Y,
设备,设备803,tv_control,打开摄像头表情控制,smart_camera,"{""device"": """", ""location"": """", ""object"": ""摄像头表情控制"", ""operation"": ""打开"", ""value"": """"}",smart_camera,"{""device"": """", ""location"": """", ""object"": ""摄像头表情控制"", ""operation"": ""打开"", ""value"": """"}",Y,Y,Y,
设备,设备805,tv_control,启动摄像头表情控制,smart_camera,"{""device"": """", ""location"": """", ""object"": ""摄像头表情控制"", ""operation"": ""打开"", ""value"": """"}",smart_camera,"{""device"": """", ""location"": """", ""object"": ""摄像头表情控制"", ""operation"": ""打开"", ""value"": """"}",Y,Y,Y,
设备,设备804,tv_control,进入手动调整摄像头,smart_camera,"{""device"": """", ""location"": """", ""object"": ""手动调整摄像头"", ""operation"": ""打开"", ""value"": """"}",smart_camera,"{""device"": """", ""location"": """", ""object"": ""手动调整摄像头"", ""operation"": ""打开"", ""value"": """"}",Y,Y,Y,
设备,设备806,tv_control,进入摄像头表情控制,smart_camera,"{""device"": """", ""location"": """", ""object"": ""摄像头表情控制"", ""operation"": ""打开"", ""value"": """"}",smart_camera,"{""device"": """", ""location"": """", ""object"": ""摄像头表情控制"", ""operation"": ""打开"", ""value"": """"}",Y,Y,Y,
设备,设备807,tv_control,打开颜色主题定制,common_control,"{""device"": """", ""location"": """", ""object"": ""颜色主题定制"", ""operation"": ""打开"", ""value"": """"}",common_control,"{""device"": """", ""location"": """", ""object"": ""颜色主题定制"", ""operation"": ""打开"", ""value"": """"}",Y,Y,Y,
设备,设备808,tv_control,启动颜色主题定制,common_control,"{""device"": """", ""location"": """", ""object"": ""颜色主题定制"", ""operation"": ""打开"", ""value"": """"}",common_control,"{""device"": """", ""location"": """", ""object"": ""颜色主题定制"", ""operation"": ""打开"", ""value"": """"}",Y,Y,Y,
设备,设备809,tv_control,进入颜色主题定制,common_control,"{""device"": """", ""location"": """", ""object"": ""颜色主题定制"", ""operation"": ""打开"", ""value"": """"}",common_control,"{""device"": """", ""location"": """", ""object"": ""颜色主题定制"", ""operation"": ""打开"", ""value"": """"}",Y,Y,Y,
设备,设备810,tv_control,打开本机信息,common_control,"{""device"": """", ""location"": """", ""object"": ""本机信息"", ""operation"": ""打开"", ""value"": """"}",common_control,"{""device"": """", ""location"": """", ""object"": ""本机信息"", ""operation"": ""打开"", ""value"": """"}",Y,Y,Y,
设备,设备811,tv_control,启动本机信息,common_control,"{""device"": """", ""location"": """", ""object"": ""本机信息"", ""operation"": ""打开"", ""value"": """"}",common_control,"{""device"": """", ""location"": """", ""object"": ""本机信息"", ""operation"": ""打开"", ""value"": """"}",Y,Y,Y,
设备,设备812,tv_control,进入本机信息,common_control,"{""device"": """", ""location"": """", ""object"": ""本机信息"", ""operation"": ""打开"", ""value"": """"}",common_control,"{""device"": """", ""location"": """", ""object"": ""本机信息"", ""operation"": ""打开"", ""value"": """"}",Y,Y,Y,
设备,设备813,tv_control,打开几何校正,display_control,"{""device"": """", ""location"": """", ""object"": ""几何校正"", ""operation"": ""打开"", ""value"": """"}",display_control,"{""device"": """", ""location"": """", ""object"": ""几何校正"", ""operation"": ""打开"", ""value"": """"}",Y,Y,Y,
设备,设备814,tv_control,启动几何校正,display_control,"{""device"": """", ""location"": """", ""object"": ""几何校正"", ""operation"": ""打开"", ""value"": """"}",display_control,"{""device"": """", ""location"": """", ""object"": ""几何校正"", ""operation"": ""打开"", ""value"": """"}",Y,Y,Y,
设备,设备815,tv_control,进入几何校正,display_control,"{""device"": """", ""location"": """", ""object"": ""几何校正"", ""operation"": ""打开"", ""value"": """"}",display_control,"{""device"": """", ""location"": """", ""object"": ""几何校正"", ""operation"": ""打开"", ""value"": """"}",Y,Y,Y,
设备,设备816,tv_control,打开屏幕校正,display_control,"{""device"": """", ""location"": """", ""object"": ""屏幕校正"", ""operation"": ""打开"", ""value"": """"}",display_control,"{""device"": """", ""location"": """", ""object"": ""屏幕校正"", ""operation"": ""打开"", ""value"": """"}",Y,Y,Y,
设备,设备817,tv_control,启动屏幕校正,display_control,"{""device"": """", ""location"": """", ""object"": ""屏幕校正"", ""operation"": ""打开"", ""value"": """"}",display_control,"{""device"": """", ""location"": """", ""object"": ""屏幕校正"", ""operation"": ""打开"", ""value"": """"}",Y,Y,Y,
设备,设备818,tv_control,进入屏幕校正,display_control,"{""device"": """", ""location"": """", ""object"": ""屏幕校正"", ""operation"": ""打开"", ""value"": """"}",display_control,"{""device"": """", ""location"": """", ""object"": ""屏幕校正"", ""operation"": ""打开"", ""value"": """"}",Y,Y,Y,
设备,设备820,tv_control,启动cec开关,common_control,"{""device"": """", ""location"": """", ""object"": ""cec开关"", ""operation"": ""打开"", ""value"": """"}",common_control,"{""device"": """", ""location"": """", ""object"": ""cec开关"", ""operation"": ""打开"", ""value"": """"}",Y,Y,Y,
设备,设备819,tv_control,打开cec开关,common_control,"{""device"": """", ""location"": """", ""object"": ""cec开关"", ""operation"": ""打开"", ""value"": """"}",common_control,"{""device"": """", ""location"": """", ""object"": ""cec开关"", ""operation"": ""打开"", ""value"": """"}",Y,Y,Y,
设备,设备821,tv_control,进入cec开关,common_control,"{""device"": """", ""location"": """", ""object"": ""cec开关"", ""operation"": ""打开"", ""value"": """"}",common_control,"{""device"": """", ""location"": """", ""object"": ""cec开关"", ""operation"": ""打开"", ""value"": """"}",Y,Y,Y,
设备,设备822,tv_control,打开防射眼,display_control,"{""device"": """", ""location"": """", ""object"": ""防射眼"", ""operation"": ""打开"", ""value"": """"}",display_control,"{""device"": """", ""location"": """", ""object"": ""防射眼"", ""operation"": ""打开"", ""value"": """"}",Y,Y,Y,
设备,设备823,tv_control,启动防射眼,display_control,"{""device"": """", ""location"": """", ""object"": ""防射眼"", ""operation"": ""打开"", ""value"": """"}",display_control,"{""device"": """", ""location"": """", ""object"": ""防射眼"", ""operation"": ""打开"", ""value"": """"}",Y,Y,Y,
设备,设备825,tv_control,打开商场模式,mode_control,"{""device"": """", ""location"": """", ""object"": ""商场模式"", ""operation"": ""打开"", ""value"": """"}",mode_control,"{""device"": """", ""location"": """", ""object"": ""商场模式"", ""operation"": ""打开"", ""value"": """"}",Y,Y,Y,
设备,设备824,tv_control,进入防射眼,display_control,"{""device"": """", ""location"": """", ""object"": ""防射眼"", ""operation"": ""打开"", ""value"": """"}",display_control,"{""device"": """", ""location"": """", ""object"": ""防射眼"", ""operation"": ""打开"", ""value"": """"}",Y,Y,Y,
设备,设备826,tv_control,启动商场模式,mode_control,"{""device"": """", ""location"": """", ""object"": ""商场模式"", ""operation"": ""打开"", ""value"": """"}",mode_control,"{""device"": """", ""location"": """", ""object"": ""商场模式"", ""operation"": ""打开"", ""value"": """"}",Y,Y,Y,
设备,设备828,tv_control,打开区域设置,common_control,"{""device"": """", ""location"": """", ""object"": ""区域设置"", ""operation"": ""打开"", ""value"": """"}",common_control,"{""device"": """", ""location"": """", ""object"": ""区域设置"", ""operation"": ""打开"", ""value"": """"}",Y,Y,Y,
设备,设备829,tv_control,启动区域设置,common_control,"{""device"": """", ""location"": """", ""object"": ""区域设置"", ""operation"": ""打开"", ""value"": """"}",common_control,"{""device"": """", ""location"": """", ""object"": ""区域设置"", ""operation"": ""打开"", ""value"": """"}",Y,Y,Y,
设备,设备827,tv_control,进入商场模式,mode_control,"{""device"": """", ""location"": """", ""object"": ""商场模式"", ""operation"": ""打开"", ""value"": """"}",mode_control,"{""device"": """", ""location"": """", ""object"": ""商场模式"", ""operation"": ""打开"", ""value"": """"}",Y,Y,Y,
设备,设备830,tv_control,进入区域设置,common_control,"{""device"": """", ""location"": """", ""object"": ""区域设置"", ""operation"": ""打开"", ""value"": """"}",common_control,"{""device"": """", ""location"": """", ""object"": ""区域设置"", ""operation"": ""打开"", ""value"": """"}",Y,Y,Y,
设备,设备831,tv_control,打开护眼模式,mode_control,"{""device"": """", ""location"": """", ""object"": ""护眼模式"", ""operation"": ""打开"", ""value"": """"}",mode_control,"{""device"": """", ""location"": """", ""object"": ""护眼模式"", ""operation"": ""打开"", ""value"": """"}",Y,Y,Y,
设备,设备832,tv_control,启动护眼模式,mode_control,"{""device"": """", ""location"": """", ""object"": ""护眼模式"", ""operation"": ""打开"", ""value"": """"}",mode_control,"{""device"": """", ""location"": """", ""object"": ""护眼模式"", ""operation"": ""打开"", ""value"": """"}",Y,Y,Y,
设备,设备833,tv_control,进入护眼模式,mode_control,"{""device"": """", ""location"": """", ""object"": ""护眼模式"", ""operation"": ""打开"", ""value"": """"}",mode_control,"{""device"": """", ""location"": """", ""object"": ""护眼模式"", ""operation"": ""打开"", ""value"": """"}",Y,Y,Y,
设备,设备834,tv_control,打开白平衡增益设置,display_control,"{""device"": """", ""location"": """", ""object"": ""白平衡增益设置"", ""operation"": ""打开"", ""value"": """"}",display_control,"{""device"": """", ""location"": """", ""object"": ""白平衡增益设置"", ""operation"": ""打开"", ""value"": """"}",Y,Y,Y,
设备,设备835,tv_control,启动白平衡增益设置,display_control,"{""device"": """", ""location"": """", ""object"": ""白平衡增益设置"", ""operation"": ""打开"", ""value"": """"}",display_control,"{""device"": """", ""location"": """", ""object"": ""白平衡增益设置"", ""operation"": ""打开"", ""value"": """"}",Y,Y,Y,
设备,设备836,tv_control,进入白平衡增益设置,display_control,"{""device"": """", ""location"": """", ""object"": ""白平衡增益设置"", ""operation"": ""打开"", ""value"": """"}",display_control,"{""device"": """", ""location"": """", ""object"": ""白平衡增益设置"", ""operation"": ""打开"", ""value"": """"}",Y,Y,Y,
设备,设备837,tv_control,打开运动图像补偿流畅设置,display_control,"{""device"": """", ""location"": """", ""object"": ""运动图像补偿流畅设置"", ""operation"": ""打开"", ""value"": """"}",display_control,"{""device"": """", ""location"": """", ""object"": ""运动图像补偿流畅设置"", ""operation"": ""打开"", ""value"": """"}",Y,Y,Y,
设备,设备840,tv_control,打开wifi全时推送,network_control,"{""device"": """", ""location"": """", ""object"": ""wifi全时推送"", ""operation"": ""打开"", ""value"": """"}",network_control,"{""device"": """", ""location"": """", ""object"": ""wifi全时推送"", ""operation"": ""打开"", ""value"": """"}",Y,Y,Y,
设备,设备838,tv_control,启动运动图像补偿流畅设置,display_control,"{""device"": """", ""location"": """", ""object"": ""运动图像补偿流畅设置"", ""operation"": ""打开"", ""value"": """"}",display_control,"{""device"": """", ""location"": """", ""object"": ""运动图像补偿流畅设置"", ""operation"": ""打开"", ""value"": """"}",Y,Y,Y,
设备,设备839,tv_control,进入运动图像补偿流畅设置,display_control,"{""device"": """", ""location"": """", ""object"": ""运动图像补偿流畅设置"", ""operation"": ""打开"", ""value"": """"}",display_control,"{""device"": """", ""location"": """", ""object"": ""运动图像补偿流畅设置"", ""operation"": ""打开"", ""value"": """"}",Y,Y,Y,
设备,设备841,tv_control,启动wifi全时推送,network_control,"{""device"": """", ""location"": """", ""object"": ""wifi全时推送"", ""operation"": ""打开"", ""value"": """"}",network_control,"{""device"": """", ""location"": """", ""object"": ""wifi全时推送"", ""operation"": ""打开"", ""value"": """"}",Y,Y,Y,
设备,设备842,tv_control,进入wifi全时推送,network_control,"{""device"": """", ""location"": """", ""object"": ""wifi全时推送"", ""operation"": ""打开"", ""value"": """"}",network_control,"{""device"": """", ""location"": """", ""object"": ""wifi全时推送"", ""operation"": ""打开"", ""value"": """"}",Y,Y,Y,
设备,设备844,tv_control,启动杜比全景声,audio_control,"{""device"": """", ""location"": """", ""object"": ""杜比全景声"", ""operation"": ""打开"", ""value"": """"}",audio_control,"{""device"": """", ""location"": """", ""object"": ""杜比全景声"", ""operation"": ""打开"", ""value"": """"}",Y,Y,Y,
设备,设备843,tv_control,打开杜比全景声,audio_control,"{""device"": """", ""location"": """", ""object"": ""杜比全景声"", ""operation"": ""打开"", ""value"": """"}",audio_control,"{""device"": """", ""location"": """", ""object"": ""杜比全景声"", ""operation"": ""打开"", ""value"": """"}",Y,Y,Y,
设备,设备845,tv_control,进入杜比全景声,audio_control,"{""device"": """", ""location"": """", ""object"": ""杜比全景声"", ""operation"": ""打开"", ""value"": """"}",audio_control,"{""device"": """", ""location"": """", ""object"": ""杜比全景声"", ""operation"": ""打开"", ""value"": """"}",Y,Y,Y,
设备,设备846,tv_control,打开全景声音量控制,audio_control,"{""device"": """", ""location"": """", ""object"": ""全景声音量控制"", ""operation"": ""打开"", ""value"": """"}",audio_control,"{""device"": """", ""location"": """", ""object"": ""全景声音量控制"", ""operation"": ""打开"", ""value"": """"}",Y,Y,Y,
设备,设备849,tv_control,打开按键音,audio_control,"{""device"": """", ""location"": """", ""object"": ""按键音"", ""operation"": ""打开"", ""value"": """"}",audio_control,"{""device"": """", ""location"": """", ""object"": ""按键音"", ""operation"": ""打开"", ""value"": """"}",Y,Y,Y,
设备,设备847,tv_control,启动全景声音量控制,audio_control,"{""device"": """", ""location"": """", ""object"": ""全景声音量控制"", ""operation"": ""打开"", ""value"": """"}",audio_control,"{""device"": """", ""location"": """", ""object"": ""全景声音量控制"", ""operation"": ""打开"", ""value"": """"}",Y,Y,Y,
设备,设备851,tv_control,进入按键音,audio_control,"{""device"": """", ""location"": """", ""object"": ""按键音"", ""operation"": ""打开"", ""value"": """"}",audio_control,"{""device"": """", ""location"": """", ""object"": ""按键音"", ""operation"": ""打开"", ""value"": """"}",Y,Y,Y,
设备,设备848,tv_control,进入全景声音量控制,audio_control,"{""device"": """", ""location"": """", ""object"": ""全景声音量控制"", ""operation"": ""打开"", ""value"": """"}",audio_control,"{""device"": """", ""location"": """", ""object"": ""全景声音量控制"", ""operation"": ""打开"", ""value"": """"}",Y,Y,Y,
设备,设备850,tv_control,启动按键音,audio_control,"{""device"": """", ""location"": """", ""object"": ""按键音"", ""operation"": ""打开"", ""value"": """"}",audio_control,"{""device"": """", ""location"": """", ""object"": ""按键音"", ""operation"": ""打开"", ""value"": """"}",Y,Y,Y,
设备,设备853,tv_control,启动网络信息,network_control,"{""device"": """", ""location"": """", ""object"": ""网络信息"", ""operation"": ""打开"", ""value"": """"}",network_control,"{""device"": """", ""location"": """", ""object"": ""网络信息"", ""operation"": ""打开"", ""value"": """"}",Y,Y,Y,
设备,设备852,tv_control,打开网络信息,network_control,"{""device"": """", ""location"": """", ""object"": ""网络信息"", ""operation"": ""打开"", ""value"": """"}",network_control,"{""device"": """", ""location"": """", ""object"": ""网络信息"", ""operation"": ""打开"", ""value"": """"}",Y,Y,Y,
设备,设备854,tv_control,进入网络信息,network_control,"{""device"": """", ""location"": """", ""object"": ""网络信息"", ""operation"": ""打开"", ""value"": """"}",network_control,"{""device"": """", ""location"": """", ""object"": ""网络信息"", ""operation"": ""打开"", ""value"": """"}",Y,Y,Y,
设备,设备855,tv_control,打开遥控器喜爱键,common_control,"{""device"": """", ""location"": """", ""object"": ""遥控器喜爱键"", ""operation"": ""打开"", ""value"": """"}",common_control,"{""device"": """", ""location"": """", ""object"": ""遥控器喜爱键"", ""operation"": ""打开"", ""value"": """"}",Y,Y,Y,
设备,设备856,tv_control,启动遥控器喜爱键,common_control,"{""device"": """", ""location"": """", ""object"": ""遥控器喜爱键"", ""operation"": ""打开"", ""value"": """"}",common_control,"{""device"": """", ""location"": """", ""object"": ""遥控器喜爱键"", ""operation"": ""打开"", ""value"": """"}",Y,Y,Y,
设备,设备857,tv_control,进入遥控器喜爱键,common_control,"{""device"": """", ""location"": """", ""object"": ""遥控器喜爱键"", ""operation"": ""打开"", ""value"": """"}",common_control,"{""device"": """", ""location"": """", ""object"": ""遥控器喜爱键"", ""operation"": ""打开"", ""value"": """"}",Y,Y,Y,
设备,设备858,tv_control,打开遥控器直播键,common_control,"{""device"": """", ""location"": """", ""object"": ""遥控器直播键"", ""operation"": ""打开"", ""value"": """"}",common_control,"{""device"": """", ""location"": """", ""object"": ""遥控器直播键"", ""operation"": ""打开"", ""value"": """"}",Y,Y,Y,
设备,设备859,tv_control,启动遥控器直播键,common_control,"{""device"": """", ""location"": """", ""object"": ""遥控器直播键"", ""operation"": ""打开"", ""value"": """"}",common_control,"{""device"": """", ""location"": """", ""object"": ""遥控器直播键"", ""operation"": ""打开"", ""value"": """"}",Y,Y,Y,
设备,设备860,tv_control,进入遥控器直播键,common_control,"{""device"": """", ""location"": """", ""object"": ""遥控器直播键"", ""operation"": ""打开"", ""value"": """"}",common_control,"{""device"": """", ""location"": """", ""object"": ""遥控器直播键"", ""operation"": ""打开"", ""value"": """"}",Y,Y,Y,
设备,设备861,tv_control,打开屏保选择,screensaver_control,"{""device"": """", ""location"": """", ""object"": ""屏保选择"", ""operation"": ""打开"", ""value"": """"}",screensaver_control,"{""device"": """", ""location"": """", ""object"": ""屏保选择"", ""operation"": ""打开"", ""value"": """"}",Y,Y,Y,
设备,设备862,tv_control,启动屏保选择,screensaver_control,"{""device"": """", ""location"": """", ""object"": ""屏保选择"", ""operation"": ""打开"", ""value"": """"}",screensaver_control,"{""device"": """", ""location"": """", ""object"": ""屏保选择"", ""operation"": ""打开"", ""value"": """"}",Y,Y,Y,
设备,设备863,tv_control,进入屏保选择,screensaver_control,"{""device"": """", ""location"": """", ""object"": ""屏保选择"", ""operation"": ""打开"", ""value"": """"}",screensaver_control,"{""device"": """", ""location"": """", ""object"": ""屏保选择"", ""operation"": ""打开"", ""value"": """"}",Y,Y,Y,
设备,设备864,tv_control,打开遥控器快捷键,common_control,"{""device"": """", ""location"": """", ""object"": ""遥控器快捷键"", ""operation"": ""打开"", ""value"": """"}",common_control,"{""device"": """", ""location"": """", ""object"": ""遥控器快捷键"", ""operation"": ""打开"", ""value"": """"}",Y,Y,Y,
设备,设备865,tv_control,启动遥控器快捷键,common_control,"{""device"": """", ""location"": """", ""object"": ""遥控器快捷键"", ""operation"": ""打开"", ""value"": """"}",common_control,"{""device"": """", ""location"": """", ""object"": ""遥控器快捷键"", ""operation"": ""打开"", ""value"": """"}",Y,Y,Y,
设备,设备866,tv_control,进入遥控器快捷键,common_control,"{""device"": """", ""location"": """", ""object"": ""遥控器快捷键"", ""operation"": ""打开"", ""value"": """"}",common_control,"{""device"": """", ""location"": """", ""object"": ""遥控器快捷键"", ""operation"": ""打开"", ""value"": """"}",Y,Y,Y,
设备,设备867,tv_control,打开待机灯效,common_control,"{""device"": """", ""location"": """", ""object"": ""待机灯效"", ""operation"": ""打开"", ""value"": """"}",common_control,"{""device"": """", ""location"": """", ""object"": ""待机灯效"", ""operation"": ""打开"", ""value"": """"}",Y,Y,Y,
设备,设备868,tv_control,启动待机灯效,common_control,"{""device"": """", ""location"": """", ""object"": ""待机灯效"", ""operation"": ""打开"", ""value"": """"}",common_control,"{""device"": """", ""location"": """", ""object"": ""待机灯效"", ""operation"": ""打开"", ""value"": """"}",Y,Y,Y,
设备,设备869,tv_control,进入待机灯效,common_control,"{""device"": """", ""location"": """", ""object"": ""待机灯效"", ""operation"": ""打开"", ""value"": """"}",common_control,"{""device"": """", ""location"": """", ""object"": ""待机灯效"", ""operation"": ""打开"", ""value"": """"}",Y,Y,Y,
设备,设备871,tv_control,启动开机灯效,common_control,"{""device"": """", ""location"": """", ""object"": ""开机灯效"", ""operation"": ""打开"", ""value"": """"}",common_control,"{""device"": """", ""location"": """", ""object"": ""开机灯效"", ""operation"": ""打开"", ""value"": """"}",Y,Y,Y,
设备,设备870,tv_control,打开开机灯效,common_control,"{""device"": """", ""location"": """", ""object"": ""开机灯效"", ""operation"": ""打开"", ""value"": """"}",common_control,"{""device"": """", ""location"": """", ""object"": ""开机灯效"", ""operation"": ""打开"", ""value"": """"}",Y,Y,Y,
设备,设备872,tv_control,进入开机灯效,common_control,"{""device"": """", ""location"": """", ""object"": ""开机灯效"", ""operation"": ""打开"", ""value"": """"}",common_control,"{""device"": """", ""location"": """", ""object"": ""开机灯效"", ""operation"": ""打开"", ""value"": """"}",Y,Y,Y,
设备,设备875,tv_control,进入输入法,common_control,"{""device"": """", ""location"": """", ""object"": ""输入法"", ""operation"": ""打开"", ""value"": """"}",common_control,"{""device"": """", ""location"": """", ""object"": ""输入法"", ""operation"": ""打开"", ""value"": """"}",Y,Y,Y,
设备,设备873,tv_control,打开输入法,common_control,"{""device"": """", ""location"": """", ""object"": ""输入法"", ""operation"": ""打开"", ""value"": """"}",common_control,"{""device"": """", ""location"": """", ""object"": ""输入法"", ""operation"": ""打开"", ""value"": """"}",Y,Y,Y,
设备,设备874,tv_control,启动输入法,common_control,"{""device"": """", ""location"": """", ""object"": ""输入法"", ""operation"": ""打开"", ""value"": """"}",common_control,"{""device"": """", ""location"": """", ""object"": ""输入法"", ""operation"": ""打开"", ""value"": """"}",Y,Y,Y,
设备,设备876,tv_control,打开一触即播,common_control,"{""device"": """", ""location"": """", ""object"": ""一触即播"", ""operation"": ""打开"", ""value"": """"}",common_control,"{""device"": """", ""location"": """", ""object"": ""一触即播"", ""operation"": ""打开"", ""value"": """"}",Y,Y,Y,
设备,设备880,tv_control,启动软件更新,common_control,"{""device"": """", ""location"": """", ""object"": ""软件更新"", ""operation"": ""打开"", ""value"": """"}",common_control,"{""device"": """", ""location"": """", ""object"": ""软件更新"", ""operation"": ""打开"", ""value"": """"}",Y,Y,Y,
设备,设备877,tv_control,启动一触即播,common_control,"{""device"": """", ""location"": """", ""object"": ""一触即播"", ""operation"": ""打开"", ""value"": """"}",common_control,"{""device"": """", ""location"": """", ""object"": ""一触即播"", ""operation"": ""打开"", ""value"": """"}",Y,Y,Y,
设备,设备879,tv_control,打开软件更新,common_control,"{""device"": """", ""location"": """", ""object"": ""软件更新"", ""operation"": ""打开"", ""value"": """"}",common_control,"{""device"": """", ""location"": """", ""object"": ""软件更新"", ""operation"": ""打开"", ""value"": """"}",Y,Y,Y,
设备,设备878,tv_control,进入一触即播,common_control,"{""device"": """", ""location"": """", ""object"": ""一触即播"", ""operation"": ""打开"", ""value"": """"}",common_control,"{""device"": """", ""location"": """", ""object"": ""一触即播"", ""operation"": ""打开"", ""value"": """"}",Y,Y,Y,
设备,设备881,tv_control,进入软件更新,common_control,"{""device"": """", ""location"": """", ""object"": ""软件更新"", ""operation"": ""打开"", ""value"": """"}",common_control,"{""device"": """", ""location"": """", ""object"": ""软件更新"", ""operation"": ""打开"", ""value"": """"}",Y,Y,Y,
设备,设备882,tv_control,打开系统更新,common_control,"{""device"": """", ""location"": """", ""object"": ""系统更新"", ""operation"": ""打开"", ""value"": """"}",common_control,"{""device"": """", ""location"": """", ""object"": ""系统更新"", ""operation"": ""打开"", ""value"": """"}",Y,Y,Y,
设备,设备883,tv_control,启动系统更新,common_control,"{""device"": """", ""location"": """", ""object"": ""系统更新"", ""operation"": ""打开"", ""value"": """"}",common_control,"{""device"": """", ""location"": """", ""object"": ""系统更新"", ""operation"": ""打开"", ""value"": """"}",Y,Y,Y,
设备,设备884,tv_control,进入系统更新,common_control,"{""device"": """", ""location"": """", ""object"": ""系统更新"", ""operation"": ""打开"", ""value"": """"}",common_control,"{""device"": """", ""location"": """", ""object"": ""系统更新"", ""operation"": ""打开"", ""value"": """"}",Y,Y,Y,
设备,设备885,tv_control,打开服务协议,common_control,"{""device"": """", ""location"": """", ""object"": ""服务协议"", ""operation"": ""打开"", ""value"": """"}",common_control,"{""device"": """", ""location"": """", ""object"": ""服务协议"", ""operation"": ""打开"", ""value"": """"}",Y,Y,Y,
设备,设备886,tv_control,启动服务协议,common_control,"{""device"": """", ""location"": """", ""object"": ""服务协议"", ""operation"": ""打开"", ""value"": """"}",common_control,"{""device"": """", ""location"": """", ""object"": ""服务协议"", ""operation"": ""打开"", ""value"": """"}",Y,Y,Y,
设备,设备887,tv_control,进入服务协议,common_control,"{""device"": """", ""location"": """", ""object"": ""服务协议"", ""operation"": ""打开"", ""value"": """"}",common_control,"{""device"": """", ""location"": """", ""object"": ""服务协议"", ""operation"": ""打开"", ""value"": """"}",Y,Y,Y,
设备,设备890,tv_control,打开ai环境模式,common_control,"{""device"": """", ""location"": """", ""object"": ""ai环境模式"", ""operation"": ""打开"", ""value"": """"}",common_control,"{""device"": """", ""location"": """", ""object"": ""ai环境模式"", ""operation"": ""打开"", ""value"": """"}",Y,Y,Y,
设备,设备889,tv_control,启动恢复出厂设置,common_control,"{""device"": """", ""location"": """", ""object"": ""恢复出厂设置"", ""operation"": ""打开"", ""value"": """"}",common_control,"{""device"": """", ""location"": """", ""object"": ""恢复出厂设置"", ""operation"": ""打开"", ""value"": """"}",Y,Y,Y,
设备,设备888,tv_control,打开恢复出厂设置,common_control,"{""device"": """", ""location"": """", ""object"": ""恢复出厂设置"", ""operation"": ""打开"", ""value"": """"}",common_control,"{""device"": """", ""location"": """", ""object"": ""恢复出厂设置"", ""operation"": ""打开"", ""value"": """"}",Y,Y,Y,
设备,设备892,tv_control,打开全场景麦克设置,audio_control,"{""device"": """", ""location"": """", ""object"": ""全场景麦克设置"", ""operation"": ""打开"", ""value"": """"}",audio_control,"{""device"": """", ""location"": """", ""object"": ""全场景麦克设置"", ""operation"": ""打开"", ""value"": """"}",Y,Y,Y,
设备,设备891,tv_control,进入ai环境模式,common_control,"{""device"": """", ""location"": """", ""object"": ""ai环境模式"", ""operation"": ""打开"", ""value"": """"}",common_control,"{""device"": """", ""location"": """", ""object"": ""ai环境模式"", ""operation"": ""打开"", ""value"": """"}",Y,Y,Y,
设备,设备893,tv_control,启动全场景麦克设置,audio_control,"{""device"": """", ""location"": """", ""object"": ""全场景麦克设置"", ""operation"": ""打开"", ""value"": """"}",audio_control,"{""device"": """", ""location"": """", ""object"": ""全场景麦克设置"", ""operation"": ""打开"", ""value"": """"}",Y,Y,Y,
设备,设备895,tv_control,打开麦克音量,numeric_adjust,"{""device"": """", ""location"": """", ""object"": ""麦克音量"", ""operation"": ""打开"", ""value"": """"}",numeric_adjust,"{""device"": """", ""location"": """", ""object"": ""麦克音量"", ""operation"": ""打开"", ""value"": """"}",Y,Y,Y,
设备,设备894,tv_control,进入全场景麦克设置,audio_control,"{""device"": """", ""location"": """", ""object"": ""全场景麦克设置"", ""operation"": ""打开"", ""value"": """"}",audio_control,"{""device"": """", ""location"": """", ""object"": ""全场景麦克设置"", ""operation"": ""打开"", ""value"": """"}",Y,Y,Y,
设备,设备896,tv_control,启动麦克音量,numeric_adjust,"{""device"": """", ""location"": """", ""object"": ""麦克音量"", ""operation"": ""打开"", ""value"": """"}",numeric_adjust,"{""device"": """", ""location"": """", ""object"": ""麦克音量"", ""operation"": ""打开"", ""value"": """"}",Y,Y,Y,
设备,设备897,tv_control,进入麦克音量,numeric_adjust,"{""device"": """", ""location"": """", ""object"": ""麦克音量"", ""operation"": ""打开"", ""value"": """"}",numeric_adjust,"{""device"": """", ""location"": """", ""object"": ""麦克音量"", ""operation"": ""打开"", ""value"": """"}",Y,Y,Y,
设备,设备898,tv_control,打开混响模式,mode_control,"{""device"": """", ""location"": """", ""object"": ""混响模式"", ""operation"": ""打开"", ""value"": """"}",mode_control,"{""device"": """", ""location"": """", ""object"": ""混响模式"", ""operation"": ""打开"", ""value"": """"}",Y,Y,Y,
设备,设备899,tv_control,启动混响模式,mode_control,"{""device"": """", ""location"": """", ""object"": ""混响模式"", ""operation"": ""打开"", ""value"": """"}",mode_control,"{""device"": """", ""location"": """", ""object"": ""混响模式"", ""operation"": ""打开"", ""value"": """"}",Y,Y,Y,
设备,设备900,tv_control,进入混响模式,mode_control,"{""device"": """", ""location"": """", ""object"": ""混响模式"", ""operation"": ""打开"", ""value"": """"}",mode_control,"{""device"": """", ""location"": """", ""object"": ""混响模式"", ""operation"": ""打开"", ""value"": """"}",Y,Y,Y,
设备,设备901,tv_control,打开摄像头设置,smart_camera,"{""device"": """", ""location"": """", ""object"": ""摄像头设置"", ""operation"": ""打开"", ""value"": """"}",smart_camera,"{""device"": """", ""location"": """", ""object"": ""摄像头设置"", ""operation"": ""打开"", ""value"": """"}",Y,Y,Y,
设备,设备902,tv_control,启动摄像头设置,smart_camera,"{""device"": """", ""location"": """", ""object"": ""摄像头设置"", ""operation"": ""打开"", ""value"": """"}",smart_camera,"{""device"": """", ""location"": """", ""object"": ""摄像头设置"", ""operation"": ""打开"", ""value"": """"}",Y,Y,Y,
设备,设备903,tv_control,进入摄像头设置,smart_camera,"{""device"": """", ""location"": """", ""object"": ""摄像头设置"", ""operation"": ""打开"", ""value"": """"}",smart_camera,"{""device"": """", ""location"": """", ""object"": ""摄像头设置"", ""operation"": ""打开"", ""value"": """"}",Y,Y,Y,
设备,设备904,tv_control,进入恢复出厂设置,common_control,"{""device"": """", ""location"": """", ""object"": ""恢复出厂设置"", ""operation"": ""打开"", ""value"": """"}",common_control,"{""device"": """", ""location"": """", ""object"": ""恢复出厂设置"", ""operation"": ""打开"", ""value"": """"}",Y,Y,Y,
设备,设备905,tv_control,启动ai环境模式,common_control,"{""device"": """", ""location"": """", ""object"": ""ai环境模式"", ""operation"": ""打开"", ""value"": """"}",common_control,"{""device"": """", ""location"": """", ""object"": ""ai环境模式"", ""operation"": ""打开"", ""value"": """"}",Y,Y,Y,
设备,设备906,tv_control,打开定时屏保,screensaver_control,"{""device"": """", ""location"": """", ""object"": ""定时屏保"", ""operation"": ""打开"", ""value"": """"}",screensaver_control,"{""device"": """", ""location"": """", ""object"": ""定时屏保"", ""operation"": ""打开"", ""value"": """"}",Y,Y,Y,
设备,设备907,tv_control,启动定时屏保,screensaver_control,"{""device"": """", ""location"": """", ""object"": ""定时屏保"", ""operation"": ""打开"", ""value"": """"}",screensaver_control,"{""device"": """", ""location"": """", ""object"": ""定时屏保"", ""operation"": ""打开"", ""value"": """"}",Y,Y,Y,
设备,设备908,tv_control,进入定时屏保,screensaver_control,"{""device"": """", ""location"": """", ""object"": ""定时屏保"", ""operation"": ""打开"", ""value"": """"}",screensaver_control,"{""device"": """", ""location"": """", ""object"": ""定时屏保"", ""operation"": ""打开"", ""value"": """"}",Y,Y,Y,
设备,设备909,tv_control,打开手势控制,smart_camera,"{""device"": """", ""location"": """", ""object"": ""手势控制"", ""operation"": ""打开"", ""value"": """"}",smart_camera,"{""device"": """", ""location"": """", ""object"": ""手势控制"", ""operation"": ""打开"", ""value"": """"}",Y,Y,Y,
设备,设备910,tv_control,启动手势控制,smart_camera,"{""device"": """", ""location"": """", ""object"": ""手势控制"", ""operation"": ""打开"", ""value"": """"}",smart_camera,"{""device"": """", ""location"": """", ""object"": ""手势控制"", ""operation"": ""打开"", ""value"": """"}",Y,Y,Y,
设备,设备911,tv_control,进入手势控制,smart_camera,"{""device"": """", ""location"": """", ""object"": ""手势控制"", ""operation"": ""打开"", ""value"": """"}",smart_camera,"{""device"": """", ""location"": """", ""object"": ""手势控制"", ""operation"": ""打开"", ""value"": """"}",Y,Y,Y,
设备,设备912,tv_control,打开会议模式,mode_control,"{""device"": """", ""location"": """", ""object"": ""会议模式"", ""operation"": ""打开"", ""value"": """"}",mode_control,"{""device"": """", ""location"": """", ""object"": ""会议模式"", ""operation"": ""打开"", ""value"": """"}",Y,Y,Y,
设备,设备916,tv_control,启动自动入幕,smart_camera,"{""device"": """", ""location"": """", ""object"": ""自动入幕"", ""operation"": ""打开"", ""value"": """"}",smart_camera,"{""device"": """", ""location"": """", ""object"": ""自动入幕"", ""operation"": ""打开"", ""value"": """"}",Y,Y,Y,
设备,设备913,tv_control,启动会议模式,mode_control,"{""device"": """", ""location"": """", ""object"": ""会议模式"", ""operation"": ""打开"", ""value"": """"}",mode_control,"{""device"": """", ""location"": """", ""object"": ""会议模式"", ""operation"": ""打开"", ""value"": """"}",Y,Y,Y,
设备,设备914,tv_control,进入会议模式,mode_control,"{""device"": """", ""location"": """", ""object"": ""会议模式"", ""operation"": ""打开"", ""value"": """"}",mode_control,"{""device"": """", ""location"": """", ""object"": ""会议模式"", ""operation"": ""打开"", ""value"": """"}",Y,Y,Y,
设备,设备915,tv_control,打开自动入幕,smart_camera,"{""device"": """", ""location"": """", ""object"": ""自动入幕"", ""operation"": ""打开"", ""value"": """"}",smart_camera,"{""device"": """", ""location"": """", ""object"": ""自动入幕"", ""operation"": ""打开"", ""value"": """"}",Y,Y,Y,
设备,设备917,tv_control,进入自动入幕,smart_camera,"{""device"": """", ""location"": """", ""object"": ""自动入幕"", ""operation"": ""打开"", ""value"": """"}",smart_camera,"{""device"": """", ""location"": """", ""object"": ""自动入幕"", ""operation"": ""打开"", ""value"": """"}",Y,Y,Y,
设备,设备920,tv_control,进入无线热点,network_control,"{""device"": """", ""location"": """", ""object"": ""无线热点"", ""operation"": ""打开"", ""value"": """"}",network_control,"{""device"": """", ""location"": """", ""object"": ""无线热点"", ""operation"": ""打开"", ""value"": """"}",Y,Y,Y,
设备,设备919,tv_control,启动无线热点,network_control,"{""device"": """", ""location"": """", ""object"": ""无线热点"", ""operation"": ""打开"", ""value"": """"}",network_control,"{""device"": """", ""location"": """", ""object"": ""无线热点"", ""operation"": ""打开"", ""value"": """"}",Y,Y,Y,
设备,设备918,tv_control,打开无线热点,network_control,"{""device"": """", ""location"": """", ""object"": ""无线热点"", ""operation"": ""打开"", ""value"": """"}",network_control,"{""device"": """", ""location"": """", ""object"": ""无线热点"", ""operation"": ""打开"", ""value"": """"}",Y,Y,Y,
设备,设备921,tv_control,打开待机唤醒,screensaver_control,"{""device"": """", ""location"": """", ""object"": ""待机唤醒"", ""operation"": ""打开"", ""value"": """"}",screensaver_control,"{""device"": """", ""location"": """", ""object"": ""待机唤醒"", ""operation"": ""打开"", ""value"": """"}",Y,Y,Y,
设备,设备922,tv_control,启动待机唤醒,screensaver_control,"{""device"": """", ""location"": """", ""object"": ""待机唤醒"", ""operation"": ""打开"", ""value"": """"}",screensaver_control,"{""device"": """", ""location"": """", ""object"": ""待机唤醒"", ""operation"": ""打开"", ""value"": """"}",Y,Y,Y,
设备,设备925,tv_control,启动内存提速,common_control,"{""device"": """", ""location"": """", ""object"": ""内存提速"", ""operation"": ""打开"", ""value"": """"}",common_control,"{""device"": """", ""location"": """", ""object"": ""内存提速"", ""operation"": ""打开"", ""value"": """"}",Y,Y,Y,
设备,设备924,tv_control,打开内存提速,common_control,"{""device"": """", ""location"": """", ""object"": ""内存提速"", ""operation"": ""打开"", ""value"": """"}",common_control,"{""device"": """", ""location"": """", ""object"": ""内存提速"", ""operation"": ""打开"", ""value"": """"}",Y,Y,Y,
设备,设备923,tv_control,进入待机唤醒,screensaver_control,"{""device"": """", ""location"": """", ""object"": ""待机唤醒"", ""operation"": ""打开"", ""value"": """"}",screensaver_control,"{""device"": """", ""location"": """", ""object"": ""待机唤醒"", ""operation"": ""打开"", ""value"": """"}",Y,Y,Y,
设备,设备926,tv_control,进入内存提速,common_control,"{""device"": """", ""location"": """", ""object"": ""内存提速"", ""operation"": ""打开"", ""value"": """"}",common_control,"{""device"": """", ""location"": """", ""object"": ""内存提速"", ""operation"": ""打开"", ""value"": """"}",Y,Y,Y,
设备,设备927,tv_control,打开卸载应用,common_control,"{""device"": """", ""location"": """", ""object"": ""卸载应用"", ""operation"": ""打开"", ""value"": """"}",common_control,"{""device"": """", ""location"": """", ""object"": ""卸载应用"", ""operation"": ""打开"", ""value"": """"}",Y,Y,Y,
设备,设备928,tv_control,启动卸载应用,common_control,"{""device"": """", ""location"": """", ""object"": ""卸载应用"", ""operation"": ""打开"", ""value"": """"}",common_control,"{""device"": """", ""location"": """", ""object"": ""卸载应用"", ""operation"": ""打开"", ""value"": """"}",Y,Y,Y,
设备,设备930,tv_control,打开垃圾清理,common_control,"{""device"": """", ""location"": """", ""object"": ""垃圾清理"", ""operation"": ""打开"", ""value"": """"}",common_control,"{""device"": """", ""location"": """", ""object"": ""垃圾清理"", ""operation"": ""打开"", ""value"": """"}",Y,Y,Y,
设备,设备929,tv_control,进入卸载应用,common_control,"{""device"": """", ""location"": """", ""object"": ""卸载应用"", ""operation"": ""打开"", ""value"": """"}",common_control,"{""device"": """", ""location"": """", ""object"": ""卸载应用"", ""operation"": ""打开"", ""value"": """"}",Y,Y,Y,
设备,设备931,tv_control,启动垃圾清理,common_control,"{""device"": """", ""location"": """", ""object"": ""垃圾清理"", ""operation"": ""打开"", ""value"": """"}",common_control,"{""device"": """", ""location"": """", ""object"": ""垃圾清理"", ""operation"": ""打开"", ""value"": """"}",Y,Y,Y,
设备,设备932,tv_control,进入垃圾清理,common_control,"{""device"": """", ""location"": """", ""object"": ""垃圾清理"", ""operation"": ""打开"", ""value"": """"}",common_control,"{""device"": """", ""location"": """", ""object"": ""垃圾清理"", ""operation"": ""打开"", ""value"": """"}",Y,Y,Y,
设备,设备933,tv_control,打开启动管理,common_control,"{""device"": """", ""location"": """", ""object"": ""启动管理"", ""operation"": ""打开"", ""value"": """"}",common_control,"{""device"": """", ""location"": """", ""object"": ""启动管理"", ""operation"": ""打开"", ""value"": """"}",Y,Y,Y,
设备,设备934,tv_control,启动启动管理,common_control,"{""device"": """", ""location"": """", ""object"": ""启动管理"", ""operation"": ""打开"", ""value"": """"}",common_control,"{""device"": """", ""location"": """", ""object"": ""启动管理"", ""operation"": ""打开"", ""value"": """"}",Y,Y,Y,
设备,设备936,tv_control,打开网络测速,network_control,"{""device"": """", ""location"": """", ""object"": ""网络测速"", ""operation"": ""打开"", ""value"": """"}",network_control,"{""device"": """", ""location"": """", ""object"": ""网络测速"", ""operation"": ""打开"", ""value"": """"}",Y,Y,Y,
设备,设备935,tv_control,进入启动管理,common_control,"{""device"": """", ""location"": """", ""object"": ""启动管理"", ""operation"": ""打开"", ""value"": """"}",common_control,"{""device"": """", ""location"": """", ""object"": ""启动管理"", ""operation"": ""打开"", ""value"": """"}",Y,Y,Y,
设备,设备937,tv_control,启动网络测速,network_control,"{""device"": """", ""location"": """", ""object"": ""网络测速"", ""operation"": ""打开"", ""value"": """"}",network_control,"{""device"": """", ""location"": """", ""object"": ""网络测速"", ""operation"": ""打开"", ""value"": """"}",Y,Y,Y,
设备,设备938,tv_control,进入网络测速,network_control,"{""device"": """", ""location"": """", ""object"": ""网络测速"", ""operation"": ""打开"", ""value"": """"}",network_control,"{""device"": """", ""location"": """", ""object"": ""网络测速"", ""operation"": ""打开"", ""value"": """"}",Y,Y,Y,
设备,设备939,tv_control,打开网络连接测试,network_control,"{""device"": """", ""location"": """", ""object"": ""网络连接测试"", ""operation"": ""打开"", ""value"": """"}",network_control,"{""device"": """", ""location"": """", ""object"": ""网络连接测试"", ""operation"": ""打开"", ""value"": """"}",Y,Y,Y,
设备,设备940,tv_control,启动网络连接测试,network_control,"{""device"": """", ""location"": """", ""object"": ""网络连接测试"", ""operation"": ""打开"", ""value"": """"}",network_control,"{""device"": """", ""location"": """", ""object"": ""网络连接测试"", ""operation"": ""打开"", ""value"": """"}",Y,Y,Y,
设备,设备941,tv_control,进入网络连接测试,network_control,"{""device"": """", ""location"": """", ""object"": ""网络连接测试"", ""operation"": ""打开"", ""value"": """"}",network_control,"{""device"": """", ""location"": """", ""object"": ""网络连接测试"", ""operation"": ""打开"", ""value"": """"}",Y,Y,Y,
设备,设备942,tv_control,打开WIFI信道,network_control,"{""device"": """", ""location"": """", ""object"": ""wifi信道"", ""operation"": ""打开"", ""value"": """"}",network_control,"{""device"": """", ""location"": """", ""object"": ""wifi信道"", ""operation"": ""打开"", ""value"": """"}",Y,Y,Y,
设备,设备943,tv_control,启动WIFI信道,network_control,"{""device"": """", ""location"": """", ""object"": ""wifi信道"", ""operation"": ""打开"", ""value"": """"}",network_control,"{""device"": """", ""location"": """", ""object"": ""wifi信道"", ""operation"": ""打开"", ""value"": """"}",Y,Y,Y,
设备,设备944,tv_control,进入WIFI信道,network_control,"{""device"": """", ""location"": """", ""object"": ""wifi信道"", ""operation"": ""打开"", ""value"": """"}",network_control,"{""device"": """", ""location"": """", ""object"": ""wifi信道"", ""operation"": ""打开"", ""value"": """"}",Y,Y,Y,
设备,设备945,tv_control,打开wifi强度测试,network_control,"{""device"": """", ""location"": """", ""object"": ""wifi强度测试"", ""operation"": ""打开"", ""value"": """"}",network_control,"{""device"": """", ""location"": """", ""object"": ""wifi强度测试"", ""operation"": ""打开"", ""value"": """"}",Y,Y,Y,
设备,设备946,tv_control,启动wifi强度测试,network_control,"{""device"": """", ""location"": """", ""object"": ""wifi强度测试"", ""operation"": ""打开"", ""value"": """"}",network_control,"{""device"": """", ""location"": """", ""object"": ""wifi强度测试"", ""operation"": ""打开"", ""value"": """"}",Y,Y,Y,
设备,设备947,tv_control,进入wifi强度测试,network_control,"{""device"": """", ""location"": """", ""object"": ""wifi强度测试"", ""operation"": ""打开"", ""value"": """"}",network_control,"{""device"": """", ""location"": """", ""object"": ""wifi强度测试"", ""operation"": ""打开"", ""value"": """"}",Y,Y,Y,
设备,设备948,tv_control,打开安全查杀,common_control,"{""device"": """", ""location"": """", ""object"": ""安全查杀"", ""operation"": ""打开"", ""value"": """"}",common_control,"{""device"": """", ""location"": """", ""object"": ""安全查杀"", ""operation"": ""打开"", ""value"": """"}",Y,Y,Y,
设备,设备949,tv_control,启动安全查杀,common_control,"{""device"": """", ""location"": """", ""object"": ""安全查杀"", ""operation"": ""打开"", ""value"": """"}",common_control,"{""device"": """", ""location"": """", ""object"": ""安全查杀"", ""operation"": ""打开"", ""value"": """"}",Y,Y,Y,
设备,设备950,tv_control,打开权限管理,common_control,"{""device"": """", ""location"": """", ""object"": ""权限管理"", ""operation"": ""打开"", ""value"": """"}",common_control,"{""device"": """", ""location"": """", ""object"": ""权限管理"", ""operation"": ""打开"", ""value"": """"}",Y,Y,Y,
设备,设备951,tv_control,进入安全查杀,common_control,"{""device"": """", ""location"": """", ""object"": ""安全查杀"", ""operation"": ""打开"", ""value"": """"}",common_control,"{""device"": """", ""location"": """", ""object"": ""安全查杀"", ""operation"": ""打开"", ""value"": """"}",Y,Y,Y,
设备,设备952,tv_control,启动权限管理,common_control,"{""device"": """", ""location"": """", ""object"": ""权限管理"", ""operation"": ""打开"", ""value"": """"}",common_control,"{""device"": """", ""location"": """", ""object"": ""权限管理"", ""operation"": ""打开"", ""value"": """"}",Y,Y,Y,
设备,设备953,tv_control,进入权限管理,common_control,"{""device"": """", ""location"": """", ""object"": ""权限管理"", ""operation"": ""打开"", ""value"": """"}",common_control,"{""device"": """", ""location"": """", ""object"": ""权限管理"", ""operation"": ""打开"", ""value"": """"}",Y,Y,Y,
设备,设备954,tv_control,打开氛围灯,common_control,"{""device"": """", ""location"": """", ""object"": ""氛围灯"", ""operation"": ""打开"", ""value"": """"}",common_control,"{""device"": """", ""location"": """", ""object"": ""氛围灯"", ""operation"": ""打开"", ""value"": """"}",Y,Y,Y,
设备,设备955,tv_control,启动氛围灯,common_control,"{""device"": """", ""location"": """", ""object"": ""氛围灯"", ""operation"": ""打开"", ""value"": """"}",common_control,"{""device"": """", ""location"": """", ""object"": ""氛围灯"", ""operation"": ""打开"", ""value"": """"}",Y,Y,Y,
设备,设备956,tv_control,进入氛围灯,common_control,"{""device"": """", ""location"": """", ""object"": ""氛围灯"", ""operation"": ""打开"", ""value"": """"}",common_control,"{""device"": """", ""location"": """", ""object"": ""氛围灯"", ""operation"": ""打开"", ""value"": """"}",Y,Y,Y,
设备,设备957,tv_control,打开地震预警,common_control,"{""device"": """", ""location"": """", ""object"": ""地震预警"", ""operation"": ""打开"", ""value"": """"}",common_control,"{""device"": """", ""location"": """", ""object"": ""地震预警"", ""operation"": ""打开"", ""value"": """"}",Y,Y,Y,
设备,设备958,tv_control,启动地震预警,common_control,"{""device"": """", ""location"": """", ""object"": ""地震预警"", ""operation"": ""打开"", ""value"": """"}",common_control,"{""device"": """", ""location"": """", ""object"": ""地震预警"", ""operation"": ""打开"", ""value"": """"}",Y,Y,Y,
设备,设备959,tv_control,进入地震预警,common_control,"{""device"": """", ""location"": """", ""object"": ""地震预警"", ""operation"": ""打开"", ""value"": """"}",common_control,"{""device"": """", ""location"": """", ""object"": ""地震预警"", ""operation"": ""打开"", ""value"": """"}",Y,Y,Y,
设备,设备960,tv_control,打开寻找遥控器,common_control,"{""device"": """", ""location"": """", ""object"": ""寻找遥控器"", ""operation"": ""打开"", ""value"": """"}",common_control,"{""device"": """", ""location"": """", ""object"": ""寻找遥控器"", ""operation"": ""打开"", ""value"": """"}",Y,Y,Y,
设备,设备961,tv_control,启动寻找遥控器,common_control,"{""device"": """", ""location"": """", ""object"": ""寻找遥控器"", ""operation"": ""打开"", ""value"": """"}",common_control,"{""device"": """", ""location"": """", ""object"": ""寻找遥控器"", ""operation"": ""打开"", ""value"": """"}",Y,Y,Y,
设备,设备962,tv_control,进入寻找遥控器,common_control,"{""device"": """", ""location"": """", ""object"": ""寻找遥控器"", ""operation"": ""打开"", ""value"": """"}",common_control,"{""device"": """", ""location"": """", ""object"": ""寻找遥控器"", ""operation"": ""打开"", ""value"": """"}",Y,Y,Y,
设备,设备963,tv_control,打开重启,power_control,"{""device"": """", ""location"": """", ""object"": ""重启"", ""operation"": ""打开"", ""value"": """"}",power_control,"{""device"": """", ""location"": """", ""object"": ""重启"", ""operation"": ""打开"", ""value"": """"}",Y,Y,Y,
设备,设备964,tv_control,启动重启,power_control,"{""device"": """", ""location"": """", ""object"": ""重启"", ""operation"": ""打开"", ""value"": """"}",power_control,"{""device"": """", ""location"": """", ""object"": ""重启"", ""operation"": ""打开"", ""value"": """"}",Y,Y,Y,
设备,设备965,tv_control,进入重启,power_control,"{""device"": """", ""location"": """", ""object"": ""重启"", ""operation"": ""打开"", ""value"": """"}",power_control,"{""device"": """", ""location"": """", ""object"": ""重启"", ""operation"": ""打开"", ""value"": """"}",Y,Y,Y,
设备,设备966,tv_control,打开屏幕,screensaver_control,"{""device"": """", ""location"": """", ""object"": ""屏幕"", ""operation"": ""打开"", ""value"": """"}",screensaver_control,"{""device"": """", ""location"": """", ""object"": ""屏幕"", ""operation"": ""打开"", ""value"": """"}",Y,Y,Y,
设备,设备967,tv_control,启动屏幕,screensaver_control,"{""device"": """", ""location"": """", ""object"": ""屏幕"", ""operation"": ""打开"", ""value"": """"}",screensaver_control,"{""device"": """", ""location"": """", ""object"": ""屏幕"", ""operation"": ""打开"", ""value"": """"}",Y,Y,Y,
设备,设备968,tv_control,进入屏幕,screensaver_control,"{""device"": """", ""location"": """", ""object"": ""屏幕"", ""operation"": ""打开"", ""value"": """"}",screensaver_control,"{""device"": """", ""location"": """", ""object"": ""屏幕"", ""operation"": ""打开"", ""value"": """"}",Y,Y,Y,
设备,设备969,tv_control,打开照镜子,smart_camera,"{""device"": """", ""location"": """", ""object"": ""照镜子"", ""operation"": ""打开"", ""value"": """"}",smart_camera,"{""device"": """", ""location"": """", ""object"": ""照镜子"", ""operation"": ""打开"", ""value"": """"}",Y,Y,Y,
设备,设备970,tv_control,启动照镜子,smart_camera,"{""device"": """", ""location"": """", ""object"": ""照镜子"", ""operation"": ""打开"", ""value"": """"}",smart_camera,"{""device"": """", ""location"": """", ""object"": ""照镜子"", ""operation"": ""打开"", ""value"": """"}",Y,Y,Y,
设备,设备971,tv_control,进入照镜子,smart_camera,"{""device"": """", ""location"": """", ""object"": ""照镜子"", ""operation"": ""打开"", ""value"": """"}",smart_camera,"{""device"": """", ""location"": """", ""object"": ""照镜子"", ""operation"": ""打开"", ""value"": """"}",Y,Y,Y,
设备,设备972,tv_control,打开摄像头,smart_camera,"{""device"": """", ""location"": """", ""object"": ""摄像头"", ""operation"": ""打开"", ""value"": """"}",smart_camera,"{""device"": """", ""location"": """", ""object"": ""摄像头"", ""operation"": ""打开"", ""value"": """"}",Y,Y,Y,
设备,设备973,tv_control,启动摄像头,smart_camera,"{""device"": """", ""location"": """", ""object"": ""摄像头"", ""operation"": ""打开"", ""value"": """"}",smart_camera,"{""device"": """", ""location"": """", ""object"": ""摄像头"", ""operation"": ""打开"", ""value"": """"}",Y,Y,Y,
设备,设备974,tv_control,进入摄像头,smart_camera,"{""device"": """", ""location"": """", ""object"": ""摄像头"", ""operation"": ""打开"", ""value"": """"}",smart_camera,"{""device"": """", ""location"": """", ""object"": ""摄像头"", ""operation"": ""打开"", ""value"": """"}",Y,Y,Y,
设备,设备975,tv_control,打开远场语音开关,common_control,"{""device"": """", ""location"": """", ""object"": ""远场语音开关"", ""operation"": ""打开"", ""value"": """"}",common_control,"{""device"": """", ""location"": """", ""object"": ""远场语音开关"", ""operation"": ""打开"", ""value"": """"}",Y,Y,Y,
设备,设备976,tv_control,启动远场语音开关,common_control,"{""device"": """", ""location"": """", ""object"": ""远场语音开关"", ""operation"": ""打开"", ""value"": """"}",common_control,"{""device"": """", ""location"": """", ""object"": ""远场语音开关"", ""operation"": ""打开"", ""value"": """"}",Y,Y,Y,
设备,设备977,tv_control,进入远场语音开关,common_control,"{""device"": """", ""location"": """", ""object"": ""远场语音开关"", ""operation"": ""打开"", ""value"": """"}",common_control,"{""device"": """", ""location"": """", ""object"": ""远场语音开关"", ""operation"": ""打开"", ""value"": """"}",Y,Y,Y,
设备,设备978,tv_control,打开分辨率,numeric_adjust,"{""device"": """", ""location"": """", ""object"": ""分辨率"", ""operation"": ""打开"", ""value"": """"}",numeric_adjust,"{""device"": """", ""location"": """", ""object"": ""分辨率"", ""operation"": ""打开"", ""value"": """"}",Y,Y,Y,
设备,设备979,tv_control,启动分辨率,numeric_adjust,"{""device"": """", ""location"": """", ""object"": ""分辨率"", ""operation"": ""打开"", ""value"": """"}",numeric_adjust,"{""device"": """", ""location"": """", ""object"": ""分辨率"", ""operation"": ""打开"", ""value"": """"}",Y,Y,Y,
设备,设备980,tv_control,进入分辨率,numeric_adjust,"{""device"": """", ""location"": """", ""object"": ""分辨率"", ""operation"": ""打开"", ""value"": """"}",numeric_adjust,"{""device"": """", ""location"": """", ""object"": ""分辨率"", ""operation"": ""打开"", ""value"": """"}",Y,Y,Y,
设备,设备981,tv_control,打开运动补偿,display_control,"{""device"": """", ""location"": """", ""object"": ""运动补偿"", ""operation"": ""打开"", ""value"": """"}",display_control,"{""device"": """", ""location"": """", ""object"": ""运动补偿"", ""operation"": ""打开"", ""value"": """"}",Y,Y,Y,
设备,设备982,tv_control,启动运动补偿,display_control,"{""device"": """", ""location"": """", ""object"": ""运动补偿"", ""operation"": ""打开"", ""value"": """"}",display_control,"{""device"": """", ""location"": """", ""object"": ""运动补偿"", ""operation"": ""打开"", ""value"": """"}",Y,Y,Y,
设备,设备983,tv_control,进入运动补偿,display_control,"{""device"": """", ""location"": """", ""object"": ""运动补偿"", ""operation"": ""打开"", ""value"": """"}",display_control,"{""device"": """", ""location"": """", ""object"": ""运动补偿"", ""operation"": ""打开"", ""value"": """"}",Y,Y,Y,
设备,设备984,tv_control,打开中置声场,audio_control,"{""device"": """", ""location"": """", ""object"": ""中置声场"", ""operation"": ""打开"", ""value"": """"}",audio_control,"{""device"": """", ""location"": """", ""object"": ""中置声场"", ""operation"": ""打开"", ""value"": """"}",Y,Y,Y,
设备,设备985,tv_control,启动中置声场,audio_control,"{""device"": """", ""location"": """", ""object"": ""中置声场"", ""operation"": ""打开"", ""value"": """"}",audio_control,"{""device"": """", ""location"": """", ""object"": ""中置声场"", ""operation"": ""打开"", ""value"": """"}",Y,Y,Y,
设备,设备986,tv_control,进入中置声场,audio_control,"{""device"": """", ""location"": """", ""object"": ""中置声场"", ""operation"": ""打开"", ""value"": """"}",audio_control,"{""device"": """", ""location"": """", ""object"": ""中置声场"", ""operation"": ""打开"", ""value"": """"}",Y,Y,Y,
设备,设备987,tv_control,打开熄屏模式,mode_control,"{""device"": """", ""location"": """", ""object"": ""熄屏模式"", ""operation"": ""打开"", ""value"": """"}",mode_control,"{""device"": """", ""location"": """", ""object"": ""熄屏模式"", ""operation"": ""打开"", ""value"": """"}",Y,Y,Y,
设备,设备988,tv_control,启动熄屏模式,mode_control,"{""device"": """", ""location"": """", ""object"": ""熄屏模式"", ""operation"": ""打开"", ""value"": """"}",mode_control,"{""device"": """", ""location"": """", ""object"": ""熄屏模式"", ""operation"": ""打开"", ""value"": """"}",Y,Y,Y,
设备,设备989,tv_control,进入熄屏模式,mode_control,"{""device"": """", ""location"": """", ""object"": ""熄屏模式"", ""operation"": ""打开"", ""value"": """"}",mode_control,"{""device"": """", ""location"": """", ""object"": ""熄屏模式"", ""operation"": ""打开"", ""value"": """"}",Y,Y,Y,
设备,设备990,tv_control,打开音箱模式开关,mode_control,"{""device"": """", ""location"": """", ""object"": ""音箱模式开关"", ""operation"": ""打开"", ""value"": """"}",mode_control,"{""device"": """", ""location"": """", ""object"": ""音箱模式开关"", ""operation"": ""打开"", ""value"": """"}",Y,Y,Y,
设备,设备991,tv_control,启动音箱模式开关,mode_control,"{""device"": """", ""location"": """", ""object"": ""音箱模式开关"", ""operation"": ""打开"", ""value"": """"}",mode_control,"{""device"": """", ""location"": """", ""object"": ""音箱模式开关"", ""operation"": ""打开"", ""value"": """"}",Y,Y,Y,
设备,设备992,tv_control,进入音箱模式开关,mode_control,"{""device"": """", ""location"": """", ""object"": ""音箱模式开关"", ""operation"": ""打开"", ""value"": """"}",mode_control,"{""device"": """", ""location"": """", ""object"": ""音箱模式开关"", ""operation"": ""打开"", ""value"": """"}",Y,Y,Y,
设备,设备993,tv_control,打开音箱模式,mode_control,"{""device"": """", ""location"": """", ""object"": ""音箱模式"", ""operation"": ""打开"", ""value"": """"}",mode_control,"{""device"": """", ""location"": """", ""object"": ""音箱模式"", ""operation"": ""打开"", ""value"": """"}",Y,Y,Y,
设备,设备994,tv_control,启动音箱模式,mode_control,"{""device"": """", ""location"": """", ""object"": ""音箱模式"", ""operation"": ""打开"", ""value"": """"}",mode_control,"{""device"": """", ""location"": """", ""object"": ""音箱模式"", ""operation"": ""打开"", ""value"": """"}",Y,Y,Y,
设备,设备995,tv_control,进入音箱模式,mode_control,"{""device"": """", ""location"": """", ""object"": ""音箱模式"", ""operation"": ""打开"", ""value"": """"}",mode_control,"{""device"": """", ""location"": """", ""object"": ""音箱模式"", ""operation"": ""打开"", ""value"": """"}",Y,Y,Y,
设备,设备996,tv_control,打开电视模式,mode_control,"{""device"": """", ""location"": """", ""object"": ""电视模式"", ""operation"": ""打开"", ""value"": """"}",mode_control,"{""device"": """", ""location"": """", ""object"": ""电视模式"", ""operation"": ""打开"", ""value"": """"}",Y,Y,Y,
设备,设备997,tv_control,启动电视模式,mode_control,"{""device"": """", ""location"": """", ""object"": ""电视模式"", ""operation"": ""打开"", ""value"": """"}",mode_control,"{""device"": """", ""location"": """", ""object"": ""电视模式"", ""operation"": ""打开"", ""value"": """"}",Y,Y,Y,
设备,设备998,tv_control,进入电视模式,mode_control,"{""device"": """", ""location"": """", ""object"": ""电视模式"", ""operation"": ""打开"", ""value"": """"}",mode_control,"{""device"": """", ""location"": """", ""object"": ""电视模式"", ""operation"": ""打开"", ""value"": """"}",Y,Y,Y,
设备,设备999,tv_control,启动月光模式,mode_control,"{""device"": """", ""location"": """", ""object"": ""月光模式"", ""operation"": ""打开"", ""value"": """"}",mode_control,"{""device"": """", ""location"": """", ""object"": ""月光模式"", ""operation"": ""打开"", ""value"": """"}",Y,Y,Y,
设备,设备1000,tv_control,进入月光模式,mode_control,"{""device"": """", ""location"": """", ""object"": ""月光模式"", ""operation"": ""打开"", ""value"": """"}",mode_control,"{""device"": """", ""location"": """", ""object"": ""月光模式"", ""operation"": ""打开"", ""value"": """"}",Y,Y,Y,
设备,设备1001,tv_control,打开月光模式,mode_control,"{""device"": """", ""location"": """", ""object"": ""月光模式"", ""operation"": ""打开"", ""value"": """"}",mode_control,"{""device"": """", ""location"": """", ""object"": ""月光模式"", ""operation"": ""打开"", ""value"": """"}",Y,Y,Y,
设备,设备1002,tv_control,打开切换声音,audio_control,"{""device"": """", ""location"": """", ""object"": ""切换声音"", ""operation"": ""打开"", ""value"": """"}",audio_control,"{""device"": """", ""location"": """", ""object"": ""切换声音"", ""operation"": ""打开"", ""value"": """"}",Y,Y,Y,
设备,设备1003,tv_control,启动切换声音,audio_control,"{""device"": """", ""location"": """", ""object"": ""切换声音"", ""operation"": ""打开"", ""value"": """"}",audio_control,"{""device"": """", ""location"": """", ""object"": ""切换声音"", ""operation"": ""打开"", ""value"": """"}",Y,Y,Y,
设备,设备1004,tv_control,进入切换声音,audio_control,"{""device"": """", ""location"": """", ""object"": ""切换声音"", ""operation"": ""打开"", ""value"": """"}",audio_control,"{""device"": """", ""location"": """", ""object"": ""切换声音"", ""operation"": ""打开"", ""value"": """"}",Y,Y,Y,
设备,设备1005,tv_control,打开隐藏分屏,screen_layout,"{""device"": """", ""location"": """", ""object"": ""隐藏分屏"", ""operation"": ""打开"", ""value"": """"}",screen_layout,"{""device"": """", ""location"": """", ""object"": ""隐藏分屏"", ""operation"": ""打开"", ""value"": """"}",Y,Y,Y,
设备,设备1006,tv_control,启动隐藏分屏,screen_layout,"{""device"": """", ""location"": """", ""object"": ""隐藏分屏"", ""operation"": ""打开"", ""value"": """"}",screen_layout,"{""device"": """", ""location"": """", ""object"": ""隐藏分屏"", ""operation"": ""打开"", ""value"": """"}",Y,Y,Y,
设备,设备1007,tv_control,进入隐藏分屏,screen_layout,"{""device"": """", ""location"": """", ""object"": ""隐藏分屏"", ""operation"": ""打开"", ""value"": """"}",screen_layout,"{""device"": """", ""location"": """", ""object"": ""隐藏分屏"", ""operation"": ""打开"", ""value"": """"}",Y,Y,Y,
设备,设备1008,tv_control,打开显示分屏,screen_layout,"{""device"": """", ""location"": """", ""object"": ""显示分屏"", ""operation"": ""打开"", ""value"": """"}",screen_layout,"{""device"": """", ""location"": """", ""object"": ""显示分屏"", ""operation"": ""打开"", ""value"": """"}",Y,Y,Y,
设备,设备1009,tv_control,启动显示分屏,screen_layout,"{""device"": """", ""location"": """", ""object"": ""显示分屏"", ""operation"": ""打开"", ""value"": """"}",screen_layout,"{""device"": """", ""location"": """", ""object"": ""显示分屏"", ""operation"": ""打开"", ""value"": """"}",Y,Y,Y,
设备,设备1010,tv_control,进入显示分屏,screen_layout,"{""device"": """", ""location"": """", ""object"": ""显示分屏"", ""operation"": ""打开"", ""value"": """"}",screen_layout,"{""device"": """", ""location"": """", ""object"": ""显示分屏"", ""operation"": ""打开"", ""value"": """"}",Y,Y,Y,
设备,设备1011,tv_control,打开媒体中心,common_control,"{""device"": """", ""location"": """", ""object"": ""媒体中心"", ""operation"": ""打开"", ""value"": """"}",common_control,"{""device"": """", ""location"": """", ""object"": ""媒体中心"", ""operation"": ""打开"", ""value"": """"}",Y,Y,Y,
设备,设备1012,tv_control,启动媒体中心,common_control,"{""device"": """", ""location"": """", ""object"": ""媒体中心"", ""operation"": ""打开"", ""value"": """"}",common_control,"{""device"": """", ""location"": """", ""object"": ""媒体中心"", ""operation"": ""打开"", ""value"": """"}",Y,Y,Y,
设备,设备1013,tv_control,进入媒体中心,common_control,"{""device"": """", ""location"": """", ""object"": ""媒体中心"", ""operation"": ""打开"", ""value"": """"}",common_control,"{""device"": """", ""location"": """", ""object"": ""媒体中心"", ""operation"": ""打开"", ""value"": """"}",Y,Y,Y,
设备,设备1014,tv_control,打开u盘,common_control,"{""device"": """", ""location"": """", ""object"": ""u盘"", ""operation"": ""打开"", ""value"": """"}",common_control,"{""device"": """", ""location"": """", ""object"": ""u盘"", ""operation"": ""打开"", ""value"": """"}",Y,Y,Y,
设备,设备1015,tv_control,启动u盘,common_control,"{""device"": """", ""location"": """", ""object"": ""u盘"", ""operation"": ""打开"", ""value"": """"}",common_control,"{""device"": """", ""location"": """", ""object"": ""u盘"", ""operation"": ""打开"", ""value"": """"}",Y,Y,Y,
设备,设备1016,tv_control,进入u盘,common_control,"{""device"": """", ""location"": """", ""object"": ""u盘"", ""operation"": ""打开"", ""value"": """"}",common_control,"{""device"": """", ""location"": """", ""object"": ""u盘"", ""operation"": ""打开"", ""value"": """"}",Y,Y,Y,
设备,设备1017,tv_control,打开dlna,common_control,"{""device"": """", ""location"": """", ""object"": ""dlna"", ""operation"": ""打开"", ""value"": """"}",common_control,"{""device"": """", ""location"": """", ""object"": ""dlna"", ""operation"": ""打开"", ""value"": """"}",Y,Y,Y,
设备,设备1018,tv_control,启动dlna,common_control,"{""device"": """", ""location"": """", ""object"": ""dlna"", ""operation"": ""打开"", ""value"": """"}",common_control,"{""device"": """", ""location"": """", ""object"": ""dlna"", ""operation"": ""打开"", ""value"": """"}",Y,Y,Y,
设备,设备1020,tv_control,打开samba,common_control,"{""device"": """", ""location"": """", ""object"": ""samba"", ""operation"": ""打开"", ""value"": """"}",common_control,"{""device"": """", ""location"": """", ""object"": ""samba"", ""operation"": ""打开"", ""value"": """"}",Y,Y,Y,
设备,设备1019,tv_control,进入dlna,common_control,"{""device"": """", ""location"": """", ""object"": ""dlna"", ""operation"": ""打开"", ""value"": """"}",common_control,"{""device"": """", ""location"": """", ""object"": ""dlna"", ""operation"": ""打开"", ""value"": """"}",Y,Y,Y,
设备,设备1021,tv_control,启动samba,common_control,"{""device"": """", ""location"": """", ""object"": ""samba"", ""operation"": ""打开"", ""value"": """"}",common_control,"{""device"": """", ""location"": """", ""object"": ""samba"", ""operation"": ""打开"", ""value"": """"}",Y,Y,Y,
设备,设备1022,tv_control,进入samba,common_control,"{""device"": """", ""location"": """", ""object"": ""samba"", ""operation"": ""打开"", ""value"": """"}",common_control,"{""device"": """", ""location"": """", ""object"": ""samba"", ""operation"": ""打开"", ""value"": """"}",Y,Y,Y,
设备,设备1023,tv_control,打开家庭相册,common_control,"{""device"": """", ""location"": """", ""object"": ""家庭相册"", ""operation"": ""打开"", ""value"": """"}",common_control,"{""device"": """", ""location"": """", ""object"": ""家庭相册"", ""operation"": ""打开"", ""value"": """"}",Y,Y,Y,
设备,设备1024,tv_control,启动家庭相册,common_control,"{""device"": """", ""location"": """", ""object"": ""家庭相册"", ""operation"": ""打开"", ""value"": """"}",common_control,"{""device"": """", ""location"": """", ""object"": ""家庭相册"", ""operation"": ""打开"", ""value"": """"}",Y,Y,Y,
设备,设备1025,tv_control,进入家庭相册,common_control,"{""device"": """", ""location"": """", ""object"": ""家庭相册"", ""operation"": ""打开"", ""value"": """"}",common_control,"{""device"": """", ""location"": """", ""object"": ""家庭相册"", ""operation"": ""打开"", ""value"": """"}",Y,Y,Y,
设备,设备1026,tv_control,打开媒体中心图片,common_control,"{""device"": """", ""location"": """", ""object"": ""媒体中心图片"", ""operation"": ""打开"", ""value"": """"}",common_control,"{""device"": """", ""location"": """", ""object"": ""媒体中心图片"", ""operation"": ""打开"", ""value"": """"}",Y,Y,Y,
设备,设备1027,tv_control,启动媒体中心图片,common_control,"{""device"": """", ""location"": """", ""object"": ""媒体中心图片"", ""operation"": ""打开"", ""value"": """"}",common_control,"{""device"": """", ""location"": """", ""object"": ""媒体中心图片"", ""operation"": ""打开"", ""value"": """"}",Y,Y,Y,
设备,设备1028,tv_control,进入媒体中心图片,common_control,"{""device"": """", ""location"": """", ""object"": ""媒体中心图片"", ""operation"": ""打开"", ""value"": """"}",common_control,"{""device"": """", ""location"": """", ""object"": ""媒体中心图片"", ""operation"": ""打开"", ""value"": """"}",Y,Y,Y,
设备,设备1029,tv_control,打开u盘图片,common_control,"{""device"": """", ""location"": """", ""object"": ""u盘图片"", ""operation"": ""打开"", ""value"": """"}",common_control,"{""device"": """", ""location"": """", ""object"": ""u盘图片"", ""operation"": ""打开"", ""value"": """"}",Y,Y,Y,
设备,设备1030,tv_control,启动u盘图片,common_control,"{""device"": """", ""location"": """", ""object"": ""u盘图片"", ""operation"": ""打开"", ""value"": """"}",common_control,"{""device"": """", ""location"": """", ""object"": ""u盘图片"", ""operation"": ""打开"", ""value"": """"}",Y,Y,Y,
设备,设备1031,tv_control,进入u盘图片,common_control,"{""device"": """", ""location"": """", ""object"": ""u盘图片"", ""operation"": ""打开"", ""value"": """"}",common_control,"{""device"": """", ""location"": """", ""object"": ""u盘图片"", ""operation"": ""打开"", ""value"": """"}",Y,Y,Y,
设备,设备1032,tv_control,打开dlna音乐,common_control,"{""device"": """", ""location"": """", ""object"": ""dlna音乐"", ""operation"": ""打开"", ""value"": """"}",common_control,"{""device"": """", ""location"": """", ""object"": ""dlna音乐"", ""operation"": ""打开"", ""value"": """"}",Y,Y,Y,
设备,设备1033,tv_control,启动dlna音乐,common_control,"{""device"": """", ""location"": """", ""object"": ""dlna音乐"", ""operation"": ""打开"", ""value"": """"}",common_control,"{""device"": """", ""location"": """", ""object"": ""dlna音乐"", ""operation"": ""打开"", ""value"": """"}",Y,Y,Y,
设备,设备1034,tv_control,进入dlna音乐,common_control,"{""device"": """", ""location"": """", ""object"": ""dlna音乐"", ""operation"": ""打开"", ""value"": """"}",common_control,"{""device"": """", ""location"": """", ""object"": ""dlna音乐"", ""operation"": ""打开"", ""value"": """"}",Y,Y,Y,
设备,设备1036,tv_control,启动dlna图片,common_control,"{""device"": """", ""location"": """", ""object"": ""dlna图片"", ""operation"": ""打开"", ""value"": """"}",common_control,"{""device"": """", ""location"": """", ""object"": ""dlna图片"", ""operation"": ""打开"", ""value"": """"}",Y,Y,Y,
设备,设备1035,tv_control,打开dlna图片,common_control,"{""device"": """", ""location"": """", ""object"": ""dlna图片"", ""operation"": ""打开"", ""value"": """"}",common_control,"{""device"": """", ""location"": """", ""object"": ""dlna图片"", ""operation"": ""打开"", ""value"": """"}",Y,Y,Y,
设备,设备1037,tv_control,进入dlna图片,common_control,"{""device"": """", ""location"": """", ""object"": ""dlna图片"", ""operation"": ""打开"", ""value"": """"}",common_control,"{""device"": """", ""location"": """", ""object"": ""dlna图片"", ""operation"": ""打开"", ""value"": """"}",Y,Y,Y,
设备,设备1038,tv_control,打开u盘音乐,common_control,"{""device"": """", ""location"": """", ""object"": ""u盘音乐"", ""operation"": ""打开"", ""value"": """"}",common_control,"{""device"": """", ""location"": """", ""object"": ""u盘音乐"", ""operation"": ""打开"", ""value"": """"}",Y,Y,Y,
设备,设备1039,tv_control,启动u盘音乐,common_control,"{""device"": """", ""location"": """", ""object"": ""u盘音乐"", ""operation"": ""打开"", ""value"": """"}",common_control,"{""device"": """", ""location"": """", ""object"": ""u盘音乐"", ""operation"": ""打开"", ""value"": """"}",Y,Y,Y,
设备,设备1040,tv_control,进入u盘音乐,common_control,"{""device"": """", ""location"": """", ""object"": ""u盘音乐"", ""operation"": ""打开"", ""value"": """"}",common_control,"{""device"": """", ""location"": """", ""object"": ""u盘音乐"", ""operation"": ""打开"", ""value"": """"}",Y,Y,Y,
设备,设备1041,tv_control,打开u盘视频,common_control,"{""device"": """", ""location"": """", ""object"": ""u盘视频"", ""operation"": ""打开"", ""value"": """"}",common_control,"{""device"": """", ""location"": """", ""object"": ""u盘视频"", ""operation"": ""打开"", ""value"": """"}",Y,Y,Y,
设备,设备1042,tv_control,启动u盘视频,common_control,"{""device"": """", ""location"": """", ""object"": ""u盘视频"", ""operation"": ""打开"", ""value"": """"}",common_control,"{""device"": """", ""location"": """", ""object"": ""u盘视频"", ""operation"": ""打开"", ""value"": """"}",Y,Y,Y,
设备,设备1043,tv_control,进入u盘视频,common_control,"{""device"": """", ""location"": """", ""object"": ""u盘视频"", ""operation"": ""打开"", ""value"": """"}",common_control,"{""device"": """", ""location"": """", ""object"": ""u盘视频"", ""operation"": ""打开"", ""value"": """"}",Y,Y,Y,
设备,设备1044,tv_control,打开dlna视频,common_control,"{""device"": """", ""location"": """", ""object"": ""dlna视频"", ""operation"": ""打开"", ""value"": """"}",common_control,"{""device"": """", ""location"": """", ""object"": ""dlna视频"", ""operation"": ""打开"", ""value"": """"}",Y,Y,Y,
设备,设备1045,tv_control,启动dlna视频,common_control,"{""device"": """", ""location"": """", ""object"": ""dlna视频"", ""operation"": ""打开"", ""value"": """"}",common_control,"{""device"": """", ""location"": """", ""object"": ""dlna视频"", ""operation"": ""打开"", ""value"": """"}",Y,Y,Y,
设备,设备1046,tv_control,进入dlna视频,common_control,"{""device"": """", ""location"": """", ""object"": ""dlna视频"", ""operation"": ""打开"", ""value"": """"}",common_control,"{""device"": """", ""location"": """", ""object"": ""dlna视频"", ""operation"": ""打开"", ""value"": """"}",Y,Y,Y,
设备,设备1047,tv_control,打开幻灯片,common_control,"{""device"": """", ""location"": """", ""object"": ""幻灯片"", ""operation"": ""打开"", ""value"": """"}",common_control,"{""device"": """", ""location"": """", ""object"": ""幻灯片"", ""operation"": ""打开"", ""value"": """"}",Y,Y,Y,
设备,设备1048,tv_control,启动幻灯片,common_control,"{""device"": """", ""location"": """", ""object"": ""幻灯片"", ""operation"": ""打开"", ""value"": """"}",common_control,"{""device"": """", ""location"": """", ""object"": ""幻灯片"", ""operation"": ""打开"", ""value"": """"}",Y,Y,Y,
设备,设备1049,tv_control,进入幻灯片,common_control,"{""device"": """", ""location"": """", ""object"": ""幻灯片"", ""operation"": ""打开"", ""value"": """"}",common_control,"{""device"": """", ""location"": """", ""object"": ""幻灯片"", ""operation"": ""打开"", ""value"": """"}",Y,Y,Y,
设备,设备1050,tv_control,打开家庭私有云,common_control,"{""device"": """", ""location"": """", ""object"": ""家庭私有云"", ""operation"": ""打开"", ""value"": """"}",common_control,"{""device"": """", ""location"": """", ""object"": ""家庭私有云"", ""operation"": ""打开"", ""value"": """"}",Y,Y,Y,
设备,设备1051,tv_control,启动家庭私有云,common_control,"{""device"": """", ""location"": """", ""object"": ""家庭私有云"", ""operation"": ""打开"", ""value"": """"}",common_control,"{""device"": """", ""location"": """", ""object"": ""家庭私有云"", ""operation"": ""打开"", ""value"": """"}",Y,Y,Y,
设备,设备1053,tv_control,打开图像设置,display_control,"{""device"": """", ""location"": """", ""object"": ""图像设置"", ""operation"": ""打开"", ""value"": """"}",display_control,"{""device"": """", ""location"": """", ""object"": ""图像设置"", ""operation"": ""打开"", ""value"": """"}",Y,Y,Y,
设备,设备1052,tv_control,进入家庭私有云,common_control,"{""device"": """", ""location"": """", ""object"": ""家庭私有云"", ""operation"": ""打开"", ""value"": """"}",common_control,"{""device"": """", ""location"": """", ""object"": ""家庭私有云"", ""operation"": ""打开"", ""value"": """"}",Y,Y,Y,
设备,设备1054,tv_control,启动图像设置,display_control,"{""device"": """", ""location"": """", ""object"": ""图像设置"", ""operation"": ""打开"", ""value"": """"}",display_control,"{""device"": """", ""location"": """", ""object"": ""图像设置"", ""operation"": ""打开"", ""value"": """"}",Y,Y,Y,
设备,设备1055,tv_control,进入图像设置,display_control,"{""device"": """", ""location"": """", ""object"": ""图像设置"", ""operation"": ""打开"", ""value"": """"}",display_control,"{""device"": """", ""location"": """", ""object"": ""图像设置"", ""operation"": ""打开"", ""value"": """"}",Y,Y,Y,
设备,设备1056,tv_control,查询小屏亮度,numeric_adjust,"{""device"": """", ""location"": """", ""object"": ""小屏亮度"", ""operation"": ""查询"", ""value"": """"}",numeric_adjust,"{""device"": """", ""location"": """", ""object"": ""小屏亮度"", ""operation"": ""查询"", ""value"": """"}",Y,Y,Y,
设备,设备1057,tv_control,提高小屏亮度,numeric_adjust,"{""device"": """", ""location"": """", ""object"": ""小屏亮度"", ""operation"": ""提高"", ""value"": """"}",numeric_adjust,"{""device"": """", ""location"": """", ""object"": ""小屏亮度"", ""operation"": ""提高"", ""value"": """"}",Y,Y,Y,
设备,设备1058,tv_control,降低小屏亮度,numeric_adjust,"{""device"": """", ""location"": """", ""object"": ""小屏亮度"", ""operation"": ""降低"", ""value"": """"}",numeric_adjust,"{""device"": """", ""location"": """", ""object"": ""小屏亮度"", ""operation"": ""降低"", ""value"": """"}",Y,Y,Y,
设备,设备1059,tv_control,打开氛围灯亮度,numeric_adjust,"{""device"": """", ""location"": """", ""object"": ""氛围灯亮度"", ""operation"": ""打开"", ""value"": """"}",numeric_adjust,"{""device"": """", ""location"": """", ""object"": ""氛围灯亮度"", ""operation"": ""打开"", ""value"": """"}",Y,Y,Y,
设备,设备1060,tv_control,启动氛围灯亮度,numeric_adjust,"{""device"": """", ""location"": """", ""object"": ""氛围灯亮度"", ""operation"": ""打开"", ""value"": """"}",numeric_adjust,"{""device"": """", ""location"": """", ""object"": ""氛围灯亮度"", ""operation"": ""打开"", ""value"": """"}",Y,Y,Y,
设备,设备1061,tv_control,进入氛围灯亮度,numeric_adjust,"{""device"": """", ""location"": """", ""object"": ""氛围灯亮度"", ""operation"": ""打开"", ""value"": """"}",numeric_adjust,"{""device"": """", ""location"": """", ""object"": ""氛围灯亮度"", ""operation"": ""打开"", ""value"": """"}",Y,Y,Y,
设备,设备1062,tv_control,打开氛围亮度,numeric_adjust,"{""device"": """", ""location"": """", ""object"": ""氛围亮度"", ""operation"": ""打开"", ""value"": """"}",numeric_adjust,"{""device"": """", ""location"": """", ""object"": ""氛围亮度"", ""operation"": ""打开"", ""value"": """"}",Y,Y,Y,
设备,设备1063,tv_control,启动氛围亮度,numeric_adjust,"{""device"": """", ""location"": """", ""object"": ""氛围亮度"", ""operation"": ""打开"", ""value"": """"}",numeric_adjust,"{""device"": """", ""location"": """", ""object"": ""氛围亮度"", ""operation"": ""打开"", ""value"": """"}",Y,Y,Y,
设备,设备1064,tv_control,进入氛围亮度,numeric_adjust,"{""device"": """", ""location"": """", ""object"": ""氛围亮度"", ""operation"": ""打开"", ""value"": """"}",numeric_adjust,"{""device"": """", ""location"": """", ""object"": ""氛围亮度"", ""operation"": ""打开"", ""value"": """"}",Y,Y,Y,
设备,设备1065,tv_control,打开机顶盒,source_switch,"{""device"": """", ""location"": """", ""object"": ""机顶盒"", ""operation"": ""打开"", ""value"": """"}",source_switch,"{""device"": """", ""location"": """", ""object"": ""机顶盒"", ""operation"": ""打开"", ""value"": """"}",Y,Y,Y,
设备,设备1066,tv_control,启动机顶盒,source_switch,"{""device"": """", ""location"": """", ""object"": ""机顶盒"", ""operation"": ""打开"", ""value"": """"}",source_switch,"{""device"": """", ""location"": """", ""object"": ""机顶盒"", ""operation"": ""打开"", ""value"": """"}",Y,Y,Y,
设备,设备1067,tv_control,进入机顶盒,source_switch,"{""device"": """", ""location"": """", ""object"": ""机顶盒"", ""operation"": ""打开"", ""value"": """"}",source_switch,"{""device"": """", ""location"": """", ""object"": ""机顶盒"", ""operation"": ""打开"", ""value"": """"}",Y,Y,Y,
设备,设备1068,tv_control,打开绑定机顶盒,source_switch,"{""device"": """", ""location"": """", ""object"": ""绑定机顶盒"", ""operation"": ""打开"", ""value"": """"}",source_switch,"{""device"": """", ""location"": """", ""object"": ""绑定机顶盒"", ""operation"": ""打开"", ""value"": """"}",Y,Y,Y,
设备,设备1069,tv_control,启动绑定机顶盒,source_switch,"{""device"": """", ""location"": """", ""object"": ""绑定机顶盒"", ""operation"": ""打开"", ""value"": """"}",source_switch,"{""device"": """", ""location"": """", ""object"": ""绑定机顶盒"", ""operation"": ""打开"", ""value"": """"}",Y,Y,Y,
设备,设备1070,tv_control,进入绑定机顶盒,source_switch,"{""device"": """", ""location"": """", ""object"": ""绑定机顶盒"", ""operation"": ""打开"", ""value"": """"}",source_switch,"{""device"": """", ""location"": """", ""object"": ""绑定机顶盒"", ""operation"": ""打开"", ""value"": """"}",Y,Y,Y,
设备,设备1071,tv_control,打开模拟电视,source_switch,"{""device"": """", ""location"": """", ""object"": ""模拟电视"", ""operation"": ""打开"", ""value"": """"}",source_switch,"{""device"": """", ""location"": """", ""object"": ""模拟电视"", ""operation"": ""打开"", ""value"": """"}",Y,Y,Y,
设备,设备1073,tv_control,进入模拟电视,source_switch,"{""device"": """", ""location"": """", ""object"": ""模拟电视"", ""operation"": ""打开"", ""value"": """"}",source_switch,"{""device"": """", ""location"": """", ""object"": ""模拟电视"", ""operation"": ""打开"", ""value"": """"}",Y,Y,Y,
设备,设备1072,tv_control,启动模拟电视,source_switch,"{""device"": """", ""location"": """", ""object"": ""模拟电视"", ""operation"": ""打开"", ""value"": """"}",source_switch,"{""device"": """", ""location"": """", ""object"": ""模拟电视"", ""operation"": ""打开"", ""value"": """"}",Y,Y,Y,
设备,设备1074,tv_control,打开数字电视,source_switch,"{""device"": """", ""location"": """", ""object"": ""数字电视"", ""operation"": ""打开"", ""value"": """"}",source_switch,"{""device"": """", ""location"": """", ""object"": ""数字电视"", ""operation"": ""打开"", ""value"": """"}",Y,Y,Y,
设备,设备1075,tv_control,启动数字电视,source_switch,"{""device"": """", ""location"": """", ""object"": ""数字电视"", ""operation"": ""打开"", ""value"": """"}",source_switch,"{""device"": """", ""location"": """", ""object"": ""数字电视"", ""operation"": ""打开"", ""value"": """"}",Y,Y,Y,
设备,设备1076,tv_control,进入数字电视,source_switch,"{""device"": """", ""location"": """", ""object"": ""数字电视"", ""operation"": ""打开"", ""value"": """"}",source_switch,"{""device"": """", ""location"": """", ""object"": ""数字电视"", ""operation"": ""打开"", ""value"": """"}",Y,Y,Y,
设备,设备1078,tv_control,启动地面数字电视,source_switch,"{""device"": """", ""location"": """", ""object"": ""地面数字电视"", ""operation"": ""打开"", ""value"": """"}",source_switch,"{""device"": """", ""location"": """", ""object"": ""地面数字电视"", ""operation"": ""打开"", ""value"": """"}",Y,Y,Y,
设备,设备1077,tv_control,打开地面数字电视,source_switch,"{""device"": """", ""location"": """", ""object"": ""地面数字电视"", ""operation"": ""打开"", ""value"": """"}",source_switch,"{""device"": """", ""location"": """", ""object"": ""地面数字电视"", ""operation"": ""打开"", ""value"": """"}",Y,Y,Y,
设备,设备1079,tv_control,进入地面数字电视,source_switch,"{""device"": """", ""location"": """", ""object"": ""地面数字电视"", ""operation"": ""打开"", ""value"": """"}",source_switch,"{""device"": """", ""location"": """", ""object"": ""地面数字电视"", ""operation"": ""打开"", ""value"": """"}",Y,Y,Y,
设备,设备1080,tv_control,打开直播电视,source_switch,"{""device"": """", ""location"": """", ""object"": ""直播电视"", ""operation"": ""打开"", ""value"": """"}",source_switch,"{""device"": """", ""location"": """", ""object"": ""直播电视"", ""operation"": ""打开"", ""value"": """"}",Y,Y,Y,
设备,设备1081,tv_control,启动直播电视,source_switch,"{""device"": """", ""location"": """", ""object"": ""直播电视"", ""operation"": ""打开"", ""value"": """"}",source_switch,"{""device"": """", ""location"": """", ""object"": ""直播电视"", ""operation"": ""打开"", ""value"": """"}",Y,Y,Y,
设备,设备1082,tv_control,进入直播电视,source_switch,"{""device"": """", ""location"": """", ""object"": ""直播电视"", ""operation"": ""打开"", ""value"": """"}",source_switch,"{""device"": """", ""location"": """", ""object"": ""直播电视"", ""operation"": ""打开"", ""value"": """"}",Y,Y,Y,
设备,设备1083,tv_control,打开电视旋转,screen_lift_rotation,"{""device"": """", ""location"": """", ""object"": ""电视旋转"", ""operation"": ""打开"", ""value"": """"}",screen_lift_rotation,"{""device"": """", ""location"": """", ""object"": ""电视旋转"", ""operation"": ""打开"", ""value"": """"}",Y,Y,Y,
设备,设备1084,tv_control,启动电视旋转,screen_lift_rotation,"{""device"": """", ""location"": """", ""object"": ""电视旋转"", ""operation"": ""打开"", ""value"": """"}",screen_lift_rotation,"{""device"": """", ""location"": """", ""object"": ""电视旋转"", ""operation"": ""打开"", ""value"": """"}",Y,Y,Y,
设备,设备1085,tv_control,进入电视旋转,screen_lift_rotation,"{""device"": """", ""location"": """", ""object"": ""电视旋转"", ""operation"": ""打开"", ""value"": """"}",screen_lift_rotation,"{""device"": """", ""location"": """", ""object"": ""电视旋转"", ""operation"": ""打开"", ""value"": """"}",Y,Y,Y,
设备,设备1086,tv_control,打开支架,screen_lift_rotation,"{""device"": """", ""location"": """", ""object"": ""支架"", ""operation"": ""打开"", ""value"": """"}",screen_lift_rotation,"{""device"": """", ""location"": """", ""object"": ""支架"", ""operation"": ""打开"", ""value"": """"}",Y,Y,Y,
设备,设备1087,tv_control,启动支架,screen_lift_rotation,"{""device"": """", ""location"": """", ""object"": ""支架"", ""operation"": ""打开"", ""value"": """"}",screen_lift_rotation,"{""device"": """", ""location"": """", ""object"": ""支架"", ""operation"": ""打开"", ""value"": """"}",Y,Y,Y,
设备,设备1088,tv_control,进入支架,screen_lift_rotation,"{""device"": """", ""location"": """", ""object"": ""支架"", ""operation"": ""打开"", ""value"": """"}",screen_lift_rotation,"{""device"": """", ""location"": """", ""object"": ""支架"", ""operation"": ""打开"", ""value"": """"}",Y,Y,Y,
设备,设备1089,tv_control,打开录音,common_control,"{""device"": """", ""location"": """", ""object"": ""录音"", ""operation"": ""打开"", ""value"": """"}",common_control,"{""device"": """", ""location"": """", ""object"": ""录音"", ""operation"": ""打开"", ""value"": """"}",Y,Y,Y,
设备,设备1090,tv_control,启动录音,common_control,"{""device"": """", ""location"": """", ""object"": ""录音"", ""operation"": ""打开"", ""value"": """"}",common_control,"{""device"": """", ""location"": """", ""object"": ""录音"", ""operation"": ""打开"", ""value"": """"}",Y,Y,Y,
设备,设备1091,tv_control,进入录音,common_control,"{""device"": """", ""location"": """", ""object"": ""录音"", ""operation"": ""打开"", ""value"": """"}",common_control,"{""device"": """", ""location"": """", ""object"": ""录音"", ""operation"": ""打开"", ""value"": """"}",Y,Y,Y,
设备,设备1092,tv_control,打开坐姿检测,smart_camera,"{""device"": """", ""location"": """", ""object"": ""坐姿检测"", ""operation"": ""打开"", ""value"": """"}",smart_camera,"{""device"": """", ""location"": """", ""object"": ""坐姿检测"", ""operation"": ""打开"", ""value"": """"}",Y,Y,Y,
设备,设备1093,tv_control,启动坐姿检测,smart_camera,"{""device"": """", ""location"": """", ""object"": ""坐姿检测"", ""operation"": ""打开"", ""value"": """"}",smart_camera,"{""device"": """", ""location"": """", ""object"": ""坐姿检测"", ""operation"": ""打开"", ""value"": """"}",Y,Y,Y,
设备,设备1094,tv_control,进入坐姿检测,smart_camera,"{""device"": """", ""location"": """", ""object"": ""坐姿检测"", ""operation"": ""打开"", ""value"": """"}",smart_camera,"{""device"": """", ""location"": """", ""object"": ""坐姿检测"", ""operation"": ""打开"", ""value"": """"}",Y,Y,Y,
设备,设备1095,tv_control,画面颜色太鲜艳了帮我调节一下,solve_picture_sound_problem_control,"{""intent"": ""colors_oversaturated""}",solve_picture_sound_problem_control,"{""intent"": ""colors_oversaturated""}",Y,Y,Y,
设备,设备1096,tv_control,画面色彩太重帮我调节一下,solve_picture_sound_problem_control,"{""intent"": ""colors_oversaturated""}",solve_picture_sound_problem_control,"{""intent"": ""colors_oversaturated""}",Y,Y,Y,
设备,设备1097,tv_control,画面看起来太浓了帮我调节一下,solve_picture_sound_problem_control,"{""intent"": ""colors_oversaturated""}",solve_picture_sound_problem_control,"{""intent"": ""colors_oversaturated""}",Y,Y,Y,
设备,设备1098,tv_control,画面颜色有点淡帮我调一下,solve_picture_sound_problem_control,"{""intent"": ""colors_washed_out""}",solve_picture_sound_problem_control,"{""intent"": ""colors_washed_out""}",Y,Y,Y,
设备,设备1099,tv_control,画面不够鲜艳帮我调一下,solve_picture_sound_problem_control,"{""intent"": ""colors_washed_out""}",solve_picture_sound_problem_control,"{""intent"": ""colors_washed_out""}",Y,Y,Y,
设备,设备1100,tv_control,画面色彩不够饱满帮我调一下,solve_picture_sound_problem_control,"{""intent"": ""colors_washed_out""}",solve_picture_sound_problem_control,"{""intent"": ""colors_washed_out""}",Y,Y,Y,
设备,设备1101,tv_control,画面颜色太冷了帮我调一下,solve_picture_sound_problem_control,"{""intent"": ""cold_color_cast""}",solve_picture_sound_problem_control,"{""intent"": ""cold_color_cast""}",Y,Y,Y,
设备,设备1102,tv_control,画面看起来有点偏蓝帮我调一下,solve_picture_sound_problem_control,"{""intent"": ""cold_color_cast""}",solve_picture_sound_problem_control,"{""intent"": ""cold_color_cast""}",Y,Y,Y,
设备,设备1104,tv_control,画面颜色太红了帮我调整一下,solve_picture_sound_problem_control,"{""intent"": ""red_color_cast""}",solve_picture_sound_problem_control,"{""intent"": ""red_color_cast""}",Y,Y,Y,
设备,设备1103,tv_control,画面整体偏蓝色帮我调一下,solve_picture_sound_problem_control,"{""intent"": ""cold_color_cast""}",solve_picture_sound_problem_control,"{""intent"": ""cold_color_cast""}",Y,Y,Y,
设备,设备1105,tv_control,画面整体发红帮我调整一下,solve_picture_sound_problem_control,"{""intent"": ""red_color_cast""}",solve_picture_sound_problem_control,"{""intent"": ""red_color_cast""}",Y,Y,Y,
设备,设备1106,tv_control,画面看起来有点偏红帮我调整一下,solve_picture_sound_problem_control,"{""intent"": ""red_color_cast""}",solve_picture_sound_problem_control,"{""intent"": ""red_color_cast""}",Y,Y,Y,
设备,设备1107,tv_control,画面颜色太黄了帮我调整一下,solve_picture_sound_problem_control,"{""intent"": ""warm_color_cast""}",solve_picture_sound_problem_control,"{""intent"": ""warm_color_cast""}",Y,Y,Y,
设备,设备1108,tv_control,画面整体发黄帮我调整一下,solve_picture_sound_problem_control,"{""intent"": ""warm_color_cast""}",solve_picture_sound_problem_control,"{""intent"": ""warm_color_cast""}",Y,Y,Y,
设备,设备1109,tv_control,画面看起来偏绿帮我调整一下,solve_picture_sound_problem_control,"{""intent"": ""warm_color_cast""}",solve_picture_sound_problem_control,"{""intent"": ""warm_color_cast""}",Y,Y,Y,
设备,设备1110,tv_control,屏幕暗处什么都看不见帮我设置一下,solve_picture_sound_problem_control,"{""intent"": ""dark_areas_crushed""}",solve_picture_sound_problem_control,"{""intent"": ""dark_areas_crushed""}",Y,Y,Y,
设备,设备1111,tv_control,屏幕暗部细节丢失帮我设置一下,solve_picture_sound_problem_control,"{""intent"": ""dark_areas_crushed""}",solve_picture_sound_problem_control,"{""intent"": ""dark_areas_crushed""}",Y,Y,Y,
设备,设备1112,tv_control,屏幕暗场太黑了帮我设置一下,solve_picture_sound_problem_control,"{""intent"": ""dark_areas_crushed""}",solve_picture_sound_problem_control,"{""intent"": ""dark_areas_crushed""}",Y,Y,Y,
设备,设备1113,tv_control,屏幕亮处过曝了帮我修改一下,solve_picture_sound_problem_control,"{""intent"": ""highlights_overexposed""}",solve_picture_sound_problem_control,"{""intent"": ""highlights_overexposed""}",Y,Y,Y,
设备,设备1114,tv_control,屏幕高光细节没了帮我修改一下,solve_picture_sound_problem_control,"{""intent"": ""highlights_overexposed""}",solve_picture_sound_problem_control,"{""intent"": ""highlights_overexposed""}",Y,Y,Y,
设备,设备1115,tv_control,屏幕亮部一片白帮我修改一下,solve_picture_sound_problem_control,"{""intent"": ""highlights_overexposed""}",solve_picture_sound_problem_control,"{""intent"": ""highlights_overexposed""}",Y,Y,Y,
设备,设备1116,tv_control,屏幕有点糊帮我修改一下,solve_picture_sound_problem_control,"{""intent"": ""lack_of_clarity""}",solve_picture_sound_problem_control,"{""intent"": ""lack_of_clarity""}",Y,Y,Y,
设备,设备1117,tv_control,屏幕清晰度不够帮我修改一下,solve_picture_sound_problem_control,"{""intent"": ""lack_of_clarity""}",solve_picture_sound_problem_control,"{""intent"": ""lack_of_clarity""}",Y,Y,Y,
设备,设备1118,tv_control,屏幕不够锐利帮我修改一下,solve_picture_sound_problem_control,"{""intent"": ""lack_of_clarity""}",solve_picture_sound_problem_control,"{""intent"": ""lack_of_clarity""}",Y,Y,Y,
设备,设备1119,tv_control,屏幕有噪点帮我修改一下,solve_picture_sound_problem_control,"{""intent"": ""image_noise_obvious""}",solve_picture_sound_problem_control,"{""intent"": ""image_noise_obvious""}",Y,Y,Y,
设备,设备1121,tv_control,屏幕不够干净帮我修改一下,solve_picture_sound_problem_control,"{""intent"": ""image_noise_obvious""}",solve_picture_sound_problem_control,"{""intent"": ""image_noise_obvious""}",Y,Y,Y,
设备,设备1120,tv_control,屏幕像有雪花一样帮我修改一下,solve_picture_sound_problem_control,"{""intent"": ""image_noise_obvious""}",solve_picture_sound_problem_control,"{""intent"": ""image_noise_obvious""}",Y,Y,Y,
设备,设备1122,tv_control,运动画面卡顿帮我调节一下,display_control,"{""device"": """", ""location"": """", ""object"": ""运动补偿"", ""operation"": ""打开"", ""value"": """"}",display_control,"{""device"": """", ""location"": """", ""object"": ""运动补偿"", ""operation"": ""打开"", ""value"": """"}",Y,Y,Y,
设备,设备1123,tv_control,运动不流畅帮我调节一下,display_control,"{""device"": """", ""location"": """", ""object"": ""运动补偿"", ""operation"": ""打开"", ""value"": """"}",display_control,"{""device"": """", ""location"": """", ""object"": ""运动补偿"", ""operation"": ""打开"", ""value"": """"}",Y,Y,Y,
设备,设备1124,tv_control,运动补偿开一下,display_control,"{""device"": """", ""location"": """", ""object"": ""运动补偿"", ""operation"": ""打开"", ""value"": """"}",display_control,"{""device"": """", ""location"": """", ""object"": ""运动补偿"", ""operation"": ""打开"", ""value"": """"}",Y,Y,Y,
设备,设备1125,tv_control,运动画面有拖尾帮我调节一下,solve_picture_sound_problem_control,"{""intent"": ""motion_not_sharp""}",solve_picture_sound_problem_control,"{""intent"": ""motion_not_sharp""}",Y,Y,Y,
设备,设备1126,tv_control,运动画面不清晰帮我调节一下,solve_picture_sound_problem_control,"{""intent"": ""motion_not_sharp""}",solve_picture_sound_problem_control,"{""intent"": ""motion_not_sharp""}",Y,Y,Y,
设备,设备1127,tv_control,运动增强开一下,solve_picture_sound_problem_control,"{""intent"": ""motion_not_sharp""}",solve_picture_sound_problem_control,"{""intent"": ""motion_not_sharp""}",Y,Y,Y,
设备,设备1128,tv_control,太刺眼帮我调节一下,solve_picture_sound_problem_control,"{""intent"": ""poor_eye_comfort""}",solve_picture_sound_problem_control,"{""intent"": ""poor_eye_comfort""}",Y,Y,Y,
设备,设备1129,tv_control,还原电影色彩,solve_picture_sound_problem_control,"{""intent"": ""image_mode_movie""}",solve_picture_sound_problem_control,"{""intent"": ""image_mode_movie""}",Y,Y,Y,
设备,设备1130,tv_control,画面亮度老是自己变帮我调节一下,solve_picture_sound_problem_control,"{""intent"": ""flickering_brightness""}",solve_picture_sound_problem_control,"{""intent"": ""flickering_brightness""}",Y,Y,Y,
设备,设备1131,tv_control,画面忽明忽暗的帮我调节一下,solve_picture_sound_problem_control,"{""intent"": ""flickering_brightness""}",solve_picture_sound_problem_control,"{""intent"": ""flickering_brightness""}",Y,Y,Y,
设备,设备1132,tv_control,画面自动调光关掉帮我调节一下,solve_picture_sound_problem_control,"{""intent"": ""flickering_brightness""}",solve_picture_sound_problem_control,"{""intent"": ""flickering_brightness""}",Y,Y,Y,
设备,设备1133,tv_control,开AI画质模式,mode_control,"{""device"": """", ""location"": """", ""object"": """", ""operation"": ""设置"", ""value"": ""ai画质""}",mode_control,"{""device"": """", ""location"": """", ""object"": """", ""operation"": ""设置"", ""value"": ""ai画质""}",Y,Y,Y,
设备,设备1134,tv_control,自动调画质,mode_control,"{""device"": """", ""location"": """", ""object"": """", ""operation"": ""设置"", ""value"": ""ai画质""}",mode_control,"{""device"": """", ""location"": """", ""object"": """", ""operation"": ""设置"", ""value"": ""ai画质""}",Y,Y,Y,
设备,设备1136,tv_control,人声听不清,solve_picture_sound_problem_control,"{""intent"": ""voice_not_clear""}",solve_picture_sound_problem_control,"{""intent"": ""voice_not_clear""}",Y,Y,Y,
设备,设备1138,tv_control,说话声音不清楚,solve_picture_sound_problem_control,"{""intent"": ""voice_not_clear""}",solve_picture_sound_problem_control,"{""intent"": ""voice_not_clear""}",Y,Y,Y,
设备,设备1135,tv_control,开智能画质,mode_control,"{""device"": """", ""location"": """", ""object"": """", ""operation"": ""设置"", ""value"": ""ai画质""}",mode_control,"{""device"": """", ""location"": """", ""object"": """", ""operation"": ""设置"", ""value"": ""ai画质""}",Y,Y,Y,
设备,设备1137,tv_control,对话声音小,solve_picture_sound_problem_control,"{""intent"": ""voice_not_clear""}",solve_picture_sound_problem_control,"{""intent"": ""voice_not_clear""}",Y,Y,Y,
设备,设备1139,tv_control,声音没有立体感,solve_picture_sound_problem_control,"{""intent"": ""lack_stereo_surround""}",solve_picture_sound_problem_control,"{""intent"": ""lack_stereo_surround""}",Y,Y,Y,
设备,设备1140,tv_control,环绕效果不好,solve_picture_sound_problem_control,"{""intent"": ""lack_stereo_surround""}",solve_picture_sound_problem_control,"{""intent"": ""lack_stereo_surround""}",Y,Y,Y,
设备,设备1141,tv_control,声音太平面,solve_picture_sound_problem_control,"{""intent"": ""lack_stereo_surround""}",solve_picture_sound_problem_control,"{""intent"": ""lack_stereo_surround""}",Y,Y,Y,
