域,row,intent,query,gold_tool,gold_params,pred_tool,pred_params,tool_ok,param_ok,both_ok,param_diff
教育,教育2,edu_keyword_search,高三的物理,edu_search,"{""query"": {""and"": [{""field"": ""grade"", ""value"": ""高三""}, {""field"": ""first_subject"", ""value"": ""物理""}, {""field"": ""k12_category"", ""operator"": ""or"", ""values"": [""同步课"", ""同步拓展课""]}]}}",edu_search,"{""query"": {""and"": [{""field"": ""grade"", ""value"": ""高三""}, {""field"": ""first_subject"", ""value"": ""物理""}, {""field"": ""k12_category"", ""operator"": ""or"", ""values"": [""同步课"", ""同步拓展课""]}]}}",Y,Y,Y,
教育,教育4,edu_keyword_search,1年级语文上人教版,edu_search,"{""query"": {""and"": [{""field"": ""grade"", ""value"": ""一年级""}, {""field"": ""first_subject"", ""value"": ""语文""}, {""field"": ""semester"", ""value"": ""上半学期""}, {""field"": ""material_version"", ""value"": ""人教版""}, {""field"": ""k12_category"", ""operator"": ""or"", ""values"": [""同步课"", ""同步拓展课""]}]}}",edu_search,"{""query"": {""and"": [{""field"": ""grade"", ""value"": ""一年级""}, {""field"": ""semester"", ""value"": ""上半学期""}, {""field"": ""material_version"", ""value"": ""人教版""}, {""field"": ""first_subject"", ""value"": ""语文""}, {""field"": ""k12_category"", ""operator"": ""or"", ""values"": [""同步课"", ""同步拓展课""]}]}}",Y,Y,Y,
教育,教育3,edu_keyword_search,初一语文湘教版同步课,edu_search,"{""query"": {""and"": [{""field"": ""grade"", ""value"": ""七年级""}, {""field"": ""first_subject"", ""value"": ""语文""}, {""field"": ""material_version"", ""value"": ""湘教版""}, {""field"": ""k12_category"", ""operator"": ""or"", ""values"": [""同步课"", ""同步拓展课""]}]}}",edu_search,"{""query"": {""and"": [{""field"": ""grade"", ""value"": ""七年级""}, {""field"": ""material_version"", ""value"": ""湘教版""}, {""field"": ""first_subject"", ""value"": ""语文""}, {""field"": ""k12_category"", ""operator"": ""or"", ""values"": [""同步课"", ""同步拓展课""]}]}}",Y,Y,Y,
教育,教育5,edu_keyword_search,人教版小学语文三年级,edu_search,"{""query"": {""and"": [{""field"": ""figures"", ""value"": ""小学""}, {""field"": ""grade"", ""value"": ""三年级""}, {""field"": ""first_subject"", ""value"": ""语文""}, {""field"": ""material_version"", ""value"": ""人教版""}, {""field"": ""k12_category"", ""operator"": ""or"", ""values"": [""同步课"", ""同步拓展课""]}]}}",edu_search,"{""query"": {""and"": [{""field"": ""figures"", ""value"": ""小学""}, {""field"": ""grade"", ""value"": ""三年级""}, {""field"": ""first_subject"", ""value"": ""语文""}, {""field"": ""material_version"", ""value"": ""人教版""}, {""field"": ""k12_category"", ""operator"": ""or"", ""values"": [""同步课"", ""同步拓展课""]}]}}",Y,Y,Y,
教育,教育9,edu_keyword_search,苏教版小学英语,edu_search,"{""query"": {""and"": [{""field"": ""figures"", ""value"": ""小学""}, {""field"": ""first_subject"", ""value"": ""英语""}, {""field"": ""material_version"", ""value"": ""苏教版""}, {""field"": ""k12_category"", ""operator"": ""or"", ""values"": [""同步课"", ""同步拓展课""]}]}}",edu_search,"{""query"": {""and"": [{""field"": ""figures"", ""value"": ""小学""}, {""field"": ""material_version"", ""value"": ""苏教版""}, {""field"": ""first_subject"", ""value"": ""英语""}, {""field"": ""k12_category"", ""operator"": ""or"", ""values"": [""同步课"", ""同步拓展课""]}]}}",Y,Y,Y,
教育,教育7,edu_keyword_search,播放人教版地理七年级历史上册,edu_search,"{""query"": {""and"": [{""field"": ""material_version"", ""value"": ""人教版""}, {""field"": ""first_subject"", ""operator"": ""or"", ""values"": [""地理"", ""历史""]}, {""field"": ""grade"", ""value"": ""七年级""}, {""field"": ""semester"", ""value"": ""上半学期""}, {""field"": ""k12_category"", ""operator"": ""or"", ""values"": [""同步课"", ""同步拓展课""]}]}}",edu_search,"{""query"": {""and"": [{""field"": ""grade"", ""value"": ""七年级""}, {""field"": ""semester"", ""value"": ""上半学期""}, {""field"": ""material_version"", ""value"": ""人教版""}, {""field"": ""first_subject"", ""operator"": ""or"", ""values"": [""历史"", ""地理""]}, {""field"": ""k12_category"", ""operator"": ""or"", ""values"": [""同步课"", ""同步拓展课""]}]}}",Y,Y,Y,
教育,教育8,edu_keyword_search,九年级化学沪科版视频,edu_search,"{""query"": {""and"": [{""field"": ""grade"", ""value"": ""九年级""}, {""field"": ""first_subject"", ""value"": ""化学""}, {""field"": ""material_version"", ""value"": ""沪科版""}, {""field"": ""k12_category"", ""operator"": ""or"", ""values"": [""同步课"", ""同步拓展课""]}]}}",edu_search,"{""query"": {""and"": [{""field"": ""grade"", ""value"": ""九年级""}, {""field"": ""material_version"", ""value"": ""沪科版""}, {""field"": ""first_subject"", ""value"": ""化学""}, {""field"": ""k12_category"", ""operator"": ""or"", ""values"": [""同步课"", ""同步拓展课""]}]}}",Y,Y,Y,
教育,教育6,edu_keyword_search,2025年3年级上册人教版英语,edu_search,"{""query"": {""and"": [{""field"": ""grade"", ""value"": ""三年级""}, {""field"": ""semester"", ""value"": ""上半学期""}, {""field"": ""first_subject"", ""value"": ""英语""}, {""field"": ""material_version"", ""value"": ""人教版""}, {""field"": ""k12_category"", ""operator"": ""or"", ""values"": [""同步课"", ""同步拓展课""]}]}}",edu_search,"{""query"": {""and"": [{""field"": ""grade"", ""value"": ""三年级""}, {""field"": ""semester"", ""value"": ""上半学期""}, {""field"": ""material_version"", ""value"": ""人教版""}, {""field"": ""first_subject"", ""value"": ""英语""}, {""field"": ""k12_category"", ""operator"": ""or"", ""values"": [""同步课"", ""同步拓展课""]}]}}",Y,Y,Y,
教育,教育10,edu_keyword_search,2025年3年级上册人教版英语,edu_search,"{""query"": {""and"": [{""field"": ""grade"", ""value"": ""三年级""}, {""field"": ""semester"", ""value"": ""上半学期""}, {""field"": ""first_subject"", ""value"": ""英语""}, {""field"": ""material_version"", ""value"": ""人教版""}, {""field"": ""k12_category"", ""operator"": ""or"", ""values"": [""同步课"", ""同步拓展课""]}]}}",edu_search,"{""query"": {""and"": [{""field"": ""grade"", ""value"": ""三年级""}, {""field"": ""semester"", ""value"": ""上半学期""}, {""field"": ""material_version"", ""value"": ""人教版""}, {""field"": ""first_subject"", ""value"": ""英语""}, {""field"": ""k12_category"", ""operator"": ""or"", ""values"": [""同步课"", ""同步拓展课""]}]}}",Y,Y,Y,
教育,教育13,edu_keyword_search,1年级的人教版,edu_search,"{""query"": {""and"": [{""field"": ""grade"", ""value"": ""一年级""}, {""field"": ""material_version"", ""value"": ""人教版""}, {""field"": ""k12_category"", ""operator"": ""or"", ""values"": [""同步课"", ""同步拓展课""]}]}}",edu_search,"{""query"": {""and"": [{""field"": ""grade"", ""value"": ""一年级""}, {""field"": ""material_version"", ""value"": ""人教版""}, {""field"": ""k12_category"", ""operator"": ""or"", ""values"": [""同步课"", ""同步拓展课""]}]}}",Y,Y,Y,
教育,教育11,edu_keyword_search,播放人教版七年级历史上册,edu_search,"{""query"": {""and"": [{""field"": ""material_version"", ""value"": ""人教版""}, {""field"": ""first_subject"", ""values"": [""历史""]}, {""field"": ""grade"", ""value"": ""七年级""}, {""field"": ""semester"", ""value"": ""上半学期""}, {""field"": ""k12_category"", ""operator"": ""or"", ""values"": [""同步课"", ""同步拓展课""]}]}}",edu_search,"{""query"": {""and"": [{""field"": ""material_version"", ""value"": ""人教版""}, {""field"": ""first_subject"", ""values"": [""历史""]}, {""field"": ""grade"", ""value"": ""七年级""}, {""field"": ""semester"", ""value"": ""上半学期""}, {""field"": ""k12_category"", ""operator"": ""or"", ""values"": [""同步课"", ""同步拓展课""]}]}}",Y,Y,Y,
教育,教育12,edu_keyword_search,二年级上册数学青岛版,edu_search,"{""query"": {""and"": [{""field"": ""grade"", ""value"": ""二年级""}, {""field"": ""semester"", ""value"": ""上半学期""}, {""field"": ""first_subject"", ""value"": ""数学""}, {""field"": ""material_version"", ""value"": ""青岛版""}, {""field"": ""k12_category"", ""operator"": ""or"", ""values"": [""同步课"", ""同步拓展课""]}]}}",edu_search,"{""query"": {""and"": [{""field"": ""grade"", ""value"": ""二年级""}, {""field"": ""semester"", ""value"": ""上半学期""}, {""field"": ""material_version"", ""value"": ""青岛版""}, {""field"": ""first_subject"", ""value"": ""数学""}, {""field"": ""k12_category"", ""operator"": ""or"", ""values"": [""同步课"", ""同步拓展课""]}]}}",Y,Y,Y,
教育,教育14,edu_keyword_search,我想学3年级北师大版的英语,edu_search,"{""query"": {""and"": [{""field"": ""grade"", ""value"": ""三年级""}, {""field"": ""first_subject"", ""value"": ""英语""}, {""field"": ""material_version"", ""value"": ""北师大版""}, {""field"": ""k12_category"", ""operator"": ""or"", ""values"": [""同步课"", ""同步拓展课""]}]}}",edu_search,"{""query"": {""and"": [{""field"": ""grade"", ""value"": ""三年级""}, {""field"": ""material_version"", ""value"": ""北师大版""}, {""field"": ""first_subject"", ""value"": ""英语""}, {""field"": ""k12_category"", ""operator"": ""or"", ""values"": [""同步课"", ""同步拓展课""]}]}}",Y,Y,Y,
教育,教育15,edu_keyword_search,初中三年级语文上册鄂教版课文朗读,edu_search,"{""query"": {""and"": [{""field"": ""grade"", ""value"": ""九年级""}, {""field"": ""first_subject"", ""value"": ""语文""}, {""field"": ""semester"", ""value"": ""上半学期""}, {""field"": ""material_version"", ""value"": ""鄂教版""}, {""field"": ""k12_category"", ""operator"": ""or"", ""values"": [""同步课"", ""同步拓展课""]}]}}",edu_search,"{""query"": {""and"": [{""field"": ""grade"", ""value"": ""九年级""}, {""field"": ""semester"", ""value"": ""上半学期""}, {""field"": ""material_version"", ""value"": ""鄂教版""}, {""field"": ""first_subject"", ""value"": ""语文""}, {""field"": ""k12_category"", ""operator"": ""or"", ""values"": [""同步课"", ""同步拓展课""]}]}}",Y,Y,Y,
教育,教育16,edu_keyword_search,人教版小学语文三年级上册课程,edu_search,"{""query"": {""and"": [{""field"": ""grade"", ""value"": ""三年级""}, {""field"": ""first_subject"", ""value"": ""语文""}, {""field"": ""material_version"", ""value"": ""人教版""}, {""field"": ""semester"", ""value"": ""上半学期""}, {""field"": ""k12_category"", ""operator"": ""or"", ""values"": [""同步课"", ""同步拓展课""]}]}}",edu_search,"{""query"": {""and"": [{""field"": ""grade"", ""value"": ""三年级""}, {""field"": ""semester"", ""value"": ""上半学期""}, {""field"": ""material_version"", ""value"": ""人教版""}, {""field"": ""first_subject"", ""value"": ""语文""}, {""field"": ""k12_category"", ""operator"": ""or"", ""values"": [""同步课"", ""同步拓展课""]}]}}",Y,Y,Y,
教育,教育17,edu_keyword_search,放高一人民教育出版社物理,edu_search,"{""query"": {""and"": [{""field"": ""grade"", ""value"": ""高一""}, {""field"": ""first_subject"", ""value"": ""物理""}, {""field"": ""material_version"", ""value"": ""人教版""}, {""field"": ""k12_category"", ""operator"": ""or"", ""values"": [""同步课"", ""同步拓展课""]}]}}",edu_search,"{""query"": {""and"": [{""field"": ""grade"", ""value"": ""高一""}, {""field"": ""material_version"", ""value"": ""人教版""}, {""field"": ""first_subject"", ""value"": ""物理""}, {""field"": ""k12_category"", ""operator"": ""or"", ""values"": [""同步课"", ""同步拓展课""]}]}}",Y,Y,Y,
教育,教育19,edu_keyword_search,7年级下册人教版历史,edu_search,"{""query"": {""and"": [{""field"": ""grade"", ""value"": ""七年级""}, {""field"": ""first_subject"", ""value"": ""历史""}, {""field"": ""material_version"", ""value"": ""人教版""}, {""field"": ""semester"", ""value"": ""下半学期""}, {""field"": ""k12_category"", ""operator"": ""or"", ""values"": [""同步课"", ""同步拓展课""]}]}}",edu_search,"{""query"": {""and"": [{""field"": ""grade"", ""value"": ""七年级""}, {""field"": ""semester"", ""value"": ""下半学期""}, {""field"": ""material_version"", ""value"": ""人教版""}, {""field"": ""first_subject"", ""value"": ""历史""}, {""field"": ""k12_category"", ""operator"": ""or"", ""values"": [""同步课"", ""同步拓展课""]}]}}",Y,Y,Y,
教育,教育18,edu_keyword_search,7年级上册2024年人教版历史书,edu_search,"{""query"": {""and"": [{""field"": ""grade"", ""value"": ""七年级""}, {""field"": ""first_subject"", ""value"": ""历史""}, {""field"": ""material_version"", ""value"": ""人教版""}, {""field"": ""semester"", ""value"": ""上半学期""}, {""field"": ""k12_category"", ""operator"": ""or"", ""values"": [""同步课"", ""同步拓展课""]}]}}",edu_search,"{""query"": {""and"": [{""field"": ""grade"", ""value"": ""七年级""}, {""field"": ""semester"", ""value"": ""上半学期""}, {""field"": ""material_version"", ""value"": ""人教版""}, {""field"": ""first_subject"", ""value"": ""历史""}, {""field"": ""k12_category"", ""operator"": ""or"", ""values"": [""同步课"", ""同步拓展课""]}]}}",Y,Y,Y,
教育,教育21,edu_keyword_search,人教版七年级上册政治,edu_search,"{""query"": {""and"": [{""field"": ""grade"", ""value"": ""七年级""}, {""field"": ""first_subject"", ""value"": ""政治""}, {""field"": ""material_version"", ""value"": ""人教版""}, {""field"": ""semester"", ""value"": ""上半学期""}, {""field"": ""k12_category"", ""operator"": ""or"", ""values"": [""同步课"", ""同步拓展课""]}]}}",edu_search,"{""query"": {""and"": [{""field"": ""grade"", ""value"": ""七年级""}, {""field"": ""semester"", ""value"": ""上半学期""}, {""field"": ""material_version"", ""value"": ""人教版""}, {""field"": ""first_subject"", ""value"": ""政治""}, {""field"": ""k12_category"", ""operator"": ""or"", ""values"": [""同步课"", ""同步拓展课""]}]}}",Y,Y,Y,
教育,教育20,edu_keyword_search,三年级上册数学人教版教案,edu_search,"{""query"": {""and"": [{""field"": ""grade"", ""value"": ""三年级""}, {""field"": ""first_subject"", ""value"": ""数学""}, {""field"": ""material_version"", ""value"": ""人教版""}, {""field"": ""semester"", ""value"": ""上半学期""}, {""field"": ""k12_category"", ""operator"": ""or"", ""values"": [""同步课"", ""同步拓展课""]}]}}",edu_search,"{""query"": {""and"": [{""field"": ""grade"", ""value"": ""三年级""}, {""field"": ""semester"", ""value"": ""上半学期""}, {""field"": ""material_version"", ""value"": ""人教版""}, {""field"": ""first_subject"", ""value"": ""数学""}, {""field"": ""k12_category"", ""operator"": ""or"", ""values"": [""同步课"", ""同步拓展课""]}]}}",Y,Y,Y,
教育,教育23,edu_keyword_search,5年级下册英语人教版,edu_search,"{""query"": {""and"": [{""field"": ""grade"", ""value"": ""五年级""}, {""field"": ""first_subject"", ""value"": ""英语""}, {""field"": ""material_version"", ""value"": ""人教版""}, {""field"": ""semester"", ""value"": ""下半学期""}, {""field"": ""k12_category"", ""operator"": ""or"", ""values"": [""同步课"", ""同步拓展课""]}]}}",edu_search,"{""query"": {""and"": [{""field"": ""grade"", ""value"": ""五年级""}, {""field"": ""semester"", ""value"": ""下半学期""}, {""field"": ""material_version"", ""value"": ""人教版""}, {""field"": ""first_subject"", ""value"": ""英语""}, {""field"": ""k12_category"", ""operator"": ""or"", ""values"": [""同步课"", ""同步拓展课""]}]}}",Y,Y,Y,
教育,教育22,edu_keyword_search,播放新教材九年级化学人教版,edu_search,"{""query"": {""and"": [{""field"": ""grade"", ""value"": ""九年级""}, {""field"": ""first_subject"", ""value"": ""化学""}, {""field"": ""material_version"", ""value"": ""人教版""}, {""field"": ""k12_category"", ""operator"": ""or"", ""values"": [""同步课"", ""同步拓展课""]}]}}",edu_search,"{""query"": {""and"": [{""field"": ""grade"", ""value"": ""九年级""}, {""field"": ""material_version"", ""value"": ""人教版""}, {""field"": ""first_subject"", ""value"": ""化学""}, {""field"": ""k12_category"", ""operator"": ""or"", ""values"": [""同步课"", ""同步拓展课""]}]}}",Y,Y,Y,
教育,教育24,edu_keyword_search,6年级上册英语人民教育出版社,edu_search,"{""query"": {""and"": [{""field"": ""grade"", ""value"": ""六年级""}, {""field"": ""first_subject"", ""value"": ""英语""}, {""field"": ""material_version"", ""value"": ""人教版""}, {""field"": ""semester"", ""value"": ""上半学期""}, {""field"": ""k12_category"", ""operator"": ""or"", ""values"": [""同步课"", ""同步拓展课""]}]}}",edu_search,"{""query"": {""and"": [{""field"": ""grade"", ""value"": ""六年级""}, {""field"": ""semester"", ""value"": ""上半学期""}, {""field"": ""material_version"", ""value"": ""人教版""}, {""field"": ""first_subject"", ""value"": ""英语""}, {""field"": ""k12_category"", ""operator"": ""or"", ""values"": [""同步课"", ""同步拓展课""]}]}}",Y,Y,Y,
教育,教育26,edu_keyword_search,播放1年级上册,edu_search,"{""query"": {""and"": [{""field"": ""grade"", ""value"": ""一年级""}, {""field"": ""semester"", ""value"": ""上半学期""}, {""field"": ""k12_category"", ""operator"": ""or"", ""values"": [""同步课"", ""同步拓展课""]}]}}",edu_search,"{""query"": {""and"": [{""field"": ""grade"", ""value"": ""一年级""}, {""field"": ""semester"", ""value"": ""上半学期""}, {""field"": ""k12_category"", ""operator"": ""or"", ""values"": [""同步课"", ""同步拓展课""]}]}}",Y,Y,Y,
教育,教育27,edu_keyword_search,3年级教育,edu_search,"{""query"": {""and"": [{""field"": ""grade"", ""value"": ""三年级""}, {""field"": ""k12_category"", ""operator"": ""or"", ""values"": [""同步课"", ""同步拓展课""]}]}}",edu_search,"{""query"": {""and"": [{""field"": ""grade"", ""value"": ""三年级""}, {""field"": ""k12_category"", ""operator"": ""or"", ""values"": [""同步课"", ""同步拓展课""]}]}}",Y,Y,Y,
教育,教育28,edu_keyword_search,查看高一高二高三同步教材,edu_search,"{""query"": {""and"": [{""field"": ""grade"", ""operator"": ""or"", ""values"": [""高一"", ""高二"", ""高三""]}, {""field"": ""k12_category"", ""operator"": ""or"", ""values"": [""同步课"", ""同步拓展课""]}]}}",edu_search,"{""query"": {""and"": [{""field"": ""grade"", ""operator"": ""or"", ""values"": [""高一"", ""高二"", ""高三""]}, {""field"": ""k12_category"", ""operator"": ""or"", ""values"": [""同步课"", ""同步拓展课""]}]}}",Y,Y,Y,
教育,教育29,edu_keyword_search,有初中二年级的课程吗,edu_search,"{""query"": {""and"": [{""field"": ""grade"", ""value"": ""八年级""}, {""field"": ""k12_category"", ""operator"": ""or"", ""values"": [""同步课"", ""同步拓展课""]}]}}",edu_search,"{""query"": {""and"": [{""field"": ""grade"", ""value"": ""八年级""}, {""field"": ""k12_category"", ""operator"": ""or"", ""values"": [""同步课"", ""同步拓展课""]}]}}",Y,Y,Y,
教育,教育25,edu_keyword_search,四年级上册和下册,edu_search,"{""query"": {""and"": [{""field"": ""grade"", ""value"": ""四年级""}, {""field"": ""semester"", ""operator"": ""or"", ""values"": [""上半学期"", ""下半学期""]}, {""field"": ""k12_category"", ""operator"": ""or"", ""values"": [""同步课"", ""同步拓展课""]}]}}",edu_search,"{""query"": {""and"": [{""field"": ""grade"", ""value"": ""四年级""}, {""field"": ""semester"", ""operator"": ""or"", ""values"": [""上半学期"", ""下半学期""]}, {""field"": ""k12_category"", ""operator"": ""or"", ""values"": [""同步课"", ""同步拓展课""]}]}}",Y,Y,Y,
教育,教育30,edu_keyword_search,我要看九年级教材同步课,edu_search,"{""query"": {""and"": [{""field"": ""grade"", ""value"": ""九年级""}, {""field"": ""k12_category"", ""operator"": ""or"", ""values"": [""同步课"", ""同步拓展课""]}]}}",edu_search,"{""query"": {""and"": [{""field"": ""grade"", ""value"": ""九年级""}, {""field"": ""k12_category"", ""operator"": ""or"", ""values"": [""同步课"", ""同步拓展课""]}]}}",Y,Y,Y,
教育,教育33,edu_keyword_search,2年级不花钱免费的数学,edu_search,"{""query"": {""and"": [{""field"": ""grade"", ""value"": ""二年级""}, {""field"": ""first_subject"", ""value"": ""数学""}, {""field"": ""is_fee"", ""value"": 0}, {""field"": ""k12_category"", ""operator"": ""or"", ""values"": [""同步课"", ""同步拓展课""]}]}}",edu_search,"{""query"": {""and"": [{""field"": ""grade"", ""value"": ""二年级""}, {""field"": ""is_fee"", ""value"": 0}, {""field"": ""first_subject"", ""value"": ""数学""}, {""field"": ""k12_category"", ""operator"": ""or"", ""values"": [""同步课"", ""同步拓展课""]}]}}",Y,Y,Y,
教育,教育34,edu_keyword_search,给我播放免费的6年级上册数学人教版,edu_search,"{""query"": {""and"": [{""field"": ""grade"", ""value"": ""六年级""}, {""field"": ""semester"", ""value"": ""上半学期""}, {""field"": ""first_subject"", ""value"": ""数学""}, {""field"": ""material_version"", ""value"": ""人教版""}, {""field"": ""is_fee"", ""value"": 0}, {""field"": ""k12_category"", ""operator"": ""or"", ""values"": [""同步课"", ""同步拓展课""]}]}}",edu_search,"{""query"": {""and"": [{""field"": ""grade"", ""value"": ""六年级""}, {""field"": ""semester"", ""value"": ""上半学期""}, {""field"": ""material_version"", ""value"": ""人教版""}, {""field"": ""is_fee"", ""value"": 0}, {""field"": ""first_subject"", ""value"": ""数学""}, {""field"": ""k12_category"", ""operator"": ""or"", ""values"": [""同步课"", ""同步拓展课""]}]}}",Y,Y,Y,
教育,教育31,edu_keyword_search,7年级的书本下册,edu_search,"{""query"": {""and"": [{""field"": ""grade"", ""value"": ""七年级""}, {""field"": ""semester"", ""value"": ""下半学期""}, {""field"": ""k12_category"", ""operator"": ""or"", ""values"": [""同步课"", ""同步拓展课""]}]}}",edu_search,"{""query"": {""and"": [{""field"": ""grade"", ""value"": ""七年级""}, {""field"": ""semester"", ""value"": ""下半学期""}, {""field"": ""k12_category"", ""operator"": ""or"", ""values"": [""同步课"", ""同步拓展课""]}]}}",Y,Y,Y,
教育,教育32,edu_keyword_search,初二下册所有的课文,edu_search,"{""query"": {""and"": [{""field"": ""grade"", ""value"": ""八年级""}, {""field"": ""semester"", ""value"": ""下半学期""}, {""field"": ""k12_category"", ""operator"": ""or"", ""values"": [""同步课"", ""同步拓展课""]}]}}",edu_search,"{""query"": {""and"": [{""field"": ""grade"", ""value"": ""八年级""}, {""field"": ""semester"", ""value"": ""下半学期""}, {""field"": ""k12_category"", ""operator"": ""or"", ""values"": [""同步课"", ""同步拓展课""]}]}}",Y,Y,Y,
教育,教育35,edu_keyword_search,8年级免费的数学题,edu_search,"{""query"": {""and"": [{""field"": ""grade"", ""value"": ""八年级""}, {""field"": ""first_subject"", ""value"": ""数学""}, {""field"": ""is_fee"", ""value"": 0}, {""field"": ""k12_category"", ""operator"": ""or"", ""values"": [""同步课"", ""同步拓展课""]}]}}",edu_search,"{""query"": {""and"": [{""field"": ""grade"", ""value"": ""八年级""}, {""field"": ""is_fee"", ""value"": 0}, {""field"": ""first_subject"", ""value"": ""数学""}, {""field"": ""k12_category"", ""operator"": ""or"", ""values"": [""同步课"", ""同步拓展课""]}]}}",Y,Y,Y,
教育,教育37,edu_keyword_search,3年级上册数学免费,edu_search,"{""query"": {""and"": [{""field"": ""grade"", ""value"": ""三年级""}, {""field"": ""semester"", ""value"": ""上半学期""}, {""field"": ""first_subject"", ""value"": ""数学""}, {""field"": ""is_fee"", ""value"": 0}, {""field"": ""k12_category"", ""operator"": ""or"", ""values"": [""同步课"", ""同步拓展课""]}]}}",edu_search,"{""query"": {""and"": [{""field"": ""grade"", ""value"": ""三年级""}, {""field"": ""semester"", ""value"": ""上半学期""}, {""field"": ""is_fee"", ""value"": 0}, {""field"": ""first_subject"", ""value"": ""数学""}, {""field"": ""k12_category"", ""operator"": ""or"", ""values"": [""同步课"", ""同步拓展课""]}]}}",Y,Y,Y,
教育,教育38,edu_keyword_search,高2年级的数学教学教程免费,edu_search,"{""query"": {""and"": [{""field"": ""grade"", ""value"": ""高二""}, {""field"": ""first_subject"", ""value"": ""数学""}, {""field"": ""is_fee"", ""value"": 0}, {""field"": ""k12_category"", ""operator"": ""or"", ""values"": [""同步课"", ""同步拓展课""]}]}}",edu_search,"{""query"": {""and"": [{""field"": ""grade"", ""value"": ""高二""}, {""field"": ""is_fee"", ""value"": 0}, {""field"": ""first_subject"", ""value"": ""数学""}, {""field"": ""k12_category"", ""operator"": ""or"", ""values"": [""同步课"", ""同步拓展课""]}]}}",Y,Y,Y,
教育,教育39,edu_keyword_search,我想学高二化学,edu_search,"{""query"": {""and"": [{""field"": ""grade"", ""value"": ""高二""}, {""field"": ""first_subject"", ""value"": ""化学""}, {""field"": ""k12_category"", ""operator"": ""or"", ""values"": [""同步课"", ""同步拓展课""]}]}}",edu_search,"{""query"": {""and"": [{""field"": ""grade"", ""value"": ""高二""}, {""field"": ""first_subject"", ""value"": ""化学""}, {""field"": ""k12_category"", ""operator"": ""or"", ""values"": [""同步课"", ""同步拓展课""]}]}}",Y,Y,Y,
教育,教育40,edu_keyword_search,5年级英语书,edu_search,"{""query"": {""and"": [{""field"": ""grade"", ""value"": ""五年级""}, {""field"": ""first_subject"", ""value"": ""英语""}, {""field"": ""k12_category"", ""operator"": ""or"", ""values"": [""同步课"", ""同步拓展课""]}]}}",edu_search,"{""query"": {""and"": [{""field"": ""grade"", ""value"": ""五年级""}, {""field"": ""first_subject"", ""value"": ""英语""}, {""field"": ""k12_category"", ""operator"": ""or"", ""values"": [""同步课"", ""同步拓展课""]}]}}",Y,Y,Y,
教育,教育41,edu_keyword_search,7年级历史下册,edu_search,"{""query"": {""and"": [{""field"": ""grade"", ""value"": ""七年级""}, {""field"": ""semester"", ""value"": ""下半学期""}, {""field"": ""first_subject"", ""value"": ""历史""}, {""field"": ""k12_category"", ""operator"": ""or"", ""values"": [""同步课"", ""同步拓展课""]}]}}",edu_search,"{""query"": {""and"": [{""field"": ""grade"", ""value"": ""七年级""}, {""field"": ""semester"", ""value"": ""下半学期""}, {""field"": ""first_subject"", ""value"": ""历史""}, {""field"": ""k12_category"", ""operator"": ""or"", ""values"": [""同步课"", ""同步拓展课""]}]}}",Y,Y,Y,
教育,教育36,edu_keyword_search,不要钱的科学,edu_search,"{""query"": {""and"": [{""field"": ""first_subject"", ""value"": ""科学""}, {""field"": ""is_fee"", ""value"": 0}, {""field"": ""k12_category"", ""operator"": ""or"", ""values"": [""同步课"", ""同步拓展课""]}]}}",vod_search,"{""action"": ""search"", ""query"": {""and"": [{""field"": ""tag"", ""value"": ""科学""}, {""field"": ""is_fee"", ""value"": 0}]}, ""retext"": ""不要钱的科学""}",N,N,N,"action: gold= pred=""search""; query: gold={""and"": [{""field"": ""first_subject"", ""value"": ""科学""}, {""field"": ""is_fee"", ""value"": 0}, {""field"": ""k12_category"", ""operator"": ""or"", ""values"": [""同步拓展课"", ""同步课""]}]} pred={""and"": [{""field"": ""is_fee"", ""value"": 0}, {""field"": ""tag"", ""value"": ""科学""}]}; retext: gold= pred=""不要钱的科学"""
教育,教育43,edu_keyword_search,八年级数学课程,edu_search,"{""query"": {""and"": [{""field"": ""grade"", ""value"": ""八年级""}, {""field"": ""first_subject"", ""value"": ""数学""}, {""field"": ""k12_category"", ""operator"": ""or"", ""values"": [""同步课"", ""同步拓展课""]}]}}",edu_search,"{""query"": {""and"": [{""field"": ""grade"", ""value"": ""八年级""}, {""field"": ""first_subject"", ""value"": ""数学""}, {""field"": ""k12_category"", ""operator"": ""or"", ""values"": [""同步课"", ""同步拓展课""]}]}}",Y,Y,Y,
教育,教育42,edu_keyword_search,读一下五年级下册第一单元第三篇的英语课文,edu_search,"{""query"": {""and"": [{""field"": ""grade"", ""value"": ""五年级""}, {""field"": ""semester"", ""value"": ""下半学期""}, {""field"": ""first_subject"", ""value"": ""英语""}, {""field"": ""k12_category"", ""operator"": ""or"", ""values"": [""同步课"", ""同步拓展课""]}]}}",edu_search,"{""query"": {""and"": [{""field"": ""grade"", ""value"": ""五年级""}, {""field"": ""semester"", ""value"": ""下半学期""}, {""field"": ""first_subject"", ""value"": ""英语""}, {""field"": ""k12_category"", ""operator"": ""or"", ""values"": [""同步课"", ""同步拓展课""]}]}}",Y,Y,Y,
教育,教育44,edu_keyword_search,点开9年级上册物理,edu_search,"{""query"": {""and"": [{""field"": ""grade"", ""value"": ""九年级""}, {""field"": ""semester"", ""value"": ""上半学期""}, {""field"": ""first_subject"", ""value"": ""物理""}, {""field"": ""k12_category"", ""operator"": ""or"", ""values"": [""同步课"", ""同步拓展课""]}]}}",edu_search,"{""query"": {""and"": [{""field"": ""grade"", ""value"": ""九年级""}, {""field"": ""semester"", ""value"": ""上半学期""}, {""field"": ""first_subject"", ""value"": ""物理""}, {""field"": ""k12_category"", ""operator"": ""or"", ""values"": [""同步课"", ""同步拓展课""]}]}}",Y,Y,Y,
教育,教育45,edu_keyword_search,2年级语文上册,edu_search,"{""query"": {""and"": [{""field"": ""grade"", ""value"": ""二年级""}, {""field"": ""semester"", ""value"": ""上半学期""}, {""field"": ""first_subject"", ""value"": ""语文""}, {""field"": ""k12_category"", ""operator"": ""or"", ""values"": [""同步课"", ""同步拓展课""]}]}}",edu_search,"{""query"": {""and"": [{""field"": ""grade"", ""value"": ""二年级""}, {""field"": ""semester"", ""value"": ""上半学期""}, {""field"": ""first_subject"", ""value"": ""语文""}, {""field"": ""k12_category"", ""operator"": ""or"", ""values"": [""同步课"", ""同步拓展课""]}]}}",Y,Y,Y,
教育,教育47,edu_keyword_search,五年级的语文课本上册,edu_search,"{""query"": {""and"": [{""field"": ""grade"", ""value"": ""五年级""}, {""field"": ""semester"", ""value"": ""上半学期""}, {""field"": ""first_subject"", ""value"": ""语文""}, {""field"": ""k12_category"", ""operator"": ""or"", ""values"": [""同步课"", ""同步拓展课""]}]}}",edu_search,"{""query"": {""and"": [{""field"": ""grade"", ""value"": ""五年级""}, {""field"": ""semester"", ""value"": ""上半学期""}, {""field"": ""first_subject"", ""value"": ""语文""}, {""field"": ""k12_category"", ""operator"": ""or"", ""values"": [""同步课"", ""同步拓展课""]}]}}",Y,Y,Y,
教育,教育46,edu_keyword_search,播放1年级的英语,edu_search,"{""query"": {""and"": [{""field"": ""grade"", ""value"": ""一年级""}, {""field"": ""first_subject"", ""value"": ""英语""}, {""field"": ""k12_category"", ""operator"": ""or"", ""values"": [""同步课"", ""同步拓展课""]}]}}",edu_search,"{""query"": {""and"": [{""field"": ""grade"", ""value"": ""一年级""}, {""field"": ""first_subject"", ""value"": ""英语""}, {""field"": ""k12_category"", ""operator"": ""or"", ""values"": [""同步课"", ""同步拓展课""]}]}}",Y,Y,Y,
教育,教育49,edu_keyword_search,三年级的英语把它放出来,edu_search,"{""query"": {""and"": [{""field"": ""grade"", ""value"": ""三年级""}, {""field"": ""first_subject"", ""value"": ""英语""}, {""field"": ""k12_category"", ""operator"": ""or"", ""values"": [""同步课"", ""同步拓展课""]}]}}",edu_search,"{""query"": {""and"": [{""field"": ""grade"", ""value"": ""三年级""}, {""field"": ""first_subject"", ""value"": ""英语""}, {""field"": ""k12_category"", ""operator"": ""or"", ""values"": [""同步课"", ""同步拓展课""]}]}}",Y,Y,Y,
教育,教育48,edu_keyword_search,6年级的数学教育视频,edu_search,"{""query"": {""and"": [{""field"": ""grade"", ""value"": ""六年级""}, {""field"": ""first_subject"", ""value"": ""数学""}, {""field"": ""k12_category"", ""operator"": ""or"", ""values"": [""同步课"", ""同步拓展课""]}]}}",edu_search,"{""query"": {""and"": [{""field"": ""grade"", ""value"": ""六年级""}, {""field"": ""first_subject"", ""value"": ""数学""}, {""field"": ""k12_category"", ""operator"": ""or"", ""values"": [""同步课"", ""同步拓展课""]}]}}",Y,Y,Y,
教育,教育50,edu_keyword_search,打开九年级的化学课本1~3单元上册,edu_search,"{""query"": {""and"": [{""field"": ""grade"", ""value"": ""九年级""}, {""field"": ""semester"", ""value"": ""上半学期""}, {""field"": ""first_subject"", ""value"": ""化学""}, {""field"": ""k12_category"", ""operator"": ""or"", ""values"": [""同步课"", ""同步拓展课""]}]}}",edu_search,"{""query"": {""and"": [{""field"": ""grade"", ""value"": ""九年级""}, {""field"": ""semester"", ""value"": ""上半学期""}, {""field"": ""first_subject"", ""value"": ""化学""}, {""field"": ""k12_category"", ""operator"": ""or"", ""values"": [""同步课"", ""同步拓展课""]}]}}",Y,Y,Y,
教育,教育51,edu_keyword_search,8年级数学,edu_search,"{""query"": {""and"": [{""field"": ""grade"", ""value"": ""八年级""}, {""field"": ""first_subject"", ""value"": ""数学""}, {""field"": ""k12_category"", ""operator"": ""or"", ""values"": [""同步课"", ""同步拓展课""]}]}}",edu_search,"{""query"": {""and"": [{""field"": ""grade"", ""value"": ""八年级""}, {""field"": ""first_subject"", ""value"": ""数学""}, {""field"": ""k12_category"", ""operator"": ""or"", ""values"": [""同步课"", ""同步拓展课""]}]}}",Y,Y,Y,
教育,教育52,edu_keyword_search,1年级课堂语文课1年级上册,edu_search,"{""query"": {""and"": [{""field"": ""grade"", ""value"": ""一年级""}, {""field"": ""semester"", ""value"": ""上半学期""}, {""field"": ""first_subject"", ""value"": ""语文""}, {""field"": ""k12_category"", ""operator"": ""or"", ""values"": [""同步课"", ""同步拓展课""]}]}}",edu_search,"{""query"": {""and"": [{""field"": ""grade"", ""value"": ""一年级""}, {""field"": ""semester"", ""value"": ""上半学期""}, {""field"": ""first_subject"", ""value"": ""语文""}, {""field"": ""k12_category"", ""operator"": ""or"", ""values"": [""同步课"", ""同步拓展课""]}]}}",Y,Y,Y,
教育,教育54,edu_keyword_search,高中三年级的物理,edu_search,"{""query"": {""and"": [{""field"": ""grade"", ""value"": ""高三""}, {""field"": ""first_subject"", ""value"": ""物理""}, {""field"": ""k12_category"", ""operator"": ""or"", ""values"": [""同步课"", ""同步拓展课""]}]}}",edu_search,"{""query"": {""and"": [{""field"": ""grade"", ""value"": ""高三""}, {""field"": ""first_subject"", ""value"": ""物理""}, {""field"": ""k12_category"", ""operator"": ""or"", ""values"": [""同步课"", ""同步拓展课""]}]}}",Y,Y,Y,
教育,教育56,edu_keyword_search,4年级下册语文,edu_search,"{""query"": {""and"": [{""field"": ""grade"", ""value"": ""四年级""}, {""field"": ""semester"", ""value"": ""下半学期""}, {""field"": ""first_subject"", ""value"": ""语文""}, {""field"": ""k12_category"", ""operator"": ""or"", ""values"": [""同步课"", ""同步拓展课""]}]}}",edu_search,"{""query"": {""and"": [{""field"": ""grade"", ""value"": ""四年级""}, {""field"": ""semester"", ""value"": ""下半学期""}, {""field"": ""first_subject"", ""value"": ""语文""}, {""field"": ""k12_category"", ""operator"": ""or"", ""values"": [""同步课"", ""同步拓展课""]}]}}",Y,Y,Y,
教育,教育55,edu_keyword_search,播放所有高一生物,edu_search,"{""query"": {""and"": [{""field"": ""grade"", ""value"": ""高一""}, {""field"": ""first_subject"", ""value"": ""生物""}, {""field"": ""k12_category"", ""operator"": ""or"", ""values"": [""同步课"", ""同步拓展课""]}]}}",edu_search,"{""query"": {""and"": [{""field"": ""grade"", ""value"": ""高一""}, {""field"": ""first_subject"", ""value"": ""生物""}, {""field"": ""k12_category"", ""operator"": ""or"", ""values"": [""同步课"", ""同步拓展课""]}]}}",Y,Y,Y,
教育,教育57,edu_keyword_search,3年级的语文,edu_search,"{""query"": {""and"": [{""field"": ""grade"", ""value"": ""三年级""}, {""field"": ""first_subject"", ""value"": ""语文""}, {""field"": ""k12_category"", ""operator"": ""or"", ""values"": [""同步课"", ""同步拓展课""]}]}}",edu_search,"{""query"": {""and"": [{""field"": ""grade"", ""value"": ""三年级""}, {""field"": ""first_subject"", ""value"": ""语文""}, {""field"": ""k12_category"", ""operator"": ""or"", ""values"": [""同步课"", ""同步拓展课""]}]}}",Y,Y,Y,
教育,教育53,edu_keyword_search,4年级的数学和语文,edu_search,"{""query"": {""and"": [{""field"": ""grade"", ""value"": ""四年级""}, {""field"": ""first_subject"", ""operator"": ""or"", ""values"": [""语文"", ""数学""]}, {""field"": ""k12_category"", ""operator"": ""or"", ""values"": [""同步课"", ""同步拓展课""]}]}}",edu_search,"{""query"": {""and"": [{""field"": ""grade"", ""value"": ""四年级""}, {""field"": ""first_subject"", ""operator"": ""or"", ""values"": [""语文"", ""数学""]}, {""field"": ""k12_category"", ""operator"": ""or"", ""values"": [""同步课"", ""同步拓展课""]}]}}",Y,Y,Y,
教育,教育58,edu_keyword_search,八年级的物理,edu_search,"{""query"": {""and"": [{""field"": ""grade"", ""value"": ""八年级""}, {""field"": ""first_subject"", ""value"": ""物理""}, {""field"": ""k12_category"", ""operator"": ""or"", ""values"": [""同步课"", ""同步拓展课""]}]}}",edu_search,"{""query"": {""and"": [{""field"": ""grade"", ""value"": ""八年级""}, {""field"": ""first_subject"", ""value"": ""物理""}, {""field"": ""k12_category"", ""operator"": ""or"", ""values"": [""同步课"", ""同步拓展课""]}]}}",Y,Y,Y,
教育,教育60,edu_keyword_search,二年级的语文,edu_search,"{""query"": {""and"": [{""field"": ""figures"", ""value"": ""小学""}, {""field"": ""grade"", ""value"": ""二年级""}, {""field"": ""first_subject"", ""value"": ""语文""}, {""field"": ""k12_category"", ""operator"": ""or"", ""values"": [""同步课"", ""同步拓展课""]}]}}",edu_search,"{""query"": {""and"": [{""field"": ""figures"", ""value"": ""小学""}, {""field"": ""grade"", ""value"": ""二年级""}, {""field"": ""first_subject"", ""value"": ""语文""}, {""field"": ""k12_category"", ""operator"": ""or"", ""values"": [""同步课"", ""同步拓展课""]}]}}",Y,Y,Y,
教育,教育62,edu_keyword_search,1年级下册语文,edu_search,"{""query"": {""and"": [{""field"": ""grade"", ""value"": ""一年级""}, {""field"": ""semester"", ""value"": ""下半学期""}, {""field"": ""first_subject"", ""value"": ""语文""}, {""field"": ""k12_category"", ""operator"": ""or"", ""values"": [""同步课"", ""同步拓展课""]}]}}",edu_search,"{""query"": {""and"": [{""field"": ""grade"", ""value"": ""一年级""}, {""field"": ""semester"", ""value"": ""下半学期""}, {""field"": ""first_subject"", ""value"": ""语文""}, {""field"": ""k12_category"", ""operator"": ""or"", ""values"": [""同步课"", ""同步拓展课""]}]}}",Y,Y,Y,
教育,教育61,edu_keyword_search,8年级上册生物,edu_search,"{""query"": {""and"": [{""field"": ""grade"", ""value"": ""八年级""}, {""field"": ""semester"", ""value"": ""上半学期""}, {""field"": ""first_subject"", ""value"": ""生物""}, {""field"": ""k12_category"", ""operator"": ""or"", ""values"": [""同步课"", ""同步拓展课""]}]}}",edu_search,"{""query"": {""and"": [{""field"": ""grade"", ""value"": ""八年级""}, {""field"": ""semester"", ""value"": ""上半学期""}, {""field"": ""first_subject"", ""value"": ""生物""}, {""field"": ""k12_category"", ""operator"": ""or"", ""values"": [""同步课"", ""同步拓展课""]}]}}",Y,Y,Y,
教育,教育63,edu_keyword_search,9年级的数学,edu_search,"{""query"": {""and"": [{""field"": ""grade"", ""value"": ""九年级""}, {""field"": ""first_subject"", ""value"": ""数学""}, {""field"": ""k12_category"", ""operator"": ""or"", ""values"": [""同步课"", ""同步拓展课""]}]}}",edu_search,"{""query"": {""and"": [{""field"": ""grade"", ""value"": ""九年级""}, {""field"": ""first_subject"", ""value"": ""数学""}, {""field"": ""k12_category"", ""operator"": ""or"", ""values"": [""同步课"", ""同步拓展课""]}]}}",Y,Y,Y,
教育,教育64,edu_keyword_search,适合高中二年级的政治课内容,edu_search,"{""query"": {""and"": [{""field"": ""grade"", ""value"": ""高二""}, {""field"": ""first_subject"", ""value"": ""政治""}, {""field"": ""k12_category"", ""operator"": ""or"", ""values"": [""同步课"", ""同步拓展课""]}]}}",edu_search,"{""query"": {""and"": [{""field"": ""grade"", ""value"": ""高二""}, {""field"": ""first_subject"", ""value"": ""政治""}, {""field"": ""k12_category"", ""operator"": ""or"", ""values"": [""同步课"", ""同步拓展课""]}]}}",Y,Y,Y,
教育,教育65,edu_keyword_search,三年级数学,edu_search,"{""query"": {""and"": [{""field"": ""grade"", ""value"": ""三年级""}, {""field"": ""first_subject"", ""value"": ""数学""}, {""field"": ""k12_category"", ""operator"": ""or"", ""values"": [""同步课"", ""同步拓展课""]}]}}",edu_search,"{""query"": {""and"": [{""field"": ""grade"", ""value"": ""三年级""}, {""field"": ""first_subject"", ""value"": ""数学""}, {""field"": ""k12_category"", ""operator"": ""or"", ""values"": [""同步课"", ""同步拓展课""]}]}}",Y,Y,Y,
教育,教育66,edu_keyword_search,高一上半学期英语,edu_search,"{""query"": {""and"": [{""field"": ""grade"", ""value"": ""高一""}, {""field"": ""semester"", ""value"": ""上半学期""}, {""field"": ""first_subject"", ""value"": ""英语""}, {""field"": ""k12_category"", ""operator"": ""or"", ""values"": [""同步课"", ""同步拓展课""]}]}}",edu_search,"{""query"": {""and"": [{""field"": ""grade"", ""value"": ""高一""}, {""field"": ""semester"", ""value"": ""上半学期""}, {""field"": ""first_subject"", ""value"": ""英语""}, {""field"": ""k12_category"", ""operator"": ""or"", ""values"": [""同步课"", ""同步拓展课""]}]}}",Y,Y,Y,
教育,教育70,edu_keyword_search,免费的初二地理课,edu_search,"{""query"": {""and"": [{""field"": ""grade"", ""value"": ""八年级""}, {""field"": ""first_subject"", ""value"": ""地理""}, {""field"": ""is_fee"", ""value"": 0}, {""field"": ""k12_category"", ""operator"": ""or"", ""values"": [""同步课"", ""同步拓展课""]}]}}",edu_search,"{""query"": {""and"": [{""field"": ""grade"", ""value"": ""八年级""}, {""field"": ""is_fee"", ""value"": 0}, {""field"": ""first_subject"", ""value"": ""地理""}, {""field"": ""k12_category"", ""operator"": ""or"", ""values"": [""同步课"", ""同步拓展课""]}]}}",Y,Y,Y,
教育,教育67,edu_keyword_search,人教版初中七年级历史,edu_search,"{""query"": {""and"": [{""field"": ""grade"", ""value"": ""七年级""}, {""field"": ""first_subject"", ""value"": ""历史""}, {""field"": ""material_version"", ""value"": ""人教版""}, {""field"": ""k12_category"", ""operator"": ""or"", ""values"": [""同步课"", ""同步拓展课""]}]}}",edu_search,"{""query"": {""and"": [{""field"": ""grade"", ""value"": ""七年级""}, {""field"": ""material_version"", ""value"": ""人教版""}, {""field"": ""first_subject"", ""value"": ""历史""}, {""field"": ""k12_category"", ""operator"": ""or"", ""values"": [""同步课"", ""同步拓展课""]}]}}",Y,Y,Y,
教育,教育59,edu_keyword_search,高中物理和数学,edu_search,"{""query"": {""and"": [{""field"": ""figures"", ""value"": ""高中""}, {""or"": [{""field"": ""first_subject"", ""operator"": ""or"", ""values"": [""物理"", ""数学""]}, {""field"": ""k12_category"", ""operator"": ""or"", ""values"": [""同步课"", ""同步拓展课""]}]}]}}",edu_search,"{""query"": {""and"": [{""field"": ""figures"", ""value"": ""高中""}, {""or"": [{""field"": ""first_subject"", ""operator"": ""or"", ""values"": [""物理"", ""数学""]}, {""field"": ""k12_category"", ""operator"": ""or"", ""values"": [""同步课"", ""同步拓展课""]}]}]}}",Y,Y,Y,
教育,教育72,edu_keyword_search,北师大版初中八年级下册，免费的数学或物理,edu_search,"{""query"": {""and"": [{""field"": ""grade"", ""value"": ""八年级""}, {""field"": ""semester"", ""value"": ""下半学期""}, {""field"": ""material_version"", ""value"": ""北师大版""}, {""field"": ""is_fee"", ""value"": 0}, {""field"": ""first_subject"", ""operator"": ""or"", ""values"": [""数学"", ""物理""]}, {""field"": ""k12_category"", ""operator"": ""or"", ""values"": [""同步课"", ""同步拓展课""]}]}}",edu_search,"{""query"": {""and"": [{""field"": ""grade"", ""value"": ""八年级""}, {""field"": ""semester"", ""value"": ""下半学期""}, {""field"": ""material_version"", ""value"": ""北师大版""}, {""field"": ""is_fee"", ""value"": 0}, {""field"": ""first_subject"", ""operator"": ""or"", ""values"": [""数学"", ""物理""]}, {""field"": ""k12_category"", ""operator"": ""or"", ""values"": [""同步课"", ""同步拓展课""]}]}}",Y,Y,Y,
教育,教育73,edu_keyword_search,高三下半学期付费的英语课,edu_search,"{""query"": {""and"": [{""field"": ""grade"", ""value"": ""高三""}, {""field"": ""semester"", ""value"": ""下半学期""}, {""field"": ""first_subject"", ""value"": ""英语""}, {""field"": ""is_fee"", ""value"": 1}, {""field"": ""k12_category"", ""operator"": ""or"", ""values"": [""同步课"", ""同步拓展课""]}]}}",edu_search,"{""query"": {""and"": [{""field"": ""grade"", ""value"": ""高三""}, {""field"": ""semester"", ""value"": ""下半学期""}, {""field"": ""is_fee"", ""value"": 1}, {""field"": ""first_subject"", ""value"": ""英语""}, {""field"": ""k12_category"", ""operator"": ""or"", ""values"": [""同步课"", ""同步拓展课""]}]}}",Y,Y,Y,
教育,教育68,edu_keyword_search,高中的化学或者物理,edu_search,"{""query"": {""and"": [{""field"": ""figures"", ""value"": ""高中""}, {""field"": ""first_subject"", ""operator"": ""or"", ""values"": [""化学"", ""物理""]}, {""field"": ""k12_category"", ""operator"": ""or"", ""values"": [""同步课"", ""同步拓展课""]}]}}",edu_search,"{""query"": {""and"": [{""field"": ""figures"", ""value"": ""高中""}, {""field"": ""first_subject"", ""operator"": ""or"", ""values"": [""物理"", ""化学""]}, {""field"": ""k12_category"", ""operator"": ""or"", ""values"": [""同步课"", ""同步拓展课""]}]}}",Y,Y,Y,
教育,教育69,edu_keyword_search,小学四年级和五年级的语文,edu_search,"{""query"": {""and"": [{""field"": ""grade"", ""values"": [""四年级"", ""五年级""]}, {""field"": ""first_subject"", ""value"": ""语文""}, {""field"": ""k12_category"", ""operator"": ""or"", ""values"": [""同步课"", ""同步拓展课""]}]}}",edu_search,"{""query"": {""and"": [{""field"": ""grade"", ""values"": [""四年级"", ""五年级""]}, {""field"": ""first_subject"", ""value"": ""语文""}, {""field"": ""k12_category"", ""operator"": ""or"", ""values"": [""同步课"", ""同步拓展课""]}]}}",Y,Y,Y,
教育,教育71,edu_keyword_search,高三下半学期，要数学或者物理,edu_search,"{""query"": {""and"": [{""field"": ""grade"", ""value"": ""高三""}, {""field"": ""semester"", ""value"": ""下半学期""}, {""field"": ""first_subject"", ""operator"": ""or"", ""values"": [""数学"", ""物理""]}, {""field"": ""k12_category"", ""operator"": ""or"", ""values"": [""同步课"", ""同步拓展课""]}]}}",edu_search,"{""query"": {""and"": [{""field"": ""grade"", ""value"": ""高三""}, {""field"": ""semester"", ""value"": ""下半学期""}, {""field"": ""first_subject"", ""operator"": ""or"", ""values"": [""数学"", ""物理""]}, {""field"": ""k12_category"", ""operator"": ""or"", ""values"": [""同步课"", ""同步拓展课""]}]}}",Y,Y,Y,
教育,教育74,edu_keyword_search,初中七年级语文，要苏教版或北师大版，但不要免费的,edu_search,"{""query"": {""and"": [{""field"": ""is_fee"", ""value"": 1}, {""field"": ""grade"", ""value"": ""七年级""}, {""field"": ""first_subject"", ""value"": ""语文""}, {""field"": ""material_version"", ""operator"": ""or"", ""values"": [""苏教版"", ""北师大版""]}, {""field"": ""k12_category"", ""operator"": ""or"", ""values"": [""同步课"", ""同步拓展课""]}]}}",edu_search,"{""query"": {""and"": [{""field"": ""grade"", ""value"": ""七年级""}, {""field"": ""material_version"", ""operator"": ""or"", ""values"": [""北师大版"", ""苏教版""]}, {""field"": ""is_fee"", ""value"": 1}, {""field"": ""first_subject"", ""value"": ""语文""}, {""field"": ""k12_category"", ""operator"": ""or"", ""values"": [""同步课"", ""同步拓展课""]}]}}",Y,Y,Y,
教育,教育75,edu_keyword_search,初三化学下册,edu_search,"{""query"": {""and"": [{""field"": ""grade"", ""value"": ""九年级""}, {""field"": ""first_subject"", ""value"": ""化学""}, {""field"": ""semester"", ""value"": ""下半学期""}, {""field"": ""k12_category"", ""operator"": ""or"", ""values"": [""同步课"", ""同步拓展课""]}]}}",edu_search,"{""query"": {""and"": [{""field"": ""grade"", ""value"": ""九年级""}, {""field"": ""semester"", ""value"": ""下半学期""}, {""field"": ""first_subject"", ""value"": ""化学""}, {""field"": ""k12_category"", ""operator"": ""or"", ""values"": [""同步课"", ""同步拓展课""]}]}}",Y,Y,Y,
教育,教育76,edu_keyword_search,初一英语上册人教版,edu_search,"{""query"": {""and"": [{""field"": ""grade"", ""value"": ""七年级""}, {""field"": ""first_subject"", ""value"": ""英语""}, {""field"": ""semester"", ""value"": ""上半学期""}, {""field"": ""material_version"", ""value"": ""人教版""}, {""field"": ""k12_category"", ""operator"": ""or"", ""values"": [""同步课"", ""同步拓展课""]}]}}",edu_search,"{""query"": {""and"": [{""field"": ""grade"", ""value"": ""七年级""}, {""field"": ""semester"", ""value"": ""上半学期""}, {""field"": ""material_version"", ""value"": ""人教版""}, {""field"": ""first_subject"", ""value"": ""英语""}, {""field"": ""k12_category"", ""operator"": ""or"", ""values"": [""同步课"", ""同步拓展课""]}]}}",Y,Y,Y,
教育,教育77,edu_keyword_search,初三年级的数学,edu_search,"{""query"": {""and"": [{""field"": ""grade"", ""value"": ""九年级""}, {""field"": ""first_subject"", ""value"": ""数学""}, {""field"": ""k12_category"", ""operator"": ""or"", ""values"": [""同步课"", ""同步拓展课""]}]}}",edu_search,"{""query"": {""and"": [{""field"": ""grade"", ""value"": ""九年级""}, {""field"": ""first_subject"", ""value"": ""数学""}, {""field"": ""k12_category"", ""operator"": ""or"", ""values"": [""同步课"", ""同步拓展课""]}]}}",Y,Y,Y,
教育,教育78,edu_keyword_search,八年级的英语,edu_search,"{""query"": {""and"": [{""field"": ""grade"", ""value"": ""八年级""}, {""field"": ""first_subject"", ""value"": ""英语""}, {""field"": ""k12_category"", ""operator"": ""or"", ""values"": [""同步课"", ""同步拓展课""]}]}}",edu_search,"{""query"": {""and"": [{""field"": ""grade"", ""value"": ""八年级""}, {""field"": ""first_subject"", ""value"": ""英语""}, {""field"": ""k12_category"", ""operator"": ""or"", ""values"": [""同步课"", ""同步拓展课""]}]}}",Y,Y,Y,
教育,教育79,edu_keyword_search,高中二年级的数学,edu_search,"{""query"": {""and"": [{""field"": ""grade"", ""value"": ""高二""}, {""field"": ""first_subject"", ""value"": ""数学""}, {""field"": ""k12_category"", ""operator"": ""or"", ""values"": [""同步课"", ""同步拓展课""]}]}}",edu_search,"{""query"": {""and"": [{""field"": ""grade"", ""value"": ""高二""}, {""field"": ""first_subject"", ""value"": ""数学""}, {""field"": ""k12_category"", ""operator"": ""or"", ""values"": [""同步课"", ""同步拓展课""]}]}}",Y,Y,Y,
教育,教育80,edu_keyword_search,高2年级的英语,edu_search,"{""query"": {""and"": [{""field"": ""grade"", ""value"": ""高二""}, {""field"": ""first_subject"", ""value"": ""英语""}, {""field"": ""k12_category"", ""operator"": ""or"", ""values"": [""同步课"", ""同步拓展课""]}]}}",edu_search,"{""query"": {""and"": [{""field"": ""grade"", ""value"": ""高二""}, {""field"": ""first_subject"", ""value"": ""英语""}, {""field"": ""k12_category"", ""operator"": ""or"", ""values"": [""同步课"", ""同步拓展课""]}]}}",Y,Y,Y,
教育,教育82,edu_keyword_search,六年级的英语,edu_search,"{""query"": {""and"": [{""field"": ""grade"", ""value"": ""六年级""}, {""field"": ""first_subject"", ""value"": ""英语""}, {""field"": ""k12_category"", ""operator"": ""or"", ""values"": [""同步课"", ""同步拓展课""]}]}}",edu_search,"{""query"": {""and"": [{""field"": ""grade"", ""value"": ""六年级""}, {""field"": ""first_subject"", ""value"": ""英语""}, {""field"": ""k12_category"", ""operator"": ""or"", ""values"": [""同步课"", ""同步拓展课""]}]}}",Y,Y,Y,
教育,教育81,edu_keyword_search,人民教育出版社六年级数学,edu_search,"{""query"": {""and"": [{""field"": ""grade"", ""value"": ""六年级""}, {""field"": ""first_subject"", ""value"": ""数学""}, {""field"": ""material_version"", ""value"": ""人教版""}, {""field"": ""k12_category"", ""operator"": ""or"", ""values"": [""同步课"", ""同步拓展课""]}]}}",edu_search,"{""query"": {""and"": [{""field"": ""grade"", ""value"": ""六年级""}, {""field"": ""material_version"", ""value"": ""人教版""}, {""field"": ""first_subject"", ""value"": ""数学""}, {""field"": ""k12_category"", ""operator"": ""or"", ""values"": [""同步课"", ""同步拓展课""]}]}}",Y,Y,Y,
教育,教育83,edu_keyword_search,五年级数学,edu_search,"{""query"": {""and"": [{""field"": ""grade"", ""value"": ""五年级""}, {""field"": ""first_subject"", ""value"": ""数学""}, {""field"": ""k12_category"", ""operator"": ""or"", ""values"": [""同步课"", ""同步拓展课""]}]}}",edu_search,"{""query"": {""and"": [{""field"": ""grade"", ""value"": ""五年级""}, {""field"": ""first_subject"", ""value"": ""数学""}, {""field"": ""k12_category"", ""operator"": ""or"", ""values"": [""同步课"", ""同步拓展课""]}]}}",Y,Y,Y,
教育,教育84,edu_keyword_search,给我找四年级的语文,edu_search,"{""query"": {""and"": [{""field"": ""grade"", ""value"": ""四年级""}, {""field"": ""first_subject"", ""value"": ""语文""}, {""field"": ""k12_category"", ""operator"": ""or"", ""values"": [""同步课"", ""同步拓展课""]}]}}",edu_search,"{""query"": {""and"": [{""field"": ""grade"", ""value"": ""四年级""}, {""field"": ""first_subject"", ""value"": ""语文""}, {""field"": ""k12_category"", ""operator"": ""or"", ""values"": [""同步课"", ""同步拓展课""]}]}}",Y,Y,Y,
教育,教育87,edu_keyword_search,三年级生物,edu_search,"{""query"": {""and"": [{""field"": ""grade"", ""value"": ""三年级""}, {""field"": ""first_subject"", ""value"": ""生物""}, {""field"": ""k12_category"", ""operator"": ""or"", ""values"": [""同步课"", ""同步拓展课""]}]}}",edu_search,"{""query"": {""and"": [{""field"": ""grade"", ""value"": ""三年级""}, {""field"": ""first_subject"", ""value"": ""生物""}, {""field"": ""k12_category"", ""operator"": ""or"", ""values"": [""同步课"", ""同步拓展课""]}]}}",Y,Y,Y,
教育,教育88,edu_keyword_search,九年级地理,edu_search,"{""query"": {""and"": [{""field"": ""grade"", ""value"": ""九年级""}, {""field"": ""first_subject"", ""value"": ""地理""}, {""field"": ""k12_category"", ""operator"": ""or"", ""values"": [""同步课"", ""同步拓展课""]}]}}",edu_search,"{""query"": {""and"": [{""field"": ""grade"", ""value"": ""九年级""}, {""field"": ""first_subject"", ""value"": ""地理""}, {""field"": ""k12_category"", ""operator"": ""or"", ""values"": [""同步课"", ""同步拓展课""]}]}}",Y,Y,Y,
教育,教育86,edu_keyword_search,来点高二英语,edu_search,"{""query"": {""and"": [{""field"": ""grade"", ""value"": ""高二""}, {""field"": ""first_subject"", ""value"": ""英语""}, {""field"": ""k12_category"", ""operator"": ""or"", ""values"": [""同步课"", ""同步拓展课""]}]}}",edu_search,"{""query"": {""and"": [{""field"": ""grade"", ""value"": ""高二""}, {""field"": ""first_subject"", ""value"": ""英语""}, {""field"": ""k12_category"", ""operator"": ""or"", ""values"": [""同步课"", ""同步拓展课""]}]}}",Y,Y,Y,
教育,教育89,edu_keyword_search,七年级地理下册,edu_search,"{""query"": {""and"": [{""field"": ""grade"", ""value"": ""七年级""}, {""field"": ""first_subject"", ""value"": ""地理""}, {""field"": ""semester"", ""value"": ""下半学期""}, {""field"": ""k12_category"", ""operator"": ""or"", ""values"": [""同步课"", ""同步拓展课""]}]}}",edu_search,"{""query"": {""and"": [{""field"": ""grade"", ""value"": ""七年级""}, {""field"": ""semester"", ""value"": ""下半学期""}, {""field"": ""first_subject"", ""value"": ""地理""}, {""field"": ""k12_category"", ""operator"": ""or"", ""values"": [""同步课"", ""同步拓展课""]}]}}",Y,Y,Y,
教育,教育90,edu_keyword_search,2年级语文上册,edu_search,"{""query"": {""and"": [{""field"": ""grade"", ""value"": ""二年级""}, {""field"": ""first_subject"", ""value"": ""语文""}, {""field"": ""semester"", ""value"": ""上半学期""}, {""field"": ""k12_category"", ""operator"": ""or"", ""values"": [""同步课"", ""同步拓展课""]}]}}",edu_search,"{""query"": {""and"": [{""field"": ""grade"", ""value"": ""二年级""}, {""field"": ""semester"", ""value"": ""上半学期""}, {""field"": ""first_subject"", ""value"": ""语文""}, {""field"": ""k12_category"", ""operator"": ""or"", ""values"": [""同步课"", ""同步拓展课""]}]}}",Y,Y,Y,
教育,教育91,edu_keyword_search,五年级数学下册,edu_search,"{""query"": {""and"": [{""field"": ""grade"", ""value"": ""五年级""}, {""field"": ""first_subject"", ""value"": ""数学""}, {""field"": ""semester"", ""value"": ""下半学期""}, {""field"": ""k12_category"", ""operator"": ""or"", ""values"": [""同步课"", ""同步拓展课""]}]}}",edu_search,"{""query"": {""and"": [{""field"": ""grade"", ""value"": ""五年级""}, {""field"": ""semester"", ""value"": ""下半学期""}, {""field"": ""first_subject"", ""value"": ""数学""}, {""field"": ""k12_category"", ""operator"": ""or"", ""values"": [""同步课"", ""同步拓展课""]}]}}",Y,Y,Y,
教育,教育92,edu_keyword_search,8年级英语上学期,edu_search,"{""query"": {""and"": [{""field"": ""grade"", ""value"": ""八年级""}, {""field"": ""first_subject"", ""value"": ""英语""}, {""field"": ""semester"", ""value"": ""上半学期""}, {""field"": ""k12_category"", ""operator"": ""or"", ""values"": [""同步课"", ""同步拓展课""]}]}}",edu_search,"{""query"": {""and"": [{""field"": ""grade"", ""value"": ""八年级""}, {""field"": ""semester"", ""value"": ""上半学期""}, {""field"": ""first_subject"", ""value"": ""英语""}, {""field"": ""k12_category"", ""operator"": ""or"", ""values"": [""同步课"", ""同步拓展课""]}]}}",Y,Y,Y,
教育,教育93,edu_keyword_search,高二物理上学期,edu_search,"{""query"": {""and"": [{""field"": ""grade"", ""value"": ""高二""}, {""field"": ""first_subject"", ""value"": ""物理""}, {""field"": ""semester"", ""value"": ""上半学期""}, {""field"": ""k12_category"", ""operator"": ""or"", ""values"": [""同步课"", ""同步拓展课""]}]}}",edu_search,"{""query"": {""and"": [{""field"": ""grade"", ""value"": ""高二""}, {""field"": ""semester"", ""value"": ""上半学期""}, {""field"": ""first_subject"", ""value"": ""物理""}, {""field"": ""k12_category"", ""operator"": ""or"", ""values"": [""同步课"", ""同步拓展课""]}]}}",Y,Y,Y,
教育,教育94,edu_keyword_search,高三化学下学期,edu_search,"{""query"": {""and"": [{""field"": ""grade"", ""value"": ""高三""}, {""field"": ""first_subject"", ""value"": ""化学""}, {""field"": ""semester"", ""value"": ""下半学期""}, {""field"": ""k12_category"", ""operator"": ""or"", ""values"": [""同步课"", ""同步拓展课""]}]}}",edu_search,"{""query"": {""and"": [{""field"": ""grade"", ""value"": ""高三""}, {""field"": ""semester"", ""value"": ""下半学期""}, {""field"": ""first_subject"", ""value"": ""化学""}, {""field"": ""k12_category"", ""operator"": ""or"", ""values"": [""同步课"", ""同步拓展课""]}]}}",Y,Y,Y,
教育,教育95,edu_keyword_search,放七年级数学上册,edu_search,"{""query"": {""and"": [{""field"": ""grade"", ""value"": ""七年级""}, {""field"": ""first_subject"", ""value"": ""数学""}, {""field"": ""semester"", ""value"": ""上半学期""}, {""field"": ""k12_category"", ""operator"": ""or"", ""values"": [""同步课"", ""同步拓展课""]}]}}",edu_search,"{""query"": {""and"": [{""field"": ""grade"", ""value"": ""七年级""}, {""field"": ""semester"", ""value"": ""上半学期""}, {""field"": ""first_subject"", ""value"": ""数学""}, {""field"": ""k12_category"", ""operator"": ""or"", ""values"": [""同步课"", ""同步拓展课""]}]}}",Y,Y,Y,
教育,教育96,edu_keyword_search,播放九年级语文下册,edu_search,"{""query"": {""and"": [{""field"": ""grade"", ""value"": ""九年级""}, {""field"": ""first_subject"", ""value"": ""语文""}, {""field"": ""semester"", ""value"": ""下半学期""}, {""field"": ""k12_category"", ""operator"": ""or"", ""values"": [""同步课"", ""同步拓展课""]}]}}",edu_search,"{""query"": {""and"": [{""field"": ""grade"", ""value"": ""九年级""}, {""field"": ""semester"", ""value"": ""下半学期""}, {""field"": ""first_subject"", ""value"": ""语文""}, {""field"": ""k12_category"", ""operator"": ""or"", ""values"": [""同步课"", ""同步拓展课""]}]}}",Y,Y,Y,
教育,教育99,edu_keyword_search,一年级语文上册,edu_search,"{""query"": {""and"": [{""field"": ""grade"", ""value"": ""一年级""}, {""field"": ""first_subject"", ""value"": ""语文""}, {""field"": ""semester"", ""value"": ""上半学期""}, {""field"": ""k12_category"", ""operator"": ""or"", ""values"": [""同步课"", ""同步拓展课""]}]}}",edu_search,"{""query"": {""and"": [{""field"": ""grade"", ""value"": ""一年级""}, {""field"": ""semester"", ""value"": ""上半学期""}, {""field"": ""first_subject"", ""value"": ""语文""}, {""field"": ""k12_category"", ""operator"": ""or"", ""values"": [""同步课"", ""同步拓展课""]}]}}",Y,Y,Y,
教育,教育97,edu_keyword_search,六年级上册英语课本,edu_search,"{""query"": {""and"": [{""field"": ""grade"", ""value"": ""六年级""}, {""field"": ""first_subject"", ""value"": ""英语""}, {""field"": ""semester"", ""value"": ""上半学期""}, {""field"": ""k12_category"", ""operator"": ""or"", ""values"": [""同步课"", ""同步拓展课""]}]}}",edu_search,"{""query"": {""and"": [{""field"": ""grade"", ""value"": ""六年级""}, {""field"": ""semester"", ""value"": ""上半学期""}, {""field"": ""first_subject"", ""value"": ""英语""}, {""field"": ""k12_category"", ""operator"": ""or"", ""values"": [""同步课"", ""同步拓展课""]}]}}",Y,Y,Y,
教育,教育100,edu_keyword_search,三年级数学人教版,edu_search,"{""query"": {""and"": [{""field"": ""grade"", ""value"": ""三年级""}, {""field"": ""first_subject"", ""value"": ""数学""}, {""field"": ""material_version"", ""value"": ""人教版""}, {""field"": ""k12_category"", ""operator"": ""or"", ""values"": [""同步课"", ""同步拓展课""]}]}}",edu_search,"{""query"": {""and"": [{""field"": ""grade"", ""value"": ""三年级""}, {""field"": ""material_version"", ""value"": ""人教版""}, {""field"": ""first_subject"", ""value"": ""数学""}, {""field"": ""k12_category"", ""operator"": ""or"", ""values"": [""同步课"", ""同步拓展课""]}]}}",Y,Y,Y,
教育,教育98,edu_keyword_search,四年级下册科学,edu_search,"{""query"": {""and"": [{""field"": ""grade"", ""value"": ""四年级""}, {""field"": ""first_subject"", ""value"": ""科学""}, {""field"": ""semester"", ""value"": ""下半学期""}, {""field"": ""k12_category"", ""operator"": ""or"", ""values"": [""同步课"", ""同步拓展课""]}]}}",edu_search,"{""query"": {""and"": [{""field"": ""grade"", ""value"": ""四年级""}, {""field"": ""semester"", ""value"": ""下半学期""}, {""field"": ""first_subject"", ""value"": ""科学""}, {""field"": ""k12_category"", ""operator"": ""or"", ""values"": [""同步课"", ""同步拓展课""]}]}}",Y,Y,Y,
教育,教育103,edu_keyword_search,湘教版七年级地理,edu_search,"{""query"": {""and"": [{""field"": ""grade"", ""value"": ""七年级""}, {""field"": ""first_subject"", ""value"": ""地理""}, {""field"": ""material_version"", ""value"": ""湘教版""}, {""field"": ""k12_category"", ""operator"": ""or"", ""values"": [""同步课"", ""同步拓展课""]}]}}",edu_search,"{""query"": {""and"": [{""field"": ""grade"", ""value"": ""七年级""}, {""field"": ""material_version"", ""value"": ""湘教版""}, {""field"": ""first_subject"", ""value"": ""地理""}, {""field"": ""k12_category"", ""operator"": ""or"", ""values"": [""同步课"", ""同步拓展课""]}]}}",Y,Y,Y,
教育,教育101,edu_keyword_search,沪科版九年级物理,edu_search,"{""query"": {""and"": [{""field"": ""grade"", ""value"": ""九年级""}, {""field"": ""first_subject"", ""value"": ""物理""}, {""field"": ""material_version"", ""value"": ""沪科版""}, {""field"": ""k12_category"", ""operator"": ""or"", ""values"": [""同步课"", ""同步拓展课""]}]}}",edu_search,"{""query"": {""and"": [{""field"": ""grade"", ""value"": ""九年级""}, {""field"": ""material_version"", ""value"": ""沪科版""}, {""field"": ""first_subject"", ""value"": ""物理""}, {""field"": ""k12_category"", ""operator"": ""or"", ""values"": [""同步课"", ""同步拓展课""]}]}}",Y,Y,Y,
教育,教育102,edu_keyword_search,鄂教版八年级语文下册,edu_search,"{""query"": {""and"": [{""field"": ""grade"", ""value"": ""八年级""}, {""field"": ""first_subject"", ""value"": ""语文""}, {""field"": ""semester"", ""value"": ""下半学期""}, {""field"": ""material_version"", ""value"": ""鄂教版""}, {""field"": ""k12_category"", ""operator"": ""or"", ""values"": [""同步课"", ""同步拓展课""]}]}}",edu_search,"{""query"": {""and"": [{""field"": ""grade"", ""value"": ""八年级""}, {""field"": ""semester"", ""value"": ""下半学期""}, {""field"": ""material_version"", ""value"": ""鄂教版""}, {""field"": ""first_subject"", ""value"": ""语文""}, {""field"": ""k12_category"", ""operator"": ""or"", ""values"": [""同步课"", ""同步拓展课""]}]}}",Y,Y,Y,
教育,教育105,edu_keyword_search,北师大版高一数学,edu_search,"{""query"": {""and"": [{""field"": ""grade"", ""value"": ""高一""}, {""field"": ""first_subject"", ""value"": ""数学""}, {""field"": ""material_version"", ""value"": ""北师大版""}, {""field"": ""k12_category"", ""operator"": ""or"", ""values"": [""同步课"", ""同步拓展课""]}]}}",edu_search,"{""query"": {""and"": [{""field"": ""grade"", ""value"": ""高一""}, {""field"": ""material_version"", ""value"": ""北师大版""}, {""field"": ""first_subject"", ""value"": ""数学""}, {""field"": ""k12_category"", ""operator"": ""or"", ""values"": [""同步课"", ""同步拓展课""]}]}}",Y,Y,Y,
教育,教育104,edu_keyword_search,苏教版五年级数学上册,edu_search,"{""query"": {""and"": [{""field"": ""grade"", ""value"": ""五年级""}, {""field"": ""first_subject"", ""value"": ""数学""}, {""field"": ""semester"", ""value"": ""上半学期""}, {""field"": ""material_version"", ""value"": ""苏教版""}, {""field"": ""k12_category"", ""operator"": ""or"", ""values"": [""同步课"", ""同步拓展课""]}]}}",edu_search,"{""query"": {""and"": [{""field"": ""grade"", ""value"": ""五年级""}, {""field"": ""semester"", ""value"": ""上半学期""}, {""field"": ""material_version"", ""value"": ""苏教版""}, {""field"": ""first_subject"", ""value"": ""数学""}, {""field"": ""k12_category"", ""operator"": ""or"", ""values"": [""同步课"", ""同步拓展课""]}]}}",Y,Y,Y,
教育,教育106,edu_keyword_search,人教版九年级历史下册,edu_search,"{""query"": {""and"": [{""field"": ""grade"", ""value"": ""九年级""}, {""field"": ""first_subject"", ""value"": ""历史""}, {""field"": ""semester"", ""value"": ""下半学期""}, {""field"": ""material_version"", ""value"": ""人教版""}, {""field"": ""k12_category"", ""operator"": ""or"", ""values"": [""同步课"", ""同步拓展课""]}]}}",edu_search,"{""query"": {""and"": [{""field"": ""grade"", ""value"": ""九年级""}, {""field"": ""semester"", ""value"": ""下半学期""}, {""field"": ""material_version"", ""value"": ""人教版""}, {""field"": ""first_subject"", ""value"": ""历史""}, {""field"": ""k12_category"", ""operator"": ""or"", ""values"": [""同步课"", ""同步拓展课""]}]}}",Y,Y,Y,
教育,教育107,edu_keyword_search,我想看人教版高二物理,edu_search,"{""query"": {""and"": [{""field"": ""grade"", ""value"": ""高二""}, {""field"": ""first_subject"", ""value"": ""物理""}, {""field"": ""material_version"", ""value"": ""人教版""}, {""field"": ""k12_category"", ""operator"": ""or"", ""values"": [""同步课"", ""同步拓展课""]}]}}",edu_search,"{""query"": {""and"": [{""field"": ""grade"", ""value"": ""高二""}, {""field"": ""material_version"", ""value"": ""人教版""}, {""field"": ""first_subject"", ""value"": ""物理""}, {""field"": ""k12_category"", ""operator"": ""or"", ""values"": [""同步课"", ""同步拓展课""]}]}}",Y,Y,Y,
教育,教育108,edu_keyword_search,3年级英语外研版,edu_search,"{""query"": {""and"": [{""field"": ""grade"", ""value"": ""三年级""}, {""field"": ""first_subject"", ""value"": ""英语""}, {""field"": ""material_version"", ""value"": ""外研版""}, {""field"": ""k12_category"", ""operator"": ""or"", ""values"": [""同步课"", ""同步拓展课""]}]}}",edu_search,"{""query"": {""and"": [{""field"": ""grade"", ""value"": ""三年级""}, {""field"": ""material_version"", ""value"": ""外研版""}, {""field"": ""first_subject"", ""value"": ""英语""}, {""field"": ""k12_category"", ""operator"": ""or"", ""values"": [""同步课"", ""同步拓展课""]}]}}",Y,Y,Y,
教育,教育85,edu_keyword_search,高一的生物有哪些,edu_search,"{""query"": {""and"": [{""field"": ""grade"", ""value"": ""高一""}, {""field"": ""first_subject"", ""value"": ""生物""}, {""field"": ""k12_category"", ""operator"": ""or"", ""values"": [""同步课"", ""同步拓展课""]}]}}",fan_knowledge_agent,"{""messages"": [{""content"": ""高一的生物有哪些"", ""role"": ""user""}], ""need_media"": false, ""riskRespStrategy"": ""all_replace"", ""sceneType"": ""knowledge_qa""}",N,N,N,"messages: gold= pred=[{""content"": ""高一的生物有哪些"", ""role"": ""user""}]; need_media: gold= pred=; query: gold={""and"": [{""field"": ""first_subject"", ""value"": ""生物""}, {""field"": ""grade"", ""value"": ""高一""}, {""field"": ""k12_category"", ""operator"": ""or"", ""values"": [""同步拓展课"", ""同步课""]}]} pred=; riskRespStrategy: gold= pred=""all_replace""; sceneType: gold= pred=""knowledge_qa"""
教育,教育110,edu_keyword_search,小学英语,edu_search,"{""query"": {""and"": [{""field"": ""figures"", ""value"": ""小学""}, {""field"": ""first_subject"", ""value"": ""英语""}, {""field"": ""k12_category"", ""operator"": ""or"", ""values"": [""同步课"", ""同步拓展课""]}]}}",edu_search,"{""query"": {""and"": [{""field"": ""figures"", ""value"": ""小学""}, {""field"": ""first_subject"", ""value"": ""英语""}, {""field"": ""k12_category"", ""operator"": ""or"", ""values"": [""同步课"", ""同步拓展课""]}]}}",Y,Y,Y,
教育,教育109,edu_keyword_search,人教版四年级数学下册,edu_search,"{""query"": {""and"": [{""field"": ""grade"", ""value"": ""四年级""}, {""field"": ""first_subject"", ""value"": ""数学""}, {""field"": ""semester"", ""value"": ""下半学期""}, {""field"": ""material_version"", ""value"": ""人教版""}, {""field"": ""k12_category"", ""operator"": ""or"", ""values"": [""同步课"", ""同步拓展课""]}]}}",edu_search,"{""query"": {""and"": [{""field"": ""grade"", ""value"": ""四年级""}, {""field"": ""semester"", ""value"": ""下半学期""}, {""field"": ""material_version"", ""value"": ""人教版""}, {""field"": ""first_subject"", ""value"": ""数学""}, {""field"": ""k12_category"", ""operator"": ""or"", ""values"": [""同步课"", ""同步拓展课""]}]}}",Y,Y,Y,
教育,教育111,edu_keyword_search,初中物理,edu_search,"{""query"": {""and"": [{""field"": ""figures"", ""value"": ""初中""}, {""field"": ""first_subject"", ""value"": ""物理""}, {""field"": ""k12_category"", ""operator"": ""or"", ""values"": [""同步课"", ""同步拓展课""]}]}}",edu_search,"{""query"": {""and"": [{""field"": ""figures"", ""value"": ""初中""}, {""field"": ""first_subject"", ""value"": ""物理""}, {""field"": ""k12_category"", ""operator"": ""or"", ""values"": [""同步课"", ""同步拓展课""]}]}}",Y,Y,Y,
教育,教育113,edu_keyword_search,有小学数学的课吗,edu_search,"{""query"": {""and"": [{""field"": ""figures"", ""value"": ""小学""}, {""field"": ""first_subject"", ""value"": ""数学""}, {""field"": ""k12_category"", ""operator"": ""or"", ""values"": [""同步课"", ""同步拓展课""]}]}}",edu_search,"{""query"": {""and"": [{""field"": ""figures"", ""value"": ""小学""}, {""field"": ""first_subject"", ""value"": ""数学""}, {""field"": ""k12_category"", ""operator"": ""or"", ""values"": [""同步课"", ""同步拓展课""]}]}}",Y,Y,Y,
教育,教育112,edu_keyword_search,高中化学,edu_search,"{""query"": {""and"": [{""field"": ""figures"", ""value"": ""高中""}, {""field"": ""first_subject"", ""value"": ""化学""}, {""field"": ""k12_category"", ""operator"": ""or"", ""values"": [""同步课"", ""同步拓展课""]}]}}",edu_search,"{""query"": {""and"": [{""field"": ""figures"", ""value"": ""高中""}, {""field"": ""first_subject"", ""value"": ""化学""}, {""field"": ""k12_category"", ""operator"": ""or"", ""values"": [""同步课"", ""同步拓展课""]}]}}",Y,Y,Y,
教育,教育118,edu_keyword_search,免费的七年级数学,edu_search,"{""query"": {""and"": [{""field"": ""grade"", ""value"": ""七年级""}, {""field"": ""first_subject"", ""value"": ""数学""}, {""field"": ""is_fee"", ""value"": 0}, {""field"": ""k12_category"", ""operator"": ""or"", ""values"": [""同步课"", ""同步拓展课""]}]}}",edu_search,"{""query"": {""and"": [{""field"": ""grade"", ""value"": ""七年级""}, {""field"": ""is_fee"", ""value"": 0}, {""field"": ""first_subject"", ""value"": ""数学""}, {""field"": ""k12_category"", ""operator"": ""or"", ""values"": [""同步课"", ""同步拓展课""]}]}}",Y,Y,Y,
教育,教育117,edu_keyword_search,免费的高中英语,edu_search,"{""query"": {""and"": [{""field"": ""figures"", ""value"": ""高中""}, {""field"": ""first_subject"", ""value"": ""英语""}, {""field"": ""is_fee"", ""value"": 0}, {""field"": ""k12_category"", ""operator"": ""or"", ""values"": [""同步课"", ""同步拓展课""]}]}}",edu_search,"{""query"": {""and"": [{""field"": ""figures"", ""value"": ""高中""}, {""field"": ""is_fee"", ""value"": 0}, {""field"": ""first_subject"", ""value"": ""英语""}, {""field"": ""k12_category"", ""operator"": ""or"", ""values"": [""同步课"", ""同步拓展课""]}]}}",Y,Y,Y,
教育,教育114,edu_keyword_search,播放初中的历史,edu_search,"{""query"": {""and"": [{""field"": ""figures"", ""value"": ""初中""}, {""field"": ""first_subject"", ""value"": ""历史""}, {""field"": ""k12_category"", ""operator"": ""or"", ""values"": [""同步课"", ""同步拓展课""]}]}}",edu_search,"{""query"": {""and"": [{""field"": ""figures"", ""value"": ""初中""}, {""field"": ""first_subject"", ""value"": ""历史""}, {""field"": ""k12_category"", ""operator"": ""or"", ""values"": [""同步课"", ""同步拓展课""]}]}}",Y,Y,Y,
教育,教育115,edu_keyword_search,给我找高中的生物,edu_search,"{""query"": {""and"": [{""field"": ""figures"", ""value"": ""高中""}, {""field"": ""first_subject"", ""value"": ""生物""}, {""field"": ""k12_category"", ""operator"": ""or"", ""values"": [""同步课"", ""同步拓展课""]}]}}",edu_search,"{""query"": {""and"": [{""field"": ""figures"", ""value"": ""高中""}, {""field"": ""first_subject"", ""value"": ""生物""}, {""field"": ""k12_category"", ""operator"": ""or"", ""values"": [""同步课"", ""同步拓展课""]}]}}",Y,Y,Y,
教育,教育119,edu_keyword_search,不花钱的三年级语文,edu_search,"{""query"": {""and"": [{""field"": ""grade"", ""value"": ""三年级""}, {""field"": ""first_subject"", ""value"": ""语文""}, {""field"": ""is_fee"", ""value"": 0}, {""field"": ""k12_category"", ""operator"": ""or"", ""values"": [""同步课"", ""同步拓展课""]}]}}",edu_search,"{""query"": {""and"": [{""field"": ""grade"", ""value"": ""三年级""}, {""field"": ""is_fee"", ""value"": 0}, {""field"": ""first_subject"", ""value"": ""语文""}, {""field"": ""k12_category"", ""operator"": ""or"", ""values"": [""同步课"", ""同步拓展课""]}]}}",Y,Y,Y,
教育,教育120,edu_keyword_search,九年级英语不要钱,edu_search,"{""query"": {""and"": [{""field"": ""grade"", ""value"": ""九年级""}, {""field"": ""first_subject"", ""value"": ""英语""}, {""field"": ""is_fee"", ""value"": 0}, {""field"": ""k12_category"", ""operator"": ""or"", ""values"": [""同步课"", ""同步拓展课""]}]}}",edu_search,"{""query"": {""and"": [{""field"": ""grade"", ""value"": ""九年级""}, {""field"": ""is_fee"", ""value"": 0}, {""field"": ""first_subject"", ""value"": ""英语""}, {""field"": ""k12_category"", ""operator"": ""or"", ""values"": [""同步课"", ""同步拓展课""]}]}}",Y,Y,Y,
教育,教育116,edu_keyword_search,人教版初中物理,edu_search,"{""query"": {""and"": [{""field"": ""figures"", ""value"": ""初中""}, {""field"": ""first_subject"", ""value"": ""物理""}, {""field"": ""material_version"", ""value"": ""人教版""}, {""field"": ""k12_category"", ""operator"": ""or"", ""values"": [""同步课"", ""同步拓展课""]}]}}",edu_search,"{""query"": {""and"": [{""field"": ""figures"", ""value"": ""初中""}, {""field"": ""material_version"", ""value"": ""人教版""}, {""field"": ""first_subject"", ""value"": ""物理""}, {""field"": ""k12_category"", ""operator"": ""or"", ""values"": [""同步课"", ""同步拓展课""]}]}}",Y,Y,Y,
教育,教育121,edu_keyword_search,高一数学免费的,edu_search,"{""query"": {""and"": [{""field"": ""grade"", ""value"": ""高一""}, {""field"": ""first_subject"", ""value"": ""数学""}, {""field"": ""is_fee"", ""value"": 0}, {""field"": ""k12_category"", ""operator"": ""or"", ""values"": [""同步课"", ""同步拓展课""]}]}}",edu_search,"{""query"": {""and"": [{""field"": ""grade"", ""value"": ""高一""}, {""field"": ""is_fee"", ""value"": 0}, {""field"": ""first_subject"", ""value"": ""数学""}, {""field"": ""k12_category"", ""operator"": ""or"", ""values"": [""同步课"", ""同步拓展课""]}]}}",Y,Y,Y,
教育,教育123,edu_keyword_search,付费的初二英语,edu_search,"{""query"": {""and"": [{""field"": ""grade"", ""value"": ""八年级""}, {""field"": ""first_subject"", ""value"": ""英语""}, {""field"": ""is_fee"", ""value"": 1}, {""field"": ""k12_category"", ""operator"": ""or"", ""values"": [""同步课"", ""同步拓展课""]}]}}",edu_search,"{""query"": {""and"": [{""field"": ""grade"", ""value"": ""八年级""}, {""field"": ""is_fee"", ""value"": 1}, {""field"": ""first_subject"", ""value"": ""英语""}, {""field"": ""k12_category"", ""operator"": ""or"", ""values"": [""同步课"", ""同步拓展课""]}]}}",Y,Y,Y,
教育,教育122,edu_keyword_search,收费的高二物理,edu_search,"{""query"": {""and"": [{""field"": ""grade"", ""value"": ""高二""}, {""field"": ""first_subject"", ""value"": ""物理""}, {""field"": ""is_fee"", ""value"": 1}, {""field"": ""k12_category"", ""operator"": ""or"", ""values"": [""同步课"", ""同步拓展课""]}]}}",edu_search,"{""query"": {""and"": [{""field"": ""grade"", ""value"": ""高二""}, {""field"": ""is_fee"", ""value"": 1}, {""field"": ""first_subject"", ""value"": ""物理""}, {""field"": ""k12_category"", ""operator"": ""or"", ""values"": [""同步课"", ""同步拓展课""]}]}}",Y,Y,Y,
教育,教育124,edu_keyword_search,我要看收费的六年级数学,edu_search,"{""query"": {""and"": [{""field"": ""grade"", ""value"": ""六年级""}, {""field"": ""first_subject"", ""value"": ""数学""}, {""field"": ""is_fee"", ""value"": 1}, {""field"": ""k12_category"", ""operator"": ""or"", ""values"": [""同步课"", ""同步拓展课""]}]}}",edu_search,"{""query"": {""and"": [{""field"": ""grade"", ""value"": ""六年级""}, {""field"": ""is_fee"", ""value"": 1}, {""field"": ""first_subject"", ""value"": ""数学""}, {""field"": ""k12_category"", ""operator"": ""or"", ""values"": [""同步课"", ""同步拓展课""]}]}}",Y,Y,Y,
教育,教育125,edu_keyword_search,高三英语要收费的,edu_search,"{""query"": {""and"": [{""field"": ""grade"", ""value"": ""高三""}, {""field"": ""first_subject"", ""value"": ""英语""}, {""field"": ""is_fee"", ""value"": 1}, {""field"": ""k12_category"", ""operator"": ""or"", ""values"": [""同步课"", ""同步拓展课""]}]}}",edu_search,"{""query"": {""and"": [{""field"": ""grade"", ""value"": ""高三""}, {""field"": ""is_fee"", ""value"": 1}, {""field"": ""first_subject"", ""value"": ""英语""}, {""field"": ""k12_category"", ""operator"": ""or"", ""values"": [""同步课"", ""同步拓展课""]}]}}",Y,Y,Y,
教育,教育126,edu_keyword_search,免费的生物课,edu_search,"{""query"": {""and"": [{""field"": ""first_subject"", ""value"": ""生物""}, {""field"": ""is_fee"", ""value"": 0}, {""field"": ""k12_category"", ""operator"": ""or"", ""values"": [""同步课"", ""同步拓展课""]}]}}",edu_search,"{""query"": {""and"": [{""field"": ""is_fee"", ""value"": 0}, {""field"": ""first_subject"", ""value"": ""生物""}, {""field"": ""k12_category"", ""operator"": ""or"", ""values"": [""同步课"", ""同步拓展课""]}]}}",Y,Y,Y,
教育,教育127,edu_keyword_search,付费的语文,edu_search,"{""query"": {""and"": [{""field"": ""first_subject"", ""value"": ""语文""}, {""field"": ""is_fee"", ""value"": 1}, {""field"": ""k12_category"", ""operator"": ""or"", ""values"": [""同步课"", ""同步拓展课""]}]}}",edu_search,"{""query"": {""and"": [{""field"": ""is_fee"", ""value"": 1}, {""field"": ""first_subject"", ""value"": ""语文""}, {""field"": ""k12_category"", ""operator"": ""or"", ""values"": [""同步课"", ""同步拓展课""]}]}}",Y,Y,Y,
教育,教育128,edu_keyword_search,五年级的语文和数学,edu_search,"{""query"": {""and"": [{""field"": ""grade"", ""value"": ""五年级""}, {""field"": ""first_subject"", ""operator"": ""or"", ""values"": [""语文"", ""数学""]}, {""field"": ""k12_category"", ""operator"": ""or"", ""values"": [""同步课"", ""同步拓展课""]}]}}",edu_search,"{""query"": {""and"": [{""field"": ""grade"", ""value"": ""五年级""}, {""field"": ""first_subject"", ""operator"": ""or"", ""values"": [""语文"", ""数学""]}, {""field"": ""k12_category"", ""operator"": ""or"", ""values"": [""同步课"", ""同步拓展课""]}]}}",Y,Y,Y,
教育,教育131,edu_keyword_search,八年级的生物或地理,edu_search,"{""query"": {""and"": [{""field"": ""grade"", ""value"": ""八年级""}, {""field"": ""first_subject"", ""operator"": ""or"", ""values"": [""生物"", ""地理""]}, {""field"": ""k12_category"", ""operator"": ""or"", ""values"": [""同步课"", ""同步拓展课""]}]}}",edu_search,"{""query"": {""and"": [{""field"": ""grade"", ""value"": ""八年级""}, {""field"": ""first_subject"", ""operator"": ""or"", ""values"": [""生物"", ""地理""]}, {""field"": ""k12_category"", ""operator"": ""or"", ""values"": [""同步课"", ""同步拓展课""]}]}}",Y,Y,Y,
教育,教育129,edu_keyword_search,初一英语或者数学,edu_search,"{""query"": {""and"": [{""field"": ""grade"", ""value"": ""七年级""}, {""field"": ""first_subject"", ""operator"": ""or"", ""values"": [""英语"", ""数学""]}, {""field"": ""k12_category"", ""operator"": ""or"", ""values"": [""同步课"", ""同步拓展课""]}]}}",edu_search,"{""query"": {""and"": [{""field"": ""grade"", ""value"": ""七年级""}, {""field"": ""first_subject"", ""operator"": ""or"", ""values"": [""数学"", ""英语""]}, {""field"": ""k12_category"", ""operator"": ""or"", ""values"": [""同步课"", ""同步拓展课""]}]}}",Y,Y,Y,
教育,教育130,edu_keyword_search,高二物理和化学,edu_search,"{""query"": {""and"": [{""field"": ""grade"", ""value"": ""高二""}, {""field"": ""first_subject"", ""operator"": ""or"", ""values"": [""物理"", ""化学""]}, {""field"": ""k12_category"", ""operator"": ""or"", ""values"": [""同步课"", ""同步拓展课""]}]}}",edu_search,"{""query"": {""and"": [{""field"": ""grade"", ""value"": ""高二""}, {""field"": ""first_subject"", ""operator"": ""or"", ""values"": [""物理"", ""化学""]}, {""field"": ""k12_category"", ""operator"": ""or"", ""values"": [""同步课"", ""同步拓展课""]}]}}",Y,Y,Y,
教育,教育134,edu_keyword_search,高一高二的历史,edu_search,"{""query"": {""and"": [{""field"": ""grade"", ""operator"": ""or"", ""values"": [""高一"", ""高二""]}, {""field"": ""first_subject"", ""value"": ""历史""}, {""field"": ""k12_category"", ""operator"": ""or"", ""values"": [""同步课"", ""同步拓展课""]}]}}",edu_search,"{""query"": {""and"": [{""field"": ""grade"", ""operator"": ""or"", ""values"": [""高一"", ""高二""]}, {""field"": ""first_subject"", ""value"": ""历史""}, {""field"": ""k12_category"", ""operator"": ""or"", ""values"": [""同步课"", ""同步拓展课""]}]}}",Y,Y,Y,
教育,教育132,edu_keyword_search,小学四年级和五年级的数学,edu_search,"{""query"": {""and"": [{""field"": ""figures"", ""value"": ""小学""}, {""field"": ""grade"", ""operator"": ""or"", ""values"": [""四年级"", ""五年级""]}, {""field"": ""first_subject"", ""value"": ""数学""}, {""field"": ""k12_category"", ""operator"": ""or"", ""values"": [""同步课"", ""同步拓展课""]}]}}",edu_search,"{""query"": {""and"": [{""field"": ""figures"", ""value"": ""小学""}, {""field"": ""grade"", ""operator"": ""or"", ""values"": [""四年级"", ""五年级""]}, {""field"": ""first_subject"", ""value"": ""数学""}, {""field"": ""k12_category"", ""operator"": ""or"", ""values"": [""同步课"", ""同步拓展课""]}]}}",Y,Y,Y,
教育,教育133,edu_keyword_search,初二和初三的英语,edu_search,"{""query"": {""and"": [{""field"": ""grade"", ""operator"": ""or"", ""values"": [""八年级"", ""九年级""]}, {""field"": ""first_subject"", ""value"": ""英语""}, {""field"": ""k12_category"", ""operator"": ""or"", ""values"": [""同步课"", ""同步拓展课""]}]}}",edu_search,"{""query"": {""and"": [{""field"": ""grade"", ""operator"": ""or"", ""values"": [""八年级"", ""九年级""]}, {""field"": ""first_subject"", ""value"": ""英语""}, {""field"": ""k12_category"", ""operator"": ""or"", ""values"": [""同步课"", ""同步拓展课""]}]}}",Y,Y,Y,
教育,教育136,edu_keyword_search,六年级语文书上下册,edu_search,"{""query"": {""and"": [{""field"": ""grade"", ""value"": ""六年级""}, {""field"": ""semester"", ""operator"": ""or"", ""values"": [""上半学期"", ""下半学期""]}, {""field"": ""first_subject"", ""value"": ""语文""}, {""field"": ""k12_category"", ""operator"": ""or"", ""values"": [""同步课"", ""同步拓展课""]}]}}",edu_search,"{""query"": {""and"": [{""field"": ""grade"", ""value"": ""六年级""}, {""field"": ""semester"", ""operator"": ""or"", ""values"": [""上半学期"", ""下半学期""]}, {""field"": ""first_subject"", ""value"": ""语文""}, {""field"": ""k12_category"", ""operator"": ""or"", ""values"": [""同步课"", ""同步拓展课""]}]}}",Y,Y,Y,
教育,教育138,edu_keyword_search,人教版或湘教版八年级语文,edu_search,"{""query"": {""and"": [{""field"": ""grade"", ""value"": ""八年级""}, {""field"": ""first_subject"", ""value"": ""语文""}, {""field"": ""material_version"", ""operator"": ""or"", ""values"": [""人教版"", ""湘教版""]}, {""field"": ""k12_category"", ""operator"": ""or"", ""values"": [""同步课"", ""同步拓展课""]}]}}",edu_search,"{""query"": {""and"": [{""field"": ""grade"", ""value"": ""八年级""}, {""field"": ""material_version"", ""operator"": ""or"", ""values"": [""人教版"", ""湘教版""]}, {""field"": ""first_subject"", ""value"": ""语文""}, {""field"": ""k12_category"", ""operator"": ""or"", ""values"": [""同步课"", ""同步拓展课""]}]}}",Y,Y,Y,
教育,教育135,edu_keyword_search,三年级上册和下册的英语,edu_search,"{""query"": {""and"": [{""field"": ""grade"", ""value"": ""三年级""}, {""field"": ""semester"", ""operator"": ""or"", ""values"": [""上半学期"", ""下半学期""]}, {""field"": ""first_subject"", ""value"": ""英语""}, {""field"": ""k12_category"", ""operator"": ""or"", ""values"": [""同步课"", ""同步拓展课""]}]}}",edu_search,"{""query"": {""and"": [{""field"": ""grade"", ""value"": ""三年级""}, {""field"": ""semester"", ""operator"": ""or"", ""values"": [""上半学期"", ""下半学期""]}, {""field"": ""first_subject"", ""value"": ""英语""}, {""field"": ""k12_category"", ""operator"": ""or"", ""values"": [""同步课"", ""同步拓展课""]}]}}",Y,Y,Y,
教育,教育140,edu_keyword_search,六年级的课,edu_search,"{""query"": {""and"": [{""field"": ""grade"", ""value"": ""六年级""}, {""field"": ""k12_category"", ""operator"": ""or"", ""values"": [""同步课"", ""同步拓展课""]}]}}",edu_search,"{""query"": {""and"": [{""field"": ""grade"", ""value"": ""六年级""}, {""field"": ""k12_category"", ""operator"": ""or"", ""values"": [""同步课"", ""同步拓展课""]}]}}",Y,Y,Y,
教育,教育141,edu_keyword_search,我要看八年级的教材,edu_search,"{""query"": {""and"": [{""field"": ""grade"", ""value"": ""八年级""}, {""field"": ""k12_category"", ""operator"": ""or"", ""values"": [""同步课"", ""同步拓展课""]}]}}",edu_search,"{""query"": {""and"": [{""field"": ""grade"", ""value"": ""八年级""}, {""field"": ""k12_category"", ""operator"": ""or"", ""values"": [""同步课"", ""同步拓展课""]}]}}",Y,Y,Y,
教育,教育137,edu_keyword_search,苏教版或者北师大版的七年级数学,edu_search,"{""query"": {""and"": [{""field"": ""grade"", ""value"": ""七年级""}, {""field"": ""first_subject"", ""value"": ""数学""}, {""field"": ""material_version"", ""operator"": ""or"", ""values"": [""苏教版"", ""北师大版""]}, {""field"": ""k12_category"", ""operator"": ""or"", ""values"": [""同步课"", ""同步拓展课""]}]}}",edu_search,"{""query"": {""and"": [{""field"": ""grade"", ""value"": ""七年级""}, {""field"": ""material_version"", ""operator"": ""or"", ""values"": [""北师大版"", ""苏教版""]}, {""field"": ""first_subject"", ""value"": ""数学""}, {""field"": ""k12_category"", ""operator"": ""or"", ""values"": [""同步课"", ""同步拓展课""]}]}}",Y,Y,Y,
教育,教育142,edu_keyword_search,高三的同步课,edu_search,"{""query"": {""and"": [{""field"": ""grade"", ""value"": ""高三""}, {""field"": ""k12_category"", ""operator"": ""or"", ""values"": [""同步课"", ""同步拓展课""]}]}}",edu_search,"{""query"": {""and"": [{""field"": ""grade"", ""value"": ""高三""}, {""field"": ""k12_category"", ""operator"": ""or"", ""values"": [""同步课"", ""同步拓展课""]}]}}",Y,Y,Y,
教育,教育143,edu_keyword_search,有没有化学课,edu_search,"{""query"": {""and"": [{""field"": ""first_subject"", ""value"": ""化学""}, {""field"": ""k12_category"", ""operator"": ""or"", ""values"": [""同步课"", ""同步拓展课""]}]}}",edu_search,"{""query"": {""and"": [{""field"": ""first_subject"", ""value"": ""化学""}, {""field"": ""k12_category"", ""operator"": ""or"", ""values"": [""同步课"", ""同步拓展课""]}]}}",Y,Y,Y,
教育,教育144,edu_keyword_search,我想学生物,edu_search,"{""query"": {""and"": [{""field"": ""first_subject"", ""value"": ""生物""}, {""field"": ""k12_category"", ""operator"": ""or"", ""values"": [""同步课"", ""同步拓展课""]}]}}",edu_search,"{""query"": {""and"": [{""field"": ""first_subject"", ""value"": ""生物""}, {""field"": ""k12_category"", ""operator"": ""or"", ""values"": [""同步课"", ""同步拓展课""]}]}}",Y,Y,Y,
教育,教育147,edu_keyword_search,沪科版九年级下册，免费的化学或物理,edu_search,"{""query"": {""and"": [{""field"": ""grade"", ""value"": ""九年级""}, {""field"": ""semester"", ""value"": ""下半学期""}, {""field"": ""material_version"", ""value"": ""沪科版""}, {""field"": ""is_fee"", ""value"": 0}, {""field"": ""first_subject"", ""operator"": ""or"", ""values"": [""化学"", ""物理""]}, {""field"": ""k12_category"", ""operator"": ""or"", ""values"": [""同步课"", ""同步拓展课""]}]}}",edu_search,"{""query"": {""and"": [{""field"": ""grade"", ""value"": ""九年级""}, {""field"": ""semester"", ""value"": ""下半学期""}, {""field"": ""material_version"", ""value"": ""沪科版""}, {""field"": ""is_fee"", ""value"": 0}, {""field"": ""first_subject"", ""operator"": ""or"", ""values"": [""物理"", ""化学""]}, {""field"": ""k12_category"", ""operator"": ""or"", ""values"": [""同步课"", ""同步拓展课""]}]}}",Y,Y,Y,
教育,教育139,edu_keyword_search,九年级的数学英语语文,edu_search,"{""query"": {""and"": [{""field"": ""grade"", ""value"": ""九年级""}, {""field"": ""first_subject"", ""operator"": ""or"", ""values"": [""数学"", ""英语"", ""语文""]}, {""field"": ""k12_category"", ""operator"": ""or"", ""values"": [""同步课"", ""同步拓展课""]}]}}",edu_search,"{""query"": {""and"": [{""field"": ""grade"", ""value"": ""九年级""}, {""field"": ""first_subject"", ""operator"": ""or"", ""values"": [""语文"", ""数学"", ""英语""]}, {""field"": ""k12_category"", ""operator"": ""or"", ""values"": [""同步课"", ""同步拓展课""]}]}}",Y,Y,Y,
教育,教育145,edu_keyword_search,播放地理课,edu_search,"{""query"": {""and"": [{""field"": ""first_subject"", ""value"": ""地理""}, {""field"": ""k12_category"", ""operator"": ""or"", ""values"": [""同步课"", ""同步拓展课""]}]}}",edu_search,"{""query"": {""and"": [{""field"": ""first_subject"", ""value"": ""地理""}, {""field"": ""k12_category"", ""operator"": ""or"", ""values"": [""同步课"", ""同步拓展课""]}]}}",Y,Y,Y,
教育,教育150,edu_keyword_search,人教版高中物理或化学，不要免费的,edu_search,"{""query"": {""and"": [{""field"": ""figures"", ""value"": ""高中""}, {""field"": ""material_version"", ""value"": ""人教版""}, {""field"": ""is_fee"", ""value"": 1}, {""field"": ""first_subject"", ""operator"": ""or"", ""values"": [""物理"", ""化学""]}, {""field"": ""k12_category"", ""operator"": ""or"", ""values"": [""同步课"", ""同步拓展课""]}]}}",edu_search,"{""query"": {""and"": [{""field"": ""figures"", ""value"": ""高中""}, {""field"": ""material_version"", ""value"": ""人教版""}, {""field"": ""is_fee"", ""value"": 1}, {""field"": ""first_subject"", ""operator"": ""or"", ""values"": [""物理"", ""化学""]}, {""field"": ""k12_category"", ""operator"": ""or"", ""values"": [""同步课"", ""同步拓展课""]}]}}",Y,Y,Y,
教育,教育148,edu_keyword_search,初二上册人教版，付费的数学或英语,edu_search,"{""query"": {""and"": [{""field"": ""grade"", ""value"": ""八年级""}, {""field"": ""semester"", ""value"": ""上半学期""}, {""field"": ""material_version"", ""value"": ""人教版""}, {""field"": ""is_fee"", ""value"": 1}, {""field"": ""first_subject"", ""operator"": ""or"", ""values"": [""数学"", ""英语""]}, {""field"": ""k12_category"", ""operator"": ""or"", ""values"": [""同步课"", ""同步拓展课""]}]}}",edu_search,"{""query"": {""and"": [{""field"": ""grade"", ""value"": ""八年级""}, {""field"": ""semester"", ""value"": ""上半学期""}, {""field"": ""material_version"", ""value"": ""人教版""}, {""field"": ""is_fee"", ""value"": 1}, {""field"": ""first_subject"", ""operator"": ""or"", ""values"": [""数学"", ""英语""]}, {""field"": ""k12_category"", ""operator"": ""or"", ""values"": [""同步课"", ""同步拓展课""]}]}}",Y,Y,Y,
教育,教育151,edu_keyword_search,免费的初一下册湘教版语文,edu_search,"{""query"": {""and"": [{""field"": ""grade"", ""value"": ""七年级""}, {""field"": ""semester"", ""value"": ""下半学期""}, {""field"": ""material_version"", ""value"": ""湘教版""}, {""field"": ""is_fee"", ""value"": 0}, {""field"": ""first_subject"", ""value"": ""语文""}, {""field"": ""k12_category"", ""operator"": ""or"", ""values"": [""同步课"", ""同步拓展课""]}]}}",edu_search,"{""query"": {""and"": [{""field"": ""grade"", ""value"": ""七年级""}, {""field"": ""semester"", ""value"": ""下半学期""}, {""field"": ""material_version"", ""value"": ""湘教版""}, {""field"": ""is_fee"", ""value"": 0}, {""field"": ""first_subject"", ""value"": ""语文""}, {""field"": ""k12_category"", ""operator"": ""or"", ""values"": [""同步课"", ""同步拓展课""]}]}}",Y,Y,Y,
教育,教育146,edu_keyword_search,高一下半学期，要数学和英语,edu_search,"{""query"": {""and"": [{""field"": ""grade"", ""value"": ""高一""}, {""field"": ""semester"", ""value"": ""下半学期""}, {""field"": ""first_subject"", ""operator"": ""or"", ""values"": [""数学"", ""英语""]}, {""field"": ""k12_category"", ""operator"": ""or"", ""values"": [""同步课"", ""同步拓展课""]}]}}",edu_search,"{""query"": {""and"": [{""field"": ""grade"", ""value"": ""高一""}, {""field"": ""semester"", ""value"": ""下半学期""}, {""field"": ""first_subject"", ""operator"": ""or"", ""values"": [""数学"", ""英语""]}, {""field"": ""k12_category"", ""operator"": ""or"", ""values"": [""同步课"", ""同步拓展课""]}]}}",Y,Y,Y,
教育,教育153,edu_keyword_search,免费的初中生物,edu_search,"{""query"": {""and"": [{""field"": ""figures"", ""value"": ""初中""}, {""field"": ""first_subject"", ""value"": ""生物""}, {""field"": ""is_fee"", ""value"": 0}, {""field"": ""k12_category"", ""operator"": ""or"", ""values"": [""同步课"", ""同步拓展课""]}]}}",edu_search,"{""query"": {""and"": [{""field"": ""figures"", ""value"": ""初中""}, {""field"": ""is_fee"", ""value"": 0}, {""field"": ""first_subject"", ""value"": ""生物""}, {""field"": ""k12_category"", ""operator"": ""or"", ""values"": [""同步课"", ""同步拓展课""]}]}}",Y,Y,Y,
教育,教育152,edu_keyword_search,来一份小学三年级的语文,edu_search,"{""query"": {""and"": [{""field"": ""grade"", ""value"": ""三年级""}, {""field"": ""first_subject"", ""value"": ""语文""}, {""field"": ""k12_category"", ""operator"": ""or"", ""values"": [""同步课"", ""同步拓展课""]}]}}",edu_search,"{""query"": {""and"": [{""field"": ""grade"", ""value"": ""三年级""}, {""field"": ""first_subject"", ""value"": ""语文""}, {""field"": ""k12_category"", ""operator"": ""or"", ""values"": [""同步课"", ""同步拓展课""]}]}}",Y,Y,Y,
教育,教育154,edu_keyword_search,付费的高中历史,edu_search,"{""query"": {""and"": [{""field"": ""figures"", ""value"": ""高中""}, {""field"": ""first_subject"", ""value"": ""历史""}, {""field"": ""is_fee"", ""value"": 1}, {""field"": ""k12_category"", ""operator"": ""or"", ""values"": [""同步课"", ""同步拓展课""]}]}}",edu_search,"{""query"": {""and"": [{""field"": ""figures"", ""value"": ""高中""}, {""field"": ""is_fee"", ""value"": 1}, {""field"": ""first_subject"", ""value"": ""历史""}, {""field"": ""k12_category"", ""operator"": ""or"", ""values"": [""同步课"", ""同步拓展课""]}]}}",Y,Y,Y,
教育,教育149,edu_keyword_search,小学三年级和四年级，免费的语文或英语,edu_search,"{""query"": {""and"": [{""field"": ""grade"", ""operator"": ""or"", ""values"": [""三年级"", ""四年级""]}, {""field"": ""is_fee"", ""value"": 0}, {""field"": ""first_subject"", ""operator"": ""or"", ""values"": [""语文"", ""英语""]}, {""field"": ""k12_category"", ""operator"": ""or"", ""values"": [""同步课"", ""同步拓展课""]}]}}",edu_search,"{""query"": {""and"": [{""field"": ""grade"", ""operator"": ""or"", ""values"": [""三年级"", ""四年级""]}, {""field"": ""is_fee"", ""value"": 0}, {""field"": ""first_subject"", ""operator"": ""or"", ""values"": [""语文"", ""英语""]}, {""field"": ""k12_category"", ""operator"": ""or"", ""values"": [""同步课"", ""同步拓展课""]}]}}",Y,Y,Y,
教育,教育156,edu_keyword_search,帮我打开初二下册的物理书,edu_search,"{""query"": {""and"": [{""field"": ""grade"", ""value"": ""八年级""}, {""field"": ""semester"", ""value"": ""下半学期""}, {""field"": ""first_subject"", ""value"": ""物理""}, {""field"": ""k12_category"", ""operator"": ""or"", ""values"": [""同步课"", ""同步拓展课""]}]}}",edu_search,"{""query"": {""and"": [{""field"": ""grade"", ""value"": ""八年级""}, {""field"": ""semester"", ""value"": ""下半学期""}, {""field"": ""first_subject"", ""value"": ""物理""}, {""field"": ""k12_category"", ""operator"": ""or"", ""values"": [""同步课"", ""同步拓展课""]}]}}",Y,Y,Y,
教育,教育158,edu_keyword_search,有没有免费的初一英语上册,edu_search,"{""query"": {""and"": [{""field"": ""grade"", ""value"": ""七年级""}, {""field"": ""semester"", ""value"": ""上半学期""}, {""field"": ""first_subject"", ""value"": ""英语""}, {""field"": ""is_fee"", ""value"": 0}, {""field"": ""k12_category"", ""operator"": ""or"", ""values"": [""同步课"", ""同步拓展课""]}]}}",edu_search,"{""query"": {""and"": [{""field"": ""grade"", ""value"": ""七年级""}, {""field"": ""semester"", ""value"": ""上半学期""}, {""field"": ""is_fee"", ""value"": 0}, {""field"": ""first_subject"", ""value"": ""英语""}, {""field"": ""k12_category"", ""operator"": ""or"", ""values"": [""同步课"", ""同步拓展课""]}]}}",Y,Y,Y,
教育,教育157,edu_keyword_search,初三的化学,edu_search,"{""query"": {""and"": [{""field"": ""grade"", ""value"": ""九年级""}, {""field"": ""first_subject"", ""value"": ""化学""}, {""field"": ""k12_category"", ""operator"": ""or"", ""values"": [""同步课"", ""同步拓展课""]}]}}",edu_search,"{""query"": {""and"": [{""field"": ""grade"", ""value"": ""九年级""}, {""field"": ""first_subject"", ""value"": ""化学""}, {""field"": ""k12_category"", ""operator"": ""or"", ""values"": [""同步课"", ""同步拓展课""]}]}}",Y,Y,Y,
教育,教育155,edu_keyword_search,初中和高中的化学,edu_search,"{""query"": {""and"": [{""field"": ""figures"", ""operator"": ""or"", ""values"": [""初中"", ""高中""]}, {""field"": ""first_subject"", ""value"": ""化学""}, {""field"": ""k12_category"", ""operator"": ""or"", ""values"": [""同步课"", ""同步拓展课""]}]}}",edu_search,"{""query"": {""and"": [{""field"": ""figures"", ""operator"": ""or"", ""values"": [""初中"", ""高中""]}, {""field"": ""first_subject"", ""value"": ""化学""}, {""field"": ""k12_category"", ""operator"": ""or"", ""values"": [""同步课"", ""同步拓展课""]}]}}",Y,Y,Y,
教育,教育159,edu_keyword_search,初一的课本,edu_search,"{""query"": {""and"": [{""field"": ""grade"", ""value"": ""七年级""}, {""field"": ""k12_category"", ""operator"": ""or"", ""values"": [""同步课"", ""同步拓展课""]}]}}",edu_search,"{""query"": {""and"": [{""field"": ""grade"", ""value"": ""七年级""}, {""field"": ""k12_category"", ""operator"": ""or"", ""values"": [""同步课"", ""同步拓展课""]}]}}",Y,Y,Y,
教育,教育160,edu_keyword_search,放一下六年级的英语课本上册,edu_search,"{""query"": {""and"": [{""field"": ""grade"", ""value"": ""六年级""}, {""field"": ""semester"", ""value"": ""上半学期""}, {""field"": ""first_subject"", ""value"": ""英语""}, {""field"": ""k12_category"", ""operator"": ""or"", ""values"": [""同步课"", ""同步拓展课""]}]}}",edu_search,"{""query"": {""and"": [{""field"": ""grade"", ""value"": ""六年级""}, {""field"": ""semester"", ""value"": ""上半学期""}, {""field"": ""first_subject"", ""value"": ""英语""}, {""field"": ""k12_category"", ""operator"": ""or"", ""values"": [""同步课"", ""同步拓展课""]}]}}",Y,Y,Y,
教育,教育161,edu_keyword_search,六年级下册数学北师大版,edu_search,"{""query"": {""and"": [{""field"": ""grade"", ""value"": ""六年级""}, {""field"": ""semester"", ""value"": ""下半学期""}, {""field"": ""first_subject"", ""value"": ""数学""}, {""field"": ""material_version"", ""value"": ""北师大版""}, {""field"": ""k12_category"", ""operator"": ""or"", ""values"": [""同步课"", ""同步拓展课""]}]}}",edu_search,"{""query"": {""and"": [{""field"": ""grade"", ""value"": ""六年级""}, {""field"": ""semester"", ""value"": ""下半学期""}, {""field"": ""material_version"", ""value"": ""北师大版""}, {""field"": ""first_subject"", ""value"": ""数学""}, {""field"": ""k12_category"", ""operator"": ""or"", ""values"": [""同步课"", ""同步拓展课""]}]}}",Y,Y,Y,
教育,教育162,edu_keyword_search,四年级科学上册,edu_search,"{""query"": {""and"": [{""field"": ""grade"", ""value"": ""四年级""}, {""field"": ""semester"", ""value"": ""上半学期""}, {""field"": ""first_subject"", ""value"": ""科学""}, {""field"": ""k12_category"", ""operator"": ""or"", ""values"": [""同步课"", ""同步拓展课""]}]}}",edu_search,"{""query"": {""and"": [{""field"": ""grade"", ""value"": ""四年级""}, {""field"": ""semester"", ""value"": ""上半学期""}, {""field"": ""first_subject"", ""value"": ""科学""}, {""field"": ""k12_category"", ""operator"": ""or"", ""values"": [""同步课"", ""同步拓展课""]}]}}",Y,Y,Y,
教育,教育166,edu_keyword_search,9年级下册化学免费看,edu_search,"{""query"": {""and"": [{""field"": ""grade"", ""value"": ""九年级""}, {""field"": ""semester"", ""value"": ""下半学期""}, {""field"": ""first_subject"", ""value"": ""化学""}, {""field"": ""is_fee"", ""value"": 0}, {""field"": ""k12_category"", ""operator"": ""or"", ""values"": [""同步课"", ""同步拓展课""]}]}}",edu_search,"{""query"": {""and"": [{""field"": ""grade"", ""value"": ""九年级""}, {""field"": ""semester"", ""value"": ""下半学期""}, {""field"": ""is_fee"", ""value"": 0}, {""field"": ""first_subject"", ""value"": ""化学""}, {""field"": ""k12_category"", ""operator"": ""or"", ""values"": [""同步课"", ""同步拓展课""]}]}}",Y,Y,Y,
教育,教育163,edu_keyword_search,七年级生物上册人教版,edu_search,"{""query"": {""and"": [{""field"": ""grade"", ""value"": ""七年级""}, {""field"": ""semester"", ""value"": ""上半学期""}, {""field"": ""first_subject"", ""value"": ""生物""}, {""field"": ""material_version"", ""value"": ""人教版""}, {""field"": ""k12_category"", ""operator"": ""or"", ""values"": [""同步课"", ""同步拓展课""]}]}}",edu_search,"{""query"": {""and"": [{""field"": ""grade"", ""value"": ""七年级""}, {""field"": ""semester"", ""value"": ""上半学期""}, {""field"": ""material_version"", ""value"": ""人教版""}, {""field"": ""first_subject"", ""value"": ""生物""}, {""field"": ""k12_category"", ""operator"": ""or"", ""values"": [""同步课"", ""同步拓展课""]}]}}",Y,Y,Y,
教育,教育164,edu_keyword_search,八年级地理下册湘教版,edu_search,"{""query"": {""and"": [{""field"": ""grade"", ""value"": ""八年级""}, {""field"": ""semester"", ""value"": ""下半学期""}, {""field"": ""first_subject"", ""value"": ""地理""}, {""field"": ""material_version"", ""value"": ""湘教版""}, {""field"": ""k12_category"", ""operator"": ""or"", ""values"": [""同步课"", ""同步拓展课""]}]}}",edu_search,"{""query"": {""and"": [{""field"": ""grade"", ""value"": ""八年级""}, {""field"": ""semester"", ""value"": ""下半学期""}, {""field"": ""material_version"", ""value"": ""湘教版""}, {""field"": ""first_subject"", ""value"": ""地理""}, {""field"": ""k12_category"", ""operator"": ""or"", ""values"": [""同步课"", ""同步拓展课""]}]}}",Y,Y,Y,
教育,教育165,edu_keyword_search,高一历史,edu_search,"{""query"": {""and"": [{""field"": ""grade"", ""value"": ""高一""}, {""field"": ""first_subject"", ""value"": ""历史""}, {""field"": ""k12_category"", ""operator"": ""or"", ""values"": [""同步课"", ""同步拓展课""]}]}}",edu_search,"{""query"": {""and"": [{""field"": ""grade"", ""value"": ""高一""}, {""field"": ""first_subject"", ""value"": ""历史""}, {""field"": ""k12_category"", ""operator"": ""or"", ""values"": [""同步课"", ""同步拓展课""]}]}}",Y,Y,Y,
教育,教育169,edu_keyword_search,我要看高二高三的物理,edu_search,"{""query"": {""and"": [{""field"": ""grade"", ""operator"": ""or"", ""values"": [""高二"", ""高三""]}, {""field"": ""first_subject"", ""value"": ""物理""}, {""field"": ""k12_category"", ""operator"": ""or"", ""values"": [""同步课"", ""同步拓展课""]}]}}",edu_search,"{""query"": {""and"": [{""field"": ""grade"", ""operator"": ""or"", ""values"": [""高二"", ""高三""]}, {""field"": ""first_subject"", ""value"": ""物理""}, {""field"": ""k12_category"", ""operator"": ""or"", ""values"": [""同步课"", ""同步拓展课""]}]}}",Y,Y,Y,
教育,教育168,edu_keyword_search,小学一二年级的数学,edu_search,"{""query"": {""and"": [{""field"": ""figures"", ""value"": ""小学""}, {""field"": ""grade"", ""operator"": ""or"", ""values"": [""一年级"", ""二年级""]}, {""field"": ""first_subject"", ""value"": ""数学""}, {""field"": ""k12_category"", ""operator"": ""or"", ""values"": [""同步课"", ""同步拓展课""]}]}}",edu_search,"{""query"": {""and"": [{""field"": ""figures"", ""value"": ""小学""}, {""field"": ""grade"", ""operator"": ""or"", ""values"": [""一年级"", ""二年级""]}, {""field"": ""first_subject"", ""value"": ""数学""}, {""field"": ""k12_category"", ""operator"": ""or"", ""values"": [""同步课"", ""同步拓展课""]}]}}",Y,Y,Y,
教育,教育167,edu_keyword_search,五年级语文和英语都要,edu_search,"{""query"": {""and"": [{""field"": ""grade"", ""value"": ""五年级""}, {""field"": ""first_subject"", ""operator"": ""or"", ""values"": [""语文"", ""英语""]}, {""field"": ""k12_category"", ""operator"": ""or"", ""values"": [""同步课"", ""同步拓展课""]}]}}",edu_search,"{""query"": {""and"": [{""field"": ""grade"", ""value"": ""五年级""}, {""field"": ""first_subject"", ""operator"": ""or"", ""values"": [""语文"", ""英语""]}, {""field"": ""k12_category"", ""operator"": ""or"", ""values"": [""同步课"", ""同步拓展课""]}]}}",Y,Y,Y,
教育,教育173,edu_keyword_search,人教版五年级下册英语免费的,edu_search,"{""query"": {""and"": [{""field"": ""grade"", ""value"": ""五年级""}, {""field"": ""semester"", ""value"": ""下半学期""}, {""field"": ""first_subject"", ""value"": ""英语""}, {""field"": ""material_version"", ""value"": ""人教版""}, {""field"": ""is_fee"", ""value"": 0}, {""field"": ""k12_category"", ""operator"": ""or"", ""values"": [""同步课"", ""同步拓展课""]}]}}",edu_search,"{""query"": {""and"": [{""field"": ""grade"", ""value"": ""五年级""}, {""field"": ""semester"", ""value"": ""下半学期""}, {""field"": ""material_version"", ""value"": ""人教版""}, {""field"": ""is_fee"", ""value"": 0}, {""field"": ""first_subject"", ""value"": ""英语""}, {""field"": ""k12_category"", ""operator"": ""or"", ""values"": [""同步课"", ""同步拓展课""]}]}}",Y,Y,Y,
教育,教育170,edu_keyword_search,三年级上册的数学或者英语,edu_search,"{""query"": {""and"": [{""field"": ""grade"", ""value"": ""三年级""}, {""field"": ""semester"", ""value"": ""上半学期""}, {""field"": ""first_subject"", ""operator"": ""or"", ""values"": [""数学"", ""英语""]}, {""field"": ""k12_category"", ""operator"": ""or"", ""values"": [""同步课"", ""同步拓展课""]}]}}",edu_search,"{""query"": {""and"": [{""field"": ""grade"", ""value"": ""三年级""}, {""field"": ""semester"", ""value"": ""上半学期""}, {""field"": ""first_subject"", ""operator"": ""or"", ""values"": [""数学"", ""英语""]}, {""field"": ""k12_category"", ""operator"": ""or"", ""values"": [""同步课"", ""同步拓展课""]}]}}",Y,Y,Y,
教育,教育174,edu_keyword_search,播放苏教版初二语文下册,edu_search,"{""query"": {""and"": [{""field"": ""grade"", ""value"": ""八年级""}, {""field"": ""semester"", ""value"": ""下半学期""}, {""field"": ""first_subject"", ""value"": ""语文""}, {""field"": ""material_version"", ""value"": ""苏教版""}, {""field"": ""k12_category"", ""operator"": ""or"", ""values"": [""同步课"", ""同步拓展课""]}]}}",edu_search,"{""query"": {""and"": [{""field"": ""grade"", ""value"": ""八年级""}, {""field"": ""semester"", ""value"": ""下半学期""}, {""field"": ""material_version"", ""value"": ""苏教版""}, {""field"": ""first_subject"", ""value"": ""语文""}, {""field"": ""k12_category"", ""operator"": ""or"", ""values"": [""同步课"", ""同步拓展课""]}]}}",Y,Y,Y,
教育,教育171,edu_keyword_search,初三物理或化学下册,edu_search,"{""query"": {""and"": [{""field"": ""grade"", ""value"": ""九年级""}, {""field"": ""semester"", ""value"": ""下半学期""}, {""field"": ""first_subject"", ""operator"": ""or"", ""values"": [""物理"", ""化学""]}, {""field"": ""k12_category"", ""operator"": ""or"", ""values"": [""同步课"", ""同步拓展课""]}]}}",edu_search,"{""query"": {""and"": [{""field"": ""grade"", ""value"": ""九年级""}, {""field"": ""semester"", ""value"": ""下半学期""}, {""field"": ""first_subject"", ""operator"": ""or"", ""values"": [""物理"", ""化学""]}, {""field"": ""k12_category"", ""operator"": ""or"", ""values"": [""同步课"", ""同步拓展课""]}]}}",Y,Y,Y,
教育,教育176,edu_keyword_search,高三数学或英语，要付费的,edu_search,"{""query"": {""and"": [{""field"": ""grade"", ""value"": ""高三""}, {""field"": ""first_subject"", ""operator"": ""or"", ""values"": [""数学"", ""英语""]}, {""field"": ""is_fee"", ""value"": 1}, {""field"": ""k12_category"", ""operator"": ""or"", ""values"": [""同步课"", ""同步拓展课""]}]}}",edu_search,"{""query"": {""and"": [{""field"": ""grade"", ""value"": ""高三""}, {""field"": ""is_fee"", ""value"": 1}, {""field"": ""first_subject"", ""operator"": ""or"", ""values"": [""数学"", ""英语""]}, {""field"": ""k12_category"", ""operator"": ""or"", ""values"": [""同步课"", ""同步拓展课""]}]}}",Y,Y,Y,
教育,教育172,edu_keyword_search,沪科版或者人教版的九年级物理,edu_search,"{""query"": {""and"": [{""field"": ""grade"", ""value"": ""九年级""}, {""field"": ""first_subject"", ""value"": ""物理""}, {""field"": ""material_version"", ""operator"": ""or"", ""values"": [""沪科版"", ""人教版""]}, {""field"": ""k12_category"", ""operator"": ""or"", ""values"": [""同步课"", ""同步拓展课""]}]}}",edu_search,"{""query"": {""and"": [{""field"": ""grade"", ""value"": ""九年级""}, {""field"": ""material_version"", ""operator"": ""or"", ""values"": [""人教版"", ""沪科版""]}, {""field"": ""first_subject"", ""value"": ""物理""}, {""field"": ""k12_category"", ""operator"": ""or"", ""values"": [""同步课"", ""同步拓展课""]}]}}",Y,Y,Y,
教育,教育177,edu_keyword_search,二年级下册的语文,edu_search,"{""query"": {""and"": [{""field"": ""grade"", ""value"": ""二年级""}, {""field"": ""semester"", ""value"": ""下半学期""}, {""field"": ""first_subject"", ""value"": ""语文""}, {""field"": ""k12_category"", ""operator"": ""or"", ""values"": [""同步课"", ""同步拓展课""]}]}}",edu_search,"{""query"": {""and"": [{""field"": ""grade"", ""value"": ""二年级""}, {""field"": ""semester"", ""value"": ""下半学期""}, {""field"": ""first_subject"", ""value"": ""语文""}, {""field"": ""k12_category"", ""operator"": ""or"", ""values"": [""同步课"", ""同步拓展课""]}]}}",Y,Y,Y,
教育,教育178,edu_keyword_search,四年级上册数学人教版,edu_search,"{""query"": {""and"": [{""field"": ""grade"", ""value"": ""四年级""}, {""field"": ""semester"", ""value"": ""上半学期""}, {""field"": ""first_subject"", ""value"": ""数学""}, {""field"": ""material_version"", ""value"": ""人教版""}, {""field"": ""k12_category"", ""operator"": ""or"", ""values"": [""同步课"", ""同步拓展课""]}]}}",edu_search,"{""query"": {""and"": [{""field"": ""grade"", ""value"": ""四年级""}, {""field"": ""semester"", ""value"": ""上半学期""}, {""field"": ""material_version"", ""value"": ""人教版""}, {""field"": ""first_subject"", ""value"": ""数学""}, {""field"": ""k12_category"", ""operator"": ""or"", ""values"": [""同步课"", ""同步拓展课""]}]}}",Y,Y,Y,
教育,教育175,edu_keyword_search,四年级上册和五年级下册的数学,edu_search,"{""query"": {""and"": [{""field"": ""grade"", ""operator"": ""or"", ""values"": [""四年级"", ""五年级""]}, {""field"": ""semester"", ""operator"": ""or"", ""values"": [""上半学期"", ""下半学期""]}, {""field"": ""first_subject"", ""value"": ""数学""}, {""field"": ""k12_category"", ""operator"": ""or"", ""values"": [""同步课"", ""同步拓展课""]}]}}",edu_search,"{""query"": {""and"": [{""field"": ""grade"", ""operator"": ""or"", ""values"": [""四年级"", ""五年级""]}, {""field"": ""semester"", ""operator"": ""or"", ""values"": [""上半学期"", ""下半学期""]}, {""field"": ""first_subject"", ""value"": ""数学""}, {""field"": ""k12_category"", ""operator"": ""or"", ""values"": [""同步课"", ""同步拓展课""]}]}}",Y,Y,Y,
教育,教育182,edu_extension_search,播放万唯名师的教育视频,edu_fuzzy_search,"{""query"": ""播放万唯名师的教育视频""}",edu_fuzzy_search,"{""query"": ""播放万唯名师的教育视频""}",Y,Y,Y,
教育,教育179,edu_keyword_search,找一下高中英语的课,edu_search,"{""query"": {""and"": [{""field"": ""figures"", ""value"": ""高中""}, {""field"": ""first_subject"", ""value"": ""英语""}, {""field"": ""k12_category"", ""operator"": ""or"", ""values"": [""同步课"", ""同步拓展课""]}]}}",edu_search,"{""query"": {""and"": [{""field"": ""figures"", ""value"": ""高中""}, {""field"": ""first_subject"", ""value"": ""英语""}, {""field"": ""k12_category"", ""operator"": ""or"", ""values"": [""同步课"", ""同步拓展课""]}]}}",Y,Y,Y,
教育,教育184,edu_extension_search,有没有学而思的精讲课程,edu_fuzzy_search,"{""query"": ""有没有学而思的精讲课程""}",edu_fuzzy_search,"{""query"": ""有没有学而思的精讲课程""}",Y,Y,Y,
教育,教育183,edu_extension_search,我要学星火教育高中一对一辅导课程,edu_fuzzy_search,"{""query"": ""我要学星火教育高中一对一辅导课程""}",edu_fuzzy_search,"{""query"": ""我要学星火教育高中一对一辅导课程""}",Y,Y,Y,
教育,教育189,edu_holistic_search,讲座,edu_fuzzy_search,"{""query"": ""讲座""}",execute,"{""query"": ""讲座""}",N,Y,N,
教育,教育180,edu_keyword_search,打开八年级上册生物,edu_search,"{""query"": {""and"": [{""field"": ""grade"", ""value"": ""八年级""}, {""field"": ""semester"", ""value"": ""上半学期""}, {""field"": ""first_subject"", ""value"": ""生物""}, {""field"": ""k12_category"", ""operator"": ""or"", ""values"": [""同步课"", ""同步拓展课""]}]}}",edu_search,"{""query"": {""and"": [{""field"": ""grade"", ""value"": ""八年级""}, {""field"": ""semester"", ""value"": ""上半学期""}, {""field"": ""first_subject"", ""value"": ""生物""}, {""field"": ""k12_category"", ""operator"": ""or"", ""values"": [""同步课"", ""同步拓展课""]}]}}",Y,Y,Y,
教育,教育187,edu_holistic_search,我想学下围棋,edu_fuzzy_search,"{""query"": ""我想学下围棋""}",edu_fuzzy_search,"{""query"": ""我想学下围棋""}",Y,Y,Y,
教育,教育186,edu_holistic_search,尤克里里零基础入门课,edu_fuzzy_search,"{""query"": ""尤克里里零基础入门课""}",edu_fuzzy_search,"{""query"": ""尤克里里零基础入门课""}",Y,Y,Y,
教育,教育190,edu_holistic_search,有没有瑜伽课,edu_fuzzy_search,"{""query"": ""有没有瑜伽课""}",edu_fuzzy_search,"{""query"": ""有没有瑜伽课""}",Y,Y,Y,
教育,教育188,edu_holistic_search,古筝名曲教学入门,edu_fuzzy_search,"{""query"": ""古筝名曲教学入门""}",edu_fuzzy_search,"{""query"": ""古筝名曲教学入门""}",Y,Y,Y,
教育,教育191,edu_holistic_search,打开儿童演讲训练教程,edu_fuzzy_search,"{""query"": ""打开儿童演讲训练教程""}",edu_fuzzy_search,"{""query"": ""打开儿童演讲训练教程""}",Y,Y,Y,
教育,教育192,edu_holistic_search,有没有零基础儿童画画入门教程,edu_fuzzy_search,"{""query"": ""有没有零基础儿童画画入门教程""}",edu_fuzzy_search,"{""query"": ""有没有零基础儿童画画入门教程""}",Y,Y,Y,
教育,教育193,edu_holistic_search,我想学中国舞,edu_fuzzy_search,"{""query"": ""我想学中国舞""}",edu_fuzzy_search,"{""query"": ""我想学中国舞""}",Y,Y,Y,
教育,教育194,edu_holistic_search,儿童彩铅绘画教学,edu_fuzzy_search,"{""query"": ""儿童彩铅绘画教学""}",edu_fuzzy_search,"{""query"": ""儿童彩铅绘画教学""}",Y,Y,Y,
教育,教育195,edu_holistic_search,播放儿童篮球课程,edu_fuzzy_search,"{""query"": ""播放儿童篮球课程""}",edu_fuzzy_search,"{""query"": ""播放儿童篮球课程""}",Y,Y,Y,
教育,教育197,edu_holistic_search,吉他课程,edu_fuzzy_search,"{""query"": ""吉他课程""}",edu_fuzzy_search,"{""query"": ""吉他课程""}",Y,Y,Y,
教育,教育196,edu_holistic_search,小学生自制手账的教程,edu_fuzzy_search,"{""query"": ""小学生自制手账的教程""}",edu_fuzzy_search,"{""query"": ""小学生自制手账的教程""}",Y,Y,Y,
教育,教育198,edu_holistic_search,学习基本功形体训练,edu_fuzzy_search,"{""query"": ""学习基本功形体训练""}",edu_fuzzy_search,"{""query"": ""学习基本功形体训练""}",Y,Y,Y,
教育,教育181,edu_extension_search,扇形统计图的备课视频,edu_slow_search_data_search,"{""query"": ""扇形统计图的备课视频""}",edu_slow_search_data_search,"{""query"": ""扇形统计图的备课视频""}",Y,Y,Y,
教育,教育199,edu_holistic_search,少儿足球训练教程,edu_fuzzy_search,"{""query"": ""少儿足球训练教程""}",edu_fuzzy_search,"{""query"": ""少儿足球训练教程""}",Y,Y,Y,
教育,教育200,edu_holistic_search,有没有非洲鼓入门课,edu_fuzzy_search,"{""query"": ""有没有非洲鼓入门课""}",edu_fuzzy_search,"{""query"": ""有没有非洲鼓入门课""}",Y,Y,Y,
教育,教育201,edu_holistic_search,免费的少儿硬笔书法,edu_fuzzy_search,"{""query"": ""免费的少儿硬笔书法""}",edu_fuzzy_search,"{""query"": ""免费的少儿硬笔书法""}",Y,Y,Y,
教育,教育203,edu_holistic_search,打开免费的二胡,edu_fuzzy_search,"{""query"": ""打开免费的二胡""}",music_song_search,"{""retext"": ""打开免费的二胡"", ""version"": [""免费版""]}",N,N,N,"query: gold=""打开免费的二胡"" pred=; retext: gold= pred=""打开免费的二胡""; version: gold= pred=[""免费版""]"
教育,教育204,edu_holistic_search,做贺卡教学视频,edu_fuzzy_search,"{""query"": ""做贺卡教学视频""}",edu_fuzzy_search,"{""query"": ""做贺卡教学视频""}",Y,Y,Y,
教育,教育206,edu_extension_search,八年级上政治期末复习,edu_fuzzy_search,"{""query"": ""八年级上政治期末复习""}",edu_fuzzy_search,"{""query"": ""八年级上政治期末复习""}",Y,Y,Y,
教育,教育207,edu_extension_search,人教版高一数学同步辅导精讲,edu_fuzzy_search,"{""query"": ""人教版高一数学同步辅导精讲""}",edu_fuzzy_search,"{""query"": ""人教版高一数学同步辅导精讲""}",Y,Y,Y,
教育,教育208,edu_extension_search,9年级上册期末考试的考试范围,edu_fuzzy_search,"{""query"": ""9年级上册期末考试的考试范围""}",edu_fuzzy_search,"{""query"": ""9年级上册期末考试的考试范围""}",Y,Y,Y,
教育,教育209,edu_extension_search,帮我在B站里找到7年级上册历史全部期末考试复习集的视频,edu_fuzzy_search,"{""query"": ""帮我在B站里找到7年级上册历史全部期末考试复习集的视频""}",edu_fuzzy_search,"{""query"": ""帮我在B站里找到7年级上册历史全部期末考试复习集的视频""}",Y,Y,Y,
教育,教育211,edu_extension_search,请帮我写出九整个9年级的物理易错知识点,edu_fuzzy_search,"{""query"": ""请帮我写出九整个9年级的物理易错知识点""}",edu_fuzzy_search,"{""query"": ""请帮我写出九整个9年级的物理易错知识点""}",Y,Y,Y,
教育,教育210,edu_extension_search,7年级上册的地理期末检测,edu_fuzzy_search,"{""query"": ""7年级上册的地理期末检测""}",edu_fuzzy_search,"{""query"": ""7年级上册的地理期末检测""}",Y,Y,Y,
教育,教育213,edu_extension_search,高考语文冲刺,edu_fuzzy_search,"{""query"": ""高考语文冲刺""}",edu_fuzzy_search,"{""query"": ""高考语文冲刺""}",Y,Y,Y,
教育,教育212,edu_extension_search,总结七年级下册政治第1单元,edu_fuzzy_search,"{""query"": ""总结七年级下册政治第1单元""}",edu_fuzzy_search,"{""query"": ""总结七年级下册政治第1单元""}",Y,Y,Y,
教育,教育214,edu_extension_search,播放七年级初一知识精讲内容,edu_fuzzy_search,"{""query"": ""播放七年级初一知识精讲内容""}",edu_fuzzy_search,"{""query"": ""播放七年级初一知识精讲内容""}",Y,Y,Y,
教育,教育216,edu_extension_search,我要看语文阅读专项提升视频,edu_fuzzy_search,"{""query"": ""我要看语文阅读专项提升视频""}",edu_fuzzy_search,"{""query"": ""我要看语文阅读专项提升视频""}",Y,Y,Y,
教育,教育215,edu_extension_search,搜索高三压轴题押题解析,edu_fuzzy_search,"{""query"": ""搜索高三压轴题押题解析""}",edu_fuzzy_search,"{""query"": ""搜索高三压轴题押题解析""}",Y,Y,Y,
教育,教育217,edu_extension_search,有没有课前预习的课程？,edu_fuzzy_search,"{""query"": ""有没有课前预习的课程？""}",edu_fuzzy_search,"{""query"": ""有没有课前预习的课程？""}",Y,Y,Y,
教育,教育185,edu_holistic_search,我想看消防安全常识课,edu_fuzzy_search,"{""query"": ""我想看消防安全常识课""}",fan_knowledge_agent,"{""messages"": [{""content"": ""我想看消防安全常识课"", ""role"": ""user""}], ""need_media"": false, ""riskRespStrategy"": ""all_replace"", ""sceneType"": ""knowledge_qa""}",N,N,N,"messages: gold= pred=[{""content"": ""我想看消防安全常识课"", ""role"": ""user""}]; need_media: gold= pred=; query: gold=""我想看消防安全常识课"" pred=; riskRespStrategy: gold= pred=""all_replace""; sceneType: gold= pred=""knowledge_qa"""
教育,教育202,edu_holistic_search,安全教育黑板报内容,edu_fuzzy_search,"{""query"": ""安全教育黑板报内容""}",fan_knowledge_agent,"{""messages"": [{""content"": ""安全教育黑板报内容"", ""role"": ""user""}], ""need_media"": false, ""riskRespStrategy"": ""all_replace"", ""sceneType"": ""education_qa""}",N,N,N,"messages: gold= pred=[{""content"": ""安全教育黑板报内容"", ""role"": ""user""}]; need_media: gold= pred=; query: gold=""安全教育黑板报内容"" pred=; riskRespStrategy: gold= pred=""all_replace""; sceneType: gold= pred=""education_qa"""
教育,教育205,edu_extension_search,我要看关于高一上册政治的复习视频,edu_fuzzy_search,"{""query"": ""我要看关于高一上册政治的复习视频""}",fan_knowledge_agent,"{""messages"": [{""content"": ""我要看关于高一上册政治的复习视频"", ""role"": ""user""}], ""need_media"": false, ""riskRespStrategy"": ""all_replace"", ""sceneType"": ""knowledge_qa""}",N,N,N,"messages: gold= pred=[{""content"": ""我要看关于高一上册政治的复习视频"", ""role"": ""user""}]; need_media: gold= pred=; query: gold=""我要看关于高一上册政治的复习视频"" pred=; riskRespStrategy: gold= pred=""all_replace""; sceneType: gold= pred=""knowledge_qa"""
