域,row,intent,query,gold_tool,gold_params,pred_tool,pred_params,tool_ok,param_ok,both_ok,param_diff
少儿,少儿2,multi_tab_search,教孩子情绪管理的绘本动画,educ_search_all,"{""query"": {""and"": [{""or"": [{""field"": ""children_third_genre"", ""value"": ""情绪管理""}, {""field"": ""training_objectives"", ""value"": ""情绪管理""}]}, {""field"": ""children_second_genre"", ""value"": ""绘本""}, {""field"": ""content_type"", ""value"": ""动画""}]}, ""retext"": ""教孩子情绪管理的绘本动画""}",educ_search_all,"{""query"": {""and"": [{""or"": [{""field"": ""children_third_genre"", ""value"": ""情绪管理""}, {""field"": ""training_objectives"", ""value"": ""情绪管理""}]}, {""field"": ""children_second_genre"", ""value"": ""绘本""}, {""field"": ""content_type"", ""value"": ""动画""}]}, ""retext"": ""教孩子情绪管理的绘本动画""}",Y,Y,Y,
少儿,少儿3,multi_tab_search,0到3岁宝宝看的启蒙动画,educ_search,"{""query"": {""and"": [{""field"": ""title"", ""value"": ""启蒙""}, {""field"": ""age_range"", ""from"": 0, ""to"": 3}, {""field"": ""content_type"", ""value"": ""动画""}]}, ""retext"": ""0到3岁宝宝看的启蒙动画""}",educ_search,"{""query"": {""and"": [{""field"": ""title"", ""value"": ""启蒙""}, {""field"": ""content_type"", ""value"": ""动画""}, {""field"": ""age_range"", ""from"": 0, ""to"": 3}]}, ""retext"": ""0到3岁宝宝看的启蒙动画""}",Y,Y,Y,
少儿,少儿4,multi_tab_search,10 到 12 岁儿童的经典卡通,educ_search,"{""query"": {""and"": [{""field"": ""children_second_genre"", ""value"": ""经典""}, {""field"": ""content_type"", ""value"": ""卡通""}, {""field"": ""age_range"", ""from"": 10, ""to"": 12}]}, ""retext"": ""10 到 12 岁儿童的经典卡通""}",educ_search,"{""query"": {""and"": [{""field"": ""content_type"", ""value"": ""卡通""}, {""field"": ""children_second_genre"", ""value"": ""经典""}, {""field"": ""age_range"", ""from"": 10, ""to"": 12}]}, ""retext"": ""10 到 12 岁儿童的经典卡通""}",Y,Y,Y,
少儿,少儿5,multi_tab_search,2010年到2019年比较火的冒险动画片,educ_search_all,"{""query"": {""and"": [{""field"": ""children_third_genre"", ""value"": ""冒险""}, {""field"": ""content_type"", ""value"": ""动画""}, {""field"": ""release_time"", ""from"": ""20100101"", ""to"": ""20191231""}]}, ""retext"": ""2010年2019年比较火的冒险动画片""}",educ_search_all,"{""query"": {""and"": [{""field"": ""content_type"", ""value"": ""动画""}, {""field"": ""release_time"", ""from"": ""20100101"", ""to"": ""20191231""}, {""field"": ""children_third_genre"", ""value"": ""冒险""}]}, ""retext"": ""2010年2019年比较火的冒险动画片""}",Y,Y,Y,
少儿,少儿6,multi_tab_search,2025年的免费重生动漫,educ_search_all,"{""query"": {""and"": [{""field"": ""title"", ""value"": ""重生""}, {""field"": ""release_time"", ""from"": ""20250101"", ""to"": ""20251231""}, {""field"": ""children_second_genre"", ""value"": ""动漫""}, {""field"": ""is_fee"", ""value"": 0}]}, ""retext"": ""2025年的免费重生动漫""}",educ_search_all,"{""query"": {""and"": [{""field"": ""title"", ""value"": ""重生""}, {""field"": ""release_time"", ""from"": ""20250101"", ""to"": ""20251231""}, {""field"": ""children_second_genre"", ""value"": ""动漫""}, {""field"": ""is_fee"", ""value"": 0}]}, ""retext"": ""2025年的免费重生动漫""}",Y,Y,Y,
少儿,少儿10,confirm_vague_search,6到7岁儿童适合的成长主题动画,educ_fuzzy_search,"{""query"": ""6到7岁儿童适合的成长主题动画""}",educ_fuzzy_search,"{""query"": ""6到7岁儿童适合的成长主题动画""}",Y,Y,Y,
少儿,少儿7,multi_tab_search,22年至今播出的科幻冒险动画,educ_search_all,"{""query"": {""and"": [{""field"": ""children_third_genre"", ""value"": ""科幻""}, {""field"": ""children_third_genre"", ""value"": ""冒险""}, {""field"": ""content_type"", ""value"": ""动画""}, {""field"": ""release_time"", ""from"": ""20220101"", ""to"": ""20260824""}]}, ""retext"": ""22年至今播出的科幻冒险动画""}",educ_search_all,"{""query"": {""and"": [{""field"": ""content_type"", ""value"": ""动画""}, {""field"": ""release_time"", ""from"": ""20220101"", ""to"": ""20260824""}, {""field"": ""children_third_genre"", ""value"": ""科幻""}, {""field"": ""children_third_genre"", ""value"": ""冒险""}]}, ""retext"": ""22年至今播出的科幻冒险动画""}",Y,Y,Y,
少儿,少儿12,confirm_personalized_recommend,按我家娃的喜好推荐一些动画,educ_fuzzy_search,"{""query"": ""按我家娃的喜好推荐一些动画""}",educ_fuzzy_search,"{""query"": ""按我家娃的喜好推荐一些动画""}",Y,Y,Y,
少儿,少儿8,multi_tab_search,23年以后的动画片,educ_search_all,"{""query"": {""and"": [{""field"": ""content_type"", ""value"": ""动画""}, {""field"": ""release_time"", ""from"": ""20230101"", ""to"": ""20260824""}]}, ""retext"": ""23年以后的动画片""}",educ_search_all,"{""query"": {""and"": [{""field"": ""content_type"", ""value"": ""动画""}, {""field"": ""release_time"", ""from"": ""20230101"", ""to"": ""20260824""}]}, ""retext"": ""23年以后的动画片""}",Y,Y,Y,
少儿,少儿9,multi_tab_search,4到5岁逻辑思维启蒙动画,educ_search,"{""query"": {""and"": [{""field"": ""title"", ""value"": ""逻辑思维启蒙""}, {""field"": ""content_type"", ""value"": ""动画""}, {""field"": ""age_range"", ""from"": 4, ""to"": 5}]}, ""retext"": ""4到5岁逻辑思维启蒙动画""}",educ_search,"{""query"": {""and"": [{""field"": ""title"", ""value"": ""逻辑思维启蒙""}, {""field"": ""content_type"", ""value"": ""动画""}, {""field"": ""age_range"", ""from"": 4, ""to"": 5}]}, ""retext"": ""4到5岁逻辑思维启蒙动画""}",Y,Y,Y,
少儿,少儿11,multi_tab_search,9岁小女孩喜欢看的动画片,educ_search,"{""query"": {""and"": [{""field"": ""content_type"", ""value"": ""动画""}, {""field"": ""gender"", ""value"": ""女""}, {""field"": ""age_range"", ""from"": 9, ""to"": 9}]}, ""retext"": ""9岁小女孩喜欢看的动画""}",educ_search,"{""query"": {""and"": [{""field"": ""content_type"", ""value"": ""动画""}, {""field"": ""gender"", ""value"": ""女""}, {""field"": ""age_range"", ""from"": 9, ""to"": 9}]}, ""retext"": ""9岁小女孩喜欢看的动画""}",Y,Y,Y,
少儿,少儿13,multi_tab_search,奥特曼免费的不要钱的,educ_search,"{""query"": {""and"": [{""field"": ""title"", ""value"": ""奥特曼""}, {""field"": ""is_fee"", ""value"": 0}]}, ""retext"": ""奥特曼免费的不要钱的""}",educ_search,"{""query"": {""and"": [{""field"": ""title"", ""value"": ""奥特曼""}, {""field"": ""is_fee"", ""value"": 0}]}, ""retext"": ""奥特曼免费的不要钱的""}",Y,Y,Y,
少儿,少儿14,multi_tab_search,帮我播放钶龙战记,educ_search,"{""query"": {""field"": ""title"", ""value"": ""钶龙战记""}, ""retext"": ""帮我播放钶龙战记""}",educ_search,"{""query"": {""field"": ""title"", ""value"": ""钶龙战记""}, ""retext"": ""帮我播放钶龙战记""}",Y,Y,Y,
少儿,少儿15,multi_tab_search,帮我搜索2023年推出的动漫作品,educ_search_all,"{""query"": {""and"": [{""field"": ""release_time"", ""from"": ""20230101"", ""to"": ""20231231""}, {""field"": ""children_second_genre"", ""value"": ""动漫""}]}, ""retext"": ""帮我搜索2023年推出的动漫作品""}",educ_search_all,"{""query"": {""and"": [{""field"": ""release_time"", ""from"": ""20230101"", ""to"": ""20231231""}, {""field"": ""children_second_genre"", ""value"": ""动漫""}]}, ""retext"": ""帮我搜索2023年推出的动漫作品""}",Y,Y,Y,
少儿,少儿17,multi_tab_search,帮我找一个动画片儿背古诗的,educ_search,"{""query"": {""and"": [{""field"": ""children_third_genre"", ""value"": ""古诗""}, {""field"": ""content_type"", ""value"": ""动画""}]}, ""retext"": ""帮我找一个动画片儿背古诗的""}",educ_search,"{""query"": {""and"": [{""field"": ""content_type"", ""value"": ""动画""}, {""field"": ""children_third_genre"", ""value"": ""古诗""}]}, ""retext"": ""帮我找一个动画片儿背古诗的""}",Y,Y,Y,
少儿,少儿19,multi_tab_search,芭比系列全部免费,educ_search,"{""query"": {""and"": [{""field"": ""title"", ""value"": ""芭比""}, {""field"": ""is_fee"", ""value"": 0}]}, ""retext"": ""芭比系列全部免费""}",educ_search,"{""query"": {""and"": [{""field"": ""title"", ""value"": ""芭比""}, {""field"": ""is_fee"", ""value"": 0}]}, ""retext"": ""芭比系列全部免费""}",Y,Y,Y,
少儿,少儿18,multi_tab_search,帮我找《佩奇》。,educ_search,"{""query"": {""field"": ""title"", ""value"": ""小猪佩奇""}, ""retext"": ""帮我找《佩奇》。""}",educ_search,"{""query"": {""field"": ""title"", ""value"": ""小猪佩奇""}, ""retext"": ""帮我找《佩奇》。""}",Y,Y,Y,
少儿,少儿21,multi_tab_search,彼得兔全屏播放,educ_search,"{""query"": {""field"": ""title"", ""value"": ""彼得兔""}, ""retext"": ""彼得兔全屏播放""}",educ_search,"{""query"": {""field"": ""title"", ""value"": ""彼得兔""}, ""retext"": ""彼得兔全屏播放""}",Y,Y,Y,
少儿,少儿23,multi_tab_search,播放奥特曼卡片,educ_search,"{""query"": {""field"": ""title"", ""value"": ""奥特曼卡片""}, ""retext"": ""播放奥特曼卡片""}",educ_search,"{""query"": {""field"": ""title"", ""value"": ""奥特曼卡片""}, ""retext"": ""播放奥特曼卡片""}",Y,Y,Y,
少儿,少儿20,multi_tab_search,贝瓦儿歌开始,educ_search,"{""query"": {""field"": ""title"", ""value"": ""贝瓦儿歌""}, ""retext"": ""贝瓦儿歌开始""}",educ_search,"{""query"": {""field"": ""title"", ""value"": ""贝瓦儿歌""}, ""retext"": ""贝瓦儿歌开始""}",Y,Y,Y,
少儿,少儿24,multi_tab_search,播放阿拉丁神灯故事,educ_search,"{""query"": {""and"": [{""field"": ""title"", ""value"": ""阿拉丁神灯""}, {""field"": ""children_second_genre"", ""value"": ""故事""}]}, ""retext"": ""播放阿拉丁神灯故事""}",educ_search,"{""query"": {""and"": [{""field"": ""title"", ""value"": ""阿拉丁神灯""}, {""field"": ""children_second_genre"", ""value"": ""故事""}]}, ""retext"": ""播放阿拉丁神灯故事""}",Y,Y,Y,
少儿,少儿22,multi_tab_search,播放艾莎公主或安娜公主,educ_search,"{""query"": {""or"": [{""field"": ""role"", ""value"": ""艾莎公主""}, {""field"": ""role"", ""value"": ""安娜公主""}, {""field"": ""title"", ""value"": ""艾莎公主""}, {""field"": ""title"", ""value"": ""安娜公主""}]}, ""retext"": ""播放艾莎公主和安娜公主""}",educ_search,"{""query"": {""or"": [{""field"": ""role"", ""value"": ""艾莎公主""}, {""field"": ""title"", ""value"": ""艾莎公主""}, {""field"": ""role"", ""value"": ""安娜公主""}, {""field"": ""title"", ""value"": ""安娜公主""}]}, ""retext"": ""播放艾莎公主和安娜公主""}",Y,Y,Y,
少儿,少儿25,multi_tab_search,播放阿巳与小铃铛的故事,educ_search,"{""query"": {""and"": [{""field"": ""title"", ""value"": ""阿巳与小铃铛""}, {""field"": ""children_second_genre"", ""value"": ""故事""}]}, ""retext"": ""播放阿巳与小铃铛的故事""}",educ_search,"{""query"": {""and"": [{""field"": ""title"", ""value"": ""阿巳与小铃铛""}, {""field"": ""children_second_genre"", ""value"": ""故事""}]}, ""retext"": ""播放阿巳与小铃铛的故事""}",Y,Y,Y,
少儿,少儿16,multi_tab_search,帮我调到免费的长征先锋,educ_search,"{""query"": {""and"": [{""field"": ""title"", ""value"": ""长征先锋""}, {""field"": ""is_fee"", ""value"": 0}]}, ""retext"": ""帮我调到免费的长征先锋""}",vod_search,"{""action"": ""search"", ""query"": {""field"": ""is_fee"", ""value"": 0}, ""retext"": ""帮我调到免费的长征先锋""}",N,N,N,"action: gold= pred=""search""; query: gold={""and"": [{""field"": ""is_fee"", ""value"": 0}, {""field"": ""title"", ""value"": ""长征先锋""}]} pred={""field"": ""is_fee"", ""value"": 0}"
少儿,少儿27,multi_tab_search,播放宝宝动画片,educ_search,"{""query"": {""field"": ""content_type"", ""value"": ""动画""}, ""retext"": ""播放宝宝动画片""}",educ_search,"{""query"": {""field"": ""content_type"", ""value"": ""动画""}, ""retext"": ""播放宝宝动画片""}",Y,Y,Y,
少儿,少儿26,multi_tab_search,播放宝宝巴士奇妙学古诗,educ_search,"{""query"": {""field"": ""title"", ""value"": ""宝宝巴士奇妙学古诗""}, ""retext"": ""播放宝宝巴士奇妙学古诗""}",educ_search,"{""query"": {""field"": ""title"", ""value"": ""宝宝巴士奇妙学古诗""}, ""retext"": ""播放宝宝巴士奇妙学古诗""}",Y,Y,Y,
少儿,少儿28,multi_tab_search,播放暴暴龙,educ_search,"{""query"": {""or"": [{""field"": ""role"", ""value"": ""暴暴龙""}, {""field"": ""title"", ""value"": ""暴暴龙""}]}, ""retext"": ""播放暴暴龙""}",educ_search,"{""query"": {""or"": [{""field"": ""role"", ""value"": ""暴暴龙""}, {""field"": ""title"", ""value"": ""暴暴龙""}]}, ""retext"": ""播放暴暴龙""}",Y,Y,Y,
少儿,少儿29,educ_keyword_search,播放宝贝JOJO之认知启蒙,educ_search,"{""query"": {""or"": [{""field"": ""title"", ""value"": ""认知启蒙""}, {""field"": ""title"", ""value"": ""超级宝贝jojo""}]}, ""retext"": ""播放宝贝JOJO之认知启蒙""}",educ_search,"{""query"": {""or"": [{""field"": ""title"", ""value"": ""超级宝贝jojo""}, {""field"": ""title"", ""value"": ""认知启蒙""}]}, ""retext"": ""播放宝贝JOJO之认知启蒙""}",Y,Y,Y,
少儿,少儿30,multi_tab_search,播放爆裂飞车二,educ_search,"{""query"": {""field"": ""title"", ""value"": ""爆裂飞车2""}, ""retext"": ""播放爆裂飞车二""}",educ_search,"{""query"": {""field"": ""title"", ""value"": ""爆裂飞车2""}, ""retext"": ""播放爆裂飞车二""}",Y,Y,Y,
少儿,少儿32,multi_tab_search,播放爸爸去哪儿的视频,educ_search,"{""query"": {""field"": ""title"", ""value"": ""爸爸去哪儿""}, ""retext"": ""播放爸爸去哪儿的视频""}",educ_search,"{""query"": {""field"": ""title"", ""value"": ""爸爸去哪儿""}, ""retext"": ""播放爸爸去哪儿的视频""}",Y,Y,Y,
少儿,少儿31,multi_tab_search,播放巴巴爸爸的视频,educ_search,"{""query"": {""field"": ""title"", ""value"": ""巴巴爸爸""}, ""retext"": ""播放巴巴爸爸的视频""}",educ_search,"{""query"": {""field"": ""title"", ""value"": ""巴巴爸爸""}, ""retext"": ""播放巴巴爸爸的视频""}",Y,Y,Y,
少儿,少儿33,multi_tab_search,播放布鲁伊中文版不用会员,educ_search,"{""query"": {""and"": [{""field"": ""title"", ""value"": ""布鲁伊""}, {""field"": ""language"", ""value"": ""中文版""}, {""field"": ""is_fee"", ""value"": 0}]}, ""retext"": ""播放布鲁伊中文版不用会员""}",educ_search,"{""query"": {""and"": [{""field"": ""title"", ""value"": ""布鲁伊""}, {""field"": ""language"", ""value"": ""中文版""}, {""field"": ""is_fee"", ""value"": 0}]}, ""retext"": ""播放布鲁伊中文版不用会员""}",Y,Y,Y,
少儿,少儿34,multi_tab_search,播放不要会员的开心锤锤,educ_search,"{""query"": {""and"": [{""field"": ""title"", ""value"": ""开心锤锤""}, {""field"": ""is_fee"", ""value"": 0}]}, ""retext"": ""播放不要会员的开心锤锤""}",educ_search,"{""query"": {""and"": [{""field"": ""title"", ""value"": ""开心锤锤""}, {""field"": ""is_fee"", ""value"": 0}]}, ""retext"": ""播放不要会员的开心锤锤""}",Y,Y,Y,
少儿,少儿35,multi_tab_search,播放成人动画片开心锤锤免费,educ_search,"{""query"": {""and"": [{""field"": ""title"", ""value"": ""开心锤锤""}, {""field"": ""content_type"", ""value"": ""动画片""}, {""field"": ""is_fee"", ""value"": 0}]}, ""retext"": ""播放成人动画片开心锤锤免费""}",educ_search,"{""query"": {""and"": [{""field"": ""title"", ""value"": ""开心锤锤""}, {""field"": ""content_type"", ""value"": ""动画片""}, {""field"": ""is_fee"", ""value"": 0}]}, ""retext"": ""播放成人动画片开心锤锤免费""}",Y,Y,Y,
少儿,少儿36,multi_tab_search,播放丑小鸭,educ_search,"{""query"": {""field"": ""title"", ""value"": ""丑小鸭""}, ""retext"": ""播放丑小鸭""}",educ_search,"{""query"": {""field"": ""title"", ""value"": ""丑小鸭""}, ""retext"": ""播放丑小鸭""}",Y,Y,Y,
少儿,少儿38,multi_tab_search,播放超级宝贝JOJO,educ_search,"{""query"": {""field"": ""title"", ""value"": ""超级宝贝jojo""}, ""retext"": ""播放超级宝贝jojo""}",educ_search,"{""query"": {""field"": ""title"", ""value"": ""超级宝贝jojo""}, ""retext"": ""播放超级宝贝jojo""}",Y,Y,Y,
少儿,少儿37,multi_tab_search,播放第三集小马宝莉,educ_search,"{""query"": {""field"": ""title"", ""value"": ""小马宝莉""}, ""retext"": ""播放第三集小马宝莉""}",educ_search,"{""query"": {""field"": ""title"", ""value"": ""小马宝莉""}, ""retext"": ""播放第三集小马宝莉""}",Y,Y,Y,
少儿,少儿39,multi_tab_search,播放斗罗大陆动漫版,educ_search,"{""query"": {""and"": [{""field"": ""title"", ""value"": ""斗罗大陆""}, {""field"": ""children_second_genre"", ""value"": ""动漫""}]}, ""retext"": ""播放斗罗大陆动漫版""}",educ_search,"{""query"": {""and"": [{""field"": ""title"", ""value"": ""斗罗大陆""}, {""field"": ""children_second_genre"", ""value"": ""动漫""}]}, ""retext"": ""播放斗罗大陆动漫版""}",Y,Y,Y,
少儿,少儿40,multi_tab_search,播放斗罗大陆动漫版,educ_search,"{""query"": {""and"": [{""field"": ""title"", ""value"": ""斗罗大陆""}, {""field"": ""children_second_genre"", ""value"": ""动漫""}]}, ""retext"": ""播放斗罗大陆动漫版""}",educ_search,"{""query"": {""and"": [{""field"": ""title"", ""value"": ""斗罗大陆""}, {""field"": ""children_second_genre"", ""value"": ""动漫""}]}, ""retext"": ""播放斗罗大陆动漫版""}",Y,Y,Y,
少儿,少儿43,multi_tab_search,播放鬼灭之刃普通话版,educ_search,"{""query"": {""and"": [{""field"": ""title"", ""value"": ""鬼灭之刃""}, {""field"": ""language"", ""value"": ""普通话""}]}, ""retext"": ""播放鬼灭之刃普通话版""}",educ_search,"{""query"": {""and"": [{""field"": ""title"", ""value"": ""鬼灭之刃""}, {""field"": ""language"", ""value"": ""普通话""}]}, ""retext"": ""播放鬼灭之刃普通话版""}",Y,Y,Y,
少儿,少儿41,educ_keyword_search,播放儿童消防车,educ_search,"{""query"": {""field"": ""title"", ""value"": ""消防车""}, ""retext"": ""播放儿童消防车""}",educ_search,"{""query"": {""field"": ""title"", ""value"": ""消防车""}, ""retext"": ""播放儿童消防车""}",Y,Y,Y,
少儿,少儿42,multi_tab_search,播放搞笑视频光头强,educ_search,"{""query"": {""and"": [{""or"": [{""field"": ""role"", ""value"": ""光头强""}, {""field"": ""title"", ""value"": ""光头强""}]}, {""field"": ""children_third_genre"", ""value"": ""搞笑""}]}, ""retext"": ""播放搞笑视频光头强""}",educ_search,"{""query"": {""and"": [{""or"": [{""field"": ""role"", ""value"": ""光头强""}, {""field"": ""title"", ""value"": ""光头强""}]}, {""field"": ""children_third_genre"", ""value"": ""搞笑""}]}, ""retext"": ""播放搞笑视频光头强""}",Y,Y,Y,
少儿,少儿44,multi_tab_search,播放国语版汪汪队电影,educ_search,"{""query"": {""and"": [{""field"": ""title"", ""value"": ""汪汪队""}, {""field"": ""children_second_genre"", ""value"": ""电影""}, {""field"": ""language"", ""value"": ""国语版""}]}, ""retext"": ""播放国语版汪汪队电影""}",educ_search,"{""query"": {""and"": [{""field"": ""title"", ""value"": ""汪汪队""}, {""field"": ""language"", ""value"": ""国语版""}, {""field"": ""children_second_genre"", ""value"": ""电影""}]}, ""retext"": ""播放国语版汪汪队电影""}",Y,Y,Y,
少儿,少儿46,multi_tab_search,播放海绵宝宝第八季,educ_search,"{""query"": {""and"": [{""field"": ""title"", ""value"": ""海绵宝宝""}, {""field"": ""title"", ""value"": ""第八季""}]}, ""retext"": ""播放海绵宝宝第八季""}",educ_search,"{""query"": {""and"": [{""field"": ""title"", ""value"": ""海绵宝宝""}, {""field"": ""title"", ""value"": ""第八季""}]}, ""retext"": ""播放海绵宝宝第八季""}",Y,Y,Y,
少儿,少儿45,multi_tab_search,播放海底小纵队第五季立刻播放,educ_search,"{""query"": {""and"": [{""field"": ""title"", ""value"": ""海底小纵队""}, {""field"": ""title"", ""value"": ""第五季""}]}, ""retext"": ""播放海底小纵队第五季立刻播放""}",educ_search,"{""query"": {""and"": [{""field"": ""title"", ""value"": ""海底小纵队""}, {""field"": ""title"", ""value"": ""第五季""}]}, ""retext"": ""播放海底小纵队第五季立刻播放""}",Y,Y,Y,
少儿,少儿48,multi_tab_search,播放好看的动画片,educ_search,"{""query"": {""field"": ""content_type"", ""value"": ""动画""}, ""retext"": ""播放好看的动画片""}",educ_search,"{""query"": {""field"": ""content_type"", ""value"": ""动画""}, ""retext"": ""播放好看的动画片""}",Y,Y,Y,
少儿,少儿47,educ_keyword_search,播放好饿的毛毛虫,educ_search,"{""query"": {""field"": ""title"", ""value"": ""好饿的毛毛虫""}, ""retext"": ""播放好饿的毛毛虫""}",educ_search,"{""query"": {""field"": ""title"", ""value"": ""好饿的毛毛虫""}, ""retext"": ""播放好饿的毛毛虫""}",Y,Y,Y,
少儿,少儿51,,播放六一儿童节免费动画,educ_search,"{""query"": {""and"": [{""field"": ""festival"", ""value"": ""六一儿童节""}, {""field"": ""is_fee"", ""value"": 0}, {""field"": ""content_type"", ""value"": ""动画""}]}, ""retext"": ""播放六一儿童节免费动画""}",educ_search,"{""query"": {""and"": [{""field"": ""content_type"", ""value"": ""动画""}, {""field"": ""festival"", ""value"": ""六一儿童节""}, {""field"": ""is_fee"", ""value"": 0}]}, ""retext"": ""播放六一儿童节免费动画""}",Y,Y,Y,
少儿,少儿49,multi_tab_search,播放旧版的汪汪队,educ_search,"{""query"": {""field"": ""title"", ""value"": ""汪汪队""}, ""retext"": ""播放旧版的汪汪队""}",educ_search,"{""query"": {""field"": ""title"", ""value"": ""汪汪队""}, ""retext"": ""播放旧版的汪汪队""}",Y,Y,Y,
少儿,少儿50,multi_tab_search,播放积木玩具,educ_search,"{""query"": {""field"": ""title"", ""value"": ""积木玩具""}, ""retext"": ""播放积木玩具""}",educ_search,"{""query"": {""field"": ""title"", ""value"": ""积木玩具""}, ""retext"": ""播放积木玩具""}",Y,Y,Y,
少儿,少儿52,multi_tab_search,播放罗小黑战记二,educ_search,"{""query"": {""field"": ""title"", ""value"": ""罗小黑战记2""}, ""retext"": ""播放罗小黑战记二""}",educ_search,"{""query"": {""field"": ""title"", ""value"": ""罗小黑战记2""}, ""retext"": ""播放罗小黑战记二""}",Y,Y,Y,
少儿,少儿53,multi_tab_search,播放玛莎和熊第七季,educ_search,"{""query"": {""and"": [{""field"": ""title"", ""value"": ""玛莎和熊""}, {""field"": ""title"", ""value"": ""第七季""}]}, ""retext"": ""播放玛莎和熊第七季""}",educ_search,"{""query"": {""and"": [{""field"": ""title"", ""value"": ""玛莎和熊""}, {""field"": ""title"", ""value"": ""第七季""}]}, ""retext"": ""播放玛莎和熊第七季""}",Y,Y,Y,
少儿,少儿54,educ_keyword_search,播放免费宝宝巴士汉字,educ_search,"{""query"": {""and"": [{""or"": [{""field"": ""title"", ""value"": ""宝宝巴士""}, {""field"": ""children_third_genre"", ""value"": ""汉字""}]}, {""field"": ""is_fee"", ""value"": 0}]}, ""retext"": ""播放免费宝宝巴士汉字""}",educ_search,"{""query"": {""and"": [{""or"": [{""field"": ""title"", ""value"": ""宝宝巴士""}, {""field"": ""children_third_genre"", ""value"": ""汉字""}]}, {""field"": ""is_fee"", ""value"": 0}]}, ""retext"": ""播放免费宝宝巴士汉字""}",Y,Y,Y,
少儿,少儿55,multi_tab_search,播放免费的安娜小公主,educ_search,"{""query"": {""and"": [{""or"": [{""field"": ""role"", ""value"": ""安娜""}, {""field"": ""title"", ""value"": ""小公主""}, {""field"": ""title"", ""value"": ""安娜""}]}, {""field"": ""is_fee"", ""value"": 0}]}, ""retext"": ""播放免费的安娜小公主""}",educ_search,"{""query"": {""and"": [{""or"": [{""field"": ""role"", ""value"": ""安娜""}, {""field"": ""title"", ""value"": ""安娜""}, {""field"": ""title"", ""value"": ""小公主""}]}, {""field"": ""is_fee"", ""value"": 0}]}, ""retext"": ""播放免费的安娜小公主""}",Y,Y,Y,
少儿,少儿56,multi_tab_search,播放免费的道奇,educ_search,"{""query"": {""and"": [{""or"": [{""field"": ""role"", ""value"": ""道奇""}, {""field"": ""title"", ""value"": ""道奇""}]}, {""field"": ""is_fee"", ""value"": 0}]}, ""retext"": ""播放免费的道奇""}",educ_search,"{""query"": {""and"": [{""or"": [{""field"": ""role"", ""value"": ""道奇""}, {""field"": ""title"", ""value"": ""道奇""}]}, {""field"": ""is_fee"", ""value"": 0}]}, ""retext"": ""播放免费的道奇""}",Y,Y,Y,
少儿,少儿58,multi_tab_search,播放免费的儿童螺丝钉,educ_search,"{""query"": {""and"": [{""field"": ""title"", ""value"": ""螺丝钉""}, {""field"": ""is_fee"", ""value"": 0}]}, ""retext"": ""播放免费的儿童螺丝钉""}",educ_search,"{""query"": {""and"": [{""field"": ""title"", ""value"": ""螺丝钉""}, {""field"": ""is_fee"", ""value"": 0}]}, ""retext"": ""播放免费的儿童螺丝钉""}",Y,Y,Y,
少儿,少儿59,multi_tab_search,播放免费的搞笑动漫,educ_search,"{""query"": {""and"": [{""field"": ""children_third_genre"", ""value"": ""搞笑""}, {""field"": ""children_second_genre"", ""value"": ""动漫""}, {""field"": ""is_fee"", ""value"": 0}]}, ""retext"": ""播放免费的搞笑动漫""}",educ_search,"{""query"": {""and"": [{""field"": ""children_second_genre"", ""value"": ""动漫""}, {""field"": ""children_third_genre"", ""value"": ""搞笑""}, {""field"": ""is_fee"", ""value"": 0}]}, ""retext"": ""播放免费的搞笑动漫""}",Y,Y,Y,
少儿,少儿57,multi_tab_search,播放免费的第3集的巴啦啦小魔仙,educ_search,"{""query"": {""and"": [{""field"": ""title"", ""value"": ""巴啦啦小魔仙""}, {""field"": ""is_fee"", ""value"": 0}]}, ""retext"": ""播放免费的第3集的巴啦啦小魔仙""}",educ_search,"{""query"": {""and"": [{""field"": ""title"", ""value"": ""巴啦啦小魔仙""}, {""field"": ""is_fee"", ""value"": 0}]}, ""retext"": ""播放免费的第3集的巴啦啦小魔仙""}",Y,Y,Y,
少儿,少儿64,multi_tab_search,播放免费动画片消防车,educ_search,"{""query"": {""and"": [{""field"": ""title"", ""value"": ""消防车""}, {""field"": ""content_type"", ""value"": ""动画""}, {""field"": ""is_fee"", ""value"": 0}]}, ""retext"": ""播放免费动画片消防车""}",educ_search,"{""query"": {""and"": [{""field"": ""title"", ""value"": ""消防车""}, {""field"": ""content_type"", ""value"": ""动画""}, {""field"": ""is_fee"", ""value"": 0}]}, ""retext"": ""播放免费动画片消防车""}",Y,Y,Y,
少儿,少儿61,multi_tab_search,播放免费的汪汪队大卡车,educ_search,"{""query"": {""and"": [{""or"": [{""field"": ""title"", ""value"": ""大卡车""}, {""field"": ""title"", ""value"": ""汪汪队""}]}, {""field"": ""is_fee"", ""value"": 0}]}, ""retext"": ""播放免费的汪汪队大卡车""}",educ_search,"{""query"": {""and"": [{""or"": [{""field"": ""title"", ""value"": ""汪汪队""}, {""field"": ""title"", ""value"": ""大卡车""}]}, {""field"": ""is_fee"", ""value"": 0}]}, ""retext"": ""播放免费的汪汪队大卡车""}",Y,Y,Y,
少儿,少儿62,multi_tab_search,播放免费的小羊肖恩的电影,educ_search,"{""query"": {""and"": [{""field"": ""title"", ""value"": ""小羊肖恩""}, {""field"": ""is_fee"", ""value"": 0}, {""field"": ""children_second_genre"", ""value"": ""电影""}]}, ""retext"": ""播放免费的小羊肖恩的电影""}",educ_search,"{""query"": {""and"": [{""field"": ""title"", ""value"": ""小羊肖恩""}, {""field"": ""children_second_genre"", ""value"": ""电影""}, {""field"": ""is_fee"", ""value"": 0}]}, ""retext"": ""播放免费的小羊肖恩的电影""}",Y,Y,Y,
少儿,少儿60,educ_keyword_search,播放免费的迷你特工队全集,educ_search,"{""query"": {""and"": [{""field"": ""title"", ""value"": ""迷你特工队全集""}, {""field"": ""is_fee"", ""value"": 0}]}, ""retext"": ""播放免费的迷你特工队全集""}",educ_search,"{""query"": {""and"": [{""field"": ""title"", ""value"": ""迷你特工队全集""}, {""field"": ""is_fee"", ""value"": 0}]}, ""retext"": ""播放免费的迷你特工队全集""}",Y,Y,Y,
少儿,少儿63,educ_keyword_search,播放免费的熊猫姐姐,educ_search,"{""query"": {""and"": [{""field"": ""title"", ""value"": ""熊猫姐姐""}, {""field"": ""is_fee"", ""value"": 0}]}, ""retext"": ""播放免费的熊猫姐姐""}",educ_search,"{""query"": {""and"": [{""field"": ""title"", ""value"": ""熊猫姐姐""}, {""field"": ""is_fee"", ""value"": 0}]}, ""retext"": ""播放免费的熊猫姐姐""}",Y,Y,Y,
少儿,少儿65,educ_keyword_search,播放免费儿童古诗,educ_search,"{""query"": {""and"": [{""field"": ""children_third_genre"", ""value"": ""古诗""}, {""field"": ""is_fee"", ""value"": 0}]}, ""retext"": ""播放免费儿童古诗""}",educ_search,"{""query"": {""and"": [{""field"": ""children_third_genre"", ""value"": ""古诗""}, {""field"": ""is_fee"", ""value"": 0}]}, ""retext"": ""播放免费儿童古诗""}",Y,Y,Y,
少儿,少儿66,educ_keyword_search,播放免费少儿的恐龙,educ_search,"{""query"": {""and"": [{""field"": ""children_third_genre"", ""value"": ""恐龙""}, {""field"": ""is_fee"", ""value"": 0}]}, ""retext"": ""播放免费少儿的恐龙""}",educ_search,"{""query"": {""and"": [{""field"": ""children_third_genre"", ""value"": ""恐龙""}, {""field"": ""is_fee"", ""value"": 0}]}, ""retext"": ""播放免费少儿的恐龙""}",Y,Y,Y,
少儿,少儿70,multi_tab_search,播放尼克狐尼克,educ_search,"{""query"": {""or"": [{""field"": ""role"", ""value"": ""狐尼克""}, {""field"": ""title"", ""value"": ""狐尼克""}]}, ""retext"": ""播放尼克狐尼克""}",educ_search,"{""query"": {""or"": [{""field"": ""role"", ""value"": ""狐尼克""}, {""field"": ""title"", ""value"": ""狐尼克""}]}, ""retext"": ""播放尼克狐尼克""}",Y,Y,Y,
少儿,少儿68,multi_tab_search,播放奶龙动画片儿,educ_search,"{""query"": {""and"": [{""field"": ""title"", ""value"": ""奶龙""}, {""field"": ""content_type"", ""value"": ""动画""}]}, ""retext"": ""播放奶龙动画片儿""}",educ_search,"{""query"": {""and"": [{""field"": ""title"", ""value"": ""奶龙""}, {""field"": ""content_type"", ""value"": ""动画""}]}, ""retext"": ""播放奶龙动画片儿""}",Y,Y,Y,
少儿,少儿69,multi_tab_search,播放哪吒二动画片,educ_search,"{""query"": {""and"": [{""field"": ""title"", ""value"": ""哪吒之魔童闹海""}, {""field"": ""content_type"", ""value"": ""动画""}]}, ""retext"": ""播放哪吒二动画片""}",educ_search,"{""query"": {""and"": [{""field"": ""title"", ""value"": ""哪吒之魔童闹海""}, {""field"": ""content_type"", ""value"": ""动画""}]}, ""retext"": ""播放哪吒二动画片""}",Y,Y,Y,
少儿,少儿67,multi_tab_search,播放免费少儿节目小猪佩奇,educ_search,"{""query"": {""and"": [{""field"": ""title"", ""value"": ""小猪佩奇""}, {""field"": ""is_fee"", ""value"": 0}]}, ""retext"": ""播放免费少儿节目小猪佩奇""}",educ_search,"{""query"": {""and"": [{""field"": ""title"", ""value"": ""小猪佩奇""}, {""field"": ""is_fee"", ""value"": 0}]}, ""retext"": ""播放免费少儿节目小猪佩奇""}",Y,Y,Y,
少儿,少儿71,multi_tab_search,播放普通话的芭比,educ_search,"{""query"": {""and"": [{""field"": ""title"", ""value"": ""芭比""}, {""field"": ""language"", ""value"": ""普通话""}]}, ""retext"": ""播放普通话的芭比""}",educ_search,"{""query"": {""and"": [{""field"": ""title"", ""value"": ""芭比""}, {""field"": ""language"", ""value"": ""普通话""}]}, ""retext"": ""播放普通话的芭比""}",Y,Y,Y,
少儿,少儿72,multi_tab_search,播放卡通动画片,educ_search,"{""query"": {""or"": [{""field"": ""content_type"", ""value"": ""动画片""}, {""field"": ""content_type"", ""value"": ""卡通""}]}, ""retext"": ""播放卡通动画片""}",educ_search,"{""query"": {""or"": [{""field"": ""content_type"", ""value"": ""动画片""}, {""field"": ""content_type"", ""value"": ""卡通""}]}, ""retext"": ""播放卡通动画片""}",Y,Y,Y,
少儿,少儿73,educ_keyword_search,播放汽车世界之颜色乐园第三季,educ_search,"{""query"": {""and"": [{""field"": ""title"", ""value"": ""汽车世界之颜色乐园""}, {""field"": ""title"", ""value"": ""第三季""}]}, ""retext"": ""播放汽车世界之颜色乐园第三季""}",educ_search,"{""query"": {""and"": [{""field"": ""title"", ""value"": ""汽车世界之颜色乐园""}, {""field"": ""title"", ""value"": ""第三季""}]}, ""retext"": ""播放汽车世界之颜色乐园第三季""}",Y,Y,Y,
少儿,少儿74,multi_tab_search,播放瑞奇宝宝全集,educ_search,"{""query"": {""field"": ""title"", ""value"": ""瑞奇宝宝""}, ""retext"": ""播放瑞奇宝宝全集""}",educ_search,"{""query"": {""field"": ""title"", ""value"": ""瑞奇宝宝""}, ""retext"": ""播放瑞奇宝宝全集""}",Y,Y,Y,
少儿,少儿77,multi_tab_search,播放挖土机系列动画片,educ_search,"{""query"": {""and"": [{""field"": ""title"", ""value"": ""挖土机""}, {""field"": ""content_type"", ""value"": ""动画""}]}, ""retext"": ""播放挖土机系列动画片""}",educ_search,"{""query"": {""and"": [{""field"": ""title"", ""value"": ""挖土机""}, {""field"": ""content_type"", ""value"": ""动画""}]}, ""retext"": ""播放挖土机系列动画片""}",Y,Y,Y,
少儿,少儿76,multi_tab_search,播放玩具动画片,educ_search,"{""query"": {""and"": [{""field"": ""content_type"", ""value"": ""动画""}, {""field"": ""children_second_genre"", ""value"": ""玩具""}]}, ""retext"": ""播放玩具动画片""}",educ_search,"{""query"": {""and"": [{""field"": ""content_type"", ""value"": ""动画""}, {""field"": ""children_second_genre"", ""value"": ""玩具""}]}, ""retext"": ""播放玩具动画片""}",Y,Y,Y,
少儿,少儿75,multi_tab_search,播放汪汪队立大功第四季第2集,educ_search,"{""query"": {""and"": [{""field"": ""title"", ""value"": ""汪汪队立大功""}, {""field"": ""title"", ""value"": ""第四季""}]}, ""retext"": ""播放汪汪队立大功第四季第2集""}",educ_search,"{""query"": {""and"": [{""field"": ""title"", ""value"": ""汪汪队立大功""}, {""field"": ""title"", ""value"": ""第四季""}]}, ""retext"": ""播放汪汪队立大功第四季第2集""}",Y,Y,Y,
少儿,少儿78,multi_tab_search,播放沃福一家英语版,educ_search,"{""query"": {""and"": [{""field"": ""title"", ""value"": ""沃福一家""}, {""field"": ""language"", ""value"": ""英语""}]}, ""retext"": ""播放沃福一家英语版""}",edu_search,"{""query"": {""and"": [{""field"": ""first_subject"", ""value"": ""英语""}, {""field"": ""k12_category"", ""operator"": ""or"", ""values"": [""同步课"", ""同步拓展课""]}]}}",N,N,N,"query: gold={""and"": [{""field"": ""language"", ""value"": ""英语""}, {""field"": ""title"", ""value"": ""沃福一家""}]} pred={""and"": [{""field"": ""first_subject"", ""value"": ""英语""}, {""field"": ""k12_category"", ""operator"": ""or"", ""values"": [""同步拓展课"", ""同步课""]}]}; retext: gold=""播放沃福一家英语版"" pred="
少儿,少儿79,multi_tab_search,播放我没看过的动画片,educ_search,"{""query"": {""field"": ""content_type"", ""value"": ""动画""}, ""retext"": ""播放我没看过的动画片""}",educ_search,"{""query"": {""field"": ""content_type"", ""value"": ""动画""}, ""retext"": ""播放我没看过的动画片""}",Y,Y,Y,
少儿,少儿80,multi_tab_search,播放我是不白吃日常篇第8集,educ_search,"{""query"": {""field"": ""title"", ""value"": ""我是不白吃日常篇""}, ""retext"": ""播放我是不白吃日常篇第8集""}",educ_search,"{""query"": {""field"": ""title"", ""value"": ""我是不白吃日常篇""}, ""retext"": ""播放我是不白吃日常篇第8集""}",Y,Y,Y,
少儿,少儿81,multi_tab_search,播放消防车动画片,educ_search,"{""query"": {""and"": [{""field"": ""title"", ""value"": ""消防车""}, {""field"": ""content_type"", ""value"": ""动画""}]}, ""retext"": ""播放消防车动画片""}",educ_search,"{""query"": {""and"": [{""field"": ""title"", ""value"": ""消防车""}, {""field"": ""content_type"", ""value"": ""动画""}]}, ""retext"": ""播放消防车动画片""}",Y,Y,Y,
少儿,少儿83,multi_tab_search,播放小恐龙巴布,educ_search,"{""query"": {""field"": ""title"", ""value"": ""小恐龙巴布""}, ""retext"": ""播放小恐龙巴布""}",educ_search,"{""query"": {""field"": ""title"", ""value"": ""小恐龙巴布""}, ""retext"": ""播放小恐龙巴布""}",Y,Y,Y,
少儿,少儿82,multi_tab_search,播放小公主戴安娜免费的英文版,educ_search,"{""query"": {""and"": [{""field"": ""title"", ""value"": ""小公主戴安娜""}, {""field"": ""language"", ""value"": ""英文版""}, {""field"": ""is_fee"", ""value"": 0}]}, ""retext"": ""播放小公主戴安娜免费的英文版""}",educ_search,"{""query"": {""and"": [{""field"": ""title"", ""value"": ""小公主戴安娜""}, {""field"": ""language"", ""value"": ""英文版""}, {""field"": ""is_fee"", ""value"": 0}]}, ""retext"": ""播放小公主戴安娜免费的英文版""}",Y,Y,Y,
少儿,少儿84,multi_tab_search,播放小伶玩具的视频,educ_search,"{""query"": {""field"": ""title"", ""value"": ""小伶玩具""}, ""retext"": ""播放小伶玩具的视频""}",educ_search,"{""query"": {""field"": ""title"", ""value"": ""小伶玩具""}, ""retext"": ""播放小伶玩具的视频""}",Y,Y,Y,
少儿,少儿85,multi_tab_search,播放小猪佩奇,educ_search,"{""query"": {""field"": ""title"", ""value"": ""小猪佩奇""}, ""retext"": ""播放小猪佩奇""}",educ_search,"{""query"": {""field"": ""title"", ""value"": ""小猪佩奇""}, ""retext"": ""播放小猪佩奇""}",Y,Y,Y,
少儿,少儿86,multi_tab_search,播放小猪佩奇第七季第一集中文版,educ_search,"{""query"": {""and"": [{""field"": ""title"", ""value"": ""小猪佩奇""}, {""field"": ""language"", ""value"": ""中文版""}, {""field"": ""title"", ""value"": ""第七季""}]}, ""retext"": ""播放小猪佩奇第七季第一集中文版""}",educ_search,"{""query"": {""and"": [{""field"": ""title"", ""value"": ""小猪佩奇""}, {""field"": ""title"", ""value"": ""第七季""}, {""field"": ""language"", ""value"": ""中文版""}]}, ""retext"": ""播放小猪佩奇第七季第一集中文版""}",Y,Y,Y,
少儿,少儿87,educ_keyword_search,播放细胞总动员,educ_search,"{""query"": {""field"": ""title"", ""value"": ""细胞总动员""}, ""retext"": ""播放细胞总动员""}",educ_search,"{""query"": {""field"": ""title"", ""value"": ""细胞总动员""}, ""retext"": ""播放细胞总动员""}",Y,Y,Y,
少儿,少儿88,multi_tab_search,播放影视奶龙,educ_search,"{""query"": {""field"": ""title"", ""value"": ""奶龙""}, ""retext"": ""播放影视奶龙""}",educ_search,"{""query"": {""field"": ""title"", ""value"": ""奶龙""}, ""retext"": ""播放影视奶龙""}",Y,Y,Y,
少儿,少儿89,multi_tab_search,播放英文儿童启蒙动漫,educ_search,"{""query"": {""and"": [{""field"": ""title"", ""value"": ""启蒙""}, {""field"": ""children_second_genre"", ""value"": ""动漫""}, {""field"": ""language"", ""value"": ""英文""}]}, ""retext"": ""播放英文儿童启蒙动漫""}",educ_search,"{""query"": {""and"": [{""field"": ""title"", ""value"": ""启蒙""}, {""field"": ""language"", ""value"": ""英文""}, {""field"": ""children_second_genre"", ""value"": ""动漫""}]}, ""retext"": ""播放英文儿童启蒙动漫""}",Y,Y,Y,
少儿,少儿90,multi_tab_search,播放英语版jojo,educ_search,"{""query"": {""and"": [{""or"": [{""field"": ""role"", ""value"": ""jojo""}, {""field"": ""title"", ""value"": ""jojo""}]}, {""field"": ""language"", ""value"": ""英语""}]}, ""retext"": ""播放英语版jojo""}",educ_search,"{""query"": {""and"": [{""or"": [{""field"": ""role"", ""value"": ""jojo""}, {""field"": ""title"", ""value"": ""jojo""}]}, {""field"": ""language"", ""value"": ""英语""}]}, ""retext"": ""播放英语版jojo""}",Y,Y,Y,
少儿,少儿91,multi_tab_search,播放依娜和恰恰第二季,educ_search,"{""query"": {""and"": [{""field"": ""title"", ""value"": ""依娜和恰恰""}, {""field"": ""title"", ""value"": ""第二季""}]}, ""retext"": ""播放依娜和恰恰第二季""}",educ_search,"{""query"": {""and"": [{""field"": ""title"", ""value"": ""依娜和恰恰""}, {""field"": ""title"", ""value"": ""第二季""}]}, ""retext"": ""播放依娜和恰恰第二季""}",Y,Y,Y,
少儿,少儿93,multi_tab_search,播放一下米小圈上学记,educ_search,"{""query"": {""field"": ""title"", ""value"": ""米小圈上学记""}, ""retext"": ""播放一下米小圈上学记""}",educ_search,"{""query"": {""field"": ""title"", ""value"": ""米小圈上学记""}, ""retext"": ""播放一下米小圈上学记""}",Y,Y,Y,
少儿,少儿92,multi_tab_search,播放依娜和恰恰第一集开始播放,educ_search,"{""query"": {""field"": ""title"", ""value"": ""依娜和恰恰""}, ""retext"": ""播放依娜和恰恰第一集开始播放""}",educ_search,"{""query"": {""field"": ""title"", ""value"": ""依娜和恰恰""}, ""retext"": ""播放依娜和恰恰第一集开始播放""}",Y,Y,Y,
少儿,少儿95,educ_keyword_search,播放早教内容,educ_search,"{""query"": {""field"": ""children_second_genre"", ""value"": ""早教""}, ""retext"": ""播放早教内容""}",educ_search,"{""query"": {""field"": ""children_second_genre"", ""value"": ""早教""}, ""retext"": ""播放早教内容""}",Y,Y,Y,
少儿,少儿94,educ_keyword_search,播放幼儿园跳个舞我长大了,educ_search,"{""query"": {""and"": [{""field"": ""title"", ""value"": ""我长大了""}, {""field"": ""children_third_genre"", ""value"": ""舞""}]}, ""retext"": ""播放幼儿园跳个舞我长大了""}",educ_search,"{""query"": {""and"": [{""field"": ""title"", ""value"": ""我长大了""}, {""field"": ""children_third_genre"", ""value"": ""舞""}]}, ""retext"": ""播放幼儿园跳个舞我长大了""}",Y,Y,Y,
少儿,少儿96,multi_tab_search,播放蜘蛛侠少儿,educ_search,"{""query"": {""field"": ""title"", ""value"": ""蜘蛛侠""}, ""retext"": ""播放蜘蛛侠少儿""}",educ_search,"{""query"": {""field"": ""title"", ""value"": ""蜘蛛侠""}, ""retext"": ""播放蜘蛛侠少儿""}",Y,Y,Y,
少儿,少儿98,multi_tab_search,不掏钱的动物神探队,educ_search,"{""query"": {""and"": [{""field"": ""title"", ""value"": ""动物神探队""}, {""field"": ""is_fee"", ""value"": 0}]}, ""retext"": ""不掏钱的动物神探队""}",educ_search,"{""query"": {""and"": [{""field"": ""title"", ""value"": ""动物神探队""}, {""field"": ""is_fee"", ""value"": 0}]}, ""retext"": ""不掏钱的动物神探队""}",Y,Y,Y,
少儿,少儿97,multi_tab_search,不带英语的小砾工程家族,educ_search,"{""query"": {""and"": [{""field"": ""title"", ""value"": ""小砾与工程家族""}, {""not"": {""field"": ""language"", ""value"": ""英语""}}]}, ""retext"": ""不带英语的小砾与工程家族""}",educ_search,"{""query"": {""and"": [{""field"": ""title"", ""value"": ""小砾与工程家族""}, {""not"": {""field"": ""language"", ""value"": ""英语""}}]}, ""retext"": ""不带英语的小砾与工程家族""}",Y,Y,Y,
少儿,少儿99,multi_tab_search,不要钱的细菌动画片,educ_search,"{""query"": {""and"": [{""field"": ""title"", ""value"": ""细菌""}, {""field"": ""content_type"", ""value"": ""动画""}, {""field"": ""is_fee"", ""value"": 0}]}, ""retext"": ""不要钱的细菌动画片""}",educ_search,"{""query"": {""and"": [{""field"": ""title"", ""value"": ""细菌""}, {""field"": ""content_type"", ""value"": ""动画""}, {""field"": ""is_fee"", ""value"": 0}]}, ""retext"": ""不要钱的细菌动画片""}",Y,Y,Y,
少儿,少儿103,educ_vague_search,促进孩子社交智能发展的少儿节目,educ_fuzzy_search,"{""query"": ""促进孩子社交智能发展的少儿节目""}",educ_fuzzy_search,"{""query"": ""促进孩子社交智能发展的少儿节目""}",Y,Y,Y,
少儿,少儿100,multi_tab_search,超级宝贝JOJO全屏播放第1集,educ_search,"{""query"": {""field"": ""title"", ""value"": ""超级宝贝jojo""}, ""retext"": ""超级宝贝JOJO全屏播放第1集""}",educ_search,"{""query"": {""field"": ""title"", ""value"": ""超级宝贝jojo""}, ""retext"": ""超级宝贝JOJO全屏播放第1集""}",Y,Y,Y,
少儿,少儿104,multi_tab_search,打开动画,educ_search,"{""query"": {""field"": ""content_type"", ""value"": ""动画""}, ""retext"": ""打开动画""}",educ_search,"{""query"": {""field"": ""content_type"", ""value"": ""动画""}, ""retext"": ""打开动画""}",Y,Y,Y,
少儿,少儿105,multi_tab_search,打开动画片史努比,educ_search,"{""query"": {""and"": [{""field"": ""title"", ""value"": ""史努比""}, {""field"": ""content_type"", ""value"": ""动画""}]}, ""retext"": ""打开动画片史努比""}",educ_search,"{""query"": {""and"": [{""field"": ""title"", ""value"": ""史努比""}, {""field"": ""content_type"", ""value"": ""动画""}]}, ""retext"": ""打开动画片史努比""}",Y,Y,Y,
少儿,少儿106,multi_tab_search,打开海底小纵队第四季,educ_search,"{""query"": {""and"": [{""field"": ""title"", ""value"": ""海底小纵队""}, {""field"": ""title"", ""value"": ""第四季""}]}, ""retext"": ""打开海底小纵队第四季""}",educ_search,"{""query"": {""and"": [{""field"": ""title"", ""value"": ""海底小纵队""}, {""field"": ""title"", ""value"": ""第四季""}]}, ""retext"": ""打开海底小纵队第四季""}",Y,Y,Y,
少儿,少儿107,multi_tab_search,打开恐龙世界看,educ_search,"{""query"": {""field"": ""title"", ""value"": ""恐龙世界""}, ""retext"": ""打开恐龙世界看""}",educ_search,"{""query"": {""field"": ""title"", ""value"": ""恐龙世界""}, ""retext"": ""打开恐龙世界看""}",Y,Y,Y,
少儿,少儿111,educ_history,打开一周内的少儿历史记录,educ_history,"{""query"": {""field"": ""time"", ""from"": ""2026-08-18 00:00:00"", ""to"": ""2026-08-24 23:59:29""}}",educ_history,"{""query"": {""field"": ""time"", ""from"": ""2026-08-18 00:00:00"", ""to"": ""2026-08-24 23:59:29""}}",Y,Y,Y,
少儿,少儿102,multi_tab_search,从酷喵上播放小品一家人,educ_search,"{""query"": {""field"": ""title"", ""value"": ""小品一家人""}, ""retext"": ""从酷喵上播放小品一家人""}",vod_search,"{""action"": ""play"", ""query"": {""field"": ""title"", ""value"": ""一家人""}, ""retext"": ""从酷喵上播放小品一家人""}",N,N,N,"action: gold= pred=""play""; query: gold={""field"": ""title"", ""value"": ""小品一家人""} pred={""field"": ""title"", ""value"": ""一家人""}"
少儿,少儿108,multi_tab_search,打开免费少儿猫和老鼠,educ_search,"{""query"": {""and"": [{""field"": ""title"", ""value"": ""猫和老鼠""}, {""field"": ""is_fee"", ""value"": 0}]}, ""retext"": ""打开免费少儿猫和老鼠""}",educ_search,"{""query"": {""and"": [{""field"": ""title"", ""value"": ""猫和老鼠""}, {""field"": ""is_fee"", ""value"": 0}]}, ""retext"": ""打开免费少儿猫和老鼠""}",Y,Y,Y,
少儿,少儿109,multi_tab_search,打开少儿频道宝贝JOJO,educ_search,"{""query"": {""field"": ""title"", ""value"": ""超级宝贝jojo""}, ""retext"": ""打开少儿频道宝贝JOJO""}",educ_search,"{""query"": {""field"": ""title"", ""value"": ""超级宝贝jojo""}, ""retext"": ""打开少儿频道宝贝JOJO""}",Y,Y,Y,
少儿,少儿110,multi_tab_search,打开所有植物大战僵尸的动画片,educ_search,"{""query"": {""and"": [{""field"": ""title"", ""value"": ""植物大战僵尸""}, {""field"": ""content_type"", ""value"": ""动画""}]}, ""retext"": ""打开所有植物大战僵尸的动画片""}",educ_search,"{""query"": {""and"": [{""field"": ""title"", ""value"": ""植物大战僵尸""}, {""field"": ""content_type"", ""value"": ""动画""}]}, ""retext"": ""打开所有植物大战僵尸的动画片""}",Y,Y,Y,
少儿,少儿114,multi_tab_search,第2集免费监狱兔,educ_search,"{""query"": {""and"": [{""field"": ""title"", ""value"": ""监狱兔""}, {""field"": ""is_fee"", ""value"": 0}]}, ""retext"": ""第2集免费监狱兔""}",educ_search,"{""query"": {""and"": [{""field"": ""title"", ""value"": ""监狱兔""}, {""field"": ""is_fee"", ""value"": 0}]}, ""retext"": ""第2集免费监狱兔""}",Y,Y,Y,
少儿,少儿101,educ_keyword_search,查找我的磁力拼搭世界,educ_search,"{""query"": {""field"": ""title"", ""value"": ""我的磁力拼搭世界""}, ""retext"": ""查找我的磁力拼搭世界""}",vod_search,"{""action"": ""search"", ""query"": {""field"": ""title"", ""value"": ""我的磁力拼搭世界""}, ""retext"": ""查找我的磁力拼搭世界""}",N,N,N,"action: gold= pred=""search"""
少儿,少儿113,multi_tab_search,大中华寻宝记动画片2,educ_search,"{""query"": {""and"": [{""field"": ""title"", ""value"": ""大中华寻宝记""}, {""field"": ""content_type"", ""value"": ""动画""}]}, ""retext"": ""大中华寻宝记动画片2""}",educ_search,"{""query"": {""and"": [{""field"": ""title"", ""value"": ""大中华寻宝记""}, {""field"": ""content_type"", ""value"": ""动画""}]}, ""retext"": ""大中华寻宝记动画片2""}",Y,Y,Y,
少儿,少儿112,multi_tab_search,打开植物大战僵尸英文版,educ_search,"{""query"": {""and"": [{""field"": ""title"", ""value"": ""植物大战僵尸""}, {""field"": ""language"", ""value"": ""英文版""}]}, ""retext"": ""打开植物大战僵尸英文版""}",educ_search,"{""query"": {""and"": [{""field"": ""title"", ""value"": ""植物大战僵尸""}, {""field"": ""language"", ""value"": ""英文版""}]}, ""retext"": ""打开植物大战僵尸英文版""}",Y,Y,Y,
少儿,少儿115,multi_tab_search,低龄儿童看的动画,educ_search,"{""query"": {""field"": ""content_type"", ""value"": ""动画""}, ""retext"": ""低龄儿童看的动画""}",educ_search,"{""query"": {""field"": ""content_type"", ""value"": ""动画""}, ""retext"": ""低龄儿童看的动画""}",Y,Y,Y,
少儿,少儿116,multi_tab_search,动画电影,educ_search,"{""query"": {""field"": ""children_second_genre"", ""value"": ""动画电影""}, ""retext"": ""动画电影""}",educ_search,"{""query"": {""field"": ""children_second_genre"", ""value"": ""动画电影""}, ""retext"": ""动画电影""}",Y,Y,Y,
少儿,少儿119,multi_tab_search,动画片中文版,educ_search_all,"{""query"": {""and"": [{""field"": ""language"", ""value"": ""中文版""}, {""field"": ""content_type"", ""value"": ""动画""}]}, ""retext"": ""动画片中国版""}",educ_search_all,"{""query"": {""and"": [{""field"": ""language"", ""value"": ""中文版""}, {""field"": ""content_type"", ""value"": ""动画""}]}, ""retext"": ""动画片中国版""}",Y,Y,Y,
少儿,少儿117,multi_tab_search,动画片播放美人鱼,educ_search,"{""query"": {""and"": [{""field"": ""title"", ""value"": ""美人鱼""}, {""field"": ""content_type"", ""value"": ""动画""}]}, ""retext"": ""动画片播放美人鱼""}",educ_search,"{""query"": {""and"": [{""field"": ""title"", ""value"": ""美人鱼""}, {""field"": ""content_type"", ""value"": ""动画""}]}, ""retext"": ""动画片播放美人鱼""}",Y,Y,Y,
少儿,少儿118,multi_tab_search,动画片小鸭子,educ_search,"{""query"": {""and"": [{""field"": ""title"", ""value"": ""小鸭子""}, {""field"": ""content_type"", ""value"": ""动画""}]}, ""retext"": ""动画片小鸭子""}",educ_search,"{""query"": {""and"": [{""field"": ""title"", ""value"": ""小鸭子""}, {""field"": ""content_type"", ""value"": ""动画""}]}, ""retext"": ""动画片小鸭子""}",Y,Y,Y,
少儿,少儿120,multi_tab_search,动画视频疯狂动物城,educ_search,"{""query"": {""and"": [{""field"": ""title"", ""value"": ""疯狂动物城""}, {""field"": ""content_type"", ""value"": ""动画""}]}, ""retext"": ""动画视频疯狂动物城""}",educ_search,"{""query"": {""and"": [{""field"": ""title"", ""value"": ""疯狂动物城""}, {""field"": ""content_type"", ""value"": ""动画""}]}, ""retext"": ""动画视频疯狂动物城""}",Y,Y,Y,
少儿,少儿124,multi_tab_search,俄罗斯拍的动画,educ_search_all,"{""query"": {""and"": [{""field"": ""country"", ""value"": ""俄罗斯""}, {""field"": ""content_type"", ""value"": ""动画""}]}, ""retext"": ""俄罗斯拍的动画""}",educ_search_all,"{""query"": {""and"": [{""field"": ""content_type"", ""value"": ""动画""}, {""field"": ""country"", ""value"": ""俄罗斯""}]}, ""retext"": ""俄罗斯拍的动画""}",Y,Y,Y,
少儿,少儿123,multi_tab_search,儿童英语卡通,educ_search,"{""query"": {""and"": [{""field"": ""content_type"", ""value"": ""卡通""}, {""field"": ""language"", ""value"": ""英语""}]}, ""retext"": ""儿童英语卡通""}",educ_search,"{""query"": {""and"": [{""field"": ""content_type"", ""value"": ""卡通""}, {""field"": ""language"", ""value"": ""英语""}]}, ""retext"": ""儿童英语卡通""}",Y,Y,Y,
少儿,少儿121,multi_tab_search,豆瓣评分8.0以上的动漫作品,educ_search,"{""query"": {""field"": ""children_second_genre"", ""value"": ""动漫""}, ""retext"": ""豆瓣评分8.0以上的动漫作品""}",educ_search,"{""query"": {""field"": ""children_second_genre"", ""value"": ""动漫""}, ""retext"": ""豆瓣评分8.0以上的动漫作品""}",Y,Y,Y,
少儿,少儿122,multi_tab_search,哆啦a梦卡通版,educ_search,"{""query"": {""and"": [{""field"": ""title"", ""value"": ""哆啦a梦""}, {""field"": ""content_type"", ""value"": ""卡通""}]}, ""retext"": ""哆啦a梦卡通版""}",educ_search,"{""query"": {""and"": [{""field"": ""title"", ""value"": ""哆啦a梦""}, {""field"": ""content_type"", ""value"": ""卡通""}]}, ""retext"": ""哆啦a梦卡通版""}",Y,Y,Y,
少儿,少儿126,multi_tab_search,放飞天小女警,educ_search,"{""query"": {""field"": ""title"", ""value"": ""飞天小女警""}, ""retext"": ""放飞天小女警""}",educ_search,"{""query"": {""field"": ""title"", ""value"": ""飞天小女警""}, ""retext"": ""放飞天小女警""}",Y,Y,Y,
少儿,少儿125,multi_tab_search,放百变布鲁可,educ_search,"{""query"": {""field"": ""title"", ""value"": ""百变布鲁可""}, ""retext"": ""放百变布鲁可""}",educ_search,"{""query"": {""field"": ""title"", ""value"": ""百变布鲁可""}, ""retext"": ""放百变布鲁可""}",Y,Y,Y,
少儿,少儿129,multi_tab_search,凡人修仙传动画,educ_search,"{""query"": {""and"": [{""field"": ""title"", ""value"": ""凡人修仙传""}, {""field"": ""content_type"", ""value"": ""动画""}]}, ""retext"": ""凡人修仙传动画""}",educ_search,"{""query"": {""and"": [{""field"": ""title"", ""value"": ""凡人修仙传""}, {""field"": ""content_type"", ""value"": ""动画""}]}, ""retext"": ""凡人修仙传动画""}",Y,Y,Y,
少儿,少儿128,multi_tab_search,放卡通电影,educ_search,"{""query"": {""and"": [{""field"": ""content_type"", ""value"": ""卡通""}, {""field"": ""children_second_genre"", ""value"": ""电影""}]}, ""retext"": ""放卡通电影""}",educ_search,"{""query"": {""and"": [{""field"": ""content_type"", ""value"": ""卡通""}, {""field"": ""children_second_genre"", ""value"": ""电影""}]}, ""retext"": ""放卡通电影""}",Y,Y,Y,
少儿,少儿127,multi_tab_search,放光头强熊大,educ_search,"{""query"": {""or"": [{""field"": ""role"", ""value"": ""光头强""}, {""field"": ""role"", ""value"": ""熊大""}, {""field"": ""title"", ""value"": ""光头强""}, {""field"": ""title"", ""value"": ""熊大""}]}, ""retext"": ""放光头强熊大""}",educ_search,"{""query"": {""or"": [{""field"": ""role"", ""value"": ""光头强""}, {""field"": ""title"", ""value"": ""光头强""}, {""field"": ""role"", ""value"": ""熊大""}, {""field"": ""title"", ""value"": ""熊大""}]}, ""retext"": ""放光头强熊大""}",Y,Y,Y,
少儿,少儿132,multi_tab_search,给我放个艾莎公主的故事,educ_search,"{""query"": {""and"": [{""or"": [{""field"": ""role"", ""value"": ""艾莎公主""}, {""field"": ""title"", ""value"": ""艾莎公主""}]}, {""field"": ""children_second_genre"", ""value"": ""故事""}]}, ""retext"": ""给我放个艾莎公主的故事""}",educ_search,"{""query"": {""and"": [{""or"": [{""field"": ""role"", ""value"": ""艾莎公主""}, {""field"": ""title"", ""value"": ""艾莎公主""}]}, {""field"": ""children_second_genre"", ""value"": ""故事""}]}, ""retext"": ""给我放个艾莎公主的故事""}",Y,Y,Y,
少儿,少儿130,multi_tab_search,愤怒的小鸟的电影,educ_search,"{""query"": {""and"": [{""field"": ""title"", ""value"": ""愤怒的小鸟""}, {""field"": ""children_second_genre"", ""value"": ""电影""}]}, ""retext"": ""愤怒的小鸟的电影""}",educ_search,"{""query"": {""and"": [{""field"": ""title"", ""value"": ""愤怒的小鸟""}, {""field"": ""children_second_genre"", ""value"": ""电影""}]}, ""retext"": ""愤怒的小鸟的电影""}",Y,Y,Y,
少儿,少儿137,confirm_personalized_recommend,根据我的喜好推荐动画片,educ_fuzzy_search,"{""query"": ""根据我的喜好推荐动画片""}",educ_fuzzy_search,"{""query"": ""根据我的喜好推荐动画片""}",Y,Y,Y,
少儿,少儿136,educ_vague_search_personalized_recommend,给我找一些我爱看的少儿视频,educ_fuzzy_search,"{""query"": ""给我找一些我爱看的少儿视频""}",educ_fuzzy_search,"{""query"": ""给我找一些我爱看的少儿视频""}",Y,Y,Y,
少儿,少儿131,educ_vague_search,给我播放适合6岁的小朋友看的绘本,educ_search,"{""query"": {""and"": [{""field"": ""age_range"", ""from"": 6, ""to"": 6}, {""field"": ""children_second_genre"", ""value"": ""绘本""}]}, ""retext"": ""给我播放适合6岁的小朋友看的绘本""}",educ_search,"{""query"": {""and"": [{""field"": ""children_second_genre"", ""value"": ""绘本""}, {""field"": ""age_range"", ""from"": 6, ""to"": 6}]}, ""retext"": ""给我播放适合6岁的小朋友看的绘本""}",Y,Y,Y,
少儿,少儿140,educ_vague_search,关于月球的绘本故事,educ_fuzzy_search,"{""query"": ""关于月球的绘本故事""}",educ_fuzzy_search,"{""query"": ""关于月球的绘本故事""}",Y,Y,Y,
少儿,少儿134,multi_tab_search,给我放一集帮帮龙动画片,educ_search,"{""query"": {""and"": [{""field"": ""title"", ""value"": ""帮帮龙""}, {""field"": ""content_type"", ""value"": ""动画""}]}, ""retext"": ""给我放一集帮帮龙动画片""}",educ_search,"{""query"": {""and"": [{""field"": ""title"", ""value"": ""帮帮龙""}, {""field"": ""content_type"", ""value"": ""动画""}]}, ""retext"": ""给我放一集帮帮龙动画片""}",Y,Y,Y,
少儿,少儿133,multi_tab_search,给我放免费的猪猪侠之超星萌宠第2集,educ_search,"{""query"": {""and"": [{""field"": ""title"", ""value"": ""猪猪侠之超星萌宠""}, {""field"": ""is_fee"", ""value"": 0}]}, ""retext"": ""给我放免费的猪猪侠之超星萌宠第2集""}",educ_search,"{""query"": {""and"": [{""field"": ""title"", ""value"": ""猪猪侠之超星萌宠""}, {""field"": ""is_fee"", ""value"": 0}]}, ""retext"": ""给我放免费的猪猪侠之超星萌宠第2集""}",Y,Y,Y,
少儿,少儿138,educ_relate_recommend,跟瑞奇宝宝相似的低幼认知类动画,educ_relate_recommend,"{""query"": {""and"": [{""field"": ""title"", ""value"": ""瑞奇宝宝""}, {""field"": ""content_type"", ""value"": ""动画""}]}}",educ_relate_recommend,"{""query"": {""and"": [{""field"": ""title"", ""value"": ""瑞奇宝宝""}, {""field"": ""content_type"", ""value"": ""动画""}]}}",Y,Y,Y,
少儿,少儿135,multi_tab_search,给我看宝宝巴士亲子互动,educ_search,"{""query"": {""field"": ""title"", ""value"": ""宝宝巴士亲子互动""}, ""retext"": ""给我看宝宝巴士亲子互动""}",educ_search,"{""query"": {""field"": ""title"", ""value"": ""宝宝巴士亲子互动""}, ""retext"": ""给我看宝宝巴士亲子互动""}",Y,Y,Y,
少儿,少儿142,multi_tab_search,海信小聚播放动画片,educ_search,"{""query"": {""field"": ""content_type"", ""value"": ""动画""}, ""retext"": ""海信小聚播放动画片""}",educ_search,"{""query"": {""field"": ""content_type"", ""value"": ""动画""}, ""retext"": ""海信小聚播放动画片""}",Y,Y,Y,
少儿,少儿141,multi_tab_search,海底小纵队VIP,educ_search,"{""query"": {""and"": [{""field"": ""title"", ""value"": ""海底小纵队""}, {""field"": ""is_fee"", ""value"": 1}]}, ""retext"": ""海底小纵队VIP""}",educ_search,"{""query"": {""and"": [{""field"": ""title"", ""value"": ""海底小纵队""}, {""field"": ""is_fee"", ""value"": 1}]}, ""retext"": ""海底小纵队VIP""}",Y,Y,Y,
少儿,少儿144,multi_tab_search,好看的亲子卡通推荐,educ_search,"{""query"": {""and"": [{""field"": ""children_third_genre"", ""value"": ""亲子""}, {""field"": ""content_type"", ""value"": ""卡通""}]}, ""retext"": ""好看的亲子卡通推荐""}",educ_search,"{""query"": {""and"": [{""field"": ""content_type"", ""value"": ""卡通""}, {""field"": ""children_third_genre"", ""value"": ""亲子""}]}, ""retext"": ""好看的亲子卡通推荐""}",Y,Y,Y,
少儿,少儿145,multi_tab_relate_recommend,和消防员山姆同一类型的动画片,educ_relate_recommend,"{""query"": {""and"": [{""field"": ""title"", ""value"": ""消防员山姆""}, {""field"": ""content_type"", ""value"": ""动画""}]}}",educ_relate_recommend,"{""query"": {""and"": [{""field"": ""title"", ""value"": ""消防员山姆""}, {""field"": ""content_type"", ""value"": ""动画""}]}}",Y,Y,Y,
少儿,少儿148,multi_tab_search,胡巴电影,educ_search,"{""query"": {""and"": [{""or"": [{""field"": ""role"", ""value"": ""胡巴""}, {""field"": ""title"", ""value"": ""胡巴""}]}, {""field"": ""children_second_genre"", ""value"": ""电影""}]}, ""retext"": ""胡巴电影""}",educ_search,"{""query"": {""and"": [{""or"": [{""field"": ""role"", ""value"": ""胡巴""}, {""field"": ""title"", ""value"": ""胡巴""}]}, {""field"": ""children_second_genre"", ""value"": ""电影""}]}, ""retext"": ""胡巴电影""}",Y,Y,Y,
少儿,少儿150,confirm_vague_search,讲述戴安娜和哥哥各类趣事的动画片,educ_fuzzy_search,"{""query"": ""讲述戴安娜和哥哥各类趣事的动画片""}",educ_fuzzy_search,"{""query"": ""讲述戴安娜和哥哥各类趣事的动画片""}",Y,Y,Y,
少儿,少儿146,multi_tab_search,还在更新中的动漫,educ_search,"{""query"": {""field"": ""children_second_genre"", ""value"": ""动漫""}, ""retext"": ""还在更新中的动漫""}",educ_search,"{""query"": {""field"": ""children_second_genre"", ""value"": ""动漫""}, ""retext"": ""还在更新中的动漫""}",Y,Y,Y,
少儿,少儿143,multi_tab_search,海信小聚我要看不花钱的宝贝赳赳,educ_search,"{""query"": {""and"": [{""field"": ""title"", ""value"": ""宝贝赳赳""}, {""field"": ""is_fee"", ""value"": 0}]}, ""retext"": ""海信小聚我要看不花钱的宝贝赳赳""}",educ_search,"{""query"": {""and"": [{""field"": ""title"", ""value"": ""宝贝赳赳""}, {""field"": ""is_fee"", ""value"": 0}]}, ""retext"": ""海信小聚我要看不花钱的宝贝赳赳""}",Y,Y,Y,
少儿,少儿152,multi_tab_search,今年播出的国产动画,educ_search_all,"{""query"": {""and"": [{""field"": ""country"", ""value"": ""中国""}, {""field"": ""content_type"", ""value"": ""动画""}, {""field"": ""release_time"", ""from"": ""20260101"", ""to"": ""20261231""}]}, ""retext"": ""今年播出的国产动画""}",educ_search_all,"{""query"": {""and"": [{""field"": ""content_type"", ""value"": ""动画""}, {""field"": ""release_time"", ""from"": ""20260101"", ""to"": ""20261231""}, {""field"": ""country"", ""value"": ""中国""}]}, ""retext"": ""今年播出的国产动画""}",Y,Y,Y,
少儿,少儿147,multi_tab_search,获得奖项的动画,educ_search,"{""query"": {""field"": ""content_type"", ""value"": ""动画""}, ""retext"": ""获得奖项的动画""}",educ_search,"{""query"": {""field"": ""content_type"", ""value"": ""动画""}, ""retext"": ""获得奖项的动画""}",Y,Y,Y,
少儿,少儿149,multi_tab_search,呼叫超级土豆全集播放,educ_search,"{""query"": {""field"": ""title"", ""value"": ""呼叫超级土豆""}, ""retext"": ""呼叫超级土豆全集播放""}",educ_search,"{""query"": {""field"": ""title"", ""value"": ""呼叫超级土豆""}, ""retext"": ""呼叫超级土豆全集播放""}",Y,Y,Y,
少儿,少儿151,multi_tab_search,经典的卡通,educ_search,"{""query"": {""and"": [{""field"": ""children_second_genre"", ""value"": ""经典""}, {""field"": ""content_type"", ""value"": ""卡通""}]}, ""retext"": ""经典的卡通""}",educ_search,"{""query"": {""and"": [{""field"": ""content_type"", ""value"": ""卡通""}, {""field"": ""children_second_genre"", ""value"": ""经典""}]}, ""retext"": ""经典的卡通""}",Y,Y,Y,
少儿,少儿155,confirm_vague_search,记录依娜恰恰成长，传递生活知识的动画片,educ_fuzzy_search,"{""query"": ""记录依娜恰恰成长，传递生活知识的动画片""}",educ_fuzzy_search,"{""query"": ""记录依娜恰恰成长，传递生活知识的动画片""}",Y,Y,Y,
少儿,少儿154,confirm_vague_search,记录小学生小品与家人、同学间的搞笑日常的动画片,educ_fuzzy_search,"{""query"": ""记录小学生小品与家人、同学间的搞笑日常的动画片""}",educ_fuzzy_search,"{""query"": ""记录小学生小品与家人、同学间的搞笑日常的动画片""}",Y,Y,Y,
少儿,少儿139,multi_tab_relate_recommend,跟《闪闪小超人》相似动画推荐给我,educ_relate_recommend,"{""query"": {""and"": [{""field"": ""title"", ""value"": ""闪闪小超人""}, {""field"": ""content_type"", ""value"": ""动画""}]}}",educ_relate_recommend,"{""query"": {""and"": [{""field"": ""title"", ""value"": ""闪闪小超人""}, {""field"": ""content_type"", ""value"": ""动画""}]}}",Y,Y,Y,
少儿,少儿153,multi_tab_search,今年上映的动画片,educ_search,"{""query"": {""and"": [{""field"": ""content_type"", ""value"": ""动画""}, {""field"": ""release_time"", ""from"": ""20260101"", ""to"": ""20261231""}]}, ""retext"": ""今年上映的动画片""}",educ_search,"{""query"": {""and"": [{""field"": ""content_type"", ""value"": ""动画""}, {""field"": ""release_time"", ""from"": ""20260101"", ""to"": ""20261231""}]}, ""retext"": ""今年上映的动画片""}",Y,Y,Y,
少儿,少儿158,multi_tab_search,继续播放坏蛋联盟二,educ_search,"{""query"": {""field"": ""title"", ""value"": ""坏蛋联盟2""}, ""retext"": ""继续播放坏蛋联盟二""}",educ_search,"{""query"": {""field"": ""title"", ""value"": ""坏蛋联盟2""}, ""retext"": ""继续播放坏蛋联盟二""}",Y,Y,Y,
少儿,少儿161,multi_tab_search,看第1集娜斯佳,educ_search,"{""query"": {""field"": ""title"", ""value"": ""娜斯佳""}, ""retext"": ""看第1集娜斯佳""}",vod_search,"{""action"": ""play"", ""query"": {""field"": ""video_index"", ""value"": 1}, ""retext"": ""看第1集娜斯佳""}",N,N,N,"action: gold= pred=""play""; query: gold={""field"": ""title"", ""value"": ""娜斯佳""} pred={""field"": ""video_index"", ""value"": 1}"
少儿,少儿156,multi_tab_search,继续播放白雪公主,educ_search,"{""query"": {""field"": ""title"", ""value"": ""白雪公主""}, ""retext"": ""继续播放白雪公主""}",educ_search,"{""query"": {""field"": ""title"", ""value"": ""白雪公主""}, ""retext"": ""继续播放白雪公主""}",Y,Y,Y,
少儿,少儿157,multi_tab_search,继续播放聪明一休,educ_search,"{""query"": {""field"": ""title"", ""value"": ""聪明的一休""}, ""retext"": ""继续播放聪明一休""}",educ_search,"{""query"": {""field"": ""title"", ""value"": ""聪明的一休""}, ""retext"": ""继续播放聪明一休""}",Y,Y,Y,
少儿,少儿162,multi_tab_search,看光头强的故事吧,educ_search,"{""query"": {""and"": [{""or"": [{""field"": ""role"", ""value"": ""光头强""}, {""field"": ""title"", ""value"": ""光头强""}]}, {""field"": ""children_second_genre"", ""value"": ""故事""}]}, ""retext"": ""看光头强的故事吧""}",educ_search,"{""query"": {""and"": [{""or"": [{""field"": ""role"", ""value"": ""光头强""}, {""field"": ""title"", ""value"": ""光头强""}]}, {""field"": ""children_second_genre"", ""value"": ""故事""}]}, ""retext"": ""看光头强的故事吧""}",Y,Y,Y,
少儿,少儿163,multi_tab_search,看库洛米的动画片,educ_search,"{""query"": {""and"": [{""field"": ""title"", ""value"": ""库洛米""}, {""field"": ""content_type"", ""value"": ""动画""}]}, ""retext"": ""看库洛米的动画片""}",educ_search,"{""query"": {""and"": [{""field"": ""title"", ""value"": ""库洛米""}, {""field"": ""content_type"", ""value"": ""动画""}]}, ""retext"": ""看库洛米的动画片""}",Y,Y,Y,
少儿,少儿160,multi_tab_search,看CCTV14的快乐星猫,educ_search,"{""query"": {""field"": ""title"", ""value"": ""快乐星猫""}, ""retext"": ""看CCTV14的快乐星猫""}",educ_search,"{""query"": {""field"": ""title"", ""value"": ""快乐星猫""}, ""retext"": ""看CCTV14的快乐星猫""}",Y,Y,Y,
少儿,少儿170,confirm_personalized_recommend,可以根据我喜好推荐的动漫视频吗？,educ_fuzzy_search,"{""query"": ""可以根据我喜好推荐的动漫视频吗？""}",educ_fuzzy_search,"{""query"": ""可以根据我喜好推荐的动漫视频吗？""}",Y,Y,Y,
少儿,少儿159,multi_tab_search,开始播放第1集萌鸡小队,educ_search,"{""query"": {""field"": ""title"", ""value"": ""萌鸡小队""}, ""retext"": ""开始播放第1集萌鸡小队""}",educ_search,"{""query"": {""field"": ""title"", ""value"": ""萌鸡小队""}, ""retext"": ""开始播放第1集萌鸡小队""}",Y,Y,Y,
少儿,少儿165,multi_tab_search,看宇宙护卫队全集,educ_search,"{""query"": {""field"": ""title"", ""value"": ""宇宙护卫队""}, ""retext"": ""看宇宙护卫队全集""}",educ_search,"{""query"": {""field"": ""title"", ""value"": ""宇宙护卫队""}, ""retext"": ""看宇宙护卫队全集""}",Y,Y,Y,
少儿,少儿164,educ_keyword_search,看免费的小公主娜吉娅,educ_search,"{""query"": {""and"": [{""field"": ""title"", ""value"": ""小公主娜吉娅""}, {""field"": ""is_fee"", ""value"": 0}]}, ""retext"": ""看免费的小公主娜吉娅""}",educ_search,"{""query"": {""and"": [{""field"": ""title"", ""value"": ""小公主娜吉娅""}, {""field"": ""is_fee"", ""value"": 0}]}, ""retext"": ""看免费的小公主娜吉娅""}",Y,Y,Y,
少儿,少儿167,multi_tab_search,科幻题材的动画,educ_search,"{""query"": {""and"": [{""field"": ""children_third_genre"", ""value"": ""科幻""}, {""field"": ""content_type"", ""value"": ""动画""}]}, ""retext"": ""科幻题材的动画""}",educ_search,"{""query"": {""and"": [{""field"": ""content_type"", ""value"": ""动画""}, {""field"": ""children_third_genre"", ""value"": ""科幻""}]}, ""retext"": ""科幻题材的动画""}",Y,Y,Y,
少儿,少儿169,multi_tab_search,科普类动画片儿,educ_search,"{""query"": {""and"": [{""field"": ""content_type"", ""value"": ""动画""}, {""field"": ""children_second_genre"", ""value"": ""科普""}]}, ""retext"": ""科普类动画片儿""}",educ_search,"{""query"": {""and"": [{""field"": ""content_type"", ""value"": ""动画""}, {""field"": ""children_second_genre"", ""value"": ""科普""}]}, ""retext"": ""科普类动画片儿""}",Y,Y,Y,
少儿,少儿172,educ_relate_recommend,类似大卫不可以的绘本,educ_relate_recommend,"{""query"": {""and"": [{""field"": ""title"", ""value"": ""大卫不可以""}, {""field"": ""children_second_genre"", ""value"": ""绘本""}]}, ""retext"": ""大卫不可以""}",educ_relate_recommend,"{""query"": {""and"": [{""field"": ""title"", ""value"": ""大卫不可以""}, {""field"": ""children_second_genre"", ""value"": ""绘本""}]}}",Y,N,N,"retext: gold=""大卫不可以"" pred="
少儿,少儿173,multi_tab_relate_recommend,类似小猪佩奇的动画片,educ_relate_recommend,"{""query"": {""and"": [{""field"": ""title"", ""value"": ""小猪佩奇""}, {""field"": ""content_type"", ""value"": ""动画""}]}}",educ_relate_recommend,"{""query"": {""and"": [{""field"": ""title"", ""value"": ""小猪佩奇""}, {""field"": ""content_type"", ""value"": ""动画""}]}}",Y,Y,Y,
少儿,少儿166,multi_tab_search,看浙江卫视的动画片喜羊羊和灰太狼,educ_search,"{""query"": {""and"": [{""field"": ""title"", ""value"": ""喜羊羊与灰太狼""}, {""field"": ""content_type"", ""value"": ""动画""}]}, ""retext"": ""看浙江卫视的动画片喜羊羊和灰太狼""}",educ_search,"{""query"": {""and"": [{""field"": ""title"", ""value"": ""喜羊羊与灰太狼""}, {""field"": ""content_type"", ""value"": ""动画""}]}, ""retext"": ""看浙江卫视的动画片喜羊羊和灰太狼""}",Y,Y,Y,
少儿,少儿168,multi_tab_search,科普教育类的少儿动画,educ_search,"{""query"": {""and"": [{""field"": ""content_type"", ""value"": ""动画""}, {""field"": ""children_second_genre"", ""value"": ""科普""}]}, ""retext"": ""科普教育类的少儿动画""}",educ_search,"{""query"": {""and"": [{""field"": ""content_type"", ""value"": ""动画""}, {""field"": ""children_second_genre"", ""value"": ""科普""}]}, ""retext"": ""科普教育类的少儿动画""}",Y,Y,Y,
少儿,少儿174,educ_relate_recommend,类似《土豆逗大话语文》的启蒙视频推荐,educ_relate_recommend,"{""query"": {""or"": [{""field"": ""title"", ""value"": ""土豆逗大话语文""}, {""field"": ""title"", ""value"": ""启蒙""}]}}",educ_relate_recommend,"{""query"": {""or"": [{""field"": ""title"", ""value"": ""土豆逗大话语文""}, {""field"": ""title"", ""value"": ""启蒙""}]}}",Y,Y,Y,
少儿,少儿171,multi_tab_search,恐龙的卡通电影推荐,educ_search,"{""query"": {""and"": [{""field"": ""children_third_genre"", ""value"": ""恐龙""}, {""field"": ""content_type"", ""value"": ""卡通""}, {""field"": ""children_second_genre"", ""value"": ""电影""}]}, ""retext"": ""恐龙的卡通电影推荐""}",educ_search,"{""query"": {""and"": [{""field"": ""content_type"", ""value"": ""卡通""}, {""field"": ""children_second_genre"", ""value"": ""电影""}, {""field"": ""children_third_genre"", ""value"": ""恐龙""}]}, ""retext"": ""恐龙的卡通电影推荐""}",Y,Y,Y,
少儿,少儿176,confirm_vague_search,猫咪演绎中国历史事件，寓教于乐的动画,educ_fuzzy_search,"{""query"": ""猫咪演绎中国历史事件，寓教于乐的动画""}",educ_fuzzy_search,"{""query"": ""猫咪演绎中国历史事件，寓教于乐的动画""}",Y,Y,Y,
少儿,少儿180,multi_tab_search,免费的海底小纵队不要英语的,educ_search,"{""query"": {""and"": [{""field"": ""title"", ""value"": ""海底小纵队""}, {""not"": {""field"": ""language"", ""value"": ""英语""}}, {""field"": ""is_fee"", ""value"": ""0""}]}, ""retext"": ""免费的海底小纵队不要英语的""}",educ_search,"{""query"": {""and"": [{""field"": ""title"", ""value"": ""海底小纵队""}, {""not"": {""field"": ""language"", ""value"": ""英语""}}, {""field"": ""is_fee"", ""value"": ""0""}]}, ""retext"": ""免费的海底小纵队不要英语的""}",Y,Y,Y,
少儿,少儿175,multi_tab_search,螺丝钉全屏,educ_search,"{""query"": {""field"": ""title"", ""value"": ""螺丝钉""}, ""retext"": ""螺丝钉全屏""}",educ_search,"{""query"": {""field"": ""title"", ""value"": ""螺丝钉""}, ""retext"": ""螺丝钉全屏""}",Y,Y,Y,
少儿,少儿179,confirm_vague_search,免费的关于逆袭的动漫,educ_fuzzy_search,"{""query"": ""免费的关于逆袭的动漫""}",educ_fuzzy_search,"{""query"": ""免费的关于逆袭的动漫""}",Y,Y,Y,
少儿,少儿178,multi_tab_search,免费的JOJO大全,educ_search,"{""query"": {""and"": [{""or"": [{""field"": ""role"", ""value"": ""jojo""}, {""field"": ""title"", ""value"": ""jojo""}]}, {""field"": ""is_fee"", ""value"": 0}]}, ""retext"": ""免费的JOJO大全""}",educ_search,"{""query"": {""and"": [{""or"": [{""field"": ""role"", ""value"": ""jojo""}, {""field"": ""title"", ""value"": ""jojo""}]}, {""field"": ""is_fee"", ""value"": 0}]}, ""retext"": ""免费的JOJO大全""}",Y,Y,Y,
少儿,少儿184,confirm_vague_search,奶龙与小七守护村庄，与暴暴龙展开对决的动画片,educ_fuzzy_search,"{""query"": ""奶龙与小七守护村庄，与暴暴龙展开对决的动画片""}",educ_fuzzy_search,"{""query"": ""奶龙与小七守护村庄，与暴暴龙展开对决的动画片""}",Y,Y,Y,
少儿,少儿181,multi_tab_search,免费高分动画,educ_search,"{""query"": {""and"": [{""field"": ""content_type"", ""value"": ""动画""}, {""field"": ""is_fee"", ""value"": 0}]}, ""retext"": ""免费高分动画""}",educ_search,"{""query"": {""and"": [{""field"": ""content_type"", ""value"": ""动画""}, {""field"": ""is_fee"", ""value"": 0}]}, ""retext"": ""免费高分动画""}",Y,Y,Y,
少儿,少儿182,multi_tab_search,免费少儿节目宝宝巴士,educ_search,"{""query"": {""and"": [{""field"": ""title"", ""value"": ""宝宝巴士""}, {""field"": ""is_fee"", ""value"": 0}]}, ""retext"": ""免费少儿节目宝宝巴士""}",educ_search,"{""query"": {""and"": [{""field"": ""title"", ""value"": ""宝宝巴士""}, {""field"": ""is_fee"", ""value"": 0}]}, ""retext"": ""免费少儿节目宝宝巴士""}",Y,Y,Y,
少儿,少儿177,multi_tab_search,免费播送妈妈咪鸭,educ_search,"{""query"": {""and"": [{""field"": ""title"", ""value"": ""妈妈咪鸭""}, {""field"": ""is_fee"", ""value"": 0}]}, ""retext"": ""免费播送妈妈咪鸭""}",vod_search,"{""action"": ""search"", ""query"": {""field"": ""is_fee"", ""value"": 0}, ""retext"": ""免费播送妈妈咪鸭""}",N,N,N,"action: gold= pred=""search""; query: gold={""and"": [{""field"": ""is_fee"", ""value"": 0}, {""field"": ""title"", ""value"": ""妈妈咪鸭""}]} pred={""field"": ""is_fee"", ""value"": 0}"
少儿,少儿187,multi_tab_search,卡通版的狐妖小红娘,educ_search,"{""query"": {""and"": [{""field"": ""title"", ""value"": ""狐妖小红娘""}, {""field"": ""content_type"", ""value"": ""卡通""}]}, ""retext"": ""卡通版的狐妖小红娘""}",educ_search,"{""query"": {""and"": [{""field"": ""title"", ""value"": ""狐妖小红娘""}, {""field"": ""content_type"", ""value"": ""卡通""}]}, ""retext"": ""卡通版的狐妖小红娘""}",Y,Y,Y,
少儿,少儿183,multi_tab_search,米奇动画片少儿版,educ_search,"{""query"": {""and"": [{""or"": [{""field"": ""role"", ""value"": ""米奇""}, {""field"": ""title"", ""value"": ""米奇""}]}, {""field"": ""content_type"", ""value"": ""动画""}]}, ""retext"": ""米奇动画片少儿版""}",educ_search,"{""query"": {""and"": [{""or"": [{""field"": ""role"", ""value"": ""米奇""}, {""field"": ""title"", ""value"": ""米奇""}]}, {""field"": ""content_type"", ""value"": ""动画""}]}, ""retext"": ""米奇动画片少儿版""}",Y,Y,Y,
少儿,少儿186,multi_tab_search,评分在8.5到9分之间的动画片,educ_search,"{""query"": {""field"": ""content_type"", ""value"": ""动画""}, ""retext"": ""评分在8.5到9分之间的动画片""}",educ_search,"{""query"": {""field"": ""content_type"", ""value"": ""动画""}, ""retext"": ""评分在8.5到9分之间的动画片""}",Y,Y,Y,
少儿,少儿188,multi_tab_search,请帮忙找儿童卡通三字经,educ_search,"{""query"": {""and"": [{""field"": ""title"", ""value"": ""三字经""}, {""field"": ""content_type"", ""value"": ""卡通""}]}, ""retext"": ""请帮忙找儿童卡通三字经""}",educ_search,"{""query"": {""and"": [{""field"": ""title"", ""value"": ""三字经""}, {""field"": ""content_type"", ""value"": ""卡通""}]}, ""retext"": ""请帮忙找儿童卡通三字经""}",Y,Y,Y,
少儿,少儿189,multi_tab_search,请帮我播放大耳朵图图的故事,educ_search,"{""query"": {""and"": [{""field"": ""title"", ""value"": ""大耳朵图图""}, {""field"": ""children_second_genre"", ""value"": ""故事""}]}, ""retext"": ""请帮我播放大耳朵图图的故事""}",educ_search,"{""query"": {""and"": [{""field"": ""title"", ""value"": ""大耳朵图图""}, {""field"": ""children_second_genre"", ""value"": ""故事""}]}, ""retext"": ""请帮我播放大耳朵图图的故事""}",Y,Y,Y,
少儿,少儿190,educ_keyword_search,请播放弹珠轨道,educ_search,"{""query"": {""field"": ""title"", ""value"": ""弹珠轨道""}, ""retext"": ""请播放弹珠轨道""}",educ_search,"{""query"": {""field"": ""title"", ""value"": ""弹珠轨道""}, ""retext"": ""请播放弹珠轨道""}",Y,Y,Y,
少儿,少儿193,educ_keyword_search,请播放益智早教,educ_search,"{""query"": {""and"": [{""field"": ""children_third_genre"", ""value"": ""益智""}, {""field"": ""children_second_genre"", ""value"": ""早教""}]}, ""retext"": ""请播放益智早教""}",educ_search,"{""query"": {""and"": [{""field"": ""children_second_genre"", ""value"": ""早教""}, {""field"": ""children_third_genre"", ""value"": ""益智""}]}, ""retext"": ""请播放益智早教""}",Y,Y,Y,
少儿,少儿191,multi_tab_search,请播放电影波妞,educ_search,"{""query"": {""and"": [{""or"": [{""field"": ""role"", ""value"": ""波妞""}, {""field"": ""title"", ""value"": ""波妞""}]}, {""field"": ""children_second_genre"", ""value"": ""电影""}]}, ""retext"": ""请播放电影波妞""}",vod_search,"{""action"": ""play"", ""query"": {""field"": ""category"", ""value"": ""电影""}, ""retext"": ""请播放电影波妞""}",N,N,N,"action: gold= pred=""play""; query: gold={""and"": [{""field"": ""children_second_genre"", ""value"": ""电影""}, {""or"": [{""field"": ""role"", ""value"": ""波妞""}, {""field"": ""title"", ""value"": ""波妞""}]}]} pred={""field"": ""category"", ""value"": ""电影""}"
少儿,少儿199,multi_tab_search,汽车星球第3集,educ_search,"{""query"": {""field"": ""title"", ""value"": ""汽车星球""}, ""retext"": ""汽车星球第3集""}",vod_search,"{""action"": ""search"", ""query"": {""field"": ""video_index"", ""value"": 3}, ""retext"": ""汽车星球第3集""}",N,N,N,"action: gold= pred=""search""; query: gold={""field"": ""title"", ""value"": ""汽车星球""} pred={""field"": ""video_index"", ""value"": 3}"
少儿,少儿194,educ_keyword_search,请播放幼儿少儿绘本,educ_search,"{""query"": {""field"": ""children_second_genre"", ""value"": ""绘本""}, ""retext"": ""请播放幼儿少儿绘本""}",educ_search,"{""query"": {""field"": ""children_second_genre"", ""value"": ""绘本""}, ""retext"": ""请播放幼儿少儿绘本""}",Y,Y,Y,
少儿,少儿196,multi_tab_search,请给我播放新的汪汪队,educ_search,"{""query"": {""field"": ""title"", ""value"": ""汪汪队""}, ""retext"": ""请给我播放新的汪汪队""}",educ_search,"{""query"": {""field"": ""title"", ""value"": ""汪汪队""}, ""retext"": ""请给我播放新的汪汪队""}",Y,Y,Y,
少儿,少儿195,multi_tab_search,请放免费的小猴子啵啵,educ_search,"{""query"": {""and"": [{""field"": ""title"", ""value"": ""小猴子啵啵""}, {""field"": ""is_fee"", ""value"": 0}]}, ""retext"": ""请放免费的小猴子啵啵""}",educ_search,"{""query"": {""and"": [{""field"": ""title"", ""value"": ""小猴子啵啵""}, {""field"": ""is_fee"", ""value"": 0}]}, ""retext"": ""请放免费的小猴子啵啵""}",Y,Y,Y,
少儿,少儿197,multi_tab_search,请给我放疯狂动物城故事,educ_search,"{""query"": {""and"": [{""field"": ""title"", ""value"": ""疯狂动物城""}, {""field"": ""children_second_genre"", ""value"": ""故事""}]}, ""retext"": ""请给我放疯狂动物城故事""}",educ_search,"{""query"": {""and"": [{""field"": ""title"", ""value"": ""疯狂动物城""}, {""field"": ""children_second_genre"", ""value"": ""故事""}]}, ""retext"": ""请给我放疯狂动物城故事""}",Y,Y,Y,
少儿,少儿198,multi_tab_search,请继续播放猪屁登,educ_search,"{""query"": {""field"": ""title"", ""value"": ""猪屁登""}, ""retext"": ""请继续播放猪屁登""}",educ_search,"{""query"": {""field"": ""title"", ""value"": ""猪屁登""}, ""retext"": ""请继续播放猪屁登""}",Y,Y,Y,
少儿,少儿192,educ_keyword_search,请播放免费的垃圾车的视频,educ_search,"{""query"": {""and"": [{""field"": ""title"", ""value"": ""垃圾车""}, {""field"": ""is_fee"", ""value"": 0}]}, ""retext"": ""请播放免费的垃圾车的视频""}",vod_search,"{""action"": ""play"", ""query"": {""field"": ""is_fee"", ""value"": 0}, ""retext"": ""请播放免费的垃圾车的视频""}",N,N,N,"action: gold= pred=""play""; query: gold={""and"": [{""field"": ""is_fee"", ""value"": 0}, {""field"": ""title"", ""value"": ""垃圾车""}]} pred={""field"": ""is_fee"", ""value"": 0}"
少儿,少儿206,educ_history,上周看的少儿动画片,educ_history,"{""query"": {""field"": ""time"", ""from"": ""2026-08-18 00:00:00"", ""to"": ""2026-08-24 23:59:29""}}",educ_history,"{""query"": {""field"": ""time"", ""from"": ""2026-08-18 00:00:00"", ""to"": ""2026-08-24 23:59:29""}}",Y,Y,Y,
少儿,少儿201,multi_tab_search,热播动画片,educ_search,"{""query"": {""field"": ""content_type"", ""value"": ""动画""}, ""retext"": ""热播动画片""}",educ_search,"{""query"": {""field"": ""content_type"", ""value"": ""动画""}, ""retext"": ""热播动画片""}",Y,Y,Y,
少儿,少儿200,multi_tab_search,趣趣知知鸟，接着播放,educ_search,"{""query"": {""field"": ""title"", ""value"": ""趣趣知知鸟""}, ""retext"": ""趣趣知知鸟，接着播放""}",educ_search,"{""query"": {""field"": ""title"", ""value"": ""趣趣知知鸟""}, ""retext"": ""趣趣知知鸟，接着播放""}",Y,Y,Y,
少儿,少儿202,multi_tab_search,热门动画,educ_search,"{""query"": {""field"": ""content_type"", ""value"": ""动画""}, ""retext"": ""热门动画""}",educ_search,"{""query"": {""field"": ""content_type"", ""value"": ""动画""}, ""retext"": ""热门动画""}",Y,Y,Y,
少儿,少儿204,multi_tab_search,日本的卡通动画,educ_search_all,"{""query"": {""and"": [{""field"": ""country"", ""value"": ""日本""}, {""or"": [{""field"": ""content_type"", ""value"": ""动画""}, {""field"": ""content_type"", ""value"": ""卡通""}]}]}, ""retext"": ""日本的卡通动画""}",educ_search_all,"{""query"": {""and"": [{""field"": ""country"", ""value"": ""日本""}, {""or"": [{""field"": ""content_type"", ""value"": ""动画""}, {""field"": ""content_type"", ""value"": ""卡通""}]}]}, ""retext"": ""日本的卡通动画""}",Y,Y,Y,
少儿,少儿203,multi_tab_search,热血动漫,educ_search,"{""query"": {""and"": [{""field"": ""children_third_genre"", ""value"": ""热血""}, {""field"": ""children_second_genre"", ""value"": ""动漫""}]}, ""retext"": ""热血动漫""}",educ_search,"{""query"": {""and"": [{""field"": ""children_second_genre"", ""value"": ""动漫""}, {""field"": ""children_third_genre"", ""value"": ""热血""}]}, ""retext"": ""热血动漫""}",Y,Y,Y,
少儿,少儿205,multi_tab_search,日本动漫2021年上映的,educ_search_all,"{""query"": {""and"": [{""field"": ""country"", ""value"": ""日本""}, {""field"": ""release_time"", ""from"": ""20210101"", ""to"": ""20211231""}, {""field"": ""children_second_genre"", ""value"": ""动漫""}]}, ""retext"": ""日本动漫2021年上映的""}",educ_search_all,"{""query"": {""and"": [{""field"": ""release_time"", ""from"": ""20210101"", ""to"": ""20211231""}, {""field"": ""country"", ""value"": ""日本""}, {""field"": ""children_second_genre"", ""value"": ""动漫""}]}, ""retext"": ""日本动漫2021年上映的""}",Y,Y,Y,
少儿,少儿210,multi_tab_search,适合儿童看的动画,educ_search,"{""query"": {""field"": ""content_type"", ""value"": ""动画""}, ""retext"": ""适合儿童看的动画""}",educ_search,"{""retext"": """"}",Y,N,N,"query: gold={""field"": ""content_type"", ""value"": ""动画""} pred=; retext: gold=""适合儿童看的动画"" pred="
少儿,少儿207,multi_tab_search,少儿电影,educ_search,"{""query"": {""field"": ""children_second_genre"", ""value"": ""电影""}, ""retext"": ""少儿电影""}",educ_search,"{""query"": {""field"": ""children_second_genre"", ""value"": ""电影""}, ""retext"": ""少儿电影""}",Y,Y,Y,
少儿,少儿211,confirm_vague_search,适合我看的少儿动画,educ_fuzzy_search,"{""query"": ""适合我看的少儿动画""}",educ_fuzzy_search,"{""query"": ""适合我看的少儿动画""}",Y,Y,Y,
少儿,少儿208,educ_keyword_search,少儿英语节目,educ_search,"{""query"": {""field"": ""children_second_genre"", ""value"": ""英语""}, ""retext"": ""少儿英语节目""}",educ_search,"{""query"": {""field"": ""children_second_genre"", ""value"": ""英语""}, ""retext"": ""少儿英语节目""}",Y,Y,Y,
少儿,少儿209,multi_tab_search,少儿中文jojo,educ_search,"{""query"": {""and"": [{""or"": [{""field"": ""role"", ""value"": ""jojo""}, {""field"": ""title"", ""value"": ""jojo""}]}, {""field"": ""language"", ""value"": ""中文""}]}, ""retext"": ""少儿中文jojo""}",educ_search,"{""query"": {""and"": [{""or"": [{""field"": ""role"", ""value"": ""jojo""}, {""field"": ""title"", ""value"": ""jojo""}]}, {""field"": ""language"", ""value"": ""中文""}]}, ""retext"": ""少儿中文jojo""}",Y,Y,Y,
少儿,少儿212,multi_tab_search,狮子王中文的也不是vip,educ_search,"{""query"": {""and"": [{""field"": ""title"", ""value"": ""狮子王""}, {""field"": ""language"", ""value"": ""中文""}, {""field"": ""is_fee"", ""value"": 0}]}, ""retext"": ""狮子王中文的也不是vip""}",vod_search_all,"{""action"": ""search"", ""query"": {""field"": ""language"", ""value"": ""普通话""}, ""retext"": ""狮子王中文的也不是vip""}",N,N,N,"action: gold= pred=""search""; query: gold={""and"": [{""field"": ""is_fee"", ""value"": 0}, {""field"": ""language"", ""value"": ""中文""}, {""field"": ""title"", ""value"": ""狮子王""}]} pred={""field"": ""language"", ""value"": ""普通话""}"
少儿,少儿213,multi_tab_search,搜索newtv极光里面的泰迦奥特曼,educ_search,"{""query"": {""field"": ""title"", ""value"": ""泰迦奥特曼""}, ""retext"": ""搜索newtv极光里面的泰迦奥特曼""}",educ_search,"{""query"": {""field"": ""title"", ""value"": ""泰迦奥特曼""}, ""retext"": ""搜索newtv极光里面的泰迦奥特曼""}",Y,Y,Y,
少儿,少儿214,multi_tab_search,搜索newtv极光里面的泰迦奥特曼,educ_search,"{""query"": {""field"": ""title"", ""value"": ""泰迦奥特曼""}, ""retext"": ""搜索newtv极光里面的泰迦奥特曼""}",educ_search,"{""query"": {""field"": ""title"", ""value"": ""泰迦奥特曼""}, ""retext"": ""搜索newtv极光里面的泰迦奥特曼""}",Y,Y,Y,
少儿,少儿217,multi_tab_search,搜索动画类的电影,educ_search,"{""query"": {""and"": [{""field"": ""content_type"", ""value"": ""动画""}, {""field"": ""children_second_genre"", ""value"": ""电影""}]}, ""retext"": ""搜索动画类的电影""}",educ_search,"{""query"": {""and"": [{""field"": ""content_type"", ""value"": ""动画""}, {""field"": ""children_second_genre"", ""value"": ""电影""}]}, ""retext"": ""搜索动画类的电影""}",Y,Y,Y,
少儿,少儿215,multi_tab_search,搜索宝宝学习自我认知的少儿动画,educ_search,"{""query"": {""field"": ""content_type"", ""value"": ""动画""}, ""retext"": ""搜索宝宝学习自我认知的少儿动画""}",educ_search,"{""query"": {""field"": ""content_type"", ""value"": ""动画""}, ""retext"": ""搜索宝宝学习自我认知的少儿动画""}",Y,Y,Y,
少儿,少儿218,multi_tab_search,搜索儿童数学思维相关的动画片,educ_search,"{""query"": {""and"": [{""field"": ""children_second_genre"", ""value"": ""数学""}, {""field"": ""content_type"", ""value"": ""动画""}]}, ""retext"": ""搜索儿童数学思维相关的动画片""}",educ_search,"{""query"": {""and"": [{""field"": ""content_type"", ""value"": ""动画""}, {""field"": ""children_second_genre"", ""value"": ""数学""}]}, ""retext"": ""搜索儿童数学思维相关的动画片""}",Y,Y,Y,
少儿,少儿221,multi_tab_search,搜索优酷里面的动画片,educ_search,"{""query"": {""and"": [{""field"": ""content_type"", ""value"": ""动画""}, {""field"": ""company"", ""value"": ""优酷""}]}, ""retext"": ""搜索优酷里面的动画片""}",educ_search,"{""query"": {""and"": [{""field"": ""content_type"", ""value"": ""动画""}, {""field"": ""company"", ""value"": ""优酷""}]}, ""retext"": ""搜索优酷里面的动画片""}",Y,Y,Y,
少儿,少儿216,multi_tab_search,搜索不要VIP的吞噬星空,educ_search,"{""query"": {""and"": [{""field"": ""title"", ""value"": ""吞噬星空""}, {""field"": ""is_fee"", ""value"": 0}]}, ""retext"": ""搜索不要VIP的吞噬星空""}",vod_search,"{""action"": ""search"", ""query"": {""field"": ""is_fee"", ""value"": 0}, ""retext"": ""搜索不要VIP的吞噬星空""}",N,N,N,"action: gold= pred=""search""; query: gold={""and"": [{""field"": ""is_fee"", ""value"": 0}, {""field"": ""title"", ""value"": ""吞噬星空""}]} pred={""field"": ""is_fee"", ""value"": 0}"
少儿,少儿219,multi_tab_search,搜索消防员山姆,educ_search,"{""query"": {""field"": ""title"", ""value"": ""消防员山姆""}, ""retext"": ""搜索消防员山姆""}",educ_search,"{""query"": {""field"": ""title"", ""value"": ""消防员山姆""}, ""retext"": ""搜索消防员山姆""}",Y,Y,Y,
少儿,少儿220,multi_tab_search,搜索小砾工程队,educ_search,"{""query"": {""field"": ""title"", ""value"": ""小砾与工程家族""}, ""retext"": ""搜索小砾工程队""}",educ_search,"{""query"": {""field"": ""title"", ""value"": ""小砾与工程家族""}, ""retext"": ""搜索小砾工程队""}",Y,Y,Y,
少儿,少儿223,multi_tab_search,搜索最新的动漫,educ_search,"{""query"": {""field"": ""children_second_genre"", ""value"": ""动漫""}, ""retext"": ""搜索最新的动漫""}",educ_search,"{""query"": {""field"": ""children_second_genre"", ""value"": ""动漫""}, ""retext"": ""搜索最新的动漫""}",Y,Y,Y,
少儿,少儿234,confirm_personalized_recommend,推荐我喜欢的动漫类型,educ_fuzzy_search,"{""query"": ""推荐我喜欢的动漫类型""}",educ_fuzzy_search,"{""query"": ""推荐我喜欢的动漫类型""}",Y,Y,Y,
少儿,少儿224,multi_tab_search,搜益智类的动画片,educ_search,"{""query"": {""and"": [{""field"": ""children_third_genre"", ""value"": ""益智""}, {""field"": ""content_type"", ""value"": ""动画""}]}, ""retext"": ""搜益智类的动画片""}",educ_search,"{""query"": {""and"": [{""field"": ""content_type"", ""value"": ""动画""}, {""field"": ""children_third_genre"", ""value"": ""益智""}]}, ""retext"": ""搜益智类的动画片""}",Y,Y,Y,
少儿,少儿229,multi_tab_search,调一个免费的托马斯火车,educ_search,"{""query"": {""and"": [{""or"": [{""field"": ""role"", ""value"": ""托马斯小火车""}, {""field"": ""title"", ""value"": ""托马斯小火车""}]}, {""field"": ""is_fee"", ""value"": 0}]}, ""retext"": ""调一个免费的托马斯火车""}",educ_search,"{""query"": {""and"": [{""or"": [{""field"": ""role"", ""value"": ""托马斯小火车""}, {""field"": ""title"", ""value"": ""托马斯小火车""}]}, {""field"": ""is_fee"", ""value"": 0}]}, ""retext"": ""调一个免费的托马斯火车""}",Y,Y,Y,
少儿,少儿185,multi_tab_search,嗯，神奇宝物找一下吧,educ_search,"{""query"": {""field"": ""title"", ""value"": ""神奇宝物""}, ""retext"": ""嗯，神奇宝物找一下吧""}",vod_fuzzy_search,"{""query"": ""神奇宝物""}",N,N,N,"query: gold={""field"": ""title"", ""value"": ""神奇宝物""} pred=""神奇宝物""; retext: gold=""嗯，神奇宝物找一下吧"" pred="
少儿,少儿232,educ_vague_search_personalized_recommend,推荐孩子喜欢的绘本故事,educ_fuzzy_search,"{""query"": ""推荐孩子喜欢的绘本故事""}",educ_fuzzy_search,"{""query"": ""推荐孩子喜欢的绘本故事""}",Y,Y,Y,
少儿,少儿228,multi_tab_search,腾讯视频请搜索免费的奥特曼,educ_search,"{""query"": {""and"": [{""field"": ""title"", ""value"": ""奥特曼""}, {""field"": ""is_fee"", ""value"": 0}]}, ""retext"": ""腾讯视频请搜索免费的奥特曼""}",educ_search,"{""query"": {""and"": [{""field"": ""title"", ""value"": ""奥特曼""}, {""field"": ""is_fee"", ""value"": 0}]}, ""retext"": ""腾讯视频请搜索免费的奥特曼""}",Y,Y,Y,
少儿,少儿231,educ_vague_search,提升孩子口语表达的少儿节目,educ_fuzzy_search,"{""query"": ""提升孩子口语表达的少儿节目""}",educ_fuzzy_search,"{""query"": ""提升孩子口语表达的少儿节目""}",Y,Y,Y,
少儿,少儿225,multi_tab_search,搜正在连载中的动画片,educ_search,"{""query"": {""field"": ""content_type"", ""value"": ""动画""}, ""retext"": ""搜正在连载中的动画片""}",educ_search,"{""query"": {""field"": ""content_type"", ""value"": ""动画""}, ""retext"": ""搜正在连载中的动画片""}",Y,Y,Y,
少儿,少儿226,multi_tab_search,唐老鸭第29集,educ_search,"{""query"": {""field"": ""title"", ""value"": ""唐老鸭""}, ""retext"": ""唐老鸭第29集""}",educ_search,"{""query"": {""field"": ""title"", ""value"": ""唐老鸭""}, ""retext"": ""唐老鸭第29集""}",Y,Y,Y,
少儿,少儿227,multi_tab_search,腾讯动漫出品的动漫,educ_search,"{""query"": {""field"": ""children_second_genre"", ""value"": ""动漫""}, ""retext"": ""腾讯动漫出品的动漫""}",educ_search,"{""query"": {""field"": ""children_second_genre"", ""value"": ""动漫""}, ""retext"": ""腾讯动漫出品的动漫""}",Y,Y,Y,
少儿,少儿233,multi_tab_relate_recommend,推荐汽车星球相似的动画,educ_relate_recommend,"{""query"": {""and"": [{""field"": ""title"", ""value"": ""汽车星球""}, {""field"": ""content_type"", ""value"": ""动画""}]}}",educ_relate_recommend,"{""query"": {""and"": [{""field"": ""title"", ""value"": ""汽车星球""}, {""field"": ""content_type"", ""value"": ""动画""}]}}",Y,Y,Y,
少儿,少儿239,confirm_personalized_recommend,为我找符合我偏好的卡通片,educ_fuzzy_search,"{""query"": ""为我找符合我偏好的卡通片""}",educ_fuzzy_search,"{""query"": ""为我找符合我偏好的卡通片""}",Y,Y,Y,
少儿,少儿240,educ_vague_search_personalized_recommend,我今年4岁了，你猜我喜欢看什么,educ_fuzzy_search,"{""query"": ""我今年4岁了，你猜我喜欢看什么""}",execute,"{""query"": ""我今年4岁了，你猜我喜欢看什么""}",N,Y,N,
少儿,少儿230,multi_tab_search,提高宝宝英语口语的启蒙动画,educ_search,"{""query"": {""and"": [{""field"": ""title"", ""value"": ""启蒙""}, {""field"": ""language"", ""value"": ""英语""}, {""field"": ""content_type"", ""value"": ""动画""}, {""field"": ""training_objectives"", ""value"": ""英语启蒙""}]}, ""retext"": ""提高宝宝英语口语的启蒙动画""}",educ_search,"{""query"": {""and"": [{""field"": ""title"", ""value"": ""启蒙""}, {""field"": ""content_type"", ""value"": ""动画""}, {""field"": ""language"", ""value"": ""英语""}, {""field"": ""training_objectives"", ""value"": ""英语启蒙""}]}, ""retext"": ""提高宝宝英语口语的启蒙动画""}",Y,Y,Y,
少儿,少儿236,multi_tab_search,汪汪队小砾工程队不用VIP中文版的,educ_search,"{""query"": {""and"": [{""or"": [{""field"": ""title"", ""value"": ""汪汪队""}, {""field"": ""title"", ""value"": ""小砾与工程家族""}]}, {""field"": ""language"", ""value"": ""国语版""}, {""field"": ""is_fee"", ""value"": 0}]}, ""retext"": ""汪汪队小砾与工程家族免费国语版的""}",educ_search,"{""query"": {""and"": [{""or"": [{""field"": ""title"", ""value"": ""汪汪队""}, {""field"": ""title"", ""value"": ""小砾与工程家族""}]}, {""field"": ""language"", ""value"": ""国语版""}, {""field"": ""is_fee"", ""value"": 0}]}, ""retext"": ""汪汪队小砾与工程家族免费国语版的""}",Y,Y,Y,
少儿,少儿241,multi_tab_search,我们要看小魔仙,educ_search,"{""query"": {""field"": ""title"", ""value"": ""巴啦啦小魔仙""}, ""retext"": ""我们要看小魔仙""}",educ_search,"{""query"": {""field"": ""title"", ""value"": ""巴啦啦小魔仙""}, ""retext"": ""我们要看小魔仙""}",Y,Y,Y,
少儿,少儿244,multi_tab_search,我想看僵小鱼,educ_search,"{""query"": {""or"": [{""field"": ""role"", ""value"": ""僵小鱼""}, {""field"": ""title"", ""value"": ""僵小鱼""}]}, ""retext"": ""我想看僵小鱼""}",educ_search,"{""query"": {""or"": [{""field"": ""role"", ""value"": ""僵小鱼""}, {""field"": ""title"", ""value"": ""僵小鱼""}]}, ""retext"": ""我想看僵小鱼""}",Y,Y,Y,
少儿,少儿242,multi_tab_search,我想看大卫不可以的故事,educ_search,"{""query"": {""and"": [{""field"": ""title"", ""value"": ""大卫不可以""}, {""field"": ""children_second_genre"", ""value"": ""故事""}]}, ""retext"": ""我想看大卫不可以的故事""}",educ_search,"{""query"": {""and"": [{""field"": ""title"", ""value"": ""大卫不可以""}, {""field"": ""children_second_genre"", ""value"": ""故事""}]}, ""retext"": ""我想看大卫不可以的故事""}",Y,Y,Y,
少儿,少儿245,multi_tab_search,我想看今年新出的动画片,educ_search_all,"{""query"": {""and"": [{""field"": ""content_type"", ""value"": ""动画""}, {""field"": ""release_time"", ""from"": ""20260101"", ""to"": ""20261231""}]}, ""retext"": ""我想看今年新出的动画片""}",educ_search_all,"{""query"": {""and"": [{""field"": ""content_type"", ""value"": ""动画""}, {""field"": ""release_time"", ""from"": ""20260101"", ""to"": ""20261231""}]}, ""retext"": ""我想看今年新出的动画片""}",Y,Y,Y,
少儿,少儿243,multi_tab_search,我想看第三集的汪汪队免费的,educ_search,"{""query"": {""and"": [{""field"": ""title"", ""value"": ""汪汪队""}, {""field"": ""is_fee"", ""value"": 0}]}, ""retext"": ""我想看第三集的汪汪队免费的""}",educ_search,"{""query"": {""and"": [{""field"": ""title"", ""value"": ""汪汪队""}, {""field"": ""is_fee"", ""value"": 0}]}, ""retext"": ""我想看第三集的汪汪队免费的""}",Y,Y,Y,
少儿,少儿238,multi_tab_search,为我搜索大鱼海棠,educ_search,"{""query"": {""field"": ""title"", ""value"": ""大鱼海棠""}, ""retext"": ""为我搜索大鱼海棠""}",vod_search,"{""action"": ""search"", ""query"": {""field"": ""title"", ""value"": ""大鱼海棠""}, ""retext"": ""为我搜索大鱼海棠""}",N,N,N,"action: gold= pred=""search"""
少儿,少儿248,multi_tab_search,我想看免费的有天才威的熊出没,educ_search,"{""query"": {""and"": [{""or"": [{""field"": ""role"", ""value"": ""天才威""}, {""field"": ""title"", ""value"": ""天才威""}, {""field"": ""title"", ""value"": ""熊出没""}]}, {""field"": ""is_fee"", ""value"": 0}]}, ""retext"": ""我想看免费的有天才威的熊出没""}",educ_search,"{""query"": {""and"": [{""or"": [{""field"": ""role"", ""value"": ""天才威""}, {""field"": ""title"", ""value"": ""天才威""}, {""field"": ""title"", ""value"": ""熊出没""}]}, {""field"": ""is_fee"", ""value"": 0}]}, ""retext"": ""我想看免费的有天才威的熊出没""}",Y,Y,Y,
少儿,少儿237,multi_tab_search,为我播放刺猬索尼克,educ_search,"{""query"": {""field"": ""title"", ""value"": ""刺猬索尼克""}, ""retext"": ""为我播放刺猬索尼克""}",vod_search,"{""action"": ""play"", ""query"": {""field"": ""title"", ""value"": ""刺猬索尼克""}, ""retext"": ""为我播放刺猬索尼克""}",N,N,N,"action: gold= pred=""play"""
少儿,少儿246,multi_tab_search,我想看美国的超级英雄主题动画,educ_search_all,"{""query"": {""and"": [{""field"": ""title"", ""value"": ""超级英雄""}, {""field"": ""country"", ""value"": ""美国""}, {""field"": ""content_type"", ""value"": ""动画""}]}, ""retext"": ""我想看美国的超级英雄主题动画""}",educ_search_all,"{""query"": {""and"": [{""field"": ""title"", ""value"": ""超级英雄""}, {""field"": ""country"", ""value"": ""美国""}, {""field"": ""content_type"", ""value"": ""动画""}]}, ""retext"": ""我想看美国的超级英雄主题动画""}",Y,Y,Y,
少儿,少儿249,multi_tab_search,我想看正版奶龙,educ_search,"{""query"": {""field"": ""title"", ""value"": ""奶龙""}, ""retext"": ""我想看正版奶龙""}",educ_search,"{""query"": {""field"": ""title"", ""value"": ""奶龙""}, ""retext"": ""我想看正版奶龙""}",Y,Y,Y,
少儿,少儿247,multi_tab_search,我想看免费版的汪汪队第2集,educ_search,"{""query"": {""and"": [{""field"": ""title"", ""value"": ""汪汪队""}, {""field"": ""is_fee"", ""value"": 0}]}, ""retext"": ""我想看免费版的汪汪队第2集""}",educ_search,"{""query"": {""and"": [{""field"": ""title"", ""value"": ""汪汪队""}, {""field"": ""is_fee"", ""value"": 0}]}, ""retext"": ""我想看免费版的汪汪队第2集""}",Y,Y,Y,
少儿,少儿250,multi_tab_search,我想要看恐龙救援队,educ_search,"{""query"": {""field"": ""title"", ""value"": ""恐龙救援队""}, ""retext"": ""我想要看恐龙救援队""}",educ_search,"{""query"": {""field"": ""title"", ""value"": ""恐龙救援队""}, ""retext"": ""我想要看恐龙救援队""}",Y,Y,Y,
少儿,少儿222,multi_tab_search,搜索正式版的星卡梦少女视频,educ_search,"{""query"": {""field"": ""title"", ""value"": ""星卡梦少女""}, ""retext"": ""搜索正式版的星卡梦少女视频""}",vod_fuzzy_search,"{""query"": ""搜索正式版的星卡梦少女视频""}",N,N,N,"query: gold={""field"": ""title"", ""value"": ""星卡梦少女""} pred=""搜索正式版的星卡梦少女视频""; retext: gold=""搜索正式版的星卡梦少女视频"" pred="
少儿,少儿251,multi_tab_search,我要VIP的小猪佩奇,educ_search,"{""query"": {""and"": [{""field"": ""title"", ""value"": ""小猪佩奇""}, {""field"": ""is_fee"", ""value"": 1}]}, ""retext"": ""我要VIP的小猪佩奇""}",educ_search,"{""query"": {""and"": [{""field"": ""title"", ""value"": ""小猪佩奇""}, {""field"": ""is_fee"", ""value"": 1}]}, ""retext"": ""我要VIP的小猪佩奇""}",Y,Y,Y,
少儿,少儿235,educ_relate_recommend,推荐与小品一家人类似题材的少儿视频,educ_relate_recommend,"{""query"": {""field"": ""title"", ""value"": ""小品一家人""}}",educ_relate_recommend,"{""query"": {""field"": ""title"", ""value"": ""小品一家人""}}",Y,Y,Y,
少儿,少儿256,confirm_vague_search,我要看和医生有关的动画片,educ_fuzzy_search,"{""query"": ""我要看和医生有关的动画片""}",educ_fuzzy_search,"{""query"": ""我要看和医生有关的动画片""}",Y,Y,Y,
少儿,少儿257,educ_vague_search,我要看绘本故事,educ_fuzzy_search,"{""query"": ""我要看绘本故事""}",educ_fuzzy_search,"{""query"": ""我要看绘本故事""}",Y,Y,Y,
少儿,少儿258,multi_tab_search,我要看间谍过家家普通话第一季,educ_search,"{""query"": {""and"": [{""field"": ""title"", ""value"": ""间谍过家家""}, {""field"": ""language"", ""value"": ""普通话""}]}, ""retext"": ""我要看间谍过家家普通话第一季""}",vod_search_all,"{""action"": ""play"", ""query"": {""and"": [{""field"": ""series"", ""value"": 1}, {""field"": ""language"", ""value"": ""普通话""}]}, ""retext"": ""我要看间谍过家家普通话第一季""}",N,N,N,"action: gold= pred=""play""; query: gold={""and"": [{""field"": ""language"", ""value"": ""普通话""}, {""field"": ""title"", ""value"": ""间谍过家家""}]} pred={""and"": [{""field"": ""language"", ""value"": ""普通话""}, {""field"": ""series"", ""value"": 1}]}"
少儿,少儿254,multi_tab_search,我要看哆啦A梦日文版,educ_search,"{""query"": {""and"": [{""field"": ""title"", ""value"": ""哆啦a梦""}, {""field"": ""language"", ""value"": ""日语版""}]}, ""retext"": ""我要看哆啦a梦日语版""}",educ_search,"{""query"": {""and"": [{""field"": ""title"", ""value"": ""哆啦a梦""}, {""field"": ""language"", ""value"": ""日语版""}]}, ""retext"": ""我要看哆啦a梦日语版""}",Y,Y,Y,
少儿,少儿252,multi_tab_search,我要看宝宝巴士,educ_search,"{""query"": {""field"": ""title"", ""value"": ""宝宝巴士""}, ""retext"": ""我要看宝宝巴士""}",educ_search,"{""query"": {""field"": ""title"", ""value"": ""宝宝巴士""}, ""retext"": ""我要看宝宝巴士""}",Y,Y,Y,
少儿,少儿255,multi_tab_search,我要看海底小纵队的第3分钟,educ_search,"{""query"": {""field"": ""title"", ""value"": ""海底小纵队""}, ""retext"": ""我要看海底小纵队的第3分钟""}",educ_search,"{""query"": {""field"": ""title"", ""value"": ""海底小纵队""}, ""retext"": ""我要看海底小纵队的第3分钟""}",Y,Y,Y,
少儿,少儿259,multi_tab_search,我要看美国的赛车总动员,educ_search_all,"{""query"": {""and"": [{""field"": ""title"", ""value"": ""赛车总动员""}, {""field"": ""country"", ""value"": ""美国""}]}, ""retext"": ""我要看美国的赛车总动员""}",vod_search_all,"{""action"": ""search"", ""query"": {""field"": ""area"", ""value"": ""美国""}, ""retext"": ""我要看美国的赛车总动员""}",N,N,N,"action: gold= pred=""search""; query: gold={""and"": [{""field"": ""country"", ""value"": ""美国""}, {""field"": ""title"", ""value"": ""赛车总动员""}]} pred={""field"": ""area"", ""value"": ""美国""}"
少儿,少儿264,multi_tab_search,我要看少儿免费的动画片大货车,educ_search,"{""query"": {""and"": [{""field"": ""content_type"", ""value"": ""动画""}, {""field"": ""is_fee"", ""value"": ""0""}, {""field"": ""title"", ""value"": ""大货车""}]}, ""retext"": ""我要看少儿免费的动画片大货车""}",educ_search,"{""query"": {""and"": [{""field"": ""content_type"", ""value"": ""动画""}, {""field"": ""is_fee"", ""value"": ""0""}, {""field"": ""title"", ""value"": ""大货车""}]}, ""retext"": ""我要看少儿免费的动画片大货车""}",Y,Y,Y,
少儿,少儿260,multi_tab_search,我要看免费的爆笑虫子动画片,educ_search,"{""query"": {""and"": [{""field"": ""title"", ""value"": ""爆笑虫子""}, {""field"": ""content_type"", ""value"": ""动画""}, {""field"": ""is_fee"", ""value"": 0}]}, ""retext"": ""我要看免费的爆笑虫子动画片""}",educ_search,"{""query"": {""and"": [{""field"": ""title"", ""value"": ""爆笑虫子""}, {""field"": ""content_type"", ""value"": ""动画""}, {""field"": ""is_fee"", ""value"": 0}]}, ""retext"": ""我要看免费的爆笑虫子动画片""}",Y,Y,Y,
少儿,少儿261,educ_keyword_search,我要看免费的父与子,educ_search,"{""query"": {""and"": [{""field"": ""title"", ""value"": ""父与子""}, {""field"": ""is_fee"", ""value"": 0}]}, ""retext"": ""我要看免费的父与子""}",vod_search,"{""action"": ""search"", ""query"": {""field"": ""is_fee"", ""value"": 0}, ""retext"": ""我要看免费的父与子""}",N,N,N,"action: gold= pred=""search""; query: gold={""and"": [{""field"": ""is_fee"", ""value"": 0}, {""field"": ""title"", ""value"": ""父与子""}]} pred={""field"": ""is_fee"", ""value"": 0}"
少儿,少儿263,multi_tab_search,我要看派大星秀第一季,educ_search,"{""query"": {""and"": [{""field"": ""title"", ""value"": ""派大星秀""}, {""field"": ""title"", ""value"": ""第一季""}]}, ""retext"": ""我要看派大星秀第一季""}",educ_search,"{""query"": {""and"": [{""field"": ""title"", ""value"": ""派大星秀""}, {""field"": ""title"", ""value"": ""第一季""}]}, ""retext"": ""我要看派大星秀第一季""}",Y,Y,Y,
少儿,少儿268,multi_tab_search,我要看兔子警官第2季,educ_search,"{""query"": {""and"": [{""or"": [{""field"": ""role"", ""value"": ""兔子警官""}, {""field"": ""title"", ""value"": ""兔子警官""}]}, {""field"": ""title"", ""value"": ""第2季""}]}, ""retext"": ""我要看兔子警官第2季""}",vod_search,"{""action"": ""play"", ""query"": {""field"": ""series"", ""value"": 2}, ""retext"": ""我要看兔子警官第2季""}",N,N,N,"action: gold= pred=""play""; query: gold={""and"": [{""field"": ""title"", ""value"": ""第2季""}, {""or"": [{""field"": ""role"", ""value"": ""兔子警官""}, {""field"": ""title"", ""value"": ""兔子警官""}]}]} pred={""field"": ""series"", ""value"": 2}"
少儿,少儿271,educ_history,我昨天看过的少儿视频,educ_history,"{""query"": {""field"": ""time"", ""from"": ""2026-08-23 00:00:00"", ""to"": ""2026-08-23 23:59:59""}}",educ_history,"{""query"": {""field"": ""time"", ""from"": ""2026-08-23 00:00:00"", ""to"": ""2026-08-23 23:59:59""}}",Y,Y,Y,
少儿,少儿272,confirm_vague_search,想看来自未来的机器猫，用口袋里的神奇道具帮大雄解决麻烦的动画片,educ_fuzzy_search,"{""query"": ""想看来自未来的机器猫，用口袋里的神奇道具帮大雄解决麻烦的动画片""}",educ_fuzzy_search,"{""query"": ""想看来自未来的机器猫，用口袋里的神奇道具帮大雄解决麻烦的动画片""}",Y,Y,Y,
少儿,少儿269,multi_tab_search,我要看小丸子,educ_search,"{""query"": {""or"": [{""field"": ""role"", ""value"": ""小丸子""}, {""field"": ""title"", ""value"": ""小丸子""}]}, ""retext"": ""我要看小丸子""}",educ_search,"{""query"": {""or"": [{""field"": ""role"", ""value"": ""小丸子""}, {""field"": ""title"", ""value"": ""小丸子""}]}, ""retext"": ""我要看小丸子""}",Y,Y,Y,
少儿,少儿262,multi_tab_search,我要看免费猪猪侠和超级飞侠的视频,educ_search,"{""query"": {""and"": [{""or"": [{""field"": ""role"", ""value"": ""猪猪侠""}, {""field"": ""title"", ""value"": ""猪猪侠""}, {""field"": ""title"", ""value"": ""超级飞侠""}]}, {""field"": ""is_fee"", ""value"": 0}]}, ""retext"": ""我要看免费猪猪侠和超级飞侠的视频""}",educ_search,"{""query"": {""and"": [{""or"": [{""field"": ""role"", ""value"": ""猪猪侠""}, {""field"": ""title"", ""value"": ""猪猪侠""}, {""field"": ""title"", ""value"": ""超级飞侠""}]}, {""field"": ""is_fee"", ""value"": 0}]}, ""retext"": ""我要看免费猪猪侠和超级飞侠的视频""}",Y,Y,Y,
少儿,少儿270,multi_tab_search,我要看樱桃小丸子日语版,educ_search,"{""query"": {""and"": [{""field"": ""title"", ""value"": ""樱桃小丸子""}, {""field"": ""language"", ""value"": ""日语版""}]}, ""retext"": ""我要看樱桃小丸子日语版""}",educ_search,"{""query"": {""and"": [{""field"": ""title"", ""value"": ""樱桃小丸子""}, {""field"": ""language"", ""value"": ""日语版""}]}, ""retext"": ""我要看樱桃小丸子日语版""}",Y,Y,Y,
少儿,少儿276,confirm_vague_search,"小时候看过的,有一个宝葫芦的动画片叫什么",educ_fuzzy_search,"{""query"": ""小时候看过的,有一个宝葫芦的动画片叫什么""}",educ_fuzzy_search,"{""query"": ""小时候看过的,有一个宝葫芦的动画片叫什么""}",Y,Y,Y,
少儿,少儿273,multi_tab_search,小聚小聚打开免费的动画片,educ_search,"{""query"": {""and"": [{""field"": ""content_type"", ""value"": ""动画""}, {""field"": ""is_fee"", ""value"": 0}]}, ""retext"": ""小聚小聚打开免费的动画片""}",educ_search,"{""query"": {""and"": [{""field"": ""content_type"", ""value"": ""动画""}, {""field"": ""is_fee"", ""value"": 0}]}, ""retext"": ""小聚小聚打开免费的动画片""}",Y,Y,Y,
少儿,少儿274,multi_tab_search,小聚小聚放一个亚刻奥特曼,educ_search,"{""query"": {""field"": ""title"", ""value"": ""亚刻奥特曼""}, ""retext"": ""小聚小聚放一个亚刻奥特曼""}",educ_search,"{""query"": {""field"": ""title"", ""value"": ""亚刻奥特曼""}, ""retext"": ""小聚小聚放一个亚刻奥特曼""}",Y,Y,Y,
少儿,少儿278,multi_tab_search,辛普森一家中文版,educ_search,"{""query"": {""and"": [{""field"": ""title"", ""value"": ""辛普森一家""}, {""field"": ""language"", ""value"": ""国语版""}]}, ""retext"": ""辛普森一家国语版""}",vod_search_all,"{""action"": ""search"", ""query"": {""field"": ""language"", ""value"": ""普通话""}, ""retext"": ""辛普森一家中文版""}",N,N,N,"action: gold= pred=""search""; query: gold={""and"": [{""field"": ""language"", ""value"": ""国语版""}, {""field"": ""title"", ""value"": ""辛普森一家""}]} pred={""field"": ""language"", ""value"": ""普通话""}; retext: gold=""辛普森一家国语版"" pred=""辛普森一家中文版"""
少儿,少儿275,multi_tab_search,小聚小聚我要看萌鸡小队第6集,educ_search,"{""query"": {""field"": ""title"", ""value"": ""萌鸡小队""}, ""retext"": ""小聚小聚我要看萌鸡小队第6集""}",educ_search,"{""query"": {""field"": ""title"", ""value"": ""萌鸡小队""}, ""retext"": ""小聚小聚我要看萌鸡小队第6集""}",Y,Y,Y,
少儿,少儿282,multitab_history,一周内看过的所有动画,educ_history,"{""query"": {""field"": ""time"", ""from"": ""2026-08-18 00:00:00"", ""to"": ""2026-08-24 23:59:29""}}",educ_history,"{""query"": {""field"": ""time"", ""from"": ""2026-08-18 00:00:00"", ""to"": ""2026-08-24 23:59:29""}}",Y,Y,Y,
少儿,少儿279,multi_tab_search,演免费的小小工程车,educ_search,"{""query"": {""and"": [{""field"": ""title"", ""value"": ""小小工程车""}, {""field"": ""is_fee"", ""value"": 0}]}, ""retext"": ""演免费的小小工程车""}",educ_search,"{""query"": {""and"": [{""field"": ""title"", ""value"": ""小小工程车""}, {""field"": ""is_fee"", ""value"": 0}]}, ""retext"": ""演免费的小小工程车""}",Y,Y,Y,
少儿,少儿277,multi_tab_search,小猪佩奇第6集播放,educ_search,"{""query"": {""field"": ""title"", ""value"": ""小猪佩奇""}, ""retext"": ""小猪佩奇第6集播放""}",educ_search,"{""query"": {""field"": ""title"", ""value"": ""小猪佩奇""}, ""retext"": ""小猪佩奇第6集播放""}",Y,Y,Y,
少儿,少儿283,confirm_vague_search,有几只小猪踩泥坑，这是哪个动画片,educ_fuzzy_search,"{""query"": ""有几只小猪踩泥坑，这是哪个动画片""}",educ_fuzzy_search,"{""query"": ""有几只小猪踩泥坑，这是哪个动画片""}",Y,Y,Y,
少儿,少儿281,multi_tab_search,英语启蒙动画片,educ_search_all,"{""query"": {""and"": [{""field"": ""training_objectives"", ""value"": ""英语启蒙""}, {""field"": ""content_type"", ""value"": ""动画""}]}, ""retext"": ""英语启蒙动画片""}",educ_search_all,"{""query"": {""and"": [{""field"": ""training_objectives"", ""value"": ""英语启蒙""}, {""field"": ""content_type"", ""value"": ""动画""}]}, ""retext"": ""英语启蒙动画片""}",Y,Y,Y,
少儿,少儿280,multi_tab_search,英语动画,educ_search,"{""query"": {""and"": [{""field"": ""content_type"", ""value"": ""动画""}, {""or"": [{""field"": ""language"", ""value"": ""英语""}, {""field"": ""children_second_genre"", ""value"": ""英语""}]}]}, ""retext"": ""英语动画""}",educ_search,"{""query"": {""and"": [{""or"": [{""field"": ""language"", ""value"": ""英语""}, {""field"": ""children_second_genre"", ""value"": ""英语""}]}, {""field"": ""content_type"", ""value"": ""动画""}]}, ""retext"": ""英语动画""}",Y,Y,Y,
少儿,少儿285,confirm_vague_search,有没有两只熊和一个伐木工，天天在森林里搞笑打闹的动画片,educ_fuzzy_search,"{""query"": ""有没有两只熊和一个伐木工，天天在森林里搞笑打闹的动画片""}",educ_fuzzy_search,"{""query"": ""有没有两只熊和一个伐木工，天天在森林里搞笑打闹的动画片""}",Y,Y,Y,
少儿,少儿287,confirm_vague_search,有没有描写友情互助的动画作品,educ_fuzzy_search,"{""query"": ""有没有描写友情互助的动画作品""}",educ_fuzzy_search,"{""query"": ""有没有描写友情互助的动画作品""}",Y,Y,Y,
少儿,少儿286,multi_tab_search,有没有美国的 3D 动画电影,educ_search_all,"{""query"": {""and"": [{""field"": ""country"", ""value"": ""美国""}, {""field"": ""children_second_genre"", ""value"": ""动画电影""}]}, ""retext"": ""有没有美国的 3D 动画电影""}",educ_search_all,"{""query"": {""and"": [{""field"": ""country"", ""value"": ""美国""}, {""field"": ""children_second_genre"", ""value"": ""动画电影""}]}, ""retext"": ""有没有美国的 3D 动画电影""}",Y,Y,Y,
少儿,少儿288,multi_tab_search,有没有欧美动漫,educ_search_all,"{""query"": {""and"": [{""field"": ""country"", ""value"": ""欧美""}, {""field"": ""children_second_genre"", ""value"": ""动漫""}]}, ""retext"": ""有没有欧美动漫""}",educ_search_all,"{""query"": {""and"": [{""field"": ""country"", ""value"": ""欧美""}, {""field"": ""children_second_genre"", ""value"": ""动漫""}]}, ""retext"": ""有没有欧美动漫""}",Y,Y,Y,
少儿,少儿289,confirm_vague_search,有没有亲子温情的动画视频,educ_fuzzy_search,"{""query"": ""有没有亲子温情的动画视频""}",educ_fuzzy_search,"{""query"": ""有没有亲子温情的动画视频""}",Y,Y,Y,
少儿,少儿292,educ_relate_recommend,有没有像小猪佩奇那样语速慢的英文动画,educ_relate_recommend,"{""query"": {""and"": [{""field"": ""title"", ""value"": ""小猪佩奇""}, {""field"": ""content_type"", ""value"": ""动画""}, {""field"": ""language"", ""value"": ""英文""}]}}",educ_relate_recommend,"{""query"": {""and"": [{""field"": ""title"", ""value"": ""小猪佩奇""}, {""field"": ""content_type"", ""value"": ""动画""}, {""field"": ""language"", ""value"": ""英文""}]}}",Y,Y,Y,
少儿,少儿293,educ_keyword_search,有哪些绘本适合情绪管理？,educ_search_all,,educ_search_all,"{""retext"": """"}",Y,Y,Y,
少儿,少儿290,multi_tab_search,有没有什么好看的动漫,educ_search,"{""query"": {""field"": ""children_second_genre"", ""value"": ""动漫""}, ""retext"": ""有没有什么好看的动漫""}",educ_search,"{""query"": {""field"": ""children_second_genre"", ""value"": ""动漫""}, ""retext"": ""有没有什么好看的动漫""}",Y,Y,Y,
少儿,少儿253,multi_tab_search,我要看大神侦探诸葛99,educ_search,"{""query"": {""field"": ""title"", ""value"": ""大神探诸葛九九""}, ""retext"": ""我要看大神侦探诸葛99""}",vod_fuzzy_search,"{""query"": ""我要看大神侦探诸葛99""}",N,N,N,"query: gold={""field"": ""title"", ""value"": ""大神探诸葛九九""} pred=""我要看大神侦探诸葛99""; retext: gold=""我要看大神侦探诸葛99"" pred="
少儿,少儿294,multi_tab_search,有什么推荐的动漫,educ_search,"{""query"": {""field"": ""children_second_genre"", ""value"": ""动漫""}, ""retext"": ""有什么推荐的动漫""}",educ_search,"{""query"": {""field"": ""children_second_genre"", ""value"": ""动漫""}, ""retext"": ""有什么推荐的动漫""}",Y,Y,Y,
少儿,少儿302,educ_vague_search_personalized_recommend,找符合孩子爱好的少儿启蒙内容推荐给我,educ_fuzzy_search,"{""query"": ""找符合孩子爱好的少儿启蒙内容推荐给我""}",educ_fuzzy_search,"{""query"": ""找符合孩子爱好的少儿启蒙内容推荐给我""}",Y,Y,Y,
少儿,少儿295,multi_tab_search,云视听小电视最火的动漫,educ_search,"{""query"": {""field"": ""children_second_genre"", ""value"": ""动漫""}, ""retext"": ""云视听小电视最火的动漫""}",educ_search,"{""query"": {""field"": ""children_second_genre"", ""value"": ""动漫""}, ""retext"": ""云视听小电视最火的动漫""}",Y,Y,Y,
少儿,少儿300,multi_tab_search,找当前最火几部动漫电影,educ_search,"{""query"": {""and"": [{""field"": ""children_second_genre"", ""value"": ""电影""}, {""field"": ""children_second_genre"", ""value"": ""动漫""}]}, ""retext"": ""找当前最火几部动漫电影""}",educ_search,"{""query"": {""and"": [{""field"": ""children_second_genre"", ""value"": ""动漫""}, {""field"": ""children_second_genre"", ""value"": ""电影""}]}, ""retext"": ""找当前最火几部动漫电影""}",Y,Y,Y,
少儿,少儿297,multi_tab_search,在哔哩哔哩里面看开心锤锤,educ_search,"{""query"": {""field"": ""title"", ""value"": ""开心锤锤""}, ""retext"": ""在哔哩哔哩里面看开心锤锤""}",educ_search,"{""query"": {""field"": ""title"", ""value"": ""开心锤锤""}, ""retext"": ""在哔哩哔哩里面看开心锤锤""}",Y,Y,Y,
少儿,少儿303,educ_vague_search_personalized_recommend,找几部精准我的喜好的少儿作品,educ_fuzzy_search,"{""query"": ""找几部精准我的喜好的少儿作品""}",educ_fuzzy_search,"{""query"": ""找几部精准我的喜好的少儿作品""}",Y,Y,Y,
少儿,少儿299,multi_tab_search,咱们裸熊第二季,educ_search,"{""query"": {""and"": [{""field"": ""title"", ""value"": ""咱们裸熊""}, {""field"": ""title"", ""value"": ""第二季""}]}, ""retext"": ""咱们裸熊第二季""}",educ_search,"{""query"": {""and"": [{""field"": ""title"", ""value"": ""咱们裸熊""}, {""field"": ""title"", ""value"": ""第二季""}]}, ""retext"": ""咱们裸熊第二季""}",Y,Y,Y,
少儿,少儿296,multi_tab_search,在哔哩哔哩里面看开心锤锤,educ_search,"{""query"": {""field"": ""title"", ""value"": ""开心锤锤""}, ""retext"": ""在哔哩哔哩里面看开心锤锤""}",educ_search,"{""query"": {""field"": ""title"", ""value"": ""开心锤锤""}, ""retext"": ""在哔哩哔哩里面看开心锤锤""}",Y,Y,Y,
少儿,少儿298,educ_keyword_search,早教启蒙,educ_search,"{""query"": {""field"": ""children_second_genre"", ""value"": ""早教""}, ""retext"": ""早教启蒙""}",educ_search,"{""query"": {""field"": ""children_second_genre"", ""value"": ""早教""}, ""retext"": ""早教启蒙""}",Y,Y,Y,
少儿,少儿305,confirm_vague_search,找兔子警官和狐狸一起在动物城市里查案，打破大家偏见的动画片,educ_fuzzy_search,"{""query"": ""找兔子警官和狐狸一起在动物城市里查案，打破大家偏见的动画片""}",educ_fuzzy_search,"{""query"": ""找兔子警官和狐狸一起在动物城市里查案，打破大家偏见的动画片""}",Y,Y,Y,
少儿,少儿265,multi_tab_search,我要看鲨鱼一家视频,educ_search,"{""query"": {""field"": ""title"", ""value"": ""鲨鱼一家""}, ""retext"": ""我要看鲨鱼一家视频""}",vod_fuzzy_search,"{""query"": ""我要看鲨鱼一家视频""}",N,N,N,"query: gold={""field"": ""title"", ""value"": ""鲨鱼一家""} pred=""我要看鲨鱼一家视频""; retext: gold=""我要看鲨鱼一家视频"" pred="
少儿,少儿301,multi_tab_search,找到免费阿奇幼幼园动画片免费的,educ_search,"{""query"": {""and"": [{""field"": ""title"", ""value"": ""阿奇幼幼园""}, {""field"": ""content_type"", ""value"": ""动画""}, {""field"": ""is_fee"", ""value"": 0}]}, ""retext"": ""找到免费阿奇幼幼园动画片免费的""}",educ_search,"{""query"": {""and"": [{""field"": ""title"", ""value"": ""阿奇幼幼园""}, {""field"": ""content_type"", ""value"": ""动画""}, {""field"": ""is_fee"", ""value"": 0}]}, ""retext"": ""找到免费阿奇幼幼园动画片免费的""}",Y,Y,Y,
少儿,少儿266,multi_tab_search,我要看所有非人哉,educ_search,"{""query"": {""field"": ""title"", ""value"": ""非人哉""}, ""retext"": ""我要看所有非人哉""}",vod_fuzzy_search,"{""query"": ""我要看所有非人哉""}",N,N,N,"query: gold={""field"": ""title"", ""value"": ""非人哉""} pred=""我要看所有非人哉""; retext: gold=""我要看所有非人哉"" pred="
少儿,少儿307,confirm_vague_search,这句台词“在学校里总能遇到新鲜事！”是哪个动画片的,educ_fuzzy_search,"{""query"": ""这句台词“在学校里总能遇到新鲜事！”是哪个动画片的""}",educ_fuzzy_search,"{""query"": ""这句台词“在学校里总能遇到新鲜事！”是哪个动画片的""}",Y,Y,Y,
少儿,少儿304,multi_tab_search,找机甲主题的卡通给孩子看,educ_search,"{""query"": {""and"": [{""field"": ""children_third_genre"", ""value"": ""机甲""}, {""field"": ""content_type"", ""value"": ""卡通""}]}, ""retext"": ""找机甲主题的卡通给孩子看""}",educ_search,"{""query"": {""and"": [{""field"": ""content_type"", ""value"": ""卡通""}, {""field"": ""children_third_genre"", ""value"": ""机甲""}]}, ""retext"": ""找机甲主题的卡通给孩子看""}",Y,Y,Y,
少儿,少儿306,multi_tab_search,找一些日本的悬疑推理动漫,educ_search_all,"{""query"": {""and"": [{""field"": ""children_third_genre"", ""value"": ""推理""}, {""field"": ""children_third_genre"", ""value"": ""悬疑""}, {""field"": ""country"", ""value"": ""日本""}, {""field"": ""children_second_genre"", ""value"": ""动漫""}]}, ""retext"": ""找一些日本的悬疑推理动漫""}",educ_search_all,"{""query"": {""and"": [{""field"": ""country"", ""value"": ""日本""}, {""field"": ""children_second_genre"", ""value"": ""动漫""}, {""field"": ""children_third_genre"", ""value"": ""推理""}, {""field"": ""children_third_genre"", ""value"": ""悬疑""}]}, ""retext"": ""找一些日本的悬疑推理动漫""}",Y,Y,Y,
少儿,少儿267,multi_tab_search,我要看土豆逗严肃科普,educ_search,"{""query"": {""field"": ""title"", ""value"": ""土豆逗严肃科普""}, ""retext"": ""我要看土豆逗严肃科普""}",vod_fuzzy_search,"{""query"": ""我要看土豆逗严肃科普""}",N,N,N,"query: gold={""field"": ""title"", ""value"": ""土豆逗严肃科普""} pred=""我要看土豆逗严肃科普""; retext: gold=""我要看土豆逗严肃科普"" pred="
少儿,少儿309,multi_tab_search,玄机动画出品的动漫,educ_search_all,"{""query"": {""and"": [{""field"": ""company"", ""value"": ""玄机动画""}, {""field"": ""children_second_genre"", ""value"": ""动漫""}]}, ""retext"": ""玄机动画出品的动漫""}",educ_search_all,"{""query"": {""and"": [{""field"": ""company"", ""value"": ""玄机动画""}, {""field"": ""children_second_genre"", ""value"": ""动漫""}]}, ""retext"": ""玄机动画出品的动漫""}",Y,Y,Y,
少儿,少儿308,multi_tab_search,直接播放炫卡斗士,educ_search,"{""query"": {""field"": ""title"", ""value"": ""炫卡斗士""}, ""retext"": ""直接播放炫卡斗士""}",educ_search,"{""query"": {""field"": ""title"", ""value"": ""炫卡斗士""}, ""retext"": ""直接播放炫卡斗士""}",Y,Y,Y,
少儿,少儿314,confirm_vague_search,“超级飞侠，出发！”的动画电影,educ_fuzzy_search,"{""query"": ""“超级飞侠，出发！”的动画电影""}",educ_fuzzy_search,"{""query"": ""“超级飞侠，出发！”的动画电影""}",Y,Y,Y,
少儿,少儿313,confirm_vague_search,“变身！小小科学家”的动画片,educ_fuzzy_search,"{""query"": ""“变身！小小科学家”的动画片""}",educ_fuzzy_search,"{""query"": ""“变身！小小科学家”的动画片""}",Y,Y,Y,
少儿,少儿312,multi_tab_search,最近几年国产动画电影,educ_search_all,"{""query"": {""and"": [{""field"": ""country"", ""value"": ""中国""}, {""field"": ""release_time"", ""from"": ""20240101"", ""to"": ""20261231""}, {""field"": ""children_second_genre"", ""value"": ""动画电影""}]}, ""retext"": ""最近几年国产动画电影""}",educ_search_all,"{""query"": {""and"": [{""field"": ""release_time"", ""from"": ""20240101"", ""to"": ""20261231""}, {""field"": ""country"", ""value"": ""中国""}, {""field"": ""children_second_genre"", ""value"": ""动画电影""}]}, ""retext"": ""最近几年国产动画电影""}",Y,Y,Y,
少儿,少儿310,multi_tab_search,中央14台的动画片,educ_search,"{""query"": {""field"": ""content_type"", ""value"": ""动画""}, ""retext"": ""中央14台的动画片""}",educ_search,"{""query"": {""field"": ""content_type"", ""value"": ""动画""}, ""retext"": ""中央14台的动画片""}",Y,Y,Y,
少儿,少儿315,educ_vague_search,“大卫，你太淘气了！”是哪个绘本的台词,educ_fuzzy_search,"{""query"": ""“大卫，你太淘气了！”是哪个绘本的台词""}",educ_fuzzy_search,"{""query"": ""“大卫，你太淘气了！”是哪个绘本的台词""}",Y,Y,Y,
少儿,少儿317,educ_vague_search,“你的愿望就是我的命令。”的绘本是哪个,educ_fuzzy_search,"{""query"": ""“你的愿望就是我的命令。”的绘本是哪个""}",educ_fuzzy_search,"{""query"": ""“你的愿望就是我的命令。”的绘本是哪个""}",Y,Y,Y,
少儿,少儿311,multi_tab_search,最近很火的动画,educ_search,"{""query"": {""field"": ""content_type"", ""value"": ""动画""}, ""retext"": ""最近很火的动画""}",educ_search,"{""query"": {""field"": ""content_type"", ""value"": ""动画""}, ""retext"": ""最近很火的动画""}",Y,Y,Y,
少儿,少儿318,confirm_vague_search,“我是乐迪！每时每刻，准时送达！”的动画片是哪个,educ_fuzzy_search,"{""query"": ""“我是乐迪！每时每刻，准时送达！”的动画片是哪个""}",educ_fuzzy_search,"{""query"": ""“我是乐迪！每时每刻，准时送达！”的动画片是哪个""}",Y,Y,Y,
少儿,少儿320,confirm_vague_search,“真相只有一个！”是哪部动漫的经典台词,educ_fuzzy_search,"{""query"": ""“真相只有一个！”是哪部动漫的经典台词""}",educ_fuzzy_search,"{""query"": ""“真相只有一个！”是哪部动漫的经典台词""}",Y,Y,Y,
少儿,少儿321,confirm_vague_search,“知识就是力量”是哪个绘本里的,educ_fuzzy_search,"{""query"": ""“知识就是力量”是哪个绘本里的""}",educ_fuzzy_search,"{""query"": ""“知识就是力量”是哪个绘本里的""}",Y,Y,Y,
少儿,少儿284,multi_tab_search,有没有超能一家人幕后花絮,educ_search,"{""query"": {""field"": ""title"", ""value"": ""超能一家人""}, ""retext"": ""有没有超能一家人幕后花絮""}",vod_fuzzy_search,"{""query"": ""有没有超能一家人幕后花絮""}",N,N,N,"query: gold={""field"": ""title"", ""value"": ""超能一家人""} pred=""有没有超能一家人幕后花絮""; retext: gold=""有没有超能一家人幕后花絮"" pred="
少儿,少儿322,,9到10岁的免费绘本,educ_search,"{""query"": {""and"": [{""field"": ""children_second_genre"", ""value"": ""绘本""}, {""field"": ""age_range"", ""from"": 9, ""to"": 10}, {""field"": ""is_fee"", ""value"": 0}]}, ""retext"": ""9到10岁的免费绘本""}",educ_search,"{""query"": {""and"": [{""field"": ""children_second_genre"", ""value"": ""绘本""}, {""field"": ""age_range"", ""from"": 9, ""to"": 10}, {""field"": ""is_fee"", ""value"": 0}]}, ""retext"": ""9到10岁的免费绘本""}",Y,Y,Y,
少儿,少儿323,,大卫不可以的绘本,educ_search,"{""query"": {""and"": [{""field"": ""title"", ""value"": ""大卫不可以""}, {""field"": ""children_second_genre"", ""value"": ""绘本""}]}, ""retext"": ""大卫不可以的绘本""}",educ_search,"{""query"": {""and"": [{""field"": ""title"", ""value"": ""大卫不可以""}, {""field"": ""children_second_genre"", ""value"": ""绘本""}]}, ""retext"": ""大卫不可以的绘本""}",Y,Y,Y,
少儿,少儿324,,给我放一下读绘本,educ_search,"{""query"": {""field"": ""children_second_genre"", ""value"": ""绘本""}, ""retext"": ""给我放一下读绘本""}",educ_search,"{""query"": {""field"": ""children_second_genre"", ""value"": ""绘本""}, ""retext"": ""给我放一下读绘本""}",Y,Y,Y,
少儿,少儿325,,播放大卫惹麻烦,educ_search,"{""query"": {""field"": ""title"", ""value"": ""大卫惹麻烦""}, ""retext"": ""播放大卫惹麻烦""}",educ_search,"{""query"": {""field"": ""title"", ""value"": ""大卫惹麻烦""}, ""retext"": ""播放大卫惹麻烦""}",Y,Y,Y,
少儿,少儿326,,给我讲丑小鸭的故事,educ_search,"{""query"": {""and"": [{""field"": ""title"", ""value"": ""丑小鸭""}, {""field"": ""children_second_genre"", ""value"": ""故事""}]}, ""retext"": ""给我讲丑小鸭的故事""}",educ_search,"{""query"": {""and"": [{""field"": ""title"", ""value"": ""丑小鸭""}, {""field"": ""children_second_genre"", ""value"": ""故事""}]}, ""retext"": ""给我讲丑小鸭的故事""}",Y,Y,Y,
少儿,少儿327,,直接播放成语故事免费,educ_search,"{""query"": {""and"": [{""field"": ""title"", ""value"": ""成语故事""}, {""field"": ""is_fee"", ""value"": 0}]}, ""retext"": ""直接播放成语故事免费""}",educ_search,"{""query"": {""and"": [{""field"": ""title"", ""value"": ""成语故事""}, {""field"": ""is_fee"", ""value"": 0}]}, ""retext"": ""直接播放成语故事免费""}",Y,Y,Y,
少儿,少儿328,,找一下科普海洋知识的儿童绘本,educ_search,"{""query"": {""and"": [{""field"": ""title"", ""value"": ""海洋知识""}, {""field"": ""children_second_genre"", ""value"": ""科普""}, {""field"": ""children_second_genre"", ""value"": ""绘本""}]}, ""retext"": ""搜索科普海洋知识的儿童绘本""}",educ_search,"{""query"": {""and"": [{""field"": ""title"", ""value"": ""海洋知识""}, {""field"": ""children_second_genre"", ""value"": ""科普""}, {""field"": ""children_second_genre"", ""value"": ""绘本""}]}, ""retext"": ""搜索科普海洋知识的儿童绘本""}",Y,Y,Y,
少儿,少儿291,educ_keyword_search,有没有苏菲亚快乐生活的内容,educ_search,"{""query"": {""field"": ""title"", ""value"": ""苏菲亚快乐生活""}, ""retext"": ""有没有苏菲亚快乐生活的内容""}",vod_fuzzy_search,"{""query"": ""苏菲亚快乐生活""}",N,N,N,"query: gold={""field"": ""title"", ""value"": ""苏菲亚快乐生活""} pred=""苏菲亚快乐生活""; retext: gold=""有没有苏菲亚快乐生活的内容"" pred="
少儿,少儿316,confirm_vague_search,“海底报告，海底报告”是哪部动画,educ_fuzzy_search,"{""query"": ""“海底报告，海底报告”是哪部动画""}",vod_fuzzy_search,"{""query"": ""“海底报告，海底报告”是哪部动画""}",N,Y,N,
少儿,少儿319,confirm_vague_search,“我是佩奇，这是我的弟弟乔治” 来自哪部动画,educ_fuzzy_search,"{""query"": ""“我是佩奇，这是我的弟弟乔治” 来自哪部动画""}",vod_fuzzy_search,"{""query"": ""我是佩奇，这是我的弟弟乔治 来自哪部动画""}",N,N,N,"query: gold=""“我是佩奇，这是我的弟弟乔治” 来自哪部动画"" pred=""我是佩奇，这是我的弟弟乔治 来自哪部动画"""
