域,row,intent,query,gold_tool,gold_params,pred_tool,pred_params,tool_ok,param_ok,both_ok,param_diff
影视,影视2,vod_keyword_search,播放大生意人,vod_search,"{""action"": ""play"", ""query"": {""field"": ""title"", ""value"": ""大生意人""}, ""retext"": ""播放大生意人""}",vod_search,"{""action"": ""play"", ""query"": {""field"": ""title"", ""value"": ""大生意人""}, ""retext"": ""播放大生意人""}",Y,Y,Y,
影视,影视3,vod_keyword_search,给我放战狼2,vod_search,"{""action"": ""play"", ""query"": {""and"": [{""field"": ""title"", ""value"": ""战狼""}, {""field"": ""series"", ""value"": 2}]}, ""retext"": ""给我放战狼2""}",vod_search,"{""action"": ""play"", ""query"": {""and"": [{""field"": ""title"", ""value"": ""战狼""}, {""field"": ""series"", ""value"": 2}]}, ""retext"": ""给我放战狼2""}",Y,Y,Y,
影视,影视4,vod_keyword_search,放第1集哑巴新娘,vod_search,"{""action"": ""play"", ""query"": {""and"": [{""field"": ""title"", ""value"": ""哑巴新娘""}, {""field"": ""video_index"", ""value"": 1}]}, ""retext"": ""放第1集哑巴新娘""}",vod_search,"{""action"": ""play"", ""query"": {""and"": [{""field"": ""title"", ""value"": ""哑巴新娘""}, {""field"": ""video_index"", ""value"": 1}]}, ""retext"": ""放第1集哑巴新娘""}",Y,Y,Y,
影视,影视6,vod_keyword_search,我要看海王第55分钟,vod_search,"{""action"": ""play"", ""query"": {""and"": [{""field"": ""title"", ""value"": ""海王""}, {""field"": ""voiceStartPos"", ""value"": 3300}]}, ""retext"": ""我要看海王第55分钟""}",vod_search,"{""action"": ""play"", ""query"": {""and"": [{""field"": ""title"", ""value"": ""海王""}, {""field"": ""voiceStartPos"", ""value"": 3300}]}, ""retext"": ""我要看海王第55分钟""}",Y,Y,Y,
影视,影视7,vod_keyword_search,免费的电视剧英雄泪,vod_search,"{""action"": ""search"", ""query"": {""and"": [{""field"": ""title"", ""value"": ""英雄泪""}, {""field"": ""category"", ""value"": ""电视剧""}, {""field"": ""is_fee"", ""value"": 0}]}, ""retext"": ""免费的电视剧英雄泪""}",vod_search,"{""action"": ""search"", ""query"": {""and"": [{""field"": ""title"", ""value"": ""英雄泪""}, {""field"": ""category"", ""value"": ""电视剧""}, {""field"": ""is_fee"", ""value"": 0}]}, ""retext"": ""免费的电视剧英雄泪""}",Y,Y,Y,
影视,影视5,vod_keyword_search,生万物第3集第10分钟,vod_search,"{""action"": ""play"", ""query"": {""and"": [{""field"": ""title"", ""value"": ""生万物""}, {""field"": ""video_index"", ""value"": 3}, {""field"": ""voiceStartPos"", ""value"": 600}]}, ""retext"": ""生万物第3集第10分钟""}",vod_search,"{""action"": ""play"", ""query"": {""and"": [{""field"": ""title"", ""value"": ""生万物""}, {""field"": ""video_index"", ""value"": 3}, {""field"": ""voiceStartPos"", ""value"": 600}]}, ""retext"": ""生万物第3集第10分钟""}",Y,Y,Y,
影视,影视9,vod_keyword_search,新出的陈翔六点半,vod_search,"{""action"": ""search"", ""query"": {""field"": ""title"", ""value"": ""陈翔六点半""}, ""retext"": ""新出的陈翔六点半"", ""sort"": {""new"": {""order"": ""desc""}}}",vod_search,"{""action"": ""search"", ""query"": {""field"": ""title"", ""value"": ""陈翔六点半""}, ""retext"": ""新出的陈翔六点半"", ""sort"": {""new"": {""order"": ""desc""}}}",Y,Y,Y,
影视,影视8,vod_keyword_search,请播黄河在咆哮谢谢,vod_search,"{""action"": ""play"", ""query"": {""field"": ""title"", ""value"": ""黄河在咆哮""}, ""retext"": ""请播黄河在咆哮谢谢""}",vod_search,"{""action"": ""play"", ""query"": {""field"": ""title"", ""value"": ""黄河在咆哮""}, ""retext"": ""请播黄河在咆哮谢谢""}",Y,Y,Y,
影视,影视10,vod_keyword_search,小度小度播放电视剧用一生去爱你,vod_search,"{""action"": ""play"", ""query"": {""and"": [{""field"": ""title"", ""value"": ""用一生去爱你""}, {""field"": ""category"", ""value"": ""电视剧""}]}, ""retext"": ""小度小度播放电视剧用一生去爱你""}",vod_search,"{""action"": ""play"", ""query"": {""and"": [{""field"": ""title"", ""value"": ""用一生去爱你""}, {""field"": ""category"", ""value"": ""电视剧""}]}, ""retext"": ""小度小度播放电视剧用一生去爱你""}",Y,Y,Y,
影视,影视11,vod_keyword_search,我要看庆余年第二季第三集,vod_search,"{""action"": ""play"", ""query"": {""and"": [{""field"": ""title"", ""value"": ""庆余年""}, {""field"": ""series"", ""value"": 2}, {""field"": ""video_index"", ""value"": 3}]}, ""retext"": ""我要看庆余年第二季第三集""}",vod_search,"{""action"": ""play"", ""query"": {""and"": [{""field"": ""title"", ""value"": ""庆余年""}, {""field"": ""series"", ""value"": 2}, {""field"": ""video_index"", ""value"": 3}]}, ""retext"": ""我要看庆余年第二季第三集""}",Y,Y,Y,
影视,影视14,vod_keyword_search,找到人间世的纪录片全集,vod_search,"{""action"": ""search"", ""query"": {""and"": [{""field"": ""title"", ""value"": ""人间世""}, {""field"": ""category"", ""value"": ""纪录片""}]}, ""retext"": ""找到人间世的纪录片全集""}",vod_search,"{""action"": ""search"", ""query"": {""and"": [{""field"": ""title"", ""value"": ""人间世""}, {""field"": ""category"", ""value"": ""纪录片""}]}, ""retext"": ""找到人间世的纪录片全集""}",Y,Y,Y,
影视,影视12,vod_keyword_search,播放电影封神第一部第34分,vod_search,"{""action"": ""play"", ""query"": {""and"": [{""field"": ""title"", ""value"": ""封神""}, {""field"": ""category"", ""value"": ""电影""}, {""field"": ""series"", ""value"": 1}, {""field"": ""voiceStartPos"", ""value"": 2040}]}, ""retext"": ""播放电影封神第一部第34分""}",vod_search,"{""action"": ""play"", ""query"": {""and"": [{""field"": ""title"", ""value"": ""封神""}, {""field"": ""series"", ""value"": 1}, {""field"": ""voiceStartPos"", ""value"": 2040}, {""field"": ""category"", ""value"": ""电影""}]}, ""retext"": ""播放电影封神第一部第34分""}",Y,Y,Y,
影视,影视13,vod_keyword_search,播放不是VIP的最强大脑第七季第十集,vod_search,"{""action"": ""play"", ""query"": {""and"": [{""field"": ""title"", ""value"": ""最强大脑""}, {""field"": ""is_fee"", ""value"": 0}, {""field"": ""series"", ""value"": 7}, {""field"": ""video_index"", ""value"": 10}]}, ""retext"": ""播放不是VIP的最强大脑第七季第十集""}",vod_search,"{""action"": ""play"", ""query"": {""and"": [{""field"": ""title"", ""value"": ""最强大脑""}, {""field"": ""series"", ""value"": 7}, {""field"": ""video_index"", ""value"": 10}, {""field"": ""is_fee"", ""value"": 0}]}, ""retext"": ""播放不是VIP的最强大脑第七季第十集""}",Y,Y,Y,
影视,影视15,vod_keyword_search,以家人之名DVD版,vod_search,"{""action"": ""search"", ""query"": {""and"": [{""field"": ""title"", ""value"": ""以家人之名""}, {""field"": ""tag"", ""value"": ""dvd版""}]}, ""retext"": ""以家人之名dvd版""}",vod_search,"{""action"": ""search"", ""query"": {""and"": [{""field"": ""title"", ""value"": ""以家人之名""}, {""field"": ""tag"", ""value"": ""dvd版""}]}, ""retext"": ""以家人之名DVD版""}",Y,N,N,"retext: gold=""以家人之名dvd版"" pred=""以家人之名DVD版"""
影视,影视16,vod_keyword_search,真人版的狐妖小红娘,vod_search,"{""action"": ""search"", ""query"": {""and"": [{""field"": ""title"", ""value"": ""狐妖小红娘""}, {""field"": ""tag"", ""value"": ""真人版""}]}, ""retext"": ""真人版的狐妖小红娘""}",vod_search,"{""action"": ""search"", ""query"": {""and"": [{""field"": ""title"", ""value"": ""狐妖小红娘""}, {""field"": ""tag"", ""value"": ""真人版""}]}, ""retext"": ""真人版的狐妖小红娘""}",Y,Y,Y,
影视,影视24,vod_keyword_search,BBC纪录片,vod_search_all,"{""action"": ""search"", ""query"": {""and"": [{""field"": ""company"", ""value"": ""BBC""}, {""field"": ""category"", ""value"": ""纪录片""}]}, ""retext"": ""BBC纪录片""}",vod_search_all,"{""action"": ""search"", ""query"": {""and"": [{""field"": ""category"", ""value"": ""纪录片""}, {""field"": ""company"", ""value"": ""BBC""}]}, ""retext"": ""BBC纪录片""}",Y,Y,Y,
影视,影视22,vod_keyword_search,请播放秦腔三滴血,vod_search,"{""action"": ""play"", ""query"": {""and"": [{""field"": ""title"", ""value"": ""三滴血""}, {""field"": ""tag"", ""value"": ""秦腔""}]}, ""retext"": ""请播放秦腔三滴血""}",vod_search,"{""action"": ""play"", ""query"": {""and"": [{""field"": ""title"", ""value"": ""三滴血""}, {""field"": ""tag"", ""value"": ""秦腔""}]}, ""retext"": ""请播放秦腔三滴血""}",Y,Y,Y,
影视,影视18,vod_keyword_search,小敏家TV版,vod_search,"{""action"": ""search"", ""query"": {""and"": [{""field"": ""title"", ""value"": ""小敏家""}, {""field"": ""tag"", ""value"": ""tv版""}]}, ""retext"": ""小敏家TV版""}",vod_search,"{""action"": ""search"", ""query"": {""and"": [{""field"": ""title"", ""value"": ""小敏家""}, {""field"": ""tag"", ""value"": ""tv版""}]}, ""retext"": ""小敏家TV版""}",Y,Y,Y,
影视,影视19,vod_keyword_search,老版上海滩,vod_search,"{""action"": ""search"", ""query"": {""field"": ""title"", ""value"": ""上海滩""}, ""retext"": ""老版上海滩""}",vod_search,"{""action"": ""search"", ""query"": {""field"": ""title"", ""value"": ""上海滩""}, ""retext"": ""老版上海滩""}",Y,Y,Y,
影视,影视21,vod_keyword_search,我想看戏曲铡美案,vod_search,"{""action"": ""play"", ""query"": {""and"": [{""field"": ""title"", ""value"": ""铡美案""}, {""field"": ""category"", ""value"": ""戏曲""}]}, ""retext"": ""我想看戏曲铡美案""}",vod_search,"{""action"": ""play"", ""query"": {""and"": [{""field"": ""title"", ""value"": ""铡美案""}, {""field"": ""category"", ""value"": ""戏曲""}]}, ""retext"": ""我想看戏曲铡美案""}",Y,Y,Y,
影视,影视23,vod_keyword_search,专题片将改革进行到底,vod_search,"{""action"": ""search"", ""query"": {""field"": ""title"", ""value"": ""将改革进行到底""}, ""retext"": ""专题片将改革进行到底""}",vod_search,"{""action"": ""search"", ""query"": {""field"": ""title"", ""value"": ""将改革进行到底""}, ""retext"": ""专题片将改革进行到底""}",Y,Y,Y,
影视,影视25,vod_keyword_search,湖南卫视出品的综艺,vod_search_all,"{""action"": ""search"", ""query"": {""and"": [{""field"": ""channel"", ""value"": ""湖南卫视""}, {""field"": ""category"", ""value"": ""综艺""}]}, ""retext"": ""湖南卫视出品的综艺""}",vod_search_all,"{""action"": ""search"", ""query"": {""and"": [{""field"": ""channel"", ""value"": ""湖南卫视""}, {""field"": ""category"", ""value"": ""综艺""}]}, ""retext"": ""湖南卫视出品的综艺""}",Y,Y,Y,
影视,影视26,vod_vague_search,正午阳光出品的电视剧,vod_search_all,"{""action"": ""search"", ""query"": {""and"": [{""field"": ""company"", ""value"": ""正午阳光""}, {""field"": ""category"", ""value"": ""电视剧""}]}, ""retext"": ""正午阳光出品的电视剧""}",vod_search_all,"{""action"": ""search"", ""query"": {""and"": [{""field"": ""category"", ""value"": ""电视剧""}, {""field"": ""company"", ""value"": ""正午阳光""}]}, ""retext"": ""正午阳光出品的电视剧""}",Y,Y,Y,
影视,影视29,vod_keyword_search,张艺谋导演的抗战片,vod_search,"{""action"": ""search"", ""query"": {""and"": [{""field"": ""director"", ""value"": ""张艺谋""}, {""field"": ""category"", ""value"": ""电影""}, {""field"": ""tag"", ""value"": ""抗战""}]}, ""retext"": ""张艺谋导演的抗战片""}",vod_search,"{""action"": ""search"", ""query"": {""and"": [{""field"": ""director"", ""value"": ""张艺谋""}, {""field"": ""category"", ""value"": ""电影""}, {""field"": ""tag"", ""value"": ""抗战""}]}, ""retext"": ""张艺谋导演的抗战片""}",Y,Y,Y,
影视,影视27,vod_keyword_search,我想看电视台同步在播的剧,vod_search,"{""action"": ""search"", ""query"": {""and"": [{""field"": ""category"", ""value"": ""电视剧""}, {""field"": ""is_over"", ""value"": 0}]}, ""retext"": ""我想看电视台同步在播的剧""}",vod_search,"{""action"": ""search"", ""query"": {""and"": [{""field"": ""category"", ""value"": ""电视剧""}, {""field"": ""is_over"", ""value"": 0}]}, ""retext"": ""我想看电视台同步在播的剧""}",Y,Y,Y,
影视,影视28,vod_keyword_search,光线传媒2025年有哪些电影,vod_search_all,"{""action"": ""search"", ""query"": {""and"": [{""field"": ""company"", ""value"": ""光线传媒""}, {""field"": ""category"", ""value"": ""电影""}, {""field"": ""release_time"", ""from"": ""20250101"", ""to"": ""20251231""}]}, ""retext"": ""光线传媒2025年有哪些电影""}",vod_search_all,"{""action"": ""search"", ""query"": {""and"": [{""field"": ""category"", ""value"": ""电影""}, {""field"": ""company"", ""value"": ""光线传媒""}, {""field"": ""release_time"", ""from"": ""20250101"", ""to"": ""20251231""}]}, ""retext"": ""光线传媒2025年有哪些电影""}",Y,Y,Y,
影视,影视31,vod_keyword_search,郑晓龙导演的古装剧,vod_search,"{""action"": ""search"", ""query"": {""and"": [{""field"": ""director"", ""value"": ""郑晓龙""}, {""field"": ""category"", ""value"": ""电视剧""}, {""field"": ""tag"", ""value"": ""古装""}]}, ""retext"": ""郑晓龙导演的古装剧""}",vod_search,"{""action"": ""search"", ""query"": {""and"": [{""field"": ""director"", ""value"": ""郑晓龙""}, {""field"": ""category"", ""value"": ""电视剧""}, {""field"": ""tag"", ""value"": ""古装""}]}, ""retext"": ""郑晓龙导演的古装剧""}",Y,Y,Y,
影视,影视34,vod_keyword_search,我想看韩剧,vod_search_all,"{""action"": ""search"", ""query"": {""and"": [{""field"": ""area"", ""value"": ""韩国""}, {""field"": ""category"", ""value"": ""电视剧""}]}, ""retext"": ""我想看韩剧""}",vod_search_all,"{""action"": ""search"", ""query"": {""and"": [{""field"": ""area"", ""value"": ""韩国""}, {""field"": ""category"", ""value"": ""电视剧""}]}, ""retext"": ""我想看韩剧""}",Y,Y,Y,
影视,影视33,vod_keyword_search,TVB新剧,vod_search_all,"{""action"": ""search"", ""query"": {""and"": [{""field"": ""company"", ""value"": ""tvb""}, {""field"": ""category"", ""value"": ""电视剧""}]}, ""retext"": ""TVB新剧"", ""sort"": {""new"": {""order"": ""desc""}}}",vod_search_all,"{""action"": ""search"", ""query"": {""and"": [{""field"": ""category"", ""value"": ""电视剧""}, {""field"": ""company"", ""value"": ""tvb""}]}, ""retext"": ""TVB新剧"", ""sort"": {""new"": {""order"": ""desc""}}}",Y,Y,Y,
影视,影视30,vod_keyword_search,查找斯皮尔伯格导演的电影,vod_search,"{""action"": ""search"", ""query"": {""and"": [{""field"": ""director"", ""value"": ""斯皮尔伯格""}, {""field"": ""category"", ""value"": ""电影""}]}, ""retext"": ""查找斯皮尔伯格导演的电影""}",vod_search,"{""action"": ""search"", ""query"": {""and"": [{""field"": ""director"", ""value"": ""斯皮尔伯格""}, {""field"": ""category"", ""value"": ""电影""}]}, ""retext"": ""查找斯皮尔伯格导演的电影""}",Y,Y,Y,
影视,影视32,vod_keyword_search,陈晓卿导演的纪录片,vod_search,"{""action"": ""search"", ""query"": {""and"": [{""field"": ""director"", ""value"": ""陈晓卿""}, {""field"": ""category"", ""value"": ""纪录片""}]}, ""retext"": ""陈晓卿导演的纪录片""}",vod_search,"{""action"": ""search"", ""query"": {""and"": [{""field"": ""director"", ""value"": ""陈晓卿""}, {""field"": ""category"", ""value"": ""纪录片""}]}, ""retext"": ""陈晓卿导演的纪录片""}",Y,Y,Y,
影视,影视35,vod_keyword_search,美国大片,vod_search_all,"{""action"": ""search"", ""query"": {""and"": [{""field"": ""area"", ""value"": ""美国""}, {""field"": ""category"", ""value"": ""电影""}]}, ""retext"": ""美国大片""}",vod_search_all,"{""action"": ""search"", ""query"": {""and"": [{""field"": ""area"", ""value"": ""美国""}, {""field"": ""category"", ""value"": ""电影""}]}, ""retext"": ""美国大片""}",Y,Y,Y,
影视,影视36,vod_keyword_search,播放好莱坞电影,vod_search_all,"{""action"": ""play"", ""query"": {""and"": [{""field"": ""company"", ""value"": ""好莱坞""}, {""field"": ""category"", ""value"": ""电影""}]}, ""retext"": ""播放好莱坞电影""}",vod_search_all,"{""action"": ""play"", ""query"": {""and"": [{""field"": ""category"", ""value"": ""电影""}, {""field"": ""company"", ""value"": ""好莱坞""}]}, ""retext"": ""播放好莱坞电影""}",Y,Y,Y,
影视,影视38,vod_keyword_search,台湾偶像剧,vod_search_all,"{""action"": ""search"", ""query"": {""and"": [{""field"": ""area"", ""value"": ""台湾""}, {""field"": ""category"", ""value"": ""电视剧""}, {""field"": ""tag"", ""value"": ""偶像""}]}, ""retext"": ""台湾偶像剧""}",vod_search_all,"{""action"": ""search"", ""query"": {""and"": [{""field"": ""area"", ""value"": ""台湾""}, {""field"": ""category"", ""value"": ""电视剧""}, {""field"": ""tag"", ""value"": ""偶像""}]}, ""retext"": ""台湾偶像剧""}",Y,Y,Y,
影视,影视37,vod_keyword_search,港台电影,vod_search_all,"{""action"": ""search"", ""query"": {""and"": [{""field"": ""area"", ""operator"": ""or"", ""values"": [""香港"", ""台湾""]}, {""field"": ""category"", ""value"": ""电影""}]}, ""retext"": ""港台电影""}",vod_search_all,"{""action"": ""search"", ""query"": {""and"": [{""field"": ""area"", ""operator"": ""or"", ""values"": [""香港"", ""台湾""]}, {""field"": ""category"", ""value"": ""电影""}]}, ""retext"": ""港台电影""}",Y,Y,Y,
影视,影视39,vod_keyword_search,美国科幻电影,vod_search_all,"{""action"": ""search"", ""query"": {""and"": [{""field"": ""area"", ""value"": ""美国""}, {""field"": ""category"", ""value"": ""电影""}, {""field"": ""tag"", ""value"": ""科幻""}]}, ""retext"": ""美国科幻电影""}",vod_search_all,"{""action"": ""search"", ""query"": {""and"": [{""field"": ""area"", ""value"": ""美国""}, {""field"": ""category"", ""value"": ""电影""}, {""field"": ""tag"", ""value"": ""科幻""}]}, ""retext"": ""美国科幻电影""}",Y,Y,Y,
影视,影视40,"vod_quality_search（优质媒资意图，当语料中没有显示出明显的排序维度但是要求优质媒资时进入此意图  如包含：口碑好、值得看、必看、高品质、经典、好看
的、耐看的）",好看的内地恋爱综艺,vod_search_all,"{""action"": ""search"", ""query"": {""and"": [{""field"": ""area"", ""value"": ""内地""}, {""field"": ""category"", ""value"": ""综艺""}, {""field"": ""tag"", ""value"": ""恋爱体验""}]}, ""retext"": ""好看的内地恋爱综艺"", ""sort"": {""hot"": {""order"": ""desc""}}}",vod_search_all,"{""action"": ""search"", ""query"": {""and"": [{""field"": ""area"", ""value"": ""内地""}, {""field"": ""category"", ""value"": ""综艺""}, {""field"": ""tag"", ""value"": ""恋爱体验""}]}, ""retext"": ""好看的内地恋爱综艺"", ""sort"": {""hot"": {""order"": ""desc""}}}",Y,Y,Y,
影视,影视20,vod_vague_search,我要看小兵张嘎高清版,vod_fuzzy_search,"{""query"": ""我要看小兵张嘎高清版""}",vod_fuzzy_search,"{""query"": ""我要看小兵张嘎高清版""}",Y,Y,Y,
影视,影视17,vod_vague_search,射雕英雄传八三版的,vod_fuzzy_search,"{""query"": ""射雕英雄传八三版的""}",vod_fuzzy_search,"{""query"": ""射雕英雄传八三版的""}",Y,Y,Y,
影视,影视41,vod_keyword_search,我要看免费的影片,vod_search,"{""action"": ""search"", ""query"": {""and"": [{""field"": ""category"", ""value"": ""电影""}, {""field"": ""is_fee"", ""value"": 0}]}, ""retext"": ""我要看免费的影片""}",vod_search,"{""action"": ""search"", ""query"": {""and"": [{""field"": ""category"", ""value"": ""电影""}, {""field"": ""is_fee"", ""value"": 0}]}, ""retext"": ""我要看免费的影片""}",Y,Y,Y,
影视,影视42,"vod_quality_search（优质媒资意图，当语料中没有显示出明显的排序维度但是要求优质媒资时进入此意图  如包含：口碑好、值得看、必看、高品质、经典、好看
的、耐看的）",免费又好看的电视剧,vod_search,"{""action"": ""search"", ""query"": {""and"": [{""field"": ""category"", ""value"": ""电视剧""}, {""field"": ""is_fee"", ""value"": 0}]}, ""retext"": ""免费又好看的电视剧"", ""sort"": {""hot"": {""order"": ""desc""}}}",vod_search,"{""action"": ""search"", ""query"": {""and"": [{""field"": ""category"", ""value"": ""电视剧""}, {""field"": ""is_fee"", ""value"": 0}]}, ""retext"": ""免费又好看的电视剧"", ""sort"": {""hot"": {""order"": ""desc""}}}",Y,Y,Y,
影视,影视43,vod_keyword_search,播放不要VIP的鬼片儿,vod_search,"{""action"": ""play"", ""query"": {""and"": [{""field"": ""category"", ""value"": ""电影""}, {""field"": ""tag"", ""value"": ""恐怖""}, {""field"": ""is_fee"", ""value"": 0}]}, ""retext"": ""播放不要VIP的鬼片儿""}",vod_search,"{""action"": ""play"", ""query"": {""and"": [{""field"": ""category"", ""value"": ""电影""}, {""field"": ""tag"", ""value"": ""恐怖""}, {""field"": ""is_fee"", ""value"": 0}]}, ""retext"": ""播放不要VIP的鬼片儿""}",Y,Y,Y,
影视,影视44,vod_keyword_search,不用花钱就能看的连续剧,vod_search,"{""action"": ""search"", ""query"": {""and"": [{""field"": ""category"", ""value"": ""电视剧""}, {""field"": ""is_fee"", ""value"": 0}]}, ""retext"": ""不用花钱就能看的连续剧""}",vod_search,"{""action"": ""search"", ""query"": {""and"": [{""field"": ""category"", ""value"": ""电视剧""}, {""field"": ""is_fee"", ""value"": 0}]}, ""retext"": ""不用花钱就能看的连续剧""}",Y,Y,Y,
影视,影视45,vod_keyword_search,帮我放VIP能看的电影,vod_search,"{""action"": ""play"", ""query"": {""and"": [{""field"": ""category"", ""value"": ""电影""}, {""field"": ""is_fee"", ""value"": 1}]}, ""retext"": ""帮我放VIP能看的电影""}",vod_search,"{""action"": ""play"", ""query"": {""and"": [{""field"": ""category"", ""value"": ""电影""}, {""field"": ""is_fee"", ""value"": 1}]}, ""retext"": ""帮我放VIP能看的电影""}",Y,Y,Y,
影视,影视46,vod_keyword_search,VIP的视频,vod_search,"{""action"": ""search"", ""query"": {""and"": [{""field"": ""category"", ""operator"": ""or"", ""values"": [""电影"", ""电视剧""]}, {""field"": ""is_fee"", ""value"": 1}]}, ""retext"": ""VIP的视频""}",vod_search,"{""action"": ""search"", ""query"": {""field"": ""is_fee"", ""value"": 1}, ""retext"": ""VIP的视频""}",Y,N,N,"query: gold={""and"": [{""field"": ""category"", ""operator"": ""or"", ""values"": [""电影"", ""电视剧""]}, {""field"": ""is_fee"", ""value"": 1}]} pred={""field"": ""is_fee"", ""value"": 1}"
影视,影视49,vod_keyword_search,获得香港电影金像奖的电影,vod_search,,vod_search_all,"{""action"": ""search"", ""query"": {""and"": [{""field"": ""area"", ""value"": ""香港""}, {""field"": ""category"", ""value"": ""电影""}, {""field"": ""prize"", ""value"": ""香港电影金像奖""}]}, ""retext"": ""获得香港电影金像奖的电影""}",N,Y,N,
影视,影视53,vod_keyword_search,播放吴石将军的电视剧,vod_search,"{""action"": ""play"", ""query"": {""and"": [{""field"": ""role"", ""value"": ""吴石将军""}, {""field"": ""category"", ""value"": ""电视剧""}]}, ""retext"": ""播放吴石将军的电视剧""}",vod_search,"{""action"": ""play"", ""query"": {""and"": [{""field"": ""category"", ""value"": ""电视剧""}, {""field"": ""role"", ""value"": ""吴石将军""}]}, ""retext"": ""播放吴石将军的电视剧""}",Y,Y,Y,
影视,影视47,vod_keyword_search,会员电影,vod_search,"{""action"": ""search"", ""query"": {""and"": [{""field"": ""category"", ""value"": ""电影""}, {""field"": ""is_fee"", ""value"": 1}]}, ""retext"": ""会员电影""}",vod_search,"{""action"": ""search"", ""query"": {""and"": [{""field"": ""category"", ""value"": ""电影""}, {""field"": ""is_fee"", ""value"": 1}]}, ""retext"": ""会员电影""}",Y,Y,Y,
影视,影视51,vod_keyword_search,有许三多的那部电视剧,vod_search,"{""action"": ""search"", ""query"": {""and"": [{""field"": ""role"", ""value"": ""许三多""}, {""field"": ""category"", ""value"": ""电视剧""}]}, ""retext"": ""有许三多的那部电视剧""}",vod_search,"{""action"": ""search"", ""query"": {""and"": [{""field"": ""category"", ""value"": ""电视剧""}, {""field"": ""role"", ""value"": ""许三多""}]}, ""retext"": ""有许三多的那部电视剧""}",Y,Y,Y,
影视,影视48,vod_keyword_search,奥斯卡获奖的影片,vod_search,"{""action"": ""search"", ""query"": {""and"": [{""field"": ""prize"", ""value"": ""奥斯卡""}, {""field"": ""category"", ""value"": ""电影""}]}, ""retext"": ""奥斯卡获奖的影片""}",vod_search,"{""action"": ""search"", ""query"": {""and"": [{""field"": ""category"", ""value"": ""电影""}, {""field"": ""prize"", ""value"": ""奥斯卡""}]}, ""retext"": ""奥斯卡获奖的影片""}",Y,Y,Y,
影视,影视50,vod_keyword_search,金鹰奖获的奖电视剧,vod_search,"{""action"": ""search"", ""query"": {""and"": [{""field"": ""prize"", ""value"": ""金鹰奖""}, {""field"": ""category"", ""value"": ""电视剧""}]}, ""retext"": ""金鹰奖获的奖电视剧""}",vod_search,"{""action"": ""search"", ""query"": {""and"": [{""field"": ""category"", ""value"": ""电视剧""}, {""field"": ""prize"", ""value"": ""金鹰奖""}]}, ""retext"": ""金鹰奖获的奖电视剧""}",Y,Y,Y,
影视,影视60,vod_keyword_search,我想看相声喜剧,vod_search,,vod_search,"{""action"": ""search"", ""query"": {""and"": [{""field"": ""category"", ""value"": ""相声""}, {""field"": ""tag"", ""operator"": ""and"", ""values"": [""喜剧"", ""相声""]}]}, ""retext"": ""我想看相声喜剧""}",Y,Y,Y,
影视,影视61,vod_keyword_search,播安徽民间小调,vod_search,"{""action"": ""play"", ""query"": {""field"": ""title"", ""value"": ""安徽民间小调""}, ""retext"": ""播安徽民间小调""}",music_song_search,"{""retext"": ""播安徽民间小调""}",N,N,N,"action: gold=""play"" pred=; query: gold={""field"": ""title"", ""value"": ""安徽民间小调""} pred="
影视,影视54,vod_vague_search,打开要会员的电视剧,vod_search,"{""action"": ""play"", ""query"": {""and"": [{""field"": ""category"", ""value"": ""电视剧""}, {""field"": ""is_fee"", ""value"": 1}]}, ""retext"": ""打开要会员的电视剧""}",vod_search,"{""action"": ""play"", ""query"": {""and"": [{""field"": ""category"", ""value"": ""电视剧""}, {""field"": ""is_fee"", ""value"": 1}]}, ""retext"": ""打开要会员的电视剧""}",Y,Y,Y,
影视,影视56,vod_keyword_search,看免费恐怖悬疑电影,vod_search,"{""action"": ""play"", ""query"": {""and"": [{""field"": ""category"", ""value"": ""电影""}, {""field"": ""tag"", ""operator"": ""and"", ""values"": [""恐怖"", ""悬疑""]}, {""field"": ""is_fee"", ""value"": 0}]}, ""retext"": ""看免费恐怖悬疑电影""}",vod_search,"{""action"": ""search"", ""query"": {""and"": [{""field"": ""category"", ""value"": ""电影""}, {""field"": ""tag"", ""operator"": ""and"", ""values"": [""恐怖"", ""悬疑""]}, {""field"": ""is_fee"", ""value"": 0}]}, ""retext"": ""看免费恐怖悬疑电影""}",Y,N,N,"action: gold=""play"" pred=""search"""
影视,影视55,vod_keyword_search,综艺节目,vod_search,"{""action"": ""search"", ""query"": {""field"": ""category"", ""value"": ""综艺""}, ""retext"": ""综艺节目""}",vod_search,"{""action"": ""search"", ""query"": {""field"": ""category"", ""value"": ""综艺""}, ""retext"": ""综艺节目""}",Y,Y,Y,
影视,影视57,vod_keyword_search,最新抗日电影,vod_search,"{""action"": ""search"", ""query"": {""and"": [{""field"": ""category"", ""value"": ""电影""}, {""field"": ""tag"", ""value"": ""抗日""}]}, ""retext"": ""最新抗日电影"", ""sort"": {""new"": {""order"": ""desc""}}}",vod_search,"{""action"": ""search"", ""query"": {""and"": [{""field"": ""category"", ""value"": ""电影""}, {""field"": ""tag"", ""value"": ""抗日""}]}, ""retext"": ""最新抗日电影"", ""sort"": {""new"": {""order"": ""desc""}}}",Y,Y,Y,
影视,影视63,vod_keyword_search,香港破案片,vod_search_all,"{""action"": ""search"", ""query"": {""and"": [{""field"": ""area"", ""value"": ""香港""}, {""field"": ""category"", ""value"": ""电影""}, {""field"": ""tag"", ""value"": ""破案""}]}, ""retext"": ""香港破案片""}",vod_search_all,"{""action"": ""search"", ""query"": {""and"": [{""field"": ""area"", ""value"": ""香港""}, {""field"": ""category"", ""value"": ""电影""}, {""field"": ""tag"", ""value"": ""破案""}]}, ""retext"": ""香港破案片""}",Y,Y,Y,
影视,影视58,vod_keyword_search,播放言情剧,vod_search,"{""action"": ""play"", ""query"": {""and"": [{""field"": ""category"", ""value"": ""电视剧""}, {""field"": ""tag"", ""value"": ""言情""}]}, ""retext"": ""播放言情剧""}",vod_search,"{""action"": ""play"", ""query"": {""and"": [{""field"": ""category"", ""value"": ""电视剧""}, {""field"": ""tag"", ""value"": ""言情""}]}, ""retext"": ""播放言情剧""}",Y,Y,Y,
影视,影视62,vod_keyword_search,我要看免费的打仗的电视剧,vod_search,"{""action"": ""search"", ""query"": {""and"": [{""field"": ""category"", ""value"": ""电视剧""}, {""field"": ""tag"", ""value"": ""战争""}, {""field"": ""is_fee"", ""value"": 0}]}, ""retext"": ""我要看免费的打仗的电视剧""}",vod_search,"{""action"": ""search"", ""query"": {""and"": [{""field"": ""category"", ""value"": ""电视剧""}, {""field"": ""tag"", ""value"": ""战争""}, {""field"": ""is_fee"", ""value"": 0}]}, ""retext"": ""我要看免费的打仗的电视剧""}",Y,Y,Y,
影视,影视59,vod_keyword_search,播放仙侠电视剧,vod_search,"{""action"": ""play"", ""query"": {""and"": [{""field"": ""category"", ""value"": ""电视剧""}, {""field"": ""tag"", ""value"": ""仙侠""}]}, ""retext"": ""播放仙侠电视剧""}",vod_search,"{""action"": ""play"", ""query"": {""and"": [{""field"": ""category"", ""value"": ""电视剧""}, {""field"": ""tag"", ""value"": ""仙侠""}]}, ""retext"": ""播放仙侠电视剧""}",Y,Y,Y,
影视,影视52,vod_keyword_search,搜索詹姆斯·邦德的电影,vod_search,,vod_search,"{""action"": ""search"", ""query"": {""field"": ""role"", ""value"": ""詹姆斯·邦德""}, ""retext"": ""搜索詹姆斯·邦德的电影""}",Y,Y,Y,
影视,影视64,vod_keyword_search,最近的免费缉毒电视剧,vod_search,"{""action"": ""search"", ""query"": {""and"": [{""field"": ""category"", ""value"": ""电视剧""}, {""field"": ""tag"", ""value"": ""缉毒""}, {""field"": ""is_fee"", ""value"": 0}]}, ""retext"": ""最近的免费缉毒电视剧"", ""sort"": {""new"": {""order"": ""desc""}}}",vod_search,"{""action"": ""search"", ""query"": {""and"": [{""field"": ""category"", ""value"": ""电视剧""}, {""field"": ""tag"", ""value"": ""缉毒""}, {""field"": ""is_fee"", ""value"": 0}]}, ""retext"": ""最近的免费缉毒电视剧"", ""sort"": {""new"": {""order"": ""desc""}}}",Y,Y,Y,
影视,影视65,vod_keyword_search,播放高评分电视剧,vod_search,"{""action"": ""play"", ""query"": {""field"": ""category"", ""value"": ""电视剧""}, ""retext"": ""播放高评分电视剧"", ""sort"": {""rate"": {""order"": ""desc""}}}",vod_search,"{""action"": ""play"", ""query"": {""field"": ""category"", ""value"": ""电视剧""}, ""retext"": ""播放高评分电视剧"", ""sort"": {""rate"": {""order"": ""desc""}}}",Y,Y,Y,
影视,影视67,vod_keyword_search,看免费高分综艺,vod_search,"{""action"": ""search"", ""query"": {""and"": [{""field"": ""category"", ""value"": ""综艺""}, {""field"": ""is_fee"", ""value"": 0}]}, ""retext"": ""看免费高分综艺"", ""sort"": {""rate"": {""order"": ""desc""}}}",vod_search,"{""action"": ""search"", ""query"": {""and"": [{""field"": ""category"", ""value"": ""综艺""}, {""field"": ""is_fee"", ""value"": 0}]}, ""retext"": ""看免费高分综艺"", ""sort"": {""rate"": {""order"": ""desc""}}}",Y,Y,Y,
影视,影视66,vod_keyword_search,豆瓣7分以上的电视剧,vod_search,"{""action"": ""search"", ""query"": {""and"": [{""field"": ""category"", ""value"": ""电视剧""}, {""field"": ""rate"", ""from"": 7.0, ""to"": 10.0}]}, ""retext"": ""豆瓣7分以上的电视剧""}",vod_search,"{""action"": ""search"", ""query"": {""and"": [{""field"": ""category"", ""value"": ""电视剧""}, {""field"": ""rate"", ""from"": 7.0, ""to"": 10.0}]}, ""retext"": ""豆瓣7分以上的电视剧""}",Y,Y,Y,
影视,影视72,vod_keyword_search,搜索newtv极光的白日提灯,vod_search_all,"{""action"": ""search"", ""query"": {""and"": [{""field"": ""title"", ""value"": ""白日提灯""}, {""field"": ""vender_name"", ""value"": ""newtv极光""}]}, ""retext"": ""搜索newtv极光的白日提灯""}",vod_search_all,"{""action"": ""search"", ""query"": {""and"": [{""field"": ""title"", ""value"": ""白日提灯""}, {""field"": ""vender_name"", ""value"": ""newtv极光""}]}, ""retext"": ""搜索newtv极光的白日提灯""}",Y,Y,Y,
影视,影视68,vod_keyword_search,豆瓣高于8分的电影,vod_search,"{""action"": ""search"", ""query"": {""and"": [{""field"": ""category"", ""value"": ""电影""}, {""field"": ""rate"", ""from"": 8.0, ""to"": 10.0}]}, ""retext"": ""豆瓣高于8分的电影""}",vod_search,"{""action"": ""search"", ""query"": {""and"": [{""field"": ""category"", ""value"": ""电影""}, {""field"": ""rate"", ""from"": 8.0, ""to"": 10.0}]}, ""retext"": ""豆瓣高于8分的电影""}",Y,Y,Y,
影视,影视73,vod_keyword_search,在爱奇艺里面播放人世间,vod_search_all,"{""action"": ""play"", ""query"": {""and"": [{""field"": ""title"", ""value"": ""人世间""}, {""field"": ""vender_name"", ""value"": ""爱奇艺""}]}, ""retext"": ""在爱奇艺里面播放人世间""}",vod_search_all,"{""action"": ""play"", ""query"": {""and"": [{""field"": ""title"", ""value"": ""人世间""}, {""field"": ""vender_name"", ""value"": ""爱奇艺""}]}, ""retext"": ""在爱奇艺里面播放人世间""}",Y,Y,Y,
影视,影视70,vod_keyword_search,刘德华豆瓣评分高的电影,vod_search,"{""action"": ""search"", ""query"": {""and"": [{""field"": ""actor"", ""value"": ""刘德华""}, {""field"": ""category"", ""value"": ""电影""}]}, ""retext"": ""刘德华豆瓣评分高的电影"", ""sort"": {""rate"": {""order"": ""desc""}}}",vod_search,"{""action"": ""search"", ""query"": {""and"": [{""field"": ""actor"", ""value"": ""刘德华""}, {""field"": ""category"", ""value"": ""电影""}]}, ""retext"": ""刘德华豆瓣评分高的电影"", ""sort"": {""rate"": {""order"": ""desc""}}}",Y,Y,Y,
影视,影视69,vod_keyword_search,最新的豆瓣评分高的电视剧,vod_search,"{""action"": ""search"", ""query"": {""field"": ""category"", ""value"": ""电视剧""}, ""retext"": ""最新的豆瓣评分高的电视剧"", ""sort"": {""new"": {""order"": ""desc""}, ""rate"": {""order"": ""desc""}}}",vod_search,"{""action"": ""search"", ""query"": {""field"": ""category"", ""value"": ""电视剧""}, ""retext"": ""最新的豆瓣评分高的电视剧"", ""sort"": {""new"": {""order"": ""desc""}, ""rate"": {""order"": ""desc""}}}",Y,Y,Y,
影视,影视75,vod_keyword_search,搜索浙江卫视的王牌对王牌,vod_search_all,"{""action"": ""search"", ""query"": {""and"": [{""field"": ""title"", ""value"": ""王牌对王牌""}, {""field"": ""channel"", ""value"": ""浙江卫视""}]}, ""retext"": ""搜索浙江卫视的王牌对王牌""}",vod_search_all,"{""action"": ""search"", ""query"": {""and"": [{""field"": ""title"", ""value"": ""王牌对王牌""}, {""field"": ""channel"", ""value"": ""浙江卫视""}]}, ""retext"": ""搜索浙江卫视的王牌对王牌""}",Y,Y,Y,
影视,影视74,vod_keyword_search,芒果TV新上的综艺,vod_search_all,"{""action"": ""search"", ""query"": {""and"": [{""field"": ""vender_name"", ""value"": ""芒果tv""}, {""field"": ""category"", ""value"": ""综艺""}]}, ""retext"": ""芒果TV新上的综艺"", ""sort"": {""new"": {""order"": ""desc""}}}",vod_search_all,"{""action"": ""search"", ""query"": {""and"": [{""field"": ""category"", ""value"": ""综艺""}, {""field"": ""vender_name"", ""value"": ""芒果tv""}]}, ""retext"": ""芒果TV新上的综艺"", ""sort"": {""new"": {""order"": ""desc""}}}",Y,Y,Y,
影视,影视71,vod_keyword_search,评分在8.5到9分之间的影片,vod_search,"{""action"": ""search"", ""query"": {""and"": [{""field"": ""category"", ""value"": ""电影""}, {""field"": ""rate"", ""from"": 8.5, ""to"": 9.0}]}, ""retext"": ""评分在8.5到9分之间的影片""}",vod_search,"{""action"": ""search"", ""query"": {""and"": [{""field"": ""category"", ""value"": ""电影""}, {""field"": ""rate"", ""from"": 8.5, ""to"": 9.0}]}, ""retext"": ""评分在8.5到9分之间的影片""}",Y,Y,Y,
影视,影视76,vod_keyword_search,收看湖南卫视的乘风破浪的姐姐,vod_search_all,"{""action"": ""play"", ""query"": {""and"": [{""field"": ""title"", ""value"": ""乘风破浪的姐姐""}, {""field"": ""channel"", ""value"": ""湖南卫视""}]}, ""retext"": ""收看湖南卫视的乘风破浪的姐姐""}",vod_search_all,"{""action"": ""play"", ""query"": {""and"": [{""field"": ""title"", ""value"": ""乘风破浪的姐姐""}, {""field"": ""channel"", ""value"": ""湖南卫视""}]}, ""retext"": ""收看湖南卫视的乘风破浪的姐姐""}",Y,Y,Y,
影视,影视79,vod_keyword_search,4K的外国电影,vod_search_all,"{""action"": ""search"", ""query"": {""and"": [{""field"": ""definition"", ""value"": ""is_4k""}, {""field"": ""area"", ""value"": ""外国""}, {""field"": ""category"", ""value"": ""电影""}]}, ""retext"": ""4K的外国电影""}",vod_search_all,"{""action"": ""search"", ""query"": {""and"": [{""field"": ""area"", ""value"": ""外国""}, {""field"": ""category"", ""value"": ""电影""}, {""field"": ""definition"", ""value"": ""is_4k""}]}, ""retext"": ""4K的外国电影""}",Y,Y,Y,
影视,影视78,vod_keyword_search,播放山东卫视的电视剧,vod_search_all,"{""action"": ""play"", ""query"": {""and"": [{""field"": ""channel"", ""value"": ""山东卫视""}, {""field"": ""category"", ""value"": ""电视剧""}]}, ""retext"": ""播放山东卫视的电视剧""}",vod_search_all,"{""action"": ""play"", ""query"": {""and"": [{""field"": ""channel"", ""value"": ""山东卫视""}, {""field"": ""category"", ""value"": ""电视剧""}]}, ""retext"": ""播放山东卫视的电视剧""}",Y,Y,Y,
影视,影视77,vod_keyword_search,放中央一台连续剧,vod_search_all,"{""action"": ""play"", ""query"": {""and"": [{""field"": ""channel"", ""value"": ""中央一台""}, {""field"": ""category"", ""value"": ""电视剧""}]}, ""retext"": ""放中央一台连续剧""}",vod_search_all,"{""action"": ""play"", ""query"": {""and"": [{""field"": ""channel"", ""value"": ""中央一台""}, {""field"": ""category"", ""value"": ""电视剧""}]}, ""retext"": ""放中央一台连续剧""}",Y,Y,Y,
影视,影视80,vod_keyword_search,杜比全景声的电影,vod_search_all,"{""action"": ""search"", ""query"": {""and"": [{""field"": ""sound"", ""value"": ""杜比全景声""}, {""field"": ""category"", ""value"": ""电影""}]}, ""retext"": ""杜比全景声的电影""}",vod_search_all,"{""action"": ""search"", ""query"": {""and"": [{""field"": ""category"", ""value"": ""电影""}, {""field"": ""sound"", ""value"": ""杜比全景声""}]}, ""retext"": ""杜比全景声的电影""}",Y,Y,Y,
影视,影视83,vod_keyword_search,郭德纲儿子最近上的一部剧,vod_search,"{""action"": ""search"", ""query"": {""and"": [{""field"": ""actor"", ""value"": ""郭麒麟""}, {""field"": ""category"", ""value"": ""电视剧""}]}, ""retext"": ""郭德纲儿子最近上的一部剧"", ""sort"": {""new"": {""order"": ""desc""}}}",vod_search,"{""action"": ""search"", ""query"": {""and"": [{""field"": ""actor"", ""value"": ""郭麒麟""}, {""field"": ""category"", ""value"": ""电视剧""}]}, ""retext"": ""郭德纲儿子最近上的一部剧"", ""sort"": {""new"": {""order"": ""desc""}}}",Y,Y,Y,
影视,影视84,vod_keyword_search,我想看邓超的电影,vod_search,"{""action"": ""search"", ""query"": {""and"": [{""field"": ""actor"", ""value"": ""邓超""}, {""field"": ""category"", ""value"": ""电影""}]}, ""retext"": ""我想看邓超的电影""}",vod_search,"{""action"": ""search"", ""query"": {""and"": [{""field"": ""actor"", ""value"": ""邓超""}, {""field"": ""category"", ""value"": ""电影""}]}, ""retext"": ""我想看邓超的电影""}",Y,Y,Y,
影视,影视81,vod_keyword_search,打开3d视频,vod_search,"{""action"": ""play"", ""query"": {""field"": ""definition"", ""value"": ""is_3d""}, ""retext"": ""打开3d视频""}",vod_search,"{""action"": ""play"", ""query"": {""field"": ""definition"", ""value"": ""is_3d""}, ""retext"": ""打开3d视频""}",Y,Y,Y,
影视,影视90,vod_keyword_search,高分的欧美爱情电影,vod_search_all,"{""action"": ""search"", ""query"": {""and"": [{""field"": ""area"", ""value"": ""欧美""}, {""field"": ""tag"", ""value"": ""爱情""}, {""field"": ""category"", ""value"": ""电影""}]}, ""retext"": ""高分的欧美爱情电影"", ""sort"": {""rate"": {""order"": ""desc""}}}",vod_search_all,"{""action"": ""search"", ""query"": {""and"": [{""field"": ""area"", ""value"": ""欧美""}, {""field"": ""category"", ""value"": ""电影""}, {""field"": ""tag"", ""value"": ""爱情""}]}, ""retext"": ""高分的欧美爱情电影"", ""sort"": {""rate"": {""order"": ""desc""}}}",Y,Y,Y,
影视,影视82,vod_keyword_search,3d版 电影,vod_search,"{""action"": ""search"", ""query"": {""and"": [{""field"": ""definition"", ""value"": ""is_3d""}, {""field"": ""category"", ""value"": ""电影""}]}, ""retext"": ""3d版 电影""}",vod_search,"{""action"": ""search"", ""query"": {""and"": [{""field"": ""category"", ""value"": ""电影""}, {""field"": ""definition"", ""value"": ""is_3d""}]}, ""retext"": ""3d版 电影""}",Y,Y,Y,
影视,影视86,vod_keyword_search,我想看北美2006年上映电影,vod_search_all,"{""action"": ""search"", ""query"": {""and"": [{""field"": ""area"", ""value"": ""北美""}, {""field"": ""release_time"", ""from"": ""20060101"", ""to"": ""20061231""}, {""field"": ""category"", ""value"": ""电影""}]}, ""retext"": ""我想看北美2006年上映电影""}",vod_search_all,"{""action"": ""search"", ""query"": {""and"": [{""field"": ""area"", ""value"": ""北美""}, {""field"": ""category"", ""value"": ""电影""}, {""field"": ""release_time"", ""from"": ""20060101"", ""to"": ""20061231""}]}, ""retext"": ""我想看北美2006年上映电影""}",Y,Y,Y,
影视,影视88,vod_qa（问答类语料）,付费才能看的电视剧,vod_search,"{""action"": ""search"", ""query"": {""and"": [{""field"": ""category"", ""value"": ""电视剧""}, {""field"": ""is_fee"", ""value"": 1}]}, ""retext"": ""付费才能看的电视剧""}",vod_search,"{""action"": ""search"", ""query"": {""and"": [{""field"": ""category"", ""value"": ""电视剧""}, {""field"": ""is_fee"", ""value"": 1}]}, ""retext"": ""付费才能看的电视剧""}",Y,Y,Y,
影视,影视87,vod_keyword_search,方中信90年代的电影,vod_search,"{""action"": ""search"", ""query"": {""and"": [{""field"": ""actor"", ""value"": ""方中信""}, {""field"": ""release_time"", ""from"": ""19900101"", ""to"": ""19991231""}, {""field"": ""category"", ""value"": ""电影""}]}, ""retext"": ""方中信90年代的电影""}",vod_search,"{""action"": ""search"", ""query"": {""and"": [{""field"": ""actor"", ""value"": ""方中信""}, {""field"": ""category"", ""value"": ""电影""}, {""field"": ""release_time"", ""from"": ""19900101"", ""to"": ""19991231""}]}, ""retext"": ""方中信90年代的电影""}",Y,Y,Y,
影视,影视85,vod_keyword_search,八十年代的武侠片,vod_search,"{""action"": ""search"", ""query"": {""and"": [{""field"": ""release_time"", ""from"": ""19800101"", ""to"": ""19891231""}, {""field"": ""category"", ""value"": ""电影""}, {""field"": ""tag"", ""value"": ""武侠""}]}, ""retext"": ""八十年代的武侠片""}",vod_search,"{""action"": ""search"", ""query"": {""and"": [{""field"": ""category"", ""value"": ""电影""}, {""field"": ""tag"", ""value"": ""武侠""}, {""field"": ""release_time"", ""from"": ""19800101"", ""to"": ""19891231""}]}, ""retext"": ""八十年代的武侠片""}",Y,Y,Y,
影视,影视92,vod_keyword_search,去年大陆的纪录片,vod_search_all,"{""action"": ""search"", ""query"": {""and"": [{""field"": ""release_time"", ""from"": ""20250101"", ""to"": ""20251231""}, {""field"": ""area"", ""value"": ""大陆""}, {""field"": ""category"", ""value"": ""纪录片""}]}, ""retext"": ""去年大陆的纪录片""}",vod_search_all,"{""action"": ""search"", ""query"": {""and"": [{""field"": ""area"", ""value"": ""大陆""}, {""field"": ""category"", ""value"": ""纪录片""}, {""field"": ""release_time"", ""from"": ""20250101"", ""to"": ""20251231""}]}, ""retext"": ""去年大陆的纪录片""}",Y,Y,Y,
影视,影视91,vod_keyword_search,赵文卓参演的香港武侠片,vod_search_all,"{""action"": ""search"", ""query"": {""and"": [{""field"": ""actor"", ""value"": ""赵文卓""}, {""field"": ""area"", ""value"": ""香港""}, {""field"": ""tag"", ""value"": ""武侠""}, {""field"": ""category"", ""value"": ""电影""}]}, ""retext"": ""赵文卓参演的香港武侠片""}",vod_search_all,"{""action"": ""search"", ""query"": {""and"": [{""field"": ""actor"", ""value"": ""赵文卓""}, {""field"": ""area"", ""value"": ""香港""}, {""field"": ""category"", ""value"": ""电影""}, {""field"": ""tag"", ""value"": ""武侠""}]}, ""retext"": ""赵文卓参演的香港武侠片""}",Y,Y,Y,
影视,影视93,vod_keyword_search,大型人文纪录片汉字五千年,vod_search,"{""action"": ""search"", ""query"": {""and"": [{""field"": ""title"", ""value"": ""汉字五千年""}, {""field"": ""tag"", ""value"": ""人文""}, {""field"": ""category"", ""value"": ""纪录片""}]}, ""retext"": ""大型人文纪录片汉字五千年""}",vod_search,"{""action"": ""search"", ""query"": {""and"": [{""field"": ""title"", ""value"": ""汉字五千年""}, {""field"": ""category"", ""value"": ""纪录片""}, {""field"": ""tag"", ""value"": ""人文""}]}, ""retext"": ""大型人文纪录片汉字五千年""}",Y,Y,Y,
影视,影视89,vod_keyword_search,90年代的香港免费武侠电视剧,vod_search_all,"{""action"": ""search"", ""query"": {""and"": [{""field"": ""release_time"", ""from"": ""19900101"", ""to"": ""19991231""}, {""field"": ""area"", ""value"": ""香港""}, {""field"": ""is_fee"", ""value"": 0}, {""field"": ""tag"", ""value"": ""武侠""}, {""field"": ""category"", ""value"": ""电视剧""}]}, ""retext"": ""90年代的香港免费武侠电视剧""}",vod_search_all,"{""action"": ""search"", ""query"": {""and"": [{""field"": ""area"", ""value"": ""香港""}, {""field"": ""category"", ""value"": ""电视剧""}, {""field"": ""tag"", ""value"": ""武侠""}, {""field"": ""is_fee"", ""value"": 0}, {""field"": ""release_time"", ""from"": ""19900101"", ""to"": ""19991231""}]}, ""retext"": ""90年代的香港免费武侠电视剧""}",Y,Y,Y,
影视,影视94,vod_keyword_search,今年播出的内地美食相关的纪录片,vod_search_all,"{""action"": ""search"", ""query"": {""and"": [{""field"": ""release_time"", ""from"": ""20260101"", ""to"": ""20261231""}, {""field"": ""area"", ""value"": ""内地""}, {""field"": ""tag"", ""value"": ""美食""}, {""field"": ""category"", ""value"": ""纪录片""}]}, ""retext"": ""今年播出的内地美食相关的纪录片""}",vod_search_all,"{""action"": ""search"", ""query"": {""and"": [{""field"": ""area"", ""value"": ""内地""}, {""field"": ""category"", ""value"": ""纪录片""}, {""field"": ""tag"", ""value"": ""美食""}, {""field"": ""release_time"", ""from"": ""20260101"", ""to"": ""20261231""}]}, ""retext"": ""今年播出的内地美食相关的纪录片""}",Y,Y,Y,
影视,影视95,vod_keyword_search,汤姆克鲁斯主演的美国科幻片,vod_search_all,"{""action"": ""search"", ""query"": {""and"": [{""field"": ""actor"", ""value"": ""汤姆·克鲁斯""}, {""field"": ""area"", ""value"": ""美国""}, {""field"": ""tag"", ""value"": ""科幻""}, {""field"": ""category"", ""value"": ""电影""}]}, ""retext"": ""汤姆克鲁斯主演的美国科幻片""}",vod_search_all,"{""action"": ""search"", ""query"": {""and"": [{""field"": ""actor"", ""value"": ""汤姆·克鲁斯""}, {""field"": ""area"", ""value"": ""美国""}, {""field"": ""category"", ""value"": ""电影""}, {""field"": ""tag"", ""value"": ""科幻""}]}, ""retext"": ""汤姆克鲁斯主演的美国科幻片""}",Y,Y,Y,
影视,影视96,vod_keyword_search,马里奥毛瑞尔主演的泰国爱情喜剧电影,vod_search_all,"{""action"": ""search"", ""query"": {""and"": [{""field"": ""actor"", ""value"": ""马里奥·毛瑞尔""}, {""field"": ""area"", ""value"": ""泰国""}, {""field"": ""tag"", ""operator"": ""and"", ""values"": [""爱情"", ""喜剧""]}, {""field"": ""category"", ""value"": ""电影""}]}, ""retext"": ""马里奥毛瑞尔主演的泰国爱情喜剧电影""}",vod_search_all,"{""action"": ""search"", ""query"": {""and"": [{""field"": ""actor"", ""value"": ""马里奥·毛瑞尔""}, {""field"": ""area"", ""value"": ""泰国""}, {""field"": ""category"", ""value"": ""电影""}, {""field"": ""tag"", ""operator"": ""and"", ""values"": [""爱情"", ""喜剧""]}]}, ""retext"": ""马里奥毛瑞尔主演的泰国爱情喜剧电影""}",Y,Y,Y,
影视,影视97,vod_keyword_search,搜索2021年播出的韩国校园青春剧,vod_search_all,"{""action"": ""search"", ""query"": {""and"": [{""field"": ""release_time"", ""from"": ""20210101"", ""to"": ""20211231""}, {""field"": ""area"", ""value"": ""韩国""}, {""field"": ""tag"", ""operator"": ""and"", ""values"": [""校园"", ""青春""]}, {""field"": ""category"", ""value"": ""电视剧""}]}, ""retext"": ""搜索2021年播出的韩国校园青春剧""}",vod_search_all,"{""action"": ""search"", ""query"": {""and"": [{""field"": ""area"", ""value"": ""韩国""}, {""field"": ""category"", ""value"": ""电视剧""}, {""field"": ""tag"", ""operator"": ""and"", ""values"": [""校园"", ""青春""]}, {""field"": ""release_time"", ""from"": ""20210101"", ""to"": ""20211231""}]}, ""retext"": ""搜索2021年播出的韩国校园青春剧""}",Y,Y,Y,
影视,影视98,vod_keyword_search,2016年章子怡拍的好莱坞电影,vod_search_all,"{""action"": ""search"", ""query"": {""and"": [{""field"": ""release_time"", ""from"": ""20160101"", ""to"": ""20161231""}, {""field"": ""actor"", ""value"": ""章子怡""}, {""field"": ""company"", ""value"": ""好莱坞""}, {""field"": ""category"", ""value"": ""电影""}]}, ""retext"": ""2016年章子怡拍的好莱坞电影""}",vod_search_all,"{""action"": ""search"", ""query"": {""and"": [{""field"": ""actor"", ""value"": ""章子怡""}, {""field"": ""category"", ""value"": ""电影""}, {""field"": ""company"", ""value"": ""好莱坞""}, {""field"": ""release_time"", ""from"": ""20160101"", ""to"": ""20161231""}]}, ""retext"": ""2016年章子怡拍的好莱坞电影""}",Y,Y,Y,
影视,影视99,vod_keyword_search,小s和蔡康永一起主持的台湾综艺,vod_search_all,"{""action"": ""search"", ""query"": {""and"": [{""field"": ""hostess"", ""operator"": ""and"", ""values"": [""小S"", ""蔡康永""]}, {""field"": ""area"", ""value"": ""台湾""}, {""field"": ""category"", ""value"": ""综艺""}]}, ""retext"": ""小s和蔡康永一起主持的台湾综艺""}",vod_search_all,"{""action"": ""search"", ""query"": {""and"": [{""field"": ""area"", ""value"": ""台湾""}, {""field"": ""category"", ""value"": ""综艺""}, {""field"": ""hostess"", ""operator"": ""and"", ""values"": [""小S"", ""蔡康永""]}]}, ""retext"": ""小s和蔡康永一起主持的台湾综艺""}",Y,Y,Y,
影视,影视101,vod_keyword_search,搜索方言的情景喜剧,vod_search_all,"{""action"": ""search"", ""query"": {""and"": [{""field"": ""language"", ""value"": ""方言""}, {""field"": ""tag"", ""value"": ""情景喜剧""}]}, ""retext"": ""搜索方言的情景喜剧""}",vod_search_all,"{""action"": ""search"", ""query"": {""and"": [{""field"": ""language"", ""value"": ""方言""}, {""field"": ""tag"", ""value"": ""情景喜剧""}]}, ""retext"": ""搜索方言的情景喜剧""}",Y,Y,Y,
影视,影视102,vod_vague_search,小品小崔说事,vod_search,"{""action"": ""search"", ""query"": {""and"": [{""field"": ""title"", ""value"": ""小崔说事""}, {""field"": ""tag"", ""value"": ""小品""}]}, ""retext"": ""小品小崔说事""}",vod_search,"{""action"": ""search"", ""query"": {""and"": [{""field"": ""title"", ""value"": ""小崔说事""}, {""field"": ""tag"", ""value"": ""小品""}]}, ""retext"": ""小品小崔说事""}",Y,Y,Y,
影视,影视103,vod_keyword_search,相声像我这样的人,vod_search,"{""action"": ""search"", ""query"": {""and"": [{""field"": ""title"", ""value"": ""像我这样的人""}, {""field"": ""tag"", ""value"": ""相声""}]}, ""retext"": ""相声像我这样的人""}",vod_search,"{""action"": ""search"", ""query"": {""and"": [{""field"": ""title"", ""value"": ""像我这样的人""}, {""field"": ""tag"", ""value"": ""相声""}]}, ""retext"": ""相声像我这样的人""}",Y,Y,Y,
影视,影视100,vod_keyword_search,免费的粤语电视剧,vod_search_all,"{""action"": ""search"", ""query"": {""and"": [{""field"": ""is_fee"", ""value"": 0}, {""field"": ""language"", ""value"": ""粤语""}, {""field"": ""category"", ""value"": ""电视剧""}]}, ""retext"": ""免费的粤语电视剧""}",vod_search_all,"{""action"": ""search"", ""query"": {""and"": [{""field"": ""language"", ""value"": ""粤语""}, {""field"": ""category"", ""value"": ""电视剧""}, {""field"": ""is_fee"", ""value"": 0}]}, ""retext"": ""免费的粤语电视剧""}",Y,Y,Y,
影视,影视104,vod_keyword_search,赵丽蓉的小品打工奇遇,vod_search,"{""action"": ""search"", ""query"": {""and"": [{""field"": ""title"", ""value"": ""打工奇遇""}, {""field"": ""actor"", ""value"": ""赵丽蓉""}, {""field"": ""tag"", ""value"": ""小品""}]}, ""retext"": ""赵丽蓉的小品打工奇遇""}",vod_search,"{""action"": ""search"", ""query"": {""and"": [{""field"": ""title"", ""value"": ""打工奇遇""}, {""field"": ""actor"", ""value"": ""赵丽蓉""}, {""field"": ""tag"", ""value"": ""小品""}]}, ""retext"": ""赵丽蓉的小品打工奇遇""}",Y,Y,Y,
影视,影视110,vod_keyword_search,我想看电影，不要刘德华的，不要香港的，不要动作的,vod_search_all,"{""action"": ""search"", ""query"": {""and"": [{""field"": ""category"", ""value"": ""电影""}, {""not"": {""or"": [{""field"": ""actor"", ""value"": ""刘德华""}, {""field"": ""area"", ""value"": ""香港""}, {""field"": ""tag"", ""value"": ""动作""}]}}]}, ""retext"": ""我想看电影，不要刘德华的，不要香港的，不要动作的""}",execute,"{""query"": ""我想看电影，不要刘德华的，不要香港的，不要动作的""}",N,N,N,"action: gold=""search"" pred=; query: gold={""and"": [{""field"": ""category"", ""value"": ""电影""}, {""not"": {""or"": [{""field"": ""actor"", ""value"": ""刘德华""}, {""field"": ""area"", ""value"": ""香港""}, {""field"": ""tag"", ""value"": ""动作""}]}}]} pred=""我想看电影，不要刘德华的，不要香港的，不要动作的""; retext: gold=""我想看电影，不要刘德华的，不要香港的，不要动作的"" pred="
影视,影视107,vod_vague_search,播放深情眼泰语版,vod_search_all,"{""action"": ""play"", ""query"": {""and"": [{""field"": ""title"", ""value"": ""深情眼""}, {""field"": ""language"", ""value"": ""泰语""}]}, ""retext"": ""播放深情眼泰语版""}",music_song_search,"{""retext"": ""播放深情眼泰语版""}",N,N,N,"action: gold=""play"" pred=; query: gold={""and"": [{""field"": ""language"", ""value"": ""泰语""}, {""field"": ""title"", ""value"": ""深情眼""}]} pred="
影视,影视105,vod_keyword_search,漩涡视频,vod_search,"{""action"": ""search"", ""query"": {""field"": ""title"", ""value"": ""漩涡""}, ""retext"": ""漩涡视频""}",vod_search,"{""action"": ""search"", ""query"": {""field"": ""title"", ""value"": ""漩涡""}, ""retext"": ""漩涡视频""}",Y,Y,Y,
影视,影视108,vod_keyword_search,找还在更新中的电视剧,vod_search,"{""action"": ""search"", ""query"": {""and"": [{""field"": ""is_over"", ""value"": 0}, {""field"": ""category"", ""value"": ""电视剧""}]}, ""retext"": ""找还在更新中的电视剧""}",vod_search,"{""action"": ""search"", ""query"": {""and"": [{""field"": ""category"", ""value"": ""电视剧""}, {""field"": ""is_over"", ""value"": 0}]}, ""retext"": ""找还在更新中的电视剧""}",Y,Y,Y,
影视,影视109,vod_keyword_search,已完结的电视剧,vod_search,"{""action"": ""search"", ""query"": {""and"": [{""field"": ""is_over"", ""value"": 1}, {""field"": ""category"", ""value"": ""电视剧""}]}, ""retext"": ""找还在更新中的电视剧""}",vod_search,"{""action"": ""search"", ""query"": {""and"": [{""field"": ""category"", ""value"": ""电视剧""}, {""field"": ""is_over"", ""value"": 1}]}, ""retext"": ""已完结的电视剧""}",Y,N,N,"retext: gold=""找还在更新中的电视剧"" pred=""已完结的电视剧"""
影视,影视106,vod_keyword_search,我想看电影长安的荔枝3分09秒的全屏,vod_search,"{""action"": ""play"", ""query"": {""and"": [{""field"": ""title"", ""value"": ""长安的荔枝""}, {""field"": ""category"", ""value"": ""电影""}, {""field"": ""voiceStartPos"", ""value"": 189}]}, ""retext"": ""我想看电影长安的荔枝3分09秒的全屏""}",vod_search,"{""action"": ""play"", ""query"": {""and"": [{""field"": ""title"", ""value"": ""长安的荔枝""}, {""field"": ""voiceStartPos"", ""value"": 189}, {""field"": ""category"", ""value"": ""电影""}]}, ""retext"": ""我想看电影长安的荔枝3分09秒的全屏""}",Y,Y,Y,
影视,影视114,vod_vague_search,笑果文化的脱口秀节目,vod_search_all,"{""action"": ""search"", ""query"": {""and"": [{""field"": ""comedy_brand"", ""value"": ""笑果文化""}, {""field"": ""tag"", ""value"": ""脱口秀""}, {""field"": ""category"", ""value"": ""综艺""}]}, ""retext"": ""笑果文化的脱口秀节目""}",vod_search_all,"{""action"": ""search"", ""query"": {""and"": [{""field"": ""category"", ""value"": ""综艺""}, {""field"": ""tag"", ""value"": ""脱口秀""}, {""field"": ""comedy_brand"", ""value"": ""笑果文化""}]}, ""retext"": ""笑果文化的脱口秀节目""}",Y,Y,Y,
影视,影视113,vod_keyword_search,适合10到14岁看的纪录片,vod_search,"{""action"": ""search"", ""query"": {""and"": [{""field"": ""age_range"", ""from"": 10, ""to"": 14}, {""field"": ""category"", ""value"": ""纪录片""}]}, ""retext"": ""适合10到14岁看的纪录片""}",vod_search,"{""action"": ""search"", ""query"": {""and"": [{""field"": ""category"", ""value"": ""纪录片""}, {""field"": ""age_range"", ""from"": 10, ""to"": 14}]}, ""retext"": ""适合10到14岁看的纪录片""}",Y,Y,Y,
影视,影视122,vod_personalized_recommend,根据我的兴趣推荐几部剧,vod_personalized_search,"{""category"": ""电视剧""}",execute,"{""query"": ""根据我的兴趣推荐几部剧""}",N,N,N,"category: gold=""电视剧"" pred=; query: gold= pred=""根据我的兴趣推荐几部剧"""
影视,影视112,vod_vague_search,辩论赛经典视频,vod_search,"{""action"": ""search"", ""query"": {""field"": ""tag"", ""value"": ""辩论""}, ""retext"": ""辩论赛经典视频""}",vod_search,"{""action"": ""search"", ""query"": {""field"": ""tag"", ""value"": ""辩论""}, ""retext"": ""辩论赛经典视频""}",Y,Y,Y,
影视,影视115,vod_keyword_search,获得白玉兰奖最佳女主角的电视剧,vod_search_all,"{""action"": ""search"", ""query"": {""and"": [{""field"": ""prize"", ""value"": ""白玉兰奖""}, {""field"": ""sub_prize"", ""value"": ""最佳女主角""}, {""field"": ""category"", ""value"": ""电视剧""}]}, ""retext"": ""获得白玉兰奖最佳女主角的电视剧""}",vod_search_all,"{""action"": ""search"", ""query"": {""and"": [{""field"": ""category"", ""value"": ""电视剧""}, {""field"": ""prize"", ""value"": ""白玉兰奖""}, {""field"": ""sub_prize"", ""value"": ""最佳女主角""}]}, ""retext"": ""获得白玉兰奖最佳女主角的电视剧""}",Y,Y,Y,
影视,影视117,vod_relate_recommend,和甄嬛传类似的电视剧,vod_relate_search,"{""query"": {""and"": [{""field"": ""title"", ""value"": ""甄嬛传""}, {""field"": ""category"", ""value"": ""电视剧""}]}}",vod_relate_search,"{""query"": {""and"": [{""field"": ""title"", ""value"": ""甄嬛传""}, {""field"": ""category"", ""value"": ""电视剧""}]}}",Y,Y,Y,
影视,影视116,vod_vague_search,获得香港金像奖最佳男主角的影片,vod_search_all,"{""action"": ""search"", ""query"": {""and"": [{""field"": ""prize"", ""value"": ""香港电影金像奖""}, {""field"": ""sub_prize"", ""value"": ""最佳男主角""}, {""field"": ""category"", ""value"": ""电影""}]}, ""retext"": ""获得香港金像奖最佳男主角的影片""}",vod_search_all,"{""action"": ""search"", ""query"": {""and"": [{""field"": ""area"", ""value"": ""香港""}, {""field"": ""category"", ""value"": ""电影""}, {""field"": ""prize"", ""value"": ""香港电影金像奖""}, {""field"": ""sub_prize"", ""value"": ""最佳男主角""}]}, ""retext"": ""获得香港金像奖最佳男主角的影片""}",Y,N,N,"query: gold={""and"": [{""field"": ""category"", ""value"": ""电影""}, {""field"": ""prize"", ""value"": ""香港电影金像奖""}, {""field"": ""sub_prize"", ""value"": ""最佳男主角""}]} pred={""and"": [{""field"": ""area"", ""value"": ""香港""}, {""field"": ""category"", ""value"": ""电影""}, {""field"": ""prize"", ""value"": ""香港电影金像奖""}, {""field"": ""sub_prize"", ""value"": ""最佳男主角""}]}"
影视,影视125,vod_personalized_recommend,按我的口味推荐电影,vod_personalized_search,"{""category"": ""电影""}",execute,"{""query"": ""按我的口味推荐电影""}",N,N,N,"category: gold=""电影"" pred=; query: gold= pred=""按我的口味推荐电影"""
影视,影视119,vod_relate_recommend,类似《赘婿》的剧,vod_relate_search,"{""query"": {""and"": [{""field"": ""title"", ""value"": ""赘婿""}, {""field"": ""category"", ""value"": ""电视剧""}]}}",vod_relate_search,"{""query"": {""and"": [{""field"": ""title"", ""value"": ""赘婿""}, {""field"": ""category"", ""value"": ""电视剧""}]}}",Y,Y,Y,
影视,影视126,vod_personalized_recommend,请根据我的喜好，来给我推荐影片,vod_personalized_search,"{""category"": ""电影""}",execute,"{""query"": ""请根据我的喜好，来给我推荐影片""}",N,N,N,"category: gold=""电影"" pred=; query: gold= pred=""请根据我的喜好，来给我推荐影片"""
影视,影视123,vod_personalized_recommend,结合我的喜好推荐电视剧,vod_personalized_search,"{""category"": ""电视剧""}",execute,"{""query"": ""结合我的喜好推荐电视剧""}",N,N,N,"category: gold=""电视剧"" pred=; query: gold= pred=""结合我的喜好推荐电视剧"""
影视,影视118,vod_relate_recommend,跟《大染坊》系列类似的电视剧,vod_relate_search,"{""query"": {""and"": [{""field"": ""title"", ""value"": ""大染坊""}, {""field"": ""category"", ""value"": ""电视剧""}]}}",vod_relate_search,"{""query"": {""and"": [{""field"": ""title"", ""value"": ""大染坊""}, {""field"": ""category"", ""value"": ""电视剧""}]}}",Y,Y,Y,
影视,影视124,vod_personalized_recommend,帮我找符合我偏好的电视剧,vod_personalized_search,"{""category"": ""电视剧""}",vod_personalized_search,"{""category"": ""电视剧""}",Y,Y,Y,
影视,影视120,vod_relate_recommend,有没有类似盗梦空间的电影,vod_relate_search,"{""query"": {""and"": [{""field"": ""title"", ""value"": ""盗梦空间""}, {""field"": ""category"", ""value"": ""电影""}]}}",vod_relate_search,"{""query"": {""and"": [{""field"": ""title"", ""value"": ""盗梦空间""}, {""field"": ""category"", ""value"": ""电影""}]}}",Y,Y,Y,
影视,影视121,vod_relate_recommend,推荐跟冰雪奇缘相近的影片,vod_relate_search,"{""query"": {""and"": [{""field"": ""title"", ""value"": ""冰雪奇缘""}, {""field"": ""category"", ""value"": ""电影""}]}}",vod_relate_search,"{""query"": {""and"": [{""field"": ""title"", ""value"": ""冰雪奇缘""}, {""field"": ""category"", ""value"": ""电影""}]}}",Y,Y,Y,
影视,影视129,vod_history,播放刚才看的电影,vod_history,"{""category"": ""电影""}",vod_history,"{""category"": ""电影""}",Y,Y,Y,
影视,影视128,vod_history,最近看过的电视剧,vod_history,"{""category"": ""电视剧""}",vod_history,"{""category"": ""电视剧""}",Y,Y,Y,
影视,影视131,vod_history,播放昨天的纪录片,vod_history,"{""category"": ""纪录片"", ""time"": ""2026-08-23 00:00:00 TO 2026-08-23 23:59:59""}",vod_history,"{""category"": ""纪录片"", ""time"": ""2026-09-11 00:00:00 TO 2026-09-11 23:59:59""}",Y,N,N,"time: gold=""2026-08-23 00:00:00 TO 2026-08-23 23:59:59"" pred=""2026-09-11 00:00:00 TO 2026-09-11 23:59:59"""
影视,影视130,vod_history,继续播我上一次看的电影,vod_history,"{""category"": ""电影""}",vod_history,"{""category"": ""电影""}",Y,Y,Y,
影视,影视132,vod_history,打开我近期播过的综艺节目,vod_history,"{""category"": ""综艺""}",vod_history,"{""category"": ""综艺""}",Y,Y,Y,
影视,影视134,vod_keyword_search,改编自莫言小说的电影,vod_search_all,"{""action"": ""search"", ""query"": {""and"": [{""field"": ""writer"", ""value"": ""莫言""}, {""field"": ""creation_source"", ""value"": ""小说改编""}, {""field"": ""category"", ""value"": ""电影""}]}, ""retext"": ""改编自莫言小说的电影""}",audio_search,"{""action"": ""search"", ""query"": ""改编自莫言小说的电影""}",N,N,N,"query: gold={""and"": [{""field"": ""category"", ""value"": ""电影""}, {""field"": ""creation_source"", ""value"": ""小说改编""}, {""field"": ""writer"", ""value"": ""莫言""}]} pred=""改编自莫言小说的电影""; retext: gold=""改编自莫言小说的电影"" pred="
影视,影视127,vod_vague_search,大家都在看的热门剧推荐一下,vod_search,"{""action"": ""search"", ""query"": {""field"": ""category"", ""value"": ""电视剧""}, ""retext"": ""大家都在看的热门剧推荐一下"", ""sort"": {""hot"": {""order"": ""desc""}}}",vod_search,"{""action"": ""search"", ""query"": {""field"": ""category"", ""value"": ""电视剧""}, ""retext"": ""大家都在看的热门剧推荐一下"", ""sort"": {""hot"": {""order"": ""desc""}}}",Y,Y,Y,
影视,影视139,vod_vague_search,我想看视频,vod_fuzzy_search,"{""query"": ""我想看视频""}",execute,"{""query"": ""我想看视频""}",N,Y,N,
影视,影视135,vod_keyword_search,金庸小说改编的电视剧,vod_search_all,"{""action"": ""search"", ""query"": {""and"": [{""field"": ""writer"", ""value"": ""金庸""}, {""field"": ""creation_source"", ""value"": ""小说改编""}, {""field"": ""category"", ""value"": ""电视剧""}]}, ""retext"": ""金庸小说改编的电视剧""}",audio_search,"{""action"": ""search"", ""query"": ""金庸小说改编的电视剧""}",N,N,N,"query: gold={""and"": [{""field"": ""category"", ""value"": ""电视剧""}, {""field"": ""creation_source"", ""value"": ""小说改编""}, {""field"": ""writer"", ""value"": ""金庸""}]} pred=""金庸小说改编的电视剧""; retext: gold=""金庸小说改编的电视剧"" pred="
影视,影视136,vod_keyword_search,高满堂编剧的电视剧,vod_search_all,"{""action"": ""search"", ""query"": {""and"": [{""field"": ""writer"", ""value"": ""高满堂""}, {""field"": ""category"", ""value"": ""电视剧""}]}, ""retext"": ""高满堂编剧的电视剧""}",vod_search_all,"{""action"": ""search"", ""query"": {""and"": [{""field"": ""category"", ""value"": ""电视剧""}, {""field"": ""writer"", ""value"": ""高满堂""}]}, ""retext"": ""高满堂编剧的电视剧""}",Y,Y,Y,
影视,影视133,vod_keyword_search,刘德华友情出演的影片,vod_search,"{""action"": ""search"", ""query"": {""and"": [{""field"": ""actor"", ""value"": ""刘德华""}, {""field"": ""category"", ""value"": ""电影""}]}, ""retext"": ""刘德华友情出演的影片""}",vod_search,"{""action"": ""search"", ""query"": {""and"": [{""field"": ""actor"", ""value"": ""刘德华""}, {""field"": ""category"", ""value"": ""电影""}]}, ""retext"": ""刘德华友情出演的影片""}",Y,Y,Y,
影视,影视137,vod_keyword_search,季冠霖配音的电视剧有哪些,vod_search_all,"{""action"": ""search"", ""query"": {""and"": [{""field"": ""dubbing"", ""value"": ""季冠霖""}, {""field"": ""category"", ""value"": ""电视剧""}]}, ""retext"": ""季冠霖配音的电视剧有哪些""}",vod_search_all,"{""action"": ""search"", ""query"": {""and"": [{""field"": ""category"", ""value"": ""电视剧""}, {""field"": ""dubbing"", ""value"": ""季冠霖""}]}, ""retext"": ""季冠霖配音的电视剧有哪些""}",Y,Y,Y,
影视,影视111,vod_keyword_search,我们的当打之年花絮,vod_search,,vod_fuzzy_search,"{""query"": ""我们的当打之年花絮""}",N,Y,N,
影视,影视138,vod_shortvideo,搜索金秀贤、金智媛短视频,vod_search,"{""action"": ""search"", ""query"": {""and"": [{""field"": ""actor"", ""operator"": ""or"", ""values"": [""金秀贤"", ""金智媛""]}, {""field"": ""category"", ""value"": ""短视频""}]}, ""retext"": ""搜索金秀贤、金智媛短视频""}",vod_search,"{""action"": ""search"", ""query"": {""and"": [{""field"": ""actor"", ""operator"": ""or"", ""values"": [""金秀贤"", ""金智媛""]}, {""field"": ""category"", ""value"": ""短视频""}]}, ""retext"": ""搜索金秀贤、金智媛短视频""}",Y,Y,Y,
影视,影视151,vod_vague_search,推荐点好看的,vod_fuzzy_search,"{""query"": ""推荐点好看的""}",execute,"{""query"": ""推荐点好看的""}",N,Y,N,
影视,影视142,vod_vague_search,超高清电视节目,vod_fuzzy_search,"{""query"": ""超高清电视节目""}",vod_fuzzy_search,"{""query"": ""超高清电视节目""}",Y,Y,Y,
影视,影视141,vod_vague_search,快板表演视频,vod_fuzzy_search,"{""query"": ""快板表演视频""}",vod_fuzzy_search,"{""query"": ""快板表演视频""}",Y,Y,Y,
影视,影视140,vod_vague_search,我要看免费的战斗故事片,vod_fuzzy_search,"{""query"": ""我要看免费的战斗故事片""}",vod_fuzzy_search,"{""query"": ""我要看免费的战斗故事片""}",Y,Y,Y,
影视,影视143,vod_vague_search,全景拍摄的电影,vod_fuzzy_search,"{""query"": ""全景拍摄的电影""}",vod_fuzzy_search,"{""query"": ""全景拍摄的电影""}",Y,Y,Y,
影视,影视146,vod_vague_search,找一些长辈爱看的影视剧,vod_fuzzy_search,"{""query"": ""找一些长辈爱看的影视剧""}",vod_fuzzy_search,"{""query"": ""找一些长辈爱看的影视剧""}",Y,Y,Y,
影视,影视144,vod_vague_search,推荐一些适合心情低落时观看的电影吧,vod_fuzzy_search,"{""query"": ""推荐一些适合心情低落时观看的电影吧""}",vod_fuzzy_search,"{""query"": ""推荐一些适合心情低落时观看的电影吧""}",Y,Y,Y,
影视,影视145,vod_vague_search,找几部能缓解工作压力的电影吧,vod_fuzzy_search,"{""query"": ""找几部能缓解工作压力的电影吧""}",vod_fuzzy_search,"{""query"": ""找几部能缓解工作压力的电影吧""}",Y,Y,Y,
影视,影视148,vod_vague_search,适合女生看的电影,vod_fuzzy_search,"{""query"": ""适合女生看的电影""}",vod_fuzzy_search,"{""query"": ""适合女生看的电影""}",Y,Y,Y,
影视,影视147,vod_vague_search,适合全家人一起看的电视剧,vod_fuzzy_search,"{""query"": ""适合全家人一起看的电视剧""}",vod_fuzzy_search,"{""query"": ""适合全家人一起看的电视剧""}",Y,Y,Y,
影视,影视149,vod_vague_search,适合孕期看的开心电影或电视剧,vod_fuzzy_search,"{""query"": ""适合孕期看的开心电影或电视剧""}",vod_fuzzy_search,"{""query"": ""适合孕期看的开心电影或电视剧""}",Y,Y,Y,
影视,影视152,vod_keyword_search,播放BILIBILI跨年演唱会,vod_fuzzy_search,"{""query"": ""播放BILIBILI跨年演唱会""}",vod_fuzzy_search,"{""query"": ""播放BILIBILI跨年演唱会""}",Y,Y,Y,
影视,影视154,vod_vague_search,阿里巴巴影业出品的爱国题材电影,vod_fuzzy_search,"{""query"": ""阿里巴巴影业出品的爱国题材电影""}",vod_fuzzy_search,"{""query"": ""阿里巴巴影业出品的爱国题材电影""}",Y,Y,Y,
影视,影视153,vod_keyword_search,中央广播电视总台2025年春节联欢晚会,vod_fuzzy_search,"{""query"": ""中央广播电视总台2025年春节联欢晚会""}",vod_fuzzy_search,"{""query"": ""中央广播电视总台2025年春节联欢晚会""}",Y,Y,Y,
影视,影视150,vod_vague_search,有没有适合单身看的电影,vod_fuzzy_search,"{""query"": ""有没有适合单身看的电影""}",vod_fuzzy_search,"{""query"": ""有没有适合单身看的电影""}",Y,Y,Y,
影视,影视168,vod_clip_plot_search,打金枝刘忠河的唱段,vod_fuzzy_search,"{""query"": ""打金枝刘忠河的唱段""}",music_song_search,"{""retext"": ""打金枝刘忠河的唱段""}",N,N,N,"query: gold=""打金枝刘忠河的唱段"" pred=; retext: gold= pred=""打金枝刘忠河的唱段"""
影视,影视155,vod_keyword_search,播放王牌对王牌第八季最新一期的第三十分钟,vod_fuzzy_search,"{""query"": ""播放王牌对王牌第八季最新一期的第三十分钟""}",vod_fuzzy_search,"{""query"": ""播放王牌对王牌第八季最新一期的第三十分钟""}",Y,Y,Y,
影视,影视156,vod_vague_search,适合劳动节看的电影,vod_fuzzy_search,"{""query"": ""适合劳动节看的电影""}",vod_fuzzy_search,"{""query"": ""适合劳动节看的电影""}",Y,Y,Y,
影视,影视159,vod_vague_search,适合跨年的看的喜剧片单,vod_fuzzy_search,"{""query"": ""适合跨年的看的喜剧片单""}",vod_fuzzy_search,"{""query"": ""适合跨年的看的喜剧片单""}",Y,Y,Y,
影视,影视158,vod_vague_search,八一建军节电影推荐,vod_fuzzy_search,"{""query"": ""八一建军节电影推荐""}",vod_fuzzy_search,"{""query"": ""八一建军节电影推荐""}",Y,Y,Y,
影视,影视157,vod_vague_search,适合建党节，学生看的电影,vod_fuzzy_search,"{""query"": ""适合建党节，学生看的电影""}",vod_fuzzy_search,"{""query"": ""适合建党节，学生看的电影""}",Y,Y,Y,
影视,影视160,vod_vague_search,评书隋唐演义,vod_fuzzy_search,"{""query"": ""评书隋唐演义""}",vod_fuzzy_search,"{""query"": ""评书隋唐演义""}",Y,Y,Y,
影视,影视169,vod_clip_plot_aggregate_search,酱油白米饭的搞笑视频大挑战,vod_fuzzy_search,"{""query"": ""酱油白米饭的搞笑视频大挑战""}",vod_fuzzy_search,"{""query"": ""酱油白米饭的搞笑视频大挑战""}",Y,Y,Y,
影视,影视161,vod_vague_search,看下即将上线的待播剧,vod_fuzzy_search,"{""query"": ""看下即将上线的待播剧""}",vod_fuzzy_search,"{""query"": ""看下即将上线的待播剧""}",Y,Y,Y,
影视,影视174,vod_clip_plot_aggregate_search,影视集锦,vod_fuzzy_search,"{""query"": ""影视集锦""}",vod_fuzzy_search,"{""query"": ""影视集锦""}",Y,Y,Y,
影视,影视164,vod_vague_search,播放茶馆话剧,vod_fuzzy_search,"{""query"": ""播放茶馆话剧""}",vod_fuzzy_search,"{""query"": ""播放茶馆话剧""}",Y,Y,Y,
影视,影视163,vod_vague_search,歌剧小二黑结婚,vod_fuzzy_search,"{""query"": ""歌剧小二黑结婚""}",vod_fuzzy_search,"{""query"": ""歌剧小二黑结婚""}",Y,Y,Y,
影视,影视162,vod_vague_search,冰雪奇缘音乐剧,vod_fuzzy_search,"{""query"": ""冰雪奇缘音乐剧""}",vod_fuzzy_search,"{""query"": ""冰雪奇缘音乐剧""}",Y,Y,Y,
影视,影视165,vod_vague_search,免费音乐剧,vod_fuzzy_search,"{""query"": ""免费音乐剧""}",vod_fuzzy_search,"{""query"": ""免费音乐剧""}",Y,Y,Y,
影视,影视167,vod_vague_search,音乐剧悲惨世界,vod_fuzzy_search,"{""query"": ""音乐剧悲惨世界""}",vod_fuzzy_search,"{""query"": ""音乐剧悲惨世界""}",Y,Y,Y,
影视,影视166,vod_vague_search,阿云嘎演的音乐剧风声,vod_fuzzy_search,"{""query"": ""阿云嘎演的音乐剧风声""}",vod_fuzzy_search,"{""query"": ""阿云嘎演的音乐剧风声""}",Y,Y,Y,
影视,影视170,vod_vague_search,我想看听泉赏宝的连线视频,vod_fuzzy_search,"{""query"": ""我想看听泉赏宝的连线视频""}",vod_fuzzy_search,"{""query"": ""我想看听泉赏宝的连线视频""}",Y,Y,Y,
影视,影视171,vod_vague_search,播放天津大学辩论赛视频,vod_fuzzy_search,"{""query"": ""播放天津大学辩论赛视频""}",vod_fuzzy_search,"{""query"": ""播放天津大学辩论赛视频""}",Y,Y,Y,
影视,影视172,vod_vague_search,唐山电影,vod_fuzzy_search,"{""query"": ""唐山电影""}",vod_fuzzy_search,"{""query"": ""唐山电影""}",Y,Y,Y,
影视,影视173,vod_vague_search,白玉兰奖颁奖晚会,vod_fuzzy_search,"{""query"": ""白玉兰奖颁奖晚会""}",vod_fuzzy_search,"{""query"": ""白玉兰奖颁奖晚会""}",Y,Y,Y,
影视,影视176,vod_vague_search,适合冬天追的韩剧有什么,vod_fuzzy_search,"{""query"": ""适合冬天追的韩剧有什么""}",vod_fuzzy_search,"{""query"": ""适合冬天追的韩剧有什么""}",Y,Y,Y,
影视,影视175,vod_vague_search,适合炎热晴天看的电影有哪些,vod_fuzzy_search,"{""query"": ""适合炎热晴天看的电影有哪些""}",vod_fuzzy_search,"{""query"": ""适合炎热晴天看的电影有哪些""}",Y,Y,Y,
影视,影视177,vod_vague_search,这个周末阴雨连绵，找几部适合宅在家里看的电影呗,vod_fuzzy_search,"{""query"": ""这个周末阴雨连绵，找几部适合宅在家里看的电影呗""}",vod_fuzzy_search,"{""query"": ""这个周末阴雨连绵，找几部适合宅在家里看的电影呗""}",Y,Y,Y,
影视,影视178,vod_clip_source_search,“臣妾做不到啊”出自哪部电视剧？,vod_fuzzy_search,"{""query"": ""“臣妾做不到啊”出自哪部电视剧？""}",vod_fuzzy_search,"{""query"": ""“臣妾做不到啊”出自哪部电视剧？""}",Y,Y,Y,
影视,影视179,vod_clip_source_search,‌“不抛弃，不放弃！”‌是哪部剧里的台词,vod_fuzzy_search,"{""query"": ""‌“不抛弃，不放弃！”‌是哪部剧里的台词""}",vod_fuzzy_search,"{""query"": ""‌“不抛弃，不放弃！”‌是哪部剧里的台词""}",Y,Y,Y,
影视,影视194,vod_vague_search,找一部聚焦医疗、生死与人性的纪录片,vod_fuzzy_search,"{""query"": ""找一部聚焦医疗、生死与人性的纪录片""}",vod_search,"{""action"": ""search"", ""query"": {""and"": [{""field"": ""category"", ""value"": ""纪录片""}, {""field"": ""tag"", ""operator"": ""or"", ""values"": [""医疗"", ""生死"", ""人性""]}]}, ""retext"": ""找一部聚焦医疗、生死与人性的纪录片""}",N,N,N,"action: gold= pred=""search""; query: gold=""找一部聚焦医疗、生死与人性的纪录片"" pred={""and"": [{""field"": ""category"", ""value"": ""纪录片""}, {""field"": ""tag"", ""operator"": ""or"", ""values"": [""人性"", ""医疗"", ""生死""]}]}; retext: gold= pred=""找一部聚焦医疗、生死与人性的纪录片"""
影视,影视183,vod_clip_source_search,“黎叔很生气，后果很严重”是什么电影，给我找出来,vod_fuzzy_search,"{""query"": ""“黎叔很生气，后果很严重”是什么电影，给我找出来""}",vod_fuzzy_search,"{""query"": ""“黎叔很生气，后果很严重”是什么电影，给我找出来""}",Y,Y,Y,
影视,影视180,vod_clip_source_search,老默吃鱼了是哪部电视剧的,vod_fuzzy_search,"{""query"": ""老默吃鱼了是哪部电视剧的""}",vod_fuzzy_search,"{""query"": ""老默吃鱼了是哪部电视剧的""}",Y,Y,Y,
影视,影视182,vod_clip_source_search,‌“打得一拳开，免得百拳来”‌‌这句台词来自哪部电影,vod_fuzzy_search,"{""query"": ""‌“打得一拳开，免得百拳来”‌‌这句台词来自哪部电影""}",vod_fuzzy_search,"{""query"": ""‌“打得一拳开，免得百拳来”‌‌这句台词来自哪部电影""}",Y,Y,Y,
影视,影视184,vod_clip_source_search,“珊瑚礁是海洋的雨林”是哪部纪录片里的台词,vod_fuzzy_search,"{""query"": ""“珊瑚礁是海洋的雨林”是哪部纪录片里的台词""}",vod_fuzzy_search,"{""query"": ""“珊瑚礁是海洋的雨林”是哪部纪录片里的台词""}",Y,Y,Y,
影视,影视181,vod_clip_source_search,犯我中华者虽远必诛出现在哪个片子里,vod_fuzzy_search,"{""query"": ""犯我中华者虽远必诛出现在哪个片子里""}",vod_fuzzy_search,"{""query"": ""犯我中华者虽远必诛出现在哪个片子里""}",Y,Y,Y,
影视,影视186,vod_vague_search,讲述一幢楼里面的五个女孩工作生活的电视剧,vod_fuzzy_search,"{""query"": ""讲述一幢楼里面的五个女孩工作生活的电视剧""}",vod_fuzzy_search,"{""query"": ""讲述一幢楼里面的五个女孩工作生活的电视剧""}",Y,Y,Y,
影视,影视187,vod_vague_search,根据张桂梅真实事迹改编的电视剧,vod_fuzzy_search,"{""query"": ""根据张桂梅真实事迹改编的电视剧""}",vod_fuzzy_search,"{""query"": ""根据张桂梅真实事迹改编的电视剧""}",Y,Y,Y,
影视,影视185,vod_clip_source_search,家财万贯，日食不过三餐。这句台词在哪部纪录片里说过,vod_fuzzy_search,"{""query"": ""家财万贯，日食不过三餐。这句台词在哪部纪录片里说过""}",vod_fuzzy_search,"{""query"": ""家财万贯，日食不过三餐。这句台词在哪部纪录片里说过""}",Y,Y,Y,
影视,影视190,vod_keyword_search,四个小妖怪在组团后进行西行冒险之旅的电影,vod_fuzzy_search,"{""query"": ""四个小妖怪在组团后进行西行冒险之旅的电影""}",vod_fuzzy_search,"{""query"": ""四个小妖怪在组团后进行西行冒险之旅的电影""}",Y,Y,Y,
影视,影视189,vod_vague_search,根据川航航班备降成都事件改编的电影,vod_fuzzy_search,"{""query"": ""根据川航航班备降成都事件改编的电影""}",vod_fuzzy_search,"{""query"": ""根据川航航班备降成都事件改编的电影""}",Y,Y,Y,
影视,影视188,vod_vague_search,一群蓝色的人骑着大鸟的电影是什么,vod_fuzzy_search,"{""query"": ""一群蓝色的人骑着大鸟的电影是什么""}",vod_fuzzy_search,"{""query"": ""一群蓝色的人骑着大鸟的电影是什么""}",Y,Y,Y,
影视,影视191,vod_vague_search,朱一龙主演的把妻子推到海底的电影,vod_fuzzy_search,"{""query"": ""朱一龙主演的把妻子推到海底的电影""}",vod_fuzzy_search,"{""query"": ""朱一龙主演的把妻子推到海底的电影""}",Y,Y,Y,
影视,影视192,vod_vague_search,描写律师职场工作的综艺,vod_fuzzy_search,"{""query"": ""描写律师职场工作的综艺""}",vod_fuzzy_search,"{""query"": ""描写律师职场工作的综艺""}",Y,Y,Y,
影视,影视193,vod_vague_search,我想看讲述中国各领域杰出人物的纪录片,vod_fuzzy_search,"{""query"": ""我想看讲述中国各领域杰出人物的纪录片""}",vod_fuzzy_search,"{""query"": ""我想看讲述中国各领域杰出人物的纪录片""}",Y,Y,Y,
影视,影视203,vod_qa（问答类语料）,河西走廊的核心理念是什么,vod_fuzzy_search,"{""query"": ""河西走廊的核心理念是什么""}",fan_knowledge_agent,"{""messages"": [{""content"": ""河西走廊的核心理念是什么"", ""role"": ""user""}], ""need_media"": false, ""riskRespStrategy"": ""all_replace"", ""sceneType"": ""knowledge_qa""}",N,N,N,"messages: gold= pred=[{""content"": ""河西走廊的核心理念是什么"", ""role"": ""user""}]; need_media: gold= pred=; query: gold=""河西走廊的核心理念是什么"" pred=; riskRespStrategy: gold= pred=""all_replace""; sceneType: gold= pred=""knowledge_qa"""
影视,影视195,vod_vague_search,催人泪下的剧情片,vod_fuzzy_search,"{""query"": ""催人泪下的剧情片""}",vod_fuzzy_search,"{""query"": ""催人泪下的剧情片""}",Y,Y,Y,
影视,影视196,vod_vague_search,春节全家必看暖心电影,vod_fuzzy_search,"{""query"": ""春节全家必看暖心电影""}",vod_fuzzy_search,"{""query"": ""春节全家必看暖心电影""}",Y,Y,Y,
影视,影视197,vod_vague_search,播放所有免费关于觉醒异能的视频,vod_fuzzy_search,"{""query"": ""播放所有免费关于觉醒异能的视频""}",fan_knowledge_agent,"{""messages"": [{""content"": ""播放所有免费关于觉醒异能的视频"", ""role"": ""user""}], ""need_media"": false, ""riskRespStrategy"": ""all_replace"", ""sceneType"": ""knowledge_qa""}",N,N,N,"messages: gold= pred=[{""content"": ""播放所有免费关于觉醒异能的视频"", ""role"": ""user""}]; need_media: gold= pred=; query: gold=""播放所有免费关于觉醒异能的视频"" pred=; riskRespStrategy: gold= pred=""all_replace""; sceneType: gold= pred=""knowledge_qa"""
影视,影视198,vod_vague_search,播放穿越攻略免费短剧,vod_fuzzy_search,"{""query"": ""播放穿越攻略免费短剧""}",vod_fuzzy_search,"{""query"": ""播放穿越攻略免费短剧""}",Y,Y,Y,
影视,影视199,vod_vague_search,给我推荐一个免费的萌娃短剧,vod_fuzzy_search,"{""query"": ""给我推荐一个免费的萌娃短剧""}",vod_fuzzy_search,"{""query"": ""给我推荐一个免费的萌娃短剧""}",Y,Y,Y,
影视,影视200,vod_vague_search,和对象一起看的什么电影比较好,vod_fuzzy_search,"{""query"": ""和对象一起看的什么电影比较好""}",vod_fuzzy_search,"{""query"": ""和对象一起看的什么电影比较好""}",Y,Y,Y,
影视,影视201,vod_vague_search,假期看的纪录片推荐,vod_fuzzy_search,"{""query"": ""假期看的纪录片推荐""}",vod_fuzzy_search,"{""query"": ""假期看的纪录片推荐""}",Y,Y,Y,
影视,影视202,vod_vague_search,关于苗族非遗文化的纪录片,vod_fuzzy_search,"{""query"": ""关于苗族非遗文化的纪录片""}",vod_fuzzy_search,"{""query"": ""关于苗族非遗文化的纪录片""}",Y,Y,Y,
影视,影视204,vod_qa（问答类语料）,搜索陈祉希担任制片人的电影,vod_fuzzy_search,"{""query"": ""搜索陈祉希担任制片人的电影""}",vod_fuzzy_search,"{""query"": ""搜索陈祉希担任制片人的电影""}",Y,Y,Y,
影视,影视205,vod_clip_plot_aggregate_search,周星驰有哪些经典台词片段,vod_fuzzy_search,"{""query"": ""周星驰有哪些经典台词片段""}",vod_fuzzy_search,"{""query"": ""周星驰有哪些经典台词片段""}",Y,Y,Y,
影视,影视208,vod_clip_plot_aggregate_search,狂飙催泪片段,vod_fuzzy_search,"{""query"": ""狂飙催泪片段""}",vod_fuzzy_search,"{""query"": ""狂飙催泪片段""}",Y,Y,Y,
影视,影视207,vod_clip_plot_aggregate_search,狂飙名场面盘点,vod_fuzzy_search,"{""query"": ""狂飙名场面盘点""}",vod_fuzzy_search,"{""query"": ""狂飙名场面盘点""}",Y,Y,Y,
影视,影视206,vod_clip_plot_aggregate_search,2025年古装剧打斗场面,vod_fuzzy_search,"{""query"": ""2025年古装剧打斗场面""}",vod_fuzzy_search,"{""query"": ""2025年古装剧打斗场面""}",Y,Y,Y,
影视,影视209,vod_clip_plot_aggregate_search,2023到2026年沈腾电影精彩片段合集,vod_fuzzy_search,"{""query"": ""2023到2026年沈腾电影精彩片段合集""}",vod_fuzzy_search,"{""query"": ""2023到2026年沈腾电影精彩片段合集""}",Y,Y,Y,
影视,影视210,vod_clip_plot_aggregate_search,李连杰内地电影打斗名场面,vod_fuzzy_search,"{""query"": ""李连杰内地电影打斗名场面""}",vod_fuzzy_search,"{""query"": ""李连杰内地电影打斗名场面""}",Y,Y,Y,
影视,影视211,vod_clip_plot_aggregate_search,杨幂古装剧甜蜜名场面,vod_fuzzy_search,"{""query"": ""杨幂古装剧甜蜜名场面""}",vod_fuzzy_search,"{""query"": ""杨幂古装剧甜蜜名场面""}",Y,Y,Y,
影视,影视212,vod_clip_plot_aggregate_search,莲花楼燃点片段汇总,vod_fuzzy_search,"{""query"": ""莲花楼燃点片段汇总""}",vod_fuzzy_search,"{""query"": ""莲花楼燃点片段汇总""}",Y,Y,Y,
影视,影视214,vod_clip_plot_aggregate_search,亮剑都有哪些名场面,vod_fuzzy_search,"{""query"": ""亮剑都有哪些名场面""}",vod_fuzzy_search,"{""query"": ""亮剑都有哪些名场面""}",Y,Y,Y,
影视,影视213,vod_clip_plot_aggregate_search,昨夜将至还有什么反转剧情,vod_fuzzy_search,"{""query"": ""昨夜将至还有什么反转剧情""}",vod_fuzzy_search,"{""query"": ""昨夜将至还有什么反转剧情""}",Y,Y,Y,
影视,影视215,vod_clip_plot_aggregate_search,周生如故虐心场面集锦,vod_fuzzy_search,"{""query"": ""周生如故虐心场面集锦""}",vod_fuzzy_search,"{""query"": ""周生如故虐心场面集锦""}",Y,Y,Y,
影视,影视216,vod_clip_plot_aggregate_search,白月梵星都有哪些打斗场面,vod_fuzzy_search,"{""query"": ""白月梵星都有哪些打斗场面""}",vod_fuzzy_search,"{""query"": ""白月梵星都有哪些打斗场面""}",Y,Y,Y,
影视,影视218,vod_clip_plot_aggregate_search,逐玉告白名场面,vod_fuzzy_search,"{""query"": ""逐玉告白名场面""}",vod_fuzzy_search,"{""query"": ""逐玉告白名场面""}",Y,Y,Y,
影视,影视220,vod_clip_plot_aggregate_search,成龙电影打斗片段,vod_fuzzy_search,"{""query"": ""成龙电影打斗片段""}",vod_fuzzy_search,"{""query"": ""成龙电影打斗片段""}",Y,Y,Y,
影视,影视217,vod_clip_plot_aggregate_search,太平年经典场面集锦,vod_fuzzy_search,"{""query"": ""太平年经典场面集锦""}",vod_fuzzy_search,"{""query"": ""太平年经典场面集锦""}",Y,Y,Y,
影视,影视219,vod_clip_plot_aggregate_search,低智商犯罪反转场面盘点,vod_fuzzy_search,"{""query"": ""低智商犯罪反转场面盘点""}",vod_fuzzy_search,"{""query"": ""低智商犯罪反转场面盘点""}",Y,Y,Y,
影视,影视223,vod_clip_plot_aggregate_search,隐秘的角落高能反转片段,vod_fuzzy_search,"{""query"": ""隐秘的角落高能反转片段""}",vod_fuzzy_search,"{""query"": ""隐秘的角落高能反转片段""}",Y,Y,Y,
影视,影视222,vod_clip_plot_aggregate_search,嫌疑人X的献身的逻辑推理名场面短视频,vod_fuzzy_search,"{""query"": ""嫌疑人X的献身的逻辑推理名场面短视频""}",vod_fuzzy_search,"{""query"": ""嫌疑人X的献身的逻辑推理名场面短视频""}",Y,Y,Y,
影视,影视224,vod_clip_plot_aggregate_search,给我搜捕风追影里成龙和梁家辉的对手戏视频,vod_fuzzy_search,"{""query"": ""给我搜捕风追影里成龙和梁家辉的对手戏视频""}",vod_fuzzy_search,"{""query"": ""给我搜捕风追影里成龙和梁家辉的对手戏视频""}",Y,Y,Y,
影视,影视225,vod_clip_plot_aggregate_search,狂飙里张颂文和张译最高光名场面,vod_fuzzy_search,"{""query"": ""狂飙里张颂文和张译最高光名场面""}",vod_fuzzy_search,"{""query"": ""狂飙里张颂文和张译最高光名场面""}",Y,Y,Y,
影视,影视221,vod_clip_plot_aggregate_search,有没有哪吒2全片最震撼的戏,vod_fuzzy_search,"{""query"": ""有没有哪吒2全片最震撼的戏""}",vod_fuzzy_search,"{""query"": ""有没有哪吒2全片最震撼的戏""}",Y,Y,Y,
影视,影视226,vod_clip_plot_aggregate_search,想看狂飙里高启强和安欣两人同框封神片段,vod_fuzzy_search,"{""query"": ""想看狂飙里高启强和安欣两人同框封神片段""}",vod_fuzzy_search,"{""query"": ""想看狂飙里高启强和安欣两人同框封神片段""}",Y,Y,Y,
影视,影视227,vod_clip_plot_aggregate_search,飞驰人生3中张驰、孙宇强的爆燃高光小视频有哪些,vod_fuzzy_search,"{""query"": ""飞驰人生3中张驰、孙宇强的爆燃高光小视频有哪些""}",vod_fuzzy_search,"{""query"": ""飞驰人生3中张驰、孙宇强的爆燃高光小视频有哪些""}",Y,Y,Y,
影视,影视228,vod_clip_plot_aggregate_search,看一下周迅电影哭戏名场面合集,vod_fuzzy_search,"{""query"": ""看一下周迅电影哭戏名场面合集""}",vod_fuzzy_search,"{""query"": ""看一下周迅电影哭戏名场面合集""}",Y,Y,Y,
影视,影视230,vod_clip_plot_aggregate_search,教父经典对峙名场面合集,vod_fuzzy_search,"{""query"": ""教父经典对峙名场面合集""}",vod_fuzzy_search,"{""query"": ""教父经典对峙名场面合集""}",Y,Y,Y,
影视,影视229,vod_clip_plot_aggregate_search,肖申克的救赎逆袭高光桥段汇总,vod_fuzzy_search,"{""query"": ""肖申克的救赎逆袭高光桥段汇总""}",vod_fuzzy_search,"{""query"": ""肖申克的救赎逆袭高光桥段汇总""}",Y,Y,Y,
影视,影视231,vod_clip_plot_aggregate_search,武林外传最搞笑的那些名场面,vod_fuzzy_search,"{""query"": ""武林外传最搞笑的那些名场面""}",vod_fuzzy_search,"{""query"": ""武林外传最搞笑的那些名场面""}",Y,Y,Y,
影视,影视232,vod_clip_plot_aggregate_search,人生之路里最让人血压升高的场面,vod_fuzzy_search,"{""query"": ""人生之路里最让人血压升高的场面""}",vod_fuzzy_search,"{""query"": ""人生之路里最让人血压升高的场面""}",Y,Y,Y,
影视,影视234,vod_clip_lines_search,我要看大伙的秘密就不是秘密那段,vod_fuzzy_search,"{""query"": ""我要看大伙的秘密就不是秘密那段""}",vod_fuzzy_search,"{""query"": ""我要看大伙的秘密就不是秘密那段""}",Y,Y,Y,
影视,影视235,vod_clip_lines_search,我要看正经人谁写日记啊那个片段,vod_fuzzy_search,"{""query"": ""我要看正经人谁写日记啊那个片段""}",vod_fuzzy_search,"{""query"": ""我要看正经人谁写日记啊那个片段""}",Y,Y,Y,
影视,影视236,vod_clip_lines_search,搜索我命由我不由天的那段,vod_fuzzy_search,"{""query"": ""搜索我命由我不由天的那段""}",vod_fuzzy_search,"{""query"": ""搜索我命由我不由天的那段""}",Y,Y,Y,
影视,影视233,vod_clip_plot_aggregate_search,熊猫计划之部落奇遇记里面最燃的场面合集,vod_fuzzy_search,"{""query"": ""熊猫计划之部落奇遇记里面最燃的场面合集""}",vod_fuzzy_search,"{""query"": ""熊猫计划之部落奇遇记里面最燃的场面合集""}",Y,Y,Y,
影视,影视238,vod_clip_lines_search,请帮我播一下天亮前的夜，最难熬那个片段呗,vod_fuzzy_search,"{""query"": ""请帮我播一下天亮前的夜，最难熬那个片段呗""}",vod_fuzzy_search,"{""query"": ""请帮我播一下天亮前的夜，最难熬那个片段呗""}",Y,Y,Y,
影视,影视237,vod_clip_lines_search,跳到现实生活可比墙上的标语复杂多了的片段,vod_fuzzy_search,"{""query"": ""跳到现实生活可比墙上的标语复杂多了的片段""}",vod_fuzzy_search,"{""query"": ""跳到现实生活可比墙上的标语复杂多了的片段""}",Y,Y,Y,
影视,影视239,vod_clip_lines_search,"我要看那段我已无法返航,你们继续努力的视频",vod_fuzzy_search,"{""query"": ""我要看那段我已无法返航,你们继续努力的视频""}",vod_fuzzy_search,"{""query"": ""我要看那段我已无法返航,你们继续努力的视频""}",Y,Y,Y,
影视,影视240,vod_clip_lines_search,"我想看一个人可以被毁灭,但不能被打败的那个片段吗",vod_fuzzy_search,"{""query"": ""我想看一个人可以被毁灭,但不能被打败的那个片段吗""}",vod_fuzzy_search,"{""query"": ""我想看一个人可以被毁灭,但不能被打败的那个片段吗""}",Y,Y,Y,
影视,影视241,vod_clip_lines_search,搜索要怀疑我们怀疑的怀疑的台词片段,vod_fuzzy_search,"{""query"": ""搜索要怀疑我们怀疑的怀疑的台词片段""}",vod_fuzzy_search,"{""query"": ""搜索要怀疑我们怀疑的怀疑的台词片段""}",Y,Y,Y,
影视,影视242,vod_clip_lines_search,找一下台词你过来啊这段视频,vod_fuzzy_search,"{""query"": ""找一下台词你过来啊这段视频""}",vod_fuzzy_search,"{""query"": ""找一下台词你过来啊这段视频""}",Y,Y,Y,
影视,影视256,vod_clip_lines_search,播放功夫我发起疯来连自己都怕。,vod_fuzzy_search,"{""query"": ""播放功夫我发起疯来连自己都怕。""}",music_song_search,"{""retext"": ""播放功夫我发起疯来连自己都怕。""}",N,N,N,"query: gold=""播放功夫我发起疯来连自己都怕。"" pred=; retext: gold= pred=""播放功夫我发起疯来连自己都怕。"""
影视,影视244,vod_clip_lines_search,"帮我播电影片段，说的是我在人群中,总能第一眼就看到你",vod_fuzzy_search,"{""query"": ""帮我播电影片段，说的是我在人群中,总能第一眼就看到你""}",vod_fuzzy_search,"{""query"": ""帮我播电影片段，说的是我在人群中,总能第一眼就看到你""}",Y,Y,Y,
影视,影视243,vod_clip_lines_search,燕子!燕子没有你我怎么活啊这段台词的视频在哪,vod_fuzzy_search,"{""query"": ""燕子!燕子没有你我怎么活啊这段台词的视频在哪""}",vod_fuzzy_search,"{""query"": ""燕子!燕子没有你我怎么活啊这段台词的视频在哪""}",Y,Y,Y,
影视,影视245,vod_clip_lines_search,帮我看‌生我者父母，知我者唐兄啊的搞笑片段,vod_fuzzy_search,"{""query"": ""帮我看‌生我者父母，知我者唐兄啊的搞笑片段""}",vod_fuzzy_search,"{""query"": ""帮我看‌生我者父母，知我者唐兄啊的搞笑片段""}",Y,Y,Y,
影视,影视246,vod_clip_lines_search,"查找做生意,时间很重要的片段那段",vod_fuzzy_search,"{""query"": ""查找做生意,时间很重要的片段那段""}",vod_fuzzy_search,"{""query"": ""查找做生意,时间很重要的片段那段""}",Y,Y,Y,
影视,影视247,vod_clip_lines_search,播有此头不可低，此腰不能弯那个片段,vod_fuzzy_search,"{""query"": ""播有此头不可低，此腰不能弯那个片段""}",vod_fuzzy_search,"{""query"": ""播有此头不可低，此腰不能弯那个片段""}",Y,Y,Y,
影视,影视248,vod_clip_lines_search,麻烦放一下你妈没告诉你别欺负熊孩子吗的电影片段啊,vod_fuzzy_search,"{""query"": ""麻烦放一下你妈没告诉你别欺负熊孩子吗的电影片段啊""}",vod_fuzzy_search,"{""query"": ""麻烦放一下你妈没告诉你别欺负熊孩子吗的电影片段啊""}",Y,Y,Y,
影视,影视251,vod_clip_lines_search,鞠躬尽瘁，死而后已的电视剧,vod_fuzzy_search,"{""query"": ""鞠躬尽瘁，死而后已的电视剧""}",vod_fuzzy_search,"{""query"": ""鞠躬尽瘁，死而后已的电视剧""}",Y,Y,Y,
影视,影视250,vod_clip_lines_search,帮我查找一下电视剧片段是既生瑜，何生亮？,vod_fuzzy_search,"{""query"": ""帮我查找一下电视剧片段是既生瑜，何生亮？""}",vod_fuzzy_search,"{""query"": ""帮我查找一下电视剧片段是既生瑜，何生亮？""}",Y,Y,Y,
影视,影视249,vod_clip_lines_search,"我是尊重规则,但它得公平啊那段视频帮我找找",vod_fuzzy_search,"{""query"": ""我是尊重规则,但它得公平啊那段视频帮我找找""}",vod_fuzzy_search,"{""query"": ""我是尊重规则,但它得公平啊那段视频帮我找找""}",Y,Y,Y,
影视,影视252,vod_clip_lines_search,起播人活着就是折腾的视频,vod_fuzzy_search,"{""query"": ""起播人活着就是折腾的视频""}",vod_fuzzy_search,"{""query"": ""起播人活着就是折腾的视频""}",Y,Y,Y,
影视,影视253,vod_clip_lines_search,"放一下今天你我,划地绝交的片段的感人片段呗",vod_fuzzy_search,"{""query"": ""放一下今天你我,划地绝交的片段的感人片段呗""}",vod_fuzzy_search,"{""query"": ""放一下今天你我,划地绝交的片段的感人片段呗""}",Y,Y,Y,
影视,影视257,vod_clip_lines_search,播放隐秘的角落里您看我还有机会吗?那段戏,vod_fuzzy_search,"{""query"": ""播放隐秘的角落里您看我还有机会吗?那段戏""}",vod_fuzzy_search,"{""query"": ""播放隐秘的角落里您看我还有机会吗?那段戏""}",Y,Y,Y,
影视,影视255,vod_clip_lines_search,看下西游记我叫你一声你敢答应吗?,vod_fuzzy_search,"{""query"": ""看下西游记我叫你一声你敢答应吗?""}",vod_fuzzy_search,"{""query"": ""看下西游记我叫你一声你敢答应吗?""}",Y,Y,Y,
影视,影视254,vod_clip_lines_search,找满江红里这计划赌的不是局，是人的片段,vod_fuzzy_search,"{""query"": ""找满江红里这计划赌的不是局，是人的片段""}",vod_fuzzy_search,"{""query"": ""找满江红里这计划赌的不是局，是人的片段""}",Y,Y,Y,
影视,影视259,vod_clip_lines_search,"找封神第一部马看到什么,是人决定的",vod_fuzzy_search,"{""query"": ""找封神第一部马看到什么,是人决定的""}",vod_fuzzy_search,"{""query"": ""找封神第一部马看到什么,是人决定的""}",Y,Y,Y,
影视,影视258,vod_clip_lines_search,看下熊出没之雪岭熊风，熊就要有个熊样,vod_fuzzy_search,"{""query"": ""看下熊出没之雪岭熊风，熊就要有个熊样""}",vod_fuzzy_search,"{""query"": ""看下熊出没之雪岭熊风，熊就要有个熊样""}",Y,Y,Y,
影视,影视260,vod_clip_lines_search,找一下功夫熊猫4，就算赢不了，我也要试一试的片段,vod_fuzzy_search,"{""query"": ""找一下功夫熊猫4，就算赢不了，我也要试一试的片段""}",vod_fuzzy_search,"{""query"": ""找一下功夫熊猫4，就算赢不了，我也要试一试的片段""}",Y,Y,Y,
影视,影视261,vod_clip_lines_search,给我看杉杉来了电视剧里老板，撑死算工伤吗？的那集片段,vod_fuzzy_search,"{""query"": ""给我看杉杉来了电视剧里老板，撑死算工伤吗？的那集片段""}",vod_fuzzy_search,"{""query"": ""给我看杉杉来了电视剧里老板，撑死算工伤吗？的那集片段""}",Y,Y,Y,
影视,影视262,vod_clip_lines_search,帮我播放士兵突击里有意义就是好好活，好好活就是做有意义的事。那个片段,vod_fuzzy_search,"{""query"": ""帮我播放士兵突击里有意义就是好好活，好好活就是做有意义的事。那个片段""}",vod_fuzzy_search,"{""query"": ""帮我播放士兵突击里有意义就是好好活，好好活就是做有意义的事。那个片段""}",Y,Y,Y,
影视,影视263,vod_clip_lines_search,我想看蜘蛛侠说能力越大，责任越大的场景,vod_fuzzy_search,"{""query"": ""我想看蜘蛛侠说能力越大，责任越大的场景""}",vod_fuzzy_search,"{""query"": ""我想看蜘蛛侠说能力越大，责任越大的场景""}",Y,Y,Y,
影视,影视264,vod_clip_lines_search,蜘蛛侠：平行宇宙的不管遭受多少次打击，我最终总是会爬起来片段,vod_fuzzy_search,"{""query"": ""蜘蛛侠：平行宇宙的不管遭受多少次打击，我最终总是会爬起来片段""}",vod_fuzzy_search,"{""query"": ""蜘蛛侠：平行宇宙的不管遭受多少次打击，我最终总是会爬起来片段""}",Y,Y,Y,
影视,影视265,vod_clip_plot_search,逐玉破窗之吻名场面,vod_fuzzy_search,"{""query"": ""逐玉破窗之吻名场面""}",vod_fuzzy_search,"{""query"": ""逐玉破窗之吻名场面""}",Y,Y,Y,
影视,影视268,vod_clip_plot_search,华强买瓜片段,vod_fuzzy_search,"{""query"": ""华强买瓜片段""}",vod_fuzzy_search,"{""query"": ""华强买瓜片段""}",Y,Y,Y,
影视,影视267,vod_clip_plot_search,大话西游紫霞仙子眨眼名场面,vod_fuzzy_search,"{""query"": ""大话西游紫霞仙子眨眼名场面""}",vod_fuzzy_search,"{""query"": ""大话西游紫霞仙子眨眼名场面""}",Y,Y,Y,
影视,影视266,vod_clip_plot_search,甄嬛传倚梅园许愿名场面,vod_fuzzy_search,"{""query"": ""甄嬛传倚梅园许愿名场面""}",vod_fuzzy_search,"{""query"": ""甄嬛传倚梅园许愿名场面""}",Y,Y,Y,
影视,影视269,vod_clip_plot_search,碟中谍阿汤哥倒吊潜入场面,vod_fuzzy_search,"{""query"": ""碟中谍阿汤哥倒吊潜入场面""}",vod_fuzzy_search,"{""query"": ""碟中谍阿汤哥倒吊潜入场面""}",Y,Y,Y,
影视,影视271,vod_clip_plot_search,《东成西就》欧阳锋香肠嘴名场面,vod_fuzzy_search,"{""query"": ""《东成西就》欧阳锋香肠嘴名场面""}",vod_fuzzy_search,"{""query"": ""《东成西就》欧阳锋香肠嘴名场面""}",Y,Y,Y,
影视,影视273,vod_clip_plot_search,收看电视剧生万物，宁绣绣雪地红衣断亲的那段戏,vod_fuzzy_search,"{""query"": ""收看电视剧生万物，宁绣绣雪地红衣断亲的那段戏""}",vod_fuzzy_search,"{""query"": ""收看电视剧生万物，宁绣绣雪地红衣断亲的那段戏""}",Y,Y,Y,
影视,影视272,vod_clip_plot_search,《花样年华》梁朝伟墙洞倾诉‌的名场面,vod_fuzzy_search,"{""query"": ""《花样年华》梁朝伟墙洞倾诉‌的名场面""}",vod_fuzzy_search,"{""query"": ""《花样年华》梁朝伟墙洞倾诉‌的名场面""}",Y,Y,Y,
影视,影视270,vod_clip_plot_search,星爷我养你啊场面,vod_fuzzy_search,"{""query"": ""星爷我养你啊场面""}",vod_fuzzy_search,"{""query"": ""星爷我养你啊场面""}",Y,Y,Y,
影视,影视274,vod_clip_plot_search,我想看电影《英雄》胡杨林打斗场面,vod_fuzzy_search,"{""query"": ""我想看电影《英雄》胡杨林打斗场面""}",vod_fuzzy_search,"{""query"": ""我想看电影《英雄》胡杨林打斗场面""}",Y,Y,Y,
影视,影视275,vod_clip_plot_search,武林外传，吕秀才智斗姬无命的高光名场面,vod_fuzzy_search,"{""query"": ""武林外传，吕秀才智斗姬无命的高光名场面""}",vod_fuzzy_search,"{""query"": ""武林外传，吕秀才智斗姬无命的高光名场面""}",Y,Y,Y,
影视,影视276,vod_clip_plot_search,潜伏中，翠平打麻将口误的那个片段,vod_fuzzy_search,"{""query"": ""潜伏中，翠平打麻将口误的那个片段""}",vod_fuzzy_search,"{""query"": ""潜伏中，翠平打麻将口误的那个片段""}",Y,Y,Y,
影视,影视277,vod_clip_plot_search,播放《卧虎藏龙》章子怡竹林打斗的片段,vod_fuzzy_search,"{""query"": ""播放《卧虎藏龙》章子怡竹林打斗的片段""}",vod_fuzzy_search,"{""query"": ""播放《卧虎藏龙》章子怡竹林打斗的片段""}",Y,Y,Y,
影视,影视278,vod_clip_plot_search,《甜蜜蜜》电影里，张曼玉认尸笑场名场面,vod_fuzzy_search,"{""query"": ""《甜蜜蜜》电影里，张曼玉认尸笑场名场面""}",vod_fuzzy_search,"{""query"": ""《甜蜜蜜》电影里，张曼玉认尸笑场名场面""}",Y,Y,Y,
影视,影视279,vod_clip_plot_search,《九品芝麻官》里，周星驰吞剑的戏,vod_fuzzy_search,"{""query"": ""《九品芝麻官》里，周星驰吞剑的戏""}",vod_fuzzy_search,"{""query"": ""《九品芝麻官》里，周星驰吞剑的戏""}",Y,Y,Y,
影视,影视280,vod_clip_plot_search,西红柿首富里魏翔吃乳猪的片段,vod_fuzzy_search,"{""query"": ""西红柿首富里魏翔吃乳猪的片段""}",vod_fuzzy_search,"{""query"": ""西红柿首富里魏翔吃乳猪的片段""}",Y,Y,Y,
影视,影视282,vod_clip_plot_search,甄嬛甘露寺回宫片段,vod_fuzzy_search,"{""query"": ""甄嬛甘露寺回宫片段""}",vod_fuzzy_search,"{""query"": ""甄嬛甘露寺回宫片段""}",Y,Y,Y,
影视,影视284,vod_clip_plot_search,白浅取回眼睛反转片段,vod_fuzzy_search,"{""query"": ""白浅取回眼睛反转片段""}",vod_fuzzy_search,"{""query"": ""白浅取回眼睛反转片段""}",Y,Y,Y,
影视,影视281,vod_clip_plot_search,刘德华在《天若有情》婚纱摩托狂飙‌的封神镜头,vod_fuzzy_search,"{""query"": ""刘德华在《天若有情》婚纱摩托狂飙‌的封神镜头""}",vod_fuzzy_search,"{""query"": ""刘德华在《天若有情》婚纱摩托狂飙‌的封神镜头""}",Y,Y,Y,
影视,影视283,vod_clip_plot_search,高启强黑化成为黑社会老大片段,vod_fuzzy_search,"{""query"": ""高启强黑化成为黑社会老大片段""}",vod_fuzzy_search,"{""query"": ""高启强黑化成为黑社会老大片段""}",Y,Y,Y,
影视,影视285,vod_clip_plot_search,樊长玉揭露李丞相阴谋复仇片段,vod_fuzzy_search,"{""query"": ""樊长玉揭露李丞相阴谋复仇片段""}",vod_fuzzy_search,"{""query"": ""樊长玉揭露李丞相阴谋复仇片段""}",Y,Y,Y,
影视,影视286,vod_clip_plot_search,想看范云独立搞事业、朝堂爽戏的那场戏,vod_fuzzy_search,"{""query"": ""想看范云独立搞事业、朝堂爽戏的那场戏""}",vod_fuzzy_search,"{""query"": ""想看范云独立搞事业、朝堂爽戏的那场戏""}",Y,Y,Y,
影视,影视288,vod_clip_plot_search,跳转到黄彩玲突发急病，吐露真相的那段视频,vod_fuzzy_search,"{""query"": ""跳转到黄彩玲突发急病，吐露真相的那段视频""}",vod_fuzzy_search,"{""query"": ""跳转到黄彩玲突发急病，吐露真相的那段视频""}",Y,Y,Y,
影视,影视289,vod_clip_plot_search,回看曹建军为追嫌犯车祸重伤，抢救无效牺牲的片段,vod_fuzzy_search,"{""query"": ""回看曹建军为追嫌犯车祸重伤，抢救无效牺牲的片段""}",vod_fuzzy_search,"{""query"": ""回看曹建军为追嫌犯车祸重伤，抢救无效牺牲的片段""}",Y,Y,Y,
影视,影视290,vod_clip_plot_search,帮我播放队友拿下盗猎头目，想私刑被白菊拦下的那个片段,vod_fuzzy_search,"{""query"": ""帮我播放队友拿下盗猎头目，想私刑被白菊拦下的那个片段""}",vod_fuzzy_search,"{""query"": ""帮我播放队友拿下盗猎头目，想私刑被白菊拦下的那个片段""}",Y,Y,Y,
影视,影视291,vod_clip_plot_search,林美月和韩栋审讯室镜面夫妻对峙的视频片段,vod_fuzzy_search,"{""query"": ""林美月和韩栋审讯室镜面夫妻对峙的视频片段""}",vod_fuzzy_search,"{""query"": ""林美月和韩栋审讯室镜面夫妻对峙的视频片段""}",Y,Y,Y,
影视,影视287,vod_clip_plot_search,回放聚餐欧阳懿酒后痛哭，吐露多年磨难委屈的那一段,vod_fuzzy_search,"{""query"": ""回放聚餐欧阳懿酒后痛哭，吐露多年磨难委屈的那一段""}",vod_fuzzy_search,"{""query"": ""回放聚餐欧阳懿酒后痛哭，吐露多年磨难委屈的那一段""}",Y,Y,Y,
影视,影视292,vod_clip_plot_search,播放问心2致敬李晟医生的那段戏,vod_fuzzy_search,"{""query"": ""播放问心2致敬李晟医生的那段戏""}",vod_fuzzy_search,"{""query"": ""播放问心2致敬李晟医生的那段戏""}",Y,Y,Y,
影视,影视293,vod_clip_plot_search,起播张一昂火车站意外擒获A级通缉犯的视频片段,vod_fuzzy_search,"{""query"": ""起播张一昂火车站意外擒获A级通缉犯的视频片段""}",vod_fuzzy_search,"{""query"": ""起播张一昂火车站意外擒获A级通缉犯的视频片段""}",Y,Y,Y,
影视,影视294,vod_clip_plot_search,我想看程兵和队友跨越千里追凶途中互相宽慰那场戏,vod_fuzzy_search,"{""query"": ""我想看程兵和队友跨越千里追凶途中互相宽慰那场戏""}",vod_fuzzy_search,"{""query"": ""我想看程兵和队友跨越千里追凶途中互相宽慰那场戏""}",Y,Y,Y,
影视,影视295,vod_clip_plot_search,林品如高调回归复仇那场戏,vod_fuzzy_search,"{""query"": ""林品如高调回归复仇那场戏""}",vod_fuzzy_search,"{""query"": ""林品如高调回归复仇那场戏""}",Y,Y,Y,
影视,影视296,vod_clip_source_search,“地球是很危险的，你快点回火星吧！”这句话出自哪个视频,vod_fuzzy_search,"{""query"": ""“地球是很危险的，你快点回火星吧！”这句话出自哪个视频""}",vod_fuzzy_search,"{""query"": ""“地球是很危险的，你快点回火星吧！”这句话出自哪个视频""}",Y,Y,Y,
影视,影视298,vod_clip_source_search,我想挑战一下我的软肋是什么电影,vod_fuzzy_search,"{""query"": ""我想挑战一下我的软肋是什么电影""}",vod_fuzzy_search,"{""query"": ""我想挑战一下我的软肋是什么电影""}",Y,Y,Y,
影视,影视299,vod_clip_source_search,风浪越大，鱼越贵这句台词出自哪里,vod_fuzzy_search,"{""query"": ""风浪越大，鱼越贵这句台词出自哪里""}",vod_fuzzy_search,"{""query"": ""风浪越大，鱼越贵这句台词出自哪里""}",Y,Y,Y,
影视,影视300,vod_clip_source_search,生而平凡，也能拼出一条出路出自什么影视剧？,vod_fuzzy_search,"{""query"": ""生而平凡，也能拼出一条出路出自什么影视剧？""}",vod_fuzzy_search,"{""query"": ""生而平凡，也能拼出一条出路出自什么影视剧？""}",Y,Y,Y,
影视,影视297,vod_clip_source_search,小强你怎么了小强，这句话是谁在哪部电影里说的,vod_fuzzy_search,"{""query"": ""小强你怎么了小强，这句话是谁在哪部电影里说的""}",vod_fuzzy_search,"{""query"": ""小强你怎么了小强，这句话是谁在哪部电影里说的""}",Y,Y,Y,
影视,影视301,vod_clip_source_search,臣妾做不到啊是啊哪部片子的来看,vod_fuzzy_search,"{""query"": ""臣妾做不到啊是啊哪部片子的来看""}",vod_fuzzy_search,"{""query"": ""臣妾做不到啊是哪部片子的""}",Y,N,N,"query: gold=""臣妾做不到啊是啊哪部片子的来看"" pred=""臣妾做不到啊是哪部片子的"""
影视,影视302,vod_clip_source_search,你知道 “打不过就溜” 是哪部剧的？,vod_fuzzy_search,"{""query"": ""你知道 “打不过就溜” 是哪部剧的？""}",vod_fuzzy_search,"{""query"": ""你知道 “打不过就溜” 是哪部剧的？""}",Y,Y,Y,
影视,影视304,vod_clip_source_search,哪部电影里有这句台词：我没有想赢，我只是不想输,vod_fuzzy_search,"{""query"": ""哪部电影里有这句台词：我没有想赢，我只是不想输""}",vod_fuzzy_search,"{""query"": ""哪部电影里有这句台词：我没有想赢，我只是不想输""}",Y,Y,Y,
影视,影视306,vod_clip_source_search,人生除死无大事，这句台词是哪部剧的？,vod_fuzzy_search,"{""query"": ""人生除死无大事，这句台词是哪部剧的？""}",vod_fuzzy_search,"{""query"": ""人生除死无大事，这句台词是哪部剧的？""}",Y,Y,Y,
影视,影视307,vod_clip_source_search,他强任他强清风拂山岗是什么剧里的,vod_fuzzy_search,"{""query"": ""他强任他强清风拂山岗是什么剧里的""}",vod_fuzzy_search,"{""query"": ""他强任他强清风拂山岗是什么剧里的""}",Y,Y,Y,
影视,影视305,vod_clip_source_search,这句台词外滩的灯，永远为生意人亮着，出自哪儿,vod_fuzzy_search,"{""query"": ""这句台词外滩的灯，永远为生意人亮着，出自哪儿""}",vod_fuzzy_search,"{""query"": ""这句台词外滩的灯，永远为生意人亮着，出自哪儿""}",Y,Y,Y,
影视,影视303,vod_clip_source_search,剑锋所指，所向披靡！是来自哪个电视剧,vod_fuzzy_search,"{""query"": ""剑锋所指，所向披靡！是来自哪个电视剧""}",vod_fuzzy_search,"{""query"": ""剑锋所指，所向披靡！是来自哪个电视剧""}",Y,Y,Y,
影视,影视323,vod_clip_source_search,长相思小夭梅林虐杀是第几集,vod_fuzzy_search,"{""query"": ""长相思小夭梅林虐杀是第几集""}",,,N,N,N,"query: gold=""长相思小夭梅林虐杀是第几集"" pred="
影视,影视309,vod_clip_source_search,“我对你何止半分真心” 出自哪部剧,vod_fuzzy_search,"{""query"": ""“我对你何止半分真心” 出自哪部剧""}",vod_fuzzy_search,"{""query"": ""“我对你何止半分真心” 出自哪部剧""}",Y,Y,Y,
影视,影视308,vod_clip_source_search,“陆地对我来说是一艘太大的船” 这句台词来自哪部影片？,vod_fuzzy_search,"{""query"": ""“陆地对我来说是一艘太大的船” 这句台词来自哪部影片？""}",vod_fuzzy_search,"{""query"": ""“陆地对我来说是一艘太大的船” 这句台词来自哪部影片？""}",Y,Y,Y,
影视,影视310,vod_clip_source_search,做生意，讲究的是体面来自哪部剧,vod_fuzzy_search,"{""query"": ""做生意，讲究的是体面来自哪部剧""}",vod_fuzzy_search,"{""query"": ""做生意，讲究的是体面来自哪部剧""}",Y,Y,Y,
影视,影视311,vod_clip_source_search,华强买瓜出自哪部剧,vod_fuzzy_search,"{""query"": ""华强买瓜出自哪部剧""}",vod_fuzzy_search,"{""query"": ""华强买瓜出自哪部剧""}",Y,Y,Y,
影视,影视312,vod_clip_source_search,那个警察退休后追查旧案的剧叫什么,vod_fuzzy_search,"{""query"": ""那个警察退休后追查旧案的剧叫什么""}",vod_fuzzy_search,"{""query"": ""那个警察退休后追查旧案的剧叫什么""}",Y,Y,Y,
影视,影视315,vod_clip_source_search,那部讲核潜艇研发的电视剧叫什么,vod_fuzzy_search,"{""query"": ""那部讲核潜艇研发的电视剧叫什么""}",vod_fuzzy_search,"{""query"": ""那部讲核潜艇研发的电视剧叫什么""}",Y,Y,Y,
影视,影视313,vod_clip_source_search,苏明玉逆袭那段是都挺好第几集,vod_fuzzy_search,"{""query"": ""苏明玉逆袭那段是都挺好第几集""}",vod_fuzzy_search,"{""query"": ""苏明玉逆袭那段是都挺好第几集""}",Y,Y,Y,
影视,影视314,vod_clip_source_search,逐玉男女主隔着窗户吃陈皮糖暧昧拉扯是第几集？,vod_fuzzy_search,"{""query"": ""逐玉男女主隔着窗户吃陈皮糖暧昧拉扯是第几集？""}",vod_fuzzy_search,"{""query"": ""逐玉男女主隔着窗户吃陈皮糖暧昧拉扯是第几集？""}",Y,Y,Y,
影视,影视316,vod_clip_source_search,江立伟独自关闭火场阀门出自哪部片子,vod_fuzzy_search,"{""query"": ""江立伟独自关闭火场阀门出自哪部片子""}",vod_fuzzy_search,"{""query"": ""江立伟独自关闭火场阀门出自哪部片子""}",Y,Y,Y,
影视,影视317,vod_clip_source_search,人世间周家三兄妹团圆是哪集,vod_fuzzy_search,"{""query"": ""人世间周家三兄妹团圆是哪集""}",vod_fuzzy_search,"{""query"": ""人世间周家三兄妹团圆是哪集""}",Y,Y,Y,
影视,影视318,vod_clip_source_search,那部讲电竞选手退役后当教练的剧叫什么,vod_fuzzy_search,"{""query"": ""那部讲电竞选手退役后当教练的剧叫什么""}",vod_fuzzy_search,"{""query"": ""那部讲电竞选手退役后当教练的剧叫什么""}",Y,Y,Y,
影视,影视320,vod_clip_source_search,那个男主隐居江湖十年身中剧毒的古装剧叫什么,vod_fuzzy_search,"{""query"": ""那个男主隐居江湖十年身中剧毒的古装剧叫什么""}",vod_fuzzy_search,"{""query"": ""那个男主隐居江湖十年身中剧毒的古装剧叫什么""}",Y,Y,Y,
影视,影视321,vod_clip_source_search,战狼2冷锋举国旗那段在第几分钟,vod_fuzzy_search,"{""query"": ""战狼2冷锋举国旗那段在第几分钟""}",vod_fuzzy_search,"{""query"": ""战狼2冷锋举国旗那段在第几分钟""}",Y,Y,Y,
影视,影视319,vod_clip_source_search,苏无名解读繁华背后暗藏阴影出自哪部探案剧,vod_fuzzy_search,"{""query"": ""苏无名解读繁华背后暗藏阴影出自哪部探案剧""}",vod_fuzzy_search,"{""query"": ""苏无名解读繁华背后暗藏阴影出自哪部探案剧""}",Y,Y,Y,
影视,影视325,vod_clip_plot_aggregate_search,周星驰有哪些经典台词片段,vod_fuzzy_search,"{""query"": ""周星驰有哪些经典台词片段""}",vod_fuzzy_search,"{""query"": ""周星驰有哪些经典台词片段""}",Y,Y,Y,
影视,影视324,vod_clip_source_search,大明王朝海瑞下狱是哪集,vod_fuzzy_search,"{""query"": ""大明王朝海瑞下狱是哪集""}",vod_fuzzy_search,"{""query"": ""大明王朝海瑞下狱是哪集""}",Y,Y,Y,
影视,影视327,vod_clip_plot_aggregate_search,狂飙名场面盘点,vod_fuzzy_search,"{""query"": ""狂飙名场面盘点""}",vod_fuzzy_search,"{""query"": ""狂飙名场面盘点""}",Y,Y,Y,
影视,影视326,vod_clip_plot_aggregate_search,2025年古装剧打斗场面,vod_fuzzy_search,"{""query"": ""2025年古装剧打斗场面""}",vod_fuzzy_search,"{""query"": ""2025年古装剧打斗场面""}",Y,Y,Y,
影视,影视322,vod_clip_source_search,东方青苍为小兰花逆天改命是哪集,vod_fuzzy_search,"{""query"": ""东方青苍为小兰花逆天改命是哪集""}",vod_fuzzy_search,"{""query"": ""东方青苍为小兰花逆天改命是哪集""}",Y,Y,Y,
影视,影视328,vod_clip_plot_aggregate_search,狂飙催泪片段,vod_fuzzy_search,"{""query"": ""狂飙催泪片段""}",vod_fuzzy_search,"{""query"": ""狂飙催泪片段""}",Y,Y,Y,
影视,影视329,vod_clip_plot_aggregate_search,2023到2026年沈腾电影精彩片段合集,vod_fuzzy_search,"{""query"": ""2023到2026年沈腾电影精彩片段合集""}",vod_fuzzy_search,"{""query"": ""2023到2026年沈腾电影精彩片段合集""}",Y,Y,Y,
影视,影视332,vod_clip_plot_aggregate_search,莲花楼燃点片段汇总,vod_fuzzy_search,"{""query"": ""莲花楼燃点片段汇总""}",vod_fuzzy_search,"{""query"": ""莲花楼燃点片段汇总""}",Y,Y,Y,
影视,影视330,vod_clip_plot_aggregate_search,李连杰内地电影打斗名场面,vod_fuzzy_search,"{""query"": ""李连杰内地电影打斗名场面""}",vod_fuzzy_search,"{""query"": ""李连杰内地电影打斗名场面""}",Y,Y,Y,
影视,影视331,vod_clip_plot_aggregate_search,杨幂古装剧甜蜜名场面,vod_fuzzy_search,"{""query"": ""杨幂古装剧甜蜜名场面""}",vod_fuzzy_search,"{""query"": ""杨幂古装剧甜蜜名场面""}",Y,Y,Y,
影视,影视333,vod_clip_plot_aggregate_search,昨夜将至还有什么反转剧情,vod_fuzzy_search,"{""query"": ""昨夜将至还有什么反转剧情""}",vod_fuzzy_search,"{""query"": ""昨夜将至还有什么反转剧情""}",Y,Y,Y,
影视,影视334,vod_clip_plot_aggregate_search,亮剑都有哪些名场面,vod_fuzzy_search,"{""query"": ""亮剑都有哪些名场面""}",vod_fuzzy_search,"{""query"": ""亮剑都有哪些名场面""}",Y,Y,Y,
影视,影视335,vod_clip_plot_aggregate_search,周生如故虐心场面集锦,vod_fuzzy_search,"{""query"": ""周生如故虐心场面集锦""}",vod_fuzzy_search,"{""query"": ""周生如故虐心场面集锦""}",Y,Y,Y,
影视,影视336,vod_clip_plot_aggregate_search,白月梵星都有哪些打斗场面,vod_fuzzy_search,"{""query"": ""白月梵星都有哪些打斗场面""}",vod_fuzzy_search,"{""query"": ""白月梵星都有哪些打斗场面""}",Y,Y,Y,
影视,影视338,vod_clip_plot_aggregate_search,逐玉告白名场面,vod_fuzzy_search,"{""query"": ""逐玉告白名场面""}",vod_fuzzy_search,"{""query"": ""逐玉告白名场面""}",Y,Y,Y,
影视,影视337,vod_clip_plot_aggregate_search,太平年经典场面集锦,vod_fuzzy_search,"{""query"": ""太平年经典场面集锦""}",vod_fuzzy_search,"{""query"": ""太平年经典场面集锦""}",Y,Y,Y,
影视,影视340,vod_clip_plot_aggregate_search,成龙电影打斗片段,vod_fuzzy_search,"{""query"": ""成龙电影打斗片段""}",vod_fuzzy_search,"{""query"": ""成龙电影打斗片段""}",Y,Y,Y,
影视,影视343,vod_clip_plot_aggregate_search,隐秘的角落高能反转片段,vod_fuzzy_search,"{""query"": ""隐秘的角落高能反转片段""}",vod_fuzzy_search,"{""query"": ""隐秘的角落高能反转片段""}",Y,Y,Y,
影视,影视342,vod_clip_plot_aggregate_search,嫌疑人X的献身的逻辑推理名场面短视频,vod_fuzzy_search,"{""query"": ""嫌疑人X的献身的逻辑推理名场面短视频""}",vod_fuzzy_search,"{""query"": ""嫌疑人X的献身的逻辑推理名场面短视频""}",Y,Y,Y,
影视,影视339,vod_clip_plot_aggregate_search,低智商犯罪反转场面盘点,vod_fuzzy_search,"{""query"": ""低智商犯罪反转场面盘点""}",vod_fuzzy_search,"{""query"": ""低智商犯罪反转场面盘点""}",Y,Y,Y,
影视,影视341,vod_clip_plot_aggregate_search,有没有哪吒2全片最震撼的戏,vod_fuzzy_search,"{""query"": ""有没有哪吒2全片最震撼的戏""}",vod_fuzzy_search,"{""query"": ""有没有哪吒2全片最震撼的戏""}",Y,Y,Y,
影视,影视344,vod_clip_plot_aggregate_search,给我搜捕风追影里成龙和梁家辉的对手戏视频,vod_fuzzy_search,"{""query"": ""给我搜捕风追影里成龙和梁家辉的对手戏视频""}",vod_fuzzy_search,"{""query"": ""给我搜捕风追影里成龙和梁家辉的对手戏视频""}",Y,Y,Y,
影视,影视345,vod_clip_plot_aggregate_search,狂飙里张颂文和张译最高光名场面,vod_fuzzy_search,"{""query"": ""狂飙里张颂文和张译最高光名场面""}",vod_fuzzy_search,"{""query"": ""狂飙里张颂文和张译最高光名场面""}",Y,Y,Y,
影视,影视348,vod_clip_plot_aggregate_search,看一下周迅电影哭戏名场面合集,vod_fuzzy_search,"{""query"": ""看一下周迅电影哭戏名场面合集""}",vod_fuzzy_search,"{""query"": ""看一下周迅电影哭戏名场面合集""}",Y,Y,Y,
影视,影视346,vod_clip_plot_aggregate_search,想看狂飙里高启强和安欣两人同框封神片段,vod_fuzzy_search,"{""query"": ""想看狂飙里高启强和安欣两人同框封神片段""}",vod_fuzzy_search,"{""query"": ""想看狂飙里高启强和安欣两人同框封神片段""}",Y,Y,Y,
影视,影视349,vod_clip_plot_aggregate_search,肖申克的救赎逆袭高光桥段汇总,vod_fuzzy_search,"{""query"": ""肖申克的救赎逆袭高光桥段汇总""}",vod_fuzzy_search,"{""query"": ""肖申克的救赎逆袭高光桥段汇总""}",Y,Y,Y,
影视,影视350,vod_clip_plot_aggregate_search,教父经典对峙名场面合集,vod_fuzzy_search,"{""query"": ""教父经典对峙名场面合集""}",vod_fuzzy_search,"{""query"": ""教父经典对峙名场面合集""}",Y,Y,Y,
影视,影视347,vod_clip_plot_aggregate_search,飞驰人生3中张驰、孙宇强的爆燃高光小视频有哪些,vod_fuzzy_search,"{""query"": ""飞驰人生3中张驰、孙宇强的爆燃高光小视频有哪些""}",vod_fuzzy_search,"{""query"": ""飞驰人生3中张驰、孙宇强的爆燃高光小视频有哪些""}",Y,Y,Y,
影视,影视351,vod_clip_plot_aggregate_search,武林外传最搞笑的那些名场面,vod_fuzzy_search,"{""query"": ""武林外传最搞笑的那些名场面""}",vod_fuzzy_search,"{""query"": ""武林外传最搞笑的那些名场面""}",Y,Y,Y,
影视,影视352,vod_clip_plot_aggregate_search,人生之路里最让人血压升高的场面,vod_fuzzy_search,"{""query"": ""人生之路里最让人血压升高的场面""}",vod_fuzzy_search,"{""query"": ""人生之路里最让人血压升高的场面""}",Y,Y,Y,
影视,影视354,vod_clip_lines_search,我要看大伙的秘密就不是秘密那段,vod_fuzzy_search,"{""query"": ""我要看大伙的秘密就不是秘密那段""}",vod_fuzzy_search,"{""query"": ""我要看大伙的秘密就不是秘密那段""}",Y,Y,Y,
影视,影视355,vod_clip_lines_search,我要看正经人谁写日记啊那个片段,vod_fuzzy_search,"{""query"": ""我要看正经人谁写日记啊那个片段""}",vod_fuzzy_search,"{""query"": ""我要看正经人谁写日记啊那个片段""}",Y,Y,Y,
影视,影视353,vod_clip_plot_aggregate_search,熊猫计划之部落奇遇记里面最燃的场面合集,vod_fuzzy_search,"{""query"": ""熊猫计划之部落奇遇记里面最燃的场面合集""}",vod_fuzzy_search,"{""query"": ""熊猫计划之部落奇遇记里面最燃的场面合集""}",Y,Y,Y,
影视,影视356,vod_clip_lines_search,搜索我命由我不由天的那段,vod_fuzzy_search,"{""query"": ""搜索我命由我不由天的那段""}",vod_fuzzy_search,"{""query"": ""搜索我命由我不由天的那段""}",Y,Y,Y,
影视,影视357,vod_clip_lines_search,跳到现实生活可比墙上的标语复杂多了的片段,vod_fuzzy_search,"{""query"": ""跳到现实生活可比墙上的标语复杂多了的片段""}",vod_fuzzy_search,"{""query"": ""跳到现实生活可比墙上的标语复杂多了的片段""}",Y,Y,Y,
影视,影视358,vod_clip_lines_search,请帮我播一下天亮前的夜，最难熬那个片段呗,vod_fuzzy_search,"{""query"": ""请帮我播一下天亮前的夜，最难熬那个片段呗""}",vod_fuzzy_search,"{""query"": ""请帮我播一下天亮前的夜，最难熬那个片段呗""}",Y,Y,Y,
影视,影视359,vod_clip_lines_search,"我要看那段我已无法返航,你们继续努力的视频",vod_fuzzy_search,"{""query"": ""我要看那段我已无法返航,你们继续努力的视频""}",vod_fuzzy_search,"{""query"": ""我要看那段我已无法返航,你们继续努力的视频""}",Y,Y,Y,
影视,影视360,vod_clip_lines_search,"我想看一个人可以被毁灭,但不能被打败的那个片段吗",vod_fuzzy_search,"{""query"": ""我想看一个人可以被毁灭,但不能被打败的那个片段吗""}",vod_fuzzy_search,"{""query"": ""我想看一个人可以被毁灭,但不能被打败的那个片段吗""}",Y,Y,Y,
影视,影视361,vod_clip_lines_search,搜索要怀疑我们怀疑的怀疑的台词片段,vod_fuzzy_search,"{""query"": ""搜索要怀疑我们怀疑的怀疑的台词片段""}",vod_fuzzy_search,"{""query"": ""搜索要怀疑我们怀疑的怀疑的台词片段""}",Y,Y,Y,
影视,影视376,vod_clip_lines_search,播放功夫我发起疯来连自己都怕。,vod_fuzzy_search,"{""query"": ""播放功夫我发起疯来连自己都怕。""}",music_song_search,"{""retext"": ""播放功夫我发起疯来连自己都怕。""}",N,N,N,"query: gold=""播放功夫我发起疯来连自己都怕。"" pred=; retext: gold= pred=""播放功夫我发起疯来连自己都怕。"""
影视,影视362,vod_clip_lines_search,找一下台词你过来啊这段视频,vod_fuzzy_search,"{""query"": ""找一下台词你过来啊这段视频""}",vod_fuzzy_search,"{""query"": ""找一下台词你过来啊这段视频""}",Y,Y,Y,
影视,影视363,vod_clip_lines_search,燕子!燕子没有你我怎么活啊这段台词的视频在哪,vod_fuzzy_search,"{""query"": ""燕子!燕子没有你我怎么活啊这段台词的视频在哪""}",vod_fuzzy_search,"{""query"": ""燕子!燕子没有你我怎么活啊这段台词的视频在哪""}",Y,Y,Y,
影视,影视366,vod_clip_lines_search,"查找做生意,时间很重要的片段那段",vod_fuzzy_search,"{""query"": ""查找做生意,时间很重要的片段那段""}",vod_fuzzy_search,"{""query"": ""查找做生意,时间很重要的片段那段""}",Y,Y,Y,
影视,影视364,vod_clip_lines_search,"帮我播电影片段，说的是我在人群中,总能第一眼就看到你",vod_fuzzy_search,"{""query"": ""帮我播电影片段，说的是我在人群中,总能第一眼就看到你""}",vod_fuzzy_search,"{""query"": ""帮我播电影片段，说的是我在人群中,总能第一眼就看到你""}",Y,Y,Y,
影视,影视365,vod_clip_lines_search,帮我看‌生我者父母，知我者唐兄啊的搞笑片段,vod_fuzzy_search,"{""query"": ""帮我看‌生我者父母，知我者唐兄啊的搞笑片段""}",vod_fuzzy_search,"{""query"": ""帮我看‌生我者父母，知我者唐兄啊的搞笑片段""}",Y,Y,Y,
影视,影视367,vod_clip_lines_search,播有此头不可低，此腰不能弯那个片段,vod_fuzzy_search,"{""query"": ""播有此头不可低，此腰不能弯那个片段""}",vod_fuzzy_search,"{""query"": ""播有此头不可低，此腰不能弯那个片段""}",Y,Y,Y,
影视,影视368,vod_clip_lines_search,麻烦放一下你妈没告诉你别欺负熊孩子吗的电影片段啊,vod_fuzzy_search,"{""query"": ""麻烦放一下你妈没告诉你别欺负熊孩子吗的电影片段啊""}",vod_fuzzy_search,"{""query"": ""麻烦放一下你妈没告诉你别欺负熊孩子吗的电影片段啊""}",Y,Y,Y,
影视,影视369,vod_clip_lines_search,"我是尊重规则,但它得公平啊那段视频帮我找找",vod_fuzzy_search,"{""query"": ""我是尊重规则,但它得公平啊那段视频帮我找找""}",vod_fuzzy_search,"{""query"": ""我是尊重规则,但它得公平啊那段视频帮我找找""}",Y,Y,Y,
影视,影视370,vod_clip_lines_search,帮我查找一下电视剧片段是既生瑜，何生亮？,vod_fuzzy_search,"{""query"": ""帮我查找一下电视剧片段是既生瑜，何生亮？""}",vod_fuzzy_search,"{""query"": ""帮我查找一下电视剧片段是既生瑜，何生亮？""}",Y,Y,Y,
影视,影视371,vod_clip_lines_search,鞠躬尽瘁，死而后已的电视剧,vod_fuzzy_search,"{""query"": ""鞠躬尽瘁，死而后已的电视剧""}",vod_fuzzy_search,"{""query"": ""鞠躬尽瘁，死而后已的电视剧""}",Y,Y,Y,
影视,影视373,vod_clip_lines_search,"放一下今天你我,划地绝交的片段的感人片段呗",vod_fuzzy_search,"{""query"": ""放一下今天你我,划地绝交的片段的感人片段呗""}",vod_fuzzy_search,"{""query"": ""放一下今天你我,划地绝交的片段的感人片段呗""}",Y,Y,Y,
影视,影视372,vod_clip_lines_search,起播人活着就是折腾的视频,vod_fuzzy_search,"{""query"": ""起播人活着就是折腾的视频""}",vod_fuzzy_search,"{""query"": ""起播人活着就是折腾的视频""}",Y,Y,Y,
影视,影视374,vod_clip_lines_search,找满江红里这计划赌的不是局，是人的片段,vod_fuzzy_search,"{""query"": ""找满江红里这计划赌的不是局，是人的片段""}",vod_fuzzy_search,"{""query"": ""找满江红里这计划赌的不是局，是人的片段""}",Y,Y,Y,
影视,影视375,vod_clip_lines_search,看下西游记我叫你一声你敢答应吗?,vod_fuzzy_search,"{""query"": ""看下西游记我叫你一声你敢答应吗?""}",vod_fuzzy_search,"{""query"": ""看下西游记我叫你一声你敢答应吗?""}",Y,Y,Y,
影视,影视377,vod_clip_lines_search,播放隐秘的角落里您看我还有机会吗?那段戏,vod_fuzzy_search,"{""query"": ""播放隐秘的角落里您看我还有机会吗?那段戏""}",vod_fuzzy_search,"{""query"": ""播放隐秘的角落里您看我还有机会吗?那段戏""}",Y,Y,Y,
影视,影视378,vod_clip_lines_search,看下熊出没之雪岭熊风，熊就要有个熊样,vod_fuzzy_search,"{""query"": ""看下熊出没之雪岭熊风，熊就要有个熊样""}",vod_fuzzy_search,"{""query"": ""看下熊出没之雪岭熊风，熊就要有个熊样""}",Y,Y,Y,
影视,影视379,vod_clip_lines_search,"找封神第一部马看到什么,是人决定的",vod_fuzzy_search,"{""query"": ""找封神第一部马看到什么,是人决定的""}",vod_fuzzy_search,"{""query"": ""找封神第一部马看到什么,是人决定的""}",Y,Y,Y,
影视,影视380,vod_clip_lines_search,找一下功夫熊猫4，就算赢不了，我也要试一试的片段,vod_fuzzy_search,"{""query"": ""找一下功夫熊猫4，就算赢不了，我也要试一试的片段""}",vod_fuzzy_search,"{""query"": ""找一下功夫熊猫4，就算赢不了，我也要试一试的片段""}",Y,Y,Y,
影视,影视383,vod_clip_lines_search,我想看蜘蛛侠说能力越大，责任越大的场景,vod_fuzzy_search,"{""query"": ""我想看蜘蛛侠说能力越大，责任越大的场景""}",vod_fuzzy_search,"{""query"": ""我想看蜘蛛侠说能力越大，责任越大的场景""}",Y,Y,Y,
影视,影视382,vod_clip_lines_search,帮我播放士兵突击里有意义就是好好活，好好活就是做有意义的事。那个片段,vod_fuzzy_search,"{""query"": ""帮我播放士兵突击里有意义就是好好活，好好活就是做有意义的事。那个片段""}",vod_fuzzy_search,"{""query"": ""帮我播放士兵突击里有意义就是好好活，好好活就是做有意义的事。那个片段""}",Y,Y,Y,
影视,影视381,vod_clip_lines_search,给我看杉杉来了电视剧里老板，撑死算工伤吗？的那集片段,vod_fuzzy_search,"{""query"": ""给我看杉杉来了电视剧里老板，撑死算工伤吗？的那集片段""}",vod_fuzzy_search,"{""query"": ""给我看杉杉来了电视剧里老板，撑死算工伤吗？的那集片段""}",Y,Y,Y,
影视,影视384,vod_clip_lines_search,蜘蛛侠：平行宇宙的不管遭受多少次打击，我最终总是会爬起来片段,vod_fuzzy_search,"{""query"": ""蜘蛛侠：平行宇宙的不管遭受多少次打击，我最终总是会爬起来片段""}",vod_fuzzy_search,"{""query"": ""蜘蛛侠：平行宇宙的不管遭受多少次打击，我最终总是会爬起来片段""}",Y,Y,Y,
影视,影视385,vod_clip_plot_search,逐玉破窗之吻名场面,vod_fuzzy_search,"{""query"": ""逐玉破窗之吻名场面""}",vod_fuzzy_search,"{""query"": ""逐玉破窗之吻名场面""}",Y,Y,Y,
影视,影视386,vod_clip_plot_search,甄嬛传倚梅园许愿名场面,vod_fuzzy_search,"{""query"": ""甄嬛传倚梅园许愿名场面""}",vod_fuzzy_search,"{""query"": ""甄嬛传倚梅园许愿名场面""}",Y,Y,Y,
影视,影视388,vod_clip_plot_search,华强买瓜片段,vod_fuzzy_search,"{""query"": ""华强买瓜片段""}",vod_fuzzy_search,"{""query"": ""华强买瓜片段""}",Y,Y,Y,
影视,影视387,vod_clip_plot_search,大话西游紫霞仙子眨眼名场面,vod_fuzzy_search,"{""query"": ""大话西游紫霞仙子眨眼名场面""}",vod_fuzzy_search,"{""query"": ""大话西游紫霞仙子眨眼名场面""}",Y,Y,Y,
影视,影视389,vod_clip_plot_search,碟中谍阿汤哥倒吊潜入场面,vod_fuzzy_search,"{""query"": ""碟中谍阿汤哥倒吊潜入场面""}",vod_fuzzy_search,"{""query"": ""碟中谍阿汤哥倒吊潜入场面""}",Y,Y,Y,
影视,影视393,vod_clip_plot_search,收看电视剧生万物，宁绣绣雪地红衣断亲的那段戏,vod_fuzzy_search,"{""query"": ""收看电视剧生万物，宁绣绣雪地红衣断亲的那段戏""}",vod_fuzzy_search,"{""query"": ""收看电视剧生万物，宁绣绣雪地红衣断亲的那段戏""}",Y,Y,Y,
影视,影视391,vod_clip_plot_search,《东成西就》欧阳锋香肠嘴名场面,vod_fuzzy_search,"{""query"": ""《东成西就》欧阳锋香肠嘴名场面""}",vod_fuzzy_search,"{""query"": ""《东成西就》欧阳锋香肠嘴名场面""}",Y,Y,Y,
影视,影视392,vod_clip_plot_search,《花样年华》梁朝伟墙洞倾诉‌的名场面,vod_fuzzy_search,"{""query"": ""《花样年华》梁朝伟墙洞倾诉‌的名场面""}",vod_fuzzy_search,"{""query"": ""《花样年华》梁朝伟墙洞倾诉‌的名场面""}",Y,Y,Y,
影视,影视390,vod_clip_plot_search,星爷我养你啊场面,vod_fuzzy_search,"{""query"": ""星爷我养你啊场面""}",vod_fuzzy_search,"{""query"": ""星爷我养你啊场面""}",Y,Y,Y,
影视,影视394,vod_clip_plot_search,我想看电影《英雄》胡杨林打斗场面,vod_fuzzy_search,"{""query"": ""我想看电影《英雄》胡杨林打斗场面""}",vod_fuzzy_search,"{""query"": ""我想看电影《英雄》胡杨林打斗场面""}",Y,Y,Y,
影视,影视395,vod_clip_plot_search,武林外传，吕秀才智斗姬无命的高光名场面,vod_fuzzy_search,"{""query"": ""武林外传，吕秀才智斗姬无命的高光名场面""}",vod_fuzzy_search,"{""query"": ""武林外传，吕秀才智斗姬无命的高光名场面""}",Y,Y,Y,
影视,影视396,vod_clip_plot_search,潜伏中，翠平打麻将口误的那个片段,vod_fuzzy_search,"{""query"": ""潜伏中，翠平打麻将口误的那个片段""}",vod_fuzzy_search,"{""query"": ""潜伏中，翠平打麻将口误的那个片段""}",Y,Y,Y,
影视,影视398,vod_clip_plot_search,《甜蜜蜜》电影里，张曼玉认尸笑场名场面,vod_fuzzy_search,"{""query"": ""《甜蜜蜜》电影里，张曼玉认尸笑场名场面""}",vod_fuzzy_search,"{""query"": ""《甜蜜蜜》电影里，张曼玉认尸笑场名场面""}",Y,Y,Y,
影视,影视397,vod_clip_plot_search,播放《卧虎藏龙》章子怡竹林打斗的片段,vod_fuzzy_search,"{""query"": ""播放《卧虎藏龙》章子怡竹林打斗的片段""}",vod_fuzzy_search,"{""query"": ""播放《卧虎藏龙》章子怡竹林打斗的片段""}",Y,Y,Y,
影视,影视399,vod_clip_plot_search,《九品芝麻官》里，周星驰吞剑的戏,vod_fuzzy_search,"{""query"": ""《九品芝麻官》里，周星驰吞剑的戏""}",vod_fuzzy_search,"{""query"": ""《九品芝麻官》里，周星驰吞剑的戏""}",Y,Y,Y,
影视,影视400,vod_clip_plot_search,西红柿首富里魏翔吃乳猪的片段,vod_fuzzy_search,"{""query"": ""西红柿首富里魏翔吃乳猪的片段""}",vod_fuzzy_search,"{""query"": ""西红柿首富里魏翔吃乳猪的片段""}",Y,Y,Y,
影视,影视401,vod_clip_plot_search,刘德华在《天若有情》婚纱摩托狂飙‌的封神镜头,vod_fuzzy_search,"{""query"": ""刘德华在《天若有情》婚纱摩托狂飙‌的封神镜头""}",vod_fuzzy_search,"{""query"": ""刘德华在《天若有情》婚纱摩托狂飙‌的封神镜头""}",Y,Y,Y,
影视,影视402,vod_clip_plot_search,甄嬛甘露寺回宫片段,vod_fuzzy_search,"{""query"": ""甄嬛甘露寺回宫片段""}",vod_fuzzy_search,"{""query"": ""甄嬛甘露寺回宫片段""}",Y,Y,Y,
影视,影视404,vod_clip_plot_search,白浅取回眼睛反转片段,vod_fuzzy_search,"{""query"": ""白浅取回眼睛反转片段""}",vod_fuzzy_search,"{""query"": ""白浅取回眼睛反转片段""}",Y,Y,Y,
影视,影视403,vod_clip_plot_search,高启强黑化成为黑社会老大片段,vod_fuzzy_search,"{""query"": ""高启强黑化成为黑社会老大片段""}",vod_fuzzy_search,"{""query"": ""高启强黑化成为黑社会老大片段""}",Y,Y,Y,
影视,影视405,vod_clip_plot_search,樊长玉揭露李丞相阴谋复仇片段,vod_fuzzy_search,"{""query"": ""樊长玉揭露李丞相阴谋复仇片段""}",vod_fuzzy_search,"{""query"": ""樊长玉揭露李丞相阴谋复仇片段""}",Y,Y,Y,
影视,影视406,vod_clip_plot_search,想看范云独立搞事业、朝堂爽戏的那场戏,vod_fuzzy_search,"{""query"": ""想看范云独立搞事业、朝堂爽戏的那场戏""}",vod_fuzzy_search,"{""query"": ""想看范云独立搞事业、朝堂爽戏的那场戏""}",Y,Y,Y,
影视,影视408,vod_clip_plot_search,跳转到黄彩玲突发急病，吐露真相的那段视频,vod_fuzzy_search,"{""query"": ""跳转到黄彩玲突发急病，吐露真相的那段视频""}",vod_fuzzy_search,"{""query"": ""跳转到黄彩玲突发急病，吐露真相的那段视频""}",Y,Y,Y,
影视,影视409,vod_clip_plot_search,回看曹建军为追嫌犯车祸重伤，抢救无效牺牲的片段,vod_fuzzy_search,"{""query"": ""回看曹建军为追嫌犯车祸重伤，抢救无效牺牲的片段""}",vod_fuzzy_search,"{""query"": ""回看曹建军为追嫌犯车祸重伤，抢救无效牺牲的片段""}",Y,Y,Y,
影视,影视410,vod_clip_plot_search,帮我播放队友拿下盗猎头目，想私刑被白菊拦下的那个片段,vod_fuzzy_search,"{""query"": ""帮我播放队友拿下盗猎头目，想私刑被白菊拦下的那个片段""}",vod_fuzzy_search,"{""query"": ""帮我播放队友拿下盗猎头目，想私刑被白菊拦下的那个片段""}",Y,Y,Y,
影视,影视407,vod_clip_plot_search,回放聚餐欧阳懿酒后痛哭，吐露多年磨难委屈的那一段,vod_fuzzy_search,"{""query"": ""回放聚餐欧阳懿酒后痛哭，吐露多年磨难委屈的那一段""}",vod_fuzzy_search,"{""query"": ""回放聚餐欧阳懿酒后痛哭，吐露多年磨难委屈的那一段""}",Y,Y,Y,
影视,影视411,vod_clip_plot_search,林美月和韩栋审讯室镜面夫妻对峙的视频片段,vod_fuzzy_search,"{""query"": ""林美月和韩栋审讯室镜面夫妻对峙的视频片段""}",vod_fuzzy_search,"{""query"": ""林美月和韩栋审讯室镜面夫妻对峙的视频片段""}",Y,Y,Y,
影视,影视412,vod_clip_plot_search,播放问心2致敬李晟医生的那段戏,vod_fuzzy_search,"{""query"": ""播放问心2致敬李晟医生的那段戏""}",vod_fuzzy_search,"{""query"": ""播放问心2致敬李晟医生的那段戏""}",Y,Y,Y,
影视,影视413,vod_clip_plot_search,起播张一昂火车站意外擒获A级通缉犯的视频片段,vod_fuzzy_search,"{""query"": ""起播张一昂火车站意外擒获A级通缉犯的视频片段""}",vod_fuzzy_search,"{""query"": ""起播张一昂火车站意外擒获A级通缉犯的视频片段""}",Y,Y,Y,
影视,影视414,vod_clip_plot_search,我想看程兵和队友跨越千里追凶途中互相宽慰那场戏,vod_fuzzy_search,"{""query"": ""我想看程兵和队友跨越千里追凶途中互相宽慰那场戏""}",vod_fuzzy_search,"{""query"": ""我想看程兵和队友跨越千里追凶途中互相宽慰那场戏""}",Y,Y,Y,
影视,影视415,vod_clip_plot_search,林品如高调回归复仇那场戏,vod_fuzzy_search,"{""query"": ""林品如高调回归复仇那场戏""}",vod_fuzzy_search,"{""query"": ""林品如高调回归复仇那场戏""}",Y,Y,Y,
影视,影视416,vod_clip_source_search,“地球是很危险的，你快点回火星吧！”这句话出自哪个视频,vod_fuzzy_search,"{""query"": ""“地球是很危险的，你快点回火星吧！”这句话出自哪个视频""}",vod_fuzzy_search,"{""query"": ""“地球是很危险的，你快点回火星吧！”这句话出自哪个视频""}",Y,Y,Y,
影视,影视418,vod_clip_source_search,我想挑战一下我的软肋是什么电影,vod_fuzzy_search,"{""query"": ""我想挑战一下我的软肋是什么电影""}",vod_fuzzy_search,"{""query"": ""我想挑战一下我的软肋是什么电影""}",Y,Y,Y,
影视,影视417,vod_clip_source_search,小强你怎么了小强，这句话是谁在哪部电影里说的,vod_fuzzy_search,"{""query"": ""小强你怎么了小强，这句话是谁在哪部电影里说的""}",vod_fuzzy_search,"{""query"": ""小强你怎么了小强，这句话是谁在哪部电影里说的""}",Y,Y,Y,
影视,影视419,vod_clip_source_search,风浪越大，鱼越贵这句台词出自哪里,vod_fuzzy_search,"{""query"": ""风浪越大，鱼越贵这句台词出自哪里""}",vod_fuzzy_search,"{""query"": ""风浪越大，鱼越贵这句台词出自哪里""}",Y,Y,Y,
影视,影视420,vod_clip_source_search,生而平凡，也能拼出一条出路出自什么影视剧？,vod_fuzzy_search,"{""query"": ""生而平凡，也能拼出一条出路出自什么影视剧？""}",vod_fuzzy_search,"{""query"": ""生而平凡，也能拼出一条出路出自什么影视剧？""}",Y,Y,Y,
影视,影视421,vod_clip_source_search,‌“打得一拳开，免得百拳来”‌‌这句台词来自哪部电影,vod_fuzzy_search,"{""query"": ""‌“打得一拳开，免得百拳来”‌‌这句台词来自哪部电影""}",vod_fuzzy_search,"{""query"": ""‌“打得一拳开，免得百拳来”‌‌这句台词来自哪部电影""}",Y,Y,Y,
影视,影视423,vod_clip_source_search,你知道 “打不过就溜” 是哪部剧的？,vod_fuzzy_search,"{""query"": ""你知道 “打不过就溜” 是哪部剧的？""}",vod_fuzzy_search,"{""query"": ""你知道 “打不过就溜” 是哪部剧的？""}",Y,Y,Y,
影视,影视422,vod_clip_source_search,臣妾做不到啊是啊哪部片子的来看,vod_fuzzy_search,"{""query"": ""臣妾做不到啊是啊哪部片子的来看""}",vod_fuzzy_search,"{""query"": ""臣妾做不到啊是哪部片子的""}",Y,N,N,"query: gold=""臣妾做不到啊是啊哪部片子的来看"" pred=""臣妾做不到啊是哪部片子的"""
影视,影视425,vod_clip_source_search,哪部电影里有这句台词：我没有想赢，我只是不想输,vod_fuzzy_search,"{""query"": ""哪部电影里有这句台词：我没有想赢，我只是不想输""}",vod_fuzzy_search,"{""query"": ""哪部电影里有这句台词：我没有想赢，我只是不想输""}",Y,Y,Y,
影视,影视426,vod_clip_source_search,这句台词外滩的灯，永远为生意人亮着，出自哪儿,vod_fuzzy_search,"{""query"": ""这句台词外滩的灯，永远为生意人亮着，出自哪儿""}",vod_fuzzy_search,"{""query"": ""这句台词外滩的灯，永远为生意人亮着，出自哪儿""}",Y,Y,Y,
影视,影视427,vod_clip_source_search,人生除死无大事，这句台词是哪部剧的？,vod_fuzzy_search,"{""query"": ""人生除死无大事，这句台词是哪部剧的？""}",vod_fuzzy_search,"{""query"": ""人生除死无大事，这句台词是哪部剧的？""}",Y,Y,Y,
影视,影视428,vod_clip_source_search,他强任他强清风拂山岗是什么剧里的,vod_fuzzy_search,"{""query"": ""他强任他强清风拂山岗是什么剧里的""}",vod_fuzzy_search,"{""query"": ""他强任他强清风拂山岗是什么剧里的""}",Y,Y,Y,
影视,影视424,vod_clip_source_search,剑锋所指，所向披靡！是来自哪个电视剧,vod_fuzzy_search,"{""query"": ""剑锋所指，所向披靡！是来自哪个电视剧""}",vod_fuzzy_search,"{""query"": ""剑锋所指，所向披靡！是来自哪个电视剧""}",Y,Y,Y,
影视,影视429,vod_clip_source_search,‌“不抛弃，不放弃！”‌是哪部剧里的台词,vod_fuzzy_search,"{""query"": ""‌“不抛弃，不放弃！”‌是哪部剧里的台词""}",vod_fuzzy_search,"{""query"": ""‌“不抛弃，不放弃！”‌是哪部剧里的台词""}",Y,Y,Y,
影视,影视430,vod_clip_source_search,“陆地对我来说是一艘太大的船” 这句台词来自哪部影片？,vod_fuzzy_search,"{""query"": ""“陆地对我来说是一艘太大的船” 这句台词来自哪部影片？""}",vod_fuzzy_search,"{""query"": ""“陆地对我来说是一艘太大的船” 这句台词来自哪部影片？""}",Y,Y,Y,
影视,影视445,vod_clip_source_search,长相思小夭梅林虐杀是第几集,vod_fuzzy_search,"{""query"": ""长相思小夭梅林虐杀是第几集""}",,,N,N,N,"query: gold=""长相思小夭梅林虐杀是第几集"" pred="
影视,影视431,vod_clip_source_search,“我对你何止半分真心” 出自哪部剧,vod_fuzzy_search,"{""query"": ""“我对你何止半分真心” 出自哪部剧""}",vod_fuzzy_search,"{""query"": ""“我对你何止半分真心” 出自哪部剧""}",Y,Y,Y,
影视,影视432,vod_clip_source_search,做生意，讲究的是体面来自哪部剧,vod_fuzzy_search,"{""query"": ""做生意，讲究的是体面来自哪部剧""}",vod_fuzzy_search,"{""query"": ""做生意，讲究的是体面来自哪部剧""}",Y,Y,Y,
影视,影视434,vod_clip_source_search,那个警察退休后追查旧案的剧叫什么,vod_fuzzy_search,"{""query"": ""那个警察退休后追查旧案的剧叫什么""}",vod_fuzzy_search,"{""query"": ""那个警察退休后追查旧案的剧叫什么""}",Y,Y,Y,
影视,影视433,vod_clip_source_search,华强买瓜出自哪部剧,vod_fuzzy_search,"{""query"": ""华强买瓜出自哪部剧""}",vod_fuzzy_search,"{""query"": ""华强买瓜出自哪部剧""}",Y,Y,Y,
影视,影视435,vod_clip_source_search,苏明玉逆袭那段是都挺好第几集,vod_fuzzy_search,"{""query"": ""苏明玉逆袭那段是都挺好第几集""}",vod_fuzzy_search,"{""query"": ""苏明玉逆袭那段是都挺好第几集""}",Y,Y,Y,
影视,影视436,vod_clip_source_search,逐玉男女主隔着窗户吃陈皮糖暧昧拉扯是第几集？,vod_fuzzy_search,"{""query"": ""逐玉男女主隔着窗户吃陈皮糖暧昧拉扯是第几集？""}",vod_fuzzy_search,"{""query"": ""逐玉男女主隔着窗户吃陈皮糖暧昧拉扯是第几集？""}",Y,Y,Y,
影视,影视437,vod_clip_source_search,那部讲核潜艇研发的电视剧叫什么,vod_fuzzy_search,"{""query"": ""那部讲核潜艇研发的电视剧叫什么""}",vod_fuzzy_search,"{""query"": ""那部讲核潜艇研发的电视剧叫什么""}",Y,Y,Y,
影视,影视438,vod_clip_source_search,江立伟独自关闭火场阀门出自哪部片子,vod_fuzzy_search,"{""query"": ""江立伟独自关闭火场阀门出自哪部片子""}",vod_fuzzy_search,"{""query"": ""江立伟独自关闭火场阀门出自哪部片子""}",Y,Y,Y,
影视,影视439,vod_clip_source_search,人世间周家三兄妹团圆是哪集,vod_fuzzy_search,"{""query"": ""人世间周家三兄妹团圆是哪集""}",vod_fuzzy_search,"{""query"": ""人世间周家三兄妹团圆是哪集""}",Y,Y,Y,
影视,影视440,vod_clip_source_search,那部讲电竞选手退役后当教练的剧叫什么,vod_fuzzy_search,"{""query"": ""那部讲电竞选手退役后当教练的剧叫什么""}",vod_fuzzy_search,"{""query"": ""那部讲电竞选手退役后当教练的剧叫什么""}",Y,Y,Y,
影视,影视442,vod_clip_source_search,那个男主隐居江湖十年身中剧毒的古装剧叫什么,vod_fuzzy_search,"{""query"": ""那个男主隐居江湖十年身中剧毒的古装剧叫什么""}",vod_fuzzy_search,"{""query"": ""那个男主隐居江湖十年身中剧毒的古装剧叫什么""}",Y,Y,Y,
影视,影视443,vod_clip_source_search,战狼2冷锋举国旗那段在第几分钟,vod_fuzzy_search,"{""query"": ""战狼2冷锋举国旗那段在第几分钟""}",vod_fuzzy_search,"{""query"": ""战狼2冷锋举国旗那段在第几分钟""}",Y,Y,Y,
影视,影视441,vod_clip_source_search,苏无名解读繁华背后暗藏阴影出自哪部探案剧,vod_fuzzy_search,"{""query"": ""苏无名解读繁华背后暗藏阴影出自哪部探案剧""}",vod_fuzzy_search,"{""query"": ""苏无名解读繁华背后暗藏阴影出自哪部探案剧""}",Y,Y,Y,
影视,影视444,vod_clip_source_search,东方青苍为小兰花逆天改命是哪集,vod_fuzzy_search,"{""query"": ""东方青苍为小兰花逆天改命是哪集""}",vod_fuzzy_search,"{""query"": ""东方青苍为小兰花逆天改命是哪集""}",Y,Y,Y,
影视,影视446,vod_clip_source_search,大明王朝海瑞下狱是哪集,vod_fuzzy_search,"{""query"": ""大明王朝海瑞下狱是哪集""}",vod_fuzzy_search,"{""query"": ""大明王朝海瑞下狱是哪集""}",Y,Y,Y,
