域,row,query,intent,是否合理,gold_tool,gold_params,pred_tool,pred_params,tool_ok,param_ok,both_ok,param_diff
设备,8,打开量子点四维真实还原系统,,,display_control,"{""device"": """", ""location"": """", ""object"": ""量子点四维真实还原系统"", ""operation"": ""打开"", ""value"": """"}",display_control,"{""device"": """", ""location"": """", ""object"": ""量子点四维真实还原系统"", ""operation"": ""打开"", ""value"": """"}",Y,Y,Y,
设备,15,打开WAVES音效,,,audio_control,"{""device"": """", ""location"": """", ""object"": ""waves音效"", ""operation"": ""打开"", ""value"": """"}",audio_control,"{""device"": """", ""location"": """", ""object"": ""waves音效"", ""operation"": ""打开"", ""value"": """"}",Y,Y,Y,
设备,7,打开图像分区,,,display_control,"{""device"": """", ""location"": """", ""object"": ""图像分区"", ""operation"": ""打开"", ""value"": """"}",display_control,"{""device"": """", ""location"": """", ""object"": ""图像分区"", ""operation"": ""打开"", ""value"": """"}",Y,Y,Y,
设备,6,打开背光分区,,,display_control,"{""device"": """", ""location"": """", ""object"": ""背光分区"", ""operation"": ""打开"", ""value"": """"}",display_control,"{""device"": """", ""location"": """", ""object"": ""背光分区"", ""operation"": ""打开"", ""value"": """"}",Y,Y,Y,
设备,2,打开demo演示,,,demo_control,"{""device"": """", ""location"": """", ""object"": ""demo演示"", ""operation"": ""打开"", ""value"": """"}",demo_control,"{""device"": """", ""location"": """", ""object"": ""demo演示"", ""operation"": ""打开"", ""value"": """"}",Y,Y,Y,
设备,9,打开全程HDR,,,display_control,"{""device"": """", ""location"": """", ""object"": ""全程hdr"", ""operation"": ""打开"", ""value"": """"}",display_control,"{""device"": """", ""location"": """", ""object"": ""全程hdr"", ""operation"": ""打开"", ""value"": """"}",Y,Y,Y,
设备,14,打开超解像演示,,,demo_control,"{""device"": """", ""location"": """", ""object"": ""超解像演示"", ""operation"": ""打开"", ""value"": """"}",demo_control,"{""device"": """", ""location"": """", ""object"": ""超解像演示"", ""operation"": ""打开"", ""value"": """"}",Y,Y,Y,
设备,4,打开ULED超画质演示,,,demo_control,"{""device"": """", ""location"": """", ""object"": ""uled超画质演示"", ""operation"": ""打开"", ""value"": """"}",demo_control,"{""device"": """", ""location"": """", ""object"": ""uled超画质演示"", ""operation"": ""打开"", ""value"": """"}",Y,Y,Y,
设备,11,打开超清在线解析,,,display_control,"{""device"": """", ""location"": """", ""object"": ""超清在线解析"", ""operation"": ""打开"", ""value"": """"}",display_control,"{""device"": """", ""location"": """", ""object"": ""超清在线解析"", ""operation"": ""打开"", ""value"": """"}",Y,Y,Y,
设备,16,打开臻彩高色域,,,display_control,"{""device"": """", ""location"": """", ""object"": ""臻彩高色域"", ""operation"": ""打开"", ""value"": """"}",display_control,"{""device"": """", ""location"": """", ""object"": ""臻彩高色域"", ""operation"": ""打开"", ""value"": """"}",Y,Y,Y,
设备,17,打开系统信息演示,,,demo_control,"{""device"": """", ""location"": """", ""object"": ""系统信息演示"", ""operation"": ""打开"", ""value"": """"}",demo_control,"{""device"": """", ""location"": """", ""object"": ""系统信息演示"", ""operation"": ""打开"", ""value"": """"}",Y,Y,Y,
设备,3,打开图卡demo,,,demo_control,"{""device"": """", ""location"": """", ""object"": ""图卡demo"", ""operation"": ""打开"", ""value"": """"}",demo_control,"{""device"": """", ""location"": """", ""object"": ""图卡demo"", ""operation"": ""打开"", ""value"": """"}",Y,Y,Y,
设备,13,打开超高清演示,,,demo_control,"{""device"": """", ""location"": """", ""object"": ""超高清演示"", ""operation"": ""打开"", ""value"": """"}",demo_control,"{""device"": """", ""location"": """", ""object"": ""超高清演示"", ""operation"": ""打开"", ""value"": """"}",Y,Y,Y,
设备,12,打开2K转4K演示,,,demo_control,"{""device"": """", ""location"": """", ""object"": ""2k转4k演示"", ""operation"": ""打开"", ""value"": """"}",demo_control,"{""device"": """", ""location"": """", ""object"": ""2k转4k演示"", ""operation"": ""打开"", ""value"": """"}",Y,Y,Y,
设备,5,打开12bit精晰布光,,,display_control,"{""device"": """", ""location"": """", ""object"": ""12bit精晰布光"", ""operation"": ""打开"", ""value"": """"}",display_control,"{""device"": """", ""location"": """", ""object"": ""12bit精晰布光"", ""operation"": ""打开"", ""value"": """"}",Y,Y,Y,
设备,10,打开智能运动侦测,,,display_control,"{""device"": """", ""location"": """", ""object"": ""智能运动侦测"", ""operation"": ""打开"", ""value"": """"}",display_control,"{""device"": """", ""location"": """", ""object"": ""智能运动侦测"", ""operation"": ""打开"", ""value"": """"}",Y,Y,Y,
设备,19,打开真实色彩还原,,,display_control,"{""device"": """", ""location"": """", ""object"": ""真实色彩还原"", ""operation"": ""打开"", ""value"": """"}",display_control,"{""device"": """", ""location"": """", ""object"": ""真实色彩还原"", ""operation"": ""打开"", ""value"": """"}",Y,Y,Y,
设备,18,打开量子点真实色彩还原,,,display_control,"{""device"": """", ""location"": """", ""object"": ""量子点真实色彩还原"", ""operation"": ""打开"", ""value"": """"}",display_control,"{""device"": """", ""location"": """", ""object"": ""量子点真实色彩还原"", ""operation"": ""打开"", ""value"": """"}",Y,Y,Y,
设备,21,打开晶彩色控演示,,,demo_control,"{""device"": """", ""location"": """", ""object"": ""晶彩色控演示"", ""operation"": ""打开"", ""value"": """"}",demo_control,"{""device"": """", ""location"": """", ""object"": ""晶彩色控演示"", ""operation"": ""打开"", ""value"": """"}",Y,Y,Y,
设备,20,打开多层次细节增强演示,,,display_control,"{""device"": """", ""location"": """", ""object"": ""多层次细节增强演示"", ""operation"": ""打开"", ""value"": """"}",display_control,"{""device"": """", ""location"": """", ""object"": ""多层次细节增强演示"", ""operation"": ""打开"", ""value"": """"}",Y,Y,Y,
设备,22,打开亮暗精控演示,,,demo_control,"{""device"": """", ""location"": """", ""object"": ""亮暗精控演示"", ""operation"": ""打开"", ""value"": """"}",demo_control,"{""device"": """", ""location"": """", ""object"": ""亮暗精控演示"", ""operation"": ""打开"", ""value"": """"}",Y,Y,Y,
设备,23,打开自动景深优化演示,,,demo_control,"{""device"": """", ""location"": """", ""object"": ""自动景深优化演示"", ""operation"": ""打开"", ""value"": """"}",demo_control,"{""device"": """", ""location"": """", ""object"": ""自动景深优化演示"", ""operation"": ""打开"", ""value"": """"}",Y,Y,Y,
设备,24,打开数字剧院音效,,,audio_control,"{""device"": """", ""location"": """", ""object"": ""数字剧院音效"", ""operation"": ""打开"", ""value"": """"}",audio_control,"{""device"": """", ""location"": """", ""object"": ""数字剧院音效"", ""operation"": ""打开"", ""value"": """"}",Y,Y,Y,
设备,26,打开电视音频增强,,,audio_control,"{""device"": """", ""location"": """", ""object"": ""电视音频增强"", ""operation"": ""打开"", ""value"": """"}",audio_control,"{""device"": """", ""location"": """", ""object"": ""电视音频增强"", ""operation"": ""打开"", ""value"": """"}",Y,Y,Y,
设备,25,打开杜比全景声演示,,,demo_control,"{""device"": """", ""location"": """", ""object"": ""杜比全景声演示"", ""operation"": ""打开"", ""value"": """"}",demo_control,"{""device"": """", ""location"": """", ""object"": ""杜比全景声演示"", ""operation"": ""打开"", ""value"": """"}",Y,Y,Y,
设备,27,打开立体音效,,,audio_control,"{""device"": """", ""location"": """", ""object"": ""立体音效"", ""operation"": ""打开"", ""value"": """"}",audio_control,"{""device"": """", ""location"": """", ""object"": ""立体音效"", ""operation"": ""打开"", ""value"": """"}",Y,Y,Y,
设备,28,打开SDR转HDR,,,display_control,"{""device"": """", ""location"": """", ""object"": ""sdr转hdr"", ""operation"": ""打开"", ""value"": """"}",display_control,"{""device"": """", ""location"": """", ""object"": ""sdr转hdr"", ""operation"": ""打开"", ""value"": """"}",Y,Y,Y,
设备,29,打开全维ai画质演示,,,demo_control,"{""device"": """", ""location"": """", ""object"": ""全维ai画质演示"", ""operation"": ""打开"", ""value"": """"}",demo_control,"{""device"": """", ""location"": """", ""object"": ""全维ai画质演示"", ""operation"": ""打开"", ""value"": """"}",Y,Y,Y,
设备,30,打开wifi6演示,,,demo_control,"{""device"": """", ""location"": """", ""object"": ""wifi6演示"", ""operation"": ""打开"", ""value"": """"}",demo_control,"{""device"": """", ""location"": """", ""object"": ""wifi6演示"", ""operation"": ""打开"", ""value"": """"}",Y,Y,Y,
设备,32,打开家庭私有云演示,,,demo_control,"{""device"": """", ""location"": """", ""object"": ""家庭私有云演示"", ""operation"": ""打开"", ""value"": """"}",demo_control,"{""device"": """", ""location"": """", ""object"": ""家庭私有云演示"", ""operation"": ""打开"", ""value"": """"}",Y,Y,Y,
设备,31,打开原音复刻引擎,,,audio_control,"{""device"": """", ""location"": """", ""object"": ""原音复刻引擎"", ""operation"": ""打开"", ""value"": """"}",audio_control,"{""device"": """", ""location"": """", ""object"": ""原音复刻引擎"", ""operation"": ""打开"", ""value"": """"}",Y,Y,Y,
设备,33,打开全景云台摄像头,,,smart_camera,"{""device"": """", ""location"": """", ""object"": ""全景云台摄像头"", ""operation"": ""打开"", ""value"": """"}",smart_camera,"{""device"": """", ""location"": """", ""object"": ""全景云台摄像头"", ""operation"": ""打开"", ""value"": """"}",Y,Y,Y,
设备,36,打开儿童云关爱,,,smart_camera,"{""device"": """", ""location"": """", ""object"": ""儿童云关爱"", ""operation"": ""打开"", ""value"": """"}",smart_camera,"{""device"": """", ""location"": """", ""object"": ""儿童云关爱"", ""operation"": ""打开"", ""value"": """"}",Y,Y,Y,
设备,35,打开全时云守护,,,smart_camera,"{""device"": """", ""location"": """", ""object"": ""全时云守护"", ""operation"": ""打开"", ""value"": """"}",smart_camera,"{""device"": """", ""location"": """", ""object"": ""全时云守护"", ""operation"": ""打开"", ""value"": """"}",Y,Y,Y,
设备,37,打开AI云健身,,,smart_camera,"{""device"": """", ""location"": """", ""object"": ""ai云健身"", ""operation"": ""打开"", ""value"": """"}",smart_camera,"{""device"": """", ""location"": """", ""object"": ""ai云健身"", ""operation"": ""打开"", ""value"": """"}",Y,Y,Y,
设备,38,打开极速屏演示,,,demo_control,"{""device"": """", ""location"": """", ""object"": ""极速屏演示"", ""operation"": ""打开"", ""value"": """"}",demo_control,"{""device"": """", ""location"": """", ""object"": ""极速屏演示"", ""operation"": ""打开"", ""value"": """"}",Y,Y,Y,
设备,34,打开智慧之眼,,,smart_camera,"{""device"": """", ""location"": """", ""object"": ""智慧之眼"", ""operation"": ""打开"", ""value"": """"}",vod_fuzzy_search,"{""retext"": ""打开智慧之眼""}",N,N,N,"object: gold=""智慧之眼"" pred=; operation: gold=""打开"" pred=; retext: gold= pred=""打开智慧之眼"""
设备,40,打开全矩阵背光,,,display_control,"{""device"": """", ""location"": """", ""object"": ""全矩阵背光"", ""operation"": ""打开"", ""value"": """"}",display_control,"{""device"": """", ""location"": """", ""object"": ""全矩阵背光"", ""operation"": ""打开"", ""value"": """"}",Y,Y,Y,
设备,39,打开锐速超解像,,,display_control,"{""device"": """", ""location"": """", ""object"": ""锐速超解像"", ""operation"": ""打开"", ""value"": """"}",display_control,"{""device"": """", ""location"": """", ""object"": ""锐速超解像"", ""operation"": ""打开"", ""value"": """"}",Y,Y,Y,
设备,41,打开ai音效自适应,,,audio_control,"{""device"": """", ""location"": """", ""object"": ""ai音效自适应"", ""operation"": ""打开"", ""value"": """"}",audio_control,"{""device"": """", ""location"": """", ""object"": ""ai音效自适应"", ""operation"": ""打开"", ""value"": """"}",Y,Y,Y,
设备,42,打开暗场细节提升,,,display_control,"{""device"": """", ""location"": """", ""object"": ""暗场细节提升"", ""operation"": ""打开"", ""value"": """"}",display_control,"{""device"": """", ""location"": """", ""object"": ""暗场细节提升"", ""operation"": ""打开"", ""value"": """"}",Y,Y,Y,
设备,43,打开色彩精准设计,,,display_control,"{""device"": """", ""location"": """", ""object"": ""色彩精准设计"", ""operation"": ""打开"", ""value"": """"}",display_control,"{""device"": """", ""location"": """", ""object"": ""色彩精准设计"", ""operation"": ""打开"", ""value"": """"}",Y,Y,Y,
设备,44,打开动态晶晰提升,,,display_control,"{""device"": """", ""location"": """", ""object"": ""动态晶晰提升"", ""operation"": ""打开"", ""value"": """"}",display_control,"{""device"": """", ""location"": """", ""object"": ""动态晶晰提升"", ""operation"": ""打开"", ""value"": """"}",Y,Y,Y,
设备,45,打开像素重塑,,,display_control,"{""device"": """", ""location"": """", ""object"": ""像素重塑"", ""operation"": ""打开"", ""value"": """"}",display_control,"{""device"": """", ""location"": """", ""object"": ""像素重塑"", ""operation"": ""打开"", ""value"": """"}",Y,Y,Y,
设备,47,打开超频瞬映,,,display_control,"{""device"": """", ""location"": """", ""object"": ""超频瞬映"", ""operation"": ""打开"", ""value"": """"}",display_control,"{""device"": """", ""location"": """", ""object"": ""超频瞬映"", ""operation"": ""打开"", ""value"": """"}",Y,Y,Y,
设备,48,打开双生叠屏,,,display_control,"{""device"": """", ""location"": """", ""object"": ""双生叠屏"", ""operation"": ""打开"", ""value"": """"}",display_control,"{""device"": """", ""location"": """", ""object"": ""双生叠屏"", ""operation"": ""打开"", ""value"": """"}",Y,Y,Y,
设备,46,打开锐速超解像8k,,,display_control,"{""device"": """", ""location"": """", ""object"": ""锐速超解像8k"", ""operation"": ""打开"", ""value"": """"}",display_control,"{""device"": """", ""location"": """", ""object"": ""锐速超解像8k"", ""operation"": ""打开"", ""value"": """"}",Y,Y,Y,
设备,49,打开全色激光,,,display_control,"{""device"": """", ""location"": """", ""object"": ""全色激光"", ""operation"": ""打开"", ""value"": """"}",display_control,"{""device"": """", ""location"": """", ""object"": ""全色激光"", ""operation"": ""打开"", ""value"": """"}",Y,Y,Y,
设备,50,打开全维ai音质,,,audio_control,"{""device"": """", ""location"": """", ""object"": ""全维ai音质"", ""operation"": ""打开"", ""value"": """"}",audio_control,"{""device"": """", ""location"": """", ""object"": ""全维ai音质"", ""operation"": ""打开"", ""value"": """"}",Y,Y,Y,
设备,51,打开暗夜精灵,,,display_control,"{""device"": """", ""location"": """", ""object"": ""暗夜精灵"", ""operation"": ""打开"", ""value"": """"}",display_control,"{""device"": """", ""location"": """", ""object"": ""暗夜精灵"", ""operation"": ""打开"", ""value"": """"}",Y,Y,Y,
设备,52,打开3D立体色彩管理,,,display_control,"{""device"": """", ""location"": """", ""object"": ""3d立体色彩管理"", ""operation"": ""打开"", ""value"": """"}",display_control,"{""device"": """", ""location"": """", ""object"": ""3d立体色彩管理"", ""operation"": ""打开"", ""value"": """"}",Y,Y,Y,
设备,53,打开H3画质芯片,,,display_control,"{""device"": """", ""location"": """", ""object"": ""h3画质芯片"", ""operation"": ""打开"", ""value"": """"}",display_control,"{""device"": """", ""location"": """", ""object"": ""h3画质芯片"", ""operation"": ""打开"", ""value"": """"}",Y,Y,Y,
设备,54,打开人声中置声场,,,audio_control,"{""device"": """", ""location"": """", ""object"": ""人声中置声场"", ""operation"": ""打开"", ""value"": """"}",audio_control,"{""device"": """", ""location"": """", ""object"": ""人声中置声场"", ""operation"": ""打开"", ""value"": """"}",Y,Y,Y,
设备,55,打开屏幕发声效果,,,audio_control,"{""device"": """", ""location"": """", ""object"": ""屏幕发声效果"", ""operation"": ""打开"", ""value"": """"}",audio_control,"{""device"": """", ""location"": """", ""object"": ""屏幕发声效果"", ""operation"": ""打开"", ""value"": """"}",Y,Y,Y,
设备,56,打开屏幕发声展示,,,demo_control,"{""device"": """", ""location"": """", ""object"": ""屏幕发声展示"", ""operation"": ""打开"", ""value"": """"}",demo_control,"{""device"": """", ""location"": """", ""object"": ""屏幕发声展示"", ""operation"": ""打开"", ""value"": """"}",Y,Y,Y,
设备,59,打开跑马灯,,,display_control,"{""device"": """", ""location"": """", ""object"": ""跑马灯"", ""operation"": ""打开"", ""value"": """"}",display_control,"{""device"": """", ""location"": """", ""object"": ""跑马灯"", ""operation"": ""打开"", ""value"": """"}",Y,Y,Y,
设备,60,打开高对比度演示,,,demo_control,"{""device"": """", ""location"": """", ""object"": ""高对比度演示"", ""operation"": ""打开"", ""value"": """"}",demo_control,"{""device"": """", ""location"": """", ""object"": ""高对比度演示"", ""operation"": ""打开"", ""value"": """"}",Y,Y,Y,
设备,58,打开高清晰度演示,,,demo_control,"{""device"": """", ""location"": """", ""object"": ""高清晰度演示"", ""operation"": ""打开"", ""value"": """"}",demo_control,"{""device"": """", ""location"": """", ""object"": ""高清晰度演示"", ""operation"": ""打开"", ""value"": """"}",Y,Y,Y,
设备,57,打开多声道空间声场,,,audio_control,"{""device"": """", ""location"": """", ""object"": ""多声道空间声场"", ""operation"": ""打开"", ""value"": """"}",audio_control,"{""device"": """", ""location"": """", ""object"": ""多声道空间声场"", ""operation"": ""打开"", ""value"": """"}",Y,Y,Y,
设备,61,打开高动态范围,,,display_control,"{""device"": """", ""location"": """", ""object"": ""高动态范围"", ""operation"": ""打开"", ""value"": """"}",display_control,"{""device"": """", ""location"": """", ""object"": ""高动态范围"", ""operation"": ""打开"", ""value"": """"}",Y,Y,Y,
设备,62,打开疾速对比,,,display_control,"{""device"": """", ""location"": """", ""object"": ""疾速对比"", ""operation"": ""打开"", ""value"": """"}",display_control,"{""device"": """", ""location"": """", ""object"": ""疾速对比"", ""operation"": ""打开"", ""value"": """"}",Y,Y,Y,
设备,64,打开waves超重低音,,,audio_control,"{""device"": """", ""location"": """", ""object"": ""waves超重低音"", ""operation"": ""打开"", ""value"": """"}",audio_control,"{""device"": """", ""location"": """", ""object"": ""waves超重低音"", ""operation"": ""打开"", ""value"": """"}",Y,Y,Y,
设备,65,打开屏幕发声demo,,,demo_control,"{""device"": """", ""location"": """", ""object"": ""屏幕发声demo"", ""operation"": ""打开"", ""value"": """"}",demo_control,"{""device"": """", ""location"": """", ""object"": ""屏幕发声demo"", ""operation"": ""打开"", ""value"": """"}",Y,Y,Y,
设备,63,打开AI加变频运动补偿,,,display_control,"{""device"": """", ""location"": """", ""object"": ""ai加变频运动补偿"", ""operation"": ""打开"", ""value"": """"}",display_control,"{""device"": """", ""location"": """", ""object"": ""ai加变频运动补偿"", ""operation"": ""打开"", ""value"": """"}",Y,Y,Y,
设备,66,打开ai人像增强,,,display_control,"{""device"": """", ""location"": """", ""object"": ""ai人像增强"", ""operation"": ""打开"", ""value"": """"}",display_control,"{""device"": """", ""location"": """", ""object"": ""ai人像增强"", ""operation"": ""打开"", ""value"": """"}",Y,Y,Y,
设备,67,打开AI色彩均衡,,,display_control,"{""device"": """", ""location"": """", ""object"": ""ai色彩均衡"", ""operation"": ""打开"", ""value"": """"}",display_control,"{""device"": """", ""location"": """", ""object"": ""ai色彩均衡"", ""operation"": ""打开"", ""value"": """"}",Y,Y,Y,
设备,68,打开ULED_XDR,,,display_control,"{""device"": """", ""location"": """", ""object"": ""uled_xdr"", ""operation"": ""打开"", ""value"": """"}",display_control,"{""device"": """", ""location"": """", ""object"": ""uled_xdr"", ""operation"": ""打开"", ""value"": """"}",Y,Y,Y,
设备,69,打开观看尺寸参考,,,display_control,"{""device"": """", ""location"": """", ""object"": ""观看尺寸参考"", ""operation"": ""打开"", ""value"": """"}",display_control,"{""device"": """", ""location"": """", ""object"": ""观看尺寸参考"", ""operation"": ""打开"", ""value"": """"}",Y,Y,Y,
设备,70,打开MiniLed,,,display_control,"{""device"": """", ""location"": """", ""object"": ""miniled"", ""operation"": ""打开"", ""value"": """"}",display_control,"{""device"": """", ""location"": """", ""object"": ""miniled"", ""operation"": ""打开"", ""value"": """"}",Y,Y,Y,
设备,71,打开高刷新率,,,numeric_adjust,"{""device"": """", ""location"": """", ""object"": ""高刷新率"", ""operation"": ""打开"", ""value"": """"}",numeric_adjust,"{""device"": """", ""location"": """", ""object"": ""高刷新率"", ""operation"": ""打开"", ""value"": """"}",Y,Y,Y,
设备,72,打开测试图卡,,,display_control,"{""device"": """", ""location"": """", ""object"": ""测试图卡"", ""operation"": ""打开"", ""value"": """"}",display_control,"{""device"": """", ""location"": """", ""object"": ""测试图卡"", ""operation"": ""打开"", ""value"": """"}",Y,Y,Y,
设备,74,打开U加超画质引擎,,,display_control,"{""device"": """", ""location"": """", ""object"": ""u加超画质引擎"", ""operation"": ""打开"", ""value"": """"}",display_control,"{""device"": """", ""location"": """", ""object"": ""u加超画质引擎"", ""operation"": ""打开"", ""value"": """"}",Y,Y,Y,
设备,75,打开16bits环境控光,,,display_control,"{""device"": """", ""location"": """", ""object"": ""16bits环境控光"", ""operation"": ""打开"", ""value"": """"}",display_control,"{""device"": """", ""location"": """", ""object"": ""16bits环境控光"", ""operation"": ""打开"", ""value"": """"}",Y,Y,Y,
设备,73,打开240Hz疾速屏,,,display_control,"{""device"": """", ""location"": """", ""object"": ""240hz疾速屏"", ""operation"": ""打开"", ""value"": """"}",display_control,"{""device"": """", ""location"": """", ""object"": ""240hz疾速屏"", ""operation"": ""打开"", ""value"": """"}",Y,Y,Y,
设备,76,打开分区控光差异,,,display_control,"{""device"": """", ""location"": """", ""object"": ""分区控光差异"", ""operation"": ""打开"", ""value"": """"}",display_control,"{""device"": """", ""location"": """", ""object"": ""分区控光差异"", ""operation"": ""打开"", ""value"": """"}",Y,Y,Y,
设备,77,打开Mini全阵列动态背光,,,display_control,"{""device"": """", ""location"": """", ""object"": ""mini全阵列动态背光"", ""operation"": ""打开"", ""value"": """"}",display_control,"{""device"": """", ""location"": """", ""object"": ""mini全阵列动态背光"", ""operation"": ""打开"", ""value"": """"}",Y,Y,Y,
设备,78,打开分屏演示,,,demo_control,"{""device"": """", ""location"": """", ""object"": ""分屏演示"", ""operation"": ""打开"", ""value"": """"}",demo_control,"{""device"": """", ""location"": """", ""object"": ""分屏演示"", ""operation"": ""打开"", ""value"": """"}",Y,Y,Y,
设备,79,打开XDR极致动态范围,,,display_control,"{""device"": """", ""location"": """", ""object"": ""xdr极致动态范围"", ""operation"": ""打开"", ""value"": """"}",display_control,"{""device"": """", ""location"": """", ""object"": ""xdr极致动态范围"", ""operation"": ""打开"", ""value"": """"}",Y,Y,Y,
设备,80,打开极致稳定峰值亮度,,,display_control,"{""device"": """", ""location"": """", ""object"": ""极致稳定峰值亮度"", ""operation"": ""打开"", ""value"": """"}",display_control,"{""device"": """", ""location"": """", ""object"": ""极致稳定峰值亮度"", ""operation"": ""打开"", ""value"": """"}",Y,Y,Y,
设备,81,打开专业游戏模式,,,display_control,"{""device"": """", ""location"": """", ""object"": ""专业游戏模式"", ""operation"": ""打开"", ""value"": """"}",display_control,"{""device"": """", ""location"": """", ""object"": ""专业游戏模式"", ""operation"": ""打开"", ""value"": """"}",Y,Y,Y,
设备,83,打开HDR增强,,,display_control,"{""device"": """", ""location"": """", ""object"": ""hdr增强"", ""operation"": ""打开"", ""value"": """"}",display_control,"{""device"": """", ""location"": """", ""object"": ""hdr增强"", ""operation"": ""打开"", ""value"": """"}",Y,Y,Y,
设备,82,打开AI景深增强,,,display_control,"{""device"": """", ""location"": """", ""object"": ""ai景深增强"", ""operation"": ""打开"", ""value"": """"}",display_control,"{""device"": """", ""location"": """", ""object"": ""ai景深增强"", ""operation"": ""打开"", ""value"": """"}",Y,Y,Y,
设备,84,打开疾速控光,,,display_control,"{""device"": """", ""location"": """", ""object"": ""疾速控光"", ""operation"": ""打开"", ""value"": """"}",display_control,"{""device"": """", ""location"": """", ""object"": ""疾速控光"", ""operation"": ""打开"", ""value"": """"}",Y,Y,Y,
设备,85,打开动态清晰度增强,,,display_control,"{""device"": """", ""location"": """", ""object"": ""动态清晰度增强"", ""operation"": ""打开"", ""value"": """"}",display_control,"{""device"": """", ""location"": """", ""object"": ""动态清晰度增强"", ""operation"": ""打开"", ""value"": """"}",Y,Y,Y,
设备,86,打开环境光感智能,,,display_control,"{""device"": """", ""location"": """", ""object"": ""环境光感智能"", ""operation"": ""打开"", ""value"": """"}",display_control,"{""device"": """", ""location"": """", ""object"": ""环境光感智能"", ""operation"": ""打开"", ""value"": """"}",Y,Y,Y,
设备,87,打开原画显示,,,display_control,"{""device"": """", ""location"": """", ""object"": ""原画显示"", ""operation"": ""打开"", ""value"": """"}",display_control,"{""device"": """", ""location"": """", ""object"": ""原画显示"", ""operation"": ""打开"", ""value"": """"}",Y,Y,Y,
设备,88,打开数字艺术,,,display_control,"{""device"": """", ""location"": """", ""object"": ""数字艺术"", ""operation"": ""打开"", ""value"": """"}",display_control,"{""device"": """", ""location"": """", ""object"": ""数字艺术"", ""operation"": ""打开"", ""value"": """"}",Y,Y,Y,
设备,90,打开高色准,,,display_control,"{""device"": """", ""location"": """", ""object"": ""高色准"", ""operation"": ""打开"", ""value"": """"}",display_control,"{""device"": """", ""location"": """", ""object"": ""高色准"", ""operation"": ""打开"", ""value"": """"}",Y,Y,Y,
设备,91,打开NAS私有云,,,common_control,"{""device"": """", ""location"": """", ""object"": ""nas私有云"", ""operation"": ""打开"", ""value"": """"}",common_control,"{""device"": """", ""location"": """", ""object"": ""nas私有云"", ""operation"": ""打开"", ""value"": """"}",Y,Y,Y,
设备,89,打开Imax_Enhanced,,,display_control,"{""device"": """", ""location"": """", ""object"": ""imax_enhanced"", ""operation"": ""打开"", ""value"": """"}",display_control,"{""device"": """", ""location"": """", ""object"": ""imax_enhanced"", ""operation"": ""打开"", ""value"": """"}",Y,Y,Y,
设备,92,打开产品展示,,,demo_control,"{""device"": """", ""location"": """", ""object"": ""产品展示"", ""operation"": ""打开"", ""value"": """"}",demo_control,"{""device"": """", ""location"": """", ""object"": ""产品展示"", ""operation"": ""打开"", ""value"": """"}",Y,Y,Y,
设备,93,打开智能运动侦测Pro,,,display_control,"{""device"": """", ""location"": """", ""object"": ""智能运动侦测pro"", ""operation"": ""打开"", ""value"": """"}",display_control,"{""device"": """", ""location"": """", ""object"": ""智能运动侦测pro"", ""operation"": ""打开"", ""value"": """"}",Y,Y,Y,
设备,96,打开HDR细节增强,,,display_control,"{""device"": """", ""location"": """", ""object"": ""hdr细节增强"", ""operation"": ""打开"", ""value"": """"}",display_control,"{""device"": """", ""location"": """", ""object"": ""hdr细节增强"", ""operation"": ""打开"", ""value"": """"}",Y,Y,Y,
设备,95,打开AI景深重塑,,,display_control,"{""device"": """", ""location"": """", ""object"": ""ai景深重塑"", ""operation"": ""打开"", ""value"": """"}",display_control,"{""device"": """", ""location"": """", ""object"": ""ai景深重塑"", ""operation"": ""打开"", ""value"": """"}",Y,Y,Y,
设备,94,打开7680Hz疾速刷新,,,display_control,"{""device"": """", ""location"": """", ""object"": ""7680hz疾速刷新"", ""operation"": ""打开"", ""value"": """"}",display_control,"{""device"": """", ""location"": """", ""object"": ""7680hz疾速刷新"", ""operation"": ""打开"", ""value"": """"}",Y,Y,Y,
设备,97,打开场景细节增强,,,display_control,"{""device"": """", ""location"": """", ""object"": ""场景细节增强"", ""operation"": ""打开"", ""value"": """"}",display_control,"{""device"": """", ""location"": """", ""object"": ""场景细节增强"", ""operation"": ""打开"", ""value"": """"}",Y,Y,Y,
设备,99,打开多声道音响,,,audio_control,"{""device"": """", ""location"": """", ""object"": ""多声道音响"", ""operation"": ""打开"", ""value"": """"}",audio_control,"{""device"": """", ""location"": """", ""object"": ""多声道音响"", ""operation"": ""打开"", ""value"": """"}",Y,Y,Y,
设备,100,打开赛场音效,,,audio_control,"{""device"": """", ""location"": """", ""object"": ""赛场音效"", ""operation"": ""打开"", ""value"": """"}",audio_control,"{""device"": """", ""location"": """", ""object"": ""赛场音效"", ""operation"": ""打开"", ""value"": """"}",Y,Y,Y,
设备,98,打开BT2020立体色域,,,display_control,"{""device"": """", ""location"": """", ""object"": ""bt2020立体色域"", ""operation"": ""打开"", ""value"": """"}",display_control,"{""device"": """", ""location"": """", ""object"": ""bt2020立体色域"", ""operation"": ""打开"", ""value"": """"}",Y,Y,Y,
设备,101,打开一键入幕,,,smart_camera,"{""device"": """", ""location"": """", ""object"": ""一键入幕"", ""operation"": ""打开"", ""value"": """"}",smart_camera,"{""device"": """", ""location"": """", ""object"": ""一键入幕"", ""operation"": ""打开"", ""value"": """"}",Y,Y,Y,
设备,102,打开多分区Local_Dimming背光,,,display_control,"{""device"": """", ""location"": """", ""object"": ""多分区local_dimming背光"", ""operation"": ""打开"", ""value"": """"}",display_control,"{""device"": """", ""location"": """", ""object"": ""多分区local_dimming背光"", ""operation"": ""打开"", ""value"": """"}",Y,Y,Y,
设备,103,打开智能暂停演示,,,demo_control,"{""device"": """", ""location"": """", ""object"": ""智能暂停演示"", ""operation"": ""打开"", ""value"": """"}",demo_control,"{""device"": """", ""location"": """", ""object"": ""智能暂停演示"", ""operation"": ""打开"", ""value"": """"}",Y,Y,Y,
设备,104,打开智能节能演示,,,demo_control,"{""device"": """", ""location"": """", ""object"": ""智能节能演示"", ""operation"": ""打开"", ""value"": """"}",demo_control,"{""device"": """", ""location"": """", ""object"": ""智能节能演示"", ""operation"": ""打开"", ""value"": """"}",Y,Y,Y,
设备,106,打开空间声场自适应,,,audio_control,"{""device"": """", ""location"": """", ""object"": ""空间声场自适应"", ""operation"": ""打开"", ""value"": """"}",audio_control,"{""device"": """", ""location"": """", ""object"": ""空间声场自适应"", ""operation"": ""打开"", ""value"": """"}",Y,Y,Y,
设备,105,打开立体全色域,,,display_control,"{""device"": """", ""location"": """", ""object"": ""立体全色域"", ""operation"": ""打开"", ""value"": """"}",display_control,"{""device"": """", ""location"": """", ""object"": ""立体全色域"", ""operation"": ""打开"", ""value"": """"}",Y,Y,Y,
设备,107,打开150HZ疾速屏,,,display_control,"{""device"": """", ""location"": """", ""object"": ""150hz疾速屏"", ""operation"": ""打开"", ""value"": """"}",display_control,"{""device"": """", ""location"": """", ""object"": ""150hz疾速屏"", ""operation"": ""打开"", ""value"": """"}",Y,Y,Y,
设备,108,打开全时图像优化,,,display_control,"{""device"": """", ""location"": """", ""object"": ""全时图像优化"", ""operation"": ""打开"", ""value"": """"}",display_control,"{""device"": """", ""location"": """", ""object"": ""全时图像优化"", ""operation"": ""打开"", ""value"": """"}",Y,Y,Y,
设备,109,打开AI人声清晰,,,audio_control,"{""device"": """", ""location"": """", ""object"": ""ai人声清晰"", ""operation"": ""打开"", ""value"": """"}",audio_control,"{""device"": """", ""location"": """", ""object"": ""ai人声清晰"", ""operation"": ""打开"", ""value"": """"}",Y,Y,Y,
设备,110,打开Hi无线杜比全景声,,,audio_control,"{""device"": """", ""location"": """", ""object"": ""hi无线杜比全景声"", ""operation"": ""打开"", ""value"": """"}",audio_control,"{""device"": """", ""location"": """", ""object"": ""hi无线杜比全景声"", ""operation"": ""打开"", ""value"": """"}",Y,Y,Y,
设备,111,打开全域明暗精控,,,display_control,"{""device"": """", ""location"": """", ""object"": ""全域明暗精控"", ""operation"": ""打开"", ""value"": """"}",display_control,"{""device"": """", ""location"": """", ""object"": ""全域明暗精控"", ""operation"": ""打开"", ""value"": """"}",Y,Y,Y,
设备,112,打开火箭炮声学设计,,,audio_control,"{""device"": """", ""location"": """", ""object"": ""火箭炮声学设计"", ""operation"": ""打开"", ""value"": """"}",audio_control,"{""device"": """", ""location"": """", ""object"": ""火箭炮声学设计"", ""operation"": ""打开"", ""value"": """"}",Y,Y,Y,
设备,113,打开AI全维感知Pro,,,display_control,"{""device"": """", ""location"": """", ""object"": ""ai全维感知pro"", ""operation"": ""打开"", ""value"": """"}",display_control,"{""device"": """", ""location"": """", ""object"": ""ai全维感知pro"", ""operation"": ""打开"", ""value"": """"}",Y,Y,Y,
设备,114,打开AI动态超解像Pro,,,display_control,"{""device"": """", ""location"": """", ""object"": ""ai动态超解像pro"", ""operation"": ""打开"", ""value"": """"}",display_control,"{""device"": """", ""location"": """", ""object"": ""ai动态超解像pro"", ""operation"": ""打开"", ""value"": """"}",Y,Y,Y,
设备,115,打开RGB光色同控,,,display_control,"{""device"": """", ""location"": """", ""object"": ""rgb光色同控"", ""operation"": ""打开"", ""value"": """"}",display_control,"{""device"": """", ""location"": """", ""object"": ""rgb光色同控"", ""operation"": ""打开"", ""value"": """"}",Y,Y,Y,
设备,116,打开AI超感景深增强,,,display_control,"{""device"": """", ""location"": """", ""object"": ""ai超感景深增强"", ""operation"": ""打开"", ""value"": """"}",display_control,"{""device"": """", ""location"": """", ""object"": ""ai超感景深增强"", ""operation"": ""打开"", ""value"": """"}",Y,Y,Y,
设备,117,打开AI原生肤色,,,display_control,"{""device"": """", ""location"": """", ""object"": ""ai原生肤色"", ""operation"": ""打开"", ""value"": """"}",display_control,"{""device"": """", ""location"": """", ""object"": ""ai原生肤色"", ""operation"": ""打开"", ""value"": """"}",Y,Y,Y,
设备,118,打开屏幕展示,,,demo_control,"{""device"": """", ""location"": """", ""object"": ""屏幕展示"", ""operation"": ""打开"", ""value"": """"}",demo_control,"{""device"": """", ""location"": """", ""object"": ""屏幕展示"", ""operation"": ""打开"", ""value"": """"}",Y,Y,Y,
设备,119,打开黑耀屏,,,display_control,"{""device"": """", ""location"": """", ""object"": ""黑耀屏"", ""operation"": ""打开"", ""value"": """"}",display_control,"{""device"": """", ""location"": """", ""object"": ""黑耀屏"", ""operation"": ""打开"", ""value"": """"}",Y,Y,Y,
设备,120,打开墨晶屏,,,display_control,"{""device"": """", ""location"": """", ""object"": ""墨晶屏"", ""operation"": ""打开"", ""value"": """"}",display_control,"{""device"": """", ""location"": """", ""object"": ""墨晶屏"", ""operation"": ""打开"", ""value"": """"}",Y,Y,Y,
设备,121,打开帝瓦雷音响系统,,,audio_control,"{""device"": """", ""location"": """", ""object"": ""帝瓦雷音响系统"", ""operation"": ""打开"", ""value"": """"}",audio_control,"{""device"": """", ""location"": """", ""object"": ""帝瓦雷音响系统"", ""operation"": ""打开"", ""value"": """"}",Y,Y,Y,
设备,122,打开帝瓦雷低音管理系统,,,audio_control,"{""device"": """", ""location"": """", ""object"": ""帝瓦雷低音管理系统"", ""operation"": ""打开"", ""value"": """"}",audio_control,"{""device"": """", ""location"": """", ""object"": ""帝瓦雷低音管理系统"", ""operation"": ""打开"", ""value"": """"}",Y,Y,Y,
设备,124,打开像素控光,,,display_control,"{""device"": """", ""location"": """", ""object"": ""像素控光"", ""operation"": ""打开"", ""value"": """"}",display_control,"{""device"": """", ""location"": """", ""object"": ""像素控光"", ""operation"": ""打开"", ""value"": """"}",Y,Y,Y,
设备,125,打开极致黑对比度,,,display_control,"{""device"": """", ""location"": """", ""object"": ""极致黑对比度"", ""operation"": ""打开"", ""value"": """"}",display_control,"{""device"": """", ""location"": """", ""object"": ""极致黑对比度"", ""operation"": ""打开"", ""value"": """"}",Y,Y,Y,
设备,126,打开物理超广视角,,,display_control,"{""device"": """", ""location"": """", ""object"": ""物理超广视角"", ""operation"": ""打开"", ""value"": """"}",display_control,"{""device"": """", ""location"": """", ""object"": ""物理超广视角"", ""operation"": ""打开"", ""value"": """"}",Y,Y,Y,
设备,127,打开低蓝光护眼,,,display_control,"{""device"": """", ""location"": """", ""object"": ""低蓝光护眼"", ""operation"": ""打开"", ""value"": """"}",display_control,"{""device"": """", ""location"": """", ""object"": ""低蓝光护眼"", ""operation"": ""打开"", ""value"": """"}",Y,Y,Y,
设备,128,打开影院音效演示,,,audio_control,"{""device"": """", ""location"": """", ""object"": ""影院音效演示"", ""operation"": ""打开"", ""value"": """"}",audio_control,"{""device"": """", ""location"": """", ""object"": ""影院音效演示"", ""operation"": ""打开"", ""value"": """"}",Y,Y,Y,
设备,129,打开发声区域,,,audio_control,"{""device"": """", ""location"": """", ""object"": ""发声区域"", ""operation"": ""打开"", ""value"": """"}",audio_control,"{""device"": """", ""location"": """", ""object"": ""发声区域"", ""operation"": ""打开"", ""value"": """"}",Y,Y,Y,
设备,123,打开MicroLED自发光技术,,,display_control,"{""device"": """", ""location"": """", ""object"": ""microled自发光技术"", ""operation"": ""打开"", ""value"": """"}",vod_fuzzy_search,"{""retext"": ""打开MicroLED自发光技术""}",N,N,N,"object: gold=""microled自发光技术"" pred=; operation: gold=""打开"" pred=; retext: gold= pred=""打开MicroLED自发光技术"""
设备,130,打开智控红光,,,display_control,"{""device"": """", ""location"": """", ""object"": ""智控红光"", ""operation"": ""打开"", ""value"": """"}",display_control,"{""device"": """", ""location"": """", ""object"": ""智控红光"", ""operation"": ""打开"", ""value"": """"}",Y,Y,Y,
设备,131,打开大冲程低音炮,,,audio_control,"{""device"": """", ""location"": """", ""object"": ""大冲程低音炮"", ""operation"": ""打开"", ""value"": """"}",audio_control,"{""device"": """", ""location"": """", ""object"": ""大冲程低音炮"", ""operation"": ""打开"", ""value"": """"}",Y,Y,Y,
设备,132,打开8声道独立驱动发声,,,audio_control,"{""device"": """", ""location"": """", ""object"": ""8声道独立驱动发声"", ""operation"": ""打开"", ""value"": """"}",audio_control,"{""device"": """", ""location"": """", ""object"": ""8声道独立驱动发声"", ""operation"": ""打开"", ""value"": """"}",Y,Y,Y,
设备,133,打开房间声学,,,audio_control,"{""device"": """", ""location"": """", ""object"": ""房间声学"", ""operation"": ""打开"", ""value"": """"}",audio_control,"{""device"": """", ""location"": """", ""object"": ""房间声学"", ""operation"": ""打开"", ""value"": """"}",Y,Y,Y,
设备,134,打开帝瓦雷音响体验,,,demo_control,"{""device"": """", ""location"": """", ""object"": ""帝瓦雷音响体验"", ""operation"": ""打开"", ""value"": """"}",demo_control,"{""device"": """", ""location"": """", ""object"": ""帝瓦雷音响体验"", ""operation"": ""打开"", ""value"": """"}",Y,Y,Y,
设备,135,打开AI原生肤色Pro,,,display_control,"{""device"": """", ""location"": """", ""object"": ""ai原生肤色pro"", ""operation"": ""打开"", ""value"": """"}",display_control,"{""device"": """", ""location"": """", ""object"": ""ai原生肤色pro"", ""operation"": ""打开"", ""value"": """"}",Y,Y,Y,
设备,136,打开DTS_Virtual_X音效,,,audio_control,"{""device"": """", ""location"": """", ""object"": ""dts_virtual_x音效"", ""operation"": ""打开"", ""value"": """"}",audio_control,"{""device"": """", ""location"": """", ""object"": ""dts_virtual_x音效"", ""operation"": ""打开"", ""value"": """"}",Y,Y,Y,
设备,137,打开商场模式设置,,,common_control,"{""device"": """", ""location"": """", ""object"": ""商场模式设置"", ""operation"": ""打开"", ""value"": """"}",common_control,"{""device"": """", ""location"": """", ""object"": ""商场模式设置"", ""operation"": ""打开"", ""value"": """"}",Y,Y,Y,
设备,139,打开文件导入,,,common_control,"{""device"": """", ""location"": """", ""object"": ""文件导入"", ""operation"": ""打开"", ""value"": """"}",common_control,"{""device"": """", ""location"": """", ""object"": ""文件导入"", ""operation"": ""打开"", ""value"": """"}",Y,Y,Y,
设备,140,打开演示项视频导入,,,common_control,"{""device"": """", ""location"": """", ""object"": ""演示项视频导入"", ""operation"": ""打开"", ""value"": """"}",common_control,"{""device"": """", ""location"": """", ""object"": ""演示项视频导入"", ""operation"": ""打开"", ""value"": """"}",Y,Y,Y,
设备,138,打开演示片源,,,common_control,"{""device"": """", ""location"": """", ""object"": ""演示片源"", ""operation"": ""打开"", ""value"": """"}",common_control,"{""device"": """", ""location"": """", ""object"": ""演示片源"", ""operation"": ""打开"", ""value"": """"}",Y,Y,Y,
设备,141,打开165HZ疾速屏,,,display_control,"{""device"": """", ""location"": """", ""object"": ""165hz疾速屏"", ""operation"": ""打开"", ""value"": """"}",display_control,"{""device"": """", ""location"": """", ""object"": ""165hz疾速屏"", ""operation"": ""打开"", ""value"": """"}",Y,Y,Y,
设备,142,打开170HZ疾速屏,,,display_control,"{""device"": """", ""location"": """", ""object"": ""170hz疾速屏"", ""operation"": ""打开"", ""value"": """"}",display_control,"{""device"": """", ""location"": """", ""object"": ""170hz疾速屏"", ""operation"": ""打开"", ""value"": """"}",Y,Y,Y,
设备,143,打开感知音画,,,display_control,"{""device"": """", ""location"": """", ""object"": ""感知音画"", ""operation"": ""打开"", ""value"": """"}",display_control,"{""device"": """", ""location"": """", ""object"": ""感知音画"", ""operation"": ""打开"", ""value"": """"}",Y,Y,Y,
设备,144,打开感知画质,,,display_control,"{""device"": """", ""location"": """", ""object"": ""感知画质"", ""operation"": ""打开"", ""value"": """"}",display_control,"{""device"": """", ""location"": """", ""object"": ""感知画质"", ""operation"": ""打开"", ""value"": """"}",Y,Y,Y,
设备,145,打开AI环境音画,,,display_control,"{""device"": """", ""location"": """", ""object"": ""ai环境音画"", ""operation"": ""打开"", ""value"": """"}",display_control,"{""device"": """", ""location"": """", ""object"": ""ai环境音画"", ""operation"": ""打开"", ""value"": """"}",Y,Y,Y,
设备,146,打开120HZ疾速屏,,,display_control,"{""device"": """", ""location"": """", ""object"": ""120hz疾速屏"", ""operation"": ""打开"", ""value"": """"}",display_control,"{""device"": """", ""location"": """", ""object"": ""120hz疾速屏"", ""operation"": ""打开"", ""value"": """"}",Y,Y,Y,
设备,148,打开睿智AI映画,,,display_control,"{""device"": """", ""location"": """", ""object"": ""睿智ai映画"", ""operation"": ""打开"", ""value"": """"}",display_control,"{""device"": """", ""location"": """", ""object"": ""睿智ai映画"", ""operation"": ""打开"", ""value"": """"}",Y,Y,Y,
设备,147,打开144HZ疾速屏,,,display_control,"{""device"": """", ""location"": """", ""object"": ""144hz疾速屏"", ""operation"": ""打开"", ""value"": """"}",display_control,"{""device"": """", ""location"": """", ""object"": ""144hz疾速屏"", ""operation"": ""打开"", ""value"": """"}",Y,Y,Y,
设备,149,打开AI双音效,,,audio_control,"{""device"": """", ""location"": """", ""object"": ""ai双音效"", ""operation"": ""打开"", ""value"": """"}",audio_control,"{""device"": """", ""location"": """", ""object"": ""ai双音效"", ""operation"": ""打开"", ""value"": """"}",Y,Y,Y,
设备,150,打开运动画面增强,,,display_control,"{""device"": """", ""location"": """", ""object"": ""运动画面增强"", ""operation"": ""打开"", ""value"": """"}",display_control,"{""device"": """", ""location"": """", ""object"": ""运动画面增强"", ""operation"": ""打开"", ""value"": """"}",Y,Y,Y,
设备,152,打开自动梯形校正,,,display_control,"{""device"": """", ""location"": """", ""object"": ""自动梯形校正"", ""operation"": ""打开"", ""value"": """"}",display_control,"{""device"": """", ""location"": """", ""object"": ""自动梯形校正"", ""operation"": ""打开"", ""value"": """"}",Y,Y,Y,
设备,154,打开自动对焦,,,display_control,"{""device"": """", ""location"": """", ""object"": ""自动对焦"", ""operation"": ""打开"", ""value"": """"}",display_control,"{""device"": """", ""location"": """", ""object"": ""自动对焦"", ""operation"": ""打开"", ""value"": """"}",Y,Y,Y,
设备,153,打开手动梯形校正,,,display_control,"{""device"": """", ""location"": """", ""object"": ""手动梯形校正"", ""operation"": ""打开"", ""value"": """"}",display_control,"{""device"": """", ""location"": """", ""object"": ""手动梯形校正"", ""operation"": ""打开"", ""value"": """"}",Y,Y,Y,
设备,151,打开立体防抖,,,display_control,"{""device"": """", ""location"": """", ""object"": ""立体防抖"", ""operation"": ""打开"", ""value"": """"}",display_control,"{""device"": """", ""location"": """", ""object"": ""立体防抖"", ""operation"": ""打开"", ""value"": """"}",Y,Y,Y,
设备,155,打开手动对焦,,,display_control,"{""device"": """", ""location"": """", ""object"": ""手动对焦"", ""operation"": ""打开"", ""value"": """"}",display_control,"{""device"": """", ""location"": """", ""object"": ""手动对焦"", ""operation"": ""打开"", ""value"": """"}",Y,Y,Y,
设备,157,打开水平校准,,,display_control,"{""device"": """", ""location"": """", ""object"": ""水平校准"", ""operation"": ""打开"", ""value"": """"}",display_control,"{""device"": """", ""location"": """", ""object"": ""水平校准"", ""operation"": ""打开"", ""value"": """"}",Y,Y,Y,
设备,156,打开梯形校正校准,,,display_control,"{""device"": """", ""location"": """", ""object"": ""梯形校正校准"", ""operation"": ""打开"", ""value"": """"}",display_control,"{""device"": """", ""location"": """", ""object"": ""梯形校正校准"", ""operation"": ""打开"", ""value"": """"}",Y,Y,Y,
设备,158,打开对焦校准,,,display_control,"{""device"": """", ""location"": """", ""object"": ""对焦校准"", ""operation"": ""打开"", ""value"": """"}",display_control,"{""device"": """", ""location"": """", ""object"": ""对焦校准"", ""operation"": ""打开"", ""value"": """"}",Y,Y,Y,
设备,159,打开投影设置,,,display_control,"{""device"": """", ""location"": """", ""object"": ""投影设置"", ""operation"": ""打开"", ""value"": """"}",display_control,"{""device"": """", ""location"": """", ""object"": ""投影设置"", ""operation"": ""打开"", ""value"": """"}",Y,Y,Y,
设备,160,画面缩小,,,screen_layout,"{""device"": """", ""location"": """", ""object"": ""画面"", ""operation"": ""缩小"", ""value"": """"}",screen_layout,"{""device"": """", ""location"": """", ""object"": ""画面"", ""operation"": ""缩小"", ""value"": """"}",Y,Y,Y,
设备,161,把音量调到30,,,numeric_adjust,"{""device"": """", ""location"": """", ""object"": ""音量"", ""operation"": ""设置"", ""value"": ""30""}",numeric_adjust,"{""device"": """", ""location"": """", ""object"": ""音量"", ""operation"": ""设置"", ""value"": ""30""}",Y,Y,Y,
设备,163,声音小一些,,,numeric_adjust,"{""device"": """", ""location"": """", ""object"": ""音量"", ""operation"": ""降低"", ""value"": """"}",numeric_adjust,"{""device"": """", ""location"": """", ""object"": ""音量"", ""operation"": ""降低"", ""value"": """"}",Y,Y,Y,
设备,164,音量设置为30%,,,numeric_adjust,"{""device"": """", ""location"": """", ""object"": ""音量"", ""operation"": ""设置"", ""value"": ""30%""}",numeric_adjust,"{""device"": """", ""location"": """", ""object"": ""音量"", ""operation"": ""设置"", ""value"": ""30%""}",Y,Y,Y,
设备,162,音量调高一点,,,numeric_adjust,"{""device"": """", ""location"": """", ""object"": ""音量"", ""operation"": ""提高"", ""value"": """"}",numeric_adjust,"{""device"": """", ""location"": """", ""object"": ""音量"", ""operation"": ""提高"", ""value"": """"}",Y,Y,Y,
设备,165,音量设置为50%,,,numeric_adjust,"{""device"": """", ""location"": """", ""object"": ""音量"", ""operation"": ""设置"", ""value"": ""50%""}",numeric_adjust,"{""device"": """", ""location"": """", ""object"": ""音量"", ""operation"": ""设置"", ""value"": ""50%""}",Y,Y,Y,
设备,166,音量设置为70%,,,numeric_adjust,"{""device"": """", ""location"": """", ""object"": ""音量"", ""operation"": ""设置"", ""value"": ""70%""}",numeric_adjust,"{""device"": """", ""location"": """", ""object"": ""音量"", ""operation"": ""设置"", ""value"": ""70%""}",Y,Y,Y,
设备,170,调到70格音量,,,numeric_adjust,"{""device"": """", ""location"": """", ""object"": ""音量"", ""operation"": ""设置"", ""value"": ""70""}",numeric_adjust,"{""device"": """", ""location"": """", ""object"": ""音量"", ""operation"": ""设置"", ""value"": ""70""}",Y,Y,Y,
设备,168,调到30格音量,,,numeric_adjust,"{""device"": """", ""location"": """", ""object"": ""音量"", ""operation"": ""设置"", ""value"": ""30""}",numeric_adjust,"{""device"": """", ""location"": """", ""object"": ""音量"", ""operation"": ""设置"", ""value"": ""30""}",Y,Y,Y,
设备,167,音量设置为80%,,,numeric_adjust,"{""device"": """", ""location"": """", ""object"": ""音量"", ""operation"": ""设置"", ""value"": ""80%""}",numeric_adjust,"{""device"": """", ""location"": """", ""object"": ""音量"", ""operation"": ""设置"", ""value"": ""80%""}",Y,Y,Y,
设备,169,调到50格音量,,,numeric_adjust,"{""device"": """", ""location"": """", ""object"": ""音量"", ""operation"": ""设置"", ""value"": ""50""}",numeric_adjust,"{""device"": """", ""location"": """", ""object"": ""音量"", ""operation"": ""设置"", ""value"": ""50""}",Y,Y,Y,
设备,172,音量太大了，调小点,,,numeric_adjust,"{""device"": """", ""location"": """", ""object"": ""音量"", ""operation"": ""降低"", ""value"": """"}",numeric_adjust,"{""device"": """", ""location"": """", ""object"": ""音量"", ""operation"": ""设置"", ""value"": """"}",Y,N,N,"operation: gold=""降低"" pred=""设置"""
设备,173,声音再大点,,,numeric_adjust,"{""device"": """", ""location"": """", ""object"": ""音量"", ""operation"": ""提高"", ""value"": """"}",numeric_adjust,"{""device"": """", ""location"": """", ""object"": ""音量"", ""operation"": ""设置"", ""value"": """"}",Y,N,N,"operation: gold=""提高"" pred=""设置"""
设备,171,调到80格音量,,,numeric_adjust,"{""device"": """", ""location"": """", ""object"": ""音量"", ""operation"": ""设置"", ""value"": ""80""}",numeric_adjust,"{""device"": """", ""location"": """", ""object"": ""音量"", ""operation"": ""设置"", ""value"": ""80""}",Y,Y,Y,
设备,175,音量加30,,,numeric_adjust,"{""device"": """", ""location"": """", ""object"": ""音量"", ""operation"": ""提高"", ""value"": ""30""}",numeric_adjust,"{""device"": """", ""location"": """", ""object"": ""音量"", ""operation"": ""提高"", ""value"": ""30""}",Y,Y,Y,
设备,174,现在音量是多少,,,numeric_adjust,"{""device"": """", ""location"": """", ""object"": ""音量"", ""operation"": ""查询"", ""value"": """"}",numeric_adjust,"{""device"": """", ""location"": """", ""object"": ""音量"", ""operation"": ""查询"", ""value"": """"}",Y,Y,Y,
设备,176,音量减80,,,numeric_adjust,"{""device"": """", ""location"": """", ""object"": ""音量"", ""operation"": ""降低"", ""value"": ""80""}",numeric_adjust,"{""device"": """", ""location"": """", ""object"": ""音量"", ""operation"": ""降低"", ""value"": ""80""}",Y,Y,Y,
设备,177,把声音关掉,,,numeric_adjust,"{""device"": """", ""location"": """", ""object"": ""静音"", ""operation"": ""打开"", ""value"": """"}",numeric_adjust,"{""device"": """", ""location"": """", ""object"": ""静音"", ""operation"": ""打开"", ""value"": """"}",Y,Y,Y,
设备,182,音量再大一点,,,numeric_adjust,"{""device"": """", ""location"": """", ""object"": ""音量"", ""operation"": ""提高"", ""value"": """"}",numeric_adjust,"{""device"": """", ""location"": """", ""object"": ""音量"", ""operation"": ""设置"", ""value"": """"}",Y,N,N,"operation: gold=""提高"" pred=""设置"""
设备,178,恢复正常音量,,,numeric_adjust,"{""device"": """", ""location"": """", ""object"": ""静音"", ""operation"": ""关闭"", ""value"": """"}",numeric_adjust,"{""device"": """", ""location"": """", ""object"": ""静音"", ""operation"": ""关闭"", ""value"": """"}",Y,Y,Y,
设备,179,音量开到最大,,,numeric_adjust,"{""device"": """", ""location"": """", ""object"": ""音量"", ""operation"": ""设置"", ""value"": ""100%""}",numeric_adjust,"{""device"": """", ""location"": """", ""object"": ""音量"", ""operation"": ""设置"", ""value"": ""100%""}",Y,Y,Y,
设备,180,音量调到静音,,,numeric_adjust,"{""device"": """", ""location"": """", ""object"": ""静音"", ""operation"": ""打开"", ""value"": """"}",numeric_adjust,"{""device"": """", ""location"": """", ""object"": ""静音"", ""operation"": ""打开"", ""value"": """"}",Y,Y,Y,
设备,183,音量再小一点,,,numeric_adjust,"{""device"": """", ""location"": """", ""object"": ""音量"", ""operation"": ""降低"", ""value"": """"}",numeric_adjust,"{""device"": """", ""location"": """", ""object"": ""音量"", ""operation"": ""设置"", ""value"": """"}",Y,N,N,"operation: gold=""降低"" pred=""设置"""
设备,181,音量调到30,,,numeric_adjust,"{""device"": """", ""location"": """", ""object"": ""音量"", ""operation"": ""设置"", ""value"": ""30""}",numeric_adjust,"{""device"": """", ""location"": """", ""object"": ""音量"", ""operation"": ""设置"", ""value"": ""30""}",Y,Y,Y,
设备,184,音量调到一半,,,numeric_adjust,"{""device"": """", ""location"": """", ""object"": ""音量"", ""operation"": ""设置"", ""value"": ""50%""}",numeric_adjust,"{""device"": """", ""location"": """", ""object"": ""音量"", ""operation"": ""设置"", ""value"": ""50%""}",Y,Y,Y,
设备,185,音量调到最低,,,numeric_adjust,"{""device"": """", ""location"": """", ""object"": ""音量"", ""operation"": ""设置"", ""value"": ""0%""}",numeric_adjust,"{""device"": """", ""location"": """", ""object"": ""音量"", ""operation"": ""设置"", ""value"": ""0%""}",Y,Y,Y,
设备,186,调高音量,,,numeric_adjust,"{""device"": """", ""location"": """", ""object"": ""音量"", ""operation"": ""提高"", ""value"": """"}",numeric_adjust,"{""device"": """", ""location"": """", ""object"": ""音量"", ""operation"": ""提高"", ""value"": """"}",Y,Y,Y,
设备,187,调低音量,,,numeric_adjust,"{""device"": """", ""location"": """", ""object"": ""音量"", ""operation"": ""降低"", ""value"": """"}",numeric_adjust,"{""device"": """", ""location"": """", ""object"": ""音量"", ""operation"": ""降低"", ""value"": """"}",Y,Y,Y,
设备,188,声音大小调节,,,numeric_adjust,"{""device"": """", ""location"": """", ""object"": ""音量"", ""operation"": ""设置"", ""value"": """"}",numeric_adjust,"{""device"": """", ""location"": """", ""object"": ""音量"", ""operation"": ""设置"", ""value"": """"}",Y,Y,Y,
设备,189,音量数值调到30,,,numeric_adjust,"{""device"": """", ""location"": """", ""object"": ""音量"", ""operation"": ""设置"", ""value"": ""30""}",numeric_adjust,"{""device"": """", ""location"": """", ""object"": ""音量"", ""operation"": ""设置"", ""value"": ""30""}",Y,Y,Y,
设备,190,音量数值调到50,,,numeric_adjust,"{""device"": """", ""location"": """", ""object"": ""音量"", ""operation"": ""设置"", ""value"": ""50""}",numeric_adjust,"{""device"": """", ""location"": """", ""object"": ""音量"", ""operation"": ""设置"", ""value"": ""50""}",Y,Y,Y,
设备,191,音量数值调到70,,,numeric_adjust,"{""device"": """", ""location"": """", ""object"": ""音量"", ""operation"": ""设置"", ""value"": ""70""}",numeric_adjust,"{""device"": """", ""location"": """", ""object"": ""音量"", ""operation"": ""设置"", ""value"": ""70""}",Y,Y,Y,
设备,192,音量数值调到80,,,numeric_adjust,"{""device"": """", ""location"": """", ""object"": ""音量"", ""operation"": ""设置"", ""value"": ""80""}",numeric_adjust,"{""device"": """", ""location"": """", ""object"": ""音量"", ""operation"": ""设置"", ""value"": ""80""}",Y,Y,Y,
设备,193,音量开关,,,numeric_adjust,"{""device"": """", ""location"": """", ""object"": ""音量"", ""operation"": ""打开"", ""value"": """"}",numeric_adjust,"{""device"": """", ""location"": """", ""object"": ""音量"", ""operation"": ""打开"", ""value"": """"}",Y,Y,Y,
设备,194,屏幕亮度调高,,,numeric_adjust,"{""device"": """", ""location"": """", ""object"": ""亮度"", ""operation"": ""提高"", ""value"": """"}",numeric_adjust,"{""device"": """", ""location"": """", ""object"": ""亮度"", ""operation"": ""提高"", ""value"": """"}",Y,Y,Y,
设备,195,亮度太暗了,,,numeric_adjust,"{""device"": """", ""location"": """", ""object"": ""亮度"", ""operation"": ""提高"", ""value"": """"}",numeric_adjust,"{""device"": """", ""location"": """", ""object"": ""亮度"", ""operation"": ""提高"", ""value"": """"}",Y,Y,Y,
设备,196,屏幕亮一点,,,numeric_adjust,"{""device"": """", ""location"": """", ""object"": ""亮度"", ""operation"": ""提高"", ""value"": """"}",numeric_adjust,"{""device"": """", ""location"": """", ""object"": ""亮度"", ""operation"": ""提高"", ""value"": """"}",Y,Y,Y,
设备,197,把亮度调到30,,,numeric_adjust,"{""device"": """", ""location"": """", ""object"": ""亮度"", ""operation"": ""设置"", ""value"": ""30""}",numeric_adjust,"{""device"": """", ""location"": """", ""object"": ""亮度"", ""operation"": ""设置"", ""value"": ""30""}",Y,Y,Y,
设备,198,亮度设置为30%,,,numeric_adjust,"{""device"": """", ""location"": """", ""object"": ""亮度"", ""operation"": ""设置"", ""value"": ""30%""}",numeric_adjust,"{""device"": """", ""location"": """", ""object"": ""亮度"", ""operation"": ""设置"", ""value"": ""30%""}",Y,Y,Y,
设备,199,亮度设置为50%,,,numeric_adjust,"{""device"": """", ""location"": """", ""object"": ""亮度"", ""operation"": ""设置"", ""value"": ""50%""}",numeric_adjust,"{""device"": """", ""location"": """", ""object"": ""亮度"", ""operation"": ""设置"", ""value"": ""50%""}",Y,Y,Y,
设备,201,亮度降低一些,,,numeric_adjust,"{""device"": """", ""location"": """", ""object"": ""亮度"", ""operation"": ""降低"", ""value"": ""默认""}",numeric_adjust,"{""device"": """", ""location"": """", ""object"": ""亮度"", ""operation"": ""降低"", ""value"": ""默认""}",Y,Y,Y,
设备,200,亮度设置为70%,,,numeric_adjust,"{""device"": """", ""location"": """", ""object"": ""亮度"", ""operation"": ""设置"", ""value"": ""70%""}",numeric_adjust,"{""device"": """", ""location"": """", ""object"": ""亮度"", ""operation"": ""设置"", ""value"": ""70%""}",Y,Y,Y,
设备,202,屏幕太刺眼了,,,numeric_adjust,"{""device"": """", ""location"": """", ""object"": ""亮度"", ""operation"": ""降低"", ""value"": """"}",numeric_adjust,"{""device"": """", ""location"": """", ""object"": ""亮度"", ""operation"": ""降低"", ""value"": """"}",Y,Y,Y,
设备,203,现在亮度多少,,,numeric_adjust,"{""device"": """", ""location"": """", ""object"": ""亮度"", ""operation"": ""查询"", ""value"": ""默认""}",numeric_adjust,"{""device"": """", ""location"": """", ""object"": ""亮度"", ""operation"": ""查询"", ""value"": ""默认""}",Y,Y,Y,
设备,204,亮度加30,,,numeric_adjust,"{""device"": """", ""location"": """", ""object"": ""亮度"", ""operation"": ""提高"", ""value"": ""30""}",numeric_adjust,"{""device"": """", ""location"": """", ""object"": ""亮度"", ""operation"": ""提高"", ""value"": ""30""}",Y,Y,Y,
设备,205,亮度加50,,,numeric_adjust,"{""device"": """", ""location"": """", ""object"": ""亮度"", ""operation"": ""提高"", ""value"": ""50""}",numeric_adjust,"{""device"": """", ""location"": """", ""object"": ""亮度"", ""operation"": ""提高"", ""value"": ""50""}",Y,Y,Y,
设备,206,亮度加70,,,numeric_adjust,"{""device"": """", ""location"": """", ""object"": ""亮度"", ""operation"": ""提高"", ""value"": ""70""}",numeric_adjust,"{""device"": """", ""location"": """", ""object"": ""亮度"", ""operation"": ""提高"", ""value"": ""70""}",Y,Y,Y,
设备,207,亮度减30,,,numeric_adjust,"{""device"": """", ""location"": """", ""object"": ""亮度"", ""operation"": ""降低"", ""value"": ""30""}",numeric_adjust,"{""device"": """", ""location"": """", ""object"": ""亮度"", ""operation"": ""降低"", ""value"": ""30""}",Y,Y,Y,
设备,208,亮度减50,,,numeric_adjust,"{""device"": """", ""location"": """", ""object"": ""亮度"", ""operation"": ""降低"", ""value"": ""50""}",numeric_adjust,"{""device"": """", ""location"": """", ""object"": ""亮度"", ""operation"": ""降低"", ""value"": ""50""}",Y,Y,Y,
设备,209,亮度减70,,,numeric_adjust,"{""device"": """", ""location"": """", ""object"": ""亮度"", ""operation"": ""降低"", ""value"": ""70""}",numeric_adjust,"{""device"": """", ""location"": """", ""object"": ""亮度"", ""operation"": ""降低"", ""value"": ""70""}",Y,Y,Y,
设备,210,亮度调到最高,,,numeric_adjust,"{""device"": """", ""location"": """", ""object"": ""亮度"", ""operation"": ""设置"", ""value"": ""100%""}",numeric_adjust,"{""device"": """", ""location"": """", ""object"": ""亮度"", ""operation"": ""设置"", ""value"": ""100%""}",Y,Y,Y,
设备,211,亮度调到最低,,,numeric_adjust,"{""device"": """", ""location"": """", ""object"": ""亮度"", ""operation"": ""设置"", ""value"": ""0%""}",numeric_adjust,"{""device"": """", ""location"": """", ""object"": ""亮度"", ""operation"": ""设置"", ""value"": ""0%""}",Y,Y,Y,
设备,212,屏幕调亮些,,,numeric_adjust,"{""device"": """", ""location"": """", ""object"": ""亮度"", ""operation"": ""提高"", ""value"": """"}",numeric_adjust,"{""device"": """", ""location"": """", ""object"": ""亮度"", ""operation"": ""提高"", ""value"": """"}",Y,Y,Y,
设备,213,屏幕调暗些,,,numeric_adjust,"{""device"": """", ""location"": """", ""object"": ""亮度"", ""operation"": ""降低"", ""value"": """"}",numeric_adjust,"{""device"": """", ""location"": """", ""object"": ""亮度"", ""operation"": ""降低"", ""value"": """"}",Y,Y,Y,
设备,214,亮度调到30,,,numeric_adjust,"{""device"": """", ""location"": """", ""object"": ""亮度"", ""operation"": ""设置"", ""value"": ""30""}",numeric_adjust,"{""device"": """", ""location"": """", ""object"": ""亮度"", ""operation"": ""设置"", ""value"": ""30""}",Y,Y,Y,
设备,215,亮度调到70,,,numeric_adjust,"{""device"": """", ""location"": """", ""object"": ""亮度"", ""operation"": ""设置"", ""value"": ""70""}",numeric_adjust,"{""device"": """", ""location"": """", ""object"": ""亮度"", ""operation"": ""设置"", ""value"": ""70""}",Y,Y,Y,
设备,216,显示亮度调到30,,,numeric_adjust,"{""device"": """", ""location"": """", ""object"": ""亮度"", ""operation"": ""设置"", ""value"": ""30""}",numeric_adjust,"{""device"": """", ""location"": """", ""object"": ""亮度"", ""operation"": ""设置"", ""value"": ""30""}",Y,Y,Y,
设备,217,显示亮度调到50,,,numeric_adjust,"{""device"": """", ""location"": """", ""object"": ""亮度"", ""operation"": ""设置"", ""value"": ""50""}",numeric_adjust,"{""device"": """", ""location"": """", ""object"": ""亮度"", ""operation"": ""设置"", ""value"": ""50""}",Y,Y,Y,
设备,218,显示亮度调到70,,,numeric_adjust,"{""device"": """", ""location"": """", ""object"": ""亮度"", ""operation"": ""设置"", ""value"": ""70""}",numeric_adjust,"{""device"": """", ""location"": """", ""object"": ""亮度"", ""operation"": ""设置"", ""value"": ""70""}",Y,Y,Y,
设备,219,调高亮度,,,numeric_adjust,"{""device"": """", ""location"": """", ""object"": ""亮度"", ""operation"": ""提高"", ""value"": ""默认""}",numeric_adjust,"{""device"": """", ""location"": """", ""object"": ""亮度"", ""operation"": ""提高"", ""value"": ""默认""}",Y,Y,Y,
设备,220,调低亮度,,,numeric_adjust,"{""device"": """", ""location"": """", ""object"": ""亮度"", ""operation"": ""降低"", ""value"": ""默认""}",numeric_adjust,"{""device"": """", ""location"": """", ""object"": ""亮度"", ""operation"": ""降低"", ""value"": ""默认""}",Y,Y,Y,
设备,221,亮度设置,,,numeric_adjust,"{""device"": """", ""location"": """", ""object"": ""亮度"", ""operation"": ""设置"", ""value"": """"}",numeric_adjust,"{""device"": """", ""location"": """", ""object"": ""亮度"", ""operation"": ""设置"", ""value"": """"}",Y,Y,Y,
设备,222,屏幕亮度调节,,,numeric_adjust,"{""device"": """", ""location"": """", ""object"": ""亮度"", ""operation"": ""设置"", ""value"": """"}",numeric_adjust,"{""device"": """", ""location"": """", ""object"": ""亮度"", ""operation"": ""设置"", ""value"": """"}",Y,Y,Y,
设备,223,亮度数值30,,,numeric_adjust,"{""device"": """", ""location"": """", ""object"": ""亮度"", ""operation"": ""设置"", ""value"": ""30""}",numeric_adjust,"{""device"": """", ""location"": """", ""object"": ""亮度"", ""operation"": ""设置"", ""value"": ""30""}",Y,Y,Y,
设备,224,亮度数值50,,,numeric_adjust,"{""device"": """", ""location"": """", ""object"": ""亮度"", ""operation"": ""设置"", ""value"": ""50""}",numeric_adjust,"{""device"": """", ""location"": """", ""object"": ""亮度"", ""operation"": ""设置"", ""value"": ""50""}",Y,Y,Y,
设备,227,关机,,,power_control,"{""device"": """", ""location"": """", ""object"": ""关机"", ""operation"": ""打开"", ""value"": """"}",power_control,"{""device"": """", ""location"": """", ""object"": ""关机"", ""operation"": ""打开"", ""value"": """"}",Y,Y,Y,
设备,225,亮度数值70,,,numeric_adjust,"{""device"": """", ""location"": """", ""object"": ""亮度"", ""operation"": ""设置"", ""value"": ""70""}",numeric_adjust,"{""device"": """", ""location"": """", ""object"": ""亮度"", ""operation"": ""设置"", ""value"": ""70""}",Y,Y,Y,
设备,226,亮度开关,,,numeric_adjust,"{""device"": """", ""location"": """", ""object"": ""亮度控制"", ""operation"": ""打开"", ""value"": """"}",numeric_adjust,"{""device"": """", ""location"": """", ""object"": ""亮度控制"", ""operation"": ""打开"", ""value"": """"}",Y,Y,Y,
设备,228,把电视关了,,,power_control,"{""device"": """", ""location"": """", ""object"": ""关机"", ""operation"": ""打开"", ""value"": """"}",power_control,"{""device"": """", ""location"": """", ""object"": ""关机"", ""operation"": ""打开"", ""value"": """"}",Y,Y,Y,
设备,229,关闭电视,,,power_control,"{""device"": """", ""location"": """", ""object"": ""关机"", ""operation"": ""打开"", ""value"": """"}",power_control,"{""device"": """", ""location"": """", ""object"": ""关机"", ""operation"": ""打开"", ""value"": """"}",Y,Y,Y,
设备,230,我要关机了,,,power_control,"{""device"": """", ""location"": """", ""object"": ""关机"", ""operation"": ""打开"", ""value"": """"}",power_control,"{""device"": """", ""location"": """", ""object"": ""关机"", ""operation"": ""打开"", ""value"": """"}",Y,Y,Y,
设备,231,电视关机,,,power_control,"{""device"": """", ""location"": """", ""object"": ""关机"", ""operation"": ""打开"", ""value"": """"}",power_control,"{""device"": """", ""location"": """", ""object"": ""关机"", ""operation"": ""打开"", ""value"": """"}",Y,Y,Y,
设备,232,30分钟后关机,,,timer_control,"{""date_time"": ""30分钟"", ""device"": """", ""location"": """", ""object"": ""关机"", ""operation"": ""打开""}",timer_control,"{""date_time"": ""30分钟"", ""device"": """", ""location"": """", ""object"": ""关机"", ""operation"": ""打开""}",Y,Y,Y,
设备,233,1小时后关机,,,timer_control,"{""date_time"": ""1小时"", ""device"": """", ""location"": """", ""object"": ""关机"", ""operation"": ""打开""}",timer_control,"{""date_time"": ""1小时"", ""device"": """", ""location"": """", ""object"": ""关机"", ""operation"": ""打开""}",Y,Y,Y,
设备,234,定时关机30分钟,,,timer_control,"{""date_time"": ""30分钟"", ""device"": """", ""location"": """", ""object"": ""关机"", ""operation"": ""打开""}",timer_control,"{""date_time"": ""30分钟"", ""device"": """", ""location"": """", ""object"": ""关机"", ""operation"": ""打开""}",Y,Y,Y,
设备,235,晚上10点关机,,,timer_control,"{""date_time"": ""22:00"", ""device"": """", ""location"": """", ""object"": ""关机"", ""operation"": ""打开""}",timer_control,"{""date_time"": ""22:00"", ""device"": """", ""location"": """", ""object"": ""关机"", ""operation"": ""打开""}",Y,Y,Y,
设备,236,晚上11点关机,,,timer_control,"{""date_time"": ""23:00"", ""device"": """", ""location"": """", ""object"": ""关机"", ""operation"": ""打开""}",timer_control,"{""date_time"": ""23:00"", ""device"": """", ""location"": """", ""object"": ""关机"", ""operation"": ""打开""}",Y,Y,Y,
设备,237,晚上22点关机,,,timer_control,"{""date_time"": ""22:00"", ""device"": """", ""location"": """", ""object"": ""关机"", ""operation"": ""打开""}",timer_control,"{""date_time"": ""22:00"", ""device"": """", ""location"": """", ""object"": ""关机"", ""operation"": ""打开""}",Y,Y,Y,
设备,238,晚上23点关机,,,timer_control,"{""date_time"": ""23:00"", ""device"": """", ""location"": """", ""object"": ""关机"", ""operation"": ""打开""}",timer_control,"{""date_time"": ""23:00"", ""device"": """", ""location"": """", ""object"": ""关机"", ""operation"": ""打开""}",Y,Y,Y,
设备,239,取消定时关机,,,timer_control,"{""device"": """", ""location"": """", ""object"": ""关机"", ""operation"": ""关闭"", ""value"": """"}",timer_control,"{""device"": """", ""location"": """", ""object"": ""关机"", ""operation"": ""关闭"", ""value"": """"}",Y,Y,Y,
设备,240,半小时后关机,,,timer_control,"{""date_time"": ""30分钟"", ""device"": """", ""location"": """", ""object"": ""关机"", ""operation"": ""打开""}",timer_control,"{""date_time"": ""30分钟"", ""device"": """", ""location"": """", ""object"": ""关机"", ""operation"": ""打开""}",Y,Y,Y,
设备,241,一个小时后关机,,,timer_control,"{""date_time"": ""1小时"", ""device"": """", ""location"": """", ""object"": ""关机"", ""operation"": ""打开""}",timer_control,"{""date_time"": ""1小时"", ""device"": """", ""location"": """", ""object"": ""关机"", ""operation"": ""打开""}",Y,Y,Y,
设备,242,30小时后关机,,,timer_control,"{""date_time"": ""30小时"", ""device"": """", ""location"": """", ""object"": ""关机"", ""operation"": ""打开""}",timer_control,"{""date_time"": ""30小时"", ""device"": """", ""location"": """", ""object"": ""关机"", ""operation"": ""打开""}",Y,Y,Y,
设备,243,45小时后关机,,,timer_control,"{""date_time"": ""45小时"", ""device"": """", ""location"": """", ""object"": ""关机"", ""operation"": ""打开""}",timer_control,"{""date_time"": ""45小时"", ""device"": """", ""location"": """", ""object"": ""关机"", ""operation"": ""打开""}",Y,Y,Y,
设备,244,60小时后关机,,,timer_control,"{""date_time"": ""60小时"", ""device"": """", ""location"": """", ""object"": ""关机"", ""operation"": ""打开""}",timer_control,"{""date_time"": ""60小时"", ""device"": """", ""location"": """", ""object"": ""关机"", ""operation"": ""打开""}",Y,Y,Y,
设备,245,120小时后关机,,,timer_control,"{""date_time"": ""120小时"", ""device"": """", ""location"": """", ""object"": ""关机"", ""operation"": ""打开""}",timer_control,"{""date_time"": ""120小时"", ""device"": """", ""location"": """", ""object"": ""关机"", ""operation"": ""打开""}",Y,Y,Y,
设备,246,睡前关机,,,timer_control,"{""device"": """", ""location"": """", ""object"": ""关机"", ""operation"": ""打开"", ""value"": """"}",timer_control,"{""device"": """", ""location"": """", ""object"": ""关机"", ""operation"": ""打开"", ""value"": """"}",Y,Y,Y,
设备,247,30分钟后自动关机,,,timer_control,"{""date_time"": ""30分钟"", ""device"": """", ""location"": """", ""object"": ""关机"", ""operation"": ""打开""}",timer_control,"{""date_time"": ""30分钟"", ""device"": """", ""location"": """", ""object"": ""关机"", ""operation"": ""打开""}",Y,Y,Y,
设备,248,45分钟后自动关机,,,timer_control,"{""date_time"": ""45分钟"", ""device"": """", ""location"": """", ""object"": ""关机"", ""operation"": ""打开""}",timer_control,"{""date_time"": ""45分钟"", ""device"": """", ""location"": """", ""object"": ""关机"", ""operation"": ""打开""}",Y,Y,Y,
设备,249,设置30分钟关机,,,timer_control,"{""date_time"": ""30分钟"", ""device"": """", ""location"": """", ""object"": ""关机"", ""operation"": ""打开""}",timer_control,"{""date_time"": ""30分钟"", ""device"": """", ""location"": """", ""object"": ""关机"", ""operation"": ""打开""}",Y,Y,Y,
设备,251,过45分钟关机,,,timer_control,"{""date_time"": ""45分钟"", ""device"": """", ""location"": """", ""object"": ""关机"", ""operation"": ""打开""}",timer_control,"{""date_time"": ""45分钟"", ""device"": """", ""location"": """", ""object"": ""关机"", ""operation"": ""打开""}",Y,Y,Y,
设备,250,过30分钟关机,,,timer_control,"{""date_time"": ""30分钟"", ""device"": """", ""location"": """", ""object"": ""关机"", ""operation"": ""打开""}",timer_control,"{""date_time"": ""30分钟"", ""device"": """", ""location"": """", ""object"": ""关机"", ""operation"": ""打开""}",Y,Y,Y,
设备,252,过60分钟关机,,,timer_control,"{""date_time"": ""60分钟"", ""device"": """", ""location"": """", ""object"": ""关机"", ""operation"": ""打开""}",timer_control,"{""date_time"": ""60分钟"", ""device"": """", ""location"": """", ""object"": ""关机"", ""operation"": ""打开""}",Y,Y,Y,
设备,253,过120分钟关机,,,timer_control,"{""date_time"": ""120分钟"", ""device"": """", ""location"": """", ""object"": ""关机"", ""operation"": ""打开""}",timer_control,"{""date_time"": ""120分钟"", ""device"": """", ""location"": """", ""object"": ""关机"", ""operation"": ""打开""}",Y,Y,Y,
设备,254,定时30分钟关机,,,timer_control,"{""date_time"": ""30分钟"", ""device"": """", ""location"": """", ""object"": ""关机"", ""operation"": ""打开""}",timer_control,"{""date_time"": ""30分钟"", ""device"": """", ""location"": """", ""object"": ""关机"", ""operation"": ""打开""}",Y,Y,Y,
设备,256,延时关机30分钟,,,timer_control,"{""date_time"": ""30分钟"", ""device"": """", ""location"": """", ""object"": ""关机"", ""operation"": ""打开""}",timer_control,"{""date_time"": ""30分钟"", ""device"": """", ""location"": """", ""object"": ""关机"", ""operation"": ""打开""}",Y,Y,Y,
设备,255,定时1小时关机,,,timer_control,"{""date_time"": ""1小时"", ""device"": """", ""location"": """", ""object"": ""关机"", ""operation"": ""打开""}",timer_control,"{""date_time"": ""1小时"", ""device"": """", ""location"": """", ""object"": ""关机"", ""operation"": ""打开""}",Y,Y,Y,
设备,257,延时关机1小时,,,timer_control,"{""date_time"": ""1小时"", ""device"": """", ""location"": """", ""object"": ""关机"", ""operation"": ""打开""}",timer_control,"{""date_time"": ""1小时"", ""device"": """", ""location"": """", ""object"": ""关机"", ""operation"": ""打开""}",Y,Y,Y,
设备,258,自动关机时间设置,,,timer_control,"{""date_time"": ""定时"", ""device"": """", ""location"": """", ""object"": ""关机"", ""operation"": ""打开"", ""value"": """"}",timer_control,"{""date_time"": ""定时"", ""device"": """", ""location"": """", ""object"": ""关机"", ""operation"": ""打开"", ""value"": """"}",Y,Y,Y,
设备,261,开机,,,power_control,"{""device"": """", ""location"": """", ""object"": ""开机"", ""operation"": ""打开"", ""value"": """"}",power_control,"{""device"": """", ""location"": """", ""object"": ""开机"", ""operation"": ""打开"", ""value"": """"}",Y,Y,Y,
设备,259,关机时间查询,,,timer_control,"{""device"": """", ""location"": """", ""object"": ""剩余关机时长"", ""operation"": ""查询"", ""value"": """"}",timer_control,"{""device"": """", ""location"": """", ""object"": ""剩余关机时长"", ""operation"": ""查询"", ""value"": """"}",Y,Y,Y,
设备,260,关机时间设置,,,timer_control,"{""date_time"": ""定时"", ""device"": """", ""location"": """", ""object"": ""关机"", ""operation"": ""打开"", ""value"": """"}",timer_control,"{""date_time"": ""定时"", ""device"": """", ""location"": """", ""object"": ""关机"", ""operation"": ""打开"", ""value"": """"}",Y,Y,Y,
设备,262,把电视打开,,,power_control,"{""device"": """", ""location"": """", ""object"": ""开机"", ""operation"": """", ""value"": """"}",power_control,"{""device"": """", ""location"": """", ""object"": ""开机"", ""operation"": """", ""value"": """"}",Y,Y,Y,
设备,264,启动电视,,,power_control,"{""device"": """", ""location"": """", ""object"": ""开机"", ""operation"": ""打开"", ""value"": """"}",power_control,"{""device"": """", ""location"": """", ""object"": ""开机"", ""operation"": ""打开"", ""value"": """"}",Y,Y,Y,
设备,265,打开电视机,,,power_control,"{""device"": """", ""location"": """", ""object"": ""开机"", ""operation"": ""打开"", ""value"": """"}",power_control,"{""device"": """", ""location"": """", ""object"": ""开机"", ""operation"": ""打开"", ""value"": """"}",Y,Y,Y,
设备,266,电视开机,,,power_control,"{""device"": """", ""location"": """", ""object"": ""开机"", ""operation"": ""打开"", ""value"": """"}",power_control,"{""device"": """", ""location"": """", ""object"": ""开机"", ""operation"": ""打开"", ""value"": """"}",Y,Y,Y,
设备,263,开启电视,,,power_control,"{""device"": """", ""location"": """", ""object"": ""开机"", ""operation"": ""打开"", ""value"": """"}",power_control,"{""device"": """", ""location"": """", ""object"": ""开机"", ""operation"": ""打开"", ""value"": """"}",Y,Y,Y,
设备,269,唤醒电视,,,power_control,"{""device"": """", ""location"": """", ""object"": ""开机"", ""operation"": ""打开"", ""value"": """"}",execute,,N,N,N,"object: gold=""开机"" pred=; operation: gold=""打开"" pred="
设备,267,开电视,,,power_control,"{""device"": """", ""location"": """", ""object"": ""开机"", ""operation"": ""打开"", ""value"": """"}",power_control,"{""device"": """", ""location"": """", ""object"": ""开机"", ""operation"": ""打开"", ""value"": """"}",Y,Y,Y,
设备,268,电视启动一下,,,power_control,"{""device"": """", ""location"": """", ""object"": ""开机"", ""operation"": ""打开"", ""value"": """"}",power_control,"{""device"": """", ""location"": """", ""object"": ""开机"", ""operation"": ""打开"", ""value"": """"}",Y,Y,Y,
设备,270,电视开机,,,power_control,"{""device"": """", ""location"": """", ""object"": ""开机"", ""operation"": ""打开"", ""value"": """"}",power_control,"{""device"": """", ""location"": """", ""object"": ""开机"", ""operation"": ""打开"", ""value"": """"}",Y,Y,Y,
设备,271,开启电视机,,,power_control,"{""device"": """", ""location"": """", ""object"": ""开机"", ""operation"": ""打开"", ""value"": """"}",power_control,"{""device"": """", ""location"": """", ""object"": ""开机"", ""operation"": ""打开"", ""value"": """"}",Y,Y,Y,
设备,272,启动电视机,,,power_control,"{""device"": """", ""location"": """", ""object"": ""开机"", ""operation"": ""打开"", ""value"": """"}",power_control,"{""device"": """", ""location"": """", ""object"": ""开机"", ""operation"": ""打开"", ""value"": """"}",Y,Y,Y,
设备,273,打开电视机电源,,,power_control,"{""device"": """", ""location"": """", ""object"": ""开机"", ""operation"": ""打开"", ""value"": """"}",power_control,"{""device"": """", ""location"": """", ""object"": ""开机"", ""operation"": ""打开"", ""value"": """"}",Y,Y,Y,
设备,274,电视开机启动,,,power_control,"{""device"": """", ""location"": """", ""object"": ""开机"", ""operation"": ""打开"", ""value"": """"}",power_control,"{""device"": """", ""location"": """", ""object"": ""开机"", ""operation"": ""打开"", ""value"": """"}",Y,Y,Y,
设备,275,电视开机,,,power_control,"{""device"": """", ""location"": """", ""object"": ""开机"", ""operation"": ""打开"", ""value"": """"}",power_control,"{""device"": """", ""location"": """", ""object"": ""开机"", ""operation"": ""打开"", ""value"": """"}",Y,Y,Y,
设备,276,打开电视开关,,,power_control,"{""device"": """", ""location"": """", ""object"": ""开机"", ""operation"": ""打开"", ""value"": """"}",power_control,"{""device"": """", ""location"": """", ""object"": ""开机"", ""operation"": ""打开"", ""value"": """"}",Y,Y,Y,
设备,277,电视启动,,,power_control,"{""device"": """", ""location"": """", ""object"": ""开机"", ""operation"": ""打开"", ""value"": """"}",power_control,"{""device"": """", ""location"": """", ""object"": ""开机"", ""operation"": ""打开"", ""value"": """"}",Y,Y,Y,
设备,278,快进10秒,,,playback_control,"{""device"": """", ""location"": """", ""object"": """", ""operation"": ""快进"", ""value"": ""10秒""}",playback_control,"{""device"": """", ""location"": """", ""object"": """", ""operation"": ""快进"", ""value"": ""10秒""}",Y,Y,Y,
设备,279,快进30秒,,,playback_control,"{""device"": """", ""location"": """", ""object"": """", ""operation"": ""快进"", ""value"": ""30秒""}",playback_control,"{""device"": """", ""location"": """", ""object"": """", ""operation"": ""快进"", ""value"": ""30秒""}",Y,Y,Y,
设备,280,快进60秒,,,playback_control,"{""device"": """", ""location"": """", ""object"": """", ""operation"": ""快进"", ""value"": ""60秒""}",playback_control,"{""device"": """", ""location"": """", ""object"": """", ""operation"": ""快进"", ""value"": ""60秒""}",Y,Y,Y,
设备,281,快退10秒,,,playback_control,"{""device"": """", ""location"": """", ""object"": """", ""operation"": ""快退"", ""value"": ""10秒""}",playback_control,"{""device"": """", ""location"": """", ""object"": """", ""operation"": ""快退"", ""value"": ""10秒""}",Y,Y,Y,
设备,282,快退30秒,,,playback_control,"{""device"": """", ""location"": """", ""object"": """", ""operation"": ""快退"", ""value"": ""30秒""}",playback_control,"{""device"": """", ""location"": """", ""object"": """", ""operation"": ""快退"", ""value"": ""30秒""}",Y,Y,Y,
设备,283,快退60秒,,,playback_control,"{""device"": """", ""location"": """", ""object"": """", ""operation"": ""快退"", ""value"": ""60秒""}",playback_control,"{""device"": """", ""location"": """", ""object"": """", ""operation"": ""快退"", ""value"": ""60秒""}",Y,Y,Y,
设备,284,快进到01:30位置,,,playback_control,"{""device"": """", ""location"": """", ""object"": """", ""operation"": ""快进到"", ""value"": ""1:30""}",playback_control,"{""device"": """", ""location"": """", ""object"": """", ""operation"": ""快进到"", ""value"": ""1:30""}",Y,Y,Y,
设备,285,快进到05:00位置,,,playback_control,"{""device"": """", ""location"": """", ""object"": """", ""operation"": ""快进到"", ""value"": ""5:00""}",playback_control,"{""device"": """", ""location"": """", ""object"": """", ""operation"": ""快进到"", ""value"": ""5:00""}",Y,Y,Y,
设备,286,快进到10:00位置,,,playback_control,"{""device"": """", ""location"": """", ""object"": """", ""operation"": ""快进到"", ""value"": ""10:00""}",playback_control,"{""device"": """", ""location"": """", ""object"": """", ""operation"": ""快进到"", ""value"": ""10:00""}",Y,Y,Y,
设备,287,快退到01:30位置,,,playback_control,"{""device"": """", ""location"": """", ""object"": """", ""operation"": ""快退到"", ""value"": ""1:30""}",playback_control,"{""device"": """", ""location"": """", ""object"": """", ""operation"": ""快退到"", ""value"": ""1:30""}",Y,Y,Y,
设备,288,快退到05:00位置,,,playback_control,"{""device"": """", ""location"": """", ""object"": """", ""operation"": ""快退到"", ""value"": ""5:00""}",playback_control,"{""device"": """", ""location"": """", ""object"": """", ""operation"": ""快退到"", ""value"": ""5:00""}",Y,Y,Y,
设备,290,跳到01:30,,,playback_control,"{""device"": """", ""location"": """", ""object"": """", ""operation"": ""跳转"", ""value"": ""1:30""}",playback_control,"{""device"": """", ""location"": """", ""object"": """", ""operation"": ""跳转"", ""value"": ""1:30""}",Y,Y,Y,
设备,289,快退到10:00位置,,,playback_control,"{""device"": """", ""location"": """", ""object"": """", ""operation"": ""快退到"", ""value"": ""10:00""}",playback_control,"{""device"": """", ""location"": """", ""object"": """", ""operation"": ""快退到"", ""value"": ""10:00""}",Y,Y,Y,
设备,291,跳到05:00,,,playback_control,"{""device"": """", ""location"": """", ""object"": """", ""operation"": ""跳转"", ""value"": ""5:00""}",playback_control,"{""device"": """", ""location"": """", ""object"": """", ""operation"": ""跳转"", ""value"": ""5:00""}",Y,Y,Y,
设备,292,跳到10:00,,,playback_control,"{""device"": """", ""location"": """", ""object"": """", ""operation"": ""跳转"", ""value"": ""10:00""}",vod_fuzzy_search,"{""retext"": ""跳到10:00""}",N,N,N,"operation: gold=""跳转"" pred=; retext: gold= pred=""跳到10:00""; value: gold=""10:00"" pred="
设备,296,暂停播放,,,playback_control,"{""device"": """", ""location"": """", ""object"": ""播放控制"", ""operation"": ""停止"", ""value"": """"}",playback_control,"{""device"": """", ""location"": """", ""object"": ""播放控制"", ""operation"": ""停止"", ""value"": """"}",Y,Y,Y,
设备,293,跳转到01:30,,,playback_control,"{""device"": """", ""location"": """", ""object"": """", ""operation"": ""跳转"", ""value"": ""1:30""}",playback_control,"{""device"": """", ""location"": """", ""object"": """", ""operation"": ""跳转"", ""value"": ""1:30""}",Y,Y,Y,
设备,299,开始播放,,,playback_control,"{""device"": """", ""location"": """", ""object"": ""播放控制"", ""operation"": ""播放"", ""value"": """"}",execute,,N,N,N,"object: gold=""播放控制"" pred=; operation: gold=""播放"" pred="
设备,294,跳转到05:00,,,playback_control,"{""device"": """", ""location"": """", ""object"": """", ""operation"": ""跳转"", ""value"": ""5:00""}",playback_control,"{""device"": """", ""location"": """", ""object"": """", ""operation"": ""跳转"", ""value"": ""5:00""}",Y,Y,Y,
设备,297,停止播放,,,playback_control,"{""device"": """", ""location"": """", ""object"": ""播放控制"", ""operation"": ""停止"", ""value"": """"}",playback_control,"{""device"": """", ""location"": """", ""object"": ""播放控制"", ""operation"": ""停止"", ""value"": """"}",Y,Y,Y,
设备,295,跳转到10:00,,,playback_control,"{""device"": """", ""location"": """", ""object"": """", ""operation"": ""跳转"", ""value"": ""10:00""}",vod_fuzzy_search,"{""retext"": ""跳转到10:00""}",N,N,N,"operation: gold=""跳转"" pred=; retext: gold= pred=""跳转到10:00""; value: gold=""10:00"" pred="
设备,298,继续播放,,,playback_control,"{""device"": """", ""location"": """", ""object"": ""播放控制"", ""operation"": ""播放"", ""value"": """"}",playback_control,"{""device"": """", ""location"": """", ""object"": ""播放控制"", ""operation"": ""播放"", ""value"": """"}",Y,Y,Y,
设备,301,播放下一集,,,playback_control,"{""device"": """", ""location"": """", ""object"": ""播放控制"", ""operation"": ""下"", ""value"": ""集""}",playback_control,"{""device"": """", ""location"": """", ""object"": ""播放控制"", ""operation"": ""下"", ""value"": ""集""}",Y,Y,Y,
设备,300,退出播放,,,playback_control,"{""device"": """", ""location"": """", ""object"": ""播放控制"", ""operation"": ""退出"", ""value"": """"}",playback_control,"{""device"": """", ""location"": """", ""object"": ""播放控制"", ""operation"": ""退出"", ""value"": """"}",Y,Y,Y,
设备,302,播放上一集,,,playback_control,"{""device"": """", ""location"": """", ""object"": ""播放控制"", ""operation"": ""上"", ""value"": ""集""}",playback_control,"{""device"": """", ""location"": """", ""object"": ""播放控制"", ""operation"": ""上"", ""value"": ""集""}",Y,Y,Y,
设备,303,下一集,,,playback_control,"{""device"": """", ""location"": """", ""object"": ""播放控制"", ""operation"": ""下"", ""value"": ""集""}",playback_control,"{""device"": """", ""location"": """", ""object"": ""播放控制"", ""operation"": ""下"", ""value"": ""集""}",Y,Y,Y,
设备,304,上一集,,,playback_control,"{""device"": """", ""location"": """", ""object"": ""播放控制"", ""operation"": ""上"", ""value"": ""集""}",playback_control,"{""device"": """", ""location"": """", ""object"": ""播放控制"", ""operation"": ""上"", ""value"": ""集""}",Y,Y,Y,
设备,305,快进1分钟,,,playback_control,"{""device"": """", ""location"": """", ""object"": """", ""operation"": ""快进"", ""value"": ""1分钟""}",playback_control,"{""device"": """", ""location"": """", ""object"": """", ""operation"": ""快进"", ""value"": ""1分钟""}",Y,Y,Y,
设备,306,快进2分钟,,,playback_control,"{""device"": """", ""location"": """", ""object"": """", ""operation"": ""快进"", ""value"": ""2分""}",playback_control,"{""device"": """", ""location"": """", ""object"": """", ""operation"": ""快进"", ""value"": ""2分""}",Y,Y,Y,
设备,307,快进5分钟,,,playback_control,"{""device"": """", ""location"": """", ""object"": """", ""operation"": ""快进"", ""value"": ""5分钟""}",playback_control,"{""device"": """", ""location"": """", ""object"": """", ""operation"": ""快进"", ""value"": ""5分钟""}",Y,Y,Y,
设备,308,倒退10秒,,,playback_control,"{""device"": """", ""location"": """", ""object"": """", ""operation"": ""快退"", ""value"": ""10秒""}",playback_control,"{""device"": """", ""location"": """", ""object"": """", ""operation"": ""快退"", ""value"": ""10秒""}",Y,Y,Y,
设备,310,倒退60秒,,,playback_control,"{""device"": """", ""location"": """", ""object"": """", ""operation"": ""快退"", ""value"": ""60秒""}",playback_control,"{""device"": """", ""location"": """", ""object"": """", ""operation"": ""快退"", ""value"": ""60秒""}",Y,Y,Y,
设备,309,倒退30秒,,,playback_control,"{""device"": """", ""location"": """", ""object"": """", ""operation"": ""快退"", ""value"": ""30秒""}",playback_control,"{""device"": """", ""location"": """", ""object"": """", ""operation"": ""快退"", ""value"": ""30秒""}",Y,Y,Y,
设备,311,直接跳到01:30,,,playback_control,"{""device"": """", ""location"": """", ""object"": """", ""operation"": ""跳转"", ""value"": ""01:30""}",playback_control,"{""device"": """", ""location"": """", ""object"": """", ""operation"": ""跳转"", ""value"": ""01:30""}",Y,Y,Y,
设备,312,直接跳到05:00,,,playback_control,"{""device"": """", ""location"": """", ""object"": """", ""operation"": ""跳转"", ""value"": ""5:00""}",playback_control,"{""device"": """", ""location"": """", ""object"": """", ""operation"": ""跳转"", ""value"": ""5:00""}",Y,Y,Y,
设备,313,直接跳到10:00,,,playback_control,"{""device"": """", ""location"": """", ""object"": """", ""operation"": ""跳转"", ""value"": ""10:00""}",vod_fuzzy_search,"{""retext"": ""直接跳到10:00""}",N,N,N,"operation: gold=""跳转"" pred=; retext: gold= pred=""直接跳到10:00""; value: gold=""10:00"" pred="
设备,317,快退2分钟,,,playback_control,"{""device"": """", ""location"": """", ""object"": """", ""operation"": ""快退"", ""value"": ""2分""}",playback_control,"{""device"": """", ""location"": """", ""object"": """", ""operation"": ""快退"", ""value"": ""2分""}",Y,Y,Y,
设备,315,从10:00开始播放,,,playback_control,"{""device"": """", ""location"": """", ""object"": """", ""operation"": ""跳转"", ""value"": ""10:00""}",playback_control,"{""device"": """", ""location"": """", ""object"": """", ""operation"": ""跳转"", ""value"": ""10:00""}",Y,Y,Y,
设备,318,前进10秒,,,playback_control,"{""device"": """", ""location"": """", ""object"": """", ""operation"": ""快进"", ""value"": ""10秒""}",playback_control,"{""device"": """", ""location"": """", ""object"": """", ""operation"": ""快进"", ""value"": ""10秒""}",Y,Y,Y,
设备,319,前进30秒,,,playback_control,"{""device"": """", ""location"": """", ""object"": """", ""operation"": ""快进"", ""value"": ""30秒""}",playback_control,"{""device"": """", ""location"": """", ""object"": """", ""operation"": ""快进"", ""value"": ""30秒""}",Y,Y,Y,
设备,321,快退1分钟,,,playback_control,"{""device"": """", ""location"": """", ""object"": """", ""operation"": ""快退"", ""value"": ""1分钟""}",playback_control,"{""device"": """", ""location"": """", ""object"": """", ""operation"": ""快退"", ""value"": ""1分钟""}",Y,Y,Y,
设备,314,从01:30开始播放,,,playback_control,"{""device"": """", ""location"": """", ""object"": """", ""operation"": ""跳转"", ""value"": ""01:30""}",vod_search,"{""action"": ""play"", ""query"": {""field"": ""voice_start_pos"", ""value"": ""90""}, ""retext"": ""从01:30开始播放""}",N,N,N,"action: gold= pred=""play""; operation: gold=""跳转"" pred=; query: gold= pred={""field"": ""voice_start_pos"", ""value"": ""90""}; retext: gold= pred=""从01:30开始播放""; value: gold=""01:30"" pred="
设备,323,前进60秒,,,playback_control,"{""device"": """", ""location"": """", ""object"": """", ""operation"": ""快进"", ""value"": ""60秒""}",playback_control,"{""device"": """", ""location"": """", ""object"": """", ""operation"": ""快进"", ""value"": ""60秒""}",Y,Y,Y,
设备,316,重播,,,playback_control,"{""device"": """", ""location"": """", ""object"": """", ""operation"": ""重播"", ""value"": """"}",vod_history,"{""category"": [""电影"", ""电视剧"", ""纪录片"", ""综艺"", ""戏曲"", ""新闻"", ""资讯"", ""片花"", ""短视频"", ""广告"", ""正片"", ""动漫""]}",N,N,N,"category: gold= pred=[""动漫"", ""广告"", ""戏曲"", ""新闻"", ""正片"", ""片花"", ""电影"", ""电视剧"", ""短视频"", ""纪录片"", ""综艺"", ""资讯""]; operation: gold=""重播"" pred="
设备,322,快退5分钟,,,playback_control,"{""device"": """", ""location"": """", ""object"": """", ""operation"": ""快退"", ""value"": ""5分钟""}",playback_control,"{""device"": """", ""location"": """", ""object"": """", ""operation"": ""快退"", ""value"": ""5分钟""}",Y,Y,Y,
设备,324,后退10秒,,,playback_control,"{""device"": """", ""location"": """", ""object"": """", ""operation"": ""快退"", ""value"": ""10秒""}",playback_control,"{""device"": """", ""location"": """", ""object"": """", ""operation"": ""快退"", ""value"": ""10秒""}",Y,Y,Y,
设备,325,后退30秒,,,playback_control,"{""device"": """", ""location"": """", ""object"": """", ""operation"": ""快退"", ""value"": ""30秒""}",playback_control,"{""device"": """", ""location"": """", ""object"": """", ""operation"": ""快退"", ""value"": ""30秒""}",Y,Y,Y,
设备,326,后退60秒,,,playback_control,"{""device"": """", ""location"": """", ""object"": """", ""operation"": ""快退"", ""value"": ""60秒""}",playback_control,"{""device"": """", ""location"": """", ""object"": """", ""operation"": ""快退"", ""value"": ""60秒""}",Y,Y,Y,
设备,330,停止,,,playback_control,"{""device"": """", ""location"": """", ""object"": ""播放控制"", ""operation"": ""停止"", ""value"": """"}",execute,,N,N,N,"object: gold=""播放控制"" pred=; operation: gold=""停止"" pred="
设备,331,播放,,,playback_control,"{""device"": """", ""location"": """", ""object"": ""播放控制"", ""operation"": ""播放"", ""value"": """"}",execute,,N,N,N,"object: gold=""播放控制"" pred=; operation: gold=""播放"" pred="
设备,329,暂停,,,playback_control,"{""device"": """", ""location"": """", ""object"": ""播放控制"", ""operation"": ""暂停"", ""value"": """"}",playback_control,"{""device"": """", ""location"": """", ""object"": ""播放控制"", ""operation"": ""暂停"", ""value"": """"}",Y,Y,Y,
设备,320,从05:00开始播放,,,playback_control,"{""device"": """", ""location"": """", ""object"": """", ""operation"": ""跳转"", ""value"": ""5:00""}",vod_search,"{""action"": ""play"", ""query"": {""field"": ""voice_start_pos"", ""value"": ""300""}, ""retext"": ""从05:00开始播放""}",N,N,N,"action: gold= pred=""play""; operation: gold=""跳转"" pred=; query: gold= pred={""field"": ""voice_start_pos"", ""value"": ""300""}; retext: gold= pred=""从05:00开始播放""; value: gold=""5:00"" pred="
设备,332,下一个,,,playback_control,"{""device"": """", ""location"": """", ""object"": ""播放控制"", ""operation"": ""下"", ""value"": ""个""}",execute,,N,N,N,"object: gold=""播放控制"" pred=; operation: gold=""下"" pred=; value: gold=""个"" pred="
设备,333,上一个,,,playback_control,"{""device"": """", ""location"": """", ""object"": ""播放控制"", ""operation"": ""上"", ""value"": ""个""}",execute,,N,N,N,"object: gold=""播放控制"" pred=; operation: gold=""上"" pred=; value: gold=""个"" pred="
设备,328,跳到结尾,,,playback_control,"{""device"": """", ""location"": """", ""object"": """", ""operation"": ""跳转"", ""value"": """"}",vod_fuzzy_search,"{""retext"": ""跳到结尾""}",N,N,N,"operation: gold=""跳转"" pred=; retext: gold= pred=""跳到结尾"""
设备,335,快退功能,,,playback_control,"{""device"": """", ""location"": """", ""object"": """", ""operation"": ""快退"", ""value"": """"}",playback_control,"{""device"": """", ""location"": """", ""object"": """", ""operation"": ""快退"", ""value"": """"}",Y,Y,Y,
设备,334,快进功能,,,playback_control,"{""device"": """", ""location"": """", ""object"": """", ""operation"": ""快进"", ""value"": """"}",playback_control,"{""device"": """", ""location"": """", ""object"": """", ""operation"": ""快进"", ""value"": """"}",Y,Y,Y,
设备,336,视频快进,,,playback_control,"{""device"": """", ""location"": """", ""object"": """", ""operation"": ""快进"", ""value"": """"}",playback_control,"{""device"": """", ""location"": """", ""object"": """", ""operation"": ""快进"", ""value"": """"}",Y,Y,Y,
设备,337,视频快退,,,playback_control,"{""device"": """", ""location"": """", ""object"": """", ""operation"": ""快退"", ""value"": """"}",playback_control,"{""device"": """", ""location"": """", ""object"": """", ""operation"": ""快退"", ""value"": """"}",Y,Y,Y,
设备,327,跳到开始,,,playback_control,"{""device"": """", ""location"": """", ""object"": """", ""operation"": ""跳转"", ""value"": """"}",vod_search_all,"{""action"": ""play"", ""query"": {""field"": ""voice_start_pos"", ""value"": ""0""}, ""retext"": ""跳到开始""}",N,N,N,"action: gold= pred=""play""; operation: gold=""跳转"" pred=; query: gold= pred={""field"": ""voice_start_pos"", ""value"": ""0""}; retext: gold= pred=""跳到开始"""
设备,338,切换到HDMI1,,,source_switch,"{""device"": """", ""location"": """", ""object"": ""信号源"", ""operation"": ""设置"", ""value"": ""hdmi1""}",source_switch,"{""device"": """", ""location"": """", ""object"": ""信号源"", ""operation"": ""设置"", ""value"": ""hdmi1""}",Y,Y,Y,
设备,339,切换到HDMI2,,,source_switch,"{""device"": """", ""location"": """", ""object"": ""信号源"", ""operation"": ""设置"", ""value"": ""hdmi2""}",source_switch,"{""device"": """", ""location"": """", ""object"": ""信号源"", ""operation"": ""设置"", ""value"": ""hdmi2""}",Y,Y,Y,
设备,340,切换到HDMI3,,,source_switch,"{""device"": """", ""location"": """", ""object"": ""信号源"", ""operation"": ""设置"", ""value"": ""hdmi3""}",source_switch,"{""device"": """", ""location"": """", ""object"": ""信号源"", ""operation"": ""设置"", ""value"": ""hdmi3""}",Y,Y,Y,
设备,341,切换到HDMI4,,,source_switch,"{""device"": """", ""location"": """", ""object"": ""信号源"", ""operation"": ""设置"", ""value"": ""hdmi4""}",source_switch,"{""device"": """", ""location"": """", ""object"": ""信号源"", ""operation"": ""设置"", ""value"": ""hdmi4""}",Y,Y,Y,
设备,342,打开前置HDMI,,,source_switch,"{""device"": """", ""location"": """", ""object"": ""信号源"", ""operation"": ""设置"", ""value"": ""前置hdmi""}",source_switch,"{""device"": """", ""location"": """", ""object"": ""信号源"", ""operation"": ""设置"", ""value"": ""前置hdmi""}",Y,Y,Y,
设备,343,切换到侧置HDMI,,,source_switch,"{""device"": """", ""location"": """", ""object"": ""信号源"", ""operation"": ""设置"", ""value"": ""侧置hdmi""}",source_switch,"{""device"": """", ""location"": """", ""object"": ""信号源"", ""operation"": ""设置"", ""value"": ""侧置hdmi""}",Y,Y,Y,
设备,344,信号源切换到HDMI1,,,source_switch,"{""device"": """", ""location"": """", ""object"": ""信号源"", ""operation"": ""设置"", ""value"": ""hdmi1""}",source_switch,"{""device"": """", ""location"": """", ""object"": ""信号源"", ""operation"": ""设置"", ""value"": ""hdmi1""}",Y,Y,Y,
设备,345,信号源切换到HDMI2,,,source_switch,"{""device"": """", ""location"": """", ""object"": ""信号源"", ""operation"": ""设置"", ""value"": ""hdmi2""}",source_switch,"{""device"": """", ""location"": """", ""object"": ""信号源"", ""operation"": ""设置"", ""value"": ""hdmi2""}",Y,Y,Y,
设备,346,信号源切换到HDMI3,,,source_switch,"{""device"": """", ""location"": """", ""object"": ""信号源"", ""operation"": ""设置"", ""value"": ""hdmi3""}",source_switch,"{""device"": """", ""location"": """", ""object"": ""信号源"", ""operation"": ""设置"", ""value"": ""hdmi3""}",Y,Y,Y,
设备,347,信号源切换到VGA,,,source_switch,"{""device"": """", ""location"": """", ""object"": ""信号源"", ""operation"": ""设置"", ""value"": ""vga""}",source_switch,"{""device"": """", ""location"": """", ""object"": ""信号源"", ""operation"": ""设置"", ""value"": ""vga""}",Y,Y,Y,
设备,348,信号源切换到USB,,,source_switch,"{""device"": """", ""location"": """", ""object"": ""信号源"", ""operation"": ""设置"", ""value"": ""usb""}",source_switch,"{""device"": """", ""location"": """", ""object"": ""信号源"", ""operation"": ""设置"", ""value"": ""usb""}",Y,Y,Y,
设备,349,打开信号源,,,source_switch,"{""device"": """", ""location"": """", ""object"": ""信号源"", ""operation"": ""打开"", ""value"": """"}",source_switch,"{""device"": """", ""location"": """", ""object"": ""信号源"", ""operation"": ""打开"", ""value"": """"}",Y,Y,Y,
设备,350,选择HDMI1信号源,,,source_switch,"{""device"": """", ""location"": """", ""object"": ""信号源"", ""operation"": ""设置"", ""value"": ""HDMI1""}",source_switch,"{""device"": """", ""location"": """", ""object"": ""信号源"", ""operation"": ""设置"", ""value"": ""HDMI1""}",Y,Y,Y,
设备,351,选择HDMI2信号源,,,source_switch,"{""device"": """", ""location"": """", ""object"": ""信号源"", ""operation"": ""设置"", ""value"": ""HDMI2""}",source_switch,"{""device"": """", ""location"": """", ""object"": ""信号源"", ""operation"": ""设置"", ""value"": ""HDMI2""}",Y,Y,Y,
设备,352,选择HDMI3信号源,,,source_switch,"{""device"": """", ""location"": """", ""object"": ""信号源"", ""operation"": ""设置"", ""value"": ""HDMI3""}",source_switch,"{""device"": """", ""location"": """", ""object"": ""信号源"", ""operation"": ""设置"", ""value"": ""HDMI3""}",Y,Y,Y,
设备,354,选择USB信号源,,,source_switch,"{""device"": """", ""location"": """", ""object"": ""信号源"", ""operation"": ""设置"", ""value"": ""USB""}",source_switch,"{""device"": """", ""location"": """", ""object"": ""信号源"", ""operation"": ""设置"", ""value"": ""USB""}",Y,Y,Y,
设备,353,选择VGA信号源,,,source_switch,"{""device"": """", ""location"": """", ""object"": ""信号源"", ""operation"": ""设置"", ""value"": ""VGA""}",source_switch,"{""device"": """", ""location"": """", ""object"": ""信号源"", ""operation"": ""设置"", ""value"": ""VGA""}",Y,Y,Y,
设备,356,切换到USB模式,,,source_switch,"{""device"": """", ""location"": """", ""object"": ""信号源"", ""operation"": ""设置"", ""value"": ""USB模式""}",source_switch,"{""device"": """", ""location"": """", ""object"": ""信号源"", ""operation"": ""设置"", ""value"": ""USB模式""}",Y,Y,Y,
设备,355,切换到VGA模式,,,source_switch,"{""device"": """", ""location"": """", ""object"": ""信号源"", ""operation"": ""设置"", ""value"": ""VGA模式""}",source_switch,"{""device"": """", ""location"": """", ""object"": ""信号源"", ""operation"": ""设置"", ""value"": ""VGA模式""}",Y,Y,Y,
设备,357,切换到typec,,,source_switch,"{""device"": """", ""location"": """", ""object"": ""信号源"", ""operation"": ""设置"", ""value"": ""typec""}",source_switch,"{""device"": """", ""location"": """", ""object"": ""信号源"", ""operation"": ""设置"", ""value"": ""typec""}",Y,Y,Y,
设备,358,切换到switch,,,source_switch,"{""device"": """", ""location"": """", ""object"": ""信号源"", ""operation"": ""设置"", ""value"": ""switch""}",source_switch,"{""device"": """", ""location"": """", ""object"": ""信号源"", ""operation"": ""设置"", ""value"": ""switch""}",Y,Y,Y,
设备,359,打开xbox,,,source_switch,"{""device"": """", ""location"": """", ""object"": ""信号源"", ""operation"": ""设置"", ""value"": ""xbox""}",source_switch,"{""device"": """", ""location"": """", ""object"": ""信号源"", ""operation"": ""设置"", ""value"": ""xbox""}",Y,Y,Y,
设备,360,切换到ps4,,,source_switch,"{""device"": """", ""location"": """", ""object"": ""信号源"", ""operation"": ""设置"", ""value"": ""ps4""}",source_switch,"{""device"": """", ""location"": """", ""object"": ""信号源"", ""operation"": ""设置"", ""value"": ""ps4""}",Y,Y,Y,
设备,361,切换到ps5,,,source_switch,"{""device"": """", ""location"": """", ""object"": ""信号源"", ""operation"": ""设置"", ""value"": ""ps5""}",source_switch,"{""device"": """", ""location"": """", ""object"": ""信号源"", ""operation"": ""设置"", ""value"": ""ps5""}",Y,Y,Y,
设备,362,切换到视频1,,,source_switch,"{""device"": """", ""location"": """", ""object"": ""信号源"", ""operation"": ""设置"", ""value"": ""视频1""}",source_switch,"{""device"": """", ""location"": """", ""object"": ""信号源"", ""operation"": ""设置"", ""value"": ""视频1""}",Y,Y,Y,
设备,363,切换到视频2,,,source_switch,"{""device"": """", ""location"": """", ""object"": ""信号源"", ""operation"": ""设置"", ""value"": ""视频2""}",source_switch,"{""device"": """", ""location"": """", ""object"": ""信号源"", ""operation"": ""设置"", ""value"": ""视频2""}",Y,Y,Y,
设备,364,切换到分量输入,,,source_switch,"{""device"": """", ""location"": """", ""object"": ""信号源"", ""operation"": ""设置"", ""value"": ""分量输入""}",source_switch,"{""device"": """", ""location"": """", ""object"": ""信号源"", ""operation"": ""设置"", ""value"": ""分量输入""}",Y,Y,Y,
设备,365,信号源选择,,,source_switch,"{""device"": """", ""location"": """", ""object"": ""信号源"", ""operation"": ""设置"", ""value"": """"}",source_switch,"{""device"": """", ""location"": """", ""object"": ""信号源"", ""operation"": ""设置"", ""value"": """"}",Y,Y,Y,
设备,366,切换到HDMI1,,,source_switch,"{""device"": """", ""location"": """", ""object"": ""信号源"", ""operation"": ""设置"", ""value"": ""hdmi1""}",source_switch,"{""device"": """", ""location"": """", ""object"": ""信号源"", ""operation"": ""设置"", ""value"": ""hdmi1""}",Y,Y,Y,
设备,367,切换到HDMI2,,,source_switch,"{""device"": """", ""location"": """", ""object"": ""信号源"", ""operation"": ""设置"", ""value"": ""hdmi2""}",source_switch,"{""device"": """", ""location"": """", ""object"": ""信号源"", ""operation"": ""设置"", ""value"": ""hdmi2""}",Y,Y,Y,
设备,370,切换到USB,,,source_switch,"{""device"": """", ""location"": """", ""object"": ""信号源"", ""operation"": ""设置"", ""value"": ""usb""}",source_switch,"{""device"": """", ""location"": """", ""object"": ""信号源"", ""operation"": ""设置"", ""value"": ""usb""}",Y,Y,Y,
设备,368,切换到HDMI3,,,source_switch,"{""device"": """", ""location"": """", ""object"": ""信号源"", ""operation"": ""设置"", ""value"": ""hdmi3""}",source_switch,"{""device"": """", ""location"": """", ""object"": ""信号源"", ""operation"": ""设置"", ""value"": ""hdmi3""}",Y,Y,Y,
设备,369,切换到VGA,,,source_switch,"{""device"": """", ""location"": """", ""object"": ""信号源"", ""operation"": ""设置"", ""value"": ""vga""}",source_switch,"{""device"": """", ""location"": """", ""object"": ""信号源"", ""operation"": ""设置"", ""value"": ""vga""}",Y,Y,Y,
设备,371,打开HDMI1输入,,,source_switch,"{""device"": """", ""location"": """", ""object"": ""信号源"", ""operation"": ""设置"", ""value"": ""HDMI1""}",source_switch,"{""device"": """", ""location"": """", ""object"": ""信号源"", ""operation"": ""设置"", ""value"": ""HDMI1""}",Y,Y,Y,
设备,372,打开HDMI2输入,,,source_switch,"{""device"": """", ""location"": """", ""object"": ""信号源"", ""operation"": ""设置"", ""value"": ""HDMI2""}",source_switch,"{""device"": """", ""location"": """", ""object"": ""信号源"", ""operation"": ""设置"", ""value"": ""HDMI2""}",Y,Y,Y,
设备,374,打开VGA输入,,,source_switch,"{""device"": """", ""location"": """", ""object"": ""信号源"", ""operation"": ""设置"", ""value"": ""VGA""}",source_switch,"{""device"": """", ""location"": """", ""object"": ""信号源"", ""operation"": ""设置"", ""value"": ""VGA""}",Y,Y,Y,
设备,373,打开HDMI3输入,,,source_switch,"{""device"": """", ""location"": """", ""object"": ""信号源"", ""operation"": ""设置"", ""value"": ""HDMI3""}",source_switch,"{""device"": """", ""location"": """", ""object"": ""信号源"", ""operation"": ""设置"", ""value"": ""HDMI3""}",Y,Y,Y,
设备,375,打开USB输入,,,source_switch,"{""device"": """", ""location"": """", ""object"": ""信号源"", ""operation"": ""设置"", ""value"": ""USB""}",source_switch,"{""device"": """", ""location"": """", ""object"": ""信号源"", ""operation"": ""设置"", ""value"": ""USB""}",Y,Y,Y,
设备,376,切换到AV输入,,,source_switch,"{""device"": """", ""location"": """", ""object"": ""信号源"", ""operation"": ""设置"", ""value"": ""AV输入""}",source_switch,"{""device"": """", ""location"": """", ""object"": ""信号源"", ""operation"": ""设置"", ""value"": ""AV输入""}",Y,Y,Y,
设备,377,打开HDMI输入,,,source_switch,"{""device"": """", ""location"": """", ""object"": ""信号源"", ""operation"": ""设置"", ""value"": """"}",source_switch,"{""device"": """", ""location"": """", ""object"": ""信号源"", ""operation"": ""设置"", ""value"": """"}",Y,Y,Y,
设备,378,信号源设置,,,source_switch,"{""device"": """", ""location"": """", ""object"": ""信号源"", ""operation"": ""设置"", ""value"": """"}",source_switch,"{""device"": """", ""location"": """", ""object"": ""信号源"", ""operation"": ""设置"", ""value"": """"}",Y,Y,Y,
设备,379,信号源切换,,,source_switch,"{""device"": """", ""location"": """", ""object"": ""信号源"", ""operation"": ""设置"", ""value"": """"}",source_switch,"{""device"": """", ""location"": """", ""object"": ""信号源"", ""operation"": ""设置"", ""value"": """"}",Y,Y,Y,
设备,380,输入源选择,,,source_switch,"{""device"": """", ""location"": """", ""object"": ""信号源"", ""operation"": ""设置"", ""value"": """"}",source_switch,"{""device"": """", ""location"": """", ""object"": ""信号源"", ""operation"": ""设置"", ""value"": """"}",Y,Y,Y,
设备,381,输入源切换,,,source_switch,"{""device"": """", ""location"": """", ""object"": ""信号源"", ""operation"": ""设置"", ""value"": """"}",source_switch,"{""device"": """", ""location"": """", ""object"": ""信号源"", ""operation"": ""设置"", ""value"": """"}",Y,Y,Y,
设备,382,清晰度调到30,,,numeric_adjust,"{""device"": """", ""location"": """", ""object"": ""清晰度"", ""operation"": ""设置"", ""value"": ""30""}",numeric_adjust,"{""device"": """", ""location"": """", ""object"": ""清晰度"", ""operation"": ""设置"", ""value"": ""30""}",Y,Y,Y,
设备,383,清晰度调到50,,,numeric_adjust,"{""device"": """", ""location"": """", ""object"": ""清晰度"", ""operation"": ""设置"", ""value"": ""50""}",numeric_adjust,"{""device"": """", ""location"": """", ""object"": ""清晰度"", ""operation"": ""设置"", ""value"": ""50""}",Y,Y,Y,
设备,384,清晰度调到70,,,numeric_adjust,"{""device"": """", ""location"": """", ""object"": ""清晰度"", ""operation"": ""设置"", ""value"": ""70""}",numeric_adjust,"{""device"": """", ""location"": """", ""object"": ""清晰度"", ""operation"": ""设置"", ""value"": ""70""}",Y,Y,Y,
设备,385,清晰度设置为30%,,,numeric_adjust,"{""device"": """", ""location"": """", ""object"": ""清晰度"", ""operation"": ""设置"", ""value"": ""30%""}",numeric_adjust,"{""device"": """", ""location"": """", ""object"": ""清晰度"", ""operation"": ""设置"", ""value"": ""30%""}",Y,Y,Y,
设备,386,清晰度设置为50%,,,numeric_adjust,"{""device"": """", ""location"": """", ""object"": ""清晰度"", ""operation"": ""设置"", ""value"": ""50%""}",numeric_adjust,"{""device"": """", ""location"": """", ""object"": ""清晰度"", ""operation"": ""设置"", ""value"": ""50%""}",Y,Y,Y,
设备,387,清晰度设置为70%,,,numeric_adjust,"{""device"": """", ""location"": """", ""object"": ""清晰度"", ""operation"": ""设置"", ""value"": ""70%""}",numeric_adjust,"{""device"": """", ""location"": """", ""object"": ""清晰度"", ""operation"": ""设置"", ""value"": ""70%""}",Y,Y,Y,
设备,388,提高清晰度,,,numeric_adjust,"{""device"": """", ""location"": """", ""object"": ""清晰度"", ""operation"": ""提高"", ""value"": """"}",numeric_adjust,"{""device"": """", ""location"": """", ""object"": ""清晰度"", ""operation"": ""提高"", ""value"": """"}",Y,Y,Y,
设备,389,降低清晰度,,,numeric_adjust,"{""device"": """", ""location"": """", ""object"": ""清晰度"", ""operation"": ""降低"", ""value"": ""默认""}",numeric_adjust,"{""device"": """", ""location"": """", ""object"": ""清晰度"", ""operation"": ""降低"", ""value"": ""默认""}",Y,Y,Y,
设备,390,画面清晰一点,,,numeric_adjust,"{""device"": """", ""location"": """", ""object"": ""清晰度"", ""operation"": ""提高"", ""value"": ""默认""}",numeric_adjust,"{""device"": """", ""location"": """", ""object"": ""清晰度"", ""operation"": ""提高"", ""value"": ""默认""}",Y,Y,Y,
设备,392,现在清晰度多少,,,numeric_adjust,"{""device"": """", ""location"": """", ""object"": ""清晰度"", ""operation"": ""查询"", ""value"": ""默认""}",numeric_adjust,"{""device"": """", ""location"": """", ""object"": ""清晰度"", ""operation"": ""查询"", ""value"": ""默认""}",Y,Y,Y,
设备,391,画面模糊了,,,numeric_adjust,"{""device"": """", ""location"": """", ""object"": ""清晰度"", ""operation"": ""提高"", ""value"": """"}",numeric_adjust,"{""device"": """", ""location"": """", ""object"": ""清晰度"", ""operation"": ""提高"", ""value"": """"}",Y,Y,Y,
设备,393,清晰度加30,,,numeric_adjust,"{""device"": """", ""location"": """", ""object"": ""清晰度"", ""operation"": ""提高"", ""value"": ""30""}",numeric_adjust,"{""device"": """", ""location"": """", ""object"": ""清晰度"", ""operation"": ""提高"", ""value"": ""30""}",Y,Y,Y,
设备,395,清晰度加70,,,numeric_adjust,"{""device"": """", ""location"": """", ""object"": ""清晰度"", ""operation"": ""提高"", ""value"": ""70""}",numeric_adjust,"{""device"": """", ""location"": """", ""object"": ""清晰度"", ""operation"": ""提高"", ""value"": ""70""}",Y,Y,Y,
设备,394,清晰度加50,,,numeric_adjust,"{""device"": """", ""location"": """", ""object"": ""清晰度"", ""operation"": ""提高"", ""value"": ""50""}",numeric_adjust,"{""device"": """", ""location"": """", ""object"": ""清晰度"", ""operation"": ""提高"", ""value"": ""50""}",Y,Y,Y,
设备,396,清晰度减30,,,numeric_adjust,"{""device"": """", ""location"": """", ""object"": ""清晰度"", ""operation"": ""降低"", ""value"": ""30""}",numeric_adjust,"{""device"": """", ""location"": """", ""object"": ""清晰度"", ""operation"": ""降低"", ""value"": ""30""}",Y,Y,Y,
设备,397,清晰度减50,,,numeric_adjust,"{""device"": """", ""location"": """", ""object"": ""清晰度"", ""operation"": ""降低"", ""value"": ""50""}",numeric_adjust,"{""device"": """", ""location"": """", ""object"": ""清晰度"", ""operation"": ""降低"", ""value"": ""50""}",Y,Y,Y,
设备,398,清晰度减70,,,numeric_adjust,"{""device"": """", ""location"": """", ""object"": ""清晰度"", ""operation"": ""降低"", ""value"": ""70""}",numeric_adjust,"{""device"": """", ""location"": """", ""object"": ""清晰度"", ""operation"": ""降低"", ""value"": ""70""}",Y,Y,Y,
设备,399,清晰度调到最高,,,numeric_adjust,"{""device"": """", ""location"": """", ""object"": ""清晰度"", ""operation"": ""设置"", ""value"": ""100%""}",numeric_adjust,"{""device"": """", ""location"": """", ""object"": ""清晰度"", ""operation"": ""设置"", ""value"": ""100%""}",Y,Y,Y,
设备,400,清晰度调到最低,,,numeric_adjust,"{""device"": """", ""location"": """", ""object"": ""清晰度"", ""operation"": ""设置"", ""value"": ""0%""}",numeric_adjust,"{""device"": """", ""location"": """", ""object"": ""清晰度"", ""operation"": ""设置"", ""value"": ""0%""}",Y,Y,Y,
设备,401,分辨率调到最高,,,numeric_adjust,"{""device"": """", ""location"": """", ""object"": ""分辨率"", ""operation"": ""设置"", ""value"": ""100%""}",numeric_adjust,"{""device"": """", ""location"": """", ""object"": ""分辨率"", ""operation"": ""设置"", ""value"": ""100%""}",Y,Y,Y,
设备,402,画质清晰一点,,,numeric_adjust,"{""device"": """", ""location"": """", ""object"": ""清晰度"", ""operation"": ""提高"", ""value"": ""默认""}",numeric_adjust,"{""device"": """", ""location"": """", ""object"": ""清晰度"", ""operation"": ""提高"", ""value"": ""默认""}",Y,Y,Y,
设备,403,清晰度调整,,,numeric_adjust,"{""device"": """", ""location"": """", ""object"": ""清晰度"", ""operation"": ""设置"", ""value"": """"}",numeric_adjust,"{""device"": """", ""location"": """", ""object"": ""清晰度"", ""operation"": ""设置"", ""value"": """"}",Y,Y,Y,
设备,405,清晰度数值30,,,numeric_adjust,"{""device"": """", ""location"": """", ""object"": ""清晰度"", ""operation"": ""设置"", ""value"": ""30""}",numeric_adjust,"{""device"": """", ""location"": """", ""object"": ""清晰度"", ""operation"": ""设置"", ""value"": ""30""}",Y,Y,Y,
设备,404,画面分辨率,,,numeric_adjust,"{""device"": """", ""location"": """", ""object"": ""分辨率"", ""operation"": ""设置"", ""value"": """"}",numeric_adjust,"{""device"": """", ""location"": """", ""object"": ""分辨率"", ""operation"": ""设置"", ""value"": """"}",Y,Y,Y,
设备,408,提高分辨率,,,numeric_adjust,"{""device"": """", ""location"": """", ""object"": ""清晰度"", ""operation"": ""提高"", ""value"": ""默认""}",numeric_adjust,"{""device"": """", ""location"": """", ""object"": ""清晰度"", ""operation"": ""提高"", ""value"": ""默认""}",Y,Y,Y,
设备,406,清晰度数值50,,,numeric_adjust,"{""device"": """", ""location"": """", ""object"": ""清晰度"", ""operation"": ""设置"", ""value"": ""50""}",numeric_adjust,"{""device"": """", ""location"": """", ""object"": ""清晰度"", ""operation"": ""设置"", ""value"": ""50""}",Y,Y,Y,
设备,407,清晰度数值70,,,numeric_adjust,"{""device"": """", ""location"": """", ""object"": ""清晰度"", ""operation"": ""设置"", ""value"": ""70""}",numeric_adjust,"{""device"": """", ""location"": """", ""object"": ""清晰度"", ""operation"": ""设置"", ""value"": ""70""}",Y,Y,Y,
设备,409,对比度调到30,,,numeric_adjust,"{""device"": """", ""location"": """", ""object"": ""对比度"", ""operation"": ""设置"", ""value"": ""30""}",numeric_adjust,"{""device"": """", ""location"": """", ""object"": ""对比度"", ""operation"": ""设置"", ""value"": ""30""}",Y,Y,Y,
设备,410,对比度调到50,,,numeric_adjust,"{""device"": """", ""location"": """", ""object"": ""对比度"", ""operation"": ""设置"", ""value"": ""50""}",numeric_adjust,"{""device"": """", ""location"": """", ""object"": ""对比度"", ""operation"": ""设置"", ""value"": ""50""}",Y,Y,Y,
设备,412,对比度设置为50%,,,numeric_adjust,"{""device"": """", ""location"": """", ""object"": ""对比度"", ""operation"": ""设置"", ""value"": ""50%""}",numeric_adjust,"{""device"": """", ""location"": """", ""object"": ""对比度"", ""operation"": ""设置"", ""value"": ""50%""}",Y,Y,Y,
设备,411,对比度设置为30%,,,numeric_adjust,"{""device"": """", ""location"": """", ""object"": ""对比度"", ""operation"": ""设置"", ""value"": ""30%""}",numeric_adjust,"{""device"": """", ""location"": """", ""object"": ""对比度"", ""operation"": ""设置"", ""value"": ""30%""}",Y,Y,Y,
设备,413,对比度设置为70%,,,numeric_adjust,"{""device"": """", ""location"": """", ""object"": ""对比度"", ""operation"": ""设置"", ""value"": ""70%""}",numeric_adjust,"{""device"": """", ""location"": """", ""object"": ""对比度"", ""operation"": ""设置"", ""value"": ""70%""}",Y,Y,Y,
设备,414,降低分辨率,,,numeric_adjust,"{""device"": """", ""location"": """", ""object"": ""分辨率"", ""operation"": ""降低"", ""value"": """"}",numeric_adjust,"{""device"": """", ""location"": """", ""object"": ""分辨率"", ""operation"": ""降低"", ""value"": """"}",Y,Y,Y,
设备,415,提高对比度,,,numeric_adjust,"{""device"": """", ""location"": """", ""object"": ""对比度"", ""operation"": ""提高"", ""value"": """"}",numeric_adjust,"{""device"": """", ""location"": """", ""object"": ""对比度"", ""operation"": ""提高"", ""value"": """"}",Y,Y,Y,
设备,416,降低对比度,,,numeric_adjust,"{""device"": """", ""location"": """", ""object"": ""对比度"", ""operation"": ""降低"", ""value"": """"}",numeric_adjust,"{""device"": """", ""location"": """", ""object"": ""对比度"", ""operation"": ""降低"", ""value"": """"}",Y,Y,Y,
设备,417,画面色彩对比强一点,,,numeric_adjust,"{""device"": """", ""location"": """", ""object"": ""对比度"", ""operation"": ""提高"", ""value"": """"}",numeric_adjust,"{""device"": """", ""location"": """", ""object"": ""对比度"", ""operation"": ""提高"", ""value"": """"}",Y,Y,Y,
设备,418,对比度太高了,,,numeric_adjust,"{""device"": """", ""location"": """", ""object"": ""对比度"", ""operation"": ""降低"", ""value"": ""默认""}",numeric_adjust,"{""device"": """", ""location"": """", ""object"": ""对比度"", ""operation"": ""降低"", ""value"": ""默认""}",Y,Y,Y,
设备,419,现在对比度多少,,,numeric_adjust,"{""device"": """", ""location"": """", ""object"": ""对比度"", ""operation"": ""查询"", ""value"": ""默认""}",numeric_adjust,"{""device"": """", ""location"": """", ""object"": ""对比度"", ""operation"": ""查询"", ""value"": ""默认""}",Y,Y,Y,
设备,420,对比度加30,,,numeric_adjust,"{""device"": """", ""location"": """", ""object"": ""对比度"", ""operation"": ""提高"", ""value"": ""30""}",numeric_adjust,"{""device"": """", ""location"": """", ""object"": ""对比度"", ""operation"": ""提高"", ""value"": ""30""}",Y,Y,Y,
设备,421,对比度加50,,,numeric_adjust,"{""device"": """", ""location"": """", ""object"": ""对比度"", ""operation"": ""提高"", ""value"": ""50""}",numeric_adjust,"{""device"": """", ""location"": """", ""object"": ""对比度"", ""operation"": ""提高"", ""value"": ""50""}",Y,Y,Y,
设备,422,对比度加70,,,numeric_adjust,"{""device"": """", ""location"": """", ""object"": ""对比度"", ""operation"": ""提高"", ""value"": ""70""}",numeric_adjust,"{""device"": """", ""location"": """", ""object"": ""对比度"", ""operation"": ""提高"", ""value"": ""70""}",Y,Y,Y,
设备,423,对比度减30,,,numeric_adjust,"{""device"": """", ""location"": """", ""object"": ""对比度"", ""operation"": ""降低"", ""value"": ""30""}",numeric_adjust,"{""device"": """", ""location"": """", ""object"": ""对比度"", ""operation"": ""降低"", ""value"": ""30""}",Y,Y,Y,
设备,424,对比度减50,,,numeric_adjust,"{""device"": """", ""location"": """", ""object"": ""对比度"", ""operation"": ""降低"", ""value"": ""50""}",numeric_adjust,"{""device"": """", ""location"": """", ""object"": ""对比度"", ""operation"": ""降低"", ""value"": ""50""}",Y,Y,Y,
设备,425,对比度减70,,,numeric_adjust,"{""device"": """", ""location"": """", ""object"": ""对比度"", ""operation"": ""降低"", ""value"": ""70""}",numeric_adjust,"{""device"": """", ""location"": """", ""object"": ""对比度"", ""operation"": ""降低"", ""value"": ""70""}",Y,Y,Y,
设备,426,对比度调到最高,,,numeric_adjust,"{""device"": """", ""location"": """", ""object"": ""对比度"", ""operation"": ""设置"", ""value"": ""100%""}",numeric_adjust,"{""device"": """", ""location"": """", ""object"": ""对比度"", ""operation"": ""设置"", ""value"": ""100%""}",Y,Y,Y,
设备,427,对比度调到最低,,,numeric_adjust,"{""device"": """", ""location"": """", ""object"": ""对比度"", ""operation"": ""设置"", ""value"": ""0%""}",numeric_adjust,"{""device"": """", ""location"": """", ""object"": ""对比度"", ""operation"": ""设置"", ""value"": ""0%""}",Y,Y,Y,
设备,428,色彩对比度调高,,,numeric_adjust,"{""device"": """", ""location"": """", ""object"": ""对比度"", ""operation"": ""提高"", ""value"": """"}",numeric_adjust,"{""device"": """", ""location"": """", ""object"": ""对比度"", ""operation"": ""提高"", ""value"": """"}",Y,Y,Y,
设备,429,对比度调整,,,numeric_adjust,"{""device"": """", ""location"": """", ""object"": ""对比度"", ""operation"": ""设置"", ""value"": """"}",numeric_adjust,"{""device"": """", ""location"": """", ""object"": ""对比度"", ""operation"": ""设置"", ""value"": """"}",Y,Y,Y,
设备,430,对比度设置,,,numeric_adjust,"{""device"": """", ""location"": """", ""object"": ""对比度"", ""operation"": ""设置"", ""value"": """"}",numeric_adjust,"{""device"": """", ""location"": """", ""object"": ""对比度"", ""operation"": ""设置"", ""value"": """"}",Y,Y,Y,
设备,431,对比度数值30,,,numeric_adjust,"{""device"": """", ""location"": """", ""object"": ""对比度"", ""operation"": ""设置"", ""value"": ""30""}",numeric_adjust,"{""device"": """", ""location"": """", ""object"": ""对比度"", ""operation"": ""设置"", ""value"": ""30""}",Y,Y,Y,
设备,432,对比度数值50,,,numeric_adjust,"{""device"": """", ""location"": """", ""object"": ""对比度"", ""operation"": ""设置"", ""value"": ""50""}",numeric_adjust,"{""device"": """", ""location"": """", ""object"": ""对比度"", ""operation"": ""设置"", ""value"": ""50""}",Y,Y,Y,
设备,434,调高对比度,,,numeric_adjust,"{""device"": """", ""location"": """", ""object"": ""对比度"", ""operation"": ""提高"", ""value"": ""默认""}",numeric_adjust,"{""device"": """", ""location"": """", ""object"": ""对比度"", ""operation"": ""提高"", ""value"": ""默认""}",Y,Y,Y,
设备,433,对比度数值70,,,numeric_adjust,"{""device"": """", ""location"": """", ""object"": ""对比度"", ""operation"": ""设置"", ""value"": ""70""}",numeric_adjust,"{""device"": """", ""location"": """", ""object"": ""对比度"", ""operation"": ""设置"", ""value"": ""70""}",Y,Y,Y,
设备,435,调低对比度,,,numeric_adjust,"{""device"": """", ""location"": """", ""object"": ""对比度"", ""operation"": ""降低"", ""value"": ""默认""}",numeric_adjust,"{""device"": """", ""location"": """", ""object"": ""对比度"", ""operation"": ""降低"", ""value"": ""默认""}",Y,Y,Y,
设备,436,对比度调节,,,numeric_adjust,"{""device"": """", ""location"": """", ""object"": ""对比度"", ""operation"": ""设置"", ""value"": """"}",numeric_adjust,"{""device"": """", ""location"": """", ""object"": ""对比度"", ""operation"": ""设置"", ""value"": """"}",Y,Y,Y,
设备,437,对比度控制,,,numeric_adjust,"{""device"": """", ""location"": """", ""object"": ""对比度"", ""operation"": ""设置"", ""value"": """"}",numeric_adjust,"{""device"": """", ""location"": """", ""object"": ""对比度"", ""operation"": ""设置"", ""value"": """"}",Y,Y,Y,
设备,438,色度调到30,,,numeric_adjust,"{""device"": """", ""location"": """", ""object"": ""色度"", ""operation"": ""设置"", ""value"": ""30""}",numeric_adjust,"{""device"": """", ""location"": """", ""object"": ""色度"", ""operation"": ""设置"", ""value"": ""30""}",Y,Y,Y,
设备,439,色度调到50,,,numeric_adjust,"{""device"": """", ""location"": """", ""object"": ""色度"", ""operation"": ""设置"", ""value"": ""50""}",numeric_adjust,"{""device"": """", ""location"": """", ""object"": ""色度"", ""operation"": ""设置"", ""value"": ""50""}",Y,Y,Y,
设备,440,色度调到70,,,numeric_adjust,"{""device"": """", ""location"": """", ""object"": ""色度"", ""operation"": ""设置"", ""value"": ""70""}",numeric_adjust,"{""device"": """", ""location"": """", ""object"": ""色度"", ""operation"": ""设置"", ""value"": ""70""}",Y,Y,Y,
设备,441,色度设置为30%,,,numeric_adjust,"{""device"": """", ""location"": """", ""object"": ""色度"", ""operation"": ""设置"", ""value"": ""30%""}",numeric_adjust,"{""device"": """", ""location"": """", ""object"": ""色度"", ""operation"": ""设置"", ""value"": ""30%""}",Y,Y,Y,
设备,442,色度设置为50%,,,numeric_adjust,"{""device"": """", ""location"": """", ""object"": ""色度"", ""operation"": ""设置"", ""value"": ""50%""}",numeric_adjust,"{""device"": """", ""location"": """", ""object"": ""色度"", ""operation"": ""设置"", ""value"": ""50%""}",Y,Y,Y,
设备,446,色彩鲜艳一点,,,numeric_adjust,"{""device"": """", ""location"": """", ""object"": ""色度"", ""operation"": ""提高"", ""value"": """"}",execute,,N,N,N,"object: gold=""色度"" pred=; operation: gold=""提高"" pred="
设备,443,色度设置为70%,,,numeric_adjust,"{""device"": """", ""location"": """", ""object"": ""色度"", ""operation"": ""设置"", ""value"": ""70%""}",numeric_adjust,"{""device"": """", ""location"": """", ""object"": ""色度"", ""operation"": ""设置"", ""value"": ""70%""}",Y,Y,Y,
设备,445,降低色度,,,numeric_adjust,"{""device"": """", ""location"": """", ""object"": ""色度"", ""operation"": ""降低"", ""value"": """"}",numeric_adjust,"{""device"": """", ""location"": """", ""object"": ""色度"", ""operation"": ""降低"", ""value"": """"}",Y,Y,Y,
设备,444,提高色度,,,numeric_adjust,"{""device"": """", ""location"": """", ""object"": ""色度"", ""operation"": ""提高"", ""value"": """"}",numeric_adjust,"{""device"": """", ""location"": """", ""object"": ""色度"", ""operation"": ""提高"", ""value"": """"}",Y,Y,Y,
设备,447,色彩太艳了,,,numeric_adjust,"{""device"": """", ""location"": """", ""object"": ""色度"", ""operation"": ""降低"", ""value"": """"}",numeric_adjust,"{""device"": """", ""location"": """", ""object"": ""色度"", ""operation"": ""降低"", ""value"": """"}",Y,Y,Y,
设备,448,现在色度多少,,,numeric_adjust,"{""device"": """", ""location"": """", ""object"": ""色度"", ""operation"": ""查询"", ""value"": """"}",numeric_adjust,"{""device"": """", ""location"": """", ""object"": ""色度"", ""operation"": ""查询"", ""value"": """"}",Y,Y,Y,
设备,450,色度加50,,,numeric_adjust,"{""device"": """", ""location"": """", ""object"": ""色度"", ""operation"": ""提高"", ""value"": ""50""}",numeric_adjust,"{""device"": """", ""location"": """", ""object"": ""色度"", ""operation"": ""提高"", ""value"": ""50""}",Y,Y,Y,
设备,449,色度加30,,,numeric_adjust,"{""device"": """", ""location"": """", ""object"": ""色度"", ""operation"": ""提高"", ""value"": ""30""}",numeric_adjust,"{""device"": """", ""location"": """", ""object"": ""色度"", ""operation"": ""提高"", ""value"": ""30""}",Y,Y,Y,
设备,451,色度加70,,,numeric_adjust,"{""device"": """", ""location"": """", ""object"": ""色度"", ""operation"": ""提高"", ""value"": ""70""}",numeric_adjust,"{""device"": """", ""location"": """", ""object"": ""色度"", ""operation"": ""提高"", ""value"": ""70""}",Y,Y,Y,
设备,452,色度减30,,,numeric_adjust,"{""device"": """", ""location"": """", ""object"": ""色度"", ""operation"": ""降低"", ""value"": ""30""}",numeric_adjust,"{""device"": """", ""location"": """", ""object"": ""色度"", ""operation"": ""降低"", ""value"": ""30""}",Y,Y,Y,
设备,453,色度减50,,,numeric_adjust,"{""device"": """", ""location"": """", ""object"": ""色度"", ""operation"": ""降低"", ""value"": ""50""}",numeric_adjust,"{""device"": """", ""location"": """", ""object"": ""色度"", ""operation"": ""降低"", ""value"": ""50""}",Y,Y,Y,
设备,455,色度调到最高,,,numeric_adjust,"{""device"": """", ""location"": """", ""object"": ""色度"", ""operation"": ""设置"", ""value"": ""100%""}",numeric_adjust,"{""device"": """", ""location"": """", ""object"": ""色度"", ""operation"": ""设置"", ""value"": ""100%""}",Y,Y,Y,
设备,454,色度减70,,,numeric_adjust,"{""device"": """", ""location"": """", ""object"": ""色度"", ""operation"": ""降低"", ""value"": ""70""}",numeric_adjust,"{""device"": """", ""location"": """", ""object"": ""色度"", ""operation"": ""降低"", ""value"": ""70""}",Y,Y,Y,
设备,456,色彩饱和度调高,,,numeric_adjust,"{""device"": """", ""location"": """", ""object"": ""色度"", ""operation"": ""提高"", ""value"": """"}",numeric_adjust,"{""device"": """", ""location"": """", ""object"": ""色度"", ""operation"": ""提高"", ""value"": """"}",Y,Y,Y,
设备,461,色度数值50,,,numeric_adjust,"{""device"": """", ""location"": """", ""object"": ""色度"", ""operation"": ""设置"", ""value"": ""50""}",execute,,N,N,N,"object: gold=""色度"" pred=; operation: gold=""设置"" pred=; value: gold=""50"" pred="
设备,460,色度数值30,,,numeric_adjust,"{""device"": """", ""location"": """", ""object"": ""色度"", ""operation"": ""设置"", ""value"": ""30""}",execute,,N,N,N,"object: gold=""色度"" pred=; operation: gold=""设置"" pred=; value: gold=""30"" pred="
设备,457,色彩饱和度降低,,,numeric_adjust,"{""device"": """", ""location"": """", ""object"": ""色度"", ""operation"": ""降低"", ""value"": """"}",numeric_adjust,"{""device"": """", ""location"": """", ""object"": ""色度"", ""operation"": ""降低"", ""value"": """"}",Y,Y,Y,
设备,458,色度调整,,,numeric_adjust,"{""device"": """", ""location"": """", ""object"": ""色度"", ""operation"": ""设置"", ""value"": """"}",numeric_adjust,"{""device"": """", ""location"": """", ""object"": ""色度"", ""operation"": ""设置"", ""value"": """"}",Y,Y,Y,
设备,462,色度查询,,,numeric_adjust,"{""device"": """", ""location"": """", ""object"": ""色度"", ""operation"": ""查询"", ""value"": """"}",execute,,N,N,N,"object: gold=""色度"" pred=; operation: gold=""查询"" pred="
设备,459,色彩饱和度设置,,,numeric_adjust,"{""device"": """", ""location"": """", ""object"": ""色度"", ""operation"": ""设置"", ""value"": """"}",numeric_adjust,"{""device"": """", ""location"": """", ""object"": ""色度"", ""operation"": ""设置"", ""value"": """"}",Y,Y,Y,
设备,464,调高色度,,,numeric_adjust,"{""device"": """", ""location"": """", ""object"": ""色度"", ""operation"": ""提高"", ""value"": """"}",numeric_adjust,"{""device"": """", ""location"": """", ""object"": ""色度"", ""operation"": ""提高"", ""value"": """"}",Y,Y,Y,
设备,466,色度调节,,,numeric_adjust,"{""device"": """", ""location"": """", ""object"": ""色度"", ""operation"": ""设置"", ""value"": """"}",numeric_adjust,"{""device"": """", ""location"": """", ""object"": ""色度"", ""operation"": ""设置"", ""value"": """"}",Y,Y,Y,
设备,463,色度数值70,,,numeric_adjust,"{""device"": """", ""location"": """", ""object"": ""色度"", ""operation"": ""设置"", ""value"": ""70""}",numeric_adjust,"{""device"": """", ""location"": """", ""object"": ""色度"", ""operation"": ""设置"", ""value"": ""70""}",Y,Y,Y,
设备,465,调低色度,,,numeric_adjust,"{""device"": """", ""location"": """", ""object"": ""色度"", ""operation"": ""降低"", ""value"": """"}",numeric_adjust,"{""device"": """", ""location"": """", ""object"": ""色度"", ""operation"": ""降低"", ""value"": """"}",Y,Y,Y,
设备,467,色度控制,,,numeric_adjust,"{""device"": """", ""location"": """", ""object"": ""色度"", ""operation"": ""设置"", ""value"": """"}",numeric_adjust,"{""device"": """", ""location"": """", ""object"": ""色度"", ""operation"": ""设置"", ""value"": """"}",Y,Y,Y,
设备,472,HDMI信号,,,source_switch,"{""device"": """", ""location"": """", ""object"": ""HDMI选择"", ""operation"": ""打开"", ""value"": """"}",execute,,N,N,N,"object: gold=""HDMI选择"" pred=; operation: gold=""打开"" pred="
设备,469,HDMI输入,,,source_switch,"{""device"": """", ""location"": """", ""object"": ""HDMI选择"", ""operation"": ""打开"", ""value"": """"}",source_switch,"{""device"": """", ""location"": """", ""object"": ""HDMI选择"", ""operation"": ""打开"", ""value"": """"}",Y,Y,Y,
设备,470,切换到HDMI,,,source_switch,"{""device"": """", ""location"": """", ""object"": ""信号源"", ""operation"": ""设置"", ""value"": """"}",source_switch,"{""device"": """", ""location"": """", ""object"": ""信号源"", ""operation"": ""设置"", ""value"": """"}",Y,Y,Y,
设备,468,打开HDMI选择,,,source_switch,"{""device"": """", ""location"": """", ""object"": ""信号源"", ""operation"": ""设置"", ""value"": """"}",source_switch,"{""device"": """", ""location"": """", ""object"": ""信号源"", ""operation"": ""设置"", ""value"": """"}",Y,Y,Y,
设备,471,打开HDMI接口,,,source_switch,"{""device"": """", ""location"": """", ""object"": ""信号源"", ""operation"": ""设置"", ""value"": """"}",source_switch,"{""device"": """", ""location"": """", ""object"": ""信号源"", ""operation"": ""设置"", ""value"": """"}",Y,Y,Y,
设备,473,打开外部输入,,,source_switch,"{""device"": """", ""location"": """", ""object"": ""HDMI选择"", ""operation"": ""打开"", ""value"": """"}",source_switch,"{""device"": """", ""location"": """", ""object"": ""HDMI选择"", ""operation"": ""打开"", ""value"": """"}",Y,Y,Y,
设备,478,HDMI端口,,,source_switch,"{""device"": """", ""location"": """", ""object"": ""HDMI选择"", ""operation"": ""打开"", ""value"": """"}",execute,,N,N,N,"object: gold=""HDMI选择"" pred=; operation: gold=""打开"" pred="
设备,474,外部设备,,,source_switch,"{""device"": """", ""location"": """", ""object"": ""HDMI选择"", ""operation"": ""打开"", ""value"": """"}",source_switch,"{""device"": """", ""location"": """", ""object"": ""HDMI选择"", ""operation"": ""打开"", ""value"": """"}",Y,Y,Y,
设备,476,外接设备,,,source_switch,"{""device"": """", ""location"": """", ""object"": ""HDMI选择"", ""operation"": ""打开"", ""value"": """"}",source_switch,"{""device"": """", ""location"": """", ""object"": ""HDMI选择"", ""operation"": ""打开"", ""value"": """"}",Y,Y,Y,
设备,475,HDMI输入源,,,source_switch,"{""device"": """", ""location"": """", ""object"": ""HDMI选择"", ""operation"": ""打开"", ""value"": """"}",source_switch,"{""device"": """", ""location"": """", ""object"": ""HDMI选择"", ""operation"": ""打开"", ""value"": """"}",Y,Y,Y,
设备,477,打开HDMI模式,,,source_switch,"{""device"": """", ""location"": """", ""object"": ""HDMI选择"", ""operation"": ""打开"", ""value"": """"}",source_switch,"{""device"": """", ""location"": """", ""object"": ""HDMI选择"", ""operation"": ""打开"", ""value"": """"}",Y,Y,Y,
设备,479,HDMI接口选择,,,source_switch,"{""device"": """", ""location"": """", ""object"": ""信号源"", ""operation"": ""设置"", ""value"": """"}",source_switch,"{""device"": """", ""location"": """", ""object"": ""信号源"", ""operation"": ""设置"", ""value"": """"}",Y,Y,Y,
设备,480,选择HDMI,,,source_switch,"{""device"": """", ""location"": """", ""object"": ""信号源"", ""operation"": ""设置"", ""value"": """"}",source_switch,"{""device"": """", ""location"": """", ""object"": ""信号源"", ""operation"": ""设置"", ""value"": """"}",Y,Y,Y,
设备,481,进入HDMI,,,source_switch,"{""device"": """", ""location"": """", ""object"": ""信号源"", ""operation"": ""设置"", ""value"": """"}",source_switch,"{""device"": """", ""location"": """", ""object"": ""信号源"", ""operation"": ""设置"", ""value"": """"}",Y,Y,Y,
设备,482,HDMI切换,,,source_switch,"{""device"": """", ""location"": """", ""object"": ""信号源"", ""operation"": ""设置"", ""value"": """"}",source_switch,"{""device"": """", ""location"": """", ""object"": ""信号源"", ""operation"": ""设置"", ""value"": """"}",Y,Y,Y,
设备,483,HDMI输入选择,,,source_switch,"{""device"": """", ""location"": """", ""object"": ""HDMI选择"", ""operation"": ""打开"", ""value"": """"}",source_switch,"{""device"": """", ""location"": """", ""object"": ""HDMI选择"", ""operation"": ""打开"", ""value"": """"}",Y,Y,Y,
设备,484,打开HDMI端口,,,source_switch,"{""device"": """", ""location"": """", ""object"": ""HDMI选择"", ""operation"": ""打开"", ""value"": """"}",source_switch,"{""device"": """", ""location"": """", ""object"": ""HDMI选择"", ""operation"": ""打开"", ""value"": """"}",Y,Y,Y,
设备,485,HDMI信号源,,,source_switch,"{""device"": """", ""location"": """", ""object"": ""HDMI选择"", ""operation"": ""打开"", ""value"": """"}",source_switch,"{""device"": """", ""location"": """", ""object"": ""HDMI选择"", ""operation"": ""打开"", ""value"": """"}",Y,Y,Y,
设备,487,HDMI设置,,,source_switch,"{""device"": """", ""location"": """", ""object"": ""信号源"", ""operation"": ""设置"", ""value"": """"}",source_switch,"{""device"": """", ""location"": """", ""object"": ""信号源"", ""operation"": ""设置"", ""value"": """"}",Y,Y,Y,
设备,488,打开无线网络,,,network_control,"{""device"": """", ""location"": """", ""object"": ""无线网络"", ""operation"": ""打开"", ""value"": """"}",network_control,"{""device"": """", ""location"": """", ""object"": ""无线网络"", ""operation"": ""打开"", ""value"": """"}",Y,Y,Y,
设备,489,开启wifi,,,network_control,"{""device"": """", ""location"": """", ""object"": ""网络设置"", ""operation"": ""打开"", ""value"": """"}",network_control,"{""device"": """", ""location"": """", ""object"": ""网络设置"", ""operation"": ""打开"", ""value"": """"}",Y,Y,Y,
设备,491,无线网络设置,,,network_control,"{""device"": """", ""location"": """", ""object"": ""网络设置"", ""operation"": ""打开"", ""value"": """"}",network_control,"{""device"": """", ""location"": """", ""object"": ""网络设置"", ""operation"": ""打开"", ""value"": """"}",Y,Y,Y,
设备,490,打开wifi,,,network_control,"{""device"": """", ""location"": """", ""object"": ""网络设置"", ""operation"": ""打开"", ""value"": """"}",network_control,"{""device"": """", ""location"": """", ""object"": ""网络设置"", ""operation"": ""打开"", ""value"": """"}",Y,Y,Y,
设备,492,wifi设置,,,network_control,"{""device"": """", ""location"": """", ""object"": ""网络设置"", ""operation"": ""打开"", ""value"": """"}",network_control,"{""device"": """", ""location"": """", ""object"": ""网络设置"", ""operation"": ""打开"", ""value"": """"}",Y,Y,Y,
设备,493,打开无线连接,,,network_control,"{""device"": """", ""location"": """", ""object"": ""无线网络"", ""operation"": ""打开"", ""value"": """"}",network_control,"{""device"": """", ""location"": """", ""object"": ""无线网络"", ""operation"": ""打开"", ""value"": """"}",Y,Y,Y,
设备,494,无线网络连接,,,network_control,"{""device"": """", ""location"": """", ""object"": ""网络设置"", ""operation"": ""打开"", ""value"": """"}",network_control,"{""device"": """", ""location"": """", ""object"": ""网络设置"", ""operation"": ""打开"", ""value"": """"}",Y,Y,Y,
设备,495,打开无线局域网,,,network_control,"{""device"": """", ""location"": """", ""object"": ""无线网络"", ""operation"": ""打开"", ""value"": """"}",network_control,"{""device"": """", ""location"": """", ""object"": ""无线网络"", ""operation"": ""打开"", ""value"": """"}",Y,Y,Y,
设备,496,wifi连接,,,network_control,"{""device"": """", ""location"": """", ""object"": ""网络设置"", ""operation"": ""打开"", ""value"": """"}",network_control,"{""device"": """", ""location"": """", ""object"": ""网络设置"", ""operation"": ""打开"", ""value"": """"}",Y,Y,Y,
设备,497,无线网,,,network_control,"{""device"": """", ""location"": """", ""object"": ""无线网络"", ""operation"": ""打开"", ""value"": """"}",network_control,"{""device"": """", ""location"": """", ""object"": ""无线网络"", ""operation"": ""打开"", ""value"": """"}",Y,Y,Y,
设备,498,WiFi设置,,,network_control,"{""device"": """", ""location"": """", ""object"": ""网络设置"", ""operation"": ""打开"", ""value"": """"}",network_control,"{""device"": """", ""location"": """", ""object"": ""网络设置"", ""operation"": ""打开"", ""value"": """"}",Y,Y,Y,
设备,499,无线网设置,,,network_control,"{""device"": """", ""location"": """", ""object"": ""无线网络"", ""operation"": ""打开"", ""value"": """"}",network_control,"{""device"": """", ""location"": """", ""object"": ""无线网络"", ""operation"": ""打开"", ""value"": """"}",Y,Y,Y,
设备,500,开启无线网络,,,network_control,"{""device"": """", ""location"": """", ""object"": ""无线网络"", ""operation"": ""打开"", ""value"": """"}",network_control,"{""device"": """", ""location"": """", ""object"": ""无线网络"", ""operation"": ""打开"", ""value"": """"}",Y,Y,Y,
设备,501,无线网络配置,,,network_control,"{""device"": """", ""location"": """", ""object"": ""无线网络"", ""operation"": ""打开"", ""value"": """"}",network_control,"{""device"": """", ""location"": """", ""object"": ""无线网络"", ""operation"": ""打开"", ""value"": """"}",Y,Y,Y,
设备,502,wifi网络,,,network_control,"{""device"": """", ""location"": """", ""object"": ""无线网络"", ""operation"": ""打开"", ""value"": """"}",network_control,"{""device"": """", ""location"": """", ""object"": ""无线网络"", ""operation"": ""打开"", ""value"": """"}",Y,Y,Y,
设备,505,无线网络,,,network_control,"{""device"": """", ""location"": """", ""object"": ""无线网络"", ""operation"": ""打开"", ""value"": """"}",execute,,N,N,N,"object: gold=""无线网络"" pred=; operation: gold=""打开"" pred="
设备,503,无线网络开关,,,network_control,"{""device"": """", ""location"": """", ""object"": ""无线网络"", ""operation"": ""打开"", ""value"": """"}",network_control,"{""device"": """", ""location"": """", ""object"": ""无线网络"", ""operation"": ""打开"", ""value"": """"}",Y,Y,Y,
设备,504,打开wifi网络,,,network_control,"{""device"": """", ""location"": """", ""object"": ""无线网络"", ""operation"": ""打开"", ""value"": """"}",network_control,"{""device"": """", ""location"": """", ""object"": ""无线网络"", ""operation"": ""打开"", ""value"": """"}",Y,Y,Y,
设备,506,wifi功能,,,network_control,"{""device"": """", ""location"": """", ""object"": ""无线网络"", ""operation"": ""打开"", ""value"": """"}",network_control,"{""device"": """", ""location"": """", ""object"": ""无线网络"", ""operation"": ""打开"", ""value"": """"}",Y,Y,Y,
设备,507,无线网络管理,,,network_control,"{""device"": """", ""location"": """", ""object"": ""无线网络"", ""operation"": ""打开"", ""value"": """"}",network_control,"{""device"": """", ""location"": """", ""object"": ""无线网络"", ""operation"": ""打开"", ""value"": """"}",Y,Y,Y,
设备,509,以太网设置,,,network_control,"{""device"": """", ""location"": """", ""object"": ""网络设置"", ""operation"": ""打开"", ""value"": """"}",network_control,"{""device"": """", ""location"": """", ""object"": ""网络设置"", ""operation"": ""打开"", ""value"": """"}",Y,Y,Y,
设备,508,打开有线网络,,,network_control,"{""device"": """", ""location"": """", ""object"": ""有线网络"", ""operation"": ""打开"", ""value"": """"}",network_control,"{""device"": """", ""location"": """", ""object"": ""有线网络"", ""operation"": ""打开"", ""value"": """"}",Y,Y,Y,
设备,511,打开有线连接,,,network_control,"{""device"": """", ""location"": """", ""object"": ""有线网络"", ""operation"": ""打开"", ""value"": """"}",network_control,"{""device"": """", ""location"": """", ""object"": ""有线网络"", ""operation"": ""打开"", ""value"": """"}",Y,Y,Y,
设备,510,有线连接,,,network_control,"{""device"": """", ""location"": """", ""object"": ""有线网络"", ""operation"": ""打开"", ""value"": """"}",network_control,"{""device"": """", ""location"": """", ""object"": ""有线网络"", ""operation"": ""打开"", ""value"": """"}",Y,Y,Y,
设备,517,有线网络,,,network_control,"{""device"": """", ""location"": """", ""object"": ""有线网络"", ""operation"": ""打开"", ""value"": """"}",execute,,N,N,N,"object: gold=""有线网络"" pred=; operation: gold=""打开"" pred="
设备,512,有线网络配置,,,network_control,"{""device"": """", ""location"": """", ""object"": ""有线网络"", ""operation"": ""打开"", ""value"": """"}",network_control,"{""device"": """", ""location"": """", ""object"": ""有线网络"", ""operation"": ""打开"", ""value"": """"}",Y,Y,Y,
设备,514,打开以太网,,,network_control,"{""device"": """", ""location"": """", ""object"": ""有线网络"", ""operation"": ""打开"", ""value"": """"}",network_control,"{""device"": """", ""location"": """", ""object"": ""有线网络"", ""operation"": ""打开"", ""value"": """"}",Y,Y,Y,
设备,513,有线网络设置,,,network_control,"{""device"": """", ""location"": """", ""object"": ""有线网络"", ""operation"": ""打开"", ""value"": """"}",network_control,"{""device"": """", ""location"": """", ""object"": ""有线网络"", ""operation"": ""打开"", ""value"": """"}",Y,Y,Y,
设备,515,网线连接,,,network_control,"{""device"": """", ""location"": """", ""object"": ""有线网络"", ""operation"": ""打开"", ""value"": """"}",network_control,"{""device"": """", ""location"": """", ""object"": ""有线网络"", ""operation"": ""打开"", ""value"": """"}",Y,Y,Y,
设备,516,有线网络开关,,,network_control,"{""device"": """", ""location"": """", ""object"": ""有线网络"", ""operation"": ""打开"", ""value"": """"}",network_control,"{""device"": """", ""location"": """", ""object"": ""有线网络"", ""operation"": ""打开"", ""value"": """"}",Y,Y,Y,
设备,518,以太网连接,,,network_control,"{""device"": """", ""location"": """", ""object"": ""网络设置"", ""operation"": ""打开"", ""value"": """"}",network_control,"{""device"": """", ""location"": """", ""object"": ""网络设置"", ""operation"": ""打开"", ""value"": """"}",Y,Y,Y,
设备,519,打开有线网,,,network_control,"{""device"": """", ""location"": """", ""object"": ""有线网络"", ""operation"": ""打开"", ""value"": """"}",network_control,"{""device"": """", ""location"": """", ""object"": ""有线网络"", ""operation"": ""打开"", ""value"": """"}",Y,Y,Y,
设备,520,有线网设置,,,network_control,"{""device"": """", ""location"": """", ""object"": ""有线网络"", ""operation"": ""打开"", ""value"": """"}",network_control,"{""device"": """", ""location"": """", ""object"": ""有线网络"", ""operation"": ""打开"", ""value"": """"}",Y,Y,Y,
设备,525,音乐功能,,,common_control,"{""device"": """", ""location"": """", ""object"": ""音乐播放器"", ""operation"": ""设置"", ""value"": """"}",common_control,"{""device"": """", ""location"": """", ""object"": ""音乐播放器"", ""operation"": ""设置"", ""value"": """"}",Y,Y,Y,
设备,521,有线网络连接,,,network_control,"{""device"": """", ""location"": """", ""object"": ""有线网络"", ""operation"": ""打开"", ""value"": """"}",network_control,"{""device"": """", ""location"": """", ""object"": ""有线网络"", ""operation"": ""打开"", ""value"": """"}",Y,Y,Y,
设备,523,有线网络功能,,,network_control,"{""device"": """", ""location"": """", ""object"": ""有线网络"", ""operation"": ""打开"", ""value"": """"}",network_control,"{""device"": """", ""location"": """", ""object"": ""有线网络"", ""operation"": ""打开"", ""value"": """"}",Y,Y,Y,
设备,524,有线网络选择,,,network_control,"{""device"": """", ""location"": """", ""object"": ""有线网络"", ""operation"": ""打开"", ""value"": """"}",network_control,"{""device"": """", ""location"": """", ""object"": ""有线网络"", ""operation"": ""打开"", ""value"": """"}",Y,Y,Y,
设备,486,HDMI接口,,,source_switch,"{""device"": """", ""location"": """", ""object"": ""信号源"", ""operation"": ""设置"", ""value"": """"}",fan_knowledge_agent,"{""messages"": [{""content"": ""HDMI接口"", ""role"": ""user""}], ""riskRespStrategy"": ""all_replace"", ""sceneTypeIntentList"": [{""sceneType"": ""knowledge_qa""}]}",N,N,N,"messages: gold= pred=[{""content"": ""HDMI接口"", ""role"": ""user""}]; object: gold=""信号源"" pred=; operation: gold=""设置"" pred=; riskRespStrategy: gold= pred=""all_replace""; sceneTypeIntentList: gold= pred=[{""sceneType"": ""knowledge_qa""}]"
设备,522,有线网络管理,,,network_control,"{""device"": """", ""location"": """", ""object"": ""有线网络"", ""operation"": ""打开"", ""value"": """"}",network_control,"{""device"": """", ""location"": """", ""object"": ""有线网络"", ""operation"": ""打开"", ""value"": """"}",Y,Y,Y,
设备,526,打开分屏,,,screen_layout,"{""device"": """", ""location"": """", ""object"": ""分屏"", ""operation"": ""打开"", ""value"": """"}",screen_layout,"{""device"": """", ""location"": """", ""object"": ""分屏"", ""operation"": ""打开"", ""value"": """"}",Y,Y,Y,
设备,527,开启分屏模式,,,screen_layout,"{""device"": """", ""location"": """", ""object"": ""分屏"", ""operation"": ""打开"", ""value"": """"}",screen_layout,"{""device"": """", ""location"": """", ""object"": ""分屏"", ""operation"": ""打开"", ""value"": """"}",Y,Y,Y,
设备,528,分屏显示,,,screen_layout,"{""device"": """", ""location"": """", ""object"": ""分屏"", ""operation"": ""打开"", ""value"": """"}",screen_layout,"{""device"": """", ""location"": """", ""object"": ""分屏"", ""operation"": ""打开"", ""value"": """"}",Y,Y,Y,
设备,529,关闭分屏,,,screen_layout,"{""device"": """", ""location"": """", ""object"": ""分屏"", ""operation"": ""关闭"", ""value"": """"}",screen_layout,"{""device"": """", ""location"": """", ""object"": ""分屏"", ""operation"": ""关闭"", ""value"": """"}",Y,Y,Y,
设备,530,退出分屏,,,screen_layout,"{""device"": """", ""location"": """", ""object"": ""分屏"", ""operation"": ""关闭"", ""value"": """"}",screen_layout,"{""device"": """", ""location"": """", ""object"": ""分屏"", ""operation"": ""关闭"", ""value"": """"}",Y,Y,Y,
设备,533,两个画面,,,screen_layout,"{""device"": """", ""location"": """", ""object"": ""分屏"", ""operation"": ""打开"", ""value"": """"}",execute,,N,N,N,"object: gold=""分屏"" pred=; operation: gold=""打开"" pred="
设备,534,多任务分屏,,,screen_layout,"{""device"": """", ""location"": """", ""object"": ""分屏"", ""operation"": ""打开"", ""value"": """"}",execute,,N,N,N,"object: gold=""分屏"" pred=; operation: gold=""打开"" pred="
设备,531,分屏模式,,,screen_layout,"{""device"": """", ""location"": """", ""object"": ""分屏"", ""operation"": ""打开"", ""value"": """"}",screen_layout,"{""device"": """", ""location"": """", ""object"": ""分屏"", ""operation"": ""打开"", ""value"": """"}",Y,Y,Y,
设备,532,多屏显示,,,screen_layout,"{""device"": """", ""location"": """", ""object"": ""分屏"", ""operation"": ""打开"", ""value"": """"}",screen_layout,"{""device"": """", ""location"": """", ""object"": ""分屏"", ""operation"": ""打开"", ""value"": """"}",Y,Y,Y,
设备,535,分屏切换,,,screen_layout,"{""device"": """", ""location"": """", ""object"": ""分屏"", ""operation"": ""打开"", ""value"": """"}",screen_layout,"{""device"": """", ""location"": """", ""object"": ""分屏"", ""operation"": ""打开"", ""value"": """"}",Y,Y,Y,
设备,536,分屏功能,,,screen_layout,"{""device"": """", ""location"": """", ""object"": ""分屏"", ""operation"": ""打开"", ""value"": """"}",screen_layout,"{""device"": """", ""location"": """", ""object"": ""分屏"", ""operation"": ""打开"", ""value"": """"}",Y,Y,Y,
设备,537,开启多窗口,,,screen_layout,"{""device"": """", ""location"": """", ""object"": ""分屏"", ""operation"": ""打开"", ""value"": """"}",screen_layout,"{""device"": """", ""location"": """", ""object"": ""分屏"", ""operation"": ""打开"", ""value"": """"}",Y,Y,Y,
设备,538,多窗口模式,,,screen_layout,"{""device"": """", ""location"": """", ""object"": ""分屏"", ""operation"": ""打开"", ""value"": """"}",screen_layout,"{""device"": """", ""location"": """", ""object"": ""分屏"", ""operation"": ""打开"", ""value"": """"}",Y,Y,Y,
设备,543,画面分割,,,screen_layout,"{""device"": """", ""location"": """", ""object"": ""分屏"", ""operation"": ""打开"", ""value"": """"}",execute,,N,N,N,"object: gold=""分屏"" pred=; operation: gold=""打开"" pred="
设备,539,双屏显示,,,screen_layout,"{""device"": """", ""location"": """", ""object"": ""分屏"", ""operation"": ""打开"", ""value"": """"}",screen_layout,"{""device"": """", ""location"": """", ""object"": ""分屏"", ""operation"": ""打开"", ""value"": """"}",Y,Y,Y,
设备,540,分屏设置,,,screen_layout,"{""device"": """", ""location"": """", ""object"": ""分屏"", ""operation"": ""打开"", ""value"": """"}",screen_layout,"{""device"": """", ""location"": """", ""object"": ""分屏"", ""operation"": ""打开"", ""value"": """"}",Y,Y,Y,
设备,541,分屏开关,,,screen_layout,"{""device"": """", ""location"": """", ""object"": ""分屏"", ""operation"": ""打开"", ""value"": """"}",screen_layout,"{""device"": """", ""location"": """", ""object"": ""分屏"", ""operation"": ""打开"", ""value"": """"}",Y,Y,Y,
设备,542,分屏观看,,,screen_layout,"{""device"": """", ""location"": """", ""object"": ""分屏"", ""operation"": ""打开"", ""value"": """"}",screen_layout,"{""device"": """", ""location"": """", ""object"": ""分屏"", ""operation"": ""打开"", ""value"": """"}",Y,Y,Y,
设备,544,分屏控制,,,screen_layout,"{""device"": """", ""location"": """", ""object"": ""分屏"", ""operation"": ""打开"", ""value"": """"}",screen_layout,"{""device"": """", ""location"": """", ""object"": ""分屏"", ""operation"": ""打开"", ""value"": """"}",Y,Y,Y,
设备,545,分屏管理,,,screen_layout,"{""device"": """", ""location"": """", ""object"": ""分屏"", ""operation"": ""打开"", ""value"": """"}",screen_layout,"{""device"": """", ""location"": """", ""object"": ""分屏"", ""operation"": ""打开"", ""value"": """"}",Y,Y,Y,
设备,546,静音,,,numeric_adjust,"{""device"": """", ""location"": """", ""object"": ""静音"", ""operation"": ""打开"", ""value"": """"}",numeric_adjust,"{""device"": """", ""location"": """", ""object"": ""静音"", ""operation"": ""打开"", ""value"": """"}",Y,Y,Y,
设备,548,关闭声音,,,numeric_adjust,"{""device"": """", ""location"": """", ""object"": ""静音"", ""operation"": ""打开"", ""value"": """"}",numeric_adjust,"{""device"": """", ""location"": """", ""object"": ""静音"", ""operation"": ""打开"", ""value"": """"}",Y,Y,Y,
设备,547,把声音关掉,,,numeric_adjust,"{""device"": """", ""location"": """", ""object"": ""静音"", ""operation"": ""打开"", ""value"": """"}",numeric_adjust,"{""device"": """", ""location"": """", ""object"": ""静音"", ""operation"": ""打开"", ""value"": """"}",Y,Y,Y,
设备,549,取消静音,,,numeric_adjust,"{""device"": """", ""location"": """", ""object"": ""静音"", ""operation"": ""关闭"", ""value"": """"}",numeric_adjust,"{""device"": """", ""location"": """", ""object"": ""静音"", ""operation"": ""关闭"", ""value"": """"}",Y,Y,Y,
设备,550,恢复正常声音,,,numeric_adjust,"{""device"": """", ""location"": """", ""object"": ""静音"", ""operation"": ""关闭"", ""value"": """"}",numeric_adjust,"{""device"": """", ""location"": """", ""object"": ""静音"", ""operation"": ""关闭"", ""value"": """"}",Y,Y,Y,
设备,551,打开静音,,,numeric_adjust,"{""device"": """", ""location"": """", ""object"": ""静音"", ""operation"": ""打开"", ""value"": """"}",numeric_adjust,"{""device"": """", ""location"": """", ""object"": ""静音"", ""operation"": ""打开"", ""value"": """"}",Y,Y,Y,
设备,552,静音模式,,,numeric_adjust,"{""device"": """", ""location"": """", ""object"": ""静音"", ""operation"": ""打开"", ""value"": """"}",numeric_adjust,"{""device"": """", ""location"": """", ""object"": ""静音"", ""operation"": ""打开"", ""value"": """"}",Y,Y,Y,
设备,553,声音静音,,,numeric_adjust,"{""device"": """", ""location"": """", ""object"": ""静音"", ""operation"": ""打开"", ""value"": """"}",numeric_adjust,"{""device"": """", ""location"": """", ""object"": ""静音"", ""operation"": ""打开"", ""value"": """"}",Y,Y,Y,
设备,554,消音,,,numeric_adjust,"{""device"": """", ""location"": """", ""object"": ""静音"", ""operation"": ""打开"", ""value"": """"}",numeric_adjust,"{""device"": """", ""location"": """", ""object"": ""静音"", ""operation"": ""打开"", ""value"": """"}",Y,Y,Y,
设备,555,恢复声音,,,numeric_adjust,"{""device"": """", ""location"": """", ""object"": ""静音"", ""operation"": ""关闭"", ""value"": """"}",numeric_adjust,"{""device"": """", ""location"": """", ""object"": ""静音"", ""operation"": ""关闭"", ""value"": """"}",Y,Y,Y,
设备,556,开启静音,,,numeric_adjust,"{""device"": """", ""location"": """", ""object"": ""静音"", ""operation"": ""打开"", ""value"": """"}",numeric_adjust,"{""device"": """", ""location"": """", ""object"": ""静音"", ""operation"": ""打开"", ""value"": """"}",Y,Y,Y,
设备,558,静音开关,,,numeric_adjust,"{""device"": """", ""location"": """", ""object"": ""静音"", ""operation"": ""打开"", ""value"": """"}",numeric_adjust,"{""device"": """", ""location"": """", ""object"": ""静音"", ""operation"": ""打开"", ""value"": """"}",Y,Y,Y,
设备,557,关闭静音模式,,,numeric_adjust,"{""device"": """", ""location"": """", ""object"": ""静音"", ""operation"": ""关闭"", ""value"": """"}",numeric_adjust,"{""device"": """", ""location"": """", ""object"": ""静音"", ""operation"": ""关闭"", ""value"": """"}",Y,Y,Y,
设备,559,静音功能,,,numeric_adjust,"{""device"": """", ""location"": """", ""object"": ""静音"", ""operation"": ""打开"", ""value"": """"}",numeric_adjust,"{""device"": """", ""location"": """", ""object"": ""静音"", ""operation"": ""打开"", ""value"": """"}",Y,Y,Y,
设备,560,静音设置,,,numeric_adjust,"{""device"": """", ""location"": """", ""object"": ""静音"", ""operation"": ""打开"", ""value"": """"}",numeric_adjust,"{""device"": """", ""location"": """", ""object"": ""静音"", ""operation"": ""打开"", ""value"": """"}",Y,Y,Y,
设备,561,声音静音开关,,,numeric_adjust,"{""device"": """", ""location"": """", ""object"": ""静音"", ""operation"": ""打开"", ""value"": """"}",numeric_adjust,"{""device"": """", ""location"": """", ""object"": ""静音"", ""operation"": ""打开"", ""value"": """"}",Y,Y,Y,
设备,564,静音控制,,,numeric_adjust,"{""device"": """", ""location"": """", ""object"": ""静音"", ""operation"": ""打开"", ""value"": """"}",numeric_adjust,"{""device"": """", ""location"": """", ""object"": ""静音"", ""operation"": ""打开"", ""value"": """"}",Y,Y,Y,
设备,563,退出静音,,,numeric_adjust,"{""device"": """", ""location"": """", ""object"": ""静音"", ""operation"": ""关闭"", ""value"": """"}",numeric_adjust,"{""device"": """", ""location"": """", ""object"": ""静音"", ""operation"": ""关闭"", ""value"": """"}",Y,Y,Y,
设备,562,进入静音,,,numeric_adjust,"{""device"": """", ""location"": """", ""object"": ""静音"", ""operation"": ""打开"", ""value"": """"}",numeric_adjust,"{""device"": """", ""location"": """", ""object"": ""静音"", ""operation"": ""打开"", ""value"": """"}",Y,Y,Y,
设备,565,静音管理,,,numeric_adjust,"{""device"": """", ""location"": """", ""object"": ""静音"", ""operation"": ""打开"", ""value"": """"}",numeric_adjust,"{""device"": """", ""location"": """", ""object"": ""静音"", ""operation"": ""打开"", ""value"": """"}",Y,Y,Y,
设备,566,全屏显示,,,screen_layout,"{""device"": """", ""location"": """", ""object"": ""全屏"", ""operation"": ""打开"", ""value"": """"}",screen_layout,"{""device"": """", ""location"": """", ""object"": ""全屏"", ""operation"": ""打开"", ""value"": """"}",Y,Y,Y,
设备,567,打开全屏,,,screen_layout,"{""device"": """", ""location"": """", ""object"": ""全屏"", ""operation"": ""打开"", ""value"": """"}",screen_layout,"{""device"": """", ""location"": """", ""object"": ""全屏"", ""operation"": ""打开"", ""value"": """"}",Y,Y,Y,
设备,568,全屏模式,,,screen_layout,"{""device"": """", ""location"": """", ""object"": ""全屏"", ""operation"": ""打开"", ""value"": """"}",screen_layout,"{""device"": """", ""location"": """", ""object"": ""全屏"", ""operation"": ""打开"", ""value"": """"}",Y,Y,Y,
设备,569,切换到全屏,,,screen_layout,"{""device"": """", ""location"": """", ""object"": ""全屏"", ""operation"": ""打开"", ""value"": """"}",screen_layout,"{""device"": """", ""location"": """", ""object"": ""全屏"", ""operation"": ""打开"", ""value"": """"}",Y,Y,Y,
设备,570,全屏幕,,,screen_layout,"{""device"": """", ""location"": """", ""object"": ""全屏"", ""operation"": ""打开"", ""value"": """"}",screen_layout,"{""device"": """", ""location"": """", ""object"": ""全屏"", ""operation"": ""打开"", ""value"": """"}",Y,Y,Y,
设备,571,全屏播放,,,screen_layout,"{""device"": """", ""location"": """", ""object"": ""全屏"", ""operation"": ""打开"", ""value"": """"}",screen_layout,"{""device"": """", ""location"": """", ""object"": ""全屏"", ""operation"": ""打开"", ""value"": """"}",Y,Y,Y,
设备,573,进入全屏,,,screen_layout,"{""device"": """", ""location"": """", ""object"": ""全屏"", ""operation"": ""打开"", ""value"": """"}",screen_layout,"{""device"": """", ""location"": """", ""object"": ""全屏"", ""operation"": ""打开"", ""value"": """"}",Y,Y,Y,
设备,572,展开全屏,,,screen_layout,"{""device"": """", ""location"": """", ""object"": ""全屏"", ""operation"": ""打开"", ""value"": """"}",screen_layout,"{""device"": """", ""location"": """", ""object"": ""全屏"", ""operation"": ""打开"", ""value"": """"}",Y,Y,Y,
设备,574,全屏观看,,,screen_layout,"{""device"": """", ""location"": """", ""object"": ""全屏"", ""operation"": ""打开"", ""value"": """"}",screen_layout,"{""device"": """", ""location"": """", ""object"": ""全屏"", ""operation"": ""打开"", ""value"": """"}",Y,Y,Y,
设备,575,全屏视窗,,,screen_layout,"{""device"": """", ""location"": """", ""object"": ""全屏"", ""operation"": ""打开"", ""value"": """"}",screen_layout,"{""device"": """", ""location"": """", ""object"": ""全屏"", ""operation"": ""打开"", ""value"": """"}",Y,Y,Y,
设备,577,开启全屏,,,screen_layout,"{""device"": """", ""location"": """", ""object"": ""全屏"", ""operation"": ""打开"", ""value"": """"}",screen_layout,"{""device"": """", ""location"": """", ""object"": ""全屏"", ""operation"": ""打开"", ""value"": """"}",Y,Y,Y,
设备,579,全屏功能,,,screen_layout,"{""device"": """", ""location"": """", ""object"": ""全屏"", ""operation"": ""打开"", ""value"": """"}",screen_layout,"{""device"": """", ""location"": """", ""object"": ""全屏"", ""operation"": ""打开"", ""value"": """"}",Y,Y,Y,
设备,576,全屏视窗模式,,,screen_layout,"{""device"": """", ""location"": """", ""object"": ""全屏"", ""operation"": ""打开"", ""value"": """"}",screen_layout,"{""device"": """", ""location"": """", ""object"": ""全屏"", ""operation"": ""打开"", ""value"": """"}",Y,Y,Y,
设备,578,全屏设置,,,screen_layout,"{""device"": """", ""location"": """", ""object"": ""全屏"", ""operation"": ""打开"", ""value"": """"}",screen_layout,"{""device"": """", ""location"": """", ""object"": ""全屏"", ""operation"": ""打开"", ""value"": """"}",Y,Y,Y,
设备,580,全屏切换,,,screen_layout,"{""device"": """", ""location"": """", ""object"": ""全屏"", ""operation"": ""打开"", ""value"": """"}",screen_layout,"{""device"": """", ""location"": """", ""object"": ""全屏"", ""operation"": ""打开"", ""value"": """"}",Y,Y,Y,
设备,581,全屏窗口,,,screen_layout,"{""device"": """", ""location"": """", ""object"": ""全屏"", ""operation"": ""打开"", ""value"": """"}",screen_layout,"{""device"": """", ""location"": """", ""object"": ""全屏"", ""operation"": ""打开"", ""value"": """"}",Y,Y,Y,
设备,582,全屏画面,,,screen_layout,"{""device"": """", ""location"": """", ""object"": ""全屏"", ""operation"": ""打开"", ""value"": """"}",screen_layout,"{""device"": """", ""location"": """", ""object"": ""全屏"", ""operation"": ""打开"", ""value"": """"}",Y,Y,Y,
设备,584,全屏控制,,,screen_layout,"{""device"": """", ""location"": """", ""object"": ""全屏"", ""operation"": ""打开"", ""value"": """"}",screen_layout,"{""device"": """", ""location"": """", ""object"": ""全屏"", ""operation"": ""打开"", ""value"": """"}",Y,Y,Y,
设备,583,全屏视频,,,screen_layout,"{""device"": """", ""location"": """", ""object"": ""全屏"", ""operation"": ""打开"", ""value"": """"}",screen_layout,"{""device"": """", ""location"": """", ""object"": ""全屏"", ""operation"": ""打开"", ""value"": """"}",Y,Y,Y,
设备,585,全屏管理,,,screen_layout,"{""device"": """", ""location"": """", ""object"": ""全屏"", ""operation"": ""打开"", ""value"": """"}",screen_layout,"{""device"": """", ""location"": """", ""object"": ""全屏"", ""operation"": ""打开"", ""value"": """"}",Y,Y,Y,
设备,586,打开小屏,,,screen_layout,"{""device"": """", ""location"": """", ""object"": ""小屏"", ""operation"": ""打开"", ""value"": """"}",screen_layout,"{""device"": """", ""location"": """", ""object"": ""小屏"", ""operation"": ""打开"", ""value"": """"}",Y,Y,Y,
设备,588,关闭小屏,,,screen_layout,"{""device"": """", ""location"": """", ""object"": ""小屏"", ""operation"": ""关闭"", ""value"": """"}",screen_layout,"{""device"": """", ""location"": """", ""object"": ""小屏"", ""operation"": ""关闭"", ""value"": """"}",Y,Y,Y,
设备,587,小屏模式,,,screen_layout,"{""device"": """", ""location"": """", ""object"": ""小屏"", ""operation"": ""打开"", ""value"": """"}",screen_layout,"{""device"": """", ""location"": """", ""object"": ""小屏"", ""operation"": ""打开"", ""value"": """"}",Y,Y,Y,
设备,589,退出小屏,,,screen_layout,"{""device"": """", ""location"": """", ""object"": ""小屏"", ""operation"": ""关闭"", ""value"": """"}",screen_layout,"{""device"": """", ""location"": """", ""object"": ""小屏"", ""operation"": ""关闭"", ""value"": """"}",Y,Y,Y,
设备,590,小窗显示,,,screen_layout,"{""device"": """", ""location"": """", ""object"": ""画面"", ""operation"": ""缩小"", ""value"": """"}",screen_layout,"{""device"": """", ""location"": """", ""object"": ""画面"", ""operation"": ""缩小"", ""value"": """"}",Y,Y,Y,
设备,592,迷你屏,,,screen_layout,"{""device"": """", ""location"": """", ""object"": ""画面"", ""operation"": ""缩小"", ""value"": """"}",execute,,N,N,N,"object: gold=""画面"" pred=; operation: gold=""缩小"" pred="
设备,591,小窗口,,,screen_layout,"{""device"": """", ""location"": """", ""object"": ""画面"", ""operation"": ""缩小"", ""value"": """"}",screen_layout,"{""device"": """", ""location"": """", ""object"": ""画面"", ""operation"": ""缩小"", ""value"": """"}",Y,Y,Y,
设备,594,缩小画面,,,screen_layout,"{""device"": """", ""location"": """", ""object"": ""画面"", ""operation"": ""缩小"", ""value"": """"}",screen_layout,"{""device"": """", ""location"": """", ""object"": ""画面"", ""operation"": ""缩小"", ""value"": """"}",Y,Y,Y,
设备,593,设置小屏幕,,,screen_layout,"{""device"": """", ""location"": """", ""object"": ""小屏"", ""operation"": ""打开"", ""value"": """"}",screen_layout,"{""device"": """", ""location"": """", ""object"": ""小屏"", ""operation"": ""打开"", ""value"": """"}",Y,Y,Y,
设备,596,开启小窗,,,screen_layout,"{""device"": """", ""location"": """", ""object"": ""画面"", ""operation"": ""缩小"", ""value"": """"}",screen_layout,"{""device"": """", ""location"": """", ""object"": ""画面"", ""operation"": ""缩小"", ""value"": """"}",Y,Y,Y,
设备,595,小窗模式,,,screen_layout,"{""device"": """", ""location"": """", ""object"": ""画面"", ""operation"": ""缩小"", ""value"": """"}",screen_layout,"{""device"": """", ""location"": """", ""object"": ""画面"", ""operation"": ""缩小"", ""value"": """"}",Y,Y,Y,
设备,597,小屏设置,,,screen_layout,"{""device"": """", ""location"": """", ""object"": ""小屏"", ""operation"": ""打开"", ""value"": """"}",screen_layout,"{""device"": """", ""location"": """", ""object"": ""小屏"", ""operation"": ""打开"", ""value"": """"}",Y,Y,Y,
设备,599,小屏切换,,,screen_layout,"{""device"": """", ""location"": """", ""object"": ""小屏"", ""operation"": ""打开"", ""value"": """"}",screen_layout,"{""device"": """", ""location"": """", ""object"": ""小屏"", ""operation"": ""打开"", ""value"": """"}",Y,Y,Y,
设备,598,小屏功能,,,screen_layout,"{""device"": """", ""location"": """", ""object"": ""小屏"", ""operation"": ""打开"", ""value"": """"}",screen_layout,"{""device"": """", ""location"": """", ""object"": ""小屏"", ""operation"": ""打开"", ""value"": """"}",Y,Y,Y,
设备,601,小屏播放,,,screen_layout,"{""device"": """", ""location"": """", ""object"": ""画面"", ""operation"": ""缩小"", ""value"": """"}",screen_layout,"{""device"": """", ""location"": """", ""object"": ""画面"", ""operation"": ""缩小"", ""value"": """"}",Y,Y,Y,
设备,603,小屏控制,,,screen_layout,"{""device"": """", ""location"": """", ""object"": ""小屏"", ""operation"": ""打开"", ""value"": """"}",screen_layout,"{""device"": """", ""location"": """", ""object"": ""小屏"", ""operation"": ""打开"", ""value"": """"}",Y,Y,Y,
设备,604,小屏管理,,,screen_layout,"{""device"": """", ""location"": """", ""object"": ""小屏"", ""operation"": ""打开"", ""value"": """"}",screen_layout,"{""device"": """", ""location"": """", ""object"": ""小屏"", ""operation"": ""打开"", ""value"": """"}",Y,Y,Y,
设备,605,声音模式切换到标准模式,,,mode_control,"{""device"": """", ""location"": """", ""object"": ""声音模式"", ""operation"": ""设置"", ""value"": ""标准模式""}",mode_control,"{""device"": """", ""location"": """", ""object"": ""声音模式"", ""operation"": ""设置"", ""value"": ""标准模式""}",Y,Y,Y,
设备,606,声音模式切换到影院模式,,,mode_control,"{""device"": """", ""location"": """", ""object"": ""声音模式"", ""operation"": ""设置"", ""value"": ""影院模式""}",mode_control,"{""device"": """", ""location"": """", ""object"": ""声音模式"", ""operation"": ""设置"", ""value"": ""影院模式""}",Y,Y,Y,
设备,607,声音模式切换到音乐模式,,,mode_control,"{""device"": """", ""location"": """", ""object"": ""声音模式"", ""operation"": ""设置"", ""value"": ""音乐模式""}",mode_control,"{""device"": """", ""location"": """", ""object"": ""声音模式"", ""operation"": ""设置"", ""value"": ""音乐模式""}",Y,Y,Y,
设备,608,声音模式切换到体育模式,,,mode_control,"{""device"": """", ""location"": """", ""object"": ""声音模式"", ""operation"": ""设置"", ""value"": ""体育模式""}",mode_control,"{""device"": """", ""location"": """", ""object"": ""声音模式"", ""operation"": ""设置"", ""value"": ""体育模式""}",Y,Y,Y,
设备,609,设置声音模式为标准模式,,,mode_control,"{""device"": """", ""location"": """", ""object"": ""声音模式"", ""operation"": ""设置"", ""value"": ""标准模式""}",mode_control,"{""device"": """", ""location"": """", ""object"": ""声音模式"", ""operation"": ""设置"", ""value"": ""标准模式""}",Y,Y,Y,
设备,610,设置声音模式为影院模式,,,mode_control,"{""device"": """", ""location"": """", ""object"": ""声音模式"", ""operation"": ""设置"", ""value"": ""影院模式""}",mode_control,"{""device"": """", ""location"": """", ""object"": ""声音模式"", ""operation"": ""设置"", ""value"": ""影院模式""}",Y,Y,Y,
设备,600,小窗观看,,,screen_layout,"{""device"": """", ""location"": """", ""object"": ""画面"", ""operation"": ""缩小"", ""value"": """"}",vod_search,"{""action"": ""play"", ""query"": {""field"": ""title"", ""value"": ""小窗观看""}, ""retext"": ""小窗观看""}",N,N,N,"action: gold= pred=""play""; object: gold=""画面"" pred=; operation: gold=""缩小"" pred=; query: gold= pred={""field"": ""title"", ""value"": ""小窗观看""}; retext: gold= pred=""小窗观看"""
设备,602,小窗播放,,,screen_layout,"{""device"": """", ""location"": """", ""object"": ""画面"", ""operation"": ""缩小"", ""value"": """"}",vod_search,"{""action"": ""play"", ""query"": {""field"": ""title"", ""value"": ""小窗播放""}, ""retext"": ""小窗播放""}",N,N,N,"action: gold= pred=""play""; object: gold=""画面"" pred=; operation: gold=""缩小"" pred=; query: gold= pred={""field"": ""title"", ""value"": ""小窗播放""}; retext: gold= pred=""小窗播放"""
设备,611,设置声音模式为音乐模式,,,mode_control,"{""device"": """", ""location"": """", ""object"": ""声音模式"", ""operation"": ""设置"", ""value"": ""音乐模式""}",mode_control,"{""device"": """", ""location"": """", ""object"": ""声音模式"", ""operation"": ""设置"", ""value"": ""音乐模式""}",Y,Y,Y,
设备,612,设置声音模式为体育模式,,,mode_control,"{""device"": """", ""location"": """", ""object"": ""声音模式"", ""operation"": ""设置"", ""value"": ""体育模式""}",mode_control,"{""device"": """", ""location"": """", ""object"": ""声音模式"", ""operation"": ""设置"", ""value"": ""体育模式""}",Y,Y,Y,
设备,613,声音模式设置为标准模式,,,mode_control,"{""device"": """", ""location"": """", ""object"": ""声音模式"", ""operation"": ""设置"", ""value"": ""标准模式""}",mode_control,"{""device"": """", ""location"": """", ""object"": ""声音模式"", ""operation"": ""设置"", ""value"": ""标准模式""}",Y,Y,Y,
设备,614,声音模式设置为影院模式,,,mode_control,"{""device"": """", ""location"": """", ""object"": ""声音模式"", ""operation"": ""设置"", ""value"": ""影院模式""}",mode_control,"{""device"": """", ""location"": """", ""object"": ""声音模式"", ""operation"": ""设置"", ""value"": ""影院模式""}",Y,Y,Y,
设备,615,声音模式设置为音乐模式,,,mode_control,"{""device"": """", ""location"": """", ""object"": ""声音模式"", ""operation"": ""设置"", ""value"": ""音乐模式""}",mode_control,"{""device"": """", ""location"": """", ""object"": ""声音模式"", ""operation"": ""设置"", ""value"": ""音乐模式""}",Y,Y,Y,
设备,617,切换到音乐模式,,,mode_control,"{""device"": """", ""location"": """", ""object"": ""声音模式"", ""operation"": ""设置"", ""value"": ""音乐模式""}",mode_control,"{""device"": """", ""location"": """", ""object"": ""声音模式"", ""operation"": ""设置"", ""value"": ""音乐模式""}",Y,Y,Y,
设备,616,声音模式设置为体育模式,,,mode_control,"{""device"": """", ""location"": """", ""object"": ""声音模式"", ""operation"": ""设置"", ""value"": ""体育模式""}",mode_control,"{""device"": """", ""location"": """", ""object"": ""声音模式"", ""operation"": ""设置"", ""value"": ""体育模式""}",Y,Y,Y,
设备,618,打开标准模式,,,mode_control,"{""device"": """", ""location"": """", ""object"": """", ""operation"": ""设置"", ""value"": ""标准模式""}",mode_control,"{""device"": """", ""location"": """", ""object"": """", ""operation"": ""设置"", ""value"": ""标准模式""}",Y,Y,Y,
设备,620,打开音乐模式,,,mode_control,"{""device"": """", ""location"": """", ""object"": """", ""operation"": ""设置"", ""value"": ""音乐模式""}",mode_control,"{""device"": """", ""location"": """", ""object"": """", ""operation"": ""设置"", ""value"": ""音乐模式""}",Y,Y,Y,
设备,619,打开影院模式,,,mode_control,"{""device"": """", ""location"": """", ""object"": """", ""operation"": ""设置"", ""value"": ""影院模式""}",mode_control,"{""device"": """", ""location"": """", ""object"": """", ""operation"": ""设置"", ""value"": ""影院模式""}",Y,Y,Y,
设备,622,声音模式选择,,,mode_control,"{""device"": """", ""location"": """", ""object"": ""声音模式"", ""operation"": ""打开"", ""value"": """"}",mode_control,"{""device"": """", ""location"": """", ""object"": ""声音模式"", ""operation"": ""打开"", ""value"": """"}",Y,Y,Y,
设备,621,打开体育模式,,,mode_control,"{""device"": """", ""location"": """", ""object"": """", ""operation"": ""设置"", ""value"": ""体育模式""}",mode_control,"{""device"": """", ""location"": """", ""object"": """", ""operation"": ""设置"", ""value"": ""体育模式""}",Y,Y,Y,
设备,623,声音模式设置,,,mode_control,"{""device"": """", ""location"": """", ""object"": ""声音模式"", ""operation"": ""打开"", ""value"": """"}",mode_control,"{""device"": """", ""location"": """", ""object"": ""声音模式"", ""operation"": ""打开"", ""value"": """"}",Y,Y,Y,
设备,626,音频模式,,,mode_control,"{""device"": """", ""location"": """", ""object"": ""声音模式"", ""operation"": ""设置"", ""value"": """"}",mode_control,"{""device"": """", ""location"": """", ""object"": ""声音模式"", ""operation"": ""设置"", ""value"": """"}",Y,Y,Y,
设备,624,音质模式,,,mode_control,"{""device"": """", ""location"": """", ""object"": ""声音模式"", ""operation"": ""设置"", ""value"": """"}",mode_control,"{""device"": """", ""location"": """", ""object"": ""声音模式"", ""operation"": ""设置"", ""value"": """"}",Y,Y,Y,
设备,625,声音效果模式,,,mode_control,"{""device"": """", ""location"": """", ""object"": ""声音模式"", ""operation"": ""设置"", ""value"": """"}",mode_control,"{""device"": """", ""location"": """", ""object"": ""声音模式"", ""operation"": ""设置"", ""value"": """"}",Y,Y,Y,
设备,627,音效模式,,,mode_control,"{""device"": """", ""location"": """", ""object"": ""声音模式"", ""operation"": ""打开"", ""value"": """"}",mode_control,"{""device"": """", ""location"": """", ""object"": ""声音模式"", ""operation"": ""打开"", ""value"": """"}",Y,Y,Y,
设备,628,声音场景模式,,,mode_control,"{""device"": """", ""location"": """", ""object"": ""声音模式"", ""operation"": ""设置"", ""value"": """"}",mode_control,"{""device"": """", ""location"": """", ""object"": ""声音模式"", ""operation"": ""设置"", ""value"": """"}",Y,Y,Y,
设备,629,声音输出模式,,,mode_control,"{""device"": """", ""location"": """", ""object"": ""声音模式"", ""operation"": ""设置"", ""value"": """"}",mode_control,"{""device"": """", ""location"": """", ""object"": ""声音模式"", ""operation"": ""设置"", ""value"": """"}",Y,Y,Y,
设备,630,声音配置,,,mode_control,"{""device"": """", ""location"": """", ""object"": ""声音模式"", ""operation"": ""打开"", ""value"": """"}",mode_control,"{""device"": """", ""location"": """", ""object"": ""声音模式"", ""operation"": ""打开"", ""value"": """"}",Y,Y,Y,
设备,632,声音模式调整,,,mode_control,"{""device"": """", ""location"": """", ""object"": ""声音模式"", ""operation"": ""打开"", ""value"": """"}",mode_control,"{""device"": """", ""location"": """", ""object"": ""声音模式"", ""operation"": ""打开"", ""value"": """"}",Y,Y,Y,
设备,631,声音调节模式,,,mode_control,"{""device"": """", ""location"": """", ""object"": ""声音模式"", ""operation"": ""设置"", ""value"": """"}",mode_control,"{""device"": """", ""location"": """", ""object"": ""声音模式"", ""operation"": ""设置"", ""value"": """"}",Y,Y,Y,
设备,633,声音模式切换,,,mode_control,"{""device"": """", ""location"": """", ""object"": ""声音模式"", ""operation"": ""打开"", ""value"": """"}",mode_control,"{""device"": """", ""location"": """", ""object"": ""声音模式"", ""operation"": ""打开"", ""value"": """"}",Y,Y,Y,
设备,634,声音模式管理,,,mode_control,"{""device"": """", ""location"": """", ""object"": ""声音模式"", ""operation"": ""设置"", ""value"": """"}",mode_control,"{""device"": """", ""location"": """", ""object"": ""声音模式"", ""operation"": ""设置"", ""value"": """"}",Y,Y,Y,
设备,636,图像模式切换到鲜艳模式,,,mode_control,"{""device"": """", ""location"": """", ""object"": ""图像模式"", ""operation"": ""设置"", ""value"": ""鲜艳模式""}",mode_control,"{""device"": """", ""location"": """", ""object"": ""图像模式"", ""operation"": ""设置"", ""value"": ""鲜艳模式""}",Y,Y,Y,
设备,635,图像模式切换到标准模式,,,mode_control,"{""device"": """", ""location"": """", ""object"": ""图像模式"", ""operation"": ""设置"", ""value"": ""标准模式""}",mode_control,"{""device"": """", ""location"": """", ""object"": ""图像模式"", ""operation"": ""设置"", ""value"": ""标准模式""}",Y,Y,Y,
设备,637,图像模式切换到影院模式,,,mode_control,"{""device"": """", ""location"": """", ""object"": ""图像模式"", ""operation"": ""设置"", ""value"": ""影院模式""}",mode_control,"{""device"": """", ""location"": """", ""object"": ""图像模式"", ""operation"": ""设置"", ""value"": ""影院模式""}",Y,Y,Y,
设备,638,图像模式切换到体育模式,,,mode_control,"{""device"": """", ""location"": """", ""object"": ""图像模式"", ""operation"": ""设置"", ""value"": ""体育模式""}",mode_control,"{""device"": """", ""location"": """", ""object"": ""图像模式"", ""operation"": ""设置"", ""value"": ""体育模式""}",Y,Y,Y,
设备,639,设置图像模式为标准模式,,,mode_control,"{""device"": """", ""location"": """", ""object"": ""图像模式"", ""operation"": ""设置"", ""value"": ""标准模式""}",mode_control,"{""device"": """", ""location"": """", ""object"": ""图像模式"", ""operation"": ""设置"", ""value"": ""标准模式""}",Y,Y,Y,
设备,640,设置图像模式为鲜艳模式,,,mode_control,"{""device"": """", ""location"": """", ""object"": ""图像模式"", ""operation"": ""设置"", ""value"": ""鲜艳模式""}",mode_control,"{""device"": """", ""location"": """", ""object"": ""图像模式"", ""operation"": ""设置"", ""value"": ""鲜艳模式""}",Y,Y,Y,
设备,641,设置图像模式为影院模式,,,mode_control,"{""device"": """", ""location"": """", ""object"": ""图像模式"", ""operation"": ""设置"", ""value"": ""影院模式""}",mode_control,"{""device"": """", ""location"": """", ""object"": ""图像模式"", ""operation"": ""设置"", ""value"": ""影院模式""}",Y,Y,Y,
设备,643,图像模式设置为标准模式,,,mode_control,"{""device"": """", ""location"": """", ""object"": ""图像模式"", ""operation"": ""设置"", ""value"": ""标准模式""}",mode_control,"{""device"": """", ""location"": """", ""object"": ""图像模式"", ""operation"": ""设置"", ""value"": ""标准模式""}",Y,Y,Y,
设备,642,设置图像模式为体育模式,,,mode_control,"{""device"": """", ""location"": """", ""object"": ""图像模式"", ""operation"": ""设置"", ""value"": ""体育模式""}",mode_control,"{""device"": """", ""location"": """", ""object"": ""图像模式"", ""operation"": ""设置"", ""value"": ""体育模式""}",Y,Y,Y,
设备,644,图像模式设置为鲜艳模式,,,mode_control,"{""device"": """", ""location"": """", ""object"": ""图像模式"", ""operation"": ""设置"", ""value"": ""鲜艳模式""}",mode_control,"{""device"": """", ""location"": """", ""object"": ""图像模式"", ""operation"": ""设置"", ""value"": ""鲜艳模式""}",Y,Y,Y,
设备,645,图像模式设置为影院模式,,,mode_control,"{""device"": """", ""location"": """", ""object"": ""图像模式"", ""operation"": ""设置"", ""value"": ""影院模式""}",mode_control,"{""device"": """", ""location"": """", ""object"": ""图像模式"", ""operation"": ""设置"", ""value"": ""影院模式""}",Y,Y,Y,
设备,646,图像模式设置为体育模式,,,mode_control,"{""device"": """", ""location"": """", ""object"": ""图像模式"", ""operation"": ""设置"", ""value"": ""体育模式""}",mode_control,"{""device"": """", ""location"": """", ""object"": ""图像模式"", ""operation"": ""设置"", ""value"": ""体育模式""}",Y,Y,Y,
设备,647,切换到标准模式,,,mode_control,"{""device"": """", ""location"": """", ""object"": """", ""operation"": ""设置"", ""value"": ""标准模式""}",mode_control,"{""device"": """", ""location"": """", ""object"": """", ""operation"": ""设置"", ""value"": ""标准模式""}",Y,Y,Y,
设备,648,切换到鲜艳模式,,,mode_control,"{""device"": """", ""location"": """", ""object"": """", ""operation"": ""设置"", ""value"": ""鲜艳模式""}",mode_control,"{""device"": """", ""location"": """", ""object"": """", ""operation"": ""设置"", ""value"": ""鲜艳模式""}",Y,Y,Y,
设备,649,切换到影院模式,,,mode_control,"{""device"": """", ""location"": """", ""object"": """", ""operation"": ""设置"", ""value"": ""影院模式""}",mode_control,"{""device"": """", ""location"": """", ""object"": """", ""operation"": ""设置"", ""value"": ""影院模式""}",Y,Y,Y,
设备,652,打开鲜艳模式模式,,,mode_control,"{""device"": """", ""location"": """", ""object"": """", ""operation"": ""设置"", ""value"": ""鲜艳模式""}",mode_control,"{""device"": """", ""location"": """", ""object"": """", ""operation"": ""设置"", ""value"": ""鲜艳模式""}",Y,Y,Y,
设备,651,打开标准模式模式,,,mode_control,"{""device"": """", ""location"": """", ""object"": """", ""operation"": ""设置"", ""value"": ""标准模式""}",mode_control,"{""device"": """", ""location"": """", ""object"": """", ""operation"": ""设置"", ""value"": ""标准模式""}",Y,Y,Y,
设备,650,切换到体育模式,,,mode_control,"{""device"": """", ""location"": """", ""object"": """", ""operation"": ""设置"", ""value"": ""体育模式""}",mode_control,"{""device"": """", ""location"": """", ""object"": """", ""operation"": ""设置"", ""value"": ""体育模式""}",Y,Y,Y,
设备,653,打开影院模式模式,,,mode_control,"{""device"": """", ""location"": """", ""object"": """", ""operation"": ""设置"", ""value"": ""影院模式""}",mode_control,"{""device"": """", ""location"": """", ""object"": """", ""operation"": ""设置"", ""value"": ""影院模式""}",Y,Y,Y,
设备,654,打开体育模式模式,,,mode_control,"{""device"": """", ""location"": """", ""object"": """", ""operation"": ""设置"", ""value"": ""体育模式""}",mode_control,"{""device"": """", ""location"": """", ""object"": """", ""operation"": ""设置"", ""value"": ""体育模式""}",Y,Y,Y,
设备,659,显示模式,,,mode_control,"{""device"": """", ""location"": """", ""object"": ""图像模式"", ""operation"": ""设置"", ""value"": """"}",execute,,N,N,N,"object: gold=""图像模式"" pred=; operation: gold=""设置"" pred="
设备,660,视频模式,,,mode_control,"{""device"": """", ""location"": """", ""object"": ""图像模式"", ""operation"": ""设置"", ""value"": """"}",execute,,N,N,N,"object: gold=""图像模式"" pred=; operation: gold=""设置"" pred="
设备,655,图像模式选择,,,mode_control,"{""device"": """", ""location"": """", ""object"": ""图像模式"", ""operation"": ""打开"", ""value"": """"}",mode_control,"{""device"": """", ""location"": """", ""object"": ""图像模式"", ""operation"": ""打开"", ""value"": """"}",Y,Y,Y,
设备,656,图像模式设置,,,mode_control,"{""device"": """", ""location"": """", ""object"": ""图像模式"", ""operation"": ""设置"", ""value"": """"}",mode_control,"{""device"": """", ""location"": """", ""object"": ""图像模式"", ""operation"": ""设置"", ""value"": """"}",Y,Y,Y,
设备,657,画质模式,,,mode_control,"{""device"": """", ""location"": """", ""object"": ""图像模式"", ""operation"": ""设置"", ""value"": """"}",mode_control,"{""device"": """", ""location"": """", ""object"": ""图像模式"", ""operation"": ""设置"", ""value"": """"}",Y,Y,Y,
设备,658,画面模式,,,mode_control,"{""device"": """", ""location"": """", ""object"": ""图像模式"", ""operation"": ""设置"", ""value"": """"}",mode_control,"{""device"": """", ""location"": """", ""object"": ""图像模式"", ""operation"": ""设置"", ""value"": """"}",Y,Y,Y,
设备,662,图像场景模式,,,mode_control,"{""device"": """", ""location"": """", ""object"": ""图像模式"", ""operation"": ""设置"", ""value"": """"}",execute,,N,N,N,"object: gold=""图像模式"" pred=; operation: gold=""设置"" pred="
设备,664,图像配置,,,mode_control,"{""device"": """", ""location"": """", ""object"": ""图像模式"", ""operation"": ""设置"", ""value"": """"}",execute,,N,N,N,"object: gold=""图像模式"" pred=; operation: gold=""设置"" pred="
设备,667,图像模式管理,,,mode_control,"{""device"": """", ""location"": """", ""object"": ""图像模式"", ""operation"": ""设置"", ""value"": """"}",execute,,N,N,N,"object: gold=""图像模式"" pred=; operation: gold=""设置"" pred="
设备,661,画面效果模式,,,mode_control,"{""device"": """", ""location"": """", ""object"": ""图像模式"", ""operation"": ""设置"", ""value"": """"}",mode_control,"{""device"": """", ""location"": """", ""object"": ""图像模式"", ""operation"": ""设置"", ""value"": """"}",Y,Y,Y,
设备,663,图像输出模式,,,mode_control,"{""device"": """", ""location"": """", ""object"": ""图像模式"", ""operation"": ""设置"", ""value"": """"}",mode_control,"{""device"": """", ""location"": """", ""object"": ""图像模式"", ""operation"": ""设置"", ""value"": """"}",Y,Y,Y,
设备,665,图像模式调整,,,mode_control,"{""device"": """", ""location"": """", ""object"": ""图像模式"", ""operation"": ""设置"", ""value"": """"}",mode_control,"{""device"": """", ""location"": """", ""object"": ""图像模式"", ""operation"": ""设置"", ""value"": """"}",Y,Y,Y,
设备,666,图像模式切换,,,mode_control,"{""device"": """", ""location"": """", ""object"": ""图像模式"", ""operation"": ""设置"", ""value"": """"}",mode_control,"{""device"": """", ""location"": """", ""object"": ""图像模式"", ""operation"": ""设置"", ""value"": """"}",Y,Y,Y,
设备,669,音效模式切换到流行音效,,,mode_control,"{""device"": """", ""location"": """", ""object"": ""音效模式"", ""operation"": ""设置"", ""value"": ""流行音效""}",mode_control,"{""device"": """", ""location"": """", ""object"": ""音效模式"", ""operation"": ""设置"", ""value"": ""流行音效""}",Y,Y,Y,
设备,668,音效模式切换到杜比音效,,,mode_control,"{""device"": """", ""location"": """", ""object"": ""音效模式"", ""operation"": ""设置"", ""value"": ""杜比音效""}",mode_control,"{""device"": """", ""location"": """", ""object"": ""音效模式"", ""operation"": ""设置"", ""value"": ""杜比音效""}",Y,Y,Y,
设备,670,音效模式切换到舞曲音效,,,mode_control,"{""device"": """", ""location"": """", ""object"": ""音效模式"", ""operation"": ""设置"", ""value"": ""舞曲音效""}",mode_control,"{""device"": """", ""location"": """", ""object"": ""音效模式"", ""operation"": ""设置"", ""value"": ""舞曲音效""}",Y,Y,Y,
设备,671,音效模式切换到蓝调音效,,,mode_control,"{""device"": """", ""location"": """", ""object"": ""音效模式"", ""operation"": ""设置"", ""value"": ""蓝调音效""}",mode_control,"{""device"": """", ""location"": """", ""object"": ""音效模式"", ""operation"": ""设置"", ""value"": ""蓝调音效""}",Y,Y,Y,
设备,672,设置音效模式为杜比音效,,,mode_control,"{""device"": """", ""location"": """", ""object"": ""音效模式"", ""operation"": ""设置"", ""value"": ""杜比音效""}",mode_control,"{""device"": """", ""location"": """", ""object"": ""音效模式"", ""operation"": ""设置"", ""value"": ""杜比音效""}",Y,Y,Y,
设备,673,设置音效模式为流行音效,,,mode_control,"{""device"": """", ""location"": """", ""object"": ""音效模式"", ""operation"": ""设置"", ""value"": ""流行音效""}",mode_control,"{""device"": """", ""location"": """", ""object"": ""音效模式"", ""operation"": ""设置"", ""value"": ""流行音效""}",Y,Y,Y,
设备,674,设置音效模式为舞曲音效,,,mode_control,"{""device"": """", ""location"": """", ""object"": ""音效模式"", ""operation"": ""设置"", ""value"": ""舞曲音效""}",mode_control,"{""device"": """", ""location"": """", ""object"": ""音效模式"", ""operation"": ""设置"", ""value"": ""舞曲音效""}",Y,Y,Y,
设备,676,音效模式设置为杜比音效,,,mode_control,"{""device"": """", ""location"": """", ""object"": ""音效模式"", ""operation"": ""设置"", ""value"": ""杜比音效""}",mode_control,"{""device"": """", ""location"": """", ""object"": ""音效模式"", ""operation"": ""设置"", ""value"": ""杜比音效""}",Y,Y,Y,
设备,675,设置音效模式为蓝调音效,,,mode_control,"{""device"": """", ""location"": """", ""object"": ""音效模式"", ""operation"": ""设置"", ""value"": ""蓝调音效""}",mode_control,"{""device"": """", ""location"": """", ""object"": ""音效模式"", ""operation"": ""设置"", ""value"": ""蓝调音效""}",Y,Y,Y,
设备,677,音效模式设置为流行音效,,,mode_control,"{""device"": """", ""location"": """", ""object"": ""音效模式"", ""operation"": ""设置"", ""value"": ""流行音效""}",mode_control,"{""device"": """", ""location"": """", ""object"": ""音效模式"", ""operation"": ""设置"", ""value"": ""流行音效""}",Y,Y,Y,
设备,678,音效模式设置为舞曲音效,,,mode_control,"{""device"": """", ""location"": """", ""object"": ""音效模式"", ""operation"": ""设置"", ""value"": ""舞曲音效""}",mode_control,"{""device"": """", ""location"": """", ""object"": ""音效模式"", ""operation"": ""设置"", ""value"": ""舞曲音效""}",Y,Y,Y,
设备,679,音效模式设置为蓝调音效,,,mode_control,"{""device"": """", ""location"": """", ""object"": ""音效模式"", ""operation"": ""设置"", ""value"": ""蓝调音效""}",mode_control,"{""device"": """", ""location"": """", ""object"": ""音效模式"", ""operation"": ""设置"", ""value"": ""蓝调音效""}",Y,Y,Y,
设备,682,切换到舞曲音效,,,mode_control,"{""device"": """", ""location"": """", ""object"": ""音效模式"", ""operation"": ""设置"", ""value"": ""舞曲音效""}",mode_control,"{""device"": """", ""location"": """", ""object"": ""音效模式"", ""operation"": ""设置"", ""value"": ""舞曲音效""}",Y,Y,Y,
设备,681,切换到流行音效,,,mode_control,"{""device"": """", ""location"": """", ""object"": ""音效模式"", ""operation"": ""设置"", ""value"": ""流行音效""}",mode_control,"{""device"": """", ""location"": """", ""object"": ""音效模式"", ""operation"": ""设置"", ""value"": ""流行音效""}",Y,Y,Y,
设备,680,切换到杜比音效,,,mode_control,"{""device"": """", ""location"": """", ""object"": ""音效模式"", ""operation"": ""设置"", ""value"": ""杜比音效""}",mode_control,"{""device"": """", ""location"": """", ""object"": ""音效模式"", ""operation"": ""设置"", ""value"": ""杜比音效""}",Y,Y,Y,
设备,684,打开流行音效模式,,,mode_control,"{""device"": """", ""location"": """", ""object"": ""音效模式"", ""operation"": ""设置"", ""value"": ""流行音效""}",mode_control,"{""device"": """", ""location"": """", ""object"": ""音效模式"", ""operation"": ""设置"", ""value"": ""流行音效""}",Y,Y,Y,
设备,683,打开杜比音效模式,,,mode_control,"{""device"": """", ""location"": """", ""object"": ""音效模式"", ""operation"": ""设置"", ""value"": ""杜比音效""}",mode_control,"{""device"": """", ""location"": """", ""object"": ""音效模式"", ""operation"": ""设置"", ""value"": ""杜比音效""}",Y,Y,Y,
设备,688,音效类型,,,mode_control,"{""device"": """", ""location"": """", ""object"": ""音效模式"", ""operation"": ""设置"", ""value"": """"}",execute,,N,N,N,"object: gold=""音效模式"" pred=; operation: gold=""设置"" pred="
设备,690,声音效果类型,,,mode_control,"{""device"": """", ""location"": """", ""object"": ""音效模式"", ""operation"": ""设置"", ""value"": """"}",execute,,N,N,N,"object: gold=""音效模式"" pred=; operation: gold=""设置"" pred="
设备,686,打开蓝调音效模式,,,mode_control,"{""device"": """", ""location"": """", ""object"": ""音效模式"", ""operation"": ""设置"", ""value"": ""蓝调音效""}",mode_control,"{""device"": """", ""location"": """", ""object"": ""音效模式"", ""operation"": ""设置"", ""value"": ""蓝调音效""}",Y,Y,Y,
设备,685,打开舞曲音效模式,,,mode_control,"{""device"": """", ""location"": """", ""object"": ""音效模式"", ""operation"": ""设置"", ""value"": ""舞曲音效""}",mode_control,"{""device"": """", ""location"": """", ""object"": ""音效模式"", ""operation"": ""设置"", ""value"": ""舞曲音效""}",Y,Y,Y,
设备,687,切换到蓝调音效,,,mode_control,"{""device"": """", ""location"": """", ""object"": ""音效模式"", ""operation"": ""设置"", ""value"": ""蓝调音效""}",mode_control,"{""device"": """", ""location"": """", ""object"": ""音效模式"", ""operation"": ""设置"", ""value"": ""蓝调音效""}",Y,Y,Y,
设备,694,音效风格,,,mode_control,"{""device"": """", ""location"": """", ""object"": ""音效模式"", ""operation"": ""设置"", ""value"": """"}",execute,,N,N,N,"object: gold=""音效模式"" pred=; operation: gold=""设置"" pred="
设备,689,音频效果模式,,,mode_control,"{""device"": """", ""location"": """", ""object"": ""声音模式"", ""operation"": ""设置"", ""value"": """"}",mode_control,"{""device"": """", ""location"": """", ""object"": ""声音模式"", ""operation"": ""设置"", ""value"": """"}",Y,Y,Y,
设备,696,列表播放,,,playback_control,"{""device"": """", ""location"": """", ""object"": ""播放列表"", ""operation"": ""列表播放"", ""value"": """"}",execute,,N,N,N,"object: gold=""播放列表"" pred=; operation: gold=""列表播放"" pred="
设备,692,音效配置,,,mode_control,"{""device"": """", ""location"": """", ""object"": ""音效模式"", ""operation"": ""打开"", ""value"": """"}",mode_control,"{""device"": """", ""location"": """", ""object"": ""音效模式"", ""operation"": ""打开"", ""value"": """"}",Y,Y,Y,
设备,691,音效输出模式,,,mode_control,"{""device"": """", ""location"": """", ""object"": ""音效模式"", ""operation"": ""设置"", ""value"": """"}",mode_control,"{""device"": """", ""location"": """", ""object"": ""音效模式"", ""operation"": ""设置"", ""value"": """"}",Y,Y,Y,
设备,697,顺序播放,,,playback_control,"{""device"": """", ""location"": """", ""object"": ""播放列表"", ""operation"": ""顺序播放"", ""value"": """"}",execute,,N,N,N,"object: gold=""播放列表"" pred=; operation: gold=""顺序播放"" pred="
设备,693,音效调节模式,,,mode_control,"{""device"": """", ""location"": """", ""object"": ""音效模式"", ""operation"": ""设置"", ""value"": """"}",mode_control,"{""device"": """", ""location"": """", ""object"": ""音效模式"", ""operation"": ""设置"", ""value"": """"}",Y,Y,Y,
设备,699,单曲循环,,,playback_control,"{""device"": """", ""location"": """", ""object"": ""播放列表"", ""operation"": ""单曲播放"", ""value"": """"}",playback_control,"{""device"": """", ""location"": """", ""object"": ""播放列表"", ""operation"": ""单曲播放"", ""value"": """"}",Y,Y,Y,
设备,695,音效模式管理,,,mode_control,"{""device"": """", ""location"": """", ""object"": ""音效模式"", ""operation"": ""打开"", ""value"": """"}",mode_control,"{""device"": """", ""location"": """", ""object"": ""音效模式"", ""operation"": ""打开"", ""value"": """"}",Y,Y,Y,
设备,702,播放顺序,,,playback_control,"{""device"": """", ""location"": """", ""object"": """", ""operation"": ""顺序播放"", ""value"": """"}",execute,,N,N,N,"operation: gold=""顺序播放"" pred="
设备,703,列表循环,,,playback_control,"{""device"": """", ""location"": """", ""object"": """", ""operation"": ""循环播放"", ""value"": """"}",playback_control,"{""device"": """", ""location"": """", ""object"": """", ""operation"": ""循环播放"", ""value"": """"}",Y,Y,Y,
设备,700,循环播放,,,playback_control,"{""device"": """", ""location"": """", ""object"": ""播放列表"", ""operation"": ""循环播放"", ""value"": """"}",playback_control,"{""device"": """", ""location"": """", ""object"": ""播放列表"", ""operation"": ""循环播放"", ""value"": """"}",Y,Y,Y,
设备,701,播放模式,,,playback_control,"{""device"": """", ""location"": """", ""object"": """", ""operation"": ""播放"", ""value"": """"}",playback_control,"{""device"": """", ""location"": """", ""object"": """", ""operation"": ""播放"", ""value"": """"}",Y,Y,Y,
设备,705,启动ai壁纸,,,screensaver_control,"{""device"": """", ""location"": """", ""object"": ""ai壁纸"", ""operation"": ""打开"", ""value"": """"}",screensaver_control,"{""device"": """", ""location"": """", ""object"": ""ai壁纸"", ""operation"": ""打开"", ""value"": """"}",Y,Y,Y,
设备,704,打开ai壁纸,,,screensaver_control,"{""device"": """", ""location"": """", ""object"": ""ai壁纸"", ""operation"": ""打开"", ""value"": """"}",screensaver_control,"{""device"": """", ""location"": """", ""object"": ""ai壁纸"", ""operation"": ""打开"", ""value"": """"}",Y,Y,Y,
设备,706,进入ai壁纸,,,screensaver_control,"{""device"": """", ""location"": """", ""object"": ""ai壁纸"", ""operation"": ""打开"", ""value"": """"}",screensaver_control,"{""device"": """", ""location"": """", ""object"": ""ai壁纸"", ""operation"": ""打开"", ""value"": """"}",Y,Y,Y,
设备,707,打开音乐氛围墙,,,audio_control,"{""device"": """", ""location"": """", ""object"": ""音乐氛围墙"", ""operation"": ""打开"", ""value"": """"}",audio_control,"{""device"": """", ""location"": """", ""object"": ""音乐氛围墙"", ""operation"": ""打开"", ""value"": """"}",Y,Y,Y,
设备,708,启动音乐氛围墙,,,audio_control,"{""device"": """", ""location"": """", ""object"": ""音乐氛围墙"", ""operation"": ""打开"", ""value"": """"}",audio_control,"{""device"": """", ""location"": """", ""object"": ""音乐氛围墙"", ""operation"": ""打开"", ""value"": """"}",Y,Y,Y,
设备,709,进入音乐氛围墙,,,audio_control,"{""device"": """", ""location"": """", ""object"": ""音乐氛围墙"", ""operation"": ""打开"", ""value"": """"}",audio_control,"{""device"": """", ""location"": """", ""object"": ""音乐氛围墙"", ""operation"": ""打开"", ""value"": """"}",Y,Y,Y,
设备,710,打开待机选项,,,screensaver_control,"{""device"": """", ""location"": """", ""object"": ""待机选项"", ""operation"": ""打开"", ""value"": """"}",screensaver_control,"{""device"": """", ""location"": """", ""object"": ""待机选项"", ""operation"": ""打开"", ""value"": """"}",Y,Y,Y,
设备,711,启动待机选项,,,screensaver_control,"{""device"": """", ""location"": """", ""object"": ""待机选项"", ""operation"": ""打开"", ""value"": """"}",screensaver_control,"{""device"": """", ""location"": """", ""object"": ""待机选项"", ""operation"": ""打开"", ""value"": """"}",Y,Y,Y,
设备,712,进入待机选项,,,screensaver_control,"{""device"": """", ""location"": """", ""object"": ""待机选项"", ""operation"": ""打开"", ""value"": """"}",screensaver_control,"{""device"": """", ""location"": """", ""object"": ""待机选项"", ""operation"": ""打开"", ""value"": """"}",Y,Y,Y,
设备,713,打开ai动画,,,screensaver_control,"{""device"": """", ""location"": """", ""object"": ""ai动画"", ""operation"": ""打开"", ""value"": """"}",screensaver_control,"{""device"": """", ""location"": """", ""object"": ""ai动画"", ""operation"": ""打开"", ""value"": """"}",Y,Y,Y,
设备,714,启动ai动画,,,screensaver_control,"{""device"": """", ""location"": """", ""object"": ""ai动画"", ""operation"": ""打开"", ""value"": """"}",screensaver_control,"{""device"": """", ""location"": """", ""object"": ""ai动画"", ""operation"": ""打开"", ""value"": """"}",Y,Y,Y,
设备,698,随机播放,,,playback_control,"{""device"": """", ""location"": """", ""object"": ""播放列表"", ""operation"": ""随机播放"", ""value"": """"}",vod_search,"{""action"": ""play"", ""query"": {""field"": ""title"", ""value"": ""随机播放""}, ""retext"": ""随机播放""}",N,N,N,"action: gold= pred=""play""; object: gold=""播放列表"" pred=; operation: gold=""随机播放"" pred=; query: gold= pred={""field"": ""title"", ""value"": ""随机播放""}; retext: gold= pred=""随机播放"""
设备,715,进入ai动画,,,screensaver_control,"{""device"": """", ""location"": """", ""object"": ""ai动画"", ""operation"": ""打开"", ""value"": """"}",screensaver_control,"{""device"": """", ""location"": """", ""object"": ""ai动画"", ""operation"": ""打开"", ""value"": """"}",Y,Y,Y,
设备,716,启动ai节日壁纸,,,screensaver_control,"{""device"": """", ""location"": """", ""object"": ""ai节日壁纸"", ""operation"": ""打开"", ""value"": """"}",screensaver_control,"{""device"": """", ""location"": """", ""object"": ""ai节日壁纸"", ""operation"": ""打开"", ""value"": """"}",Y,Y,Y,
设备,717,进入ai节日壁纸,,,screensaver_control,"{""device"": """", ""location"": """", ""object"": ""ai节日壁纸"", ""operation"": ""打开"", ""value"": """"}",screensaver_control,"{""device"": """", ""location"": """", ""object"": ""ai节日壁纸"", ""operation"": ""打开"", ""value"": """"}",Y,Y,Y,
设备,718,打开安装耳机语音服务,,,common_control,"{""device"": """", ""location"": """", ""object"": ""安装耳机语音服务"", ""operation"": ""打开"", ""value"": """"}",common_control,"{""device"": """", ""location"": """", ""object"": ""安装耳机语音服务"", ""operation"": ""打开"", ""value"": """"}",Y,Y,Y,
设备,719,启动安装耳机语音服务,,,common_control,"{""device"": """", ""location"": """", ""object"": ""安装耳机语音服务"", ""operation"": ""打开"", ""value"": """"}",common_control,"{""device"": """", ""location"": """", ""object"": ""安装耳机语音服务"", ""operation"": ""打开"", ""value"": """"}",Y,Y,Y,
设备,720,进入安装耳机语音服务,,,common_control,"{""device"": """", ""location"": """", ""object"": ""安装耳机语音服务"", ""operation"": ""打开"", ""value"": """"}",common_control,"{""device"": """", ""location"": """", ""object"": ""安装耳机语音服务"", ""operation"": ""打开"", ""value"": """"}",Y,Y,Y,
设备,721,打开安装眼镜语音服务,,,common_control,"{""device"": """", ""location"": """", ""object"": ""安装眼镜语音服务"", ""operation"": ""打开"", ""value"": """"}",common_control,"{""device"": """", ""location"": """", ""object"": ""安装眼镜语音服务"", ""operation"": ""打开"", ""value"": """"}",Y,Y,Y,
设备,722,启动安装眼镜语音服务,,,common_control,"{""device"": """", ""location"": """", ""object"": ""安装眼镜语音服务"", ""operation"": ""打开"", ""value"": """"}",common_control,"{""device"": """", ""location"": """", ""object"": ""安装眼镜语音服务"", ""operation"": ""打开"", ""value"": """"}",Y,Y,Y,
设备,723,进入安装眼镜语音服务,,,common_control,"{""device"": """", ""location"": """", ""object"": ""安装眼镜语音服务"", ""operation"": ""打开"", ""value"": """"}",common_control,"{""device"": """", ""location"": """", ""object"": ""安装眼镜语音服务"", ""operation"": ""打开"", ""value"": """"}",Y,Y,Y,
设备,725,打开主页,,,common_control,"{""device"": """", ""location"": """", ""object"": ""主页"", ""operation"": ""打开"", ""value"": """"}",common_control,"{""device"": """", ""location"": """", ""object"": ""主页"", ""operation"": ""打开"", ""value"": """"}",Y,Y,Y,
设备,724,打开ai节日壁纸,,,screensaver_control,"{""device"": """", ""location"": """", ""object"": ""ai节日壁纸"", ""operation"": ""打开"", ""value"": """"}",screensaver_control,"{""device"": """", ""location"": """", ""object"": ""ai节日壁纸"", ""operation"": ""打开"", ""value"": """"}",Y,Y,Y,
设备,726,启动主页,,,common_control,"{""device"": """", ""location"": """", ""object"": ""主页"", ""operation"": ""打开"", ""value"": """"}",common_control,"{""device"": """", ""location"": """", ""object"": ""主页"", ""operation"": ""打开"", ""value"": """"}",Y,Y,Y,
设备,729,启动多任务切换,,,common_control,"{""device"": """", ""location"": """", ""object"": ""多任务切换"", ""operation"": ""打开"", ""value"": """"}",common_control,"{""device"": """", ""location"": """", ""object"": ""多任务切换"", ""operation"": ""打开"", ""value"": """"}",Y,Y,Y,
设备,727,进入主页,,,common_control,"{""device"": """", ""location"": """", ""object"": ""主页"", ""operation"": ""打开"", ""value"": """"}",common_control,"{""device"": """", ""location"": """", ""object"": ""主页"", ""operation"": ""打开"", ""value"": """"}",Y,Y,Y,
设备,728,打开多任务切换,,,common_control,"{""device"": """", ""location"": """", ""object"": ""多任务切换"", ""operation"": ""打开"", ""value"": """"}",common_control,"{""device"": """", ""location"": """", ""object"": ""多任务切换"", ""operation"": ""打开"", ""value"": """"}",Y,Y,Y,
设备,730,进入多任务切换,,,common_control,"{""device"": """", ""location"": """", ""object"": ""多任务切换"", ""operation"": ""打开"", ""value"": """"}",common_control,"{""device"": """", ""location"": """", ""object"": ""多任务切换"", ""operation"": ""打开"", ""value"": """"}",Y,Y,Y,
设备,731,打开竖屏短视频,,,screen_lift_rotation,"{""device"": """", ""location"": """", ""object"": ""竖屏短视频"", ""operation"": ""打开"", ""value"": """"}",vod_fuzzy_search,"{""retext"": ""打开竖屏短视频""}",N,N,N,"object: gold=""竖屏短视频"" pred=; operation: gold=""打开"" pred=; retext: gold= pred=""打开竖屏短视频"""
设备,732,启动竖屏短视频,,,screen_lift_rotation,"{""device"": """", ""location"": """", ""object"": ""竖屏短视频"", ""operation"": ""打开"", ""value"": """"}",screen_lift_rotation,"{""device"": """", ""location"": """", ""object"": ""竖屏短视频"", ""operation"": ""打开"", ""value"": """"}",Y,Y,Y,
设备,735,启动主题,,,common_control,"{""device"": """", ""location"": """", ""object"": ""主题"", ""operation"": ""打开"", ""value"": """"}",execute,,N,N,N,"object: gold=""主题"" pred=; operation: gold=""打开"" pred="
设备,736,进入主题,,,common_control,"{""device"": """", ""location"": """", ""object"": ""主题"", ""operation"": ""打开"", ""value"": """"}",execute,,N,N,N,"object: gold=""主题"" pred=; operation: gold=""打开"" pred="
设备,733,进入竖屏短视频,,,screen_lift_rotation,"{""device"": """", ""location"": """", ""object"": ""竖屏短视频"", ""operation"": ""打开"", ""value"": """"}",screen_lift_rotation,"{""device"": """", ""location"": """", ""object"": ""竖屏短视频"", ""operation"": ""打开"", ""value"": """"}",Y,Y,Y,
设备,734,打开主题,,,common_control,"{""device"": """", ""location"": """", ""object"": ""主题"", ""operation"": ""打开"", ""value"": """"}",common_control,"{""device"": """", ""location"": """", ""object"": ""主题"", ""operation"": ""打开"", ""value"": """"}",Y,Y,Y,
设备,737,打开语言设置,,,common_control,"{""device"": """", ""location"": """", ""object"": ""语言设置"", ""operation"": ""打开"", ""value"": """"}",common_control,"{""device"": """", ""location"": """", ""object"": ""语言设置"", ""operation"": ""打开"", ""value"": """"}",Y,Y,Y,
设备,738,启动语言设置,,,common_control,"{""device"": """", ""location"": """", ""object"": ""语言设置"", ""operation"": ""打开"", ""value"": """"}",common_control,"{""device"": """", ""location"": """", ""object"": ""语言设置"", ""operation"": ""打开"", ""value"": """"}",Y,Y,Y,
设备,739,进入语言设置,,,common_control,"{""device"": """", ""location"": """", ""object"": ""语言设置"", ""operation"": ""打开"", ""value"": """"}",common_control,"{""device"": """", ""location"": """", ""object"": ""语言设置"", ""operation"": ""打开"", ""value"": """"}",Y,Y,Y,
设备,740,打开输入法设置,,,common_control,"{""device"": """", ""location"": """", ""object"": ""输入法设置"", ""operation"": ""打开"", ""value"": """"}",common_control,"{""device"": """", ""location"": """", ""object"": ""输入法设置"", ""operation"": ""打开"", ""value"": """"}",Y,Y,Y,
设备,741,启动输入法设置,,,common_control,"{""device"": """", ""location"": """", ""object"": ""输入法设置"", ""operation"": ""打开"", ""value"": """"}",common_control,"{""device"": """", ""location"": """", ""object"": ""输入法设置"", ""operation"": ""打开"", ""value"": """"}",Y,Y,Y,
设备,742,进入输入法设置,,,common_control,"{""device"": """", ""location"": """", ""object"": ""输入法设置"", ""operation"": ""打开"", ""value"": """"}",common_control,"{""device"": """", ""location"": """", ""object"": ""输入法设置"", ""operation"": ""打开"", ""value"": """"}",Y,Y,Y,
设备,744,启动多屏互动,,,common_control,"{""device"": """", ""location"": """", ""object"": ""多屏互动"", ""operation"": ""打开"", ""value"": """"}",common_control,"{""device"": """", ""location"": """", ""object"": ""多屏互动"", ""operation"": ""打开"", ""value"": """"}",Y,Y,Y,
设备,743,打开多屏互动,,,common_control,"{""device"": """", ""location"": """", ""object"": ""多屏互动"", ""operation"": ""打开"", ""value"": """"}",common_control,"{""device"": """", ""location"": """", ""object"": ""多屏互动"", ""operation"": ""打开"", ""value"": """"}",Y,Y,Y,
设备,745,进入多屏互动,,,common_control,"{""device"": """", ""location"": """", ""object"": ""多屏互动"", ""operation"": ""打开"", ""value"": """"}",common_control,"{""device"": """", ""location"": """", ""object"": ""多屏互动"", ""operation"": ""打开"", ""value"": """"}",Y,Y,Y,
设备,746,打开设置,,,common_control,"{""device"": """", ""location"": """", ""object"": ""设置"", ""operation"": ""打开"", ""value"": """"}",common_control,"{""device"": """", ""location"": """", ""object"": ""设置"", ""operation"": ""打开"", ""value"": """"}",Y,Y,Y,
设备,747,启动设置,,,common_control,"{""device"": """", ""location"": """", ""object"": ""设置"", ""operation"": ""打开"", ""value"": """"}",common_control,"{""device"": """", ""location"": """", ""object"": ""设置"", ""operation"": ""打开"", ""value"": """"}",Y,Y,Y,
设备,748,进入设置,,,common_control,"{""device"": """", ""location"": """", ""object"": ""设置"", ""operation"": ""打开"", ""value"": """"}",common_control,"{""device"": """", ""location"": """", ""object"": ""设置"", ""operation"": ""打开"", ""value"": """"}",Y,Y,Y,
设备,749,打开网络设置,,,network_control,"{""device"": """", ""location"": """", ""object"": ""网络设置"", ""operation"": ""打开"", ""value"": """"}",network_control,"{""device"": """", ""location"": """", ""object"": ""网络设置"", ""operation"": ""打开"", ""value"": """"}",Y,Y,Y,
设备,751,进入网络设置,,,network_control,"{""device"": """", ""location"": """", ""object"": ""网络设置"", ""operation"": ""打开"", ""value"": """"}",network_control,"{""device"": """", ""location"": """", ""object"": ""网络设置"", ""operation"": ""打开"", ""value"": """"}",Y,Y,Y,
设备,750,启动网络设置,,,network_control,"{""device"": """", ""location"": """", ""object"": ""网络设置"", ""operation"": ""打开"", ""value"": """"}",network_control,"{""device"": """", ""location"": """", ""object"": ""网络设置"", ""operation"": ""打开"", ""value"": """"}",Y,Y,Y,
设备,752,打开系统设置,,,common_control,"{""device"": """", ""location"": """", ""object"": ""系统设置"", ""operation"": ""打开"", ""value"": """"}",common_control,"{""device"": """", ""location"": """", ""object"": ""系统设置"", ""operation"": ""打开"", ""value"": """"}",Y,Y,Y,
设备,753,启动系统设置,,,common_control,"{""device"": """", ""location"": """", ""object"": ""系统设置"", ""operation"": ""打开"", ""value"": """"}",common_control,"{""device"": """", ""location"": """", ""object"": ""系统设置"", ""operation"": ""打开"", ""value"": """"}",Y,Y,Y,
设备,754,进入系统设置,,,common_control,"{""device"": """", ""location"": """", ""object"": ""系统设置"", ""operation"": ""打开"", ""value"": """"}",common_control,"{""device"": """", ""location"": """", ""object"": ""系统设置"", ""operation"": ""打开"", ""value"": """"}",Y,Y,Y,
设备,755,打开声音设置,,,audio_control,"{""device"": """", ""location"": """", ""object"": ""声音设置"", ""operation"": ""打开"", ""value"": """"}",audio_control,"{""device"": """", ""location"": """", ""object"": ""声音设置"", ""operation"": ""打开"", ""value"": """"}",Y,Y,Y,
设备,756,启动声音设置,,,audio_control,"{""device"": """", ""location"": """", ""object"": ""声音设置"", ""operation"": ""打开"", ""value"": """"}",audio_control,"{""device"": """", ""location"": """", ""object"": ""声音设置"", ""operation"": ""打开"", ""value"": """"}",Y,Y,Y,
设备,757,进入声音设置,,,audio_control,"{""device"": """", ""location"": """", ""object"": ""声音设置"", ""operation"": ""打开"", ""value"": """"}",audio_control,"{""device"": """", ""location"": """", ""object"": ""声音设置"", ""operation"": ""打开"", ""value"": """"}",Y,Y,Y,
设备,758,打开3D设置,,,display_control,"{""device"": """", ""location"": """", ""object"": ""3d设置"", ""operation"": ""打开"", ""value"": """"}",display_control,"{""device"": """", ""location"": """", ""object"": ""3d设置"", ""operation"": ""打开"", ""value"": """"}",Y,Y,Y,
设备,759,启动3D设置,,,display_control,"{""device"": """", ""location"": """", ""object"": ""3d设置"", ""operation"": ""打开"", ""value"": """"}",display_control,"{""device"": """", ""location"": """", ""object"": ""3d设置"", ""operation"": ""打开"", ""value"": """"}",Y,Y,Y,
设备,762,启动蓝牙设置,,,common_control,"{""device"": """", ""location"": """", ""object"": ""蓝牙设置"", ""operation"": ""打开"", ""value"": """"}",common_control,"{""device"": """", ""location"": """", ""object"": ""蓝牙设置"", ""operation"": ""打开"", ""value"": """"}",Y,Y,Y,
设备,760,进入3D设置,,,display_control,"{""device"": """", ""location"": """", ""object"": ""3d设置"", ""operation"": ""打开"", ""value"": """"}",display_control,"{""device"": """", ""location"": """", ""object"": ""3d设置"", ""operation"": ""打开"", ""value"": """"}",Y,Y,Y,
设备,761,打开蓝牙设置,,,common_control,"{""device"": """", ""location"": """", ""object"": ""蓝牙设置"", ""operation"": ""打开"", ""value"": """"}",common_control,"{""device"": """", ""location"": """", ""object"": ""蓝牙设置"", ""operation"": ""打开"", ""value"": """"}",Y,Y,Y,
设备,763,进入蓝牙设置,,,common_control,"{""device"": """", ""location"": """", ""object"": ""蓝牙设置"", ""operation"": ""打开"", ""value"": """"}",common_control,"{""device"": """", ""location"": """", ""object"": ""蓝牙设置"", ""operation"": ""打开"", ""value"": """"}",Y,Y,Y,
设备,764,打开个性化定制界面,,,common_control,"{""device"": """", ""location"": """", ""object"": ""个性化定制界面"", ""operation"": ""打开"", ""value"": """"}",common_control,"{""device"": """", ""location"": """", ""object"": ""个性化定制界面"", ""operation"": ""打开"", ""value"": """"}",Y,Y,Y,
设备,765,启动个性化定制界面,,,common_control,"{""device"": """", ""location"": """", ""object"": ""个性化定制界面"", ""operation"": ""打开"", ""value"": """"}",common_control,"{""device"": """", ""location"": """", ""object"": ""个性化定制界面"", ""operation"": ""打开"", ""value"": """"}",Y,Y,Y,
设备,766,进入个性化定制界面,,,common_control,"{""device"": """", ""location"": """", ""object"": ""个性化定制界面"", ""operation"": ""打开"", ""value"": """"}",common_control,"{""device"": """", ""location"": """", ""object"": ""个性化定制界面"", ""operation"": ""打开"", ""value"": """"}",Y,Y,Y,
设备,767,打开通用设置,,,common_control,"{""device"": """", ""location"": """", ""object"": ""通用设置"", ""operation"": ""打开"", ""value"": """"}",common_control,"{""device"": """", ""location"": """", ""object"": ""通用设置"", ""operation"": ""打开"", ""value"": """"}",Y,Y,Y,
设备,771,启动关于电视,,,common_control,"{""device"": """", ""location"": """", ""object"": ""关于电视"", ""operation"": ""打开"", ""value"": """"}",common_control,"{""device"": """", ""location"": """", ""object"": ""关于电视"", ""operation"": ""打开"", ""value"": """"}",Y,Y,Y,
设备,768,启动通用设置,,,common_control,"{""device"": """", ""location"": """", ""object"": ""通用设置"", ""operation"": ""打开"", ""value"": """"}",common_control,"{""device"": """", ""location"": """", ""object"": ""通用设置"", ""operation"": ""打开"", ""value"": """"}",Y,Y,Y,
设备,772,进入关于电视,,,common_control,"{""device"": """", ""location"": """", ""object"": ""关于电视"", ""operation"": ""打开"", ""value"": """"}",common_control,"{""device"": """", ""location"": """", ""object"": ""关于电视"", ""operation"": ""打开"", ""value"": """"}",Y,Y,Y,
设备,769,进入通用设置,,,common_control,"{""device"": """", ""location"": """", ""object"": ""通用设置"", ""operation"": ""打开"", ""value"": """"}",common_control,"{""device"": """", ""location"": """", ""object"": ""通用设置"", ""operation"": ""打开"", ""value"": """"}",Y,Y,Y,
设备,770,打开关于电视,,,common_control,"{""device"": """", ""location"": """", ""object"": ""关于电视"", ""operation"": ""打开"", ""value"": """"}",common_control,"{""device"": """", ""location"": """", ""object"": ""关于电视"", ""operation"": ""打开"", ""value"": """"}",Y,Y,Y,
设备,773,打开存储空间,,,common_control,"{""device"": """", ""location"": """", ""object"": ""存储空间"", ""operation"": ""打开"", ""value"": """"}",common_control,"{""device"": """", ""location"": """", ""object"": ""存储空间"", ""operation"": ""打开"", ""value"": """"}",Y,Y,Y,
设备,775,进入存储空间,,,common_control,"{""device"": """", ""location"": """", ""object"": ""存储空间"", ""operation"": ""打开"", ""value"": """"}",common_control,"{""device"": """", ""location"": """", ""object"": ""存储空间"", ""operation"": ""打开"", ""value"": """"}",Y,Y,Y,
设备,774,启动存储空间,,,common_control,"{""device"": """", ""location"": """", ""object"": ""存储空间"", ""operation"": ""打开"", ""value"": """"}",common_control,"{""device"": """", ""location"": """", ""object"": ""存储空间"", ""operation"": ""打开"", ""value"": """"}",Y,Y,Y,
设备,776,打开快速启动键定制,,,common_control,"{""device"": """", ""location"": """", ""object"": ""快速启动键定制"", ""operation"": ""打开"", ""value"": """"}",common_control,"{""device"": """", ""location"": """", ""object"": ""快速启动键定制"", ""operation"": ""打开"", ""value"": """"}",Y,Y,Y,
设备,777,启动快速启动键定制,,,common_control,"{""device"": """", ""location"": """", ""object"": ""快速启动键定制"", ""operation"": ""打开"", ""value"": """"}",common_control,"{""device"": """", ""location"": """", ""object"": ""快速启动键定制"", ""operation"": ""打开"", ""value"": """"}",Y,Y,Y,
设备,780,启动开机图片定制,,,common_control,"{""device"": """", ""location"": """", ""object"": ""开机图片定制"", ""operation"": ""打开"", ""value"": """"}",common_control,"{""device"": """", ""location"": """", ""object"": ""开机图片定制"", ""operation"": ""打开"", ""value"": """"}",Y,Y,Y,
设备,781,进入开机图片定制,,,common_control,"{""device"": """", ""location"": """", ""object"": ""开机图片定制"", ""operation"": ""打开"", ""value"": """"}",common_control,"{""device"": """", ""location"": """", ""object"": ""开机图片定制"", ""operation"": ""打开"", ""value"": """"}",Y,Y,Y,
设备,778,进入快速启动键定制,,,common_control,"{""device"": """", ""location"": """", ""object"": ""快速启动键定制"", ""operation"": ""打开"", ""value"": """"}",common_control,"{""device"": """", ""location"": """", ""object"": ""快速启动键定制"", ""operation"": ""打开"", ""value"": """"}",Y,Y,Y,
设备,779,打开开机图片定制,,,common_control,"{""device"": """", ""location"": """", ""object"": ""开机图片定制"", ""operation"": ""打开"", ""value"": """"}",common_control,"{""device"": """", ""location"": """", ""object"": ""开机图片定制"", ""operation"": ""打开"", ""value"": """"}",Y,Y,Y,
设备,783,启动关机动画定制,,,common_control,"{""device"": """", ""location"": """", ""object"": ""关机动画定制"", ""operation"": ""打开"", ""value"": """"}",common_control,"{""device"": """", ""location"": """", ""object"": ""关机动画定制"", ""operation"": ""打开"", ""value"": """"}",Y,Y,Y,
设备,785,打开声音主题定制,,,audio_control,"{""device"": """", ""location"": """", ""object"": ""声音主题定制"", ""operation"": ""打开"", ""value"": """"}",audio_control,"{""device"": """", ""location"": """", ""object"": ""声音主题定制"", ""operation"": ""打开"", ""value"": """"}",Y,Y,Y,
设备,784,进入关机动画定制,,,common_control,"{""device"": """", ""location"": """", ""object"": ""关机动画定制"", ""operation"": ""打开"", ""value"": """"}",common_control,"{""device"": """", ""location"": """", ""object"": ""关机动画定制"", ""operation"": ""打开"", ""value"": """"}",Y,Y,Y,
设备,786,启动声音主题定制,,,audio_control,"{""device"": """", ""location"": """", ""object"": ""声音主题定制"", ""operation"": ""打开"", ""value"": """"}",audio_control,"{""device"": """", ""location"": """", ""object"": ""声音主题定制"", ""operation"": ""打开"", ""value"": """"}",Y,Y,Y,
设备,787,进入声音主题定制,,,audio_control,"{""device"": """", ""location"": """", ""object"": ""声音主题定制"", ""operation"": ""打开"", ""value"": """"}",audio_control,"{""device"": """", ""location"": """", ""object"": ""声音主题定制"", ""operation"": ""打开"", ""value"": """"}",Y,Y,Y,
设备,788,打开摄像头控制模式,,,smart_camera,"{""device"": """", ""location"": """", ""object"": ""摄像头控制模式"", ""operation"": ""打开"", ""value"": """"}",smart_camera,"{""device"": """", ""location"": """", ""object"": ""摄像头控制模式"", ""operation"": ""打开"", ""value"": """"}",Y,Y,Y,
设备,790,进入摄像头控制模式,,,smart_camera,"{""device"": """", ""location"": """", ""object"": ""摄像头控制模式"", ""operation"": ""打开"", ""value"": """"}",smart_camera,"{""device"": """", ""location"": """", ""object"": ""摄像头控制模式"", ""operation"": ""打开"", ""value"": """"}",Y,Y,Y,
设备,791,打开开机全时段升起,,,smart_camera,"{""device"": """", ""location"": """", ""object"": ""开机全时段升起"", ""operation"": ""打开"", ""value"": """"}",smart_camera,"{""device"": """", ""location"": """", ""object"": ""开机全时段升起"", ""operation"": ""打开"", ""value"": """"}",Y,Y,Y,
设备,782,打开关机动画定制,,,common_control,"{""device"": """", ""location"": """", ""object"": ""关机动画定制"", ""operation"": ""打开"", ""value"": """"}",common_control,"{""device"": """", ""location"": """", ""object"": ""关机动画定制"", ""operation"": ""打开"", ""value"": """"}",Y,Y,Y,
设备,789,启动摄像头控制模式,,,smart_camera,"{""device"": """", ""location"": """", ""object"": ""摄像头控制模式"", ""operation"": ""打开"", ""value"": """"}",smart_camera,"{""device"": """", ""location"": """", ""object"": ""摄像头控制模式"", ""operation"": ""打开"", ""value"": """"}",Y,Y,Y,
设备,792,启动开机全时段升起,,,smart_camera,"{""device"": """", ""location"": """", ""object"": ""开机全时段升起"", ""operation"": ""打开"", ""value"": """"}",smart_camera,"{""device"": """", ""location"": """", ""object"": ""开机全时段升起"", ""operation"": ""打开"", ""value"": """"}",Y,Y,Y,
设备,793,进入开机全时段升起,,,smart_camera,"{""device"": """", ""location"": """", ""object"": ""开机全时段升起"", ""operation"": ""打开"", ""value"": """"}",smart_camera,"{""device"": """", ""location"": """", ""object"": ""开机全时段升起"", ""operation"": ""打开"", ""value"": """"}",Y,Y,Y,
设备,797,打开智能升降,,,smart_camera,"{""device"": """", ""location"": """", ""object"": ""智能升降"", ""operation"": ""打开"", ""value"": """"}",smart_camera,"{""device"": """", ""location"": """", ""object"": ""智能升降"", ""operation"": ""打开"", ""value"": """"}",Y,Y,Y,
设备,794,打开首次使用升起,,,smart_camera,"{""device"": """", ""location"": """", ""object"": ""首次使用升起"", ""operation"": ""打开"", ""value"": """"}",smart_camera,"{""device"": """", ""location"": """", ""object"": ""首次使用升起"", ""operation"": ""打开"", ""value"": """"}",Y,Y,Y,
设备,795,启动首次使用升起,,,smart_camera,"{""device"": """", ""location"": """", ""object"": ""首次使用升起"", ""operation"": ""打开"", ""value"": """"}",smart_camera,"{""device"": """", ""location"": """", ""object"": ""首次使用升起"", ""operation"": ""打开"", ""value"": """"}",Y,Y,Y,
设备,796,进入首次使用升起,,,smart_camera,"{""device"": """", ""location"": """", ""object"": ""首次使用升起"", ""operation"": ""打开"", ""value"": """"}",smart_camera,"{""device"": """", ""location"": """", ""object"": ""首次使用升起"", ""operation"": ""打开"", ""value"": """"}",Y,Y,Y,
设备,798,启动智能升降,,,smart_camera,"{""device"": """", ""location"": """", ""object"": ""智能升降"", ""operation"": ""打开"", ""value"": """"}",smart_camera,"{""device"": """", ""location"": """", ""object"": ""智能升降"", ""operation"": ""打开"", ""value"": """"}",Y,Y,Y,
设备,799,进入智能升降,,,smart_camera,"{""device"": """", ""location"": """", ""object"": ""智能升降"", ""operation"": ""打开"", ""value"": """"}",smart_camera,"{""device"": """", ""location"": """", ""object"": ""智能升降"", ""operation"": ""打开"", ""value"": """"}",Y,Y,Y,
设备,801,启动摄像头锁,,,smart_camera,"{""device"": """", ""location"": """", ""object"": ""摄像头锁"", ""operation"": ""打开"", ""value"": """"}",smart_camera,"{""device"": """", ""location"": """", ""object"": ""摄像头锁"", ""operation"": ""打开"", ""value"": """"}",Y,Y,Y,
设备,800,打开摄像头锁,,,smart_camera,"{""device"": """", ""location"": """", ""object"": ""摄像头锁"", ""operation"": ""打开"", ""value"": """"}",smart_camera,"{""device"": """", ""location"": """", ""object"": ""摄像头锁"", ""operation"": ""打开"", ""value"": """"}",Y,Y,Y,
设备,802,进入摄像头锁,,,smart_camera,"{""device"": """", ""location"": """", ""object"": ""摄像头锁"", ""operation"": ""打开"", ""value"": """"}",smart_camera,"{""device"": """", ""location"": """", ""object"": ""摄像头锁"", ""operation"": ""打开"", ""value"": """"}",Y,Y,Y,
设备,804,启动智能设置,,,smart_camera,"{""device"": """", ""location"": """", ""object"": ""智能设置"", ""operation"": ""打开"", ""value"": """"}",smart_camera,"{""device"": """", ""location"": """", ""object"": ""智能设置"", ""operation"": ""打开"", ""value"": """"}",Y,Y,Y,
设备,803,打开智能设置,,,smart_camera,"{""device"": """", ""location"": """", ""object"": ""智能设置"", ""operation"": ""打开"", ""value"": """"}",smart_camera,"{""device"": """", ""location"": """", ""object"": ""智能设置"", ""operation"": ""打开"", ""value"": """"}",Y,Y,Y,
设备,806,打开手动调整摄像头,,,smart_camera,"{""device"": """", ""location"": """", ""object"": ""手动调整摄像头"", ""operation"": ""打开"", ""value"": """"}",smart_camera,"{""device"": """", ""location"": """", ""object"": ""手动调整摄像头"", ""operation"": ""打开"", ""value"": """"}",Y,Y,Y,
设备,805,进入智能设置,,,smart_camera,"{""device"": """", ""location"": """", ""object"": ""智能设置"", ""operation"": ""打开"", ""value"": """"}",smart_camera,"{""device"": """", ""location"": """", ""object"": ""智能设置"", ""operation"": ""打开"", ""value"": """"}",Y,Y,Y,
设备,807,启动手动调整摄像头,,,smart_camera,"{""device"": """", ""location"": """", ""object"": ""手动调整摄像头"", ""operation"": ""打开"", ""value"": """"}",smart_camera,"{""device"": """", ""location"": """", ""object"": ""手动调整摄像头"", ""operation"": ""打开"", ""value"": """"}",Y,Y,Y,
设备,811,打开摄像头控制开关,,,smart_camera,"{""device"": """", ""location"": """", ""object"": ""摄像头控制开关"", ""operation"": ""打开"", ""value"": """"}",smart_camera,"{""device"": """", ""location"": """", ""object"": ""摄像头控制开关"", ""operation"": ""打开"", ""value"": """"}",Y,Y,Y,
设备,808,打开自动调整摄像头,,,smart_camera,"{""device"": """", ""location"": """", ""object"": ""自动调整摄像头"", ""operation"": ""打开"", ""value"": """"}",smart_camera,"{""device"": """", ""location"": """", ""object"": ""自动调整摄像头"", ""operation"": ""打开"", ""value"": """"}",Y,Y,Y,
设备,810,进入自动调整摄像头,,,smart_camera,"{""device"": """", ""location"": """", ""object"": ""自动调整摄像头"", ""operation"": ""打开"", ""value"": """"}",smart_camera,"{""device"": """", ""location"": """", ""object"": ""自动调整摄像头"", ""operation"": ""打开"", ""value"": """"}",Y,Y,Y,
设备,809,启动自动调整摄像头,,,smart_camera,"{""device"": """", ""location"": """", ""object"": ""自动调整摄像头"", ""operation"": ""打开"", ""value"": """"}",smart_camera,"{""device"": """", ""location"": """", ""object"": ""自动调整摄像头"", ""operation"": ""打开"", ""value"": """"}",Y,Y,Y,
设备,812,启动摄像头控制开关,,,smart_camera,"{""device"": """", ""location"": """", ""object"": ""摄像头控制开关"", ""operation"": ""打开"", ""value"": """"}",smart_camera,"{""device"": """", ""location"": """", ""object"": ""摄像头控制开关"", ""operation"": ""打开"", ""value"": """"}",Y,Y,Y,
设备,813,进入摄像头控制开关,,,smart_camera,"{""device"": """", ""location"": """", ""object"": ""摄像头控制开关"", ""operation"": ""打开"", ""value"": """"}",smart_camera,"{""device"": """", ""location"": """", ""object"": ""摄像头控制开关"", ""operation"": ""打开"", ""value"": """"}",Y,Y,Y,
设备,814,打开摄像头单次俯仰控制,,,smart_camera,"{""device"": """", ""location"": """", ""object"": ""摄像头单次俯仰控制"", ""operation"": ""打开"", ""value"": """"}",smart_camera,"{""device"": """", ""location"": """", ""object"": ""摄像头单次俯仰控制"", ""operation"": ""打开"", ""value"": """"}",Y,Y,Y,
设备,815,启动摄像头单次俯仰控制,,,smart_camera,"{""device"": """", ""location"": """", ""object"": ""摄像头单次俯仰控制"", ""operation"": ""打开"", ""value"": """"}",smart_camera,"{""device"": """", ""location"": """", ""object"": ""摄像头单次俯仰控制"", ""operation"": ""打开"", ""value"": """"}",Y,Y,Y,
设备,816,进入摄像头单次俯仰控制,,,smart_camera,"{""device"": """", ""location"": """", ""object"": ""摄像头单次俯仰控制"", ""operation"": ""打开"", ""value"": """"}",smart_camera,"{""device"": """", ""location"": """", ""object"": ""摄像头单次俯仰控制"", ""operation"": ""打开"", ""value"": """"}",Y,Y,Y,
设备,817,打开手动控制摄像头锁帮助,,,smart_camera,"{""device"": """", ""location"": """", ""object"": ""手动控制摄像头锁帮助"", ""operation"": ""打开"", ""value"": """"}",smart_camera,"{""device"": """", ""location"": """", ""object"": ""手动控制摄像头锁帮助"", ""operation"": ""打开"", ""value"": """"}",Y,Y,Y,
设备,818,启动手动控制摄像头锁帮助,,,smart_camera,"{""device"": """", ""location"": """", ""object"": ""手动控制摄像头锁帮助"", ""operation"": ""打开"", ""value"": """"}",smart_camera,"{""device"": """", ""location"": """", ""object"": ""手动控制摄像头锁帮助"", ""operation"": ""打开"", ""value"": """"}",Y,Y,Y,
设备,819,进入手动控制摄像头锁帮助,,,smart_camera,"{""device"": """", ""location"": """", ""object"": ""手动控制摄像头锁帮助"", ""operation"": ""打开"", ""value"": """"}",smart_camera,"{""device"": """", ""location"": """", ""object"": ""手动控制摄像头锁帮助"", ""operation"": ""打开"", ""value"": """"}",Y,Y,Y,
设备,820,打开云台摄像头使用模式,,,smart_camera,"{""device"": """", ""location"": """", ""object"": ""云台摄像头使用模式"", ""operation"": ""打开"", ""value"": """"}",smart_camera,"{""device"": """", ""location"": """", ""object"": ""云台摄像头使用模式"", ""operation"": ""打开"", ""value"": """"}",Y,Y,Y,
设备,821,启动云台摄像头使用模式,,,smart_camera,"{""device"": """", ""location"": """", ""object"": ""云台摄像头使用模式"", ""operation"": ""打开"", ""value"": """"}",smart_camera,"{""device"": """", ""location"": """", ""object"": ""云台摄像头使用模式"", ""operation"": ""打开"", ""value"": """"}",Y,Y,Y,
设备,822,进入云台摄像头使用模式,,,smart_camera,"{""device"": """", ""location"": """", ""object"": ""云台摄像头使用模式"", ""operation"": ""打开"", ""value"": """"}",smart_camera,"{""device"": """", ""location"": """", ""object"": ""云台摄像头使用模式"", ""operation"": ""打开"", ""value"": """"}",Y,Y,Y,
设备,823,打开摄像头表情控制,,,smart_camera,"{""device"": """", ""location"": """", ""object"": ""摄像头表情控制"", ""operation"": ""打开"", ""value"": """"}",smart_camera,"{""device"": """", ""location"": """", ""object"": ""摄像头表情控制"", ""operation"": ""打开"", ""value"": """"}",Y,Y,Y,
设备,824,进入手动调整摄像头,,,smart_camera,"{""device"": """", ""location"": """", ""object"": ""手动调整摄像头"", ""operation"": ""打开"", ""value"": """"}",smart_camera,"{""device"": """", ""location"": """", ""object"": ""手动调整摄像头"", ""operation"": ""打开"", ""value"": """"}",Y,Y,Y,
设备,825,启动摄像头表情控制,,,smart_camera,"{""device"": """", ""location"": """", ""object"": ""摄像头表情控制"", ""operation"": ""打开"", ""value"": """"}",smart_camera,"{""device"": """", ""location"": """", ""object"": ""摄像头表情控制"", ""operation"": ""打开"", ""value"": """"}",Y,Y,Y,
设备,827,打开颜色主题定制,,,common_control,"{""device"": """", ""location"": """", ""object"": ""颜色主题定制"", ""operation"": ""打开"", ""value"": """"}",common_control,"{""device"": """", ""location"": """", ""object"": ""颜色主题定制"", ""operation"": ""打开"", ""value"": """"}",Y,Y,Y,
设备,826,进入摄像头表情控制,,,smart_camera,"{""device"": """", ""location"": """", ""object"": ""摄像头表情控制"", ""operation"": ""打开"", ""value"": """"}",smart_camera,"{""device"": """", ""location"": """", ""object"": ""摄像头表情控制"", ""operation"": ""打开"", ""value"": """"}",Y,Y,Y,
设备,829,进入颜色主题定制,,,common_control,"{""device"": """", ""location"": """", ""object"": ""颜色主题定制"", ""operation"": ""打开"", ""value"": """"}",common_control,"{""device"": """", ""location"": """", ""object"": ""颜色主题定制"", ""operation"": ""打开"", ""value"": """"}",Y,Y,Y,
设备,828,启动颜色主题定制,,,common_control,"{""device"": """", ""location"": """", ""object"": ""颜色主题定制"", ""operation"": ""打开"", ""value"": """"}",common_control,"{""device"": """", ""location"": """", ""object"": ""颜色主题定制"", ""operation"": ""打开"", ""value"": """"}",Y,Y,Y,
设备,830,打开本机信息,,,common_control,"{""device"": """", ""location"": """", ""object"": ""本机信息"", ""operation"": ""打开"", ""value"": """"}",common_control,"{""device"": """", ""location"": """", ""object"": ""本机信息"", ""operation"": ""打开"", ""value"": """"}",Y,Y,Y,
设备,831,启动本机信息,,,common_control,"{""device"": """", ""location"": """", ""object"": ""本机信息"", ""operation"": ""打开"", ""value"": """"}",common_control,"{""device"": """", ""location"": """", ""object"": ""本机信息"", ""operation"": ""打开"", ""value"": """"}",Y,Y,Y,
设备,832,进入本机信息,,,common_control,"{""device"": """", ""location"": """", ""object"": ""本机信息"", ""operation"": ""打开"", ""value"": """"}",common_control,"{""device"": """", ""location"": """", ""object"": ""本机信息"", ""operation"": ""打开"", ""value"": """"}",Y,Y,Y,
设备,833,打开几何校正,,,display_control,"{""device"": """", ""location"": """", ""object"": ""几何校正"", ""operation"": ""打开"", ""value"": """"}",display_control,"{""device"": """", ""location"": """", ""object"": ""几何校正"", ""operation"": ""打开"", ""value"": """"}",Y,Y,Y,
设备,834,启动几何校正,,,display_control,"{""device"": """", ""location"": """", ""object"": ""几何校正"", ""operation"": ""打开"", ""value"": """"}",display_control,"{""device"": """", ""location"": """", ""object"": ""几何校正"", ""operation"": ""打开"", ""value"": """"}",Y,Y,Y,
设备,835,进入几何校正,,,display_control,"{""device"": """", ""location"": """", ""object"": ""几何校正"", ""operation"": ""打开"", ""value"": """"}",display_control,"{""device"": """", ""location"": """", ""object"": ""几何校正"", ""operation"": ""打开"", ""value"": """"}",Y,Y,Y,
设备,836,打开屏幕校正,,,display_control,"{""device"": """", ""location"": """", ""object"": ""屏幕校正"", ""operation"": ""打开"", ""value"": """"}",display_control,"{""device"": """", ""location"": """", ""object"": ""屏幕校正"", ""operation"": ""打开"", ""value"": """"}",Y,Y,Y,
设备,837,启动屏幕校正,,,display_control,"{""device"": """", ""location"": """", ""object"": ""屏幕校正"", ""operation"": ""打开"", ""value"": """"}",display_control,"{""device"": """", ""location"": """", ""object"": ""屏幕校正"", ""operation"": ""打开"", ""value"": """"}",Y,Y,Y,
设备,838,进入屏幕校正,,,display_control,"{""device"": """", ""location"": """", ""object"": ""屏幕校正"", ""operation"": ""打开"", ""value"": """"}",display_control,"{""device"": """", ""location"": """", ""object"": ""屏幕校正"", ""operation"": ""打开"", ""value"": """"}",Y,Y,Y,
设备,839,打开cec开关,,,common_control,"{""device"": """", ""location"": """", ""object"": ""cec开关"", ""operation"": ""打开"", ""value"": """"}",common_control,"{""device"": """", ""location"": """", ""object"": ""cec开关"", ""operation"": ""打开"", ""value"": """"}",Y,Y,Y,
设备,840,启动cec开关,,,common_control,"{""device"": """", ""location"": """", ""object"": ""cec开关"", ""operation"": ""打开"", ""value"": """"}",common_control,"{""device"": """", ""location"": """", ""object"": ""cec开关"", ""operation"": ""打开"", ""value"": """"}",Y,Y,Y,
设备,841,进入cec开关,,,common_control,"{""device"": """", ""location"": """", ""object"": ""cec开关"", ""operation"": ""打开"", ""value"": """"}",common_control,"{""device"": """", ""location"": """", ""object"": ""cec开关"", ""operation"": ""打开"", ""value"": """"}",Y,Y,Y,
设备,842,打开防射眼,,,display_control,"{""device"": """", ""location"": """", ""object"": ""防射眼"", ""operation"": ""打开"", ""value"": """"}",display_control,"{""device"": """", ""location"": """", ""object"": ""防射眼"", ""operation"": ""打开"", ""value"": """"}",Y,Y,Y,
设备,843,启动防射眼,,,display_control,"{""device"": """", ""location"": """", ""object"": ""防射眼"", ""operation"": ""打开"", ""value"": """"}",display_control,"{""device"": """", ""location"": """", ""object"": ""防射眼"", ""operation"": ""打开"", ""value"": """"}",Y,Y,Y,
设备,844,进入防射眼,,,display_control,"{""device"": """", ""location"": """", ""object"": ""防射眼"", ""operation"": ""打开"", ""value"": """"}",display_control,"{""device"": """", ""location"": """", ""object"": ""防射眼"", ""operation"": ""打开"", ""value"": """"}",Y,Y,Y,
设备,846,启动商场模式,,,mode_control,"{""device"": """", ""location"": """", ""object"": ""商场模式"", ""operation"": ""打开"", ""value"": """"}",mode_control,"{""device"": """", ""location"": """", ""object"": ""商场模式"", ""operation"": ""打开"", ""value"": """"}",Y,Y,Y,
设备,845,打开商场模式,,,mode_control,"{""device"": """", ""location"": """", ""object"": ""商场模式"", ""operation"": ""打开"", ""value"": """"}",mode_control,"{""device"": """", ""location"": """", ""object"": ""商场模式"", ""operation"": ""打开"", ""value"": """"}",Y,Y,Y,
设备,847,进入商场模式,,,mode_control,"{""device"": """", ""location"": """", ""object"": ""商场模式"", ""operation"": ""打开"", ""value"": """"}",mode_control,"{""device"": """", ""location"": """", ""object"": ""商场模式"", ""operation"": ""打开"", ""value"": """"}",Y,Y,Y,
设备,848,打开区域设置,,,common_control,"{""device"": """", ""location"": """", ""object"": ""区域设置"", ""operation"": ""打开"", ""value"": """"}",common_control,"{""device"": """", ""location"": """", ""object"": ""区域设置"", ""operation"": ""打开"", ""value"": """"}",Y,Y,Y,
设备,849,启动区域设置,,,common_control,"{""device"": """", ""location"": """", ""object"": ""区域设置"", ""operation"": ""打开"", ""value"": """"}",common_control,"{""device"": """", ""location"": """", ""object"": ""区域设置"", ""operation"": ""打开"", ""value"": """"}",Y,Y,Y,
设备,851,打开护眼模式,,,mode_control,"{""device"": """", ""location"": """", ""object"": ""护眼模式"", ""operation"": ""打开"", ""value"": """"}",mode_control,"{""device"": """", ""location"": """", ""object"": ""护眼模式"", ""operation"": ""打开"", ""value"": """"}",Y,Y,Y,
设备,850,进入区域设置,,,common_control,"{""device"": """", ""location"": """", ""object"": ""区域设置"", ""operation"": ""打开"", ""value"": """"}",common_control,"{""device"": """", ""location"": """", ""object"": ""区域设置"", ""operation"": ""打开"", ""value"": """"}",Y,Y,Y,
设备,852,启动护眼模式,,,mode_control,"{""device"": """", ""location"": """", ""object"": ""护眼模式"", ""operation"": ""打开"", ""value"": """"}",mode_control,"{""device"": """", ""location"": """", ""object"": ""护眼模式"", ""operation"": ""打开"", ""value"": """"}",Y,Y,Y,
设备,853,进入护眼模式,,,mode_control,"{""device"": """", ""location"": """", ""object"": ""护眼模式"", ""operation"": ""打开"", ""value"": """"}",mode_control,"{""device"": """", ""location"": """", ""object"": ""护眼模式"", ""operation"": ""打开"", ""value"": """"}",Y,Y,Y,
设备,854,打开白平衡增益设置,,,display_control,"{""device"": """", ""location"": """", ""object"": ""白平衡增益设置"", ""operation"": ""打开"", ""value"": """"}",display_control,"{""device"": """", ""location"": """", ""object"": ""白平衡增益设置"", ""operation"": ""打开"", ""value"": """"}",Y,Y,Y,
设备,855,启动白平衡增益设置,,,display_control,"{""device"": """", ""location"": """", ""object"": ""白平衡增益设置"", ""operation"": ""打开"", ""value"": """"}",display_control,"{""device"": """", ""location"": """", ""object"": ""白平衡增益设置"", ""operation"": ""打开"", ""value"": """"}",Y,Y,Y,
设备,856,进入白平衡增益设置,,,display_control,"{""device"": """", ""location"": """", ""object"": ""白平衡增益设置"", ""operation"": ""打开"", ""value"": """"}",display_control,"{""device"": """", ""location"": """", ""object"": ""白平衡增益设置"", ""operation"": ""打开"", ""value"": """"}",Y,Y,Y,
设备,858,启动运动图像补偿流畅设置,,,display_control,"{""device"": """", ""location"": """", ""object"": ""运动图像补偿流畅设置"", ""operation"": ""打开"", ""value"": """"}",display_control,"{""device"": """", ""location"": """", ""object"": ""运动图像补偿流畅设置"", ""operation"": ""打开"", ""value"": """"}",Y,Y,Y,
设备,857,打开运动图像补偿流畅设置,,,display_control,"{""device"": """", ""location"": """", ""object"": ""运动图像补偿流畅设置"", ""operation"": ""打开"", ""value"": """"}",display_control,"{""device"": """", ""location"": """", ""object"": ""运动图像补偿流畅设置"", ""operation"": ""打开"", ""value"": """"}",Y,Y,Y,
设备,859,进入运动图像补偿流畅设置,,,display_control,"{""device"": """", ""location"": """", ""object"": ""运动图像补偿流畅设置"", ""operation"": ""打开"", ""value"": """"}",display_control,"{""device"": """", ""location"": """", ""object"": ""运动图像补偿流畅设置"", ""operation"": ""打开"", ""value"": """"}",Y,Y,Y,
设备,860,打开wifi全时推送,,,network_control,"{""device"": """", ""location"": """", ""object"": ""wifi全时推送"", ""operation"": ""打开"", ""value"": """"}",network_control,"{""device"": """", ""location"": """", ""object"": ""wifi全时推送"", ""operation"": ""打开"", ""value"": """"}",Y,Y,Y,
设备,861,启动wifi全时推送,,,network_control,"{""device"": """", ""location"": """", ""object"": ""wifi全时推送"", ""operation"": ""打开"", ""value"": """"}",network_control,"{""device"": """", ""location"": """", ""object"": ""wifi全时推送"", ""operation"": ""打开"", ""value"": """"}",Y,Y,Y,
设备,862,进入wifi全时推送,,,network_control,"{""device"": """", ""location"": """", ""object"": ""wifi全时推送"", ""operation"": ""打开"", ""value"": """"}",network_control,"{""device"": """", ""location"": """", ""object"": ""wifi全时推送"", ""operation"": ""打开"", ""value"": """"}",Y,Y,Y,
设备,863,打开杜比全景声,,,audio_control,"{""device"": """", ""location"": """", ""object"": ""杜比全景声"", ""operation"": ""打开"", ""value"": """"}",audio_control,"{""device"": """", ""location"": """", ""object"": ""杜比全景声"", ""operation"": ""打开"", ""value"": """"}",Y,Y,Y,
设备,864,启动杜比全景声,,,audio_control,"{""device"": """", ""location"": """", ""object"": ""杜比全景声"", ""operation"": ""打开"", ""value"": """"}",audio_control,"{""device"": """", ""location"": """", ""object"": ""杜比全景声"", ""operation"": ""打开"", ""value"": """"}",Y,Y,Y,
设备,865,进入杜比全景声,,,audio_control,"{""device"": """", ""location"": """", ""object"": ""杜比全景声"", ""operation"": ""打开"", ""value"": """"}",audio_control,"{""device"": """", ""location"": """", ""object"": ""杜比全景声"", ""operation"": ""打开"", ""value"": """"}",Y,Y,Y,
设备,866,打开全景声音量控制,,,audio_control,"{""device"": """", ""location"": """", ""object"": ""全景声音量控制"", ""operation"": ""打开"", ""value"": """"}",audio_control,"{""device"": """", ""location"": """", ""object"": ""全景声音量控制"", ""operation"": ""打开"", ""value"": """"}",Y,Y,Y,
设备,868,进入全景声音量控制,,,audio_control,"{""device"": """", ""location"": """", ""object"": ""全景声音量控制"", ""operation"": ""打开"", ""value"": """"}",audio_control,"{""device"": """", ""location"": """", ""object"": ""全景声音量控制"", ""operation"": ""打开"", ""value"": """"}",Y,Y,Y,
设备,867,启动全景声音量控制,,,audio_control,"{""device"": """", ""location"": """", ""object"": ""全景声音量控制"", ""operation"": ""打开"", ""value"": """"}",audio_control,"{""device"": """", ""location"": """", ""object"": ""全景声音量控制"", ""operation"": ""打开"", ""value"": """"}",Y,Y,Y,
设备,869,打开按键音,,,audio_control,"{""device"": """", ""location"": """", ""object"": ""按键音"", ""operation"": ""打开"", ""value"": """"}",audio_control,"{""device"": """", ""location"": """", ""object"": ""按键音"", ""operation"": ""打开"", ""value"": """"}",Y,Y,Y,
设备,874,进入网络信息,,,network_control,"{""device"": """", ""location"": """", ""object"": ""网络信息"", ""operation"": ""打开"", ""value"": """"}",execute,,N,N,N,"object: gold=""网络信息"" pred=; operation: gold=""打开"" pred="
设备,870,启动按键音,,,audio_control,"{""device"": """", ""location"": """", ""object"": ""按键音"", ""operation"": ""打开"", ""value"": """"}",audio_control,"{""device"": """", ""location"": """", ""object"": ""按键音"", ""operation"": ""打开"", ""value"": """"}",Y,Y,Y,
设备,871,进入按键音,,,audio_control,"{""device"": """", ""location"": """", ""object"": ""按键音"", ""operation"": ""打开"", ""value"": """"}",audio_control,"{""device"": """", ""location"": """", ""object"": ""按键音"", ""operation"": ""打开"", ""value"": """"}",Y,Y,Y,
设备,872,打开网络信息,,,network_control,"{""device"": """", ""location"": """", ""object"": ""网络信息"", ""operation"": ""打开"", ""value"": """"}",network_control,"{""device"": """", ""location"": """", ""object"": ""网络信息"", ""operation"": ""打开"", ""value"": """"}",Y,Y,Y,
设备,873,启动网络信息,,,network_control,"{""device"": """", ""location"": """", ""object"": ""网络信息"", ""operation"": ""打开"", ""value"": """"}",network_control,"{""device"": """", ""location"": """", ""object"": ""网络信息"", ""operation"": ""打开"", ""value"": """"}",Y,Y,Y,
设备,876,启动遥控器喜爱键,,,common_control,"{""device"": """", ""location"": """", ""object"": ""遥控器喜爱键"", ""operation"": ""打开"", ""value"": """"}",common_control,"{""device"": """", ""location"": """", ""object"": ""遥控器喜爱键"", ""operation"": ""打开"", ""value"": """"}",Y,Y,Y,
设备,877,进入遥控器喜爱键,,,common_control,"{""device"": """", ""location"": """", ""object"": ""遥控器喜爱键"", ""operation"": ""打开"", ""value"": """"}",common_control,"{""device"": """", ""location"": """", ""object"": ""遥控器喜爱键"", ""operation"": ""打开"", ""value"": """"}",Y,Y,Y,
设备,875,打开遥控器喜爱键,,,common_control,"{""device"": """", ""location"": """", ""object"": ""遥控器喜爱键"", ""operation"": ""打开"", ""value"": """"}",common_control,"{""device"": """", ""location"": """", ""object"": ""遥控器喜爱键"", ""operation"": ""打开"", ""value"": """"}",Y,Y,Y,
设备,879,启动遥控器直播键,,,common_control,"{""device"": """", ""location"": """", ""object"": ""遥控器直播键"", ""operation"": ""打开"", ""value"": """"}",common_control,"{""device"": """", ""location"": """", ""object"": ""遥控器直播键"", ""operation"": ""打开"", ""value"": """"}",Y,Y,Y,
设备,878,打开遥控器直播键,,,common_control,"{""device"": """", ""location"": """", ""object"": ""遥控器直播键"", ""operation"": ""打开"", ""value"": """"}",common_control,"{""device"": """", ""location"": """", ""object"": ""遥控器直播键"", ""operation"": ""打开"", ""value"": """"}",Y,Y,Y,
设备,881,打开屏保选择,,,screensaver_control,"{""device"": """", ""location"": """", ""object"": ""屏保选择"", ""operation"": ""打开"", ""value"": """"}",screensaver_control,"{""device"": """", ""location"": """", ""object"": ""屏保选择"", ""operation"": ""打开"", ""value"": """"}",Y,Y,Y,
设备,880,进入遥控器直播键,,,common_control,"{""device"": """", ""location"": """", ""object"": ""遥控器直播键"", ""operation"": ""打开"", ""value"": """"}",common_control,"{""device"": """", ""location"": """", ""object"": ""遥控器直播键"", ""operation"": ""打开"", ""value"": """"}",Y,Y,Y,
设备,882,启动屏保选择,,,screensaver_control,"{""device"": """", ""location"": """", ""object"": ""屏保选择"", ""operation"": ""打开"", ""value"": """"}",screensaver_control,"{""device"": """", ""location"": """", ""object"": ""屏保选择"", ""operation"": ""打开"", ""value"": """"}",Y,Y,Y,
设备,883,进入屏保选择,,,screensaver_control,"{""device"": """", ""location"": """", ""object"": ""屏保选择"", ""operation"": ""打开"", ""value"": """"}",screensaver_control,"{""device"": """", ""location"": """", ""object"": ""屏保选择"", ""operation"": ""打开"", ""value"": """"}",Y,Y,Y,
设备,884,打开遥控器快捷键,,,common_control,"{""device"": """", ""location"": """", ""object"": ""遥控器快捷键"", ""operation"": ""打开"", ""value"": """"}",common_control,"{""device"": """", ""location"": """", ""object"": ""遥控器快捷键"", ""operation"": ""打开"", ""value"": """"}",Y,Y,Y,
设备,885,启动遥控器快捷键,,,common_control,"{""device"": """", ""location"": """", ""object"": ""遥控器快捷键"", ""operation"": ""打开"", ""value"": """"}",common_control,"{""device"": """", ""location"": """", ""object"": ""遥控器快捷键"", ""operation"": ""打开"", ""value"": """"}",Y,Y,Y,
设备,886,进入遥控器快捷键,,,common_control,"{""device"": """", ""location"": """", ""object"": ""遥控器快捷键"", ""operation"": ""打开"", ""value"": """"}",common_control,"{""device"": """", ""location"": """", ""object"": ""遥控器快捷键"", ""operation"": ""打开"", ""value"": """"}",Y,Y,Y,
设备,887,打开待机灯效,,,common_control,"{""device"": """", ""location"": """", ""object"": ""待机灯效"", ""operation"": ""打开"", ""value"": """"}",common_control,"{""device"": """", ""location"": """", ""object"": ""待机灯效"", ""operation"": ""打开"", ""value"": """"}",Y,Y,Y,
设备,889,进入待机灯效,,,common_control,"{""device"": """", ""location"": """", ""object"": ""待机灯效"", ""operation"": ""打开"", ""value"": """"}",common_control,"{""device"": """", ""location"": """", ""object"": ""待机灯效"", ""operation"": ""打开"", ""value"": """"}",Y,Y,Y,
设备,888,启动待机灯效,,,common_control,"{""device"": """", ""location"": """", ""object"": ""待机灯效"", ""operation"": ""打开"", ""value"": """"}",common_control,"{""device"": """", ""location"": """", ""object"": ""待机灯效"", ""operation"": ""打开"", ""value"": """"}",Y,Y,Y,
设备,890,打开开机灯效,,,common_control,"{""device"": """", ""location"": """", ""object"": ""开机灯效"", ""operation"": ""打开"", ""value"": """"}",common_control,"{""device"": """", ""location"": """", ""object"": ""开机灯效"", ""operation"": ""打开"", ""value"": """"}",Y,Y,Y,
设备,891,启动开机灯效,,,common_control,"{""device"": """", ""location"": """", ""object"": ""开机灯效"", ""operation"": ""打开"", ""value"": """"}",common_control,"{""device"": """", ""location"": """", ""object"": ""开机灯效"", ""operation"": ""打开"", ""value"": """"}",Y,Y,Y,
设备,892,进入开机灯效,,,common_control,"{""device"": """", ""location"": """", ""object"": ""开机灯效"", ""operation"": ""打开"", ""value"": """"}",common_control,"{""device"": """", ""location"": """", ""object"": ""开机灯效"", ""operation"": ""打开"", ""value"": """"}",Y,Y,Y,
设备,893,打开输入法,,,common_control,"{""device"": """", ""location"": """", ""object"": ""输入法"", ""operation"": ""打开"", ""value"": """"}",common_control,"{""device"": """", ""location"": """", ""object"": ""输入法"", ""operation"": ""打开"", ""value"": """"}",Y,Y,Y,
设备,894,启动输入法,,,common_control,"{""device"": """", ""location"": """", ""object"": ""输入法"", ""operation"": ""打开"", ""value"": """"}",common_control,"{""device"": """", ""location"": """", ""object"": ""输入法"", ""operation"": ""打开"", ""value"": """"}",Y,Y,Y,
设备,895,进入输入法,,,common_control,"{""device"": """", ""location"": """", ""object"": ""输入法"", ""operation"": ""打开"", ""value"": """"}",common_control,"{""device"": """", ""location"": """", ""object"": ""输入法"", ""operation"": ""打开"", ""value"": """"}",Y,Y,Y,
设备,897,启动一触即播,,,common_control,"{""device"": """", ""location"": """", ""object"": ""一触即播"", ""operation"": ""打开"", ""value"": """"}",common_control,"{""device"": """", ""location"": """", ""object"": ""一触即播"", ""operation"": ""打开"", ""value"": """"}",Y,Y,Y,
设备,896,打开一触即播,,,common_control,"{""device"": """", ""location"": """", ""object"": ""一触即播"", ""operation"": ""打开"", ""value"": """"}",common_control,"{""device"": """", ""location"": """", ""object"": ""一触即播"", ""operation"": ""打开"", ""value"": """"}",Y,Y,Y,
设备,899,打开软件更新,,,common_control,"{""device"": """", ""location"": """", ""object"": ""软件更新"", ""operation"": ""打开"", ""value"": """"}",common_control,"{""device"": """", ""location"": """", ""object"": ""软件更新"", ""operation"": ""打开"", ""value"": """"}",Y,Y,Y,
设备,898,进入一触即播,,,common_control,"{""device"": """", ""location"": """", ""object"": ""一触即播"", ""operation"": ""打开"", ""value"": """"}",common_control,"{""device"": """", ""location"": """", ""object"": ""一触即播"", ""operation"": ""打开"", ""value"": """"}",Y,Y,Y,
设备,900,启动软件更新,,,common_control,"{""device"": """", ""location"": """", ""object"": ""软件更新"", ""operation"": ""打开"", ""value"": """"}",common_control,"{""device"": """", ""location"": """", ""object"": ""软件更新"", ""operation"": ""打开"", ""value"": """"}",Y,Y,Y,
设备,901,进入软件更新,,,common_control,"{""device"": """", ""location"": """", ""object"": ""软件更新"", ""operation"": ""打开"", ""value"": """"}",common_control,"{""device"": """", ""location"": """", ""object"": ""软件更新"", ""operation"": ""打开"", ""value"": """"}",Y,Y,Y,
设备,902,打开系统更新,,,common_control,"{""device"": """", ""location"": """", ""object"": ""系统更新"", ""operation"": ""打开"", ""value"": """"}",common_control,"{""device"": """", ""location"": """", ""object"": ""系统更新"", ""operation"": ""打开"", ""value"": """"}",Y,Y,Y,
设备,906,启动服务协议,,,common_control,"{""device"": """", ""location"": """", ""object"": ""服务协议"", ""operation"": ""打开"", ""value"": """"}",execute,,N,N,N,"object: gold=""服务协议"" pred=; operation: gold=""打开"" pred="
设备,903,启动系统更新,,,common_control,"{""device"": """", ""location"": """", ""object"": ""系统更新"", ""operation"": ""打开"", ""value"": """"}",common_control,"{""device"": """", ""location"": """", ""object"": ""系统更新"", ""operation"": ""打开"", ""value"": """"}",Y,Y,Y,
设备,904,进入系统更新,,,common_control,"{""device"": """", ""location"": """", ""object"": ""系统更新"", ""operation"": ""打开"", ""value"": """"}",common_control,"{""device"": """", ""location"": """", ""object"": ""系统更新"", ""operation"": ""打开"", ""value"": """"}",Y,Y,Y,
设备,905,打开服务协议,,,common_control,"{""device"": """", ""location"": """", ""object"": ""服务协议"", ""operation"": ""打开"", ""value"": """"}",common_control,"{""device"": """", ""location"": """", ""object"": ""服务协议"", ""operation"": ""打开"", ""value"": """"}",Y,Y,Y,
设备,907,进入服务协议,,,common_control,"{""device"": """", ""location"": """", ""object"": ""服务协议"", ""operation"": ""打开"", ""value"": """"}",common_control,"{""device"": """", ""location"": """", ""object"": ""服务协议"", ""operation"": ""打开"", ""value"": """"}",Y,Y,Y,
设备,908,打开恢复出厂设置,,,common_control,"{""device"": """", ""location"": """", ""object"": ""恢复出厂设置"", ""operation"": ""打开"", ""value"": """"}",common_control,"{""device"": """", ""location"": """", ""object"": ""恢复出厂设置"", ""operation"": ""打开"", ""value"": """"}",Y,Y,Y,
设备,909,启动恢复出厂设置,,,common_control,"{""device"": """", ""location"": """", ""object"": ""恢复出厂设置"", ""operation"": ""打开"", ""value"": """"}",common_control,"{""device"": """", ""location"": """", ""object"": ""恢复出厂设置"", ""operation"": ""打开"", ""value"": """"}",Y,Y,Y,
设备,910,打开ai环境模式,,,common_control,"{""device"": """", ""location"": """", ""object"": ""ai环境模式"", ""operation"": ""打开"", ""value"": """"}",common_control,"{""device"": """", ""location"": """", ""object"": ""ai环境模式"", ""operation"": ""打开"", ""value"": """"}",Y,Y,Y,
设备,911,进入ai环境模式,,,common_control,"{""device"": """", ""location"": """", ""object"": ""ai环境模式"", ""operation"": ""打开"", ""value"": """"}",common_control,"{""device"": """", ""location"": """", ""object"": ""ai环境模式"", ""operation"": ""打开"", ""value"": """"}",Y,Y,Y,
设备,912,打开全场景麦克设置,,,audio_control,"{""device"": """", ""location"": """", ""object"": ""全场景麦克设置"", ""operation"": ""打开"", ""value"": """"}",audio_control,"{""device"": """", ""location"": """", ""object"": ""全场景麦克设置"", ""operation"": ""打开"", ""value"": """"}",Y,Y,Y,
设备,913,启动全场景麦克设置,,,audio_control,"{""device"": """", ""location"": """", ""object"": ""全场景麦克设置"", ""operation"": ""打开"", ""value"": """"}",audio_control,"{""device"": """", ""location"": """", ""object"": ""全场景麦克设置"", ""operation"": ""打开"", ""value"": """"}",Y,Y,Y,
设备,915,打开麦克音量,,,numeric_adjust,"{""device"": """", ""location"": """", ""object"": ""麦克音量"", ""operation"": ""打开"", ""value"": """"}",numeric_adjust,"{""device"": """", ""location"": """", ""object"": ""麦克音量"", ""operation"": ""打开"", ""value"": """"}",Y,Y,Y,
设备,914,进入全场景麦克设置,,,audio_control,"{""device"": """", ""location"": """", ""object"": ""全场景麦克设置"", ""operation"": ""打开"", ""value"": """"}",audio_control,"{""device"": """", ""location"": """", ""object"": ""全场景麦克设置"", ""operation"": ""打开"", ""value"": """"}",Y,Y,Y,
设备,916,启动麦克音量,,,numeric_adjust,"{""device"": """", ""location"": """", ""object"": ""麦克音量"", ""operation"": ""打开"", ""value"": """"}",numeric_adjust,"{""device"": """", ""location"": """", ""object"": ""麦克音量"", ""operation"": ""打开"", ""value"": """"}",Y,Y,Y,
设备,917,进入麦克音量,,,numeric_adjust,"{""device"": """", ""location"": """", ""object"": ""麦克音量"", ""operation"": ""打开"", ""value"": """"}",numeric_adjust,"{""device"": """", ""location"": """", ""object"": ""麦克音量"", ""operation"": ""打开"", ""value"": """"}",Y,Y,Y,
设备,918,打开混响模式,,,mode_control,"{""device"": """", ""location"": """", ""object"": ""混响模式"", ""operation"": ""打开"", ""value"": """"}",mode_control,"{""device"": """", ""location"": """", ""object"": ""混响模式"", ""operation"": ""打开"", ""value"": """"}",Y,Y,Y,
设备,919,启动混响模式,,,mode_control,"{""device"": """", ""location"": """", ""object"": ""混响模式"", ""operation"": ""打开"", ""value"": """"}",mode_control,"{""device"": """", ""location"": """", ""object"": ""混响模式"", ""operation"": ""打开"", ""value"": """"}",Y,Y,Y,
设备,920,进入混响模式,,,mode_control,"{""device"": """", ""location"": """", ""object"": ""混响模式"", ""operation"": ""打开"", ""value"": """"}",mode_control,"{""device"": """", ""location"": """", ""object"": ""混响模式"", ""operation"": ""打开"", ""value"": """"}",Y,Y,Y,
设备,921,打开摄像头设置,,,smart_camera,"{""device"": """", ""location"": """", ""object"": ""摄像头设置"", ""operation"": ""打开"", ""value"": """"}",smart_camera,"{""device"": """", ""location"": """", ""object"": ""摄像头设置"", ""operation"": ""打开"", ""value"": """"}",Y,Y,Y,
设备,922,启动摄像头设置,,,smart_camera,"{""device"": """", ""location"": """", ""object"": ""摄像头设置"", ""operation"": ""打开"", ""value"": """"}",smart_camera,"{""device"": """", ""location"": """", ""object"": ""摄像头设置"", ""operation"": ""打开"", ""value"": """"}",Y,Y,Y,
设备,923,进入摄像头设置,,,smart_camera,"{""device"": """", ""location"": """", ""object"": ""摄像头设置"", ""operation"": ""打开"", ""value"": """"}",smart_camera,"{""device"": """", ""location"": """", ""object"": ""摄像头设置"", ""operation"": ""打开"", ""value"": """"}",Y,Y,Y,
设备,924,进入恢复出厂设置,,,common_control,"{""device"": """", ""location"": """", ""object"": ""恢复出厂设置"", ""operation"": ""打开"", ""value"": """"}",common_control,"{""device"": """", ""location"": """", ""object"": ""恢复出厂设置"", ""operation"": ""打开"", ""value"": """"}",Y,Y,Y,
设备,925,启动ai环境模式,,,common_control,"{""device"": """", ""location"": """", ""object"": ""ai环境模式"", ""operation"": ""打开"", ""value"": """"}",common_control,"{""device"": """", ""location"": """", ""object"": ""ai环境模式"", ""operation"": ""打开"", ""value"": """"}",Y,Y,Y,
设备,926,打开定时屏保,,,screensaver_control,"{""device"": """", ""location"": """", ""object"": ""定时屏保"", ""operation"": ""打开"", ""value"": """"}",screensaver_control,"{""device"": """", ""location"": """", ""object"": ""定时屏保"", ""operation"": ""打开"", ""value"": """"}",Y,Y,Y,
设备,927,启动定时屏保,,,screensaver_control,"{""device"": """", ""location"": """", ""object"": ""定时屏保"", ""operation"": ""打开"", ""value"": """"}",screensaver_control,"{""device"": """", ""location"": """", ""object"": ""定时屏保"", ""operation"": ""打开"", ""value"": """"}",Y,Y,Y,
设备,929,打开手势控制,,,smart_camera,"{""device"": """", ""location"": """", ""object"": ""手势控制"", ""operation"": ""打开"", ""value"": """"}",smart_camera,"{""device"": """", ""location"": """", ""object"": ""手势控制"", ""operation"": ""打开"", ""value"": """"}",Y,Y,Y,
设备,930,启动手势控制,,,smart_camera,"{""device"": """", ""location"": """", ""object"": ""手势控制"", ""operation"": ""打开"", ""value"": """"}",smart_camera,"{""device"": """", ""location"": """", ""object"": ""手势控制"", ""operation"": ""打开"", ""value"": """"}",Y,Y,Y,
设备,928,进入定时屏保,,,screensaver_control,"{""device"": """", ""location"": """", ""object"": ""定时屏保"", ""operation"": ""打开"", ""value"": """"}",screensaver_control,"{""device"": """", ""location"": """", ""object"": ""定时屏保"", ""operation"": ""打开"", ""value"": """"}",Y,Y,Y,
设备,931,进入手势控制,,,smart_camera,"{""device"": """", ""location"": """", ""object"": ""手势控制"", ""operation"": ""打开"", ""value"": """"}",smart_camera,"{""device"": """", ""location"": """", ""object"": ""手势控制"", ""operation"": ""打开"", ""value"": """"}",Y,Y,Y,
设备,932,打开会议模式,,,mode_control,"{""device"": """", ""location"": """", ""object"": ""会议模式"", ""operation"": ""打开"", ""value"": """"}",mode_control,"{""device"": """", ""location"": """", ""object"": ""会议模式"", ""operation"": ""打开"", ""value"": """"}",Y,Y,Y,
设备,933,启动会议模式,,,mode_control,"{""device"": """", ""location"": """", ""object"": ""会议模式"", ""operation"": ""打开"", ""value"": """"}",mode_control,"{""device"": """", ""location"": """", ""object"": ""会议模式"", ""operation"": ""打开"", ""value"": """"}",Y,Y,Y,
设备,934,进入会议模式,,,mode_control,"{""device"": """", ""location"": """", ""object"": ""会议模式"", ""operation"": ""打开"", ""value"": """"}",mode_control,"{""device"": """", ""location"": """", ""object"": ""会议模式"", ""operation"": ""打开"", ""value"": """"}",Y,Y,Y,
设备,935,打开自动入幕,,,smart_camera,"{""device"": """", ""location"": """", ""object"": ""自动入幕"", ""operation"": ""打开"", ""value"": """"}",smart_camera,"{""device"": """", ""location"": """", ""object"": ""自动入幕"", ""operation"": ""打开"", ""value"": """"}",Y,Y,Y,
设备,936,启动自动入幕,,,smart_camera,"{""device"": """", ""location"": """", ""object"": ""自动入幕"", ""operation"": ""打开"", ""value"": """"}",smart_camera,"{""device"": """", ""location"": """", ""object"": ""自动入幕"", ""operation"": ""打开"", ""value"": """"}",Y,Y,Y,
设备,937,进入自动入幕,,,smart_camera,"{""device"": """", ""location"": """", ""object"": ""自动入幕"", ""operation"": ""打开"", ""value"": """"}",smart_camera,"{""device"": """", ""location"": """", ""object"": ""自动入幕"", ""operation"": ""打开"", ""value"": """"}",Y,Y,Y,
设备,938,打开无线热点,,,network_control,"{""device"": """", ""location"": """", ""object"": ""无线热点"", ""operation"": ""打开"", ""value"": """"}",network_control,"{""device"": """", ""location"": """", ""object"": ""无线热点"", ""operation"": ""打开"", ""value"": """"}",Y,Y,Y,
设备,939,启动无线热点,,,network_control,"{""device"": """", ""location"": """", ""object"": ""无线热点"", ""operation"": ""打开"", ""value"": """"}",network_control,"{""device"": """", ""location"": """", ""object"": ""无线热点"", ""operation"": ""打开"", ""value"": """"}",Y,Y,Y,
设备,940,进入无线热点,,,network_control,"{""device"": """", ""location"": """", ""object"": ""无线热点"", ""operation"": ""打开"", ""value"": """"}",network_control,"{""device"": """", ""location"": """", ""object"": ""无线热点"", ""operation"": ""打开"", ""value"": """"}",Y,Y,Y,
设备,941,打开剩余关机时长,,,timer_control,"{""device"": """", ""location"": """", ""object"": ""剩余关机时长"", ""operation"": ""查询"", ""value"": """"}",timer_control,"{""device"": """", ""location"": """", ""object"": ""剩余关机时长"", ""operation"": ""查询"", ""value"": """"}",Y,Y,Y,
设备,942,启动剩余关机时长,,,timer_control,"{""device"": """", ""location"": """", ""object"": ""剩余关机时长"", ""operation"": ""查询"", ""value"": """"}",timer_control,"{""device"": """", ""location"": """", ""object"": ""剩余关机时长"", ""operation"": ""查询"", ""value"": """"}",Y,Y,Y,
设备,944,打开待机唤醒,,,screensaver_control,"{""device"": """", ""location"": """", ""object"": ""待机唤醒"", ""operation"": ""打开"", ""value"": """"}",screensaver_control,"{""device"": """", ""location"": """", ""object"": ""待机唤醒"", ""operation"": ""打开"", ""value"": """"}",Y,Y,Y,
设备,943,进入剩余关机时长,,,timer_control,"{""device"": """", ""location"": """", ""object"": ""剩余关机时长"", ""operation"": ""查询"", ""value"": """"}",timer_control,"{""device"": """", ""location"": """", ""object"": ""剩余关机时长"", ""operation"": ""查询"", ""value"": """"}",Y,Y,Y,
设备,945,启动待机唤醒,,,screensaver_control,"{""device"": """", ""location"": """", ""object"": ""待机唤醒"", ""operation"": ""打开"", ""value"": """"}",screensaver_control,"{""device"": """", ""location"": """", ""object"": ""待机唤醒"", ""operation"": ""打开"", ""value"": """"}",Y,Y,Y,
设备,946,进入待机唤醒,,,screensaver_control,"{""device"": """", ""location"": """", ""object"": ""待机唤醒"", ""operation"": ""打开"", ""value"": """"}",screensaver_control,"{""device"": """", ""location"": """", ""object"": ""待机唤醒"", ""operation"": ""打开"", ""value"": """"}",Y,Y,Y,
设备,947,打开内存提速,,,common_control,"{""device"": """", ""location"": """", ""object"": ""内存提速"", ""operation"": ""打开"", ""value"": """"}",common_control,"{""device"": """", ""location"": """", ""object"": ""内存提速"", ""operation"": ""打开"", ""value"": """"}",Y,Y,Y,
设备,948,启动内存提速,,,common_control,"{""device"": """", ""location"": """", ""object"": ""内存提速"", ""operation"": ""打开"", ""value"": """"}",common_control,"{""device"": """", ""location"": """", ""object"": ""内存提速"", ""operation"": ""打开"", ""value"": """"}",Y,Y,Y,
设备,950,打开卸载应用,,,common_control,"{""device"": """", ""location"": """", ""object"": ""卸载应用"", ""operation"": ""打开"", ""value"": """"}",common_control,"{""device"": """", ""location"": """", ""object"": ""卸载应用"", ""operation"": ""打开"", ""value"": """"}",Y,Y,Y,
设备,949,进入内存提速,,,common_control,"{""device"": """", ""location"": """", ""object"": ""内存提速"", ""operation"": ""打开"", ""value"": """"}",common_control,"{""device"": """", ""location"": """", ""object"": ""内存提速"", ""operation"": ""打开"", ""value"": """"}",Y,Y,Y,
设备,951,启动卸载应用,,,common_control,"{""device"": """", ""location"": """", ""object"": ""卸载应用"", ""operation"": ""打开"", ""value"": """"}",common_control,"{""device"": """", ""location"": """", ""object"": ""卸载应用"", ""operation"": ""打开"", ""value"": """"}",Y,Y,Y,
设备,952,进入卸载应用,,,common_control,"{""device"": """", ""location"": """", ""object"": ""卸载应用"", ""operation"": ""打开"", ""value"": """"}",common_control,"{""device"": """", ""location"": """", ""object"": ""卸载应用"", ""operation"": ""打开"", ""value"": """"}",Y,Y,Y,
设备,954,启动垃圾清理,,,common_control,"{""device"": """", ""location"": """", ""object"": ""垃圾清理"", ""operation"": ""打开"", ""value"": """"}",common_control,"{""device"": """", ""location"": """", ""object"": ""垃圾清理"", ""operation"": ""打开"", ""value"": """"}",Y,Y,Y,
设备,953,打开垃圾清理,,,common_control,"{""device"": """", ""location"": """", ""object"": ""垃圾清理"", ""operation"": ""打开"", ""value"": """"}",common_control,"{""device"": """", ""location"": """", ""object"": ""垃圾清理"", ""operation"": ""打开"", ""value"": """"}",Y,Y,Y,
设备,955,进入垃圾清理,,,common_control,"{""device"": """", ""location"": """", ""object"": ""垃圾清理"", ""operation"": ""打开"", ""value"": """"}",common_control,"{""device"": """", ""location"": """", ""object"": ""垃圾清理"", ""operation"": ""打开"", ""value"": """"}",Y,Y,Y,
设备,956,打开启动管理,,,common_control,"{""device"": """", ""location"": """", ""object"": ""启动管理"", ""operation"": ""打开"", ""value"": """"}",common_control,"{""device"": """", ""location"": """", ""object"": ""启动管理"", ""operation"": ""打开"", ""value"": """"}",Y,Y,Y,
设备,957,启动启动管理,,,common_control,"{""device"": """", ""location"": """", ""object"": ""启动管理"", ""operation"": ""打开"", ""value"": """"}",common_control,"{""device"": """", ""location"": """", ""object"": ""启动管理"", ""operation"": ""打开"", ""value"": """"}",Y,Y,Y,
设备,958,进入启动管理,,,common_control,"{""device"": """", ""location"": """", ""object"": ""启动管理"", ""operation"": ""打开"", ""value"": """"}",common_control,"{""device"": """", ""location"": """", ""object"": ""启动管理"", ""operation"": ""打开"", ""value"": """"}",Y,Y,Y,
设备,959,打开网络测速,,,network_control,"{""device"": """", ""location"": """", ""object"": ""网络测速"", ""operation"": ""打开"", ""value"": """"}",network_control,"{""device"": """", ""location"": """", ""object"": ""网络测速"", ""operation"": ""打开"", ""value"": """"}",Y,Y,Y,
设备,961,进入网络测速,,,network_control,"{""device"": """", ""location"": """", ""object"": ""网络测速"", ""operation"": ""打开"", ""value"": """"}",network_control,"{""device"": """", ""location"": """", ""object"": ""网络测速"", ""operation"": ""打开"", ""value"": """"}",Y,Y,Y,
设备,960,启动网络测速,,,network_control,"{""device"": """", ""location"": """", ""object"": ""网络测速"", ""operation"": ""打开"", ""value"": """"}",network_control,"{""device"": """", ""location"": """", ""object"": ""网络测速"", ""operation"": ""打开"", ""value"": """"}",Y,Y,Y,
设备,962,打开网络连接测试,,,network_control,"{""device"": """", ""location"": """", ""object"": ""网络连接测试"", ""operation"": ""打开"", ""value"": """"}",network_control,"{""device"": """", ""location"": """", ""object"": ""网络连接测试"", ""operation"": ""打开"", ""value"": """"}",Y,Y,Y,
设备,963,启动网络连接测试,,,network_control,"{""device"": """", ""location"": """", ""object"": ""网络连接测试"", ""operation"": ""打开"", ""value"": """"}",network_control,"{""device"": """", ""location"": """", ""object"": ""网络连接测试"", ""operation"": ""打开"", ""value"": """"}",Y,Y,Y,
设备,964,进入网络连接测试,,,network_control,"{""device"": """", ""location"": """", ""object"": ""网络连接测试"", ""operation"": ""打开"", ""value"": """"}",network_control,"{""device"": """", ""location"": """", ""object"": ""网络连接测试"", ""operation"": ""打开"", ""value"": """"}",Y,Y,Y,
设备,965,打开WIFI信道,,,network_control,"{""device"": """", ""location"": """", ""object"": ""wifi信道"", ""operation"": ""打开"", ""value"": """"}",network_control,"{""device"": """", ""location"": """", ""object"": ""wifi信道"", ""operation"": ""打开"", ""value"": """"}",Y,Y,Y,
设备,967,进入WIFI信道,,,network_control,"{""device"": """", ""location"": """", ""object"": ""wifi信道"", ""operation"": ""打开"", ""value"": """"}",network_control,"{""device"": """", ""location"": """", ""object"": ""wifi信道"", ""operation"": ""打开"", ""value"": """"}",Y,Y,Y,
设备,966,启动WIFI信道,,,network_control,"{""device"": """", ""location"": """", ""object"": ""wifi信道"", ""operation"": ""打开"", ""value"": """"}",network_control,"{""device"": """", ""location"": """", ""object"": ""wifi信道"", ""operation"": ""打开"", ""value"": """"}",Y,Y,Y,
设备,969,启动wifi强度测试,,,network_control,"{""device"": """", ""location"": """", ""object"": ""wifi强度测试"", ""operation"": ""打开"", ""value"": """"}",network_control,"{""device"": """", ""location"": """", ""object"": ""wifi强度测试"", ""operation"": ""打开"", ""value"": """"}",Y,Y,Y,
设备,968,打开wifi强度测试,,,network_control,"{""device"": """", ""location"": """", ""object"": ""wifi强度测试"", ""operation"": ""打开"", ""value"": """"}",network_control,"{""device"": """", ""location"": """", ""object"": ""wifi强度测试"", ""operation"": ""打开"", ""value"": """"}",Y,Y,Y,
设备,970,进入wifi强度测试,,,network_control,"{""device"": """", ""location"": """", ""object"": ""wifi强度测试"", ""operation"": ""打开"", ""value"": """"}",network_control,"{""device"": """", ""location"": """", ""object"": ""wifi强度测试"", ""operation"": ""打开"", ""value"": """"}",Y,Y,Y,
设备,971,打开安全查杀,,,common_control,"{""device"": """", ""location"": """", ""object"": ""安全查杀"", ""operation"": ""打开"", ""value"": """"}",common_control,"{""device"": """", ""location"": """", ""object"": ""安全查杀"", ""operation"": ""打开"", ""value"": """"}",Y,Y,Y,
设备,972,启动安全查杀,,,common_control,"{""device"": """", ""location"": """", ""object"": ""安全查杀"", ""operation"": ""打开"", ""value"": """"}",common_control,"{""device"": """", ""location"": """", ""object"": ""安全查杀"", ""operation"": ""打开"", ""value"": """"}",Y,Y,Y,
设备,973,打开权限管理,,,common_control,"{""device"": """", ""location"": """", ""object"": ""权限管理"", ""operation"": ""打开"", ""value"": """"}",common_control,"{""device"": """", ""location"": """", ""object"": ""权限管理"", ""operation"": ""打开"", ""value"": """"}",Y,Y,Y,
设备,974,进入安全查杀,,,common_control,"{""device"": """", ""location"": """", ""object"": ""安全查杀"", ""operation"": ""打开"", ""value"": """"}",common_control,"{""device"": """", ""location"": """", ""object"": ""安全查杀"", ""operation"": ""打开"", ""value"": """"}",Y,Y,Y,
设备,975,启动权限管理,,,common_control,"{""device"": """", ""location"": """", ""object"": ""权限管理"", ""operation"": ""打开"", ""value"": """"}",common_control,"{""device"": """", ""location"": """", ""object"": ""权限管理"", ""operation"": ""打开"", ""value"": """"}",Y,Y,Y,
设备,976,进入权限管理,,,common_control,"{""device"": """", ""location"": """", ""object"": ""权限管理"", ""operation"": ""打开"", ""value"": """"}",common_control,"{""device"": """", ""location"": """", ""object"": ""权限管理"", ""operation"": ""打开"", ""value"": """"}",Y,Y,Y,
设备,978,启动氛围灯,,,common_control,"{""device"": """", ""location"": """", ""object"": ""氛围灯"", ""operation"": ""打开"", ""value"": """"}",common_control,"{""device"": """", ""location"": """", ""object"": ""氛围灯"", ""operation"": ""打开"", ""value"": """"}",Y,Y,Y,
设备,977,打开氛围灯,,,common_control,"{""device"": """", ""location"": """", ""object"": ""氛围灯"", ""operation"": ""打开"", ""value"": """"}",common_control,"{""device"": """", ""location"": """", ""object"": ""氛围灯"", ""operation"": ""打开"", ""value"": """"}",Y,Y,Y,
设备,979,进入氛围灯,,,common_control,"{""device"": """", ""location"": """", ""object"": ""氛围灯"", ""operation"": ""打开"", ""value"": """"}",common_control,"{""device"": """", ""location"": """", ""object"": ""氛围灯"", ""operation"": ""打开"", ""value"": """"}",Y,Y,Y,
设备,980,打开地震预警,,,common_control,"{""device"": """", ""location"": """", ""object"": ""地震预警"", ""operation"": ""打开"", ""value"": """"}",common_control,"{""device"": """", ""location"": """", ""object"": ""地震预警"", ""operation"": ""打开"", ""value"": """"}",Y,Y,Y,
设备,981,启动地震预警,,,common_control,"{""device"": """", ""location"": """", ""object"": ""地震预警"", ""operation"": ""打开"", ""value"": """"}",common_control,"{""device"": """", ""location"": """", ""object"": ""地震预警"", ""operation"": ""打开"", ""value"": """"}",Y,Y,Y,
设备,983,打开寻找遥控器,,,common_control,"{""device"": """", ""location"": """", ""object"": ""寻找遥控器"", ""operation"": ""打开"", ""value"": """"}",common_control,"{""device"": """", ""location"": """", ""object"": ""寻找遥控器"", ""operation"": ""打开"", ""value"": """"}",Y,Y,Y,
设备,982,进入地震预警,,,common_control,"{""device"": """", ""location"": """", ""object"": ""地震预警"", ""operation"": ""打开"", ""value"": """"}",common_control,"{""device"": """", ""location"": """", ""object"": ""地震预警"", ""operation"": ""打开"", ""value"": """"}",Y,Y,Y,
设备,984,启动寻找遥控器,,,common_control,"{""device"": """", ""location"": """", ""object"": ""寻找遥控器"", ""operation"": ""打开"", ""value"": """"}",common_control,"{""device"": """", ""location"": """", ""object"": ""寻找遥控器"", ""operation"": ""打开"", ""value"": """"}",Y,Y,Y,
设备,985,进入寻找遥控器,,,common_control,"{""device"": """", ""location"": """", ""object"": ""寻找遥控器"", ""operation"": ""打开"", ""value"": """"}",common_control,"{""device"": """", ""location"": """", ""object"": ""寻找遥控器"", ""operation"": ""打开"", ""value"": """"}",Y,Y,Y,
设备,986,打开重启,,,power_control,"{""device"": """", ""location"": """", ""object"": ""重启"", ""operation"": ""打开"", ""value"": """"}",power_control,"{""device"": """", ""location"": """", ""object"": ""重启"", ""operation"": ""打开"", ""value"": """"}",Y,Y,Y,
设备,987,启动重启,,,power_control,"{""device"": """", ""location"": """", ""object"": ""重启"", ""operation"": ""打开"", ""value"": """"}",power_control,"{""device"": """", ""location"": """", ""object"": ""重启"", ""operation"": ""打开"", ""value"": """"}",Y,Y,Y,
设备,988,进入重启,,,power_control,"{""device"": """", ""location"": """", ""object"": ""重启"", ""operation"": ""打开"", ""value"": """"}",power_control,"{""device"": """", ""location"": """", ""object"": ""重启"", ""operation"": ""打开"", ""value"": """"}",Y,Y,Y,
设备,989,打开屏幕,,,screensaver_control,"{""device"": """", ""location"": """", ""object"": ""屏幕"", ""operation"": ""打开"", ""value"": """"}",screensaver_control,"{""device"": """", ""location"": """", ""object"": ""屏幕"", ""operation"": ""打开"", ""value"": """"}",Y,Y,Y,
设备,990,启动屏幕,,,screensaver_control,"{""device"": """", ""location"": """", ""object"": ""屏幕"", ""operation"": ""打开"", ""value"": """"}",screensaver_control,"{""device"": """", ""location"": """", ""object"": ""屏幕"", ""operation"": ""打开"", ""value"": """"}",Y,Y,Y,
设备,991,进入屏幕,,,screensaver_control,"{""device"": """", ""location"": """", ""object"": ""屏幕"", ""operation"": ""打开"", ""value"": """"}",screensaver_control,"{""device"": """", ""location"": """", ""object"": ""屏幕"", ""operation"": ""打开"", ""value"": """"}",Y,Y,Y,
设备,992,打开照镜子,,,smart_camera,"{""device"": """", ""location"": """", ""object"": ""照镜子"", ""operation"": ""打开"", ""value"": """"}",smart_camera,"{""device"": """", ""location"": """", ""object"": ""照镜子"", ""operation"": ""打开"", ""value"": """"}",Y,Y,Y,
设备,993,启动照镜子,,,smart_camera,"{""device"": """", ""location"": """", ""object"": ""照镜子"", ""operation"": ""打开"", ""value"": """"}",smart_camera,"{""device"": """", ""location"": """", ""object"": ""照镜子"", ""operation"": ""打开"", ""value"": """"}",Y,Y,Y,
设备,995,打开摄像头,,,smart_camera,"{""device"": """", ""location"": """", ""object"": ""摄像头"", ""operation"": ""打开"", ""value"": """"}",smart_camera,"{""device"": """", ""location"": """", ""object"": ""摄像头"", ""operation"": ""打开"", ""value"": """"}",Y,Y,Y,
设备,994,进入照镜子,,,smart_camera,"{""device"": """", ""location"": """", ""object"": ""照镜子"", ""operation"": ""打开"", ""value"": """"}",smart_camera,"{""device"": """", ""location"": """", ""object"": ""照镜子"", ""operation"": ""打开"", ""value"": """"}",Y,Y,Y,
设备,996,启动摄像头,,,smart_camera,"{""device"": """", ""location"": """", ""object"": ""摄像头"", ""operation"": ""打开"", ""value"": """"}",smart_camera,"{""device"": """", ""location"": """", ""object"": ""摄像头"", ""operation"": ""打开"", ""value"": """"}",Y,Y,Y,
设备,997,进入摄像头,,,smart_camera,"{""device"": """", ""location"": """", ""object"": ""摄像头"", ""operation"": ""打开"", ""value"": """"}",smart_camera,"{""device"": """", ""location"": """", ""object"": ""摄像头"", ""operation"": ""打开"", ""value"": """"}",Y,Y,Y,
设备,998,打开远场语音开关,,,common_control,"{""device"": """", ""location"": """", ""object"": ""远场语音开关"", ""operation"": ""打开"", ""value"": """"}",common_control,"{""device"": """", ""location"": """", ""object"": ""远场语音开关"", ""operation"": ""打开"", ""value"": """"}",Y,Y,Y,
设备,999,启动远场语音开关,,,common_control,"{""device"": """", ""location"": """", ""object"": ""远场语音开关"", ""operation"": ""打开"", ""value"": """"}",common_control,"{""device"": """", ""location"": """", ""object"": ""远场语音开关"", ""operation"": ""打开"", ""value"": """"}",Y,Y,Y,
设备,1001,打开分辨率,,,numeric_adjust,"{""device"": """", ""location"": """", ""object"": ""分辨率"", ""operation"": ""打开"", ""value"": """"}",numeric_adjust,"{""device"": """", ""location"": """", ""object"": ""分辨率"", ""operation"": ""打开"", ""value"": """"}",Y,Y,Y,
设备,1000,进入远场语音开关,,,common_control,"{""device"": """", ""location"": """", ""object"": ""远场语音开关"", ""operation"": ""打开"", ""value"": """"}",common_control,"{""device"": """", ""location"": """", ""object"": ""远场语音开关"", ""operation"": ""打开"", ""value"": """"}",Y,Y,Y,
设备,1002,启动分辨率,,,numeric_adjust,"{""device"": """", ""location"": """", ""object"": ""分辨率"", ""operation"": ""打开"", ""value"": """"}",numeric_adjust,"{""device"": """", ""location"": """", ""object"": ""分辨率"", ""operation"": ""打开"", ""value"": """"}",Y,Y,Y,
设备,1003,进入分辨率,,,numeric_adjust,"{""device"": """", ""location"": """", ""object"": ""分辨率"", ""operation"": ""打开"", ""value"": """"}",numeric_adjust,"{""device"": """", ""location"": """", ""object"": ""分辨率"", ""operation"": ""打开"", ""value"": """"}",Y,Y,Y,
设备,1004,打开运动补偿,,,display_control,"{""device"": """", ""location"": """", ""object"": ""运动补偿"", ""operation"": ""打开"", ""value"": """"}",display_control,"{""device"": """", ""location"": """", ""object"": ""运动补偿"", ""operation"": ""打开"", ""value"": """"}",Y,Y,Y,
设备,1005,启动运动补偿,,,display_control,"{""device"": """", ""location"": """", ""object"": ""运动补偿"", ""operation"": ""打开"", ""value"": """"}",display_control,"{""device"": """", ""location"": """", ""object"": ""运动补偿"", ""operation"": ""打开"", ""value"": """"}",Y,Y,Y,
设备,1006,进入运动补偿,,,display_control,"{""device"": """", ""location"": """", ""object"": ""运动补偿"", ""operation"": ""打开"", ""value"": """"}",display_control,"{""device"": """", ""location"": """", ""object"": ""运动补偿"", ""operation"": ""打开"", ""value"": """"}",Y,Y,Y,
设备,1007,打开中置声场,,,audio_control,"{""device"": """", ""location"": """", ""object"": ""中置声场"", ""operation"": ""打开"", ""value"": """"}",audio_control,"{""device"": """", ""location"": """", ""object"": ""中置声场"", ""operation"": ""打开"", ""value"": """"}",Y,Y,Y,
设备,1008,启动中置声场,,,audio_control,"{""device"": """", ""location"": """", ""object"": ""中置声场"", ""operation"": ""打开"", ""value"": """"}",audio_control,"{""device"": """", ""location"": """", ""object"": ""中置声场"", ""operation"": ""打开"", ""value"": """"}",Y,Y,Y,
设备,1010,打开熄屏模式,,,mode_control,"{""device"": """", ""location"": """", ""object"": ""熄屏模式"", ""operation"": ""打开"", ""value"": """"}",mode_control,"{""device"": """", ""location"": """", ""object"": ""熄屏模式"", ""operation"": ""打开"", ""value"": """"}",Y,Y,Y,
设备,1011,启动熄屏模式,,,mode_control,"{""device"": """", ""location"": """", ""object"": ""熄屏模式"", ""operation"": ""打开"", ""value"": """"}",mode_control,"{""device"": """", ""location"": """", ""object"": ""熄屏模式"", ""operation"": ""打开"", ""value"": """"}",Y,Y,Y,
设备,1009,进入中置声场,,,audio_control,"{""device"": """", ""location"": """", ""object"": ""中置声场"", ""operation"": ""打开"", ""value"": """"}",audio_control,"{""device"": """", ""location"": """", ""object"": ""中置声场"", ""operation"": ""打开"", ""value"": """"}",Y,Y,Y,
设备,1012,进入熄屏模式,,,mode_control,"{""device"": """", ""location"": """", ""object"": ""熄屏模式"", ""operation"": ""打开"", ""value"": """"}",mode_control,"{""device"": """", ""location"": """", ""object"": ""熄屏模式"", ""operation"": ""打开"", ""value"": """"}",Y,Y,Y,
设备,1013,打开音箱模式开关,,,mode_control,"{""device"": """", ""location"": """", ""object"": ""音箱模式开关"", ""operation"": ""打开"", ""value"": """"}",mode_control,"{""device"": """", ""location"": """", ""object"": ""音箱模式开关"", ""operation"": ""打开"", ""value"": """"}",Y,Y,Y,
设备,1014,启动音箱模式开关,,,mode_control,"{""device"": """", ""location"": """", ""object"": ""音箱模式开关"", ""operation"": ""打开"", ""value"": """"}",mode_control,"{""device"": """", ""location"": """", ""object"": ""音箱模式开关"", ""operation"": ""打开"", ""value"": """"}",Y,Y,Y,
设备,1016,打开音箱模式,,,mode_control,"{""device"": """", ""location"": """", ""object"": ""音箱模式"", ""operation"": ""打开"", ""value"": """"}",mode_control,"{""device"": """", ""location"": """", ""object"": ""音箱模式"", ""operation"": ""打开"", ""value"": """"}",Y,Y,Y,
设备,1015,进入音箱模式开关,,,mode_control,"{""device"": """", ""location"": """", ""object"": ""音箱模式开关"", ""operation"": ""打开"", ""value"": """"}",mode_control,"{""device"": """", ""location"": """", ""object"": ""音箱模式开关"", ""operation"": ""打开"", ""value"": """"}",Y,Y,Y,
设备,1017,启动音箱模式,,,mode_control,"{""device"": """", ""location"": """", ""object"": ""音箱模式"", ""operation"": ""打开"", ""value"": """"}",mode_control,"{""device"": """", ""location"": """", ""object"": ""音箱模式"", ""operation"": ""打开"", ""value"": """"}",Y,Y,Y,
设备,1018,进入音箱模式,,,mode_control,"{""device"": """", ""location"": """", ""object"": ""音箱模式"", ""operation"": ""打开"", ""value"": """"}",mode_control,"{""device"": """", ""location"": """", ""object"": ""音箱模式"", ""operation"": ""打开"", ""value"": """"}",Y,Y,Y,
设备,1019,打开电视模式,,,mode_control,"{""device"": """", ""location"": """", ""object"": ""电视模式"", ""operation"": ""打开"", ""value"": """"}",mode_control,"{""device"": """", ""location"": """", ""object"": ""电视模式"", ""operation"": ""打开"", ""value"": """"}",Y,Y,Y,
设备,1021,进入电视模式,,,mode_control,"{""device"": """", ""location"": """", ""object"": ""电视模式"", ""operation"": ""打开"", ""value"": """"}",mode_control,"{""device"": """", ""location"": """", ""object"": ""电视模式"", ""operation"": ""打开"", ""value"": """"}",Y,Y,Y,
设备,1020,启动电视模式,,,mode_control,"{""device"": """", ""location"": """", ""object"": ""电视模式"", ""operation"": ""打开"", ""value"": """"}",mode_control,"{""device"": """", ""location"": """", ""object"": ""电视模式"", ""operation"": ""打开"", ""value"": """"}",Y,Y,Y,
设备,1022,启动月光模式,,,mode_control,"{""device"": """", ""location"": """", ""object"": ""月光模式"", ""operation"": ""打开"", ""value"": """"}",mode_control,"{""device"": """", ""location"": """", ""object"": ""月光模式"", ""operation"": ""打开"", ""value"": """"}",Y,Y,Y,
设备,1023,进入月光模式,,,mode_control,"{""device"": """", ""location"": """", ""object"": ""月光模式"", ""operation"": ""打开"", ""value"": """"}",mode_control,"{""device"": """", ""location"": """", ""object"": ""月光模式"", ""operation"": ""打开"", ""value"": """"}",Y,Y,Y,
设备,1024,打开月光模式,,,mode_control,"{""device"": """", ""location"": """", ""object"": ""月光模式"", ""operation"": ""打开"", ""value"": """"}",mode_control,"{""device"": """", ""location"": """", ""object"": ""月光模式"", ""operation"": ""打开"", ""value"": """"}",Y,Y,Y,
设备,1025,打开切换声音,,,audio_control,"{""device"": """", ""location"": """", ""object"": ""切换声音"", ""operation"": ""打开"", ""value"": """"}",audio_control,"{""device"": """", ""location"": """", ""object"": ""切换声音"", ""operation"": ""打开"", ""value"": """"}",Y,Y,Y,
设备,1027,进入切换声音,,,audio_control,"{""device"": """", ""location"": """", ""object"": ""切换声音"", ""operation"": ""打开"", ""value"": """"}",audio_control,"{""device"": """", ""location"": """", ""object"": ""切换声音"", ""operation"": ""打开"", ""value"": """"}",Y,Y,Y,
设备,1026,启动切换声音,,,audio_control,"{""device"": """", ""location"": """", ""object"": ""切换声音"", ""operation"": ""打开"", ""value"": """"}",audio_control,"{""device"": """", ""location"": """", ""object"": ""切换声音"", ""operation"": ""打开"", ""value"": """"}",Y,Y,Y,
设备,1028,打开隐藏分屏,,,screen_layout,"{""device"": """", ""location"": """", ""object"": ""隐藏分屏"", ""operation"": ""打开"", ""value"": """"}",screen_layout,"{""device"": """", ""location"": """", ""object"": ""隐藏分屏"", ""operation"": ""打开"", ""value"": """"}",Y,Y,Y,
设备,1029,启动隐藏分屏,,,screen_layout,"{""device"": """", ""location"": """", ""object"": ""隐藏分屏"", ""operation"": ""打开"", ""value"": """"}",screen_layout,"{""device"": """", ""location"": """", ""object"": ""隐藏分屏"", ""operation"": ""打开"", ""value"": """"}",Y,Y,Y,
设备,1030,进入隐藏分屏,,,screen_layout,"{""device"": """", ""location"": """", ""object"": ""隐藏分屏"", ""operation"": ""打开"", ""value"": """"}",screen_layout,"{""device"": """", ""location"": """", ""object"": ""隐藏分屏"", ""operation"": ""打开"", ""value"": """"}",Y,Y,Y,
设备,1032,启动显示分屏,,,screen_layout,"{""device"": """", ""location"": """", ""object"": ""显示分屏"", ""operation"": ""打开"", ""value"": """"}",screen_layout,"{""device"": """", ""location"": """", ""object"": ""显示分屏"", ""operation"": ""打开"", ""value"": """"}",Y,Y,Y,
设备,1031,打开显示分屏,,,screen_layout,"{""device"": """", ""location"": """", ""object"": ""显示分屏"", ""operation"": ""打开"", ""value"": """"}",screen_layout,"{""device"": """", ""location"": """", ""object"": ""显示分屏"", ""operation"": ""打开"", ""value"": """"}",Y,Y,Y,
设备,1033,进入显示分屏,,,screen_layout,"{""device"": """", ""location"": """", ""object"": ""显示分屏"", ""operation"": ""打开"", ""value"": """"}",screen_layout,"{""device"": """", ""location"": """", ""object"": ""显示分屏"", ""operation"": ""打开"", ""value"": """"}",Y,Y,Y,
设备,1034,打开媒体中心,,,common_control,"{""device"": """", ""location"": """", ""object"": ""媒体中心"", ""operation"": ""打开"", ""value"": """"}",common_control,"{""device"": """", ""location"": """", ""object"": ""媒体中心"", ""operation"": ""打开"", ""value"": """"}",Y,Y,Y,
设备,1035,启动媒体中心,,,common_control,"{""device"": """", ""location"": """", ""object"": ""媒体中心"", ""operation"": ""打开"", ""value"": """"}",common_control,"{""device"": """", ""location"": """", ""object"": ""媒体中心"", ""operation"": ""打开"", ""value"": """"}",Y,Y,Y,
设备,1036,进入媒体中心,,,common_control,"{""device"": """", ""location"": """", ""object"": ""媒体中心"", ""operation"": ""打开"", ""value"": """"}",common_control,"{""device"": """", ""location"": """", ""object"": ""媒体中心"", ""operation"": ""打开"", ""value"": """"}",Y,Y,Y,
设备,1037,打开u盘,,,common_control,"{""device"": """", ""location"": """", ""object"": ""u盘"", ""operation"": ""打开"", ""value"": """"}",common_control,"{""device"": """", ""location"": """", ""object"": ""u盘"", ""operation"": ""打开"", ""value"": """"}",Y,Y,Y,
设备,1038,启动u盘,,,common_control,"{""device"": """", ""location"": """", ""object"": ""u盘"", ""operation"": ""打开"", ""value"": """"}",common_control,"{""device"": """", ""location"": """", ""object"": ""u盘"", ""operation"": ""打开"", ""value"": """"}",Y,Y,Y,
设备,1039,进入u盘,,,common_control,"{""device"": """", ""location"": """", ""object"": ""u盘"", ""operation"": ""打开"", ""value"": """"}",common_control,"{""device"": """", ""location"": """", ""object"": ""u盘"", ""operation"": ""打开"", ""value"": """"}",Y,Y,Y,
设备,1040,打开dlna,,,common_control,"{""device"": """", ""location"": """", ""object"": ""dlna"", ""operation"": ""打开"", ""value"": """"}",common_control,"{""device"": """", ""location"": """", ""object"": ""dlna"", ""operation"": ""打开"", ""value"": """"}",Y,Y,Y,
设备,1043,打开samba,,,common_control,"{""device"": """", ""location"": """", ""object"": ""samba"", ""operation"": ""打开"", ""value"": """"}",common_control,"{""device"": """", ""location"": """", ""object"": ""samba"", ""operation"": ""打开"", ""value"": """"}",Y,Y,Y,
设备,1041,启动dlna,,,common_control,"{""device"": """", ""location"": """", ""object"": ""dlna"", ""operation"": ""打开"", ""value"": """"}",common_control,"{""device"": """", ""location"": """", ""object"": ""dlna"", ""operation"": ""打开"", ""value"": """"}",Y,Y,Y,
设备,1042,进入dlna,,,common_control,"{""device"": """", ""location"": """", ""object"": ""dlna"", ""operation"": ""打开"", ""value"": """"}",common_control,"{""device"": """", ""location"": """", ""object"": ""dlna"", ""operation"": ""打开"", ""value"": """"}",Y,Y,Y,
设备,1044,启动samba,,,common_control,"{""device"": """", ""location"": """", ""object"": ""samba"", ""operation"": ""打开"", ""value"": """"}",common_control,"{""device"": """", ""location"": """", ""object"": ""samba"", ""operation"": ""打开"", ""value"": """"}",Y,Y,Y,
设备,1045,进入samba,,,common_control,"{""device"": """", ""location"": """", ""object"": ""samba"", ""operation"": ""打开"", ""value"": """"}",common_control,"{""device"": """", ""location"": """", ""object"": ""samba"", ""operation"": ""打开"", ""value"": """"}",Y,Y,Y,
设备,1046,打开家庭相册,,,common_control,"{""device"": """", ""location"": """", ""object"": ""家庭相册"", ""operation"": ""打开"", ""value"": """"}",common_control,"{""device"": """", ""location"": """", ""object"": ""家庭相册"", ""operation"": ""打开"", ""value"": """"}",Y,Y,Y,
设备,1048,进入家庭相册,,,common_control,"{""device"": """", ""location"": """", ""object"": ""家庭相册"", ""operation"": ""打开"", ""value"": """"}",common_control,"{""device"": """", ""location"": """", ""object"": ""家庭相册"", ""operation"": ""打开"", ""value"": """"}",Y,Y,Y,
设备,1047,启动家庭相册,,,common_control,"{""device"": """", ""location"": """", ""object"": ""家庭相册"", ""operation"": ""打开"", ""value"": """"}",common_control,"{""device"": """", ""location"": """", ""object"": ""家庭相册"", ""operation"": ""打开"", ""value"": """"}",Y,Y,Y,
设备,1049,打开媒体中心图片,,,common_control,"{""device"": """", ""location"": """", ""object"": ""媒体中心图片"", ""operation"": ""打开"", ""value"": """"}",common_control,"{""device"": """", ""location"": """", ""object"": ""媒体中心图片"", ""operation"": ""打开"", ""value"": """"}",Y,Y,Y,
设备,1050,启动媒体中心图片,,,common_control,"{""device"": """", ""location"": """", ""object"": ""媒体中心图片"", ""operation"": ""打开"", ""value"": """"}",common_control,"{""device"": """", ""location"": """", ""object"": ""媒体中心图片"", ""operation"": ""打开"", ""value"": """"}",Y,Y,Y,
设备,1051,进入媒体中心图片,,,common_control,"{""device"": """", ""location"": """", ""object"": ""媒体中心图片"", ""operation"": ""打开"", ""value"": """"}",common_control,"{""device"": """", ""location"": """", ""object"": ""媒体中心图片"", ""operation"": ""打开"", ""value"": """"}",Y,Y,Y,
设备,1052,打开u盘图片,,,common_control,"{""device"": """", ""location"": """", ""object"": ""u盘图片"", ""operation"": ""打开"", ""value"": """"}",common_control,"{""device"": """", ""location"": """", ""object"": ""u盘图片"", ""operation"": ""打开"", ""value"": """"}",Y,Y,Y,
设备,1053,启动u盘图片,,,common_control,"{""device"": """", ""location"": """", ""object"": ""u盘图片"", ""operation"": ""打开"", ""value"": """"}",common_control,"{""device"": """", ""location"": """", ""object"": ""u盘图片"", ""operation"": ""打开"", ""value"": """"}",Y,Y,Y,
设备,1054,进入u盘图片,,,common_control,"{""device"": """", ""location"": """", ""object"": ""u盘图片"", ""operation"": ""打开"", ""value"": """"}",common_control,"{""device"": """", ""location"": """", ""object"": ""u盘图片"", ""operation"": ""打开"", ""value"": """"}",Y,Y,Y,
设备,1055,打开dlna音乐,,,common_control,"{""device"": """", ""location"": """", ""object"": ""dlna音乐"", ""operation"": ""打开"", ""value"": """"}",common_control,"{""device"": """", ""location"": """", ""object"": ""dlna音乐"", ""operation"": ""打开"", ""value"": """"}",Y,Y,Y,
设备,1056,启动dlna音乐,,,common_control,"{""device"": """", ""location"": """", ""object"": ""dlna音乐"", ""operation"": ""打开"", ""value"": """"}",common_control,"{""device"": """", ""location"": """", ""object"": ""dlna音乐"", ""operation"": ""打开"", ""value"": """"}",Y,Y,Y,
设备,1057,进入dlna音乐,,,common_control,"{""device"": """", ""location"": """", ""object"": ""dlna音乐"", ""operation"": ""打开"", ""value"": """"}",common_control,"{""device"": """", ""location"": """", ""object"": ""dlna音乐"", ""operation"": ""打开"", ""value"": """"}",Y,Y,Y,
设备,1058,打开dlna图片,,,common_control,"{""device"": """", ""location"": """", ""object"": ""dlna图片"", ""operation"": ""打开"", ""value"": """"}",common_control,"{""device"": """", ""location"": """", ""object"": ""dlna图片"", ""operation"": ""打开"", ""value"": """"}",Y,Y,Y,
设备,1059,启动dlna图片,,,common_control,"{""device"": """", ""location"": """", ""object"": ""dlna图片"", ""operation"": ""打开"", ""value"": """"}",common_control,"{""device"": """", ""location"": """", ""object"": ""dlna图片"", ""operation"": ""打开"", ""value"": """"}",Y,Y,Y,
设备,1060,进入dlna图片,,,common_control,"{""device"": """", ""location"": """", ""object"": ""dlna图片"", ""operation"": ""打开"", ""value"": """"}",common_control,"{""device"": """", ""location"": """", ""object"": ""dlna图片"", ""operation"": ""打开"", ""value"": """"}",Y,Y,Y,
设备,1061,打开u盘音乐,,,common_control,"{""device"": """", ""location"": """", ""object"": ""u盘音乐"", ""operation"": ""打开"", ""value"": """"}",common_control,"{""device"": """", ""location"": """", ""object"": ""u盘音乐"", ""operation"": ""打开"", ""value"": """"}",Y,Y,Y,
设备,1062,启动u盘音乐,,,common_control,"{""device"": """", ""location"": """", ""object"": ""u盘音乐"", ""operation"": ""打开"", ""value"": """"}",common_control,"{""device"": """", ""location"": """", ""object"": ""u盘音乐"", ""operation"": ""打开"", ""value"": """"}",Y,Y,Y,
设备,1063,进入u盘音乐,,,common_control,"{""device"": """", ""location"": """", ""object"": ""u盘音乐"", ""operation"": ""打开"", ""value"": """"}",common_control,"{""device"": """", ""location"": """", ""object"": ""u盘音乐"", ""operation"": ""打开"", ""value"": """"}",Y,Y,Y,
设备,1064,打开u盘视频,,,common_control,"{""device"": """", ""location"": """", ""object"": ""u盘视频"", ""operation"": ""打开"", ""value"": """"}",common_control,"{""device"": """", ""location"": """", ""object"": ""u盘视频"", ""operation"": ""打开"", ""value"": """"}",Y,Y,Y,
设备,1065,启动u盘视频,,,common_control,"{""device"": """", ""location"": """", ""object"": ""u盘视频"", ""operation"": ""打开"", ""value"": """"}",common_control,"{""device"": """", ""location"": """", ""object"": ""u盘视频"", ""operation"": ""打开"", ""value"": """"}",Y,Y,Y,
设备,1066,进入u盘视频,,,common_control,"{""device"": """", ""location"": """", ""object"": ""u盘视频"", ""operation"": ""打开"", ""value"": """"}",common_control,"{""device"": """", ""location"": """", ""object"": ""u盘视频"", ""operation"": ""打开"", ""value"": """"}",Y,Y,Y,
设备,1067,打开dlna视频,,,common_control,"{""device"": """", ""location"": """", ""object"": ""dlna视频"", ""operation"": ""打开"", ""value"": """"}",common_control,"{""device"": """", ""location"": """", ""object"": ""dlna视频"", ""operation"": ""打开"", ""value"": """"}",Y,Y,Y,
设备,1068,启动dlna视频,,,common_control,"{""device"": """", ""location"": """", ""object"": ""dlna视频"", ""operation"": ""打开"", ""value"": """"}",common_control,"{""device"": """", ""location"": """", ""object"": ""dlna视频"", ""operation"": ""打开"", ""value"": """"}",Y,Y,Y,
设备,1069,进入dlna视频,,,common_control,"{""device"": """", ""location"": """", ""object"": ""dlna视频"", ""operation"": ""打开"", ""value"": """"}",common_control,"{""device"": """", ""location"": """", ""object"": ""dlna视频"", ""operation"": ""打开"", ""value"": """"}",Y,Y,Y,
设备,1070,打开幻灯片,,,common_control,"{""device"": """", ""location"": """", ""object"": ""幻灯片"", ""operation"": ""打开"", ""value"": """"}",common_control,"{""device"": """", ""location"": """", ""object"": ""幻灯片"", ""operation"": ""打开"", ""value"": """"}",Y,Y,Y,
设备,1071,启动幻灯片,,,common_control,"{""device"": """", ""location"": """", ""object"": ""幻灯片"", ""operation"": ""打开"", ""value"": """"}",common_control,"{""device"": """", ""location"": """", ""object"": ""幻灯片"", ""operation"": ""打开"", ""value"": """"}",Y,Y,Y,
设备,1072,进入幻灯片,,,common_control,"{""device"": """", ""location"": """", ""object"": ""幻灯片"", ""operation"": ""打开"", ""value"": """"}",common_control,"{""device"": """", ""location"": """", ""object"": ""幻灯片"", ""operation"": ""打开"", ""value"": """"}",Y,Y,Y,
设备,1073,打开家庭私有云,,,common_control,"{""device"": """", ""location"": """", ""object"": ""家庭私有云"", ""operation"": ""打开"", ""value"": """"}",common_control,"{""device"": """", ""location"": """", ""object"": ""家庭私有云"", ""operation"": ""打开"", ""value"": """"}",Y,Y,Y,
设备,1074,启动家庭私有云,,,common_control,"{""device"": """", ""location"": """", ""object"": ""家庭私有云"", ""operation"": ""打开"", ""value"": """"}",common_control,"{""device"": """", ""location"": """", ""object"": ""家庭私有云"", ""operation"": ""打开"", ""value"": """"}",Y,Y,Y,
设备,1075,进入家庭私有云,,,common_control,"{""device"": """", ""location"": """", ""object"": ""家庭私有云"", ""operation"": ""打开"", ""value"": """"}",common_control,"{""device"": """", ""location"": """", ""object"": ""家庭私有云"", ""operation"": ""打开"", ""value"": """"}",Y,Y,Y,
设备,1076,打开图像设置,,,display_control,"{""device"": """", ""location"": """", ""object"": ""图像设置"", ""operation"": ""打开"", ""value"": """"}",display_control,"{""device"": """", ""location"": """", ""object"": ""图像设置"", ""operation"": ""打开"", ""value"": """"}",Y,Y,Y,
设备,1077,启动图像设置,,,display_control,"{""device"": """", ""location"": """", ""object"": ""图像设置"", ""operation"": ""打开"", ""value"": """"}",display_control,"{""device"": """", ""location"": """", ""object"": ""图像设置"", ""operation"": ""打开"", ""value"": """"}",Y,Y,Y,
设备,1078,进入图像设置,,,display_control,"{""device"": """", ""location"": """", ""object"": ""图像设置"", ""operation"": ""打开"", ""value"": """"}",display_control,"{""device"": """", ""location"": """", ""object"": ""图像设置"", ""operation"": ""打开"", ""value"": """"}",Y,Y,Y,
设备,1079,查询小屏亮度,,,numeric_adjust,"{""device"": """", ""location"": """", ""object"": ""小屏亮度"", ""operation"": ""查询"", ""value"": """"}",numeric_adjust,"{""device"": """", ""location"": """", ""object"": ""小屏亮度"", ""operation"": ""查询"", ""value"": """"}",Y,Y,Y,
设备,1080,提高小屏亮度,,,numeric_adjust,"{""device"": """", ""location"": """", ""object"": ""小屏亮度"", ""operation"": ""提高"", ""value"": """"}",numeric_adjust,"{""device"": """", ""location"": """", ""object"": ""小屏亮度"", ""operation"": ""提高"", ""value"": """"}",Y,Y,Y,
设备,1081,降低小屏亮度,,,numeric_adjust,"{""device"": """", ""location"": """", ""object"": ""小屏亮度"", ""operation"": ""降低"", ""value"": """"}",numeric_adjust,"{""device"": """", ""location"": """", ""object"": ""小屏亮度"", ""operation"": ""降低"", ""value"": """"}",Y,Y,Y,
设备,1082,打开氛围灯亮度,,,numeric_adjust,"{""device"": """", ""location"": """", ""object"": ""氛围灯亮度"", ""operation"": ""打开"", ""value"": """"}",numeric_adjust,"{""device"": """", ""location"": """", ""object"": ""氛围灯亮度"", ""operation"": ""打开"", ""value"": """"}",Y,Y,Y,
设备,1083,启动氛围灯亮度,,,numeric_adjust,"{""device"": """", ""location"": """", ""object"": ""氛围灯亮度"", ""operation"": ""打开"", ""value"": """"}",numeric_adjust,"{""device"": """", ""location"": """", ""object"": ""氛围灯亮度"", ""operation"": ""打开"", ""value"": """"}",Y,Y,Y,
设备,1084,进入氛围灯亮度,,,numeric_adjust,"{""device"": """", ""location"": """", ""object"": ""氛围灯亮度"", ""operation"": ""打开"", ""value"": """"}",numeric_adjust,"{""device"": """", ""location"": """", ""object"": ""氛围灯亮度"", ""operation"": ""打开"", ""value"": """"}",Y,Y,Y,
设备,1085,打开氛围亮度,,,numeric_adjust,"{""device"": """", ""location"": """", ""object"": ""氛围亮度"", ""operation"": ""打开"", ""value"": """"}",numeric_adjust,"{""device"": """", ""location"": """", ""object"": ""氛围亮度"", ""operation"": ""打开"", ""value"": """"}",Y,Y,Y,
设备,1086,启动氛围亮度,,,numeric_adjust,"{""device"": """", ""location"": """", ""object"": ""氛围亮度"", ""operation"": ""打开"", ""value"": """"}",numeric_adjust,"{""device"": """", ""location"": """", ""object"": ""氛围亮度"", ""operation"": ""打开"", ""value"": """"}",Y,Y,Y,
设备,1087,进入氛围亮度,,,numeric_adjust,"{""device"": """", ""location"": """", ""object"": ""氛围亮度"", ""operation"": ""打开"", ""value"": """"}",numeric_adjust,"{""device"": """", ""location"": """", ""object"": ""氛围亮度"", ""operation"": ""打开"", ""value"": """"}",Y,Y,Y,
设备,1088,打开机顶盒,,,source_switch,"{""device"": """", ""location"": """", ""object"": ""机顶盒"", ""operation"": ""打开"", ""value"": """"}",source_switch,"{""device"": """", ""location"": """", ""object"": ""机顶盒"", ""operation"": ""打开"", ""value"": """"}",Y,Y,Y,
设备,1090,进入机顶盒,,,source_switch,"{""device"": """", ""location"": """", ""object"": ""机顶盒"", ""operation"": ""打开"", ""value"": """"}",source_switch,"{""device"": """", ""location"": """", ""object"": ""机顶盒"", ""operation"": ""打开"", ""value"": """"}",Y,Y,Y,
设备,1091,打开绑定机顶盒,,,source_switch,"{""device"": """", ""location"": """", ""object"": ""绑定机顶盒"", ""operation"": ""打开"", ""value"": """"}",source_switch,"{""device"": """", ""location"": """", ""object"": ""绑定机顶盒"", ""operation"": ""打开"", ""value"": """"}",Y,Y,Y,
设备,1089,启动机顶盒,,,source_switch,"{""device"": """", ""location"": """", ""object"": ""机顶盒"", ""operation"": ""打开"", ""value"": """"}",source_switch,"{""device"": """", ""location"": """", ""object"": ""机顶盒"", ""operation"": ""打开"", ""value"": """"}",Y,Y,Y,
设备,1092,启动绑定机顶盒,,,source_switch,"{""device"": """", ""location"": """", ""object"": ""绑定机顶盒"", ""operation"": ""打开"", ""value"": """"}",source_switch,"{""device"": """", ""location"": """", ""object"": ""绑定机顶盒"", ""operation"": ""打开"", ""value"": """"}",Y,Y,Y,
设备,1093,进入绑定机顶盒,,,source_switch,"{""device"": """", ""location"": """", ""object"": ""绑定机顶盒"", ""operation"": ""打开"", ""value"": """"}",source_switch,"{""device"": """", ""location"": """", ""object"": ""绑定机顶盒"", ""operation"": ""打开"", ""value"": """"}",Y,Y,Y,
设备,1094,打开模拟电视,,,source_switch,"{""device"": """", ""location"": """", ""object"": ""模拟电视"", ""operation"": ""打开"", ""value"": """"}",source_switch,"{""device"": """", ""location"": """", ""object"": ""模拟电视"", ""operation"": ""打开"", ""value"": """"}",Y,Y,Y,
设备,1095,启动模拟电视,,,source_switch,"{""device"": """", ""location"": """", ""object"": ""模拟电视"", ""operation"": ""打开"", ""value"": """"}",source_switch,"{""device"": """", ""location"": """", ""object"": ""模拟电视"", ""operation"": ""打开"", ""value"": """"}",Y,Y,Y,
设备,1096,进入模拟电视,,,source_switch,"{""device"": """", ""location"": """", ""object"": ""模拟电视"", ""operation"": ""打开"", ""value"": """"}",source_switch,"{""device"": """", ""location"": """", ""object"": ""模拟电视"", ""operation"": ""打开"", ""value"": """"}",Y,Y,Y,
设备,1097,打开数字电视,,,source_switch,"{""device"": """", ""location"": """", ""object"": ""数字电视"", ""operation"": ""打开"", ""value"": """"}",source_switch,"{""device"": """", ""location"": """", ""object"": ""数字电视"", ""operation"": ""打开"", ""value"": """"}",Y,Y,Y,
设备,1098,启动数字电视,,,source_switch,"{""device"": """", ""location"": """", ""object"": ""数字电视"", ""operation"": ""打开"", ""value"": """"}",source_switch,"{""device"": """", ""location"": """", ""object"": ""数字电视"", ""operation"": ""打开"", ""value"": """"}",Y,Y,Y,
设备,1099,进入数字电视,,,source_switch,"{""device"": """", ""location"": """", ""object"": ""数字电视"", ""operation"": ""打开"", ""value"": """"}",source_switch,"{""device"": """", ""location"": """", ""object"": ""数字电视"", ""operation"": ""打开"", ""value"": """"}",Y,Y,Y,
设备,1100,打开地面数字电视,,,source_switch,"{""device"": """", ""location"": """", ""object"": ""地面数字电视"", ""operation"": ""打开"", ""value"": """"}",source_switch,"{""device"": """", ""location"": """", ""object"": ""地面数字电视"", ""operation"": ""打开"", ""value"": """"}",Y,Y,Y,
设备,1101,启动地面数字电视,,,source_switch,"{""device"": """", ""location"": """", ""object"": ""地面数字电视"", ""operation"": ""打开"", ""value"": """"}",source_switch,"{""device"": """", ""location"": """", ""object"": ""地面数字电视"", ""operation"": ""打开"", ""value"": """"}",Y,Y,Y,
设备,1102,进入地面数字电视,,,source_switch,"{""device"": """", ""location"": """", ""object"": ""地面数字电视"", ""operation"": ""打开"", ""value"": """"}",source_switch,"{""device"": """", ""location"": """", ""object"": ""地面数字电视"", ""operation"": ""打开"", ""value"": """"}",Y,Y,Y,
设备,1103,打开直播电视,,,source_switch,"{""device"": """", ""location"": """", ""object"": ""直播电视"", ""operation"": ""打开"", ""value"": """"}",source_switch,"{""device"": """", ""location"": """", ""object"": ""直播电视"", ""operation"": ""打开"", ""value"": """"}",Y,Y,Y,
设备,1104,启动直播电视,,,source_switch,"{""device"": """", ""location"": """", ""object"": ""直播电视"", ""operation"": ""打开"", ""value"": """"}",source_switch,"{""device"": """", ""location"": """", ""object"": ""直播电视"", ""operation"": ""打开"", ""value"": """"}",Y,Y,Y,
设备,1105,进入直播电视,,,source_switch,"{""device"": """", ""location"": """", ""object"": ""直播电视"", ""operation"": ""打开"", ""value"": """"}",source_switch,"{""device"": """", ""location"": """", ""object"": ""直播电视"", ""operation"": ""打开"", ""value"": """"}",Y,Y,Y,
设备,1106,打开电视旋转,,,screen_lift_rotation,"{""device"": """", ""location"": """", ""object"": ""电视旋转"", ""operation"": ""打开"", ""value"": """"}",screen_lift_rotation,"{""device"": """", ""location"": """", ""object"": ""电视旋转"", ""operation"": ""打开"", ""value"": """"}",Y,Y,Y,
设备,1108,进入电视旋转,,,screen_lift_rotation,"{""device"": """", ""location"": """", ""object"": ""电视旋转"", ""operation"": ""打开"", ""value"": """"}",screen_lift_rotation,"{""device"": """", ""location"": """", ""object"": ""电视旋转"", ""operation"": ""打开"", ""value"": """"}",Y,Y,Y,
设备,1109,打开支架,,,screen_lift_rotation,"{""device"": """", ""location"": """", ""object"": ""支架"", ""operation"": ""打开"", ""value"": """"}",screen_lift_rotation,"{""device"": """", ""location"": """", ""object"": ""支架"", ""operation"": ""打开"", ""value"": """"}",Y,Y,Y,
设备,1107,启动电视旋转,,,screen_lift_rotation,"{""device"": """", ""location"": """", ""object"": ""电视旋转"", ""operation"": ""打开"", ""value"": """"}",screen_lift_rotation,"{""device"": """", ""location"": """", ""object"": ""电视旋转"", ""operation"": ""打开"", ""value"": """"}",Y,Y,Y,
设备,1110,启动支架,,,screen_lift_rotation,"{""device"": """", ""location"": """", ""object"": ""支架"", ""operation"": ""打开"", ""value"": """"}",screen_lift_rotation,"{""device"": """", ""location"": """", ""object"": ""支架"", ""operation"": ""打开"", ""value"": """"}",Y,Y,Y,
设备,1111,进入支架,,,screen_lift_rotation,"{""device"": """", ""location"": """", ""object"": ""支架"", ""operation"": ""打开"", ""value"": """"}",screen_lift_rotation,"{""device"": """", ""location"": """", ""object"": ""支架"", ""operation"": ""打开"", ""value"": """"}",Y,Y,Y,
设备,1112,打开录音,,,common_control,"{""device"": """", ""location"": """", ""object"": ""录音"", ""operation"": ""打开"", ""value"": """"}",common_control,"{""device"": """", ""location"": """", ""object"": ""录音"", ""operation"": ""打开"", ""value"": """"}",Y,Y,Y,
设备,1115,打开坐姿检测,,,smart_camera,"{""device"": """", ""location"": """", ""object"": ""坐姿检测"", ""operation"": ""打开"", ""value"": """"}",smart_camera,"{""device"": """", ""location"": """", ""object"": ""坐姿检测"", ""operation"": ""打开"", ""value"": """"}",Y,Y,Y,
设备,1113,启动录音,,,common_control,"{""device"": """", ""location"": """", ""object"": ""录音"", ""operation"": ""打开"", ""value"": """"}",common_control,"{""device"": """", ""location"": """", ""object"": ""录音"", ""operation"": ""打开"", ""value"": """"}",Y,Y,Y,
设备,1116,启动坐姿检测,,,smart_camera,"{""device"": """", ""location"": """", ""object"": ""坐姿检测"", ""operation"": ""打开"", ""value"": """"}",smart_camera,"{""device"": """", ""location"": """", ""object"": ""坐姿检测"", ""operation"": ""打开"", ""value"": """"}",Y,Y,Y,
设备,1114,进入录音,,,common_control,"{""device"": """", ""location"": """", ""object"": ""录音"", ""operation"": ""打开"", ""value"": """"}",common_control,"{""device"": """", ""location"": """", ""object"": ""录音"", ""operation"": ""打开"", ""value"": """"}",Y,Y,Y,
设备,1117,进入坐姿检测,,,smart_camera,"{""device"": """", ""location"": """", ""object"": ""坐姿检测"", ""operation"": ""打开"", ""value"": """"}",smart_camera,"{""device"": """", ""location"": """", ""object"": ""坐姿检测"", ""operation"": ""打开"", ""value"": """"}",Y,Y,Y,
设备,1119,画面色彩太重帮我调节一下,,,solve_picture_sound_problem_control,"{""intent"": ""colors_oversaturated""}",solve_picture_sound_problem_control,"{""intent"": ""colors_oversaturated""}",Y,Y,Y,
设备,1122,画面不够鲜艳帮我调一下,,,solve_picture_sound_problem_control,"{""intent"": ""colors_washed_out""}",solve_picture_sound_problem_control,"{""intent"": ""colors_washed_out""}",Y,Y,Y,
设备,1118,画面颜色太鲜艳了帮我调节一下,,,solve_picture_sound_problem_control,"{""intent"": ""colors_oversaturated""}",solve_picture_sound_problem_control,"{""intent"": ""colors_oversaturated""}",Y,Y,Y,
设备,1120,画面看起来太浓了帮我调节一下,,,solve_picture_sound_problem_control,"{""intent"": ""colors_oversaturated""}",solve_picture_sound_problem_control,"{""intent"": ""colors_oversaturated""}",Y,Y,Y,
设备,1121,画面颜色有点淡帮我调一下,,,solve_picture_sound_problem_control,"{""intent"": ""colors_washed_out""}",solve_picture_sound_problem_control,"{""intent"": ""colors_washed_out""}",Y,Y,Y,
设备,1123,画面色彩不够饱满帮我调一下,,,solve_picture_sound_problem_control,"{""intent"": ""colors_washed_out""}",solve_picture_sound_problem_control,"{""intent"": ""colors_washed_out""}",Y,Y,Y,
设备,1126,画面整体偏蓝色帮我调一下,,,solve_picture_sound_problem_control,"{""intent"": ""cold_color_cast""}",solve_picture_sound_problem_control,"{""intent"": ""cold_color_cast""}",Y,Y,Y,
设备,1125,画面看起来有点偏蓝帮我调一下,,,solve_picture_sound_problem_control,"{""intent"": ""cold_color_cast""}",solve_picture_sound_problem_control,"{""intent"": ""cold_color_cast""}",Y,Y,Y,
设备,1124,画面颜色太冷了帮我调一下,,,solve_picture_sound_problem_control,"{""intent"": ""cold_color_cast""}",solve_picture_sound_problem_control,"{""intent"": ""cold_color_cast""}",Y,Y,Y,
设备,1127,画面颜色太红了帮我调整一下,,,solve_picture_sound_problem_control,"{""intent"": ""red_color_cast""}",solve_picture_sound_problem_control,"{""intent"": ""red_color_cast""}",Y,Y,Y,
设备,1128,画面整体发红帮我调整一下,,,solve_picture_sound_problem_control,"{""intent"": ""red_color_cast""}",solve_picture_sound_problem_control,"{""intent"": ""red_color_cast""}",Y,Y,Y,
设备,1129,画面看起来有点偏红帮我调整一下,,,solve_picture_sound_problem_control,"{""intent"": ""red_color_cast""}",solve_picture_sound_problem_control,"{""intent"": ""red_color_cast""}",Y,Y,Y,
设备,1130,画面颜色太黄了帮我调整一下,,,solve_picture_sound_problem_control,"{""intent"": ""warm_color_cast""}",solve_picture_sound_problem_control,"{""intent"": ""warm_color_cast""}",Y,Y,Y,
设备,1132,画面看起来偏绿帮我调整一下,,,solve_picture_sound_problem_control,"{""intent"": ""warm_color_cast""}",solve_picture_sound_problem_control,"{""intent"": ""warm_color_cast""}",Y,Y,Y,
设备,1131,画面整体发黄帮我调整一下,,,solve_picture_sound_problem_control,"{""intent"": ""warm_color_cast""}",solve_picture_sound_problem_control,"{""intent"": ""warm_color_cast""}",Y,Y,Y,
设备,1133,屏幕暗处什么都看不见帮我设置一下,,,solve_picture_sound_problem_control,"{""intent"": ""dark_areas_crushed""}",solve_picture_sound_problem_control,"{""intent"": ""dark_areas_crushed""}",Y,Y,Y,
设备,1134,屏幕暗部细节丢失帮我设置一下,,,solve_picture_sound_problem_control,"{""intent"": ""dark_areas_crushed""}",solve_picture_sound_problem_control,"{""intent"": ""dark_areas_crushed""}",Y,Y,Y,
设备,1135,屏幕暗场太黑了帮我设置一下,,,solve_picture_sound_problem_control,"{""intent"": ""dark_areas_crushed""}",solve_picture_sound_problem_control,"{""intent"": ""dark_areas_crushed""}",Y,Y,Y,
设备,1138,屏幕亮部一片白帮我修改一下,,,solve_picture_sound_problem_control,"{""intent"": ""highlights_overexposed""}",solve_picture_sound_problem_control,"{""intent"": ""highlights_overexposed""}",Y,Y,Y,
设备,1137,屏幕高光细节没了帮我修改一下,,,solve_picture_sound_problem_control,"{""intent"": ""highlights_overexposed""}",solve_picture_sound_problem_control,"{""intent"": ""highlights_overexposed""}",Y,Y,Y,
设备,1136,屏幕亮处过曝了帮我修改一下,,,solve_picture_sound_problem_control,"{""intent"": ""highlights_overexposed""}",solve_picture_sound_problem_control,"{""intent"": ""highlights_overexposed""}",Y,Y,Y,
设备,1139,屏幕有点糊帮我修改一下,,,solve_picture_sound_problem_control,"{""intent"": ""lack_of_clarity""}",solve_picture_sound_problem_control,"{""intent"": ""lack_of_clarity""}",Y,Y,Y,
设备,1140,屏幕清晰度不够帮我修改一下,,,solve_picture_sound_problem_control,"{""intent"": ""lack_of_clarity""}",solve_picture_sound_problem_control,"{""intent"": ""lack_of_clarity""}",Y,Y,Y,
设备,1141,屏幕不够锐利帮我修改一下,,,solve_picture_sound_problem_control,"{""intent"": ""lack_of_clarity""}",solve_picture_sound_problem_control,"{""intent"": ""lack_of_clarity""}",Y,Y,Y,
设备,1142,屏幕有噪点帮我修改一下,,,solve_picture_sound_problem_control,"{""intent"": ""image_noise_obvious""}",solve_picture_sound_problem_control,"{""intent"": ""image_noise_obvious""}",Y,Y,Y,
设备,1143,屏幕像有雪花一样帮我修改一下,,,solve_picture_sound_problem_control,"{""intent"": ""image_noise_obvious""}",solve_picture_sound_problem_control,"{""intent"": ""image_noise_obvious""}",Y,Y,Y,
设备,1144,屏幕不够干净帮我修改一下,,,solve_picture_sound_problem_control,"{""intent"": ""image_noise_obvious""}",solve_picture_sound_problem_control,"{""intent"": ""image_noise_obvious""}",Y,Y,Y,
设备,1145,运动画面卡顿帮我调节一下,,,display_control,"{""device"": """", ""location"": """", ""object"": ""运动补偿"", ""operation"": ""打开"", ""value"": """"}",display_control,"{""device"": """", ""location"": """", ""object"": ""运动补偿"", ""operation"": ""打开"", ""value"": """"}",Y,Y,Y,
设备,1147,运动补偿开一下,,,display_control,"{""device"": """", ""location"": """", ""object"": ""运动补偿"", ""operation"": ""打开"", ""value"": """"}",display_control,"{""device"": """", ""location"": """", ""object"": ""运动补偿"", ""operation"": ""打开"", ""value"": """"}",Y,Y,Y,
设备,1146,运动不流畅帮我调节一下,,,display_control,"{""device"": """", ""location"": """", ""object"": ""运动补偿"", ""operation"": ""打开"", ""value"": """"}",display_control,"{""device"": """", ""location"": """", ""object"": ""运动补偿"", ""operation"": ""打开"", ""value"": """"}",Y,Y,Y,
设备,1149,运动画面不清晰帮我调节一下,,,solve_picture_sound_problem_control,"{""intent"": ""motion_not_sharp""}",solve_picture_sound_problem_control,"{""intent"": ""motion_not_sharp""}",Y,Y,Y,
设备,1150,运动增强开一下,,,solve_picture_sound_problem_control,"{""intent"": ""motion_not_sharp""}",solve_picture_sound_problem_control,"{""intent"": ""motion_not_sharp""}",Y,Y,Y,
设备,1148,运动画面有拖尾帮我调节一下,,,solve_picture_sound_problem_control,"{""intent"": ""motion_not_sharp""}",solve_picture_sound_problem_control,"{""intent"": ""motion_not_sharp""}",Y,Y,Y,
设备,1151,太刺眼帮我调节一下,,,solve_picture_sound_problem_control,"{""intent"": ""poor_eye_comfort""}",solve_picture_sound_problem_control,"{""intent"": ""poor_eye_comfort""}",Y,Y,Y,
设备,1152,还原电影色彩,,,solve_picture_sound_problem_control,"{""intent"": ""image_mode_movie""}",solve_picture_sound_problem_control,"{""intent"": ""image_mode_movie""}",Y,Y,Y,
设备,1154,画面忽明忽暗的帮我调节一下,,,solve_picture_sound_problem_control,"{""intent"": ""flickering_brightness""}",solve_picture_sound_problem_control,"{""intent"": ""flickering_brightness""}",Y,Y,Y,
设备,1153,画面亮度老是自己变帮我调节一下,,,solve_picture_sound_problem_control,"{""intent"": ""flickering_brightness""}",solve_picture_sound_problem_control,"{""intent"": ""flickering_brightness""}",Y,Y,Y,
设备,1160,对话声音小,,,solve_picture_sound_problem_control,"{""intent"": ""voice_not_clear""}",solve_picture_sound_problem_control,"{""intent"": ""voice_not_clear""}",Y,Y,Y,
设备,1155,画面自动调光关掉帮我调节一下,,,solve_picture_sound_problem_control,"{""intent"": ""flickering_brightness""}",solve_picture_sound_problem_control,"{""intent"": ""flickering_brightness""}",Y,Y,Y,
设备,1156,开AI画质模式,,,mode_control,"{""device"": """", ""location"": """", ""object"": """", ""operation"": ""设置"", ""value"": ""ai画质""}",mode_control,"{""device"": """", ""location"": """", ""object"": """", ""operation"": ""设置"", ""value"": ""ai画质""}",Y,Y,Y,
设备,1158,开智能画质,,,mode_control,"{""device"": """", ""location"": """", ""object"": """", ""operation"": ""设置"", ""value"": ""ai画质""}",mode_control,"{""device"": """", ""location"": """", ""object"": """", ""operation"": ""设置"", ""value"": ""ai画质""}",Y,Y,Y,
设备,1157,自动调画质,,,mode_control,"{""device"": """", ""location"": """", ""object"": """", ""operation"": ""设置"", ""value"": ""ai画质""}",mode_control,"{""device"": """", ""location"": """", ""object"": """", ""operation"": ""设置"", ""value"": ""ai画质""}",Y,Y,Y,
设备,1161,说话声音不清楚,,,solve_picture_sound_problem_control,"{""intent"": ""voice_not_clear""}",execute,,N,N,N,"intent: gold=""voice_not_clear"" pred="
设备,1164,声音太平面,,,solve_picture_sound_problem_control,"{""intent"": ""lack_stereo_surround""}",execute,,N,N,N,"intent: gold=""lack_stereo_surround"" pred="
设备,1159,人声听不清,,,solve_picture_sound_problem_control,"{""intent"": ""voice_not_clear""}",solve_picture_sound_problem_control,"{""intent"": ""voice_not_clear""}",Y,Y,Y,
设备,1162,声音没有立体感,,,solve_picture_sound_problem_control,"{""intent"": ""lack_stereo_surround""}",solve_picture_sound_problem_control,"{""intent"": ""lack_stereo_surround""}",Y,Y,Y,
设备,1163,环绕效果不好,,,solve_picture_sound_problem_control,"{""intent"": ""lack_stereo_surround""}",solve_picture_sound_problem_control,"{""intent"": ""lack_stereo_surround""}",Y,Y,Y,
设备,1166,低音太弱,,,solve_picture_sound_problem_control,"{""device"": """", ""location"": """", ""object"": ""低音调音台"", ""operation"": ""提高"", ""value"": """"}",solve_picture_sound_problem_control,"{""device"": """", ""location"": """", ""object"": ""低音调音台"", ""operation"": ""提高"", ""value"": """"}",Y,Y,Y,
设备,1167,加强低音,,,solve_picture_sound_problem_control,"{""device"": """", ""location"": """", ""object"": ""低音调音台"", ""operation"": ""提高"", ""value"": """"}",solve_picture_sound_problem_control,"{""device"": """", ""location"": """", ""object"": ""低音调音台"", ""operation"": ""提高"", ""value"": """"}",Y,Y,Y,
设备,1165,低音不够沉,,,solve_picture_sound_problem_control,"{""device"": """", ""location"": """", ""object"": ""低音调音台"", ""operation"": ""提高"", ""value"": """"}",solve_picture_sound_problem_control,"{""device"": """", ""location"": """", ""object"": ""低音调音台"", ""operation"": ""提高"", ""value"": """"}",Y,Y,Y,
设备,1169,倍速加快,,,playback_control,"{""device"": """", ""location"": """", ""object"": ""倍速"", ""operation"": ""提高"", ""value"": """"}",playback_control,"{""device"": """", ""location"": """", ""object"": ""倍速"", ""operation"": ""提高"", ""value"": """"}",Y,Y,Y,
设备,1168,1.3倍速播放,,,playback_control,"{""device"": """", ""location"": """", ""object"": ""倍速"", ""operation"": ""设置"", ""value"": ""1.3""}",playback_control,"{""device"": """", ""location"": """", ""object"": ""倍速"", ""operation"": ""设置"", ""value"": ""1.3""}",Y,Y,Y,
设备,1173,2倍速播放,,,playback_control,"{""device"": """", ""location"": """", ""object"": ""倍速"", ""operation"": ""设置"", ""value"": ""2""}",playback_control,"{""device"": """", ""location"": """", ""object"": ""倍速"", ""operation"": ""设置"", ""value"": ""2""}",Y,Y,Y,
设备,1171,用1倍速放,,,playback_control,"{""device"": """", ""location"": """", ""object"": ""倍速"", ""operation"": ""设置"", ""value"": ""1""}",playback_control,"{""device"": """", ""location"": """", ""object"": ""倍速"", ""operation"": ""设置"", ""value"": ""1""}",Y,Y,Y,
设备,1172,调成1.25倍速,,,playback_control,"{""device"": """", ""location"": """", ""object"": ""倍速"", ""operation"": ""设置"", ""value"": ""1.25""}",playback_control,"{""device"": """", ""location"": """", ""object"": ""倍速"", ""operation"": ""设置"", ""value"": ""1.25""}",Y,Y,Y,
设备,1170,切换到1.5倍速播放,,,playback_control,"{""device"": """", ""location"": """", ""object"": ""倍速"", ""operation"": ""设置"", ""value"": ""1.5""}",playback_control,"{""device"": """", ""location"": """", ""object"": ""倍速"", ""operation"": ""设置"", ""value"": ""1.5""}",Y,Y,Y,
设备,1174,换成0.5倍速,,,playback_control,"{""device"": """", ""location"": """", ""object"": ""倍速"", ""operation"": ""设置"", ""value"": ""0.5""}",playback_control,"{""device"": """", ""location"": """", ""object"": ""倍速"", ""operation"": ""设置"", ""value"": ""0.5""}",Y,Y,Y,
设备,1176,调到1.5倍速,,,playback_control,"{""device"": """", ""location"": """", ""object"": ""倍速"", ""operation"": ""设置"", ""value"": ""1.5""}",playback_control,"{""device"": """", ""location"": """", ""object"": ""倍速"", ""operation"": ""设置"", ""value"": ""1.5""}",Y,Y,Y,
设备,1175,0.75倍速放着,,,playback_control,"{""device"": """", ""location"": """", ""object"": ""倍速"", ""operation"": ""设置"", ""value"": ""0.75""}",playback_control,"{""device"": """", ""location"": """", ""object"": ""倍速"", ""operation"": ""设置"", ""value"": ""0.75""}",Y,Y,Y,
设备,1178,1.5倍速放着听,,,playback_control,"{""device"": """", ""location"": """", ""object"": ""倍速"", ""operation"": ""设置"", ""value"": ""1.5""}",playback_control,"{""device"": """", ""location"": """", ""object"": ""倍速"", ""operation"": ""设置"", ""value"": ""1.5""}",Y,Y,Y,
设备,1177,用1.5倍速讲,,,playback_control,"{""device"": """", ""location"": """", ""object"": ""倍速"", ""operation"": ""设置"", ""value"": ""1.5""}",playback_control,"{""device"": """", ""location"": """", ""object"": ""倍速"", ""operation"": ""设置"", ""value"": ""1.5""}",Y,Y,Y,
设备,1179,换成3倍速,,,playback_control,"{""device"": """", ""location"": """", ""object"": ""倍速"", ""operation"": ""设置"", ""value"": ""3.0""}",playback_control,"{""device"": """", ""location"": """", ""object"": ""倍速"", ""operation"": ""设置"", ""value"": ""3.0""}",Y,Y,Y,
设备,1182,帮我调到2倍速播放,,,playback_control,"{""device"": """", ""location"": """", ""object"": ""倍速"", ""operation"": ""设置"", ""value"": ""2""}",playback_control,"{""device"": """", ""location"": """", ""object"": ""倍速"", ""operation"": ""设置"", ""value"": ""2""}",Y,Y,Y,
设备,1183,切换成倍速播放,,,playback_control,"{""device"": """", ""location"": """", ""object"": ""倍速"", ""operation"": ""设置"", ""value"": """"}",playback_control,"{""device"": """", ""location"": """", ""object"": ""倍速"", ""operation"": ""设置"", ""value"": """"}",Y,Y,Y,
设备,1180,调成0.8倍速,,,playback_control,"{""device"": """", ""location"": """", ""object"": ""倍速"", ""operation"": ""设置"", ""value"": ""0.8""}",playback_control,"{""device"": """", ""location"": """", ""object"": ""倍速"", ""operation"": ""设置"", ""value"": ""0.8""}",Y,Y,Y,
设备,1185,调到默认倍速,,,playback_control,"{""device"": """", ""location"": """", ""object"": ""倍速"", ""operation"": ""设置"", ""value"": ""1""}",playback_control,"{""device"": """", ""location"": """", ""object"": ""倍速"", ""operation"": ""设置"", ""value"": ""1""}",Y,Y,Y,
设备,1187,我不想听了,,,playback_control,"{""device"": """", ""location"": """", ""object"": ""播放控制"", ""operation"": ""停止"", ""value"": """"}",execute,,N,N,N,"object: gold=""播放控制"" pred=; operation: gold=""停止"" pred="
设备,1186,别再播放了,,,playback_control,"{""device"": """", ""location"": """", ""object"": ""播放控制"", ""operation"": ""停止"", ""value"": """"}",playback_control,"{""device"": """", ""location"": """", ""object"": ""播放控制"", ""operation"": ""停止"", ""value"": """"}",Y,Y,Y,
设备,1188,别放了,,,playback_control,"{""device"": """", ""location"": """", ""object"": ""播放控制"", ""operation"": ""停止"", ""value"": """"}",playback_control,"{""device"": """", ""location"": """", ""object"": ""播放控制"", ""operation"": ""停止"", ""value"": """"}",Y,Y,Y,
设备,1184,0.8倍速播放,,,playback_control,"{""device"": """", ""location"": """", ""object"": ""倍速"", ""operation"": ""设置"", ""value"": ""0.8""}",playback_control,"{""device"": """", ""location"": """", ""object"": ""倍速"", ""operation"": ""设置"", ""value"": ""0.8""}",Y,Y,Y,
设备,1189,不要播了,,,playback_control,"{""device"": """", ""location"": """", ""object"": ""播放控制"", ""operation"": ""停止"", ""value"": """"}",playback_control,"{""device"": """", ""location"": """", ""object"": ""播放控制"", ""operation"": ""停止"", ""value"": """"}",Y,Y,Y,
设备,1192,换一部,,,playback_control,"{""device"": """", ""location"": """", ""object"": """", ""operation"": ""切换"", ""value"": ""部""}",execute,,N,N,N,"operation: gold=""切换"" pred=; value: gold=""部"" pred="
设备,1193,切一部,,,playback_control,"{""device"": """", ""location"": """", ""object"": """", ""operation"": ""切换"", ""value"": ""部""}",execute,,N,N,N,"operation: gold=""切换"" pred=; value: gold=""部"" pred="
设备,1194,下一部,,,playback_control,"{""device"": """", ""location"": """", ""object"": """", ""operation"": ""下"", ""value"": ""部""}",execute,,N,N,N,"operation: gold=""下"" pred=; value: gold=""部"" pred="
设备,1195,上一部,,,playback_control,"{""device"": """", ""location"": """", ""object"": """", ""operation"": ""上"", ""value"": ""部""}",execute,,N,N,N,"operation: gold=""上"" pred=; value: gold=""部"" pred="
设备,1196,听个别的,,,playback_control,"{""device"": """", ""location"": """", ""object"": """", ""operation"": ""切换"", ""value"": """"}",execute,,N,N,N,"operation: gold=""切换"" pred="
设备,1190,别播了,,,playback_control,"{""device"": """", ""location"": """", ""object"": ""播放控制"", ""operation"": ""停止"", ""value"": """"}",playback_control,"{""device"": """", ""location"": """", ""object"": ""播放控制"", ""operation"": ""停止"", ""value"": """"}",Y,Y,Y,
设备,1197,换一个,,,playback_control,"{""device"": """", ""location"": """", ""object"": """", ""operation"": ""切换"", ""value"": ""个""}",execute,,N,N,N,"operation: gold=""切换"" pred=; value: gold=""个"" pred="
设备,1191,先别播了,,,playback_control,"{""device"": """", ""location"": """", ""object"": ""播放控制"", ""operation"": ""停止"", ""value"": """"}",playback_control,"{""device"": """", ""location"": """", ""object"": ""播放控制"", ""operation"": ""停止"", ""value"": """"}",Y,Y,Y,
设备,1201,我要换一个听,,,playback_control,"{""device"": """", ""location"": """", ""object"": """", ""operation"": ""切换"", ""value"": ""个""}",execute,,N,N,N,"operation: gold=""切换"" pred=; value: gold=""个"" pred="
设备,1203,这个不好换一个,,,playback_control,"{""device"": """", ""location"": """", ""object"": """", ""operation"": ""切换"", ""value"": ""个""}",execute,,N,N,N,"operation: gold=""切换"" pred=; value: gold=""个"" pred="
设备,1198,切换下一个,,,playback_control,"{""device"": """", ""location"": """", ""object"": """", ""operation"": ""下"", ""value"": ""个""}",playback_control,"{""device"": """", ""location"": """", ""object"": """", ""operation"": ""下"", ""value"": ""个""}",Y,Y,Y,
设备,1204,嗯我想听个别的,,,playback_control,"{""device"": """", ""location"": """", ""object"": """", ""operation"": ""切换"", ""value"": ""个""}",execute,,N,N,N,"operation: gold=""切换"" pred=; value: gold=""个"" pred="
设备,1205,给我切一个,,,playback_control,"{""device"": """", ""location"": """", ""object"": """", ""operation"": ""切换"", ""value"": ""个""}",execute,,N,N,N,"operation: gold=""切换"" pred=; value: gold=""个"" pred="
设备,1181,播放倍速调小,,,playback_control,"{""device"": """", ""location"": """", ""object"": ""倍速"", ""operation"": ""降低"", ""value"": """"}",vod_search,"{""action"": ""play"", ""query"": {""field"": ""title"", ""value"": ""播放""}, ""retext"": ""播放倍速调小""}",N,N,N,"action: gold= pred=""play""; object: gold=""倍速"" pred=; operation: gold=""降低"" pred=; query: gold= pred={""field"": ""title"", ""value"": ""播放""}; retext: gold= pred=""播放倍速调小"""
设备,1207,换一个看看,,,playback_control,"{""device"": """", ""location"": """", ""object"": """", ""operation"": ""切换"", ""value"": ""个""}",execute,,N,N,N,"operation: gold=""切换"" pred=; value: gold=""个"" pred="
设备,1208,我还是想听上一个,,,playback_control,"{""device"": """", ""location"": """", ""object"": """", ""operation"": ""上"", ""value"": ""个""}",execute,,N,N,N,"operation: gold=""上"" pred=; value: gold=""个"" pred="
设备,1209,来个别的,,,playback_control,"{""device"": """", ""location"": """", ""object"": """", ""operation"": ""切换"", ""value"": ""个""}",execute,,N,N,N,"operation: gold=""切换"" pred=; value: gold=""个"" pred="
设备,1210,换个别的听,,,playback_control,"{""device"": """", ""location"": """", ""object"": """", ""operation"": ""切换"", ""value"": ""个""}",execute,,N,N,N,"operation: gold=""切换"" pred=; value: gold=""个"" pred="
设备,1212,不好听换一部,,,playback_control,"{""device"": """", ""location"": """", ""object"": """", ""operation"": ""切换"", ""value"": ""部""}",playback_control,"{""device"": """", ""location"": """", ""object"": """", ""operation"": ""切换"", ""value"": ""部""}",Y,Y,Y,
设备,1213,听别的吧,,,playback_control,"{""device"": """", ""location"": """", ""object"": """", ""operation"": ""切换"", ""value"": """"}",execute,,N,N,N,"operation: gold=""切换"" pred="
设备,1214,帮我换一个,,,playback_control,"{""device"": """", ""location"": """", ""object"": """", ""operation"": ""切换"", ""value"": ""个""}",execute,,N,N,N,"operation: gold=""切换"" pred=; value: gold=""个"" pred="
设备,1199,换个节目,,,playback_control,"{""device"": """", ""location"": """", ""object"": """", ""operation"": ""切换"", ""value"": ""个""}",vod_personalized_search,"{""category"": ""综艺""}",N,N,N,"category: gold= pred=""综艺""; operation: gold=""切换"" pred=; value: gold=""个"" pred="
设备,1200,切下一个,,,playback_control,"{""device"": """", ""location"": """", ""object"": """", ""operation"": ""下"", ""value"": ""个""}",vod_fuzzy_search,"{""retext"": ""切下一个""}",N,N,N,"operation: gold=""下"" pred=; retext: gold= pred=""切下一个""; value: gold=""个"" pred="
设备,1216,放下一个,,,playback_control,"{""device"": """", ""location"": """", ""object"": """", ""operation"": ""下"", ""value"": ""个""}",execute,,N,N,N,"operation: gold=""下"" pred=; value: gold=""个"" pred="
设备,1215,这个不好换下一个,,,playback_control,"{""device"": """", ""location"": """", ""object"": """", ""operation"": ""下"", ""value"": ""个""}",execute,,N,N,N,"operation: gold=""下"" pred=; value: gold=""个"" pred="
设备,1217,随机换一部,,,playback_control,"{""device"": """", ""location"": """", ""object"": """", ""operation"": ""切换"", ""value"": ""部""}",execute,,N,N,N,"operation: gold=""切换"" pred=; value: gold=""部"" pred="
设备,1211,切到下一个,,,playback_control,"{""device"": """", ""location"": """", ""object"": """", ""operation"": ""下"", ""value"": ""个""}",playback_control,"{""device"": """", ""location"": """", ""object"": """", ""operation"": ""下"", ""value"": ""个""}",Y,Y,Y,
设备,1206,下一个节目,,,playback_control,"{""device"": """", ""location"": """", ""object"": """", ""operation"": ""下"", ""value"": ""个""}",vod_history,"{""category"": [""正片""]}",N,N,N,"category: gold= pred=[""正片""]; operation: gold=""下"" pred=; value: gold=""个"" pred="
设备,1202,听下一部,,,playback_control,"{""device"": """", ""location"": """", ""object"": """", ""operation"": ""下"", ""value"": ""部""}",audio_search,"{""action"": ""play"", ""query"": ""听下一部""}",N,N,N,"action: gold= pred=""play""; operation: gold=""下"" pred=; query: gold= pred=""听下一部""; value: gold=""部"" pred="
设备,1221,播上一集,,,playback_control,"{""device"": """", ""location"": """", ""object"": """", ""operation"": ""上"", ""value"": ""集""}",playback_control,"{""device"": """", ""location"": """", ""object"": """", ""operation"": ""上"", ""value"": ""集""}",Y,Y,Y,
设备,1222,切到下一集,,,playback_control,"{""device"": """", ""location"": """", ""object"": """", ""operation"": ""下"", ""value"": ""集""}",playback_control,"{""device"": """", ""location"": """", ""object"": """", ""operation"": ""下"", ""value"": ""集""}",Y,Y,Y,
设备,1220,播下一集,,,playback_control,"{""device"": """", ""location"": """", ""object"": """", ""operation"": ""下"", ""value"": ""集""}",playback_control,"{""device"": """", ""location"": """", ""object"": """", ""operation"": ""下"", ""value"": ""集""}",Y,Y,Y,
设备,1223,切到上一集,,,playback_control,"{""device"": """", ""location"": """", ""object"": """", ""operation"": ""上"", ""value"": ""集""}",playback_control,"{""device"": """", ""location"": """", ""object"": """", ""operation"": ""上"", ""value"": ""集""}",Y,Y,Y,
设备,1224,帮我切下一集,,,playback_control,"{""device"": """", ""location"": """", ""object"": """", ""operation"": ""下"", ""value"": ""集""}",playback_control,"{""device"": """", ""location"": """", ""object"": """", ""operation"": ""下"", ""value"": ""集""}",Y,Y,Y,
设备,1218,播下一部,,,playback_control,"{""device"": """", ""location"": """", ""object"": """", ""operation"": ""下"", ""value"": ""部""}",vod_fuzzy_search,"{""retext"": ""播下一部""}",N,N,N,"operation: gold=""下"" pred=; retext: gold= pred=""播下一部""; value: gold=""部"" pred="
设备,1225,跳到下一集,,,playback_control,"{""device"": """", ""location"": """", ""object"": """", ""operation"": ""下"", ""value"": ""集""}",playback_control,"{""device"": """", ""location"": """", ""object"": """", ""operation"": ""下"", ""value"": ""集""}",Y,Y,Y,
设备,1227,放下一集,,,playback_control,"{""device"": """", ""location"": """", ""object"": """", ""operation"": ""下"", ""value"": ""集""}",playback_control,"{""device"": """", ""location"": """", ""object"": """", ""operation"": ""下"", ""value"": ""集""}",Y,Y,Y,
设备,1226,跳上一集,,,playback_control,"{""device"": """", ""location"": """", ""object"": """", ""operation"": ""上"", ""value"": ""集""}",playback_control,"{""device"": """", ""location"": """", ""object"": """", ""operation"": ""上"", ""value"": ""集""}",Y,Y,Y,
设备,1228,放上一集,,,playback_control,"{""device"": """", ""location"": """", ""object"": """", ""operation"": ""上"", ""value"": ""集""}",playback_control,"{""device"": """", ""location"": """", ""object"": """", ""operation"": ""上"", ""value"": ""集""}",Y,Y,Y,
设备,1229,给我换下一集,,,playback_control,"{""device"": """", ""location"": """", ""object"": """", ""operation"": ""下"", ""value"": ""集""}",playback_control,"{""device"": """", ""location"": """", ""object"": """", ""operation"": ""下"", ""value"": ""集""}",Y,Y,Y,
设备,1230,换到上一集,,,playback_control,"{""device"": """", ""location"": """", ""object"": """", ""operation"": ""上"", ""value"": ""集""}",playback_control,"{""device"": """", ""location"": """", ""object"": """", ""operation"": ""上"", ""value"": ""集""}",Y,Y,Y,
设备,1219,听上一部,,,playback_control,"{""device"": """", ""location"": """", ""object"": """", ""operation"": ""上"", ""value"": ""部""}",audio_search,"{""action"": ""play"", ""query"": ""听上一部""}",N,N,N,"action: gold= pred=""play""; operation: gold=""上"" pred=; query: gold= pred=""听上一部""; value: gold=""部"" pred="
设备,1231,往前切一集,,,playback_control,"{""device"": """", ""location"": """", ""object"": """", ""operation"": ""上"", ""value"": ""集""}",vod_fuzzy_search,"{""retext"": ""往前切一集""}",N,N,N,"operation: gold=""上"" pred=; retext: gold= pred=""往前切一集""; value: gold=""集"" pred="
设备,1233,暂停播放,,,playback_control,"{""device"": """", ""location"": """", ""object"": ""播放控制"", ""operation"": ""停止"", ""value"": """"}",playback_control,"{""device"": """", ""location"": """", ""object"": ""播放控制"", ""operation"": ""停止"", ""value"": """"}",Y,Y,Y,
设备,1234,停止播放,,,playback_control,"{""device"": """", ""location"": """", ""object"": ""播放控制"", ""operation"": ""停止"", ""value"": """"}",playback_control,"{""device"": """", ""location"": """", ""object"": ""播放控制"", ""operation"": ""停止"", ""value"": """"}",Y,Y,Y,
设备,1235,别放了,,,playback_control,"{""device"": """", ""location"": """", ""object"": ""播放控制"", ""operation"": ""停止"", ""value"": """"}",playback_control,"{""device"": """", ""location"": """", ""object"": ""播放控制"", ""operation"": ""停止"", ""value"": """"}",Y,Y,Y,
设备,1232,往后切一集,,,playback_control,"{""device"": """", ""location"": """", ""object"": """", ""operation"": ""下"", ""value"": ""集""}",vod_fuzzy_search,"{""retext"": ""往后切一集""}",N,N,N,"operation: gold=""下"" pred=; retext: gold= pred=""往后切一集""; value: gold=""集"" pred="
设备,1236,停止播放歌曲,,,playback_control,"{""device"": """", ""location"": """", ""object"": ""播放控制"", ""operation"": ""停止"", ""value"": """"}",playback_control,"{""device"": """", ""location"": """", ""object"": ""播放控制"", ""operation"": ""停止"", ""value"": """"}",Y,Y,Y,
设备,1240,这首歌一点都不好听，暂停,,,playback_control,"{""device"": """", ""location"": """", ""object"": ""播放控制"", ""operation"": ""停止"", ""value"": """"}",playback_control,"{""device"": """", ""location"": """", ""object"": ""播放控制"", ""operation"": ""暂停"", ""value"": """"}",Y,N,N,"operation: gold=""停止"" pred=""暂停"""
设备,1238,别播了,,,playback_control,"{""device"": """", ""location"": """", ""object"": ""播放控制"", ""operation"": ""停止"", ""value"": """"}",playback_control,"{""device"": """", ""location"": """", ""object"": ""播放控制"", ""operation"": ""停止"", ""value"": """"}",Y,Y,Y,
设备,1237,退出音乐播放,,,playback_control,"{""device"": """", ""location"": """", ""object"": ""音乐播放控制"", ""operation"": ""关闭"", ""value"": """"}",playback_control,"{""device"": """", ""location"": """", ""object"": ""音乐播放控制"", ""operation"": ""关闭"", ""value"": """"}",Y,Y,Y,
设备,1239,这首歌一点都不好听，别放了,,,playback_control,"{""device"": """", ""location"": """", ""object"": ""播放控制"", ""operation"": ""停止"", ""value"": """"}",playback_control,"{""device"": """", ""location"": """", ""object"": ""播放控制"", ""operation"": ""停止"", ""value"": """"}",Y,Y,Y,
设备,1241,暂停一下,,,playback_control,"{""device"": """", ""location"": """", ""object"": ""播放控制"", ""operation"": ""停止"", ""value"": """"}",playback_control,"{""device"": """", ""location"": """", ""object"": ""播放控制"", ""operation"": ""停止"", ""value"": """"}",Y,Y,Y,
设备,1242,停一下音乐,,,playback_control,"{""device"": """", ""location"": """", ""object"": ""播放控制"", ""operation"": ""停止"", ""value"": """"}",playback_control,"{""device"": """", ""location"": """", ""object"": ""播放控制"", ""operation"": ""停止"", ""value"": """"}",Y,Y,Y,
设备,1243,把音乐停了,,,playback_control,"{""device"": """", ""location"": """", ""object"": ""播放控制"", ""operation"": ""停止"", ""value"": """"}",playback_control,"{""device"": """", ""location"": """", ""object"": ""播放控制"", ""operation"": ""停止"", ""value"": """"}",Y,Y,Y,
设备,1244,先暂停音乐,,,playback_control,"{""device"": """", ""location"": """", ""object"": ""播放控制"", ""operation"": ""停止"", ""value"": """"}",playback_control,"{""device"": """", ""location"": """", ""object"": ""播放控制"", ""operation"": ""停止"", ""value"": """"}",Y,Y,Y,
设备,1245,停一下这首歌,,,playback_control,"{""device"": """", ""location"": """", ""object"": ""播放控制"", ""operation"": ""停止"", ""value"": """"}",playback_control,"{""device"": """", ""location"": """", ""object"": ""播放控制"", ""operation"": ""停止"", ""value"": """"}",Y,Y,Y,
设备,1246,把歌暂停了,,,playback_control,"{""device"": """", ""location"": """", ""object"": ""播放控制"", ""operation"": ""停止"", ""value"": """"}",playback_control,"{""device"": """", ""location"": """", ""object"": ""播放控制"", ""operation"": ""停止"", ""value"": """"}",Y,Y,Y,
设备,1247,音乐先停一下,,,playback_control,"{""device"": """", ""location"": """", ""object"": ""播放控制"", ""operation"": ""停止"", ""value"": """"}",playback_control,"{""device"": """", ""location"": """", ""object"": ""播放控制"", ""operation"": ""停止"", ""value"": """"}",Y,Y,Y,
设备,1251,别放了吧,,,playback_control,"{""device"": """", ""location"": """", ""object"": ""播放控制"", ""operation"": ""停止"", ""value"": """"}",execute,,N,N,N,"object: gold=""播放控制"" pred=; operation: gold=""停止"" pred="
设备,1248,暂停会儿,,,playback_control,"{""device"": """", ""location"": """", ""object"": ""播放控制"", ""operation"": ""停止"", ""value"": """"}",playback_control,"{""device"": """", ""location"": """", ""object"": ""播放控制"", ""operation"": ""停止"", ""value"": """"}",Y,Y,Y,
设备,1253,别唱了,,,playback_control,"{""device"": """", ""location"": """", ""object"": ""播放控制"", ""operation"": ""停止"", ""value"": """"}",execute,,N,N,N,"object: gold=""播放控制"" pred=; operation: gold=""停止"" pred="
设备,1249,把播放停掉,,,playback_control,"{""device"": """", ""location"": """", ""object"": ""播放控制"", ""operation"": ""停止"", ""value"": """"}",playback_control,"{""device"": """", ""location"": """", ""object"": ""播放控制"", ""operation"": ""停止"", ""value"": """"}",Y,Y,Y,
设备,1254,别放了呗,,,playback_control,"{""device"": """", ""location"": """", ""object"": ""播放控制"", ""operation"": ""停止"", ""value"": """"}",execute,,N,N,N,"object: gold=""播放控制"" pred=; operation: gold=""停止"" pred="
设备,1255,不要放了,,,playback_control,"{""device"": """", ""location"": """", ""object"": ""播放控制"", ""operation"": ""停止"", ""value"": """"}",execute,,N,N,N,"object: gold=""播放控制"" pred=; operation: gold=""停止"" pred="
设备,1250,歌曲暂停,,,playback_control,"{""device"": """", ""location"": """", ""object"": ""播放控制"", ""operation"": ""停止"", ""value"": """"}",playback_control,"{""device"": """", ""location"": """", ""object"": ""播放控制"", ""operation"": ""停止"", ""value"": """"}",Y,Y,Y,
设备,1259,别再放了,,,playback_control,"{""device"": """", ""location"": """", ""object"": ""播放控制"", ""operation"": ""停止"", ""value"": """"}",execute,,N,N,N,"object: gold=""播放控制"" pred=; operation: gold=""停止"" pred="
设备,1252,别放这首歌了,,,playback_control,"{""device"": """", ""location"": """", ""object"": ""播放控制"", ""operation"": ""停止"", ""value"": """"}",playback_control,"{""device"": """", ""location"": """", ""object"": ""播放控制"", ""operation"": ""停止"", ""value"": """"}",Y,Y,Y,
设备,1260,不要再放了,,,playback_control,"{""device"": """", ""location"": """", ""object"": ""播放控制"", ""operation"": ""停止"", ""value"": """"}",execute,,N,N,N,"object: gold=""播放控制"" pred=; operation: gold=""停止"" pred="
设备,1256,这首别放了,,,playback_control,"{""device"": """", ""location"": """", ""object"": ""播放控制"", ""operation"": ""停止"", ""value"": """"}",playback_control,"{""device"": """", ""location"": """", ""object"": ""播放控制"", ""operation"": ""停止"", ""value"": """"}",Y,Y,Y,
设备,1257,音乐别放了,,,playback_control,"{""device"": """", ""location"": """", ""object"": ""音乐播放控制"", ""operation"": ""关闭"", ""value"": """"}",playback_control,"{""device"": """", ""location"": """", ""object"": ""音乐播放控制"", ""operation"": ""关闭"", ""value"": """"}",Y,Y,Y,
设备,1258,别放音乐了,,,playback_control,"{""device"": """", ""location"": """", ""object"": ""播放控制"", ""operation"": ""停止"", ""value"": """"}",playback_control,"{""device"": """", ""location"": """", ""object"": ""播放控制"", ""operation"": ""停止"", ""value"": """"}",Y,Y,Y,
设备,1261,关掉音乐,,,playback_control,"{""device"": """", ""location"": """", ""object"": ""音乐播放控制"", ""operation"": ""关闭"", ""value"": """"}",playback_control,"{""device"": """", ""location"": """", ""object"": ""音乐播放控制"", ""operation"": ""关闭"", ""value"": """"}",Y,Y,Y,
设备,1262,退出播放,,,playback_control,"{""device"": """", ""location"": """", ""object"": ""播放控制"", ""operation"": ""停止"", ""value"": """"}",playback_control,"{""device"": """", ""location"": """", ""object"": ""播放控制"", ""operation"": ""退出"", ""value"": """"}",Y,N,N,"operation: gold=""停止"" pred=""退出"""
设备,1263,把音乐关了,,,playback_control,"{""device"": """", ""location"": """", ""object"": ""音乐播放控制"", ""operation"": ""关闭"", ""value"": """"}",playback_control,"{""device"": """", ""location"": """", ""object"": ""音乐播放控制"", ""operation"": ""关闭"", ""value"": """"}",Y,Y,Y,
设备,1265,把音乐退出来,,,playback_control,"{""device"": """", ""location"": """", ""object"": ""音乐播放控制"", ""operation"": ""关闭"", ""value"": """"}",playback_control,"{""device"": """", ""location"": """", ""object"": ""音乐播放控制"", ""operation"": ""关闭"", ""value"": """"}",Y,Y,Y,
设备,1264,不听了关掉,,,playback_control,"{""device"": """", ""location"": """", ""object"": ""播放控制"", ""operation"": ""停止"", ""value"": """"}",playback_control,"{""device"": """", ""location"": """", ""object"": ""播放控制"", ""operation"": ""停止"", ""value"": """"}",Y,Y,Y,
设备,1270,不听了退出来,,,playback_control,"{""device"": """", ""location"": """", ""object"": """", ""operation"": ""退出"", ""value"": """"}",execute,,N,N,N,"operation: gold=""退出"" pred="
设备,1266,关了这首歌,,,playback_control,"{""device"": """", ""location"": """", ""object"": ""音乐播放控制"", ""operation"": ""关闭"", ""value"": """"}",playback_control,"{""device"": """", ""location"": """", ""object"": ""音乐播放控制"", ""operation"": ""关闭"", ""value"": """"}",Y,Y,Y,
设备,1267,退出音乐吧,,,playback_control,"{""device"": """", ""location"": """", ""object"": ""音乐播放控制"", ""operation"": ""关闭"", ""value"": """"}",playback_control,"{""device"": """", ""location"": """", ""object"": ""音乐播放控制"", ""operation"": ""关闭"", ""value"": """"}",Y,Y,Y,
设备,1271,不好听别放了,,,playback_control,"{""device"": """", ""location"": """", ""object"": ""音量"", ""operation"": ""关闭"", ""value"": """"}",playback_control,"{""device"": """", ""location"": """", ""object"": ""音量"", ""operation"": ""关闭"", ""value"": """"}",Y,Y,Y,
设备,1268,把歌关掉,,,playback_control,"{""device"": """", ""location"": """", ""object"": ""音乐播放控制"", ""operation"": ""关闭"", ""value"": """"}",playback_control,"{""device"": """", ""location"": """", ""object"": ""音乐播放控制"", ""operation"": ""关闭"", ""value"": """"}",Y,Y,Y,
设备,1269,音乐关了吧,,,playback_control,"{""device"": """", ""location"": """", ""object"": ""音乐播放控制"", ""operation"": ""关闭"", ""value"": """"}",playback_control,"{""device"": """", ""location"": """", ""object"": ""音乐播放控制"", ""operation"": ""关闭"", ""value"": """"}",Y,Y,Y,
设备,1275,难听死了暂停,,,playback_control,"{""device"": """", ""location"": """", ""object"": ""播放控制"", ""operation"": ""停止"", ""value"": """"}",playback_control,"{""device"": """", ""location"": """", ""object"": ""播放控制"", ""operation"": ""停止"", ""value"": """"}",Y,Y,Y,
设备,1272,太吵了暂停,,,playback_control,"{""device"": """", ""location"": """", ""object"": ""播放控制"", ""operation"": ""停止"", ""value"": """"}",playback_control,"{""device"": """", ""location"": """", ""object"": ""播放控制"", ""operation"": ""停止"", ""value"": """"}",Y,Y,Y,
设备,1278,不好听不想听了,,,playback_control,"{""device"": """", ""location"": """", ""object"": ""播放控制"", ""operation"": ""停止"", ""value"": """"}",playback_control,"{""device"": """", ""location"": """", ""object"": ""播放控制"", ""operation"": ""停止"", ""value"": """"}",Y,Y,Y,
设备,1273,这首不好听停掉,,,playback_control,"{""device"": """", ""location"": """", ""object"": ""播放控制"", ""operation"": ""停止"", ""value"": """"}",playback_control,"{""device"": """", ""location"": """", ""object"": ""播放控制"", ""operation"": ""停止"", ""value"": """"}",Y,Y,Y,
设备,1274,太吵了别放了,,,playback_control,"{""device"": """", ""location"": """", ""object"": """", ""operation"": ""关闭"", ""value"": """"}",playback_control,"{""device"": """", ""location"": """", ""object"": """", ""operation"": ""关闭"", ""value"": """"}",Y,Y,Y,
设备,1276,不喜欢这首停了吧,,,playback_control,"{""device"": """", ""location"": """", ""object"": ""播放控制"", ""operation"": ""停止"", ""value"": """"}",playback_control,"{""device"": """", ""location"": """", ""object"": ""播放控制"", ""operation"": ""停止"", ""value"": """"}",Y,Y,Y,
设备,1277,太吵停一下,,,playback_control,"{""device"": """", ""location"": """", ""object"": ""播放控制"", ""operation"": ""停止"", ""value"": """"}",playback_control,"{""device"": """", ""location"": """", ""object"": ""播放控制"", ""operation"": ""停止"", ""value"": """"}",Y,Y,Y,
设备,1280,帮我暂停音乐,,,playback_control,"{""device"": """", ""location"": """", ""object"": ""播放控制"", ""operation"": ""停止"", ""value"": """"}",playback_control,"{""device"": """", ""location"": """", ""object"": ""播放控制"", ""operation"": ""停止"", ""value"": """"}",Y,Y,Y,
设备,1281,麻烦停一下音乐,,,playback_control,"{""device"": """", ""location"": """", ""object"": ""播放控制"", ""operation"": ""停止"", ""value"": """"}",playback_control,"{""device"": """", ""location"": """", ""object"": ""播放控制"", ""operation"": ""停止"", ""value"": """"}",Y,Y,Y,
设备,1279,这首太吵别放了,,,playback_control,"{""device"": """", ""location"": """", ""object"": ""播放控制"", ""operation"": ""停止"", ""value"": """"}",playback_control,"{""device"": """", ""location"": """", ""object"": ""播放控制"", ""operation"": ""停止"", ""value"": """"}",Y,Y,Y,
设备,1283,帮我关掉音乐,,,playback_control,"{""device"": """", ""location"": """", ""object"": ""音乐播放控制"", ""operation"": ""关闭"", ""value"": """"}",playback_control,"{""device"": """", ""location"": """", ""object"": ""音乐播放控制"", ""operation"": ""关闭"", ""value"": """"}",Y,Y,Y,
设备,1284,太晚了停掉音乐,,,playback_control,"{""device"": """", ""location"": """", ""object"": ""播放控制"", ""operation"": ""停止"", ""value"": """"}",playback_control,"{""device"": """", ""location"": """", ""object"": ""播放控制"", ""operation"": ""停止"", ""value"": """"}",Y,Y,Y,
设备,1285,帮我退出播放,,,playback_control,"{""device"": """", ""location"": """", ""object"": ""播放控制"", ""operation"": ""停止"", ""value"": """"}",playback_control,"{""device"": """", ""location"": """", ""object"": ""播放控制"", ""operation"": ""停止"", ""value"": """"}",Y,Y,Y,
设备,1282,帮我把歌停了,,,playback_control,"{""device"": """", ""location"": """", ""object"": ""播放控制"", ""operation"": ""停止"", ""value"": """"}",playback_control,"{""device"": """", ""location"": """", ""object"": ""播放控制"", ""operation"": ""停止"", ""value"": """"}",Y,Y,Y,
设备,1288,继续,,,playback_control,"{""device"": """", ""location"": """", ""object"": ""播放控制"", ""operation"": ""播放"", ""value"": """"}",execute,,N,N,N,"object: gold=""播放控制"" pred=; operation: gold=""播放"" pred="
设备,1289,继续放,,,playback_control,"{""device"": """", ""location"": """", ""object"": ""播放控制"", ""operation"": ""播放"", ""value"": """"}",playback_control,"{""device"": """", ""location"": """", ""object"": ""播放控制"", ""operation"": ""播放"", ""value"": """"}",Y,Y,Y,
设备,1292,音乐继续放吧,,,playback_control,"{""device"": """", ""location"": """", ""object"": ""播放控制"", ""operation"": ""播放"", ""value"": """"}",playback_control,"{""device"": """", ""location"": """", ""object"": ""播放控制"", ""operation"": ""播放"", ""value"": """"}",Y,Y,Y,
设备,1287,继续播放,,,playback_control,"{""device"": """", ""location"": """", ""object"": ""播放控制"", ""operation"": ""播放"", ""value"": """"}",playback_control,"{""device"": """", ""location"": """", ""object"": ""播放控制"", ""operation"": ""播放"", ""value"": """"}",Y,Y,Y,
设备,1290,接着放音乐,,,playback_control,"{""device"": """", ""location"": """", ""object"": ""播放控制"", ""operation"": ""播放"", ""value"": """"}",playback_control,"{""device"": """", ""location"": """", ""object"": ""播放控制"", ""operation"": ""播放"", ""value"": """"}",Y,Y,Y,
设备,1294,继续放歌吧,,,playback_control,"{""device"": """", ""location"": """", ""object"": ""播放控制"", ""operation"": ""播放"", ""value"": """"}",playback_control,"{""device"": """", ""location"": """", ""object"": ""播放控制"", ""operation"": ""播放"", ""value"": """"}",Y,Y,Y,
设备,1291,把音乐接着放,,,playback_control,"{""device"": """", ""location"": """", ""object"": ""播放控制"", ""operation"": ""播放"", ""value"": """"}",playback_control,"{""device"": """", ""location"": """", ""object"": ""播放控制"", ""operation"": ""播放"", ""value"": """"}",Y,Y,Y,
设备,1293,把音乐放着继续,,,playback_control,"{""device"": """", ""location"": """", ""object"": ""播放控制"", ""operation"": ""播放"", ""value"": """"}",playback_control,"{""device"": """", ""location"": """", ""object"": ""播放控制"", ""operation"": ""播放"", ""value"": """"}",Y,Y,Y,
设备,1296,把这首歌接着放,,,playback_control,"{""device"": """", ""location"": """", ""object"": ""播放控制"", ""operation"": ""播放"", ""value"": """"}",playback_control,"{""device"": """", ""location"": """", ""object"": ""播放控制"", ""operation"": ""播放"", ""value"": """"}",Y,Y,Y,
设备,1295,接着放刚才那首歌,,,playback_control,"{""device"": """", ""location"": """", ""object"": ""播放控制"", ""operation"": ""播放"", ""value"": """"}",playback_control,"{""device"": """", ""location"": """", ""object"": ""播放控制"", ""operation"": ""播放"", ""value"": """"}",Y,Y,Y,
设备,1297,继续放这首,,,playback_control,"{""device"": """", ""location"": """", ""object"": ""播放控制"", ""operation"": ""播放"", ""value"": """"}",playback_control,"{""device"": """", ""location"": """", ""object"": ""播放控制"", ""operation"": ""播放"", ""value"": """"}",Y,Y,Y,
设备,1301,继续刚才那首,,,playback_control,"{""device"": """", ""location"": """", ""object"": ""播放控制"", ""operation"": ""播放"", ""value"": """"}",execute,,N,N,N,"object: gold=""播放控制"" pred=; operation: gold=""播放"" pred="
设备,1298,接着播放吧,,,playback_control,"{""device"": """", ""location"": """", ""object"": ""播放控制"", ""operation"": ""播放"", ""value"": """"}",playback_control,"{""device"": """", ""location"": """", ""object"": ""播放控制"", ""operation"": ""播放"", ""value"": """"}",Y,Y,Y,
设备,1286,恢复播放,,,playback_control,"{""device"": """", ""location"": """", ""object"": ""播放控制"", ""operation"": ""播放"", ""value"": """"}",vod_search,"{""action"": ""play"", ""query"": {""field"": ""title"", ""value"": ""恢复播放""}, ""retext"": ""恢复播放""}",N,N,N,"action: gold= pred=""play""; object: gold=""播放控制"" pred=; operation: gold=""播放"" pred=; query: gold= pred={""field"": ""title"", ""value"": ""恢复播放""}; retext: gold= pred=""恢复播放"""
设备,1299,继续放音乐,,,playback_control,"{""device"": """", ""location"": """", ""object"": ""播放控制"", ""operation"": ""播放"", ""value"": """"}",playback_control,"{""device"": """", ""location"": """", ""object"": ""播放控制"", ""operation"": ""播放"", ""value"": """"}",Y,Y,Y,
设备,1300,继续放歌听,,,playback_control,"{""device"": """", ""location"": """", ""object"": ""播放控制"", ""operation"": ""播放"", ""value"": """"}",playback_control,"{""device"": """", ""location"": """", ""object"": ""播放控制"", ""operation"": ""播放"", ""value"": """"}",Y,Y,Y,
设备,1305,继续刚才听的,,,playback_control,"{""device"": """", ""location"": """", ""object"": ""播放控制"", ""operation"": ""播放"", ""value"": """"}",execute,,N,N,N,"object: gold=""播放控制"" pred=; operation: gold=""播放"" pred="
设备,1302,接着放刚才停的歌,,,playback_control,"{""device"": """", ""location"": """", ""object"": ""播放控制"", ""operation"": ""播放"", ""value"": """"}",playback_control,"{""device"": """", ""location"": """", ""object"": ""播放控制"", ""operation"": ""播放"", ""value"": """"}",Y,Y,Y,
设备,1303,把暂停的歌接着放,,,playback_control,"{""device"": """", ""location"": """", ""object"": ""播放控制"", ""operation"": ""播放"", ""value"": """"}",playback_control,"{""device"": """", ""location"": """", ""object"": ""播放控制"", ""operation"": ""播放"", ""value"": """"}",Y,Y,Y,
设备,1304,接着播刚才那首,,,playback_control,"{""device"": """", ""location"": """", ""object"": ""播放控制"", ""operation"": ""播放"", ""value"": """"}",music_song_search,"{""retext"": ""接着播刚才那首""}",N,N,N,"object: gold=""播放控制"" pred=; operation: gold=""播放"" pred=; retext: gold= pred=""接着播刚才那首"""
设备,1306,帮我继续放音乐,,,playback_control,"{""device"": """", ""location"": """", ""object"": ""播放控制"", ""operation"": ""播放"", ""value"": """"}",playback_control,"{""device"": """", ""location"": """", ""object"": ""播放控制"", ""operation"": ""播放"", ""value"": """"}",Y,Y,Y,
设备,1311,接着放呗,,,playback_control,"{""device"": """", ""location"": """", ""object"": ""播放控制"", ""operation"": ""播放"", ""value"": """"}",execute,,N,N,N,"object: gold=""播放控制"" pred=; operation: gold=""播放"" pred="
设备,1308,帮我把音乐接着放,,,playback_control,"{""device"": """", ""location"": """", ""object"": ""播放控制"", ""operation"": ""播放"", ""value"": """"}",playback_control,"{""device"": """", ""location"": """", ""object"": ""播放控制"", ""operation"": ""播放"", ""value"": """"}",Y,Y,Y,
设备,1309,帮我继续播放,,,playback_control,"{""device"": """", ""location"": """", ""object"": ""播放控制"", ""operation"": ""播放"", ""value"": """"}",playback_control,"{""device"": """", ""location"": """", ""object"": ""播放控制"", ""operation"": ""播放"", ""value"": """"}",Y,Y,Y,
设备,1307,麻烦接着放歌,,,playback_control,"{""device"": """", ""location"": """", ""object"": ""播放控制"", ""operation"": ""播放"", ""value"": """"}",playback_control,"{""device"": """", ""location"": """", ""object"": ""播放控制"", ""operation"": ""播放"", ""value"": """"}",Y,Y,Y,
设备,1312,继续放着呗,,,playback_control,"{""device"": """", ""location"": """", ""object"": ""播放控制"", ""operation"": ""播放"", ""value"": """"}",playback_control,"{""device"": """", ""location"": """", ""object"": ""播放控制"", ""operation"": ""播放"", ""value"": """"}",Y,Y,Y,
设备,1314,接着播吧,,,playback_control,"{""device"": """", ""location"": """", ""object"": ""播放控制"", ""operation"": ""播放"", ""value"": """"}",execute,,N,N,N,"object: gold=""播放控制"" pred=; operation: gold=""播放"" pred="
设备,1313,往下放吧,,,playback_control,"{""device"": """", ""location"": """", ""object"": ""播放控制"", ""operation"": ""播放"", ""value"": """"}",execute,,N,N,N,"object: gold=""播放控制"" pred=; operation: gold=""播放"" pred="
设备,1315,继续放下去,,,playback_control,"{""device"": """", ""location"": """", ""object"": ""播放控制"", ""operation"": ""播放"", ""value"": """"}",playback_control,"{""device"": """", ""location"": """", ""object"": ""播放控制"", ""operation"": ""播放"", ""value"": """"}",Y,Y,Y,
设备,1317,继续给我放着,,,playback_control,"{""device"": """", ""location"": """", ""object"": ""播放控制"", ""operation"": ""播放"", ""value"": """"}",execute,,N,N,N,"object: gold=""播放控制"" pred=; operation: gold=""播放"" pred="
设备,1316,音乐接着放呗,,,playback_control,"{""device"": """", ""location"": """", ""object"": ""播放控制"", ""operation"": ""播放"", ""value"": """"}",playback_control,"{""device"": """", ""location"": """", ""object"": ""播放控制"", ""operation"": ""播放"", ""value"": """"}",Y,Y,Y,
设备,1318,下一曲,,,playback_control,"{""device"": """", ""location"": """", ""object"": """", ""operation"": ""下"", ""value"": ""首""}",music_song_search,"{""retext"": ""下一曲""}",N,N,N,"operation: gold=""下"" pred=; retext: gold= pred=""下一曲""; value: gold=""首"" pred="
设备,1319,听下一首,,,playback_control,"{""device"": """", ""location"": """", ""object"": """", ""operation"": ""下"", ""value"": ""首""}",playback_control,"{""device"": """", ""location"": """", ""object"": """", ""operation"": ""下"", ""value"": ""首""}",Y,Y,Y,
设备,1320,换下一首歌,,,playback_control,"{""device"": """", ""location"": """", ""object"": """", ""operation"": ""下"", ""value"": ""首""}",playback_control,"{""device"": """", ""location"": """", ""object"": """", ""operation"": ""下"", ""value"": ""首""}",Y,Y,Y,
设备,1321,放下一首,,,playback_control,"{""device"": """", ""location"": """", ""object"": """", ""operation"": ""下"", ""value"": ""首""}",playback_control,"{""device"": """", ""location"": """", ""object"": """", ""operation"": ""下"", ""value"": ""首""}",Y,Y,Y,
设备,1325,再换一首,,,playback_control,"{""device"": """", ""location"": """", ""object"": """", ""operation"": ""切换"", ""value"": ""首""}",playback_control,"{""device"": """", ""location"": """", ""object"": """", ""operation"": ""切换"", ""value"": ""首""}",Y,Y,Y,
设备,1310,帮我接着听,,,playback_control,"{""device"": """", ""location"": """", ""object"": ""播放控制"", ""operation"": ""播放"", ""value"": """"}",audio_search,"{""action"": ""play"", ""query"": ""帮我接着听""}",N,N,N,"action: gold= pred=""play""; object: gold=""播放控制"" pred=; operation: gold=""播放"" pred=; query: gold= pred=""帮我接着听"""
设备,1322,播放下一首,,,playback_control,"{""device"": """", ""location"": """", ""object"": """", ""operation"": ""下"", ""value"": ""首""}",playback_control,"{""device"": """", ""location"": """", ""object"": """", ""operation"": ""下"", ""value"": ""首""}",Y,Y,Y,
设备,1326,换一首,,,playback_control,"{""device"": """", ""location"": """", ""object"": """", ""operation"": ""切换"", ""value"": ""首""}",playback_control,"{""device"": """", ""location"": """", ""object"": """", ""operation"": ""切换"", ""value"": ""首""}",Y,Y,Y,
设备,1323,再来一首,,,playback_control,"{""device"": """", ""location"": """", ""object"": """", ""operation"": ""切换"", ""value"": ""首""}",music_song_recommend,"{""retext"": ""再来一首""}",N,N,N,"operation: gold=""切换"" pred=; retext: gold= pred=""再来一首""; value: gold=""首"" pred="
设备,1324,再换一首歌,,,playback_control,"{""device"": """", ""location"": """", ""object"": """", ""operation"": ""切换"", ""value"": ""首""}",playback_control,"{""device"": """", ""location"": """", ""object"": """", ""operation"": ""切换"", ""value"": ""首""}",Y,Y,Y,
设备,1327,切歌,,,playback_control,"{""device"": """", ""location"": """", ""object"": """", ""operation"": ""切换"", ""value"": ""首""}",playback_control,"{""device"": """", ""location"": """", ""object"": """", ""operation"": ""切换"", ""value"": ""首""}",Y,Y,Y,
设备,1328,切下一首,,,playback_control,"{""device"": """", ""location"": """", ""object"": """", ""operation"": ""切换"", ""value"": ""首""}",playback_control,"{""device"": """", ""location"": """", ""object"": """", ""operation"": ""切换"", ""value"": ""首""}",Y,Y,Y,
设备,1330,往下换一首,,,playback_control,"{""device"": """", ""location"": """", ""object"": """", ""operation"": ""切换"", ""value"": ""首""}",playback_control,"{""device"": """", ""location"": """", ""object"": """", ""operation"": ""切换"", ""value"": ""首""}",Y,Y,Y,
设备,1329,跳到下一首,,,playback_control,"{""device"": """", ""location"": """", ""object"": """", ""operation"": ""切换"", ""value"": ""首""}",playback_control,"{""device"": """", ""location"": """", ""object"": """", ""operation"": ""切换"", ""value"": ""首""}",Y,Y,Y,
设备,1331,换到下一首,,,playback_control,"{""device"": """", ""location"": """", ""object"": """", ""operation"": ""下"", ""value"": ""首""}",playback_control,"{""device"": """", ""location"": """", ""object"": """", ""operation"": ""下"", ""value"": ""首""}",Y,Y,Y,
设备,1332,放下一首歌,,,playback_control,"{""device"": """", ""location"": """", ""object"": """", ""operation"": ""下"", ""value"": ""首""}",playback_control,"{""device"": """", ""location"": """", ""object"": """", ""operation"": ""下"", ""value"": ""首""}",Y,Y,Y,
设备,1333,听下一首歌,,,playback_control,"{""device"": """", ""location"": """", ""object"": """", ""operation"": ""下"", ""value"": ""首""}",playback_control,"{""device"": """", ""location"": """", ""object"": """", ""operation"": ""下"", ""value"": ""首""}",Y,Y,Y,
设备,1334,下一首吧,,,playback_control,"{""device"": """", ""location"": """", ""object"": """", ""operation"": ""下"", ""value"": ""首""}",playback_control,"{""device"": """", ""location"": """", ""object"": """", ""operation"": ""下"", ""value"": ""首""}",Y,Y,Y,
设备,1337,下一曲呗,,,playback_control,"{""device"": """", ""location"": """", ""object"": """", ""operation"": ""下"", ""value"": ""首""}",music_song_search,"{""retext"": ""下一曲呗""}",N,N,N,"operation: gold=""下"" pred=; retext: gold= pred=""下一曲呗""; value: gold=""首"" pred="
设备,1335,切到下一首,,,playback_control,"{""device"": """", ""location"": """", ""object"": """", ""operation"": ""下"", ""value"": ""首""}",playback_control,"{""device"": """", ""location"": """", ""object"": """", ""operation"": ""下"", ""value"": ""首""}",Y,Y,Y,
设备,1336,来下一首,,,playback_control,"{""device"": """", ""location"": """", ""object"": """", ""operation"": ""下"", ""value"": ""首""}",playback_control,"{""device"": """", ""location"": """", ""object"": """", ""operation"": ""下"", ""value"": ""首""}",Y,Y,Y,
设备,1340,换一首吧,,,playback_control,"{""device"": """", ""location"": """", ""object"": """", ""operation"": ""切换"", ""value"": ""首""}",playback_control,"{""device"": """", ""location"": """", ""object"": """", ""operation"": ""切换"", ""value"": ""首""}",Y,Y,Y,
设备,1343,帮我换一首,,,playback_control,"{""device"": """", ""location"": """", ""object"": """", ""operation"": ""切换"", ""value"": ""首""}",playback_control,"{""device"": """", ""location"": """", ""object"": """", ""operation"": ""切换"", ""value"": ""首""}",Y,Y,Y,
设备,1344,换个歌吧,,,playback_control,"{""device"": """", ""location"": """", ""object"": """", ""operation"": ""切换"", ""value"": ""首""}",playback_control,"{""device"": """", ""location"": """", ""object"": """", ""operation"": ""切换"", ""value"": ""首""}",Y,Y,Y,
设备,1338,换首别的,,,playback_control,"{""device"": """", ""location"": """", ""object"": """", ""operation"": ""切换"", ""value"": ""首""}",music_song_search,"{""retext"": ""换首别的""}",N,N,N,"operation: gold=""切换"" pred=; retext: gold= pred=""换首别的""; value: gold=""首"" pred="
设备,1339,换一首听,,,playback_control,"{""device"": """", ""location"": """", ""object"": """", ""operation"": ""切换"", ""value"": ""首""}",playback_control,"{""device"": """", ""location"": """", ""object"": """", ""operation"": ""切换"", ""value"": ""首""}",Y,Y,Y,
设备,1342,给我换一首,,,playback_control,"{""device"": """", ""location"": """", ""object"": """", ""operation"": ""切换"", ""value"": ""首""}",playback_control,"{""device"": """", ""location"": """", ""object"": """", ""operation"": ""切换"", ""value"": ""首""}",Y,Y,Y,
设备,1341,换一首别的歌,,,playback_control,"{""device"": """", ""location"": """", ""object"": """", ""operation"": ""切换"", ""value"": ""首""}",playback_control,"{""device"": """", ""location"": """", ""object"": """", ""operation"": ""切换"", ""value"": ""首""}",Y,Y,Y,
设备,1347,换一首别的吧,,,playback_control,"{""device"": """", ""location"": """", ""object"": """", ""operation"": ""切换"", ""value"": ""首""}",playback_control,"{""device"": """", ""location"": """", ""object"": """", ""operation"": ""切换"", ""value"": ""首""}",Y,Y,Y,
设备,1349,再换一个,,,playback_control,"{""device"": """", ""location"": """", ""object"": """", ""operation"": ""切换"", ""value"": ""个""}",execute,,N,N,N,"operation: gold=""切换"" pred=; value: gold=""个"" pred="
设备,1351,再来一首吧,,,playback_control,"{""device"": """", ""location"": """", ""object"": """", ""operation"": ""切换"", ""value"": ""首""}",execute,,N,N,N,"operation: gold=""切换"" pred=; value: gold=""首"" pred="
设备,1345,换一首歌呗,,,playback_control,"{""device"": """", ""location"": """", ""object"": """", ""operation"": ""切换"", ""value"": ""首""}",playback_control,"{""device"": """", ""location"": """", ""object"": """", ""operation"": ""切换"", ""value"": ""首""}",Y,Y,Y,
设备,1346,换一首别的听,,,playback_control,"{""device"": """", ""location"": """", ""object"": """", ""operation"": ""切换"", ""value"": ""首""}",playback_control,"{""device"": """", ""location"": """", ""object"": """", ""operation"": ""切换"", ""value"": ""首""}",Y,Y,Y,
设备,1348,再来一首别的,,,playback_control,"{""device"": """", ""location"": """", ""object"": """", ""operation"": ""切换"", ""value"": ""首""}",music_song_recommend,"{""retext"": ""再来一首别的""}",N,N,N,"operation: gold=""切换"" pred=; retext: gold= pred=""再来一首别的""; value: gold=""首"" pred="
设备,1350,接着来下一首,,,playback_control,"{""device"": """", ""location"": """", ""object"": """", ""operation"": ""下"", ""value"": ""首""}",playback_control,"{""device"": """", ""location"": """", ""object"": """", ""operation"": ""下"", ""value"": ""首""}",Y,Y,Y,
设备,1356,接着换一首,,,playback_control,"{""device"": """", ""location"": """", ""object"": """", ""operation"": ""切换"", ""value"": ""首""}",playback_control,"{""device"": """", ""location"": """", ""object"": """", ""operation"": ""切换"", ""value"": ""首""}",Y,Y,Y,
设备,1352,再换一首听听,,,playback_control,"{""device"": """", ""location"": """", ""object"": """", ""operation"": ""切换"", ""value"": ""首""}",playback_control,"{""device"": """", ""location"": """", ""object"": """", ""operation"": ""切换"", ""value"": ""首""}",Y,Y,Y,
设备,1353,接着放下一首,,,playback_control,"{""device"": """", ""location"": """", ""object"": """", ""operation"": ""下"", ""value"": ""首""}",playback_control,"{""device"": """", ""location"": """", ""object"": """", ""operation"": ""下"", ""value"": ""首""}",Y,Y,Y,
设备,1354,换下一首听,,,playback_control,"{""device"": """", ""location"": """", ""object"": """", ""operation"": ""下"", ""value"": ""首""}",playback_control,"{""device"": """", ""location"": """", ""object"": """", ""operation"": ""下"", ""value"": ""首""}",Y,Y,Y,
设备,1359,这首不要了换一首,,,playback_control,"{""device"": """", ""location"": """", ""object"": """", ""operation"": ""切换"", ""value"": ""首""}",playback_control,"{""device"": """", ""location"": """", ""object"": """", ""operation"": ""切换"", ""value"": ""首""}",Y,Y,Y,
设备,1355,再换首别的,,,playback_control,"{""device"": """", ""location"": """", ""object"": """", ""operation"": ""切换"", ""value"": ""首""}",music_song_search,"{""retext"": ""再换首别的""}",N,N,N,"operation: gold=""切换"" pred=; retext: gold= pred=""再换首别的""; value: gold=""首"" pred="
设备,1362,这首跳过,,,playback_control,"{""device"": """", ""location"": """", ""object"": """", ""operation"": ""切换"", ""value"": ""首""}",execute,,N,N,N,"operation: gold=""切换"" pred=; value: gold=""首"" pred="
设备,1357,这首歌切了吧,,,playback_control,"{""device"": """", ""location"": """", ""object"": """", ""operation"": ""切换"", ""value"": ""首""}",playback_control,"{""device"": """", ""location"": """", ""object"": """", ""operation"": ""切换"", ""value"": ""首""}",Y,Y,Y,
设备,1358,跳过这首,,,playback_control,"{""device"": """", ""location"": """", ""object"": """", ""operation"": ""切换"", ""value"": ""首""}",music_song_search,"{""retext"": ""跳过这首""}",N,N,N,"operation: gold=""切换"" pred=; retext: gold= pred=""跳过这首""; value: gold=""首"" pred="
设备,1360,跳过去换一首,,,playback_control,"{""device"": """", ""location"": """", ""object"": """", ""operation"": ""切换"", ""value"": ""首""}",playback_control,"{""device"": """", ""location"": """", ""object"": """", ""operation"": ""切换"", ""value"": ""首""}",Y,Y,Y,
设备,1361,切歌吧,,,playback_control,"{""device"": """", ""location"": """", ""object"": """", ""operation"": ""切换"", ""value"": ""首""}",playback_control,"{""device"": """", ""location"": """", ""object"": """", ""operation"": ""切换"", ""value"": ""首""}",Y,Y,Y,
设备,1363,不要这首了切了吧,,,playback_control,"{""device"": """", ""location"": """", ""object"": """", ""operation"": ""切换"", ""value"": ""首""}",playback_control,"{""device"": """", ""location"": """", ""object"": """", ""operation"": ""切换"", ""value"": ""首""}",Y,Y,Y,
设备,1364,跳过换下一首,,,playback_control,"{""device"": """", ""location"": """", ""object"": """", ""operation"": ""下"", ""value"": ""首""}",playback_control,"{""device"": """", ""location"": """", ""object"": """", ""operation"": ""下"", ""value"": ""首""}",Y,Y,Y,
设备,1365,这首不好听切了,,,playback_control,"{""device"": """", ""location"": """", ""object"": """", ""operation"": ""切换"", ""value"": ""首""}",playback_control,"{""device"": """", ""location"": """", ""object"": """", ""operation"": ""切换"", ""value"": ""首""}",Y,Y,Y,
设备,1366,切下一首吧,,,playback_control,"{""device"": """", ""location"": """", ""object"": """", ""operation"": ""切换"", ""value"": ""首""}",playback_control,"{""device"": """", ""location"": """", ""object"": """", ""operation"": ""切换"", ""value"": ""首""}",Y,Y,Y,
设备,1367,不好听换一首,,,playback_control,"{""device"": """", ""location"": """", ""object"": """", ""operation"": ""切换"", ""value"": ""首""}",playback_control,"{""device"": """", ""location"": """", ""object"": """", ""operation"": ""切换"", ""value"": ""首""}",Y,Y,Y,
设备,1368,听腻了换一首,,,playback_control,"{""device"": """", ""location"": """", ""object"": """", ""operation"": ""切换"", ""value"": ""首""}",playback_control,"{""device"": """", ""location"": """", ""object"": """", ""operation"": ""切换"", ""value"": ""首""}",Y,Y,Y,
设备,1369,节奏不对换一首,,,playback_control,"{""device"": """", ""location"": """", ""object"": """", ""operation"": ""切换"", ""value"": ""首""}",playback_control,"{""device"": """", ""location"": """", ""object"": """", ""operation"": ""切换"", ""value"": ""首""}",Y,Y,Y,
设备,1370,这首太吵换一首,,,playback_control,"{""device"": """", ""location"": """", ""object"": """", ""operation"": ""切换"", ""value"": ""首""}",playback_control,"{""device"": """", ""location"": """", ""object"": """", ""operation"": ""切换"", ""value"": ""首""}",Y,Y,Y,
设备,1371,不喜欢这首换掉,,,playback_control,"{""device"": """", ""location"": """", ""object"": """", ""operation"": ""切换"", ""value"": ""首""}",playback_control,"{""device"": """", ""location"": """", ""object"": """", ""operation"": ""切换"", ""value"": ""首""}",Y,Y,Y,
设备,1372,这首没感觉换一首,,,playback_control,"{""device"": """", ""location"": """", ""object"": """", ""operation"": ""切换"", ""value"": ""首""}",playback_control,"{""device"": """", ""location"": """", ""object"": """", ""operation"": ""切换"", ""value"": ""首""}",Y,Y,Y,
设备,1373,太慢了换一首,,,playback_control,"{""device"": """", ""location"": """", ""object"": """", ""operation"": ""切换"", ""value"": ""首""}",playback_control,"{""device"": """", ""location"": """", ""object"": """", ""operation"": ""切换"", ""value"": ""首""}",Y,Y,Y,
设备,1374,听够了换一首,,,playback_control,"{""device"": """", ""location"": """", ""object"": """", ""operation"": ""切换"", ""value"": ""首""}",playback_control,"{""device"": """", ""location"": """", ""object"": """", ""operation"": ""切换"", ""value"": ""首""}",Y,Y,Y,
设备,1378,刚才那首,,,playback_control,"{""device"": """", ""location"": """", ""object"": """", ""operation"": ""上"", ""value"": ""首""}",execute,,N,N,N,"operation: gold=""上"" pred=; value: gold=""首"" pred="
设备,1375,这首太老换一首,,,playback_control,"{""device"": """", ""location"": """", ""object"": """", ""operation"": ""切换"", ""value"": ""首""}",playback_control,"{""device"": """", ""location"": """", ""object"": """", ""operation"": ""切换"", ""value"": ""首""}",Y,Y,Y,
设备,1377,上一曲,,,playback_control,"{""device"": """", ""location"": """", ""object"": """", ""operation"": ""上"", ""value"": ""首""}",music_song_search,"{""retext"": ""上一曲""}",N,N,N,"operation: gold=""上"" pred=; retext: gold= pred=""上一曲""; value: gold=""首"" pred="
设备,1376,节奏太慢换一首,,,playback_control,"{""device"": """", ""location"": """", ""object"": """", ""operation"": ""切换"", ""value"": ""首""}",playback_control,"{""device"": """", ""location"": """", ""object"": """", ""operation"": ""切换"", ""value"": ""首""}",Y,Y,Y,
设备,1379,播放上一首,,,playback_control,"{""device"": """", ""location"": """", ""object"": """", ""operation"": ""上"", ""value"": ""首""}",playback_control,"{""device"": """", ""location"": """", ""object"": """", ""operation"": ""上"", ""value"": ""首""}",Y,Y,Y,
设备,1381,换上一首,,,playback_control,"{""device"": """", ""location"": """", ""object"": """", ""operation"": ""上"", ""value"": ""首""}",playback_control,"{""device"": """", ""location"": """", ""object"": """", ""operation"": ""上"", ""value"": ""首""}",Y,Y,Y,
设备,1380,听上一首,,,playback_control,"{""device"": """", ""location"": """", ""object"": """", ""operation"": ""上"", ""value"": ""首""}",playback_control,"{""device"": """", ""location"": """", ""object"": """", ""operation"": ""上"", ""value"": ""首""}",Y,Y,Y,
设备,1382,切上一首,,,playback_control,"{""device"": """", ""location"": """", ""object"": """", ""operation"": ""上"", ""value"": ""首""}",playback_control,"{""device"": """", ""location"": """", ""object"": """", ""operation"": ""上"", ""value"": ""首""}",Y,Y,Y,
设备,1383,跳到上一首,,,playback_control,"{""device"": """", ""location"": """", ""object"": """", ""operation"": ""上"", ""value"": ""首""}",playback_control,"{""device"": """", ""location"": """", ""object"": """", ""operation"": ""上"", ""value"": ""首""}",Y,Y,Y,
设备,1385,上一首吧,,,playback_control,"{""device"": """", ""location"": """", ""object"": """", ""operation"": ""上"", ""value"": ""首""}",playback_control,"{""device"": """", ""location"": """", ""object"": """", ""operation"": ""上"", ""value"": ""首""}",Y,Y,Y,
设备,1384,放上一首,,,playback_control,"{""device"": """", ""location"": """", ""object"": """", ""operation"": ""上"", ""value"": ""首""}",playback_control,"{""device"": """", ""location"": """", ""object"": """", ""operation"": ""上"", ""value"": ""首""}",Y,Y,Y,
设备,1388,上一曲吧,,,playback_control,"{""device"": """", ""location"": """", ""object"": """", ""operation"": ""上"", ""value"": ""首""}",music_song_search,"{""retext"": ""上一曲吧""}",N,N,N,"operation: gold=""上"" pred=; retext: gold= pred=""上一曲吧""; value: gold=""首"" pred="
设备,1387,来上一首,,,playback_control,"{""device"": """", ""location"": """", ""object"": """", ""operation"": ""上"", ""value"": ""首""}",playback_control,"{""device"": """", ""location"": """", ""object"": """", ""operation"": ""上"", ""value"": ""首""}",Y,Y,Y,
设备,1386,切到上一首,,,playback_control,"{""device"": """", ""location"": """", ""object"": """", ""operation"": ""上"", ""value"": ""首""}",playback_control,"{""device"": """", ""location"": """", ""object"": """", ""operation"": ""上"", ""value"": ""首""}",Y,Y,Y,
设备,1389,往回切一首,,,playback_control,"{""device"": """", ""location"": """", ""object"": """", ""operation"": ""上"", ""value"": ""首""}",music_song_search,"{""retext"": ""往回切一首""}",N,N,N,"operation: gold=""上"" pred=; retext: gold= pred=""往回切一首""; value: gold=""首"" pred="
设备,1390,我要听上一首,,,playback_control,"{""device"": """", ""location"": """", ""object"": """", ""operation"": ""上"", ""value"": ""首""}",playback_control,"{""device"": """", ""location"": """", ""object"": """", ""operation"": ""上"", ""value"": ""首""}",Y,Y,Y,
设备,1394,回到刚才那首,,,playback_control,"{""device"": """", ""location"": """", ""object"": """", ""operation"": ""上"", ""value"": ""首""}",execute,,N,N,N,"operation: gold=""上"" pred=; value: gold=""首"" pred="
设备,1391,上一首呗,,,playback_control,"{""device"": """", ""location"": """", ""object"": """", ""operation"": ""上"", ""value"": ""首""}",playback_control,"{""device"": """", ""location"": """", ""object"": """", ""operation"": ""上"", ""value"": ""首""}",Y,Y,Y,
设备,1396,刚才那首歌,,,playback_control,"{""device"": """", ""location"": """", ""object"": """", ""operation"": ""上"", ""value"": ""首""}",playback_control,"{""device"": """", ""location"": """", ""object"": """", ""operation"": ""上"", ""value"": ""首""}",Y,Y,Y,
设备,1392,放刚才那首,,,playback_control,"{""device"": """", ""location"": """", ""object"": """", ""operation"": ""上"", ""value"": ""首""}",music_song_search,"{""retext"": ""放刚才那首""}",N,N,N,"operation: gold=""上"" pred=; retext: gold= pred=""放刚才那首""; value: gold=""首"" pred="
设备,1393,切回刚才那首,,,playback_control,"{""device"": """", ""location"": """", ""object"": """", ""operation"": ""上"", ""value"": ""首""}",music_song_search,"{""retext"": ""切回刚才那首""}",N,N,N,"operation: gold=""上"" pred=; retext: gold= pred=""切回刚才那首""; value: gold=""首"" pred="
设备,1395,听刚才那首,,,playback_control,"{""device"": """", ""location"": """", ""object"": """", ""operation"": ""上"", ""value"": ""首""}",music_song_search,"{""retext"": ""听刚才那首""}",N,N,N,"operation: gold=""上"" pred=; retext: gold= pred=""听刚才那首""; value: gold=""首"" pred="
设备,1397,放回刚才那首,,,playback_control,"{""device"": """", ""location"": """", ""object"": """", ""operation"": ""上"", ""value"": ""首""}",music_song_search,"{""retext"": ""放回刚才那首""}",N,N,N,"operation: gold=""上"" pred=; retext: gold= pred=""放回刚才那首""; value: gold=""首"" pred="
设备,1400,回到上一首歌,,,playback_control,"{""device"": """", ""location"": """", ""object"": """", ""operation"": ""上"", ""value"": ""首""}",playback_control,"{""device"": """", ""location"": """", ""object"": """", ""operation"": ""上"", ""value"": ""首""}",Y,Y,Y,
设备,1398,倒回刚才那首,,,playback_control,"{""device"": """", ""location"": """", ""object"": """", ""operation"": ""上"", ""value"": ""首""}",playback_control,"{""device"": """", ""location"": """", ""object"": """", ""operation"": ""上"", ""value"": ""首""}",Y,Y,Y,
设备,1399,再听一遍刚才那首,,,playback_control,"{""device"": """", ""location"": """", ""object"": ""播放列表"", ""operation"": ""重播"", ""value"": """"}",music_song_search,"{""retext"": ""再听一遍刚才那首""}",N,N,N,"object: gold=""播放列表"" pred=; operation: gold=""重播"" pred=; retext: gold= pred=""再听一遍刚才那首"""
设备,1401,切回上一首歌,,,playback_control,"{""device"": """", ""location"": """", ""object"": """", ""operation"": ""上"", ""value"": ""首""}",playback_control,"{""device"": """", ""location"": """", ""object"": """", ""operation"": ""上"", ""value"": ""首""}",Y,Y,Y,
设备,1402,换回上一首,,,playback_control,"{""device"": """", ""location"": """", ""object"": """", ""operation"": ""上"", ""value"": ""首""}",playback_control,"{""device"": """", ""location"": """", ""object"": """", ""operation"": ""上"", ""value"": ""首""}",Y,Y,Y,
设备,1403,回到上一首,,,playback_control,"{""device"": """", ""location"": """", ""object"": """", ""operation"": ""上"", ""value"": ""首""}",playback_control,"{""device"": """", ""location"": """", ""object"": """", ""operation"": ""上"", ""value"": ""首""}",Y,Y,Y,
设备,1404,退回上一首,,,playback_control,"{""device"": """", ""location"": """", ""object"": """", ""operation"": ""上"", ""value"": ""首""}",playback_control,"{""device"": """", ""location"": """", ""object"": """", ""operation"": ""上"", ""value"": ""首""}",Y,Y,Y,
设备,1405,倒回上一首,,,playback_control,"{""device"": """", ""location"": """", ""object"": """", ""operation"": ""上"", ""value"": ""首""}",playback_control,"{""device"": """", ""location"": """", ""object"": """", ""operation"": ""上"", ""value"": ""首""}",Y,Y,Y,
设备,1406,换到上一首,,,playback_control,"{""device"": """", ""location"": """", ""object"": """", ""operation"": ""上"", ""value"": ""首""}",playback_control,"{""device"": """", ""location"": """", ""object"": """", ""operation"": ""上"", ""value"": ""首""}",Y,Y,Y,
设备,1407,切回去上一首,,,playback_control,"{""device"": """", ""location"": """", ""object"": """", ""operation"": ""上"", ""value"": ""首""}",playback_control,"{""device"": """", ""location"": """", ""object"": """", ""operation"": ""上"", ""value"": ""首""}",Y,Y,Y,
设备,1408,退一首回去,,,playback_control,"{""device"": """", ""location"": """", ""object"": """", ""operation"": ""上"", ""value"": ""首""}",music_song_search,"{""retext"": ""退一首回去""}",N,N,N,"operation: gold=""上"" pred=; retext: gold= pred=""退一首回去""; value: gold=""首"" pred="
设备,1409,换回刚才那首,,,playback_control,"{""device"": """", ""location"": """", ""object"": """", ""operation"": ""上"", ""value"": ""首""}",music_song_search,"{""retext"": ""换回刚才那首""}",N,N,N,"operation: gold=""上"" pred=; retext: gold= pred=""换回刚才那首""; value: gold=""首"" pred="
设备,1410,倒一首回去,,,playback_control,"{""device"": """", ""location"": """", ""object"": """", ""operation"": ""上"", ""value"": ""首""}",playback_control,"{""device"": """", ""location"": """", ""object"": """", ""operation"": ""上"", ""value"": ""首""}",Y,Y,Y,
设备,1411,回退一首,,,playback_control,"{""device"": """", ""location"": """", ""object"": """", ""operation"": ""退出"", ""value"": ""首""}",music_song_search,"{""retext"": ""回退一首""}",N,N,N,"operation: gold=""退出"" pred=; retext: gold= pred=""回退一首""; value: gold=""首"" pred="
设备,1413,上一首重新放,,,playback_control,"{""device"": """", ""location"": """", ""object"": """", ""operation"": ""上"", ""value"": ""首""}",playback_control,"{""device"": """", ""location"": """", ""object"": """", ""operation"": ""上"", ""value"": ""首""}",Y,Y,Y,
设备,1412,再听一遍上一首,,,playback_control,"{""device"": """", ""location"": """", ""object"": """", ""operation"": ""上"", ""value"": ""首""}",playback_control,"{""device"": """", ""location"": """", ""object"": """", ""operation"": ""上"", ""value"": ""首""}",Y,Y,Y,
设备,1414,刚才那首重放一遍,,,playback_control,"{""device"": """", ""location"": """", ""object"": """", ""operation"": ""重播"", ""value"": """"}",playback_control,"{""device"": """", ""location"": """", ""object"": """", ""operation"": ""重播"", ""value"": """"}",Y,Y,Y,
设备,1416,回去重听上一首,,,playback_control,"{""device"": """", ""location"": """", ""object"": """", ""operation"": ""上"", ""value"": ""首""}",playback_control,"{""device"": """", ""location"": """", ""object"": """", ""operation"": ""上"", ""value"": ""首""}",Y,Y,Y,
设备,1417,上一首重新来,,,playback_control,"{""device"": """", ""location"": """", ""object"": """", ""operation"": ""上"", ""value"": ""首""}",playback_control,"{""device"": """", ""location"": """", ""object"": """", ""operation"": ""上"", ""value"": ""首""}",Y,Y,Y,
设备,1418,刚才那首再听一遍,,,playback_control,"{""device"": """", ""location"": """", ""object"": """", ""operation"": ""重播"", ""value"": """"}",music_song_search,"{""retext"": ""刚才那首再听一遍""}",N,N,N,"operation: gold=""重播"" pred=; retext: gold= pred=""刚才那首再听一遍"""
设备,1420,帮我切上一首,,,playback_control,"{""device"": """", ""location"": """", ""object"": """", ""operation"": ""上"", ""value"": ""首""}",playback_control,"{""device"": """", ""location"": """", ""object"": """", ""operation"": ""上"", ""value"": ""首""}",Y,Y,Y,
设备,1415,上一首再放一次,,,playback_control,"{""device"": """", ""location"": """", ""object"": """", ""operation"": ""上"", ""value"": ""首""}",playback_control,"{""device"": """", ""location"": """", ""object"": """", ""operation"": ""上"", ""value"": ""首""}",Y,Y,Y,
设备,1421,麻烦放上一首,,,playback_control,"{""device"": """", ""location"": """", ""object"": """", ""operation"": ""上"", ""value"": ""首""}",playback_control,"{""device"": """", ""location"": """", ""object"": """", ""operation"": ""上"", ""value"": ""首""}",Y,Y,Y,
设备,1422,帮我回到上一首,,,playback_control,"{""device"": """", ""location"": """", ""object"": """", ""operation"": ""上"", ""value"": ""首""}",playback_control,"{""device"": """", ""location"": """", ""object"": """", ""operation"": ""上"", ""value"": ""首""}",Y,Y,Y,
设备,1423,切错了换回上一首,,,playback_control,"{""device"": """", ""location"": """", ""object"": """", ""operation"": ""上"", ""value"": ""首""}",playback_control,"{""device"": """", ""location"": """", ""object"": """", ""operation"": ""上"", ""value"": ""首""}",Y,Y,Y,
设备,1424,帮我切回刚才那首,,,playback_control,"{""device"": """", ""location"": """", ""object"": """", ""operation"": ""上"", ""value"": ""首""}",music_song_search,"{""retext"": ""帮我切回刚才那首""}",N,N,N,"operation: gold=""上"" pred=; retext: gold= pred=""帮我切回刚才那首""; value: gold=""首"" pred="
设备,1425,帮我退回上一首,,,playback_control,"{""device"": """", ""location"": """", ""object"": """", ""operation"": ""上"", ""value"": ""首""}",playback_control,"{""device"": """", ""location"": """", ""object"": """", ""operation"": ""上"", ""value"": ""首""}",Y,Y,Y,
设备,1419,上一首再放一遍,,,playback_control,"{""device"": """", ""location"": """", ""object"": """", ""operation"": ""上"", ""value"": ""首""}",playback_control,"{""device"": """", ""location"": """", ""object"": """", ""operation"": ""上"", ""value"": ""首""}",Y,Y,Y,
设备,1426,刚才那首好听回去听,,,playback_control,"{""device"": """", ""location"": """", ""object"": """", ""operation"": ""上"", ""value"": ""首""}",playback_control,"{""device"": """", ""location"": """", ""object"": """", ""operation"": ""上"", ""value"": ""首""}",Y,Y,Y,
设备,1427,帮我倒回上一首,,,playback_control,"{""device"": """", ""location"": """", ""object"": """", ""operation"": ""上"", ""value"": ""首""}",playback_control,"{""device"": """", ""location"": """", ""object"": """", ""operation"": ""上"", ""value"": ""首""}",Y,Y,Y,
设备,1428,帮我开通屏保VIP,,,screensaver_control,,screensaver_control,,Y,Y,Y,
设备,1429,我要开通屏保VIP,,,screensaver_control,,screensaver_control,,Y,Y,Y,
设备,1431,麻烦开通屏保VIP,,,screensaver_control,,screensaver_control,,Y,Y,Y,
设备,1430,我要开通屏保画册VIP,,,screensaver_control,,screensaver_control,,Y,Y,Y,
设备,1432,麻烦买屏保画册VIP,,,screensaver_control,,screensaver_control,,Y,Y,Y,
设备,1433,电视购买屏保画册VIP,,,screensaver_control,,screensaver_control,,Y,Y,Y,
设备,1435,买下屏保画册VIP,,,screensaver_control,,screensaver_control,,Y,Y,Y,
设备,1436,能不能开通屏保VIP,,,screensaver_control,,screensaver_control,,Y,Y,Y,
设备,1434,把屏保VIP开通一下,,,screensaver_control,,screensaver_control,,Y,Y,Y,
设备,1437,我想开通屏保VIP,,,screensaver_control,,screensaver_control,,Y,Y,Y,
设备,1438,帮电视开通屏保VIP,,,screensaver_control,,screensaver_control,,Y,Y,Y,
设备,1439,办理屏保VIP,,,screensaver_control,,screensaver_control,,Y,Y,Y,
设备,1440,办理屏保画册VIP,,,screensaver_control,,screensaver_control,,Y,Y,Y,
设备,1441,我需要开通屏保VIP,,,screensaver_control,,screensaver_control,,Y,Y,Y,
设备,1442,直接开通屏保VIP,,,screensaver_control,,screensaver_control,,Y,Y,Y,
设备,1443,帮我买下屏保VIP,,,screensaver_control,,screensaver_control,,Y,Y,Y,
设备,1444,帮我买下屏保画册VIP,,,screensaver_control,,screensaver_control,,Y,Y,Y,
设备,1445,可不可以开通屏保VIP,,,screensaver_control,,screensaver_control,,Y,Y,Y,
设备,1446,开启屏保VIP,,,screensaver_control,,screensaver_control,,Y,Y,Y,
设备,1447,开启屏保画册VIP,,,screensaver_control,,screensaver_control,,Y,Y,Y,
设备,1448,续费屏保VIP,,,screensaver_control,,screensaver_control,,Y,Y,Y,
设备,1449,续费屏保画册VIP,,,screensaver_control,,screensaver_control,,Y,Y,Y,
设备,1450,帮我续费屏保VIP,,,screensaver_control,,screensaver_control,,Y,Y,Y,
设备,1451,帮我续费屏保画册VIP,,,screensaver_control,,screensaver_control,,Y,Y,Y,
设备,1452,我要续费屏保VIP,,,screensaver_control,,screensaver_control,,Y,Y,Y,
设备,1453,开通屏保VIP会员,,,screensaver_control,,screensaver_control,,Y,Y,Y,
设备,1454,麻烦购买屏保VIP,,,screensaver_control,,screensaver_control,,Y,Y,Y,
设备,1455,帮我办理屏保VIP,,,screensaver_control,,screensaver_control,,Y,Y,Y,
设备,1456,帮我办理屏保画册VIP,,,screensaver_control,,screensaver_control,,Y,Y,Y,
设备,1457,我打算开通屏保VIP,,,screensaver_control,,screensaver_control,,Y,Y,Y,
设备,1458,把屏保VIP买下来,,,screensaver_control,,screensaver_control,,Y,Y,Y,
设备,1459,把屏保画册VIP买下来,,,screensaver_control,,screensaver_control,,Y,Y,Y,
设备,1460,申请开通屏保VIP,,,screensaver_control,,screensaver_control,,Y,Y,Y,
设备,1462,能不能续费屏保VIP,,,screensaver_control,,screensaver_control,,Y,Y,Y,
设备,1461,帮我申请屏保画册VIP,,,screensaver_control,,screensaver_control,,Y,Y,Y,
设备,1463,直接买下屏保VIP,,,screensaver_control,,screensaver_control,,Y,Y,Y,
设备,1464,直接买下屏保画册VIP,,,screensaver_control,,screensaver_control,,Y,Y,Y,
设备,1465,把第1个设置为屏保,,,screensaver_control,"{""device"": """", ""location"": """", ""object"": ""屏保"", ""operation"": ""设置"", ""value"": ""1""}",screensaver_control,"{""device"": """", ""location"": """", ""object"": ""屏保"", ""operation"": ""设置"", ""value"": ""1""}",Y,Y,Y,
设备,1466,把第2个设置为屏保,,,screensaver_control,"{""device"": """", ""location"": """", ""object"": ""屏保"", ""operation"": ""设置"", ""value"": ""2""}",screensaver_control,"{""device"": """", ""location"": """", ""object"": ""屏保"", ""operation"": ""设置"", ""value"": ""2""}",Y,Y,Y,
设备,1467,把第3个设置为屏保,,,screensaver_control,"{""device"": """", ""location"": """", ""object"": ""屏保"", ""operation"": ""设置"", ""value"": ""3""}",screensaver_control,"{""device"": """", ""location"": """", ""object"": ""屏保"", ""operation"": ""设置"", ""value"": ""3""}",Y,Y,Y,
设备,1468,把第4个设置为屏保,,,screensaver_control,"{""device"": """", ""location"": """", ""object"": ""屏保"", ""operation"": ""设置"", ""value"": ""4""}",screensaver_control,"{""device"": """", ""location"": """", ""object"": ""屏保"", ""operation"": ""设置"", ""value"": ""4""}",Y,Y,Y,
设备,1469,把第5个设置为屏保,,,screensaver_control,"{""device"": """", ""location"": """", ""object"": ""屏保"", ""operation"": ""设置"", ""value"": ""5""}",screensaver_control,"{""device"": """", ""location"": """", ""object"": ""屏保"", ""operation"": ""设置"", ""value"": ""5""}",Y,Y,Y,
设备,1470,设置第1个为壁纸,,,screensaver_control,"{""device"": """", ""location"": """", ""object"": ""壁纸"", ""operation"": ""设置"", ""value"": ""1""}",screensaver_control,"{""device"": """", ""location"": """", ""object"": ""壁纸"", ""operation"": ""设置"", ""value"": ""1""}",Y,Y,Y,
设备,1471,设置第2个为壁纸,,,screensaver_control,"{""device"": """", ""location"": """", ""object"": ""壁纸"", ""operation"": ""设置"", ""value"": ""2""}",screensaver_control,"{""device"": """", ""location"": """", ""object"": ""壁纸"", ""operation"": ""设置"", ""value"": ""2""}",Y,Y,Y,
设备,1472,设置第3个为壁纸,,,screensaver_control,"{""device"": """", ""location"": """", ""object"": ""壁纸"", ""operation"": ""设置"", ""value"": ""3""}",screensaver_control,"{""device"": """", ""location"": """", ""object"": ""壁纸"", ""operation"": ""设置"", ""value"": ""3""}",Y,Y,Y,
设备,1473,设置第4个为壁纸,,,screensaver_control,"{""device"": """", ""location"": """", ""object"": ""壁纸"", ""operation"": ""设置"", ""value"": ""4""}",screensaver_control,"{""device"": """", ""location"": """", ""object"": ""壁纸"", ""operation"": ""设置"", ""value"": ""4""}",Y,Y,Y,
设备,1474,设置第5个为壁纸,,,screensaver_control,"{""device"": """", ""location"": """", ""object"": ""壁纸"", ""operation"": ""设置"", ""value"": ""5""}",screensaver_control,"{""device"": """", ""location"": """", ""object"": ""壁纸"", ""operation"": ""设置"", ""value"": ""5""}",Y,Y,Y,
设备,1475,把第1个设为壁画,,,screensaver_control,"{""device"": """", ""location"": """", ""object"": ""壁画"", ""operation"": ""设置"", ""value"": ""1""}",screensaver_control,"{""device"": """", ""location"": """", ""object"": ""壁画"", ""operation"": ""设置"", ""value"": ""1""}",Y,Y,Y,
设备,1476,把第2个设为壁画,,,screensaver_control,"{""device"": """", ""location"": """", ""object"": ""壁画"", ""operation"": ""设置"", ""value"": ""2""}",screensaver_control,"{""device"": """", ""location"": """", ""object"": ""壁画"", ""operation"": ""设置"", ""value"": ""2""}",Y,Y,Y,
设备,1478,把第4个设为壁画,,,screensaver_control,"{""device"": """", ""location"": """", ""object"": ""壁画"", ""operation"": ""设置"", ""value"": ""4""}",screensaver_control,"{""device"": """", ""location"": """", ""object"": ""壁画"", ""operation"": ""设置"", ""value"": ""4""}",Y,Y,Y,
设备,1477,把第3个设为壁画,,,screensaver_control,"{""device"": """", ""location"": """", ""object"": ""壁画"", ""operation"": ""设置"", ""value"": ""3""}",screensaver_control,"{""device"": """", ""location"": """", ""object"": ""壁画"", ""operation"": ""设置"", ""value"": ""3""}",Y,Y,Y,
设备,1479,把第5个设为壁画,,,screensaver_control,"{""device"": """", ""location"": """", ""object"": ""壁画"", ""operation"": ""设置"", ""value"": ""5""}",screensaver_control,"{""device"": """", ""location"": """", ""object"": ""壁画"", ""operation"": ""设置"", ""value"": ""5""}",Y,Y,Y,
设备,1480,帮我把第1个设置成屏保,,,screensaver_control,"{""device"": """", ""location"": """", ""object"": ""屏保"", ""operation"": ""设置"", ""value"": ""1""}",screensaver_control,"{""device"": """", ""location"": """", ""object"": ""屏保"", ""operation"": ""设置"", ""value"": ""1""}",Y,Y,Y,
设备,1483,帮我设置第1个为壁纸,,,screensaver_control,"{""device"": """", ""location"": """", ""object"": ""壁纸"", ""operation"": ""设置"", ""value"": ""1""}",screensaver_control,"{""device"": """", ""location"": """", ""object"": ""壁纸"", ""operation"": ""设置"", ""value"": ""1""}",Y,Y,Y,
设备,1481,帮我把第2个设置成屏保,,,screensaver_control,"{""device"": """", ""location"": """", ""object"": ""屏保"", ""operation"": ""设置"", ""value"": ""2""}",screensaver_control,"{""device"": """", ""location"": """", ""object"": ""屏保"", ""operation"": ""设置"", ""value"": ""2""}",Y,Y,Y,
设备,1484,帮我设置第2个为壁纸,,,screensaver_control,"{""device"": """", ""location"": """", ""object"": ""壁纸"", ""operation"": ""设置"", ""value"": ""2""}",screensaver_control,"{""device"": """", ""location"": """", ""object"": ""壁纸"", ""operation"": ""设置"", ""value"": ""2""}",Y,Y,Y,
设备,1482,帮我把第3个设置成屏保,,,screensaver_control,"{""device"": """", ""location"": """", ""object"": ""屏保"", ""operation"": ""设置"", ""value"": ""3""}",screensaver_control,"{""device"": """", ""location"": """", ""object"": ""屏保"", ""operation"": ""设置"", ""value"": ""3""}",Y,Y,Y,
设备,1485,帮我设置第3个为壁纸,,,screensaver_control,"{""device"": """", ""location"": """", ""object"": ""壁纸"", ""operation"": ""设置"", ""value"": ""3""}",screensaver_control,"{""device"": """", ""location"": """", ""object"": ""壁纸"", ""operation"": ""设置"", ""value"": ""3""}",Y,Y,Y,
设备,1486,帮我把第1个设成壁画,,,screensaver_control,"{""device"": """", ""location"": """", ""object"": ""壁画"", ""operation"": ""设置"", ""value"": ""1""}",screensaver_control,"{""device"": """", ""location"": """", ""object"": ""壁画"", ""operation"": ""设置"", ""value"": ""1""}",Y,Y,Y,
设备,1487,帮我把第2个设成壁画,,,screensaver_control,"{""device"": """", ""location"": """", ""object"": ""壁画"", ""operation"": ""设置"", ""value"": ""2""}",screensaver_control,"{""device"": """", ""location"": """", ""object"": ""壁画"", ""operation"": ""设置"", ""value"": ""2""}",Y,Y,Y,
设备,1488,帮我把第3个设成壁画,,,screensaver_control,"{""device"": """", ""location"": """", ""object"": ""壁画"", ""operation"": ""设置"", ""value"": ""3""}",screensaver_control,"{""device"": """", ""location"": """", ""object"": ""壁画"", ""operation"": ""设置"", ""value"": ""3""}",Y,Y,Y,
设备,1489,将第1个设为屏保,,,screensaver_control,"{""device"": """", ""location"": """", ""object"": ""屏保"", ""operation"": ""设置"", ""value"": ""1""}",screensaver_control,"{""device"": """", ""location"": """", ""object"": ""屏保"", ""operation"": ""设置"", ""value"": ""1""}",Y,Y,Y,
设备,1490,将第2个设为屏保,,,screensaver_control,"{""device"": """", ""location"": """", ""object"": ""屏保"", ""operation"": ""设置"", ""value"": ""2""}",screensaver_control,"{""device"": """", ""location"": """", ""object"": ""屏保"", ""operation"": ""设置"", ""value"": ""2""}",Y,Y,Y,
设备,1491,将第3个设为屏保,,,screensaver_control,"{""device"": """", ""location"": """", ""object"": ""屏保"", ""operation"": ""设置"", ""value"": ""3""}",screensaver_control,"{""device"": """", ""location"": """", ""object"": ""屏保"", ""operation"": ""设置"", ""value"": ""3""}",Y,Y,Y,
设备,1492,将第1个设置成壁纸,,,screensaver_control,"{""device"": """", ""location"": """", ""object"": ""壁纸"", ""operation"": ""设置"", ""value"": ""1""}",screensaver_control,"{""device"": """", ""location"": """", ""object"": ""壁纸"", ""operation"": ""设置"", ""value"": ""1""}",Y,Y,Y,
设备,1493,将第2个设置成壁纸,,,screensaver_control,"{""device"": """", ""location"": """", ""object"": ""壁纸"", ""operation"": ""设置"", ""value"": ""2""}",screensaver_control,"{""device"": """", ""location"": """", ""object"": ""壁纸"", ""operation"": ""设置"", ""value"": ""2""}",Y,Y,Y,
设备,1494,将第3个设置成壁纸,,,screensaver_control,"{""device"": """", ""location"": """", ""object"": ""壁纸"", ""operation"": ""设置"", ""value"": ""3""}",screensaver_control,"{""device"": """", ""location"": """", ""object"": ""壁纸"", ""operation"": ""设置"", ""value"": ""3""}",Y,Y,Y,
设备,1495,将第1个设置为壁画,,,screensaver_control,"{""device"": """", ""location"": """", ""object"": ""壁画"", ""operation"": ""设置"", ""value"": ""1""}",screensaver_control,"{""device"": """", ""location"": """", ""object"": ""壁画"", ""operation"": ""设置"", ""value"": ""1""}",Y,Y,Y,
设备,1496,将第2个设置为壁画,,,screensaver_control,"{""device"": """", ""location"": """", ""object"": ""壁画"", ""operation"": ""设置"", ""value"": ""2""}",screensaver_control,"{""device"": """", ""location"": """", ""object"": ""壁画"", ""operation"": ""设置"", ""value"": ""2""}",Y,Y,Y,
设备,1497,将第3个设置为壁画,,,screensaver_control,"{""device"": """", ""location"": """", ""object"": ""壁画"", ""operation"": ""设置"", ""value"": ""3""}",screensaver_control,"{""device"": """", ""location"": """", ""object"": ""壁画"", ""operation"": ""设置"", ""value"": ""3""}",Y,Y,Y,
设备,1498,选第1个当做屏保,,,screensaver_control,"{""device"": """", ""location"": """", ""object"": ""屏保"", ""operation"": ""设置"", ""value"": ""1""}",screensaver_control,"{""device"": """", ""location"": """", ""object"": ""屏保"", ""operation"": ""设置"", ""value"": ""1""}",Y,Y,Y,
设备,1499,选第2个当做屏保,,,screensaver_control,"{""device"": """", ""location"": """", ""object"": ""屏保"", ""operation"": ""设置"", ""value"": ""2""}",screensaver_control,"{""device"": """", ""location"": """", ""object"": ""屏保"", ""operation"": ""设置"", ""value"": ""2""}",Y,Y,Y,
设备,1500,选第1个当做壁纸,,,screensaver_control,"{""device"": """", ""location"": """", ""object"": ""壁纸"", ""operation"": ""设置"", ""value"": ""1""}",screensaver_control,"{""device"": """", ""location"": """", ""object"": ""壁纸"", ""operation"": ""设置"", ""value"": ""1""}",Y,Y,Y,
设备,1501,选第2个当做壁纸,,,screensaver_control,"{""device"": """", ""location"": """", ""object"": ""壁纸"", ""operation"": ""设置"", ""value"": ""2""}",screensaver_control,"{""device"": """", ""location"": """", ""object"": ""壁纸"", ""operation"": ""设置"", ""value"": ""2""}",Y,Y,Y,
设备,1502,选第1个当做壁画,,,screensaver_control,"{""device"": """", ""location"": """", ""object"": ""壁画"", ""operation"": ""设置"", ""value"": ""1""}",screensaver_control,"{""device"": """", ""location"": """", ""object"": ""壁画"", ""operation"": ""设置"", ""value"": ""1""}",Y,Y,Y,
设备,1503,选第2个当做壁画,,,screensaver_control,"{""device"": """", ""location"": """", ""object"": ""壁画"", ""operation"": ""设置"", ""value"": ""2""}",screensaver_control,"{""device"": """", ""location"": """", ""object"": ""壁画"", ""operation"": ""设置"", ""value"": ""2""}",Y,Y,Y,
设备,1504,我要把第1个设为屏保,,,screensaver_control,"{""device"": """", ""location"": """", ""object"": ""屏保"", ""operation"": ""设置"", ""value"": ""1""}",screensaver_control,"{""device"": """", ""location"": """", ""object"": ""屏保"", ""operation"": ""设置"", ""value"": ""1""}",Y,Y,Y,
设备,1510,使用第1个作为屏保,,,screensaver_control,"{""device"": """", ""location"": """", ""object"": ""屏保"", ""operation"": ""设置"", ""value"": ""1""}",screensaver_control,"{""device"": """", ""location"": """", ""object"": ""屏保"", ""operation"": ""设置"", ""value"": ""1""}",Y,Y,Y,
设备,1505,我要把第2个设为屏保,,,screensaver_control,"{""device"": """", ""location"": """", ""object"": ""屏保"", ""operation"": ""设置"", ""value"": ""2""}",screensaver_control,"{""device"": """", ""location"": """", ""object"": ""屏保"", ""operation"": ""设置"", ""value"": ""2""}",Y,Y,Y,
设备,1506,我要设置第1个为壁纸,,,screensaver_control,"{""device"": """", ""location"": """", ""object"": ""壁纸"", ""operation"": ""设置"", ""value"": ""1""}",screensaver_control,"{""device"": """", ""location"": """", ""object"": ""壁纸"", ""operation"": ""设置"", ""value"": ""1""}",Y,Y,Y,
设备,1507,我要设置第2个为壁纸,,,screensaver_control,"{""device"": """", ""location"": """", ""object"": ""壁纸"", ""operation"": ""设置"", ""value"": ""2""}",screensaver_control,"{""device"": """", ""location"": """", ""object"": ""壁纸"", ""operation"": ""设置"", ""value"": ""2""}",Y,Y,Y,
设备,1508,我要把第1个设置成壁画,,,screensaver_control,"{""device"": """", ""location"": """", ""object"": ""壁画"", ""operation"": ""设置"", ""value"": ""1""}",screensaver_control,"{""device"": """", ""location"": """", ""object"": ""壁画"", ""operation"": ""设置"", ""value"": ""1""}",Y,Y,Y,
设备,1509,我要把第2个设置成壁画,,,screensaver_control,"{""device"": """", ""location"": """", ""object"": ""壁画"", ""operation"": ""设置"", ""value"": ""2""}",screensaver_control,"{""device"": """", ""location"": """", ""object"": ""壁画"", ""operation"": ""设置"", ""value"": ""2""}",Y,Y,Y,
设备,1511,使用第2个作为屏保,,,screensaver_control,"{""device"": """", ""location"": """", ""object"": ""屏保"", ""operation"": ""设置"", ""value"": ""2""}",screensaver_control,"{""device"": """", ""location"": """", ""object"": ""屏保"", ""operation"": ""设置"", ""value"": ""2""}",Y,Y,Y,
设备,1512,使用第1个作为壁纸,,,screensaver_control,"{""device"": """", ""location"": """", ""object"": ""壁纸"", ""operation"": ""设置"", ""value"": ""1""}",screensaver_control,"{""device"": """", ""location"": """", ""object"": ""壁纸"", ""operation"": ""设置"", ""value"": ""1""}",Y,Y,Y,
设备,1513,使用第2个作为壁纸,,,screensaver_control,"{""device"": """", ""location"": """", ""object"": ""壁纸"", ""operation"": ""设置"", ""value"": ""2""}",screensaver_control,"{""device"": """", ""location"": """", ""object"": ""壁纸"", ""operation"": ""设置"", ""value"": ""2""}",Y,Y,Y,
设备,1514,使用第1个作为壁画,,,screensaver_control,"{""device"": """", ""location"": """", ""object"": ""壁画"", ""operation"": ""设置"", ""value"": ""1""}",screensaver_control,"{""device"": """", ""location"": """", ""object"": ""壁画"", ""operation"": ""设置"", ""value"": ""1""}",Y,Y,Y,
设备,1515,使用第2个作为壁画,,,screensaver_control,"{""device"": """", ""location"": """", ""object"": ""壁画"", ""operation"": ""设置"", ""value"": ""2""}",screensaver_control,"{""device"": """", ""location"": """", ""object"": ""壁画"", ""operation"": ""设置"", ""value"": ""2""}",Y,Y,Y,
设备,1516,确定第1个为屏保,,,screensaver_control,"{""device"": """", ""location"": """", ""object"": ""屏保"", ""operation"": ""设置"", ""value"": ""1""}",screensaver_control,"{""device"": """", ""location"": """", ""object"": ""屏保"", ""operation"": ""设置"", ""value"": ""1""}",Y,Y,Y,
设备,1520,确定第1个为壁画,,,screensaver_control,"{""device"": """", ""location"": """", ""object"": ""壁画"", ""operation"": ""设置"", ""value"": ""1""}",execute,,N,N,N,"object: gold=""壁画"" pred=; operation: gold=""设置"" pred=; value: gold=""1"" pred="
设备,1521,确定第2个为壁画,,,screensaver_control,"{""device"": """", ""location"": """", ""object"": ""壁画"", ""operation"": ""设置"", ""value"": ""2""}",execute,,N,N,N,"object: gold=""壁画"" pred=; operation: gold=""设置"" pred=; value: gold=""2"" pred="
设备,1518,确定第1个为壁纸,,,screensaver_control,"{""device"": """", ""location"": """", ""object"": ""壁纸"", ""operation"": ""设置"", ""value"": ""1""}",screensaver_control,"{""device"": """", ""location"": """", ""object"": ""壁纸"", ""operation"": ""设置"", ""value"": ""1""}",Y,Y,Y,
设备,1517,确定第2个为屏保,,,screensaver_control,"{""device"": """", ""location"": """", ""object"": ""屏保"", ""operation"": ""设置"", ""value"": ""2""}",screensaver_control,"{""device"": """", ""location"": """", ""object"": ""屏保"", ""operation"": ""设置"", ""value"": ""2""}",Y,Y,Y,
设备,1519,确定第2个为壁纸,,,screensaver_control,"{""device"": """", ""location"": """", ""object"": ""壁纸"", ""operation"": ""设置"", ""value"": ""2""}",screensaver_control,"{""device"": """", ""location"": """", ""object"": ""壁纸"", ""operation"": ""设置"", ""value"": ""2""}",Y,Y,Y,
设备,1522,打开屏保画册,,,screensaver_control,"{""device"": """", ""location"": """", ""object"": ""屏保画册"", ""operation"": ""打开"", ""value"": """"}",screensaver_control,"{""device"": """", ""location"": """", ""object"": ""屏保画册"", ""operation"": ""打开"", ""value"": """"}",Y,Y,Y,
设备,1524,启动屏保画册,,,screensaver_control,"{""device"": """", ""location"": """", ""object"": ""屏保画册"", ""operation"": ""打开"", ""value"": """"}",screensaver_control,"{""device"": """", ""location"": """", ""object"": ""屏保画册"", ""operation"": ""打开"", ""value"": """"}",Y,Y,Y,
设备,1523,进入屏保画册,,,screensaver_control,"{""device"": """", ""location"": """", ""object"": ""屏保画册"", ""operation"": ""打开"", ""value"": """"}",screensaver_control,"{""device"": """", ""location"": """", ""object"": ""屏保画册"", ""operation"": ""打开"", ""value"": """"}",Y,Y,Y,
设备,1526,屏保画册,,,screensaver_control,"{""device"": """", ""location"": """", ""object"": ""屏保画册"", ""operation"": ""打开"", ""value"": """"}",screensaver_control,"{""device"": """", ""location"": """", ""object"": ""屏保画册"", ""operation"": ""打开"", ""value"": """"}",Y,Y,Y,
设备,1525,屏保画册，打开,,,screensaver_control,"{""device"": """", ""location"": """", ""object"": ""屏保画册"", ""operation"": ""打开"", ""value"": """"}",screensaver_control,"{""device"": """", ""location"": """", ""object"": ""屏保画册"", ""operation"": ""打开"", ""value"": """"}",Y,Y,Y,
设备,1527,帮我打开屏保画册,,,screensaver_control,"{""device"": """", ""location"": """", ""object"": ""屏保画册"", ""operation"": ""打开"", ""value"": """"}",screensaver_control,"{""device"": """", ""location"": """", ""object"": ""屏保画册"", ""operation"": ""打开"", ""value"": """"}",Y,Y,Y,
设备,1528,我要进入屏保画册,,,screensaver_control,"{""device"": """", ""location"": """", ""object"": ""屏保画册"", ""operation"": ""打开"", ""value"": """"}",screensaver_control,"{""device"": """", ""location"": """", ""object"": ""屏保画册"", ""operation"": ""打开"", ""value"": """"}",Y,Y,Y,
设备,1530,打开屏保画册,,,screensaver_control,"{""device"": """", ""location"": """", ""object"": ""屏保画册"", ""operation"": ""打开"", ""value"": """"}",screensaver_control,"{""device"": """", ""location"": """", ""object"": ""屏保画册"", ""operation"": ""打开"", ""value"": """"}",Y,Y,Y,
设备,1529,我想启动屏保画册,,,screensaver_control,"{""device"": """", ""location"": """", ""object"": ""屏保画册"", ""operation"": ""打开"", ""value"": """"}",screensaver_control,"{""device"": """", ""location"": """", ""object"": ""屏保画册"", ""operation"": ""打开"", ""value"": """"}",Y,Y,Y,
设备,1531,把屏保画册打开,,,screensaver_control,"{""device"": """", ""location"": """", ""object"": ""屏保画册"", ""operation"": ""打开"", ""value"": """"}",screensaver_control,"{""device"": """", ""location"": """", ""object"": ""屏保画册"", ""operation"": ""打开"", ""value"": """"}",Y,Y,Y,
设备,1532,帮我打开屏保画册,,,screensaver_control,"{""device"": """", ""location"": """", ""object"": ""屏保画册"", ""operation"": ""打开"", ""value"": """"}",screensaver_control,"{""device"": """", ""location"": """", ""object"": ""屏保画册"", ""operation"": ""打开"", ""value"": """"}",Y,Y,Y,
设备,1533,请打开屏保画册,,,screensaver_control,"{""device"": """", ""location"": """", ""object"": ""屏保画册"", ""operation"": ""打开"", ""value"": """"}",screensaver_control,"{""device"": """", ""location"": """", ""object"": ""屏保画册"", ""operation"": ""打开"", ""value"": """"}",Y,Y,Y,
设备,1534,可以打开屏保画册吗,,,screensaver_control,"{""device"": """", ""location"": """", ""object"": ""屏保画册"", ""operation"": ""打开"", ""value"": """"}",screensaver_control,"{""device"": """", ""location"": """", ""object"": ""屏保画册"", ""operation"": ""打开"", ""value"": """"}",Y,Y,Y,
设备,1535,能不能打开屏保画册,,,screensaver_control,"{""device"": """", ""location"": """", ""object"": ""屏保画册"", ""operation"": ""打开"", ""value"": """"}",screensaver_control,"{""device"": """", ""location"": """", ""object"": ""屏保画册"", ""operation"": ""打开"", ""value"": """"}",Y,Y,Y,
设备,1536,给我打开屏保画册,,,screensaver_control,"{""device"": """", ""location"": """", ""object"": ""屏保画册"", ""operation"": ""打开"", ""value"": """"}",screensaver_control,"{""device"": """", ""location"": """", ""object"": ""屏保画册"", ""operation"": ""打开"", ""value"": """"}",Y,Y,Y,
设备,1538,我想看屏保画册,,,screensaver_control,"{""device"": """", ""location"": """", ""object"": ""屏保画册"", ""operation"": ""打开"", ""value"": """"}",screensaver_control,"{""device"": """", ""location"": """", ""object"": ""屏保画册"", ""operation"": ""打开"", ""value"": """"}",Y,Y,Y,
设备,1539,我要看屏保画册,,,screensaver_control,"{""device"": """", ""location"": """", ""object"": ""屏保画册"", ""operation"": ""打开"", ""value"": """"}",screensaver_control,"{""device"": """", ""location"": """", ""object"": ""屏保画册"", ""operation"": ""打开"", ""value"": """"}",Y,Y,Y,
设备,1540,想打开屏保画册,,,screensaver_control,"{""device"": """", ""location"": """", ""object"": ""屏保画册"", ""operation"": ""打开"", ""value"": """"}",screensaver_control,"{""device"": """", ""location"": """", ""object"": ""屏保画册"", ""operation"": ""打开"", ""value"": """"}",Y,Y,Y,
设备,1541,要看屏保画册,,,screensaver_control,"{""device"": """", ""location"": """", ""object"": ""屏保画册"", ""operation"": ""打开"", ""value"": """"}",screensaver_control,"{""device"": """", ""location"": """", ""object"": ""屏保画册"", ""operation"": ""打开"", ""value"": """"}",Y,Y,Y,
设备,1542,放屏保画册,,,screensaver_control,"{""device"": """", ""location"": """", ""object"": ""屏保画册"", ""operation"": ""打开"", ""value"": """"}",screensaver_control,"{""device"": """", ""location"": """", ""object"": ""屏保画册"", ""operation"": ""打开"", ""value"": """"}",Y,Y,Y,
设备,1543,放一下屏保画册,,,screensaver_control,"{""device"": """", ""location"": """", ""object"": ""屏保画册"", ""operation"": ""打开"", ""value"": """"}",screensaver_control,"{""device"": """", ""location"": """", ""object"": ""屏保画册"", ""operation"": ""打开"", ""value"": """"}",Y,Y,Y,
设备,1544,放个屏保画册,,,screensaver_control,"{""device"": """", ""location"": """", ""object"": ""屏保画册"", ""operation"": ""打开"", ""value"": """"}",screensaver_control,"{""device"": """", ""location"": """", ""object"": ""屏保画册"", ""operation"": ""打开"", ""value"": """"}",Y,Y,Y,
设备,1537,给我放屏保画册,,,screensaver_control,"{""device"": """", ""location"": """", ""object"": ""屏保画册"", ""operation"": ""打开"", ""value"": """"}",screensaver_control,"{""device"": """", ""location"": """", ""object"": ""屏保画册"", ""operation"": ""打开"", ""value"": """"}",Y,Y,Y,
设备,1545,开屏保画册,,,screensaver_control,"{""device"": """", ""location"": """", ""object"": ""屏保画册"", ""operation"": ""打开"", ""value"": """"}",screensaver_control,"{""device"": """", ""location"": """", ""object"": ""屏保画册"", ""operation"": ""打开"", ""value"": """"}",Y,Y,Y,
设备,1546,开一下屏保画册,,,screensaver_control,"{""device"": """", ""location"": """", ""object"": ""屏保画册"", ""operation"": ""打开"", ""value"": """"}",screensaver_control,"{""device"": """", ""location"": """", ""object"": ""屏保画册"", ""operation"": ""打开"", ""value"": """"}",Y,Y,Y,
设备,1547,开个屏保画册吧,,,screensaver_control,"{""device"": """", ""location"": """", ""object"": ""屏保画册"", ""operation"": ""打开"", ""value"": """"}",screensaver_control,"{""device"": """", ""location"": """", ""object"": ""屏保画册"", ""operation"": ""打开"", ""value"": """"}",Y,Y,Y,
设备,1548,进入屏保画册,,,screensaver_control,"{""device"": """", ""location"": """", ""object"": ""屏保画册"", ""operation"": ""打开"", ""value"": """"}",screensaver_control,"{""device"": """", ""location"": """", ""object"": ""屏保画册"", ""operation"": ""打开"", ""value"": """"}",Y,Y,Y,
设备,1549,启动屏保画册,,,screensaver_control,"{""device"": """", ""location"": """", ""object"": ""屏保画册"", ""operation"": ""打开"", ""value"": """"}",screensaver_control,"{""device"": """", ""location"": """", ""object"": ""屏保画册"", ""operation"": ""打开"", ""value"": """"}",Y,Y,Y,
设备,1550,运行屏保画册,,,screensaver_control,"{""device"": """", ""location"": """", ""object"": ""屏保画册"", ""operation"": ""打开"", ""value"": """"}",screensaver_control,"{""device"": """", ""location"": """", ""object"": ""屏保画册"", ""operation"": ""打开"", ""value"": """"}",Y,Y,Y,
设备,1551,打开屏保画册功能,,,screensaver_control,"{""device"": """", ""location"": """", ""object"": ""屏保画册"", ""operation"": ""打开"", ""value"": """"}",screensaver_control,"{""device"": """", ""location"": """", ""object"": ""屏保画册"", ""operation"": ""打开"", ""value"": """"}",Y,Y,Y,
设备,1552,电视屏保画册打开,,,screensaver_control,"{""device"": ""电视"", ""location"": """", ""object"": ""屏保画册"", ""operation"": ""打开"", ""value"": """"}",screensaver_control,"{""device"": ""电视"", ""location"": """", ""object"": ""屏保画册"", ""operation"": ""打开"", ""value"": """"}",Y,Y,Y,
设备,1553,展示屏保画册,,,screensaver_control,"{""device"": """", ""location"": """", ""object"": ""屏保画册"", ""operation"": ""打开"", ""value"": """"}",screensaver_control,"{""device"": """", ""location"": """", ""object"": ""屏保画册"", ""operation"": ""打开"", ""value"": """"}",Y,Y,Y,
设备,1554,帮我把屏保画册放出来,,,screensaver_control,"{""device"": """", ""location"": """", ""object"": ""屏保画册"", ""operation"": ""打开"", ""value"": """"}",screensaver_control,"{""device"": """", ""location"": """", ""object"": ""屏保画册"", ""operation"": ""打开"", ""value"": """"}",Y,Y,Y,
设备,1555,用一下屏保画册,,,screensaver_control,"{""device"": """", ""location"": """", ""object"": ""屏保画册"", ""operation"": ""打开"", ""value"": """"}",screensaver_control,"{""device"": """", ""location"": """", ""object"": ""屏保画册"", ""operation"": ""打开"", ""value"": """"}",Y,Y,Y,
设备,1556,我要打开屏保画册,,,screensaver_control,"{""device"": """", ""location"": """", ""object"": ""屏保画册"", ""operation"": ""打开"", ""value"": """"}",screensaver_control,"{""device"": """", ""location"": """", ""object"": ""屏保画册"", ""operation"": ""打开"", ""value"": """"}",Y,Y,Y,
设备,1559,屏保画册打开好吗,,,screensaver_control,"{""device"": """", ""location"": """", ""object"": ""屏保画册"", ""operation"": ""打开"", ""value"": """"}",screensaver_control,"{""device"": """", ""location"": """", ""object"": ""屏保画册"", ""operation"": ""打开"", ""value"": """"}",Y,Y,Y,
设备,1557,咱们看屏保画册吧,,,screensaver_control,"{""device"": """", ""location"": """", ""object"": ""屏保画册"", ""operation"": ""打开"", ""value"": """"}",screensaver_control,"{""device"": """", ""location"": """", ""object"": ""屏保画册"", ""operation"": ""打开"", ""value"": """"}",Y,Y,Y,
设备,1558,去打开屏保画册,,,screensaver_control,"{""device"": """", ""location"": """", ""object"": ""屏保画册"", ""operation"": ""打开"", ""value"": """"}",screensaver_control,"{""device"": """", ""location"": """", ""object"": ""屏保画册"", ""operation"": ""打开"", ""value"": """"}",Y,Y,Y,
设备,1560,打开屏保,,,screensaver_control,"{""device"": """", ""location"": """", ""object"": ""屏保"", ""operation"": ""打开"", ""value"": """"}",screensaver_control,"{""device"": """", ""location"": """", ""object"": ""屏保"", ""operation"": ""打开"", ""value"": """"}",Y,Y,Y,
设备,1562,打开壁纸,,,screensaver_control,"{""device"": """", ""location"": """", ""object"": ""壁纸"", ""operation"": ""打开"", ""value"": """"}",screensaver_control,"{""device"": """", ""location"": """", ""object"": ""壁纸"", ""operation"": ""打开"", ""value"": """"}",Y,Y,Y,
设备,1563,帮我打开屏保,,,screensaver_control,"{""device"": """", ""location"": """", ""object"": ""屏保"", ""operation"": ""打开"", ""value"": """"}",screensaver_control,"{""device"": """", ""location"": """", ""object"": ""屏保"", ""operation"": ""打开"", ""value"": """"}",Y,Y,Y,
设备,1565,帮我打开壁纸,,,screensaver_control,"{""device"": """", ""location"": """", ""object"": ""壁纸"", ""operation"": ""打开"", ""value"": """"}",screensaver_control,"{""device"": """", ""location"": """", ""object"": ""壁纸"", ""operation"": ""打开"", ""value"": """"}",Y,Y,Y,
设备,1561,打开壁画,,,screensaver_control,"{""device"": """", ""location"": """", ""object"": ""壁画"", ""operation"": ""打开"", ""value"": """"}",vod_fuzzy_search,"{""retext"": ""打开壁画""}",N,N,N,"object: gold=""壁画"" pred=; operation: gold=""打开"" pred=; retext: gold= pred=""打开壁画"""
设备,1566,把屏保打开,,,screensaver_control,"{""device"": """", ""location"": """", ""object"": ""屏保"", ""operation"": ""打开"", ""value"": """"}",screensaver_control,"{""device"": """", ""location"": """", ""object"": ""屏保"", ""operation"": ""打开"", ""value"": """"}",Y,Y,Y,
设备,1567,把壁画打开,,,screensaver_control,"{""device"": """", ""location"": """", ""object"": ""壁画"", ""operation"": ""打开"", ""value"": """"}",screensaver_control,"{""device"": """", ""location"": """", ""object"": ""壁画"", ""operation"": ""打开"", ""value"": """"}",Y,Y,Y,
设备,1568,把壁纸打开,,,screensaver_control,"{""device"": """", ""location"": """", ""object"": ""壁纸"", ""operation"": ""打开"", ""value"": """"}",screensaver_control,"{""device"": """", ""location"": """", ""object"": ""壁纸"", ""operation"": ""打开"", ""value"": """"}",Y,Y,Y,
设备,1564,帮我打开壁画,,,screensaver_control,"{""device"": """", ""location"": """", ""object"": ""壁画"", ""operation"": ""打开"", ""value"": """"}",vod_fuzzy_search,"{""retext"": ""帮我打开壁画""}",N,N,N,"object: gold=""壁画"" pred=; operation: gold=""打开"" pred=; retext: gold= pred=""帮我打开壁画"""
设备,1569,开启屏保,,,screensaver_control,"{""device"": """", ""location"": """", ""object"": ""屏保"", ""operation"": ""打开"", ""value"": """"}",screensaver_control,"{""device"": """", ""location"": """", ""object"": ""屏保"", ""operation"": ""打开"", ""value"": """"}",Y,Y,Y,
设备,1570,开启壁画,,,screensaver_control,"{""device"": """", ""location"": """", ""object"": ""壁画"", ""operation"": ""打开"", ""value"": """"}",screensaver_control,"{""device"": """", ""location"": """", ""object"": ""壁画"", ""operation"": ""打开"", ""value"": """"}",Y,Y,Y,
设备,1571,开启壁纸,,,screensaver_control,"{""device"": """", ""location"": """", ""object"": ""壁纸"", ""operation"": ""打开"", ""value"": """"}",screensaver_control,"{""device"": """", ""location"": """", ""object"": ""壁纸"", ""operation"": ""打开"", ""value"": """"}",Y,Y,Y,
设备,1572,麻烦打开屏保,,,screensaver_control,"{""device"": """", ""location"": """", ""object"": ""屏保"", ""operation"": ""打开"", ""value"": """"}",screensaver_control,"{""device"": """", ""location"": """", ""object"": ""屏保"", ""operation"": ""打开"", ""value"": """"}",Y,Y,Y,
设备,1574,麻烦打开壁纸,,,screensaver_control,"{""device"": """", ""location"": """", ""object"": ""壁纸"", ""operation"": ""打开"", ""value"": """"}",screensaver_control,"{""device"": """", ""location"": """", ""object"": ""壁纸"", ""operation"": ""打开"", ""value"": """"}",Y,Y,Y,
设备,1575,电视打开屏保,,,screensaver_control,"{""device"": ""电视"", ""location"": """", ""object"": ""屏保"", ""operation"": ""打开"", ""value"": """"}",screensaver_control,"{""device"": ""电视"", ""location"": """", ""object"": ""屏保"", ""operation"": ""打开"", ""value"": """"}",Y,Y,Y,
设备,1577,电视打开壁纸,,,screensaver_control,"{""device"": ""电视"", ""location"": """", ""object"": ""壁纸"", ""operation"": ""打开"", ""value"": """"}",screensaver_control,"{""device"": ""电视"", ""location"": """", ""object"": ""壁纸"", ""operation"": ""打开"", ""value"": """"}",Y,Y,Y,
设备,1578,启动屏保,,,screensaver_control,"{""device"": """", ""location"": """", ""object"": ""屏保"", ""operation"": ""打开"", ""value"": """"}",screensaver_control,"{""device"": """", ""location"": """", ""object"": ""屏保"", ""operation"": ""打开"", ""value"": """"}",Y,Y,Y,
设备,1573,麻烦打开壁画,,,screensaver_control,"{""device"": """", ""location"": """", ""object"": ""壁画"", ""operation"": ""打开"", ""value"": """"}",vod_fuzzy_search,"{""retext"": ""麻烦打开壁画""}",N,N,N,"object: gold=""壁画"" pred=; operation: gold=""打开"" pred=; retext: gold= pred=""麻烦打开壁画"""
设备,1579,启动壁画,,,screensaver_control,"{""device"": """", ""location"": """", ""object"": ""壁画"", ""operation"": ""打开"", ""value"": """"}",screensaver_control,"{""device"": """", ""location"": """", ""object"": ""壁画"", ""operation"": ""打开"", ""value"": """"}",Y,Y,Y,
设备,1580,启动壁纸,,,screensaver_control,"{""device"": """", ""location"": """", ""object"": ""壁纸"", ""operation"": ""打开"", ""value"": """"}",screensaver_control,"{""device"": """", ""location"": """", ""object"": ""壁纸"", ""operation"": ""打开"", ""value"": """"}",Y,Y,Y,
设备,1581,调出屏保,,,screensaver_control,"{""device"": """", ""location"": """", ""object"": ""屏保"", ""operation"": ""打开"", ""value"": """"}",screensaver_control,"{""device"": """", ""location"": """", ""object"": ""屏保"", ""operation"": ""打开"", ""value"": """"}",Y,Y,Y,
设备,1583,调出壁纸,,,screensaver_control,"{""device"": """", ""location"": """", ""object"": ""壁纸"", ""operation"": ""打开"", ""value"": """"}",screensaver_control,"{""device"": """", ""location"": """", ""object"": ""壁纸"", ""operation"": ""打开"", ""value"": """"}",Y,Y,Y,
设备,1576,电视打开壁画,,,screensaver_control,"{""device"": ""电视"", ""location"": """", ""object"": ""壁画"", ""operation"": ""打开"", ""value"": """"}",power_control,"{""device"": """", ""location"": """", ""object"": ""开机"", ""operation"": ""打开"", ""value"": """"}",N,N,N,"device: gold=""电视"" pred=; object: gold=""壁画"" pred=""开机"""
设备,1584,帮电视机打开屏保,,,screensaver_control,"{""device"": ""电视"", ""location"": """", ""object"": ""屏保"", ""operation"": ""打开"", ""value"": """"}",screensaver_control,"{""device"": ""电视"", ""location"": """", ""object"": ""屏保"", ""operation"": ""打开"", ""value"": """"}",Y,Y,Y,
设备,1585,帮电视机打开壁画,,,screensaver_control,"{""device"": ""电视"", ""location"": """", ""object"": ""壁画"", ""operation"": ""打开"", ""value"": """"}",screensaver_control,"{""device"": ""电视"", ""location"": """", ""object"": ""壁画"", ""operation"": ""打开"", ""value"": """"}",Y,Y,Y,
设备,1586,帮电视机打开壁纸,,,screensaver_control,"{""device"": ""电视"", ""location"": """", ""object"": ""壁纸"", ""operation"": ""打开"", ""value"": """"}",screensaver_control,"{""device"": ""电视"", ""location"": """", ""object"": ""壁纸"", ""operation"": ""打开"", ""value"": """"}",Y,Y,Y,
设备,1587,开启电视屏保,,,screensaver_control,"{""device"": ""电视"", ""location"": """", ""object"": ""屏保"", ""operation"": ""打开"", ""value"": """"}",screensaver_control,"{""device"": ""电视"", ""location"": """", ""object"": ""屏保"", ""operation"": ""打开"", ""value"": """"}",Y,Y,Y,
设备,1588,开启电视壁画,,,screensaver_control,"{""device"": ""电视"", ""location"": """", ""object"": ""壁画"", ""operation"": ""打开"", ""value"": """"}",screensaver_control,"{""device"": ""电视"", ""location"": """", ""object"": ""壁画"", ""operation"": ""打开"", ""value"": """"}",Y,Y,Y,
设备,1589,开启电视壁纸,,,screensaver_control,"{""device"": ""电视"", ""location"": """", ""object"": ""壁纸"", ""operation"": ""打开"", ""value"": """"}",screensaver_control,"{""device"": ""电视"", ""location"": """", ""object"": ""壁纸"", ""operation"": ""打开"", ""value"": """"}",Y,Y,Y,
设备,1590,将屏保打开,,,screensaver_control,"{""device"": """", ""location"": """", ""object"": ""屏保"", ""operation"": ""打开"", ""value"": """"}",screensaver_control,"{""device"": """", ""location"": """", ""object"": ""屏保"", ""operation"": ""打开"", ""value"": """"}",Y,Y,Y,
设备,1591,将壁画打开,,,screensaver_control,"{""device"": """", ""location"": """", ""object"": ""壁画"", ""operation"": ""打开"", ""value"": """"}",screensaver_control,"{""device"": """", ""location"": """", ""object"": ""壁画"", ""operation"": ""打开"", ""value"": """"}",Y,Y,Y,
设备,1592,将壁纸打开,,,screensaver_control,"{""device"": """", ""location"": """", ""object"": ""壁纸"", ""operation"": ""打开"", ""value"": """"}",screensaver_control,"{""device"": """", ""location"": """", ""object"": ""壁纸"", ""operation"": ""打开"", ""value"": """"}",Y,Y,Y,
设备,1582,调出壁画,,,screensaver_control,"{""device"": """", ""location"": """", ""object"": ""壁画"", ""operation"": ""打开"", ""value"": """"}",vod_search,"{""action"": ""play"", ""query"": {""field"": ""title"", ""value"": ""壁画""}, ""retext"": ""调出壁画""}",N,N,N,"action: gold= pred=""play""; object: gold=""壁画"" pred=; operation: gold=""打开"" pred=; query: gold= pred={""field"": ""title"", ""value"": ""壁画""}; retext: gold= pred=""调出壁画"""
设备,1593,能不能打开屏保,,,screensaver_control,"{""device"": """", ""location"": """", ""object"": ""屏保"", ""operation"": ""打开"", ""value"": """"}",screensaver_control,"{""device"": """", ""location"": """", ""object"": ""屏保"", ""operation"": ""打开"", ""value"": """"}",Y,Y,Y,
设备,1595,能不能打开壁纸,,,screensaver_control,"{""device"": """", ""location"": """", ""object"": ""壁纸"", ""operation"": ""打开"", ""value"": """"}",screensaver_control,"{""device"": """", ""location"": """", ""object"": ""壁纸"", ""operation"": ""打开"", ""value"": """"}",Y,Y,Y,
设备,1596,我要打开屏保,,,screensaver_control,"{""device"": """", ""location"": """", ""object"": ""屏保"", ""operation"": ""打开"", ""value"": """"}",screensaver_control,"{""device"": """", ""location"": """", ""object"": ""屏保"", ""operation"": ""打开"", ""value"": """"}",Y,Y,Y,
设备,1598,我要打开壁纸,,,screensaver_control,"{""device"": """", ""location"": """", ""object"": ""壁纸"", ""operation"": ""打开"", ""value"": """"}",screensaver_control,"{""device"": """", ""location"": """", ""object"": ""壁纸"", ""operation"": ""打开"", ""value"": """"}",Y,Y,Y,
设备,1599,屏幕打开屏保,,,screensaver_control,"{""device"": """", ""location"": """", ""object"": ""屏保"", ""operation"": ""打开"", ""value"": """"}",screensaver_control,"{""device"": """", ""location"": """", ""object"": ""屏保"", ""operation"": ""打开"", ""value"": """"}",Y,Y,Y,
设备,1594,能不能打开壁画,,,screensaver_control,"{""device"": """", ""location"": """", ""object"": ""壁画"", ""operation"": ""打开"", ""value"": """"}",vod_fuzzy_search,"{""retext"": ""能不能打开壁画""}",N,N,N,"object: gold=""壁画"" pred=; operation: gold=""打开"" pred=; retext: gold= pred=""能不能打开壁画"""
设备,1600,屏幕打开壁画,,,screensaver_control,"{""device"": """", ""location"": """", ""object"": ""壁画"", ""operation"": ""打开"", ""value"": """"}",screensaver_control,"{""device"": """", ""location"": """", ""object"": ""壁画"", ""operation"": ""打开"", ""value"": """"}",Y,Y,Y,
设备,1601,屏幕打开壁纸,,,screensaver_control,"{""device"": """", ""location"": """", ""object"": ""壁纸"", ""operation"": ""打开"", ""value"": """"}",screensaver_control,"{""device"": """", ""location"": """", ""object"": ""壁纸"", ""operation"": ""打开"", ""value"": """"}",Y,Y,Y,
设备,1602,打开屏保设置,,,screensaver_control,"{""device"": """", ""location"": """", ""object"": ""屏保"", ""operation"": ""设置"", ""value"": """"}",screensaver_control,"{""device"": """", ""location"": """", ""object"": ""屏保"", ""operation"": ""设置"", ""value"": """"}",Y,Y,Y,
设备,1603,打开壁画设置,,,screensaver_control,"{""device"": """", ""location"": """", ""object"": ""壁画"", ""operation"": ""设置"", ""value"": """"}",screensaver_control,"{""device"": """", ""location"": """", ""object"": ""壁画"", ""operation"": ""设置"", ""value"": """"}",Y,Y,Y,
设备,1604,打开壁纸设置,,,screensaver_control,"{""device"": """", ""location"": """", ""object"": ""壁纸"", ""operation"": ""设置"", ""value"": """"}",screensaver_control,"{""device"": """", ""location"": """", ""object"": ""壁纸"", ""operation"": ""设置"", ""value"": """"}",Y,Y,Y,
设备,1605,帮我打开屏保设置,,,screensaver_control,"{""device"": """", ""location"": """", ""object"": ""屏保"", ""operation"": ""设置"", ""value"": """"}",screensaver_control,"{""device"": """", ""location"": """", ""object"": ""屏保"", ""operation"": ""设置"", ""value"": """"}",Y,Y,Y,
设备,1606,帮我打开壁画设置,,,screensaver_control,"{""device"": """", ""location"": """", ""object"": ""壁画"", ""operation"": ""设置"", ""value"": """"}",screensaver_control,"{""device"": """", ""location"": """", ""object"": ""壁画"", ""operation"": ""设置"", ""value"": """"}",Y,Y,Y,
设备,1608,我要设置屏保,,,screensaver_control,"{""device"": """", ""location"": """", ""object"": ""屏保"", ""operation"": ""设置"", ""value"": """"}",screensaver_control,"{""device"": """", ""location"": """", ""object"": ""屏保"", ""operation"": ""设置"", ""value"": """"}",Y,Y,Y,
设备,1607,帮我打开壁纸设置,,,screensaver_control,"{""device"": """", ""location"": """", ""object"": ""壁纸"", ""operation"": ""设置"", ""value"": """"}",screensaver_control,"{""device"": """", ""location"": """", ""object"": ""壁纸"", ""operation"": ""设置"", ""value"": """"}",Y,Y,Y,
设备,1609,我要设置壁画,,,screensaver_control,"{""device"": """", ""location"": """", ""object"": ""壁画"", ""operation"": ""设置"", ""value"": """"}",screensaver_control,"{""device"": """", ""location"": """", ""object"": ""壁画"", ""operation"": ""设置"", ""value"": """"}",Y,Y,Y,
设备,1597,我要打开壁画,,,screensaver_control,"{""device"": """", ""location"": """", ""object"": ""壁画"", ""operation"": ""打开"", ""value"": """"}",vod_search,"{""action"": ""play"", ""query"": {""field"": ""title"", ""value"": ""壁画""}, ""retext"": ""我要打开壁画""}",N,N,N,"action: gold= pred=""play""; object: gold=""壁画"" pred=; operation: gold=""打开"" pred=; query: gold= pred={""field"": ""title"", ""value"": ""壁画""}; retext: gold= pred=""我要打开壁画"""
设备,1610,我要设置壁纸,,,screensaver_control,"{""device"": """", ""location"": """", ""object"": ""壁纸"", ""operation"": ""设置"", ""value"": """"}",screensaver_control,"{""device"": """", ""location"": """", ""object"": ""壁纸"", ""operation"": ""设置"", ""value"": """"}",Y,Y,Y,
设备,1612,打开屏保的设置页面,,,screensaver_control,"{""device"": """", ""location"": """", ""object"": ""屏保"", ""operation"": ""设置"", ""value"": """"}",screensaver_control,"{""device"": """", ""location"": """", ""object"": ""屏保"", ""operation"": ""设置"", ""value"": """"}",Y,Y,Y,
设备,1613,打开壁画的设置页面,,,screensaver_control,"{""device"": """", ""location"": """", ""object"": ""壁画"", ""operation"": ""设置"", ""value"": """"}",screensaver_control,"{""device"": """", ""location"": """", ""object"": ""壁画"", ""operation"": ""设置"", ""value"": """"}",Y,Y,Y,
设备,1611,我想设置屏保壁画,,,screensaver_control,,screensaver_control,,Y,Y,Y,
设备,1615,进入屏保设置,,,screensaver_control,"{""device"": """", ""location"": """", ""object"": ""屏保"", ""operation"": ""设置"", ""value"": """"}",screensaver_control,"{""device"": """", ""location"": """", ""object"": ""屏保"", ""operation"": ""设置"", ""value"": """"}",Y,Y,Y,
设备,1614,打开壁纸的设置页面,,,screensaver_control,"{""device"": """", ""location"": """", ""object"": ""壁纸"", ""operation"": ""设置"", ""value"": """"}",screensaver_control,"{""device"": """", ""location"": """", ""object"": ""壁纸"", ""operation"": ""设置"", ""value"": """"}",Y,Y,Y,
设备,1616,进入壁画设置,,,screensaver_control,"{""device"": """", ""location"": """", ""object"": ""壁画"", ""operation"": ""设置"", ""value"": """"}",screensaver_control,"{""device"": """", ""location"": """", ""object"": ""壁画"", ""operation"": ""设置"", ""value"": """"}",Y,Y,Y,
设备,1617,进入壁纸设置,,,screensaver_control,"{""device"": """", ""location"": """", ""object"": ""壁纸"", ""operation"": ""设置"", ""value"": """"}",screensaver_control,"{""device"": """", ""location"": """", ""object"": ""壁纸"", ""operation"": ""设置"", ""value"": """"}",Y,Y,Y,
设备,1618,帮我进到屏保设置,,,screensaver_control,"{""device"": """", ""location"": """", ""object"": ""屏保"", ""operation"": ""设置"", ""value"": """"}",screensaver_control,"{""device"": """", ""location"": """", ""object"": ""屏保"", ""operation"": ""设置"", ""value"": """"}",Y,Y,Y,
设备,1619,帮我进到壁画设置,,,screensaver_control,"{""device"": """", ""location"": """", ""object"": ""壁画"", ""operation"": ""设置"", ""value"": """"}",screensaver_control,"{""device"": """", ""location"": """", ""object"": ""壁画"", ""operation"": ""设置"", ""value"": """"}",Y,Y,Y,
设备,1620,帮我进到壁纸设置,,,screensaver_control,"{""device"": """", ""location"": """", ""object"": ""壁纸"", ""operation"": ""设置"", ""value"": """"}",screensaver_control,"{""device"": """", ""location"": """", ""object"": ""壁纸"", ""operation"": ""设置"", ""value"": """"}",Y,Y,Y,
设备,1621,把屏保设置打开,,,screensaver_control,"{""device"": """", ""location"": """", ""object"": ""屏保"", ""operation"": ""设置"", ""value"": """"}",screensaver_control,"{""device"": """", ""location"": """", ""object"": ""屏保"", ""operation"": ""设置"", ""value"": """"}",Y,Y,Y,
设备,1622,把壁画设置打开,,,screensaver_control,"{""device"": """", ""location"": """", ""object"": ""壁画"", ""operation"": ""设置"", ""value"": """"}",screensaver_control,"{""device"": """", ""location"": """", ""object"": ""壁画"", ""operation"": ""设置"", ""value"": """"}",Y,Y,Y,
设备,1623,把壁纸设置打开,,,screensaver_control,"{""device"": """", ""location"": """", ""object"": ""壁纸"", ""operation"": ""设置"", ""value"": """"}",screensaver_control,"{""device"": """", ""location"": """", ""object"": ""壁纸"", ""operation"": ""设置"", ""value"": """"}",Y,Y,Y,
设备,1624,开启屏保设置界面,,,screensaver_control,"{""device"": """", ""location"": """", ""object"": ""屏保"", ""operation"": ""设置"", ""value"": """"}",screensaver_control,"{""device"": """", ""location"": """", ""object"": ""屏保"", ""operation"": ""设置"", ""value"": """"}",Y,Y,Y,
设备,1625,开启壁画设置界面,,,screensaver_control,"{""device"": """", ""location"": """", ""object"": ""壁画"", ""operation"": ""设置"", ""value"": """"}",screensaver_control,"{""device"": """", ""location"": """", ""object"": ""壁画"", ""operation"": ""设置"", ""value"": """"}",Y,Y,Y,
设备,1626,开启壁纸设置界面,,,screensaver_control,"{""device"": """", ""location"": """", ""object"": ""壁纸"", ""operation"": ""设置"", ""value"": """"}",screensaver_control,"{""device"": """", ""location"": """", ""object"": ""壁纸"", ""operation"": ""设置"", ""value"": """"}",Y,Y,Y,
设备,1627,电视打开屏保设置,,,screensaver_control,"{""device"": ""电视"", ""location"": """", ""object"": ""屏保"", ""operation"": ""设置"", ""value"": """"}",screensaver_control,"{""device"": ""电视"", ""location"": """", ""object"": ""屏保"", ""operation"": ""设置"", ""value"": """"}",Y,Y,Y,
设备,1630,调出屏保设置,,,screensaver_control,"{""device"": """", ""location"": """", ""object"": ""屏保"", ""operation"": ""设置"", ""value"": """"}",screensaver_control,"{""device"": """", ""location"": """", ""object"": ""屏保"", ""operation"": ""设置"", ""value"": """"}",Y,Y,Y,
设备,1628,电视打开壁画设置,,,screensaver_control,"{""device"": ""电视"", ""location"": """", ""object"": ""壁画"", ""operation"": ""设置"", ""value"": """"}",power_control,"{""device"": """", ""location"": """", ""object"": ""开机"", ""operation"": ""打开"", ""value"": """"}",N,N,N,"device: gold=""电视"" pred=; object: gold=""壁画"" pred=""开机""; operation: gold=""设置"" pred=""打开"""
设备,1629,电视打开壁纸设置,,,screensaver_control,"{""device"": ""电视"", ""location"": """", ""object"": ""壁纸"", ""operation"": ""设置"", ""value"": """"}",power_control,"{""device"": """", ""location"": """", ""object"": ""开机"", ""operation"": ""打开"", ""value"": """"}",N,N,N,"device: gold=""电视"" pred=; object: gold=""壁纸"" pred=""开机""; operation: gold=""设置"" pred=""打开"""
设备,1631,调出壁画设置,,,screensaver_control,"{""device"": """", ""location"": """", ""object"": ""壁画"", ""operation"": ""设置"", ""value"": """"}",screensaver_control,"{""device"": """", ""location"": """", ""object"": ""壁画"", ""operation"": ""设置"", ""value"": """"}",Y,Y,Y,
设备,1632,调出壁纸设置,,,screensaver_control,"{""device"": """", ""location"": """", ""object"": ""壁纸"", ""operation"": ""设置"", ""value"": """"}",screensaver_control,"{""device"": """", ""location"": """", ""object"": ""壁纸"", ""operation"": ""设置"", ""value"": """"}",Y,Y,Y,
设备,1633,我想要设置屏保,,,screensaver_control,"{""device"": """", ""location"": """", ""object"": ""屏保"", ""operation"": ""设置"", ""value"": """"}",screensaver_control,"{""device"": """", ""location"": """", ""object"": ""屏保"", ""operation"": ""设置"", ""value"": """"}",Y,Y,Y,
设备,1634,我想要设置壁画,,,screensaver_control,"{""device"": """", ""location"": """", ""object"": ""壁画"", ""operation"": ""设置"", ""value"": """"}",screensaver_control,"{""device"": """", ""location"": """", ""object"": ""壁画"", ""operation"": ""设置"", ""value"": """"}",Y,Y,Y,
设备,1635,我想要设置壁纸,,,screensaver_control,"{""device"": """", ""location"": """", ""object"": ""壁纸"", ""operation"": ""设置"", ""value"": """"}",screensaver_control,"{""device"": """", ""location"": """", ""object"": ""壁纸"", ""operation"": ""设置"", ""value"": """"}",Y,Y,Y,
设备,1637,能不能打开壁画设置,,,screensaver_control,"{""device"": """", ""location"": """", ""object"": ""壁画"", ""operation"": ""设置"", ""value"": """"}",screensaver_control,"{""device"": """", ""location"": """", ""object"": ""壁画"", ""operation"": ""设置"", ""value"": """"}",Y,Y,Y,
设备,1636,能不能打开屏保设置,,,screensaver_control,"{""device"": """", ""location"": """", ""object"": ""屏保"", ""operation"": ""设置"", ""value"": """"}",screensaver_control,"{""device"": """", ""location"": """", ""object"": ""屏保"", ""operation"": ""设置"", ""value"": """"}",Y,Y,Y,
设备,1638,能不能打开壁纸设置,,,screensaver_control,"{""device"": """", ""location"": """", ""object"": ""壁纸"", ""operation"": ""设置"", ""value"": """"}",screensaver_control,"{""device"": """", ""location"": """", ""object"": ""壁纸"", ""operation"": ""设置"", ""value"": """"}",Y,Y,Y,
设备,1640,打开壁画相关设置,,,screensaver_control,"{""device"": """", ""location"": """", ""object"": ""壁画"", ""operation"": ""设置"", ""value"": """"}",screensaver_control,"{""device"": """", ""location"": """", ""object"": ""壁画"", ""operation"": ""设置"", ""value"": """"}",Y,Y,Y,
设备,1639,打开屏保相关设置,,,screensaver_control,"{""device"": """", ""location"": """", ""object"": ""屏保"", ""operation"": ""设置"", ""value"": """"}",screensaver_control,"{""device"": """", ""location"": """", ""object"": ""屏保"", ""operation"": ""设置"", ""value"": """"}",Y,Y,Y,
设备,1641,打开壁纸相关设置,,,screensaver_control,"{""device"": """", ""location"": """", ""object"": ""壁纸"", ""operation"": ""设置"", ""value"": """"}",screensaver_control,"{""device"": """", ""location"": """", ""object"": ""壁纸"", ""operation"": ""设置"", ""value"": """"}",Y,Y,Y,
设备,1642,帮电视机打开屏保设置,,,screensaver_control,"{""device"": ""电视"", ""location"": """", ""object"": ""屏保"", ""operation"": ""设置"", ""value"": """"}",screensaver_control,"{""device"": ""电视"", ""location"": """", ""object"": ""屏保"", ""operation"": ""设置"", ""value"": """"}",Y,Y,Y,
设备,1643,帮电视机打开壁画设置,,,screensaver_control,"{""device"": ""电视"", ""location"": """", ""object"": ""壁画"", ""operation"": ""设置"", ""value"": """"}",screensaver_control,"{""device"": ""电视"", ""location"": """", ""object"": ""壁画"", ""operation"": ""设置"", ""value"": """"}",Y,Y,Y,
设备,1644,帮电视机打开壁纸设置,,,screensaver_control,"{""device"": ""电视"", ""location"": """", ""object"": ""壁纸"", ""operation"": ""设置"", ""value"": """"}",screensaver_control,"{""device"": ""电视"", ""location"": """", ""object"": ""壁纸"", ""operation"": ""设置"", ""value"": """"}",Y,Y,Y,
设备,1645,进入屏保的设置界面,,,screensaver_control,"{""device"": """", ""location"": """", ""object"": ""屏保"", ""operation"": ""设置"", ""value"": """"}",screensaver_control,"{""device"": """", ""location"": """", ""object"": ""屏保"", ""operation"": ""设置"", ""value"": """"}",Y,Y,Y,
设备,1646,进入壁画的设置界面,,,screensaver_control,"{""device"": """", ""location"": """", ""object"": ""壁画"", ""operation"": ""设置"", ""value"": """"}",screensaver_control,"{""device"": """", ""location"": """", ""object"": ""壁画"", ""operation"": ""设置"", ""value"": """"}",Y,Y,Y,
设备,1647,进入壁纸的设置界面,,,screensaver_control,"{""device"": """", ""location"": """", ""object"": ""壁纸"", ""operation"": ""设置"", ""value"": """"}",screensaver_control,"{""device"": """", ""location"": """", ""object"": ""壁纸"", ""operation"": ""设置"", ""value"": """"}",Y,Y,Y,
设备,1649,我想去设置壁画,,,screensaver_control,"{""device"": """", ""location"": """", ""object"": ""壁画"", ""operation"": ""设置"", ""value"": """"}",screensaver_control,"{""device"": """", ""location"": """", ""object"": ""壁画"", ""operation"": ""设置"", ""value"": """"}",Y,Y,Y,
设备,1648,我想去设置屏保,,,screensaver_control,"{""device"": """", ""location"": """", ""object"": ""屏保"", ""operation"": ""设置"", ""value"": """"}",screensaver_control,"{""device"": """", ""location"": """", ""object"": ""屏保"", ""operation"": ""设置"", ""value"": """"}",Y,Y,Y,
设备,1650,我想去设置壁纸,,,screensaver_control,"{""device"": """", ""location"": """", ""object"": ""壁纸"", ""operation"": ""设置"", ""value"": """"}",screensaver_control,"{""device"": """", ""location"": """", ""object"": ""壁纸"", ""operation"": ""设置"", ""value"": """"}",Y,Y,Y,
设备,1651,关闭屏保,,,screensaver_control,"{""device"": """", ""location"": """", ""object"": ""屏保"", ""operation"": ""关闭"", ""value"": """"}",screensaver_control,"{""device"": """", ""location"": """", ""object"": ""屏保"", ""operation"": ""关闭"", ""value"": """"}",Y,Y,Y,
设备,1653,不要显示屏保了,,,screensaver_control,"{""device"": """", ""location"": """", ""object"": ""屏保"", ""operation"": ""关闭"", ""value"": """"}",screensaver_control,"{""device"": """", ""location"": """", ""object"": ""屏保"", ""operation"": ""关闭"", ""value"": """"}",Y,Y,Y,
设备,1652,退出屏保,,,screensaver_control,"{""device"": """", ""location"": """", ""object"": ""屏保"", ""operation"": ""关闭"", ""value"": """"}",screensaver_control,"{""device"": """", ""location"": """", ""object"": ""屏保"", ""operation"": ""关闭"", ""value"": """"}",Y,Y,Y,
设备,1654,帮我关闭屏保,,,screensaver_control,"{""device"": """", ""location"": """", ""object"": ""屏保"", ""operation"": ""关闭"", ""value"": """"}",screensaver_control,"{""device"": """", ""location"": """", ""object"": ""屏保"", ""operation"": ""关闭"", ""value"": """"}",Y,Y,Y,
设备,1655,把屏保关掉,,,screensaver_control,"{""device"": """", ""location"": """", ""object"": ""屏保"", ""operation"": ""关闭"", ""value"": """"}",screensaver_control,"{""device"": """", ""location"": """", ""object"": ""屏保"", ""operation"": ""关闭"", ""value"": """"}",Y,Y,Y,
设备,1656,关掉屏保,,,screensaver_control,"{""device"": """", ""location"": """", ""object"": ""屏保"", ""operation"": ""关闭"", ""value"": """"}",screensaver_control,"{""device"": """", ""location"": """", ""object"": ""屏保"", ""operation"": ""关闭"", ""value"": """"}",Y,Y,Y,
设备,1657,停止屏保,,,screensaver_control,"{""device"": """", ""location"": """", ""object"": ""屏保"", ""operation"": ""关闭"", ""value"": """"}",screensaver_control,"{""device"": """", ""location"": """", ""object"": ""屏保"", ""operation"": ""关闭"", ""value"": """"}",Y,Y,Y,
设备,1658,屏保关掉,,,screensaver_control,"{""device"": """", ""location"": """", ""object"": ""屏保"", ""operation"": ""关闭"", ""value"": """"}",screensaver_control,"{""device"": """", ""location"": """", ""object"": ""屏保"", ""operation"": ""关闭"", ""value"": """"}",Y,Y,Y,
设备,1659,屏保关闭,,,screensaver_control,"{""device"": """", ""location"": """", ""object"": ""屏保"", ""operation"": ""关闭"", ""value"": """"}",screensaver_control,"{""device"": """", ""location"": """", ""object"": ""屏保"", ""operation"": ""关闭"", ""value"": """"}",Y,Y,Y,
设备,1660,退出当前屏保,,,screensaver_control,"{""device"": """", ""location"": """", ""object"": ""屏保"", ""operation"": ""关闭"", ""value"": """"}",screensaver_control,"{""device"": """", ""location"": """", ""object"": ""屏保"", ""operation"": ""关闭"", ""value"": """"}",Y,Y,Y,
设备,1661,帮我把屏保关掉,,,screensaver_control,"{""device"": """", ""location"": """", ""object"": ""屏保"", ""operation"": ""关闭"", ""value"": """"}",screensaver_control,"{""device"": """", ""location"": """", ""object"": ""屏保"", ""operation"": ""关闭"", ""value"": """"}",Y,Y,Y,
设备,1662,麻烦关闭屏保,,,screensaver_control,"{""device"": """", ""location"": """", ""object"": ""屏保"", ""operation"": ""关闭"", ""value"": """"}",screensaver_control,"{""device"": """", ""location"": """", ""object"": ""屏保"", ""operation"": ""关闭"", ""value"": """"}",Y,Y,Y,
设备,1663,麻烦关掉屏保,,,screensaver_control,"{""device"": """", ""location"": """", ""object"": ""屏保"", ""operation"": ""关闭"", ""value"": """"}",screensaver_control,"{""device"": """", ""location"": """", ""object"": ""屏保"", ""operation"": ""关闭"", ""value"": """"}",Y,Y,Y,
设备,1664,电视关闭屏保,,,screensaver_control,"{""device"": ""电视"", ""location"": """", ""object"": ""屏保"", ""operation"": ""关闭"", ""value"": """"}",screensaver_control,"{""device"": ""电视"", ""location"": """", ""object"": ""屏保"", ""operation"": ""关闭"", ""value"": """"}",Y,Y,Y,
设备,1665,电视关掉屏保,,,screensaver_control,"{""device"": ""电视"", ""location"": """", ""object"": ""屏保"", ""operation"": ""关闭"", ""value"": """"}",screensaver_control,"{""device"": ""电视"", ""location"": """", ""object"": ""屏保"", ""operation"": ""关闭"", ""value"": """"}",Y,Y,Y,
设备,1666,取消屏保,,,screensaver_control,"{""device"": """", ""location"": """", ""object"": ""屏保"", ""operation"": ""关闭"", ""value"": """"}",screensaver_control,"{""device"": """", ""location"": """", ""object"": ""屏保"", ""operation"": ""关闭"", ""value"": """"}",Y,Y,Y,
设备,1667,屏保不要显示了,,,screensaver_control,"{""device"": """", ""location"": """", ""object"": ""屏保"", ""operation"": ""关闭"", ""value"": """"}",screensaver_control,"{""device"": """", ""location"": """", ""object"": ""屏保"", ""operation"": ""关闭"", ""value"": """"}",Y,Y,Y,
设备,1668,停止运行屏保,,,screensaver_control,"{""device"": """", ""location"": """", ""object"": ""屏保"", ""operation"": ""关闭"", ""value"": """"}",screensaver_control,"{""device"": """", ""location"": """", ""object"": ""屏保"", ""operation"": ""关闭"", ""value"": """"}",Y,Y,Y,
设备,1669,将屏保关闭,,,screensaver_control,"{""device"": """", ""location"": """", ""object"": ""屏保"", ""operation"": ""关闭"", ""value"": """"}",screensaver_control,"{""device"": """", ""location"": """", ""object"": ""屏保"", ""operation"": ""关闭"", ""value"": """"}",Y,Y,Y,
设备,1670,将屏保关掉,,,screensaver_control,"{""device"": """", ""location"": """", ""object"": ""屏保"", ""operation"": ""关闭"", ""value"": """"}",screensaver_control,"{""device"": """", ""location"": """", ""object"": ""屏保"", ""operation"": ""关闭"", ""value"": """"}",Y,Y,Y,
设备,1671,能不能关闭屏保,,,screensaver_control,"{""device"": """", ""location"": """", ""object"": ""屏保"", ""operation"": ""关闭"", ""value"": """"}",screensaver_control,"{""device"": """", ""location"": """", ""object"": ""屏保"", ""operation"": ""关闭"", ""value"": """"}",Y,Y,Y,
设备,1672,能不能关掉屏保,,,screensaver_control,"{""device"": """", ""location"": """", ""object"": ""屏保"", ""operation"": ""关闭"", ""value"": """"}",screensaver_control,"{""device"": """", ""location"": """", ""object"": ""屏保"", ""operation"": ""关闭"", ""value"": """"}",Y,Y,Y,
设备,1673,我要关闭屏保,,,screensaver_control,"{""device"": """", ""location"": """", ""object"": ""屏保"", ""operation"": ""关闭"", ""value"": """"}",screensaver_control,"{""device"": """", ""location"": """", ""object"": ""屏保"", ""operation"": ""关闭"", ""value"": """"}",Y,Y,Y,
设备,1674,我要关掉屏保,,,screensaver_control,"{""device"": """", ""location"": """", ""object"": ""屏保"", ""operation"": ""关闭"", ""value"": """"}",screensaver_control,"{""device"": """", ""location"": """", ""object"": ""屏保"", ""operation"": ""关闭"", ""value"": """"}",Y,Y,Y,
设备,1675,退出电视屏保,,,screensaver_control,"{""device"": ""电视"", ""location"": """", ""object"": ""屏保"", ""operation"": ""关闭"", ""value"": """"}",screensaver_control,"{""device"": ""电视"", ""location"": """", ""object"": ""屏保"", ""operation"": ""关闭"", ""value"": """"}",Y,Y,Y,
设备,1676,关掉屏幕的屏保,,,screensaver_control,"{""device"": """", ""location"": """", ""object"": ""屏保"", ""operation"": ""关闭"", ""value"": """"}",screensaver_control,"{""device"": """", ""location"": """", ""object"": ""屏保"", ""operation"": ""关闭"", ""value"": """"}",Y,Y,Y,
设备,1677,关闭屏幕屏保,,,screensaver_control,"{""device"": """", ""location"": """", ""object"": ""屏保"", ""operation"": ""关闭"", ""value"": """"}",screensaver_control,"{""device"": """", ""location"": """", ""object"": ""屏保"", ""operation"": ""关闭"", ""value"": """"}",Y,Y,Y,
设备,1678,屏保退出去,,,screensaver_control,"{""device"": """", ""location"": """", ""object"": ""屏保"", ""operation"": ""关闭"", ""value"": """"}",screensaver_control,"{""device"": """", ""location"": """", ""object"": ""屏保"", ""operation"": ""关闭"", ""value"": """"}",Y,Y,Y,
设备,1679,帮电视关掉屏保,,,screensaver_control,"{""device"": ""电视"", ""location"": """", ""object"": ""屏保"", ""operation"": ""关闭"", ""value"": """"}",screensaver_control,"{""device"": ""电视"", ""location"": """", ""object"": ""屏保"", ""operation"": ""关闭"", ""value"": """"}",Y,Y,Y,
设备,1680,帮电视关闭屏保,,,screensaver_control,"{""device"": ""电视"", ""location"": """", ""object"": ""屏保"", ""operation"": ""关闭"", ""value"": """"}",screensaver_control,"{""device"": ""电视"", ""location"": """", ""object"": ""屏保"", ""operation"": ""关闭"", ""value"": """"}",Y,Y,Y,
设备,1681,屏保功能关掉,,,screensaver_control,"{""device"": """", ""location"": """", ""object"": ""屏保"", ""operation"": ""关闭"", ""value"": """"}",screensaver_control,"{""device"": """", ""location"": """", ""object"": ""屏保"", ""operation"": ""关闭"", ""value"": """"}",Y,Y,Y,
设备,1682,屏保功能关闭,,,screensaver_control,"{""device"": """", ""location"": """", ""object"": ""屏保"", ""operation"": ""关闭"", ""value"": """"}",screensaver_control,"{""device"": """", ""location"": """", ""object"": ""屏保"", ""operation"": ""关闭"", ""value"": """"}",Y,Y,Y,
设备,1683,不要启动屏保,,,screensaver_control,"{""device"": """", ""location"": """", ""object"": ""屏保"", ""operation"": ""关闭"", ""value"": """"}",screensaver_control,"{""device"": """", ""location"": """", ""object"": ""屏保"", ""operation"": ""关闭"", ""value"": """"}",Y,Y,Y,
设备,1684,禁止显示屏保,,,screensaver_control,"{""device"": """", ""location"": """", ""object"": ""屏保"", ""operation"": ""关闭"", ""value"": """"}",screensaver_control,"{""device"": """", ""location"": """", ""object"": ""屏保"", ""operation"": ""关闭"", ""value"": """"}",Y,Y,Y,
设备,1685,屏保取消掉,,,screensaver_control,"{""device"": """", ""location"": """", ""object"": ""屏保"", ""operation"": ""关闭"", ""value"": """"}",screensaver_control,"{""device"": """", ""location"": """", ""object"": ""屏保"", ""operation"": ""关闭"", ""value"": """"}",Y,Y,Y,
设备,1686,把屏保退出,,,screensaver_control,"{""device"": """", ""location"": """", ""object"": ""屏保"", ""operation"": ""关闭"", ""value"": """"}",screensaver_control,"{""device"": """", ""location"": """", ""object"": ""屏保"", ""operation"": ""关闭"", ""value"": """"}",Y,Y,Y,
设备,1687,结束屏保,,,screensaver_control,"{""device"": """", ""location"": """", ""object"": ""屏保"", ""operation"": ""关闭"", ""value"": """"}",screensaver_control,"{""device"": """", ""location"": """", ""object"": ""屏保"", ""operation"": ""关闭"", ""value"": """"}",Y,Y,Y,
设备,1688,结束当前屏保,,,screensaver_control,"{""device"": """", ""location"": """", ""object"": ""屏保"", ""operation"": ""关闭"", ""value"": """"}",screensaver_control,"{""device"": """", ""location"": """", ""object"": ""屏保"", ""operation"": ""关闭"", ""value"": """"}",Y,Y,Y,
设备,1689,屏保停止,,,screensaver_control,"{""device"": """", ""location"": """", ""object"": ""屏保"", ""operation"": ""关闭"", ""value"": """"}",screensaver_control,"{""device"": """", ""location"": """", ""object"": ""屏保"", ""operation"": ""关闭"", ""value"": """"}",Y,Y,Y,
设备,1690,关掉正在运行的屏保,,,screensaver_control,"{""device"": """", ""location"": """", ""object"": ""屏保"", ""operation"": ""关闭"", ""value"": """"}",screensaver_control,"{""device"": """", ""location"": """", ""object"": ""屏保"", ""operation"": ""关闭"", ""value"": """"}",Y,Y,Y,
设备,1692,屏保不要弹出来,,,screensaver_control,"{""device"": """", ""location"": """", ""object"": ""屏保"", ""operation"": ""关闭"", ""value"": """"}",screensaver_control,"{""device"": """", ""location"": """", ""object"": ""屏保"", ""operation"": ""关闭"", ""value"": """"}",Y,Y,Y,
设备,1691,关闭正在运行的屏保,,,screensaver_control,"{""device"": """", ""location"": """", ""object"": ""屏保"", ""operation"": ""关闭"", ""value"": """"}",screensaver_control,"{""device"": """", ""location"": """", ""object"": ""屏保"", ""operation"": ""关闭"", ""value"": """"}",Y,Y,Y,
设备,1693,让屏保消失,,,screensaver_control,"{""device"": """", ""location"": """", ""object"": ""屏保"", ""operation"": ""关闭"", ""value"": """"}",screensaver_control,"{""device"": """", ""location"": """", ""object"": ""屏保"", ""operation"": ""关闭"", ""value"": """"}",Y,Y,Y,
设备,1694,退出屏保界面,,,screensaver_control,"{""device"": """", ""location"": """", ""object"": ""屏保"", ""operation"": ""关闭"", ""value"": """"}",screensaver_control,"{""device"": """", ""location"": """", ""object"": ""屏保"", ""operation"": ""关闭"", ""value"": """"}",Y,Y,Y,
设备,1695,关掉屏保模式,,,screensaver_control,"{""device"": """", ""location"": """", ""object"": ""屏保"", ""operation"": ""关闭"", ""value"": """"}",screensaver_control,"{""device"": """", ""location"": """", ""object"": ""屏保"", ""operation"": ""关闭"", ""value"": """"}",Y,Y,Y,
设备,1696,关闭屏保模式,,,screensaver_control,"{""device"": """", ""location"": """", ""object"": ""屏保"", ""operation"": ""关闭"", ""value"": """"}",screensaver_control,"{""device"": """", ""location"": """", ""object"": ""屏保"", ""operation"": ""关闭"", ""value"": """"}",Y,Y,Y,
设备,1697,麻烦退出屏保,,,screensaver_control,"{""device"": """", ""location"": """", ""object"": ""屏保"", ""operation"": ""关闭"", ""value"": """"}",screensaver_control,"{""device"": """", ""location"": """", ""object"": ""屏保"", ""operation"": ""关闭"", ""value"": """"}",Y,Y,Y,
设备,1698,可以关闭屏保吗,,,screensaver_control,"{""device"": """", ""location"": """", ""object"": ""屏保"", ""operation"": ""关闭"", ""value"": """"}",screensaver_control,"{""device"": """", ""location"": """", ""object"": ""屏保"", ""operation"": ""关闭"", ""value"": """"}",Y,Y,Y,
设备,1699,把屏保给关掉,,,screensaver_control,"{""device"": """", ""location"": """", ""object"": ""屏保"", ""operation"": ""关闭"", ""value"": """"}",screensaver_control,"{""device"": """", ""location"": """", ""object"": ""屏保"", ""operation"": ""关闭"", ""value"": """"}",Y,Y,Y,
设备,1700,屏保关掉吧,,,screensaver_control,"{""device"": """", ""location"": """", ""object"": ""屏保"", ""operation"": ""关闭"", ""value"": """"}",screensaver_control,"{""device"": """", ""location"": """", ""object"": ""屏保"", ""operation"": ""关闭"", ""value"": """"}",Y,Y,Y,
