域,row,query,intent,gold_tool,gold_params,pred_tool,pred_params,tool_ok,param_ok,both_ok,param_diff,hit_source,latency_ms
影视,9,日语纪录片呢,vod_keyword_search,vod_search_all,"{""action"": ""search"", ""retext"": ""日语纪录片呢"", ""query"": {""and"": [{""field"": ""category"", ""value"": ""纪录片""}, {""field"": ""language"", ""value"": ""日语""}]}}",vod_search_all,"{""action"": ""search"", ""retext"": ""日语纪录片呢"", ""query"": {""and"": [{""field"": ""language"", ""value"": ""日语""}, {""field"": ""category"", ""value"": ""纪录片""}]}}",Y,Y,Y,,llm_onecall,2661.9
影视,2,法语电影,vod_keyword_search,vod_search_all,"{""action"": ""search"", ""retext"": ""法语电影"", ""query"": {""and"": [{""field"": ""category"", ""value"": ""电影""}, {""field"": ""language"", ""value"": ""法语""}]}}",vod_search_all,"{""action"": ""search"", ""retext"": ""法语电影"", ""query"": {""and"": [{""field"": ""language"", ""value"": ""法语""}, {""field"": ""category"", ""value"": ""电影""}]}}",Y,Y,Y,,llm_onecall,2667.9
影视,4,日语电影,vod_keyword_search,vod_search_all,"{""action"": ""search"", ""retext"": ""日语电影"", ""query"": {""and"": [{""field"": ""category"", ""value"": ""电影""}, {""field"": ""language"", ""value"": ""日语""}]}}",vod_search_all,"{""action"": ""search"", ""retext"": ""日语电影"", ""query"": {""and"": [{""field"": ""language"", ""value"": ""日语""}, {""field"": ""category"", ""value"": ""电影""}]}}",Y,Y,Y,,llm_onecall,2786.8
影视,3,白百何主演的电视剧,vod_keyword_search,vod_search,"{""action"": ""search"", ""retext"": ""白百何主演的电视剧"", ""query"": {""and"": [{""field"": ""actor"", ""value"": ""白百何""}, {""field"": ""category"", ""value"": ""电视剧""}]}}",vod_search,"{""action"": ""search"", ""retext"": ""白百何主演的电视剧"", ""query"": {""and"": [{""field"": ""actor"", ""value"": ""白百何""}, {""field"": ""category"", ""value"": ""电视剧""}]}}",Y,Y,Y,,llm_onecall,3041.2
影视,11,好评如潮悬疑综艺,vod_keyword_search,vod_search,"{""action"": ""search"", ""retext"": ""好评如潮悬疑综艺"", ""query"": {""and"": [{""field"": ""category"", ""value"": ""综艺""}, {""field"": ""tag"", ""value"": ""悬疑""}]}, ""sort"": {""hot"": {""order"": ""desc""}}}",vod_search,"{""action"": ""search"", ""retext"": ""好评如潮悬疑综艺"", ""query"": {""and"": [{""field"": ""category"", ""value"": ""综艺""}, {""field"": ""tag"", ""value"": ""悬疑""}]}, ""sort"": {""hot"": {""order"": ""desc""}}}",Y,Y,Y,,llm_onecall,3189.3
影视,6,搜索湖南卫视的综艺,vod_keyword_search,vod_search_all,"{""action"": ""search"", ""retext"": ""搜索湖南卫视的综艺"", ""query"": {""field"": ""channel"", ""value"": ""湖南卫视""}}",vod_search_all,"{""action"": ""search"", ""retext"": ""搜索湖南卫视的综艺"", ""query"": {""and"": [{""field"": ""channel"", ""value"": ""湖南卫视""}, {""field"": ""category"", ""value"": ""综艺""}]}}",Y,N,N,"query: gold={""field"": ""channel"", ""value"": ""湖南卫视""} pred={""and"": [{""field"": ""category"", ""value"": ""综艺""}, {""field"": ""channel"", ""value"": ""湖南卫视""}]}",llm_onecall,5067.9
影视,5,找鱿鱼游戏的电影,vod_keyword_search,vod_search,"{""action"": ""play"", ""retext"": ""找鱿鱼游戏的电影"", ""query"": {""field"": ""title"", ""value"": ""鱿鱼游戏""}}",vod_search,"{""action"": ""search"", ""retext"": ""找鱿鱼游戏的电影"", ""query"": {""and"": [{""field"": ""title"", ""value"": ""鱿鱼游戏""}, {""field"": ""category"", ""value"": ""电影""}]}}",Y,N,N,"action: gold=""play"" pred=""search""; query: gold={""field"": ""title"", ""value"": ""鱿鱼游戏""} pred={""and"": [{""field"": ""category"", ""value"": ""电影""}, {""field"": ""title"", ""value"": ""鱿鱼游戏""}]}",llm_onecall,5157.2
影视,10,看北京卫视的电视剧,vod_keyword_search,vod_search_all,"{""action"": ""search"", ""retext"": ""看北京卫视的电视剧"", ""query"": {""field"": ""channel"", ""value"": ""北京卫视""}}",vod_search_all,"{""action"": ""search"", ""retext"": ""看北京卫视的电视剧"", ""query"": {""and"": [{""field"": ""channel"", ""value"": ""北京卫视""}, {""field"": ""category"", ""value"": ""电视剧""}]}}",Y,N,N,"query: gold={""field"": ""channel"", ""value"": ""北京卫视""} pred={""and"": [{""field"": ""category"", ""value"": ""电视剧""}, {""field"": ""channel"", ""value"": ""北京卫视""}]}",llm_onecall,5312.9
影视,7,我想看周润发演的影片,vod_keyword_search,vod_search,"{""action"": ""search"", ""retext"": ""我想看周润发演的影片"", ""query"": {""and"": [{""field"": ""actor"", ""value"": ""周润发""}, {""field"": ""category"", ""value"": ""电影""}]}}",vod_search,"{""action"": ""search"", ""retext"": ""我想看周润发演的影片"", ""query"": {""and"": [{""field"": ""actor"", ""value"": ""周润发""}, {""field"": ""category"", ""value"": ""电影""}]}}",Y,Y,Y,,llm_onecall,5516.9
影视,8,找美国王宝强的电影,vod_keyword_search,vod_search_all,"{""action"": ""search"", ""retext"": ""找美国王宝强的电影"", ""query"": {""and"": [{""field"": ""actor"", ""value"": ""王宝强""}, {""field"": ""category"", ""value"": ""电影""}, {""field"": ""area"", ""value"": ""美国""}]}}",vod_search_all,"{""action"": ""search"", ""retext"": ""找美国王宝强的电影"", ""query"": {""and"": [{""field"": ""actor"", ""value"": ""王宝强""}, {""field"": ""area"", ""value"": ""美国""}, {""field"": ""category"", ""value"": ""电影""}]}}",Y,Y,Y,,llm_onecall,6586.1
影视,12,播放深海,vod_keyword_search,vod_search,"{""action"": ""search"", ""retext"": ""播放深海"", ""query"": {""field"": ""title"", ""value"": ""深海""}}",vod_search,"{""action"": ""play"", ""retext"": ""播放深海"", ""query"": {""field"": ""title"", ""value"": ""深海""}}",Y,N,N,"action: gold=""search"" pred=""play""",llm_onecall,4351.0
影视,14,我要看人世间,vod_keyword_search,vod_search,"{""action"": ""search"", ""retext"": ""我要看人世间"", ""query"": {""field"": ""title"", ""value"": ""人世间""}}",vod_search,"{""action"": ""search"", ""retext"": ""我要看人世间"", ""query"": {""field"": ""title"", ""value"": ""人世间""}}",Y,Y,Y,,llm_onecall,4717.7
影视,13,找我在故宫修文物电视剧,vod_keyword_search,vod_search,"{""action"": ""play"", ""retext"": ""找我在故宫修文物电视剧"", ""query"": {""field"": ""title"", ""value"": ""我在故宫修文物""}}",vod_search,"{""action"": ""search"", ""retext"": ""找我在故宫修文物电视剧"", ""query"": {""and"": [{""field"": ""title"", ""value"": ""我在故宫修文物""}, {""field"": ""category"", ""value"": ""电视剧""}]}}",Y,N,N,"action: gold=""play"" pred=""search""; query: gold={""field"": ""title"", ""value"": ""我在故宫修文物""} pred={""and"": [{""field"": ""category"", ""value"": ""电视剧""}, {""field"": ""title"", ""value"": ""我在故宫修文物""}]}",llm_onecall,5375.4
影视,15,粤语电视剧,vod_keyword_search,vod_search_all,"{""action"": ""search"", ""retext"": ""粤语电视剧"", ""query"": {""and"": [{""field"": ""category"", ""value"": ""电视剧""}, {""field"": ""language"", ""value"": ""粤语""}]}}",vod_search_all,"{""action"": ""search"", ""retext"": ""粤语电视剧"", ""query"": {""and"": [{""field"": ""language"", ""value"": ""粤语""}, {""field"": ""category"", ""value"": ""电视剧""}]}}",Y,Y,Y,,llm_onecall,5019.9
影视,16,来一部王牌对王牌,vod_keyword_search,vod_search,"{""action"": ""play"", ""retext"": ""来一部王牌对王牌"", ""query"": {""field"": ""title"", ""value"": ""王牌对王牌""}}",vod_search,"{""query"": {""field"": ""title"", ""value"": ""王牌对王牌""}, ""retext"": ""来一部王牌对王牌"", ""action"": ""search""}",Y,N,N,"action: gold=""play"" pred=""search""",llm_onecall,4896.6
影视,20,最新喜剧影片,vod_keyword_search,vod_search,"{""action"": ""search"", ""retext"": ""最新喜剧影片"", ""query"": {""and"": [{""field"": ""category"", ""value"": ""电影""}, {""field"": ""tag"", ""value"": ""喜剧""}]}, ""sort"": {""new"": {""order"": ""desc""}}}",vod_search,"{""action"": ""search"", ""retext"": ""最新喜剧影片"", ""query"": {""and"": [{""field"": ""category"", ""value"": ""电影""}, {""field"": ""tag"", ""value"": ""喜剧""}]}, ""sort"": {""new"": {""order"": ""desc""}}}",Y,Y,Y,,llm_onecall,5145.8
影视,19,播放量高运动纪录片,vod_keyword_search,vod_search,"{""action"": ""search"", ""retext"": ""播放量高运动纪录片"", ""query"": {""and"": [{""field"": ""category"", ""value"": ""纪录片""}, {""field"": ""tag"", ""value"": ""运动""}]}, ""sort"": {""hot"": {""order"": ""desc""}}}",vod_search,"{""action"": ""search"", ""retext"": ""播放量高运动纪录片"", ""query"": {""and"": [{""field"": ""category"", ""value"": ""纪录片""}, {""field"": ""tag"", ""value"": ""运动""}]}, ""sort"": {""play"": {""order"": ""desc""}}}",Y,N,N,"sort: gold={""hot"": {""order"": ""desc""}} pred={""play"": {""order"": ""desc""}}",llm_onecall,5483.6
影视,21,评分超过7.5分的电视剧,vod_keyword_search,vod_search,"{""action"": ""search"", ""retext"": ""评分超过7.5分的电视剧"", ""query"": {""and"": [{""field"": ""rate"", ""from"": ""7.5"", ""to"": ""*""}, {""field"": ""category"", ""value"": ""电视剧""}]}}",vod_search,"{""action"": ""search"", ""retext"": ""评分超过7.5分的电视剧"", ""query"": {""and"": [{""field"": ""category"", ""value"": ""电视剧""}, {""field"": ""rate"", ""from"": ""7.5"", ""to"": ""*""}]}}",Y,Y,Y,,llm_onecall,4216.2
影视,22,法语电影呢,vod_keyword_search,vod_search_all,"{""action"": ""search"", ""retext"": ""法语电影呢"", ""query"": {""and"": [{""field"": ""category"", ""value"": ""电影""}, {""field"": ""language"", ""value"": ""法语""}]}}",vod_search_all,"{""action"": ""search"", ""retext"": ""法语电影呢"", ""query"": {""and"": [{""field"": ""language"", ""value"": ""法语""}, {""field"": ""category"", ""value"": ""电影""}]}}",Y,Y,Y,,llm_onecall,4377.3
影视,23,我要看延禧攻略,vod_keyword_search,vod_search,"{""action"": ""search"", ""retext"": ""我要看延禧攻略"", ""query"": {""field"": ""title"", ""value"": ""延禧攻略""}}",vod_search,"{""action"": ""search"", ""retext"": ""我要看延禧攻略"", ""query"": {""field"": ""title"", ""value"": ""延禧攻略""}}",Y,Y,Y,,llm_onecall,5232.0
影视,26,来一部漫长的季节,vod_keyword_search,vod_search,"{""action"": ""play"", ""retext"": ""来一部漫长的季节"", ""query"": {""field"": ""title"", ""value"": ""漫长的季节""}}",vod_search,"{""action"": ""play"", ""retext"": ""来一部漫长的季节"", ""query"": {""field"": ""title"", ""value"": ""漫长的季节""}}",Y,Y,Y,,llm_onecall,4933.8
影视,24,来一部哪吒之魔童降世,vod_keyword_search,vod_search,"{""action"": ""search"", ""retext"": ""来一部哪吒之魔童降世"", ""query"": {""field"": ""title"", ""value"": ""哪吒之魔童降世""}}",vod_search,"{""action"": ""play"", ""retext"": ""来一部哪吒之魔童降世"", ""query"": {""field"": ""title"", ""value"": ""哪吒之魔童降世""}}",Y,N,N,"action: gold=""search"" pred=""play""",llm_onecall,5135.6
影视,25,评分超过8分的电影,vod_keyword_search,vod_search,"{""action"": ""search"", ""retext"": ""评分超过8分的电影"", ""query"": {""and"": [{""field"": ""rate"", ""from"": ""8"", ""to"": ""*""}, {""field"": ""category"", ""value"": ""电影""}]}}",vod_search,"{""action"": ""search"", ""retext"": ""评分超过8分的电影"", ""query"": {""and"": [{""field"": ""category"", ""value"": ""电影""}, {""field"": ""rate"", ""from"": ""8.0"", ""to"": ""*""}]}}",Y,N,N,"query: gold={""and"": [{""field"": ""category"", ""value"": ""电影""}, {""field"": ""rate"", ""from"": ""8"", ""to"": ""*""}]} pred={""and"": [{""field"": ""category"", ""value"": ""电影""}, {""field"": ""rate"", ""from"": ""8.0"", ""to"": ""*""}]}",llm_onecall,5588.2
影视,28,必看灾难纪录片,vod_keyword_search,vod_search,"{""action"": ""search"", ""retext"": ""必看灾难纪录片"", ""query"": {""and"": [{""field"": ""category"", ""value"": ""纪录片""}, {""field"": ""tag"", ""value"": ""灾难""}]}, ""sort"": {""hot"": {""order"": ""desc""}}}",vod_search,"{""action"": ""search"", ""retext"": ""必看灾难纪录片"", ""query"": {""and"": [{""field"": ""category"", ""value"": ""纪录片""}, {""field"": ""tag"", ""value"": ""灾难""}]}}",Y,N,N,"sort: gold={""hot"": {""order"": ""desc""}} pred=",llm_onecall,4783.1
影视,27,播放量高古装电影,vod_keyword_search,vod_search,"{""action"": ""search"", ""retext"": ""播放量高古装电影"", ""query"": {""and"": [{""field"": ""category"", ""value"": ""电影""}, {""field"": ""tag"", ""value"": ""古装""}]}, ""sort"": {""hot"": {""order"": ""desc""}}}",vod_search,"{""action"": ""search"", ""retext"": ""播放量高古装电影"", ""query"": {""and"": [{""field"": ""category"", ""value"": ""电影""}, {""field"": ""tag"", ""value"": ""古装""}]}, ""sort"": {""play"": {""order"": ""desc""}}}",Y,N,N,"sort: gold={""hot"": {""order"": ""desc""}} pred={""play"": {""order"": ""desc""}}",llm_onecall,5082.5
影视,29,我想看张译演的电影,vod_keyword_search,vod_search,"{""action"": ""search"", ""retext"": ""我想看张译演的电影"", ""query"": {""and"": [{""field"": ""actor"", ""value"": ""张译""}, {""field"": ""category"", ""value"": ""电影""}]}}",vod_search,"{""action"": ""search"", ""retext"": ""我想看张译演的电影"", ""query"": {""and"": [{""field"": ""actor"", ""value"": ""张译""}, {""field"": ""category"", ""value"": ""电影""}]}}",Y,Y,Y,,llm_onecall,5240.3
影视,30,音乐或者青春的电视剧,vod_keyword_search,vod_search,"{""action"": ""search"", ""retext"": ""音乐或者青春的电视剧"", ""query"": {""and"": [{""field"": ""tag"", ""values"": [""音乐"", ""青春""], ""operator"": ""or""}, {""field"": ""category"", ""value"": ""电视剧""}]}, ""sort"": {""hot"": {""order"": ""desc""}}}",vod_search,"{""action"": ""search"", ""retext"": ""音乐或者青春的电视剧"", ""query"": {""and"": [{""field"": ""category"", ""value"": ""电视剧""}, {""field"": ""tag"", ""values"": [""音乐"", ""青春""], ""operator"": ""or""}]}}",Y,N,N,"sort: gold={""hot"": {""order"": ""desc""}} pred=",llm_onecall,5496.8
影视,32,我要看活着,vod_keyword_search,vod_search,"{""action"": ""search"", ""retext"": ""我要看活着"", ""query"": {""field"": ""title"", ""value"": ""活着""}}",vod_search,"{""action"": ""search"", ""retext"": ""我要看活着"", ""query"": {""field"": ""title"", ""value"": ""活着""}}",Y,Y,Y,,llm_onecall,4752.9
影视,33,我要看钢铁侠,vod_keyword_search,vod_search,"{""action"": ""play"", ""retext"": ""我要看钢铁侠"", ""query"": {""and"": [{""field"": ""title"", ""value"": ""钢铁侠""}, {""field"": ""category"", ""value"": ""电视剧""}]}, ""sort"": {""hot"": {""order"": ""desc""}}}",vod_search,"{""action"": ""search"", ""retext"": ""我要看钢铁侠"", ""query"": {""field"": ""role"", ""value"": ""钢铁侠""}}",Y,N,N,"action: gold=""play"" pred=""search""; query: gold={""and"": [{""field"": ""category"", ""value"": ""电视剧""}, {""field"": ""title"", ""value"": ""钢铁侠""}]} pred={""field"": ""role"", ""value"": ""钢铁侠""}; sort: gold={""hot"": {""order"": ""desc""}} pred=",llm_onecall,4744.1
影视,31,好评如潮竞技电影,vod_keyword_search,vod_search,"{""action"": ""search"", ""retext"": ""好评如潮竞技电影"", ""query"": {""and"": [{""field"": ""category"", ""value"": ""电影""}, {""field"": ""tag"", ""value"": ""竞技""}]}, ""sort"": {""hot"": {""order"": ""desc""}}}",vod_search,"{""action"": ""search"", ""retext"": ""好评如潮竞技电影"", ""query"": {""and"": [{""field"": ""category"", ""value"": ""电影""}, {""field"": ""tag"", ""value"": ""竞技""}]}, ""sort"": {""rate"": {""order"": ""desc""}}}",Y,N,N,"sort: gold={""hot"": {""order"": ""desc""}} pred={""rate"": {""order"": ""desc""}}",llm_onecall,5489.0
影视,34,好评如潮传记纪录片,vod_keyword_search,vod_search,"{""action"": ""search"", ""retext"": ""好评如潮传记纪录片"", ""query"": {""and"": [{""field"": ""category"", ""value"": ""纪录片""}, {""field"": ""tag"", ""value"": ""传记""}]}, ""sort"": {""hot"": {""order"": ""desc""}}}",vod_search,"{""action"": ""search"", ""retext"": ""好评如潮传记纪录片"", ""query"": {""and"": [{""field"": ""category"", ""value"": ""纪录片""}, {""field"": ""tag"", ""value"": ""传记""}]}, ""sort"": {""hot"": {""order"": ""desc""}}}",Y,Y,Y,,llm_onecall,5418.0
影视,35,口碑好灾难综艺,vod_keyword_search,vod_search,"{""action"": ""search"", ""retext"": ""口碑好灾难综艺"", ""query"": {""and"": [{""field"": ""category"", ""value"": ""综艺""}, {""field"": ""tag"", ""value"": ""灾难""}]}, ""sort"": {""rate"": {""order"": ""desc""}}}",vod_search,"{""action"": ""search"", ""retext"": ""口碑好灾难综艺"", ""query"": {""and"": [{""field"": ""category"", ""value"": ""综艺""}, {""field"": ""tag"", ""value"": ""灾难""}]}, ""sort"": {""rate"": {""order"": ""desc""}}}",Y,Y,Y,,llm_onecall,4844.6
影视,37,来一部向往的生活,vod_keyword_search,vod_search,"{""action"": ""play"", ""retext"": ""来一部向往的生活"", ""query"": {""field"": ""title"", ""value"": ""向往的生活""}}",vod_search,"{""action"": ""play"", ""retext"": ""来一部向往的生活"", ""query"": {""field"": ""title"", ""value"": ""向往的生活""}}",Y,Y,Y,,llm_onecall,4827.5
影视,40,播放隐秘的角落,vod_keyword_search,vod_search,"{""action"": ""search"", ""retext"": ""播放隐秘的角落"", ""query"": {""field"": ""title"", ""value"": ""隐秘的角落""}}",vod_search,"{""action"": ""play"", ""retext"": ""播放隐秘的角落"", ""query"": {""field"": ""title"", ""value"": ""隐秘的角落""}}",Y,N,N,"action: gold=""search"" pred=""play""",llm_onecall,4462.7
影视,39,日语电视剧,vod_keyword_search,vod_search_all,"{""action"": ""search"", ""retext"": ""日语电视剧"", ""query"": {""and"": [{""field"": ""category"", ""value"": ""电视剧""}, {""field"": ""language"", ""value"": ""日语""}]}}",vod_search_all,"{""action"": ""search"", ""retext"": ""日语电视剧"", ""query"": {""and"": [{""field"": ""language"", ""value"": ""日语""}, {""field"": ""category"", ""value"": ""电视剧""}]}}",Y,Y,Y,,llm_onecall,4764.4
影视,38,2023年的新剧,vod_keyword_search,vod_search,"{""action"": ""search"", ""retext"": ""2023年的新剧"", ""query"": {""and"": [{""field"": ""release_time"", ""from"": ""20230101"", ""to"": ""20231231""}, {""field"": ""category"", ""value"": ""电视剧""}]}, ""sort"": {""new"": {""order"": ""desc""}}}",vod_search,"{""action"": ""search"", ""retext"": ""2023年的新剧"", ""query"": {""and"": [{""field"": ""category"", ""value"": ""电视剧""}, {""field"": ""release_time"", ""from"": ""20230101"", ""to"": ""20231231""}]}, ""sort"": {""new"": {""order"": ""desc""}}}",Y,Y,Y,,llm_onecall,5673.8
影视,36,科幻或者冒险的电视剧,vod_keyword_search,vod_search,"{""action"": ""search"", ""retext"": ""科幻或者冒险的电视剧"", ""query"": {""and"": [{""field"": ""tag"", ""values"": [""科幻"", ""冒险""], ""operator"": ""or""}, {""field"": ""category"", ""value"": ""电视剧""}]}, ""sort"": {""hot"": {""order"": ""desc""}}}",vod_search,"{""action"": ""search"", ""retext"": ""科幻或者冒险的电视剧"", ""query"": {""and"": [{""field"": ""category"", ""value"": ""电视剧""}, {""field"": ""tag"", ""value"": ""科幻""}]}}",Y,N,N,"query: gold={""and"": [{""field"": ""category"", ""value"": ""电视剧""}, {""field"": ""tag"", ""operator"": ""or"", ""values"": [""冒险"", ""科幻""]}]} pred={""and"": [{""field"": ""category"", ""value"": ""电视剧""}, {""field"": ""tag"", ""value"": ""科幻""}]}; sort: gold={""hot"": {""order"": ""desc""}} pred=",fallback,7303.0
影视,41,必看动作影片,vod_keyword_search,vod_search,"{""action"": ""search"", ""retext"": ""必看动作影片"", ""query"": {""and"": [{""field"": ""category"", ""value"": ""电影""}, {""field"": ""tag"", ""value"": ""动作""}]}, ""sort"": {""hot"": {""order"": ""desc""}}}",vod_search,"{""action"": ""search"", ""retext"": ""必看动作影片"", ""query"": {""and"": [{""field"": ""category"", ""value"": ""电影""}, {""field"": ""tag"", ""value"": ""动作""}]}}",Y,N,N,"sort: gold={""hot"": {""order"": ""desc""}} pred=",llm_onecall,5296.9
影视,42,豆瓣评分高于7.5分的电视剧,vod_keyword_search,vod_search,"{""action"": ""search"", ""retext"": ""豆瓣评分高于7.5分的电视剧"", ""query"": {""and"": [{""field"": ""rate"", ""from"": ""7.5"", ""to"": ""*""}, {""field"": ""category"", ""value"": ""电视剧""}]}, ""sort"": {""rate"": {""order"": ""desc""}}}",vod_search,"{""action"": ""search"", ""retext"": ""豆瓣评分高于7.5分的电视剧"", ""query"": {""and"": [{""field"": ""category"", ""value"": ""电视剧""}, {""field"": ""rate"", ""from"": ""7.5"", ""to"": ""*""}]}, ""sort"": {""rate"": {""order"": ""desc""}}}",Y,Y,Y,,llm_onecall,6169.7
影视,43,找马思纯演的剧,vod_keyword_search,vod_search,"{""action"": ""search"", ""retext"": ""找马思纯演的剧"", ""query"": {""and"": [{""field"": ""actor"", ""value"": ""马思纯""}, {""field"": ""category"", ""value"": ""电视剧""}]}}",vod_search,"{""action"": ""search"", ""retext"": ""找马思纯演的剧"", ""query"": {""and"": [{""field"": ""actor"", ""value"": ""马思纯""}, {""field"": ""category"", ""value"": ""电视剧""}]}}",Y,Y,Y,,llm_onecall,5193.0
影视,44,音乐或者战争的电视剧,vod_keyword_search,vod_search,"{""action"": ""search"", ""retext"": ""音乐或者战争的电视剧"", ""query"": {""and"": [{""field"": ""tag"", ""values"": [""音乐"", ""战争""], ""operator"": ""or""}, {""field"": ""category"", ""value"": ""电视剧""}]}, ""sort"": {""hot"": {""order"": ""desc""}}}",vod_search,"{""action"": ""search"", ""retext"": ""音乐或者战争的电视剧"", ""query"": {""and"": [{""field"": ""category"", ""value"": ""电视剧""}, {""field"": ""tag"", ""values"": [""音乐"", ""战争""], ""operator"": ""or""}]}}",Y,N,N,"sort: gold={""hot"": {""order"": ""desc""}} pred=",llm_onecall,5164.0
影视,45,冒险或者灾难的电影,vod_keyword_search,vod_search,"{""action"": ""search"", ""retext"": ""冒险或者灾难的电影"", ""query"": {""and"": [{""field"": ""tag"", ""values"": [""冒险"", ""灾难""], ""operator"": ""or""}, {""field"": ""category"", ""value"": ""电影""}]}, ""sort"": {""hot"": {""order"": ""desc""}}}",vod_search,"{""action"": ""search"", ""retext"": ""冒险或者灾难的电影"", ""query"": {""and"": [{""field"": ""category"", ""value"": ""电影""}, {""field"": ""tag"", ""values"": [""冒险"", ""灾难""], ""operator"": ""or""}]}}",Y,N,N,"sort: gold={""hot"": {""order"": ""desc""}} pred=",llm_onecall,4996.2
影视,47,看江苏卫视的电视剧,vod_keyword_search,vod_search_all,"{""action"": ""search"", ""retext"": ""看江苏卫视的电视剧"", ""query"": {""field"": ""channel"", ""value"": ""江苏卫视""}}",vod_search_all,"{""action"": ""search"", ""retext"": ""看江苏卫视的电视剧"", ""query"": {""and"": [{""field"": ""channel"", ""value"": ""江苏卫视""}, {""field"": ""category"", ""value"": ""电视剧""}]}}",Y,N,N,"query: gold={""field"": ""channel"", ""value"": ""江苏卫视""} pred={""and"": [{""field"": ""category"", ""value"": ""电视剧""}, {""field"": ""channel"", ""value"": ""江苏卫视""}]}",llm_onecall,5199.7
影视,46,导演路阳拍过的电视剧,vod_keyword_search,vod_search,"{""action"": ""search"", ""retext"": ""导演路阳拍过的电视剧"", ""query"": {""and"": [{""field"": ""director"", ""value"": ""路阳""}, {""field"": ""category"", ""value"": ""电视剧""}]}}",vod_search,"{""action"": ""search"", ""retext"": ""导演路阳拍过的电视剧"", ""query"": {""and"": [{""field"": ""director"", ""value"": ""路阳""}, {""field"": ""category"", ""value"": ""电视剧""}]}}",Y,Y,Y,,llm_onecall,5223.5
影视,48,高分科幻纪录片,vod_keyword_search,vod_search,"{""action"": ""search"", ""retext"": ""高分科幻纪录片"", ""query"": {""and"": [{""field"": ""category"", ""value"": ""纪录片""}, {""field"": ""tag"", ""value"": ""科幻""}]}, ""sort"": {""rate"": {""order"": ""desc""}}}",vod_search,"{""action"": ""search"", ""retext"": ""高分科幻纪录片"", ""query"": {""and"": [{""field"": ""category"", ""value"": ""纪录片""}, {""field"": ""tag"", ""value"": ""科幻""}]}, ""sort"": {""rate"": {""order"": ""desc""}}}",Y,Y,Y,,llm_onecall,5166.7
影视,49,播放霸王别姬,vod_keyword_search,vod_search,"{""action"": ""search"", ""retext"": ""播放霸王别姬"", ""query"": {""and"": [{""field"": ""title"", ""value"": ""霸王别姬""}, {""field"": ""category"", ""value"": ""电影""}]}, ""sort"": {""hot"": {""order"": ""desc""}}}",vod_search,"{""action"": ""play"", ""retext"": ""播放霸王别姬"", ""query"": {""field"": ""title"", ""value"": ""霸王别姬""}}",Y,N,N,"action: gold=""search"" pred=""play""; query: gold={""and"": [{""field"": ""category"", ""value"": ""电影""}, {""field"": ""title"", ""value"": ""霸王别姬""}]} pred={""field"": ""title"", ""value"": ""霸王别姬""}; sort: gold={""hot"": {""order"": ""desc""}} pred=",llm_onecall,4732.9
影视,52,我要看深海,vod_keyword_search,vod_search,"{""action"": ""search"", ""retext"": ""我要看深海"", ""query"": {""field"": ""title"", ""value"": ""深海""}}",vod_search,"{""action"": ""search"", ""retext"": ""我要看深海"", ""query"": {""field"": ""title"", ""value"": ""深海""}}",Y,Y,Y,,llm_onecall,4033.4
影视,51,来一部漫长的季节呢,vod_keyword_search,vod_search,"{""action"": ""search"", ""retext"": ""来一部漫长的季节呢"", ""query"": {""field"": ""title"", ""value"": ""漫长的季节""}}",vod_search,"{""action"": ""play"", ""retext"": ""来一部漫长的季节呢"", ""query"": {""field"": ""title"", ""value"": ""漫长的季节""}}",Y,N,N,"action: gold=""search"" pred=""play""",llm_onecall,4548.8
影视,50,科幻或者恐怖的电影,vod_keyword_search,vod_search,"{""action"": ""search"", ""retext"": ""科幻或者恐怖的电影"", ""query"": {""and"": [{""field"": ""tag"", ""values"": [""科幻"", ""恐怖""], ""operator"": ""or""}, {""field"": ""category"", ""value"": ""电影""}]}, ""sort"": {""hot"": {""order"": ""desc""}}}",vod_search,"{""action"": ""search"", ""retext"": ""科幻或者恐怖的电影"", ""query"": {""and"": [{""field"": ""category"", ""value"": ""电影""}, {""field"": ""tag"", ""values"": [""科幻"", ""恐怖""], ""operator"": ""or""}]}}",Y,N,N,"sort: gold={""hot"": {""order"": ""desc""}} pred=",llm_onecall,5465.1
影视,53,必看犯罪电影,vod_keyword_search,vod_search,"{""action"": ""search"", ""retext"": ""必看犯罪电影"", ""query"": {""and"": [{""field"": ""category"", ""value"": ""电影""}, {""field"": ""tag"", ""value"": ""犯罪""}]}, ""sort"": {""hot"": {""order"": ""desc""}}}",vod_search,"{""action"": ""search"", ""retext"": ""必看犯罪电影"", ""query"": {""and"": [{""field"": ""category"", ""value"": ""电影""}, {""field"": ""tag"", ""value"": ""犯罪""}]}}",Y,N,N,"sort: gold={""hot"": {""order"": ""desc""}} pred=",llm_onecall,4848.6
影视,54,斯皮尔伯格主演的电影,vod_keyword_search,vod_search,"{""action"": ""search"", ""retext"": ""斯皮尔伯格主演的电影"", ""query"": {""and"": [{""field"": ""actor"", ""value"": ""斯皮尔伯格""}, {""field"": ""category"", ""value"": ""电影""}]}}",vod_search,"{""action"": ""search"", ""retext"": ""斯皮尔伯格主演的电影"", ""query"": {""and"": [{""field"": ""actor"", ""value"": ""斯皮尔伯格""}, {""field"": ""category"", ""value"": ""电影""}]}}",Y,Y,Y,,llm_onecall,5111.4
影视,56,热门恐怖剧,vod_keyword_search,vod_search,"{""action"": ""search"", ""retext"": ""热门恐怖剧"", ""query"": {""and"": [{""field"": ""category"", ""value"": ""电视剧""}, {""field"": ""tag"", ""value"": ""恐怖""}]}, ""sort"": {""hot"": {""order"": ""desc""}}}",vod_search,"{""action"": ""search"", ""retext"": ""热门恐怖剧"", ""query"": {""and"": [{""field"": ""category"", ""value"": ""电视剧""}, {""field"": ""tag"", ""value"": ""恐怖""}]}, ""sort"": {""hot"": {""order"": ""desc""}}}",Y,Y,Y,,llm_onecall,5111.0
影视,57,2023年的综艺,vod_keyword_search,vod_search,"{""action"": ""search"", ""retext"": ""2023年的综艺"", ""query"": {""and"": [{""field"": ""release_time"", ""from"": ""20230101"", ""to"": ""20231231""}, {""field"": ""category"", ""value"": ""综艺""}]}}",vod_search,"{""action"": ""search"", ""retext"": ""2023年的综艺"", ""query"": {""and"": [{""field"": ""category"", ""value"": ""综艺""}, {""field"": ""release_time"", ""from"": ""20230101"", ""to"": ""20231231""}]}}",Y,Y,Y,,llm_onecall,5894.8
影视,58,我想看吴彦祖演的影片,vod_keyword_search,vod_search,"{""action"": ""search"", ""retext"": ""我想看吴彦祖演的影片"", ""query"": {""and"": [{""field"": ""actor"", ""value"": ""吴彦祖""}, {""field"": ""category"", ""value"": ""电影""}]}}",vod_search,"{""action"": ""search"", ""retext"": ""我想看吴彦祖演的影片"", ""query"": {""and"": [{""field"": ""actor"", ""value"": ""吴彦祖""}, {""field"": ""category"", ""value"": ""电影""}]}}",Y,Y,Y,,llm_onecall,5421.2
影视,60,2024年的电影,vod_keyword_search,vod_search,"{""action"": ""search"", ""retext"": ""2024年的电影"", ""query"": {""and"": [{""field"": ""release_time"", ""from"": ""20240101"", ""to"": ""20241231""}, {""field"": ""category"", ""value"": ""电影""}]}}",vod_search,"{""action"": ""search"", ""retext"": ""2024年的电影"", ""query"": {""and"": [{""field"": ""category"", ""value"": ""电影""}, {""field"": ""release_time"", ""from"": ""20240101"", ""to"": ""20241231""}]}}",Y,Y,Y,,llm_onecall,5840.1
影视,62,国语电影,vod_keyword_search,vod_search_all,"{""action"": ""search"", ""retext"": ""国语电影"", ""query"": {""and"": [{""field"": ""category"", ""value"": ""电影""}, {""field"": ""language"", ""value"": ""国语""}]}}",vod_search_all,"{""action"": ""search"", ""retext"": ""国语电影"", ""query"": {""and"": [{""field"": ""language"", ""value"": ""国语""}, {""field"": ""category"", ""value"": ""电影""}]}}",Y,Y,Y,,llm_onecall,4870.5
影视,63,经典青春综艺,vod_keyword_search,vod_search,"{""action"": ""search"", ""retext"": ""经典青春综艺"", ""query"": {""and"": [{""field"": ""category"", ""value"": ""综艺""}, {""field"": ""tag"", ""value"": ""青春""}]}, ""sort"": {""hot"": {""order"": ""desc""}}}",vod_search,"{""action"": ""search"", ""retext"": ""经典青春综艺"", ""query"": {""and"": [{""field"": ""category"", ""value"": ""综艺""}, {""field"": ""tag"", ""value"": ""青春""}]}}",Y,N,N,"sort: gold={""hot"": {""order"": ""desc""}} pred=",llm_onecall,5388.0
影视,61,励志或者悬疑的电视剧,vod_keyword_search,vod_search,"{""action"": ""search"", ""retext"": ""励志或者悬疑的电视剧"", ""query"": {""and"": [{""field"": ""tag"", ""values"": [""励志"", ""悬疑""], ""operator"": ""or""}, {""field"": ""category"", ""value"": ""电视剧""}]}, ""sort"": {""hot"": {""order"": ""desc""}}}",vod_search,"{""action"": ""search"", ""retext"": ""励志或者悬疑的电视剧"", ""query"": {""and"": [{""field"": ""category"", ""value"": ""电视剧""}, {""or"": [{""field"": ""tag"", ""value"": ""励志""}, {""field"": ""tag"", ""value"": ""悬疑""}]}]}}",Y,N,N,"query: gold={""and"": [{""field"": ""category"", ""value"": ""电视剧""}, {""field"": ""tag"", ""operator"": ""or"", ""values"": [""励志"", ""悬疑""]}]} pred={""and"": [{""field"": ""category"", ""value"": ""电视剧""}, {""or"": [{""field"": ""tag"", ""value"": ""励志""}, {""field"": ""tag"", ""value"": ""悬疑""}]}]}; sort: gold={""hot"": {""order"": ""desc""}} pred=",llm_onecall,6712.5
影视,64,找吴彦祖演的影片,vod_keyword_search,vod_search,"{""action"": ""search"", ""retext"": ""找吴彦祖演的影片"", ""query"": {""and"": [{""field"": ""actor"", ""value"": ""吴彦祖""}, {""field"": ""category"", ""value"": ""电影""}]}}",vod_search,"{""action"": ""search"", ""retext"": ""找吴彦祖演的影片"", ""query"": {""and"": [{""field"": ""actor"", ""value"": ""吴彦祖""}, {""field"": ""category"", ""value"": ""电影""}]}}",Y,Y,Y,,llm_onecall,6135.7
影视,65,战争或者冒险的电视剧,vod_keyword_search,vod_search,"{""action"": ""search"", ""retext"": ""战争或者冒险的电视剧"", ""query"": {""and"": [{""field"": ""tag"", ""values"": [""战争"", ""冒险""], ""operator"": ""or""}, {""field"": ""category"", ""value"": ""电视剧""}]}, ""sort"": {""hot"": {""order"": ""desc""}}}",vod_search,"{""action"": ""search"", ""retext"": ""战争或者冒险的电视剧"", ""query"": {""and"": [{""field"": ""category"", ""value"": ""电视剧""}, {""field"": ""tag"", ""values"": [""战争"", ""冒险""], ""operator"": ""or""}]}}",Y,N,N,"sort: gold={""hot"": {""order"": ""desc""}} pred=",llm_onecall,5402.1
影视,66,高分奇幻片子,vod_keyword_search,vod_search,"{""action"": ""search"", ""retext"": ""高分奇幻片子"", ""query"": {""and"": [{""field"": ""category"", ""value"": ""电影""}, {""field"": ""tag"", ""value"": ""奇幻""}]}, ""sort"": {""rate"": {""order"": ""desc""}}}",vod_search,"{""action"": ""search"", ""retext"": ""高分奇幻片子"", ""query"": {""and"": [{""field"": ""category"", ""value"": ""电影""}, {""field"": ""tag"", ""value"": ""奇幻""}]}, ""sort"": {""rate"": {""order"": ""desc""}}}",Y,Y,Y,,llm_onecall,4991.1
影视,67,搜索东方卫视的电视剧,vod_keyword_search,vod_search_all,"{""action"": ""search"", ""retext"": ""搜索东方卫视的电视剧"", ""query"": {""field"": ""channel"", ""value"": ""东方卫视""}}",vod_search_all,"{""action"": ""search"", ""retext"": ""搜索东方卫视的电视剧"", ""query"": {""and"": [{""field"": ""channel"", ""value"": ""东方卫视""}, {""field"": ""category"", ""value"": ""电视剧""}]}}",Y,N,N,"query: gold={""field"": ""channel"", ""value"": ""东方卫视""} pred={""and"": [{""field"": ""category"", ""value"": ""电视剧""}, {""field"": ""channel"", ""value"": ""东方卫视""}]}",llm_onecall,5074.6
影视,69,热门动作电视剧,vod_keyword_search,vod_search,"{""action"": ""search"", ""retext"": ""热门动作电视剧"", ""query"": {""and"": [{""field"": ""category"", ""value"": ""电视剧""}, {""field"": ""tag"", ""value"": ""动作""}]}, ""sort"": {""hot"": {""order"": ""desc""}}}",vod_search,"{""action"": ""search"", ""retext"": ""热门动作电视剧"", ""query"": {""and"": [{""field"": ""category"", ""value"": ""电视剧""}, {""field"": ""tag"", ""value"": ""动作""}]}, ""sort"": {""hot"": {""order"": ""desc""}}}",Y,Y,Y,,llm_onecall,5190.0
影视,72,粤语纪录片,vod_keyword_search,vod_search_all,"{""action"": ""search"", ""retext"": ""粤语纪录片"", ""query"": {""and"": [{""field"": ""category"", ""value"": ""纪录片""}, {""field"": ""language"", ""value"": ""粤语""}]}}",vod_search_all,"{""action"": ""search"", ""retext"": ""粤语纪录片"", ""query"": {""and"": [{""field"": ""language"", ""value"": ""粤语""}, {""field"": ""category"", ""value"": ""纪录片""}]}}",Y,Y,Y,,llm_onecall,4885.0
影视,73,恐怖或者古装的电影,vod_keyword_search,vod_search,"{""action"": ""search"", ""retext"": ""恐怖或者古装的电影"", ""query"": {""and"": [{""field"": ""tag"", ""values"": [""恐怖"", ""古装""], ""operator"": ""or""}, {""field"": ""category"", ""value"": ""电影""}]}, ""sort"": {""hot"": {""order"": ""desc""}}}",vod_search,"{""action"": ""search"", ""retext"": ""恐怖或者古装的电影"", ""query"": {""and"": [{""field"": ""category"", ""value"": ""电影""}, {""or"": [{""field"": ""tag"", ""value"": ""恐怖""}, {""field"": ""tag"", ""value"": ""古装""}]}]}}",Y,N,N,"query: gold={""and"": [{""field"": ""category"", ""value"": ""电影""}, {""field"": ""tag"", ""operator"": ""or"", ""values"": [""古装"", ""恐怖""]}]} pred={""and"": [{""field"": ""category"", ""value"": ""电影""}, {""or"": [{""field"": ""tag"", ""value"": ""古装""}, {""field"": ""tag"", ""value"": ""恐怖""}]}]}; sort: gold={""hot"": {""order"": ""desc""}} pred=",llm_onecall,5196.9
影视,71,找台湾韩寒的电影,vod_keyword_search,vod_search_all,"{""action"": ""search"", ""retext"": ""找台湾韩寒的电影"", ""query"": {""and"": [{""field"": ""director"", ""value"": ""韩寒""}, {""field"": ""category"", ""value"": ""电影""}, {""field"": ""area"", ""value"": ""台湾""}]}}",vod_search_all,"{""action"": ""search"", ""retext"": ""找台湾韩寒的电影"", ""query"": {""and"": [{""field"": ""director"", ""value"": ""韩寒""}, {""field"": ""area"", ""value"": ""台湾""}, {""field"": ""category"", ""value"": ""电影""}]}}",Y,Y,Y,,llm_onecall,7514.6
影视,74,看泰国徐峥演的电视剧,vod_keyword_search,vod_search_all,"{""action"": ""search"", ""retext"": ""看泰国徐峥演的电视剧"", ""query"": {""and"": [{""field"": ""actor"", ""value"": ""徐峥""}, {""field"": ""category"", ""value"": ""电视剧""}, {""field"": ""area"", ""value"": ""泰国""}]}}",vod_search_all,"{""action"": ""search"", ""retext"": ""看泰国徐峥演的电视剧"", ""query"": {""and"": [{""field"": ""actor"", ""value"": ""徐峥""}, {""field"": ""area"", ""value"": ""泰国""}, {""field"": ""category"", ""value"": ""电视剧""}]}}",Y,Y,Y,,llm_onecall,5991.0
影视,76,来一部一年一度喜剧大赛,vod_keyword_search,vod_search,"{""action"": ""search"", ""retext"": ""来一部一年一度喜剧大赛"", ""query"": {""field"": ""title"", ""value"": ""一年一度喜剧大赛""}}",vod_search,"{""action"": ""play"", ""retext"": ""来一部一年一度喜剧大赛"", ""query"": {""field"": ""title"", ""value"": ""一年一度喜剧大赛""}}",Y,N,N,"action: gold=""search"" pred=""play""",llm_onecall,4227.7
影视,77,播放量高悬疑影片,vod_keyword_search,vod_search,"{""action"": ""search"", ""retext"": ""播放量高悬疑影片"", ""query"": {""and"": [{""field"": ""category"", ""value"": ""电影""}, {""field"": ""tag"", ""value"": ""悬疑""}]}, ""sort"": {""hot"": {""order"": ""desc""}}}",vod_search,"{""action"": ""search"", ""retext"": ""播放量高悬疑影片"", ""query"": {""and"": [{""field"": ""category"", ""value"": ""电影""}, {""field"": ""tag"", ""value"": ""悬疑""}]}, ""sort"": {""play"": {""order"": ""desc""}}}",Y,N,N,"sort: gold={""hot"": {""order"": ""desc""}} pred={""play"": {""order"": ""desc""}}",llm_onecall,4771.4
影视,75,赵丽颖主演的作品,vod_keyword_search,vod_search,"{""action"": ""search"", ""retext"": ""赵丽颖主演的作品"", ""query"": {""and"": [{""field"": ""actor"", ""value"": ""赵丽颖""}, {""field"": ""category"", ""value"": ""电视剧""}]}}",fan_knowledge_agent,"{""messages"": [{""role"": ""user"", ""content"": ""赵丽颖主演的作品""}], ""riskRespStrategy"": ""all_replace"", ""sceneTypeIntentList"": [{""sceneType"": ""video""}]}",N,N,N,"action: gold=""search"" pred=; messages: gold= pred=[{""content"": ""赵丽颖主演的作品"", ""role"": ""user""}]; query: gold={""and"": [{""field"": ""actor"", ""value"": ""赵丽颖""}, {""field"": ""category"", ""value"": ""电视剧""}]} pred=; retext: gold=""赵丽颖主演的作品"" pred=; riskRespStrategy: gold= pred=""all_replace""; sceneTypeIntentList: gold= pred=[{""sceneType"": ""video""}]",general_rule,8259.2
影视,78,口碑好科幻纪录片,vod_keyword_search,vod_search,"{""action"": ""search"", ""retext"": ""口碑好科幻纪录片"", ""query"": {""and"": [{""field"": ""category"", ""value"": ""纪录片""}, {""field"": ""tag"", ""value"": ""科幻""}]}, ""sort"": {""rate"": {""order"": ""desc""}}}",vod_search,"{""action"": ""search"", ""retext"": ""口碑好科幻纪录片"", ""query"": {""and"": [{""field"": ""category"", ""value"": ""纪录片""}, {""field"": ""tag"", ""value"": ""科幻""}]}, ""sort"": {""rate"": {""order"": ""desc""}}}",Y,Y,Y,,llm_onecall,4759.3
影视,79,灾难或者喜剧的电视剧,vod_keyword_search,vod_search,"{""action"": ""search"", ""retext"": ""灾难或者喜剧的电视剧"", ""query"": {""and"": [{""field"": ""tag"", ""values"": [""灾难"", ""喜剧""], ""operator"": ""or""}, {""field"": ""category"", ""value"": ""电视剧""}]}, ""sort"": {""hot"": {""order"": ""desc""}}}",vod_search,"{""action"": ""search"", ""retext"": ""灾难或者喜剧的电视剧"", ""query"": {""and"": [{""field"": ""category"", ""value"": ""电视剧""}, {""or"": [{""field"": ""tag"", ""value"": ""灾难""}, {""field"": ""tag"", ""value"": ""喜剧""}]}]}}",Y,N,N,"query: gold={""and"": [{""field"": ""category"", ""value"": ""电视剧""}, {""field"": ""tag"", ""operator"": ""or"", ""values"": [""喜剧"", ""灾难""]}]} pred={""and"": [{""field"": ""category"", ""value"": ""电视剧""}, {""or"": [{""field"": ""tag"", ""value"": ""喜剧""}, {""field"": ""tag"", ""value"": ""灾难""}]}]}; sort: gold={""hot"": {""order"": ""desc""}} pred=",llm_onecall,5086.7
影视,80,好评如潮喜剧综艺,vod_keyword_search,vod_search,"{""action"": ""search"", ""retext"": ""好评如潮喜剧综艺"", ""query"": {""and"": [{""field"": ""category"", ""value"": ""综艺""}, {""field"": ""tag"", ""value"": ""喜剧""}]}, ""sort"": {""hot"": {""order"": ""desc""}}}",vod_search,"{""action"": ""search"", ""retext"": ""好评如潮喜剧综艺"", ""query"": {""and"": [{""field"": ""category"", ""value"": ""综艺""}, {""field"": ""tag"", ""value"": ""喜剧""}]}, ""sort"": {""rate"": {""order"": ""desc""}}}",Y,N,N,"sort: gold={""hot"": {""order"": ""desc""}} pred={""rate"": {""order"": ""desc""}}",llm_onecall,4303.5
影视,82,播放人世间,vod_keyword_search,vod_search,"{""action"": ""search"", ""retext"": ""播放人世间"", ""query"": {""and"": [{""field"": ""title"", ""value"": ""人世间""}, {""field"": ""category"", ""value"": ""电视剧""}]}, ""sort"": {""hot"": {""order"": ""desc""}}}",vod_search,"{""action"": ""play"", ""retext"": ""播放人世间"", ""query"": {""field"": ""title"", ""value"": ""人世间""}}",Y,N,N,"action: gold=""search"" pred=""play""; query: gold={""and"": [{""field"": ""category"", ""value"": ""电视剧""}, {""field"": ""title"", ""value"": ""人世间""}]} pred={""field"": ""title"", ""value"": ""人世间""}; sort: gold={""hot"": {""order"": ""desc""}} pred=",llm_onecall,4600.3
影视,17,韩语电影,vod_keyword_search,vod_search_all,"{""action"": ""search"", ""retext"": ""韩语电影"", ""query"": {""and"": [{""field"": ""category"", ""value"": ""电影""}, {""field"": ""language"", ""value"": ""韩语""}]}}",vod_search_all,"{""action"": ""search"", ""retext"": ""韩语电影"", ""query"": {""and"": [{""field"": ""language"", ""value"": ""韩语""}, {""field"": ""category"", ""value"": ""电影""}]}}",Y,Y,Y,,llm_onecall,54568.6
影视,83,恐怖或者音乐的电视剧,vod_keyword_search,vod_search,"{""action"": ""search"", ""retext"": ""恐怖或者音乐的电视剧"", ""query"": {""and"": [{""field"": ""tag"", ""values"": [""恐怖"", ""音乐""], ""operator"": ""or""}, {""field"": ""category"", ""value"": ""电视剧""}]}, ""sort"": {""hot"": {""order"": ""desc""}}}",vod_search,"{""action"": ""search"", ""retext"": ""恐怖或者音乐的电视剧"", ""query"": {""and"": [{""field"": ""category"", ""value"": ""电视剧""}, {""field"": ""tag"", ""values"": [""恐怖"", ""音乐""], ""operator"": ""or""}]}}",Y,N,N,"sort: gold={""hot"": {""order"": ""desc""}} pred=",llm_onecall,4474.1
影视,84,找碟血孤岛的电影,vod_keyword_search,vod_search,"{""action"": ""play"", ""retext"": ""找碟血孤岛的电影"", ""query"": {""field"": ""title"", ""value"": ""碟血孤岛""}}",vod_search,"{""action"": ""search"", ""retext"": ""找碟血孤岛的电影"", ""query"": {""and"": [{""field"": ""title"", ""value"": ""碟血孤岛""}, {""field"": ""category"", ""value"": ""电影""}]}}",Y,N,N,"action: gold=""play"" pred=""search""; query: gold={""field"": ""title"", ""value"": ""碟血孤岛""} pred={""and"": [{""field"": ""category"", ""value"": ""电影""}, {""field"": ""title"", ""value"": ""碟血孤岛""}]}",llm_onecall,4611.0
影视,18,搜索CCTV-14的电视剧,vod_keyword_search,vod_search_all,"{""action"": ""search"", ""retext"": ""搜索CCTV-14的电视剧"", ""query"": {""and"": [{""field"": ""channel"", ""value"": ""CCTV-14""}, {""field"": ""category"", ""value"": ""电视剧""}]}}",vod_search_all,"{""action"": ""search"", ""retext"": ""搜索CCTV-14的电视剧"", ""query"": {""and"": [{""field"": ""channel"", ""value"": ""CCTV-14""}, {""field"": ""category"", ""value"": ""电视剧""}]}}",Y,Y,Y,,llm_onecall,57501.2
影视,85,口碑好战争纪录片,vod_keyword_search,vod_search,"{""action"": ""search"", ""retext"": ""口碑好战争纪录片"", ""query"": {""and"": [{""field"": ""category"", ""value"": ""纪录片""}, {""field"": ""tag"", ""value"": ""战争""}]}, ""sort"": {""rate"": {""order"": ""desc""}}}",vod_search,"{""action"": ""search"", ""retext"": ""口碑好战争纪录片"", ""query"": {""and"": [{""field"": ""category"", ""value"": ""纪录片""}, {""field"": ""tag"", ""value"": ""战争""}]}, ""sort"": {""rate"": {""order"": ""desc""}}}",Y,Y,Y,,llm_onecall,5090.3
影视,86,2023年的新剧呢,vod_keyword_search,vod_search,"{""action"": ""search"", ""retext"": ""2023年的新剧呢"", ""query"": {""and"": [{""field"": ""release_time"", ""from"": ""20230101"", ""to"": ""20231231""}, {""field"": ""category"", ""value"": ""电视剧""}]}, ""sort"": {""new"": {""order"": ""desc""}}}",vod_search,"{""action"": ""search"", ""retext"": ""2023年的新剧呢"", ""query"": {""and"": [{""field"": ""category"", ""value"": ""电视剧""}, {""field"": ""release_time"", ""from"": ""20230101"", ""to"": ""20231231""}]}, ""sort"": {""new"": {""order"": ""desc""}}}",Y,Y,Y,,llm_onecall,5984.1
影视,87,好评如潮犯罪片子,vod_keyword_search,vod_search,"{""action"": ""search"", ""retext"": ""好评如潮犯罪片子"", ""query"": {""and"": [{""field"": ""category"", ""value"": ""电影""}, {""field"": ""tag"", ""value"": ""犯罪""}]}, ""sort"": {""hot"": {""order"": ""desc""}}}",vod_search,"{""action"": ""search"", ""retext"": ""好评如潮犯罪片子"", ""query"": {""and"": [{""field"": ""tag"", ""value"": ""犯罪""}, {""field"": ""rate"", ""from"": ""8"", ""to"": ""*""}]}}",Y,N,N,"query: gold={""and"": [{""field"": ""category"", ""value"": ""电影""}, {""field"": ""tag"", ""value"": ""犯罪""}]} pred={""and"": [{""field"": ""rate"", ""from"": ""8"", ""to"": ""*""}, {""field"": ""tag"", ""value"": ""犯罪""}]}; sort: gold={""hot"": {""order"": ""desc""}} pred=",llm_onecall,5110.3
影视,88,最新竞技综艺,vod_keyword_search,vod_search,"{""action"": ""search"", ""retext"": ""最新竞技综艺"", ""query"": {""and"": [{""field"": ""category"", ""value"": ""综艺""}, {""field"": ""tag"", ""value"": ""竞技""}]}, ""sort"": {""new"": {""order"": ""desc""}}}",vod_search,"{""action"": ""search"", ""retext"": ""最新竞技综艺"", ""query"": {""and"": [{""field"": ""category"", ""value"": ""综艺""}, {""field"": ""tag"", ""value"": ""竞技""}]}, ""sort"": {""new"": {""order"": ""desc""}}}",Y,Y,Y,,llm_onecall,5611.0
影视,91,播放我在故宫修文物,vod_keyword_search,vod_search,"{""action"": ""search"", ""retext"": ""播放我在故宫修文物"", ""query"": {""field"": ""title"", ""value"": ""我在故宫修文物""}}",vod_search,"{""action"": ""play"", ""retext"": ""播放我在故宫修文物"", ""query"": {""field"": ""title"", ""value"": ""我在故宫修文物""}}",Y,N,N,"action: gold=""search"" pred=""play""",llm_onecall,4013.2
影视,90,2024年的电影呢,vod_keyword_search,vod_search,"{""action"": ""search"", ""retext"": ""2024年的电影呢"", ""query"": {""and"": [{""field"": ""release_time"", ""from"": ""20240101"", ""to"": ""20241231""}, {""field"": ""category"", ""value"": ""电影""}]}}",vod_search,"{""action"": ""search"", ""retext"": ""2024年的电影呢"", ""query"": {""and"": [{""field"": ""category"", ""value"": ""电影""}, {""field"": ""release_time"", ""from"": ""20240101"", ""to"": ""20241231""}]}}",Y,Y,Y,,llm_onecall,5492.5
影视,93,导演陈凯歌拍过的剧,vod_keyword_search,vod_search,"{""action"": ""search"", ""retext"": ""导演陈凯歌拍过的剧"", ""query"": {""and"": [{""field"": ""director"", ""value"": ""陈凯歌""}, {""field"": ""category"", ""value"": ""电视剧""}]}}",music_song_search,"{""retext"": ""导演陈凯歌拍过的剧"", ""ip"": [""陈凯歌""]}",N,N,N,"action: gold=""search"" pred=; ip: gold= pred=[""陈凯歌""]; query: gold={""and"": [{""field"": ""category"", ""value"": ""电视剧""}, {""field"": ""director"", ""value"": ""陈凯歌""}]} pred=",llm_onecall,4241.1
影视,92,看韩国大鹏的电视剧,vod_keyword_search,vod_search_all,"{""action"": ""search"", ""retext"": ""看韩国大鹏的电视剧"", ""query"": {""and"": [{""field"": ""director"", ""value"": ""大鹏""}, {""field"": ""category"", ""value"": ""电视剧""}, {""field"": ""area"", ""value"": ""韩国""}]}}",vod_search_all,"{""action"": ""search"", ""retext"": ""看韩国大鹏的电视剧"", ""query"": {""and"": [{""field"": ""actor"", ""value"": ""大鹏""}, {""field"": ""area"", ""value"": ""韩国""}, {""field"": ""category"", ""value"": ""电视剧""}]}}",Y,N,N,"query: gold={""and"": [{""field"": ""area"", ""value"": ""韩国""}, {""field"": ""category"", ""value"": ""电视剧""}, {""field"": ""director"", ""value"": ""大鹏""}]} pred={""and"": [{""field"": ""actor"", ""value"": ""大鹏""}, {""field"": ""area"", ""value"": ""韩国""}, {""field"": ""category"", ""value"": ""电视剧""}]}",llm_onecall,5428.6
影视,94,我要看哈利波特,vod_keyword_search,vod_search,"{""action"": ""play"", ""retext"": ""我要看哈利波特"", ""query"": {""field"": ""title"", ""value"": ""哈利波特""}}",vod_search,"{""action"": ""search"", ""retext"": ""我要看哈利波特"", ""query"": {""field"": ""title"", ""value"": ""哈利波特""}}",Y,N,N,"action: gold=""play"" pred=""search""",llm_onecall,4542.9
影视,95,2023年的新剧啊,vod_keyword_search,vod_search,"{""action"": ""search"", ""retext"": ""2023年的新剧啊"", ""query"": {""and"": [{""field"": ""release_time"", ""from"": ""20230101"", ""to"": ""20231231""}, {""field"": ""category"", ""value"": ""电视剧""}]}, ""sort"": {""new"": {""order"": ""desc""}}}",vod_search,"{""action"": ""search"", ""retext"": ""2023年的新剧啊"", ""query"": {""and"": [{""field"": ""category"", ""value"": ""电视剧""}, {""field"": ""release_time"", ""from"": ""20230101"", ""to"": ""20231231""}]}, ""sort"": {""new"": {""order"": ""desc""}}}",Y,Y,Y,,llm_onecall,6168.3
影视,96,评分超过9分的国产剧,vod_keyword_search,vod_search,"{""action"": ""search"", ""retext"": ""评分超过9分的国产剧"", ""query"": {""and"": [{""field"": ""rate"", ""from"": ""9"", ""to"": ""*""}, {""field"": ""category"", ""value"": ""电视剧""}]}}",vod_search_all,"{""action"": ""search"", ""retext"": ""评分超过9分的国产剧"", ""query"": {""and"": [{""field"": ""area"", ""value"": ""国产""}, {""field"": ""category"", ""value"": ""电视剧""}, {""field"": ""rate"", ""from"": ""9.0"", ""to"": ""*""}]}}",N,N,N,"query: gold={""and"": [{""field"": ""category"", ""value"": ""电视剧""}, {""field"": ""rate"", ""from"": ""9"", ""to"": ""*""}]} pred={""and"": [{""field"": ""area"", ""value"": ""国产""}, {""field"": ""category"", ""value"": ""电视剧""}, {""field"": ""rate"", ""from"": ""9.0"", ""to"": ""*""}]}",llm_onecall,5767.5
影视,97,搜索湖南卫视的综艺呢,vod_keyword_search,vod_search_all,"{""action"": ""search"", ""retext"": ""搜索湖南卫视的综艺呢"", ""query"": {""and"": [{""field"": ""channel"", ""value"": ""湖南卫视""}, {""field"": ""category"", ""value"": ""综艺""}]}}",vod_search_all,"{""action"": ""search"", ""retext"": ""搜索湖南卫视的综艺呢"", ""query"": {""and"": [{""field"": ""channel"", ""value"": ""湖南卫视""}, {""field"": ""category"", ""value"": ""综艺""}]}}",Y,Y,Y,,llm_onecall,6064.5
影视,99,日语电影呢,vod_keyword_search,vod_search_all,"{""action"": ""search"", ""retext"": ""日语电影呢"", ""query"": {""and"": [{""field"": ""category"", ""value"": ""电影""}, {""field"": ""language"", ""value"": ""日语""}]}}",vod_search_all,"{""action"": ""search"", ""retext"": ""日语电影呢"", ""query"": {""and"": [{""field"": ""language"", ""value"": ""日语""}, {""field"": ""category"", ""value"": ""电影""}]}}",Y,Y,Y,,llm_onecall,4218.2
影视,100,播放钢铁侠,vod_keyword_search,vod_search,"{""action"": ""search"", ""retext"": ""播放钢铁侠"", ""query"": {""field"": ""title"", ""value"": ""钢铁侠""}}",vod_search,"{""action"": ""play"", ""retext"": ""播放钢铁侠"", ""query"": {""field"": ""title"", ""value"": ""钢铁侠""}}",Y,N,N,"action: gold=""search"" pred=""play""",llm_onecall,4456.4
影视,101,播放活着,vod_keyword_search,vod_search,"{""action"": ""search"", ""retext"": ""播放活着"", ""query"": {""field"": ""title"", ""value"": ""活着""}}",vod_search,"{""action"": ""play"", ""retext"": ""播放活着"", ""query"": {""field"": ""title"", ""value"": ""活着""}}",Y,N,N,"action: gold=""search"" pred=""play""",llm_onecall,3889.9
影视,102,我要看令人心动的offer,vod_keyword_search,vod_search,"{""action"": ""search"", ""retext"": ""我要看令人心动的offer"", ""query"": {""field"": ""title"", ""value"": ""令人心动的offer""}}",vod_search,"{""action"": ""search"", ""retext"": ""我要看令人心动的offer"", ""query"": {""field"": ""title"", ""value"": ""令人心动的offer""}}",Y,Y,Y,,llm_onecall,4159.1
影视,55,看CCTV-1的电视剧,vod_keyword_search,vod_search_all,"{""action"": ""search"", ""retext"": ""看CCTV-1的电视剧"", ""query"": {""and"": [{""field"": ""channel"", ""value"": ""CCTV-1""}, {""field"": ""category"", ""value"": ""电视剧""}]}}",vod_search_all,"{""action"": ""search"", ""retext"": ""看CCTV-1的电视剧"", ""query"": {""and"": [{""field"": ""channel"", ""value"": ""CCTV-1""}, {""field"": ""category"", ""value"": ""电视剧""}]}}",Y,Y,Y,,llm_onecall,57098.3
影视,59,经典爱情电视剧,vod_keyword_search,vod_search,"{""action"": ""search"", ""retext"": ""经典爱情电视剧"", ""query"": {""and"": [{""field"": ""category"", ""value"": ""电视剧""}, {""field"": ""tag"", ""value"": ""爱情""}]}, ""sort"": {""hot"": {""order"": ""desc""}}}",vod_search,"{""action"": ""search"", ""retext"": ""经典爱情电视剧"", ""query"": {""and"": [{""field"": ""category"", ""value"": ""电视剧""}, {""field"": ""tag"", ""value"": ""爱情""}, {""field"": ""tag"", ""value"": ""经典""}]}}",Y,N,N,"query: gold={""and"": [{""field"": ""category"", ""value"": ""电视剧""}, {""field"": ""tag"", ""value"": ""爱情""}]} pred={""and"": [{""field"": ""category"", ""value"": ""电视剧""}, {""field"": ""tag"", ""value"": ""爱情""}, {""field"": ""tag"", ""value"": ""经典""}]}; sort: gold={""hot"": {""order"": ""desc""}} pred=",llm_onecall,57211.2
影视,104,播放量高喜剧纪录片,vod_keyword_search,vod_search,"{""action"": ""search"", ""retext"": ""播放量高喜剧纪录片"", ""query"": {""and"": [{""field"": ""category"", ""value"": ""纪录片""}, {""field"": ""tag"", ""value"": ""喜剧""}]}, ""sort"": {""hot"": {""order"": ""desc""}}}",vod_search,"{""action"": ""search"", ""retext"": ""播放量高喜剧纪录片"", ""query"": {""and"": [{""field"": ""category"", ""value"": ""纪录片""}, {""field"": ""tag"", ""value"": ""喜剧""}]}, ""sort"": {""play"": {""order"": ""desc""}}}",Y,N,N,"sort: gold={""hot"": {""order"": ""desc""}} pred={""play"": {""order"": ""desc""}}",llm_onecall,5465.6
影视,106,冒险或者励志的电视剧,vod_keyword_search,vod_search,"{""action"": ""search"", ""retext"": ""冒险或者励志的电视剧"", ""query"": {""and"": [{""field"": ""tag"", ""values"": [""冒险"", ""励志""], ""operator"": ""or""}, {""field"": ""category"", ""value"": ""电视剧""}]}, ""sort"": {""hot"": {""order"": ""desc""}}}",vod_search,"{""action"": ""search"", ""retext"": ""冒险或者励志的电视剧"", ""query"": {""and"": [{""field"": ""category"", ""value"": ""电视剧""}, {""field"": ""tag"", ""values"": [""冒险"", ""励志""], ""operator"": ""or""}]}}",Y,N,N,"sort: gold={""hot"": {""order"": ""desc""}} pred=",llm_onecall,7447.5
影视,108,经典爱情电视剧呢,vod_keyword_search,vod_search,"{""action"": ""search"", ""retext"": ""经典爱情电视剧呢"", ""query"": {""and"": [{""field"": ""category"", ""value"": ""电视剧""}, {""field"": ""tag"", ""value"": ""爱情""}]}, ""sort"": {""hot"": {""order"": ""desc""}}}",vod_search,"{""action"": ""search"", ""retext"": ""经典爱情电视剧呢"", ""query"": {""and"": [{""field"": ""category"", ""value"": ""电视剧""}, {""field"": ""tag"", ""value"": ""爱情""}]}}",Y,N,N,"sort: gold={""hot"": {""order"": ""desc""}} pred=",llm_onecall,4931.4
影视,68,看CCTV-1的综艺,vod_keyword_search,vod_search_all,"{""action"": ""search"", ""retext"": ""看CCTV-1的综艺"", ""query"": {""and"": [{""field"": ""channel"", ""value"": ""CCTV-1""}, {""field"": ""category"", ""value"": ""综艺""}]}}",vod_search_all,"{""action"": ""search"", ""retext"": ""看CCTV-1的综艺"", ""query"": {""and"": [{""field"": ""channel"", ""value"": ""CCTV-1""}, {""field"": ""category"", ""value"": ""综艺""}]}}",Y,Y,Y,,llm_onecall,56812.5
影视,105,章子怡主演的作品,vod_keyword_search,vod_search,"{""action"": ""search"", ""retext"": ""章子怡主演的作品"", ""query"": {""and"": [{""field"": ""actor"", ""value"": ""章子怡""}, {""field"": ""category"", ""value"": ""电影""}]}}",fan_knowledge_agent,"{""messages"": [{""role"": ""user"", ""content"": ""章子怡主演的作品""}], ""riskRespStrategy"": ""all_replace"", ""sceneTypeIntentList"": [{""sceneType"": ""video""}]}",N,N,N,"action: gold=""search"" pred=; messages: gold= pred=[{""content"": ""章子怡主演的作品"", ""role"": ""user""}]; query: gold={""and"": [{""field"": ""actor"", ""value"": ""章子怡""}, {""field"": ""category"", ""value"": ""电影""}]} pred=; retext: gold=""章子怡主演的作品"" pred=; riskRespStrategy: gold= pred=""all_replace""; sceneTypeIntentList: gold= pred=[{""sceneType"": ""video""}]",general_rule,11580.1
影视,109,播放向往的生活,vod_keyword_search,vod_search,"{""action"": ""search"", ""retext"": ""播放向往的生活"", ""query"": {""field"": ""title"", ""value"": ""向往的生活""}}",vod_search,"{""action"": ""play"", ""retext"": ""播放向往的生活"", ""query"": {""field"": ""title"", ""value"": ""向往的生活""}}",Y,N,N,"action: gold=""search"" pred=""play""",llm_onecall,4502.3
影视,110,日语电影啊,vod_keyword_search,vod_search_all,"{""action"": ""search"", ""retext"": ""日语电影啊"", ""query"": {""and"": [{""field"": ""category"", ""value"": ""电影""}, {""field"": ""language"", ""value"": ""日语""}]}}",vod_search_all,"{""action"": ""search"", ""retext"": ""日语电影啊"", ""query"": {""and"": [{""field"": ""language"", ""value"": ""日语""}, {""field"": ""category"", ""value"": ""电影""}]}}",Y,Y,Y,,llm_onecall,4927.1
影视,70,喜剧或者相声的电影,vod_keyword_search,vod_search,"{""action"": ""search"", ""retext"": ""喜剧或者相声的电影"", ""query"": {""and"": [{""field"": ""tag"", ""values"": [""喜剧"", ""相声""], ""operator"": ""or""}, {""field"": ""category"", ""value"": ""电影""}]}, ""sort"": {""hot"": {""order"": ""desc""}}}",vod_search,"{""action"": ""search"", ""retext"": ""喜剧或者相声的电影"", ""query"": {""and"": [{""field"": ""category"", ""value"": ""电影""}, {""or"": [{""field"": ""tag"", ""value"": ""喜剧""}, {""field"": ""tag"", ""value"": ""相声""}]}]}}",Y,N,N,"query: gold={""and"": [{""field"": ""category"", ""value"": ""电影""}, {""field"": ""tag"", ""operator"": ""or"", ""values"": [""喜剧"", ""相声""]}]} pred={""and"": [{""field"": ""category"", ""value"": ""电影""}, {""or"": [{""field"": ""tag"", ""value"": ""喜剧""}, {""field"": ""tag"", ""value"": ""相声""}]}]}; sort: gold={""hot"": {""order"": ""desc""}} pred=",llm_onecall,57503.3
影视,111,看北京卫视的电影,vod_keyword_search,vod_search_all,"{""action"": ""search"", ""retext"": ""看北京卫视的电影"", ""query"": {""field"": ""channel"", ""value"": ""北京卫视""}}",vod_search_all,"{""action"": ""search"", ""retext"": ""看北京卫视的电影"", ""query"": {""and"": [{""field"": ""channel"", ""value"": ""北京卫视""}, {""field"": ""category"", ""value"": ""电影""}]}}",Y,N,N,"query: gold={""field"": ""channel"", ""value"": ""北京卫视""} pred={""and"": [{""field"": ""category"", ""value"": ""电影""}, {""field"": ""channel"", ""value"": ""北京卫视""}]}",llm_onecall,5019.1
影视,112,日语剧,vod_keyword_search,vod_search_all,"{""action"": ""search"", ""retext"": ""日语剧"", ""query"": {""and"": [{""field"": ""category"", ""value"": ""电视剧""}, {""field"": ""language"", ""value"": ""日语""}]}}",vod_search_all,"{""action"": ""search"", ""retext"": ""日语剧"", ""query"": {""and"": [{""field"": ""language"", ""value"": ""日语""}, {""field"": ""category"", ""value"": ""电视剧""}]}}",Y,Y,Y,,llm_onecall,4395.4
影视,113,家庭或者都市的电影,vod_keyword_search,vod_search,"{""action"": ""search"", ""retext"": ""家庭或者都市的电影"", ""query"": {""and"": [{""field"": ""tag"", ""values"": [""家庭"", ""都市""], ""operator"": ""or""}, {""field"": ""category"", ""value"": ""电影""}]}, ""sort"": {""hot"": {""order"": ""desc""}}}",vod_search,"{""action"": ""search"", ""retext"": ""家庭或者都市的电影"", ""query"": {""and"": [{""field"": ""category"", ""value"": ""电影""}, {""or"": [{""field"": ""tag"", ""value"": ""家庭""}, {""field"": ""tag"", ""value"": ""都市""}]}]}}",Y,N,N,"query: gold={""and"": [{""field"": ""category"", ""value"": ""电影""}, {""field"": ""tag"", ""operator"": ""or"", ""values"": [""家庭"", ""都市""]}]} pred={""and"": [{""field"": ""category"", ""value"": ""电影""}, {""or"": [{""field"": ""tag"", ""value"": ""家庭""}, {""field"": ""tag"", ""value"": ""都市""}]}]}; sort: gold={""hot"": {""order"": ""desc""}} pred=",llm_onecall,5388.2
影视,115,谍战或者家庭的电影,vod_keyword_search,vod_search,"{""action"": ""search"", ""retext"": ""谍战或者家庭的电影"", ""query"": {""and"": [{""field"": ""tag"", ""values"": [""谍战"", ""家庭""], ""operator"": ""or""}, {""field"": ""category"", ""value"": ""电影""}]}, ""sort"": {""hot"": {""order"": ""desc""}}}",vod_search,"{""action"": ""search"", ""retext"": ""谍战或者家庭的电影"", ""query"": {""and"": [{""field"": ""category"", ""value"": ""电影""}, {""field"": ""tag"", ""values"": [""谍战"", ""家庭""], ""operator"": ""or""}]}}",Y,N,N,"sort: gold={""hot"": {""order"": ""desc""}} pred=",llm_onecall,5256.8
影视,116,播放向往的生活呢,vod_keyword_search,vod_search,"{""action"": ""play"", ""retext"": ""播放向往的生活呢"", ""query"": {""field"": ""title"", ""value"": ""向往的生活""}}",vod_search,"{""action"": ""play"", ""retext"": ""播放向往的生活呢"", ""query"": {""field"": ""title"", ""value"": ""向往的生活""}}",Y,Y,Y,,llm_onecall,4373.2
影视,117,口碑好恐怖剧,vod_keyword_search,vod_search,"{""action"": ""search"", ""retext"": ""口碑好恐怖剧"", ""query"": {""and"": [{""field"": ""category"", ""value"": ""电视剧""}, {""field"": ""tag"", ""value"": ""恐怖""}]}, ""sort"": {""rate"": {""order"": ""desc""}}}",vod_search,"{""action"": ""search"", ""retext"": ""口碑好恐怖剧"", ""query"": {""and"": [{""field"": ""category"", ""value"": ""电视剧""}, {""field"": ""tag"", ""value"": ""恐怖""}]}, ""sort"": {""rate"": {""order"": ""desc""}}}",Y,Y,Y,,llm_onecall,5418.1
影视,118,法语电影啊,vod_keyword_search,vod_search_all,"{""action"": ""search"", ""retext"": ""法语电影啊"", ""query"": {""and"": [{""field"": ""category"", ""value"": ""电影""}, {""field"": ""language"", ""value"": ""法语""}]}}",vod_search_all,"{""action"": ""search"", ""retext"": ""法语电影啊"", ""query"": {""and"": [{""field"": ""language"", ""value"": ""法语""}, {""field"": ""category"", ""value"": ""电影""}]}}",Y,Y,Y,,llm_onecall,4868.1
影视,119,播放量高灾难综艺,vod_keyword_search,vod_search,"{""action"": ""search"", ""retext"": ""播放量高灾难综艺"", ""query"": {""and"": [{""field"": ""category"", ""value"": ""综艺""}, {""field"": ""tag"", ""value"": ""灾难""}]}, ""sort"": {""hot"": {""order"": ""desc""}}}",vod_search,"{""action"": ""search"", ""retext"": ""播放量高灾难综艺"", ""query"": {""and"": [{""field"": ""category"", ""value"": ""综艺""}, {""field"": ""tag"", ""value"": ""灾难""}]}, ""sort"": {""play"": {""order"": ""desc""}}}",Y,N,N,"sort: gold={""hot"": {""order"": ""desc""}} pred={""play"": {""order"": ""desc""}}",llm_onecall,5041.3
影视,81,高分相声综艺,vod_keyword_search,vod_search,"{""action"": ""search"", ""retext"": ""高分相声综艺"", ""query"": {""and"": [{""field"": ""category"", ""value"": ""综艺""}, {""field"": ""tag"", ""value"": ""相声""}]}, ""sort"": {""rate"": {""order"": ""desc""}}}",vod_search,"{""action"": ""search"", ""retext"": ""高分相声综艺"", ""query"": {""and"": [{""field"": ""category"", ""value"": ""综艺""}, {""field"": ""tag"", ""value"": ""相声""}]}, ""sort"": {""rate"": {""order"": ""desc""}}}",Y,Y,Y,,llm_onecall,54772.3
影视,120,评分超过8分的电视剧,vod_keyword_search,vod_search,"{""action"": ""search"", ""retext"": ""评分超过8分的电视剧"", ""query"": {""and"": [{""field"": ""rate"", ""from"": ""8"", ""to"": ""*""}, {""field"": ""category"", ""value"": ""电视剧""}]}}",vod_search,"{""action"": ""search"", ""retext"": ""评分超过8分的电视剧"", ""query"": {""and"": [{""field"": ""category"", ""value"": ""电视剧""}, {""field"": ""rate"", ""from"": ""8.0"", ""to"": ""*""}]}}",Y,N,N,"query: gold={""and"": [{""field"": ""category"", ""value"": ""电视剧""}, {""field"": ""rate"", ""from"": ""8"", ""to"": ""*""}]} pred={""and"": [{""field"": ""category"", ""value"": ""电视剧""}, {""field"": ""rate"", ""from"": ""8.0"", ""to"": ""*""}]}",llm_onecall,5201.5
影视,121,豆瓣评分高于8.5分的国产剧,vod_keyword_search,vod_search,"{""action"": ""search"", ""retext"": ""豆瓣评分高于8.5分的国产剧"", ""query"": {""and"": [{""field"": ""rate"", ""from"": ""8.5"", ""to"": ""*""}, {""field"": ""category"", ""value"": ""电视剧""}]}, ""sort"": {""rate"": {""order"": ""desc""}}}",vod_search_all,"{""action"": ""search"", ""retext"": ""豆瓣评分高于8.5分的国产剧"", ""query"": {""and"": [{""field"": ""area"", ""value"": ""国产""}, {""field"": ""category"", ""value"": ""电视剧""}, {""field"": ""rate"", ""from"": ""8.5"", ""to"": ""*""}]}, ""sort"": {""rate"": {""order"": ""desc""}}}",N,N,N,"query: gold={""and"": [{""field"": ""category"", ""value"": ""电视剧""}, {""field"": ""rate"", ""from"": ""8.5"", ""to"": ""*""}]} pred={""and"": [{""field"": ""area"", ""value"": ""国产""}, {""field"": ""category"", ""value"": ""电视剧""}, {""field"": ""rate"", ""from"": ""8.5"", ""to"": ""*""}]}",llm_onecall,5924.2
影视,122,播放量高谍战电视剧,vod_keyword_search,vod_search,"{""action"": ""search"", ""retext"": ""播放量高谍战电视剧"", ""query"": {""and"": [{""field"": ""category"", ""value"": ""电视剧""}, {""field"": ""tag"", ""value"": ""谍战""}]}, ""sort"": {""hot"": {""order"": ""desc""}}}",vod_search,"{""action"": ""search"", ""retext"": ""播放量高谍战电视剧"", ""query"": {""and"": [{""field"": ""category"", ""value"": ""电视剧""}, {""field"": ""tag"", ""value"": ""谍战""}]}, ""sort"": {""play"": {""order"": ""desc""}}}",Y,N,N,"sort: gold={""hot"": {""order"": ""desc""}} pred={""play"": {""order"": ""desc""}}",llm_onecall,5148.3
影视,89,韩语剧,vod_keyword_search,vod_search_all,"{""action"": ""search"", ""retext"": ""韩语剧"", ""query"": {""and"": [{""field"": ""category"", ""value"": ""电视剧""}, {""field"": ""language"", ""value"": ""韩语""}]}}",vod_search_all,"{""action"": ""search"", ""retext"": ""韩语剧"", ""query"": {""and"": [{""field"": ""language"", ""value"": ""韩语""}, {""field"": ""category"", ""value"": ""电视剧""}]}}",Y,Y,Y,,llm_onecall,49712.6
影视,123,播放量高科幻影片,vod_keyword_search,vod_search,"{""action"": ""search"", ""retext"": ""播放量高科幻影片"", ""query"": {""and"": [{""field"": ""category"", ""value"": ""电影""}, {""field"": ""tag"", ""value"": ""科幻""}]}, ""sort"": {""hot"": {""order"": ""desc""}}}",vod_search,"{""action"": ""search"", ""retext"": ""播放量高科幻影片"", ""query"": {""and"": [{""field"": ""category"", ""value"": ""电影""}, {""field"": ""tag"", ""value"": ""科幻""}]}, ""sort"": {""play"": {""order"": ""desc""}}}",Y,N,N,"sort: gold={""hot"": {""order"": ""desc""}} pred={""play"": {""order"": ""desc""}}",llm_onecall,5224.1
影视,124,经典犯罪电影,vod_keyword_search,vod_search,"{""action"": ""search"", ""retext"": ""经典犯罪电影"", ""query"": {""and"": [{""field"": ""category"", ""value"": ""电影""}, {""field"": ""tag"", ""value"": ""犯罪""}]}, ""sort"": {""hot"": {""order"": ""desc""}}}",vod_search,"{""action"": ""search"", ""retext"": ""经典犯罪电影"", ""query"": {""and"": [{""field"": ""category"", ""value"": ""电影""}, {""field"": ""tag"", ""value"": ""犯罪""}]}}",Y,N,N,"sort: gold={""hot"": {""order"": ""desc""}} pred=",llm_onecall,5128.2
影视,125,播放肖申克的救赎,vod_keyword_search,vod_search,"{""action"": ""search"", ""retext"": ""播放肖申克的救赎"", ""query"": {""field"": ""title"", ""value"": ""肖申克的救赎""}}",vod_search,"{""action"": ""play"", ""retext"": ""播放肖申克的救赎"", ""query"": {""field"": ""title"", ""value"": ""肖申克的救赎""}}",Y,N,N,"action: gold=""search"" pred=""play""",llm_onecall,4747.4
影视,131,找范冰冰演的电视剧,vod_keyword_search,vod_search,"{""action"": ""search"", ""retext"": ""找范冰冰演的电视剧"", ""query"": {""and"": [{""field"": ""actor"", ""value"": ""范冰冰""}, {""field"": ""category"", ""value"": ""电视剧""}]}}",,{},N,N,N,"action: gold=""search"" pred=; query: gold={""and"": [{""field"": ""actor"", ""value"": ""范冰冰""}, {""field"": ""category"", ""value"": ""电视剧""}]} pred=; retext: gold=""找范冰冰演的电视剧"" pred=",,73.5
影视,127,来一部鱿鱼游戏,vod_keyword_search,vod_search,"{""action"": ""play"", ""retext"": ""来一部鱿鱼游戏"", ""query"": {""and"": [{""field"": ""title"", ""value"": ""鱿鱼游戏""}, {""field"": ""category"", ""value"": ""电影""}]}, ""sort"": {""hot"": {""order"": ""desc""}}}",vod_search,"{""action"": ""play"", ""retext"": ""来一部鱿鱼游戏"", ""query"": {""field"": ""title"", ""value"": ""鱿鱼游戏""}}",Y,N,N,"query: gold={""and"": [{""field"": ""category"", ""value"": ""电影""}, {""field"": ""title"", ""value"": ""鱿鱼游戏""}]} pred={""field"": ""title"", ""value"": ""鱿鱼游戏""}; sort: gold={""hot"": {""order"": ""desc""}} pred=",llm_onecall,4440.4
影视,128,豆瓣评分高于8分的电视剧,vod_keyword_search,vod_search,"{""action"": ""search"", ""retext"": ""豆瓣评分高于8分的电视剧"", ""query"": {""and"": [{""field"": ""rate"", ""from"": ""8"", ""to"": ""*""}, {""field"": ""category"", ""value"": ""电视剧""}]}, ""sort"": {""rate"": {""order"": ""desc""}}}",vod_search,"{""action"": ""search"", ""retext"": ""豆瓣评分高于8分的电视剧"", ""query"": {""and"": [{""field"": ""category"", ""value"": ""电视剧""}, {""field"": ""rate"", ""from"": ""8.0"", ""to"": ""*""}]}, ""sort"": {""rate"": {""order"": ""desc""}}}",Y,N,N,"query: gold={""and"": [{""field"": ""category"", ""value"": ""电视剧""}, {""field"": ""rate"", ""from"": ""8"", ""to"": ""*""}]} pred={""and"": [{""field"": ""category"", ""value"": ""电视剧""}, {""field"": ""rate"", ""from"": ""8.0"", ""to"": ""*""}]}",llm_onecall,5284.5
影视,129,法语电影吧,vod_keyword_search,vod_search_all,"{""action"": ""search"", ""retext"": ""法语电影吧"", ""query"": {""and"": [{""field"": ""category"", ""value"": ""电影""}, {""field"": ""language"", ""value"": ""法语""}]}}",vod_search_all,"{""action"": ""search"", ""retext"": ""法语电影吧"", ""query"": {""and"": [{""field"": ""language"", ""value"": ""法语""}, {""field"": ""category"", ""value"": ""电影""}]}}",Y,Y,Y,,llm_onecall,4829.1
影视,132,搜索东方卫视的电视剧呢,vod_keyword_search,vod_search_all,"{""action"": ""search"", ""retext"": ""搜索东方卫视的电视剧呢"", ""query"": {""field"": ""channel"", ""value"": ""东方卫视""}}",vod_search_all,"{""action"": ""search"", ""retext"": ""搜索东方卫视的电视剧呢"", ""query"": {""and"": [{""field"": ""channel"", ""value"": ""东方卫视""}, {""field"": ""category"", ""value"": ""电视剧""}]}}",Y,N,N,"query: gold={""field"": ""channel"", ""value"": ""东方卫视""} pred={""and"": [{""field"": ""category"", ""value"": ""电视剧""}, {""field"": ""channel"", ""value"": ""东方卫视""}]}",llm_onecall,4852.2
影视,133,看CCTV-6的综艺,vod_keyword_search,vod_search_all,"{""action"": ""search"", ""retext"": ""看CCTV-6的综艺"", ""query"": {""and"": [{""field"": ""channel"", ""value"": ""CCTV-6""}, {""field"": ""category"", ""value"": ""综艺""}]}}",source_switch,"{""operation"": ""打开"", ""object"": ""CCTV-6"", ""value"": """", ""device"": """", ""location"": """"}",N,N,N,"action: gold=""search"" pred=; object: gold= pred=""CCTV-6""; operation: gold= pred=""打开""; query: gold={""and"": [{""field"": ""category"", ""value"": ""综艺""}, {""field"": ""channel"", ""value"": ""CCTV-6""}]} pred=; retext: gold=""看CCTV-6的综艺"" pred=",llm_onecall,3250.1
影视,134,国语纪录片,vod_keyword_search,vod_search_all,"{""action"": ""search"", ""retext"": ""国语纪录片"", ""query"": {""and"": [{""field"": ""category"", ""value"": ""纪录片""}, {""field"": ""language"", ""value"": ""国语""}]}}",vod_search_all,"{""action"": ""search"", ""retext"": ""国语纪录片"", ""query"": {""and"": [{""field"": ""language"", ""value"": ""国语""}, {""field"": ""category"", ""value"": ""纪录片""}]}}",Y,Y,Y,,llm_onecall,4525.6
影视,114,经典运动电视剧,vod_keyword_search,vod_search,"{""action"": ""search"", ""retext"": ""经典运动电视剧"", ""query"": {""and"": [{""field"": ""category"", ""value"": ""电视剧""}, {""field"": ""tag"", ""value"": ""运动""}]}, ""sort"": {""hot"": {""order"": ""desc""}}}",vod_search,"{""action"": ""search"", ""retext"": ""经典运动电视剧"", ""query"": {""and"": [{""field"": ""category"", ""value"": ""电视剧""}, {""field"": ""tag"", ""value"": ""运动""}, {""field"": ""tag"", ""value"": ""经典""}]}}",Y,N,N,"query: gold={""and"": [{""field"": ""category"", ""value"": ""电视剧""}, {""field"": ""tag"", ""value"": ""运动""}]} pred={""and"": [{""field"": ""category"", ""value"": ""电视剧""}, {""field"": ""tag"", ""value"": ""经典""}, {""field"": ""tag"", ""value"": ""运动""}]}; sort: gold={""hot"": {""order"": ""desc""}} pred=",llm_onecall,24670.1
影视,130,找许冠文演的电视剧有哪些,vod_keyword_search,vod_search,"{""action"": ""search"", ""retext"": ""找许冠文演的电视剧有哪些"", ""query"": {""and"": [{""field"": ""actor"", ""value"": ""许冠文""}, {""field"": ""category"", ""value"": ""电视剧""}]}}",fan_knowledge_agent,"{""messages"": [{""role"": ""user"", ""content"": ""找许冠文演的电视剧有哪些""}], ""riskRespStrategy"": ""all_replace"", ""sceneTypeIntentList"": [{""sceneType"": ""video""}]}",N,N,N,"action: gold=""search"" pred=; messages: gold= pred=[{""content"": ""找许冠文演的电视剧有哪些"", ""role"": ""user""}]; query: gold={""and"": [{""field"": ""actor"", ""value"": ""许冠文""}, {""field"": ""category"", ""value"": ""电视剧""}]} pred=; retext: gold=""找许冠文演的电视剧有哪些"" pred=; riskRespStrategy: gold= pred=""all_replace""; sceneTypeIntentList: gold= pred=[{""sceneType"": ""video""}]",general_rule,7953.8
影视,135,2023年的综艺呢,vod_keyword_search,vod_search,"{""action"": ""search"", ""retext"": ""2023年的综艺呢"", ""query"": {""and"": [{""field"": ""release_time"", ""from"": ""20230101"", ""to"": ""20231231""}, {""field"": ""category"", ""value"": ""综艺""}]}}",vod_search,"{""action"": ""search"", ""retext"": ""2023年的综艺呢"", ""query"": {""and"": [{""field"": ""category"", ""value"": ""综艺""}, {""field"": ""release_time"", ""from"": ""20230101"", ""to"": ""20231231""}]}}",Y,Y,Y,,llm_onecall,5585.0
影视,136,高分都市电视剧,vod_keyword_search,vod_search,"{""action"": ""search"", ""retext"": ""高分都市电视剧"", ""query"": {""and"": [{""field"": ""category"", ""value"": ""电视剧""}, {""field"": ""tag"", ""value"": ""都市""}]}, ""sort"": {""rate"": {""order"": ""desc""}}}",vod_search,"{""action"": ""search"", ""retext"": ""高分都市电视剧"", ""query"": {""and"": [{""field"": ""category"", ""value"": ""电视剧""}, {""field"": ""tag"", ""value"": ""都市""}]}, ""sort"": {""rate"": {""order"": ""desc""}}}",Y,Y,Y,,llm_onecall,4797.0
影视,139,播放人世间呢,vod_keyword_search,vod_search,"{""action"": ""play"", ""retext"": ""播放人世间呢"", ""query"": {""field"": ""title"", ""value"": ""人世间""}}",vod_search,"{""action"": ""play"", ""retext"": ""播放人世间呢"", ""query"": {""field"": ""title"", ""value"": ""人世间""}}",Y,Y,Y,,llm_onecall,4218.2
影视,138,看国产闫非的电视剧,vod_keyword_search,vod_search_all,"{""action"": ""search"", ""retext"": ""看国产闫非的电视剧"", ""query"": {""and"": [{""field"": ""director"", ""value"": ""闫非""}, {""field"": ""category"", ""value"": ""电视剧""}, {""field"": ""area"", ""value"": ""国产""}]}}",vod_search_all,"{""action"": ""search"", ""retext"": ""看国产闫非的电视剧"", ""query"": {""and"": [{""field"": ""director"", ""value"": ""闫非""}, {""field"": ""area"", ""value"": ""国产""}, {""field"": ""category"", ""value"": ""电视剧""}]}}",Y,Y,Y,,llm_onecall,5129.4
影视,140,最新科幻纪录片,vod_keyword_search,vod_search,"{""action"": ""search"", ""retext"": ""最新科幻纪录片"", ""query"": {""and"": [{""field"": ""category"", ""value"": ""纪录片""}, {""field"": ""tag"", ""value"": ""科幻""}]}, ""sort"": {""new"": {""order"": ""desc""}}}",vod_search,"{""action"": ""search"", ""retext"": ""最新科幻纪录片"", ""query"": {""and"": [{""field"": ""category"", ""value"": ""纪录片""}, {""field"": ""tag"", ""value"": ""科幻""}]}, ""sort"": {""new"": {""order"": ""desc""}}}",Y,Y,Y,,llm_onecall,4805.2
影视,142,冒险或者犯罪的电影,vod_keyword_search,vod_search,"{""action"": ""search"", ""retext"": ""冒险或者犯罪的电影"", ""query"": {""and"": [{""field"": ""tag"", ""values"": [""冒险"", ""犯罪""], ""operator"": ""or""}, {""field"": ""category"", ""value"": ""电影""}]}, ""sort"": {""hot"": {""order"": ""desc""}}}",vod_search,"{""action"": ""search"", ""retext"": ""冒险或者犯罪的电影"", ""query"": {""and"": [{""field"": ""category"", ""value"": ""电影""}, {""field"": ""tag"", ""values"": [""冒险"", ""犯罪""], ""operator"": ""or""}]}}",Y,N,N,"sort: gold={""hot"": {""order"": ""desc""}} pred=",llm_onecall,5589.2
影视,98,搜索CCTV-1的电影,vod_keyword_search,vod_search_all,"{""action"": ""search"", ""retext"": ""搜索CCTV-1的电影"", ""query"": {""and"": [{""field"": ""channel"", ""value"": ""CCTV-1""}, {""field"": ""category"", ""value"": ""电影""}]}}",vod_search_all,"{""action"": ""search"", ""retext"": ""搜索CCTV-1的电影"", ""query"": {""and"": [{""field"": ""channel"", ""value"": ""CCTV-1""}, {""field"": ""category"", ""value"": ""电影""}]}}",Y,Y,Y,,llm_onecall,57047.9
影视,143,豆瓣评分高于8分的电影,vod_keyword_search,vod_search,"{""action"": ""search"", ""retext"": ""豆瓣评分高于8分的电影"", ""query"": {""and"": [{""field"": ""rate"", ""from"": ""8"", ""to"": ""*""}, {""field"": ""category"", ""value"": ""电影""}]}, ""sort"": {""rate"": {""order"": ""desc""}}}",vod_search,"{""action"": ""search"", ""retext"": ""豆瓣评分高于8分的电影"", ""query"": {""and"": [{""field"": ""category"", ""value"": ""电影""}, {""field"": ""rate"", ""from"": ""8.0"", ""to"": ""*""}]}, ""sort"": {""rate"": {""order"": ""desc""}}}",Y,N,N,"query: gold={""and"": [{""field"": ""category"", ""value"": ""电影""}, {""field"": ""rate"", ""from"": ""8"", ""to"": ""*""}]} pred={""and"": [{""field"": ""category"", ""value"": ""电影""}, {""field"": ""rate"", ""from"": ""8.0"", ""to"": ""*""}]}",llm_onecall,5044.7
影视,145,嘉宾在蘑菇屋劳作换食材的综艺是哪个,vod_vague_search,vod_fuzzy_search,"{""retext"": ""嘉宾在蘑菇屋劳作换食材的综艺是哪个""}",vod_fuzzy_search,"{""retext"": ""嘉宾在蘑菇屋劳作换食材的综艺是哪个""}",Y,Y,Y,,llm_onecall,4670.1
影视,144,竞技或者犯罪的电视剧,vod_keyword_search,vod_search,"{""action"": ""search"", ""retext"": ""竞技或者犯罪的电视剧"", ""query"": {""and"": [{""field"": ""tag"", ""values"": [""竞技"", ""犯罪""], ""operator"": ""or""}, {""field"": ""category"", ""value"": ""电视剧""}]}, ""sort"": {""hot"": {""order"": ""desc""}}}",vod_search,"{""action"": ""search"", ""retext"": ""竞技或者犯罪的电视剧"", ""query"": {""and"": [{""field"": ""category"", ""value"": ""电视剧""}, {""field"": ""tag"", ""values"": [""竞技"", ""犯罪""], ""operator"": ""or""}]}}",Y,N,N,"sort: gold={""hot"": {""order"": ""desc""}} pred=",llm_onecall,5510.3
影视,103,经典恐怖剧,vod_keyword_search,vod_search,"{""action"": ""search"", ""retext"": ""经典恐怖剧"", ""query"": {""and"": [{""field"": ""category"", ""value"": ""电视剧""}, {""field"": ""tag"", ""value"": ""恐怖""}]}, ""sort"": {""hot"": {""order"": ""desc""}}}",vod_search,"{""action"": ""search"", ""retext"": ""经典恐怖剧"", ""query"": {""and"": [{""field"": ""category"", ""value"": ""电视剧""}, {""field"": ""tag"", ""value"": ""恐怖""}, {""field"": ""tag"", ""value"": ""经典""}]}}",Y,N,N,"query: gold={""and"": [{""field"": ""category"", ""value"": ""电视剧""}, {""field"": ""tag"", ""value"": ""恐怖""}]} pred={""and"": [{""field"": ""category"", ""value"": ""电视剧""}, {""field"": ""tag"", ""value"": ""恐怖""}, {""field"": ""tag"", ""value"": ""经典""}]}; sort: gold={""hot"": {""order"": ""desc""}} pred=",llm_onecall,52222.9
影视,146,有几部让人笑到肚子疼的喜剧,vod_vague_search,vod_fuzzy_search,"{""retext"": ""有几部让人笑到肚子疼的喜剧""}",vod_fuzzy_search,"{""retext"": ""有几部让人笑到肚子疼的喜剧""}",Y,Y,Y,,llm_onecall,4275.4
影视,148,好无聊啊想安静的看个片,vod_vague_search,vod_fuzzy_search,"{""retext"": ""好无聊啊想安静的看个片""}",vod_fuzzy_search,"{""retext"": ""好无聊啊想安静的看个片""}",Y,Y,Y,,llm_onecall,4222.9
影视,150,暴雨天适合看什么老电影,vod_vague_search,vod_fuzzy_search,"{""retext"": ""暴雨天适合看什么老电影""}",vod_fuzzy_search,"{""retext"": ""暴雨天适合看什么老电影""}",Y,Y,Y,,llm_onecall,3909.1
影视,149,有几部让人笑到肚子疼的喜剧呢,vod_vague_search,vod_fuzzy_search,"{""retext"": ""有几部让人笑到肚子疼的喜剧呢""}",vod_fuzzy_search,"{""retext"": ""有几部让人笑到肚子疼的喜剧呢""}",Y,Y,Y,,llm_onecall,4937.4
影视,152,家财万贯日食不过三餐这句台词在哪部纪录片里,vod_vague_search,vod_fuzzy_search,"{""retext"": ""家财万贯日食不过三餐这句台词在哪部纪录片里""}",vod_fuzzy_search,"{""retext"": ""家财万贯日食不过三餐这句台词在哪部纪录片里""}",Y,Y,Y,,llm_onecall,5030.8
影视,154,适合一家人周末一起看的电影,vod_vague_search,vod_fuzzy_search,"{""retext"": ""适合一家人周末一起看的电影""}",vod_fuzzy_search,"{""retext"": ""适合一家人周末一起看的电影""}",Y,Y,Y,,llm_onecall,3231.0
影视,147,近期最火的宝藏剧,vod_vague_search,vod_fuzzy_search,"{""retext"": ""近期最火的宝藏剧""}",fan_knowledge_agent,"{""messages"": [{""role"": ""user"", ""content"": ""近期最火的宝藏剧""}], ""riskRespStrategy"": ""all_replace"", ""sceneTypeIntentList"": [{""sceneType"": ""video""}]}",N,N,N,"messages: gold= pred=[{""content"": ""近期最火的宝藏剧"", ""role"": ""user""}]; retext: gold=""近期最火的宝藏剧"" pred=; riskRespStrategy: gold= pred=""all_replace""; sceneTypeIntentList: gold= pred=[{""sceneType"": ""video""}]",llm_select,9775.0
影视,155,最近心情很好想看部好心情加倍的影片,vod_vague_search,vod_fuzzy_search,"{""retext"": ""最近心情很好想看部好心情加倍的影片""}",vod_fuzzy_search,"{""retext"": ""最近心情很好想看部好心情加倍的影片""}",Y,Y,Y,,llm_onecall,4493.3
影视,153,嘉宾在蘑菇屋劳作换食材的综艺是哪个呢,vod_vague_search,vod_fuzzy_search,"{""retext"": ""嘉宾在蘑菇屋劳作换食材的综艺是哪个呢""}",fan_knowledge_agent,"{""messages"": [{""role"": ""user"", ""content"": ""嘉宾在蘑菇屋劳作换食材的综艺是哪个呢""}], ""riskRespStrategy"": ""all_replace"", ""sceneTypeIntentList"": [{""sceneType"": ""video""}]}",N,N,N,"messages: gold= pred=[{""content"": ""嘉宾在蘑菇屋劳作换食材的综艺是哪个呢"", ""role"": ""user""}]; retext: gold=""嘉宾在蘑菇屋劳作换食材的综艺是哪个呢"" pred=; riskRespStrategy: gold= pred=""all_replace""; sceneTypeIntentList: gold= pred=[{""sceneType"": ""video""}]",general_rule,5769.2
影视,156,能让人哭出来的爱情电影推荐,vod_vague_search,vod_fuzzy_search,"{""retext"": ""能让人哭出来的爱情电影推荐""}",vod_search,"{""action"": ""search"", ""retext"": ""能让人哭出来的爱情电影推荐"", ""query"": {""and"": [{""field"": ""category"", ""value"": ""电影""}, {""field"": ""tag"", ""value"": ""爱情""}]}, ""sort"": {""hot"": {""order"": ""desc""}}}",N,N,N,"action: gold= pred=""search""; query: gold= pred={""and"": [{""field"": ""category"", ""value"": ""电影""}, {""field"": ""tag"", ""value"": ""爱情""}]}; sort: gold= pred={""hot"": {""order"": ""desc""}}",llm_onecall,3341.5
影视,157,最近心情很好想看部好心情加倍的影片呢,vod_vague_search,vod_fuzzy_search,"{""retext"": ""最近心情很好想看部好心情加倍的影片呢""}",vod_fuzzy_search,"{""retext"": ""最近心情很好想看部好心情加倍的影片呢""}",Y,Y,Y,,llm_onecall,3339.3
影视,158,情侣吵架后看什么电影呢,vod_vague_search,vod_fuzzy_search,"{""retext"": ""情侣吵架后看什么电影呢""}",vod_fuzzy_search,"{""retext"": ""情侣吵架后看什么电影呢""}",Y,Y,Y,,llm_onecall,2722.9
影视,159,春困严重求几部节奏快提神醒脑的动作片,vod_vague_search,vod_fuzzy_search,"{""retext"": ""春困严重求几部节奏快提神醒脑的动作片""}",vod_fuzzy_search,"{""retext"": ""春困严重求几部节奏快提神醒脑的动作片""}",Y,Y,Y,,fewshot_cache,2497.8
影视,107,恐怖或者相声的电视剧,vod_keyword_search,vod_search,"{""action"": ""search"", ""retext"": ""恐怖或者相声的电视剧"", ""query"": {""and"": [{""field"": ""tag"", ""values"": [""恐怖"", ""相声""], ""operator"": ""or""}, {""field"": ""category"", ""value"": ""电视剧""}]}, ""sort"": {""hot"": {""order"": ""desc""}}}",vod_search,"{""action"": ""search"", ""retext"": ""恐怖或者相声的电视剧"", ""query"": {""or"": [{""field"": ""tag"", ""value"": ""恐怖""}, {""field"": ""tag"", ""value"": ""相声""}]}, ""sort"": {""hot"": {""order"": ""desc""}}}",Y,N,N,"query: gold={""and"": [{""field"": ""category"", ""value"": ""电视剧""}, {""field"": ""tag"", ""operator"": ""or"", ""values"": [""恐怖"", ""相声""]}]} pred={""or"": [{""field"": ""tag"", ""value"": ""恐怖""}, {""field"": ""tag"", ""value"": ""相声""}]}",llm_onecall,56673.9
影视,161,暴雨天不想出门求推荐好看的片子,vod_vague_search,vod_fuzzy_search,"{""retext"": ""暴雨天不想出门求推荐好看的片子""}",vod_fuzzy_search,"{""retext"": ""暴雨天不想出门求推荐好看的片子""}",Y,Y,Y,,fewshot_cache,2698.0
影视,160,家财万贯日食不过三餐这句台词在哪部纪录片里呢,vod_vague_search,vod_fuzzy_search,"{""retext"": ""家财万贯日食不过三餐这句台词在哪部纪录片里呢""}",vod_fuzzy_search,"{""retext"": ""家财万贯日食不过三餐这句台词在哪部纪录片里呢""}",Y,Y,Y,,llm_onecall,4361.9
影视,151,推荐几部治愈系的高分动画电影,vod_vague_search,vod_fuzzy_search,"{""retext"": ""推荐几部治愈系的高分动画电影""}",educ_search,"{""retext"": ""推荐几部治愈系的高分动画电影"", ""query"": {""and"": [{""field"": ""children_third_genre"", ""value"": ""治愈系""}, {""field"": ""children_second_genre"", ""value"": ""动画电影""}]}}",N,N,N,"query: gold= pred={""and"": [{""field"": ""children_second_genre"", ""value"": ""动画电影""}, {""field"": ""children_third_genre"", ""value"": ""治愈系""}]}",llm_onecall,13026.7
影视,162,周末适合看什么老电影,vod_vague_search,vod_fuzzy_search,"{""retext"": ""周末适合看什么老电影""}",vod_fuzzy_search,"{""retext"": ""周末适合看什么老电影""}",Y,Y,Y,,llm_onecall,4149.1
影视,163,大雪天想躺平追剧推荐几部,vod_vague_search,vod_fuzzy_search,"{""retext"": ""大雪天想躺平追剧推荐几部""}",vod_fuzzy_search,"{""retext"": ""大雪天想躺平追剧推荐几部""}",Y,Y,Y,,llm_onecall,4212.3
影视,164,烦躁时候看什么影片可以缓解,vod_vague_search,vod_fuzzy_search,"{""retext"": ""烦躁时候看什么影片可以缓解""}",vod_fuzzy_search,"{""retext"": ""烦躁时候看什么影片可以缓解""}",Y,Y,Y,,llm_onecall,4048.4
影视,165,口碑炸裂的爆款综艺推荐,vod_vague_search,vod_fuzzy_search,"{""retext"": ""口碑炸裂的爆款综艺推荐""}",vod_fuzzy_search,"{""retext"": ""口碑炸裂的爆款综艺推荐""}",Y,Y,Y,,llm_onecall,4045.4
影视,166,最近心情很好想看部好心情加倍的影片啊,vod_vague_search,vod_fuzzy_search,"{""retext"": ""最近心情很好想看部好心情加倍的影片啊""}",vod_fuzzy_search,"{""retext"": ""最近心情很好想看部好心情加倍的影片啊""}",Y,Y,Y,,llm_onecall,3079.3
影视,167,反映小城青年奋斗故事的电视剧,vod_vague_search,vod_fuzzy_search,"{""retext"": ""反映小城青年奋斗故事的电视剧""}",vod_fuzzy_search,"{""retext"": ""反映小城青年奋斗故事的电视剧""}",Y,Y,Y,,llm_onecall,4091.5
影视,168,春困严重求几部节奏快提神醒脑的动作片呢,vod_vague_search,vod_fuzzy_search,"{""retext"": ""春困严重求几部节奏快提神醒脑的动作片呢""}",vod_fuzzy_search,"{""retext"": ""春困严重求几部节奏快提神醒脑的动作片呢""}",Y,Y,Y,,llm_onecall,3418.6
影视,169,大雪天想躺平追剧推荐几部呢,vod_vague_search,vod_fuzzy_search,"{""retext"": ""大雪天想躺平追剧推荐几部呢""}",vod_fuzzy_search,"{""retext"": ""大雪天想躺平追剧推荐几部呢""}",Y,Y,Y,,llm_onecall,4928.7
影视,172,睡不着推荐几部老电影,vod_vague_search,vod_fuzzy_search,"{""retext"": ""睡不着推荐几部老电影""}",vod_fuzzy_search,"{""retext"": ""睡不着推荐几部老电影""}",Y,Y,Y,,llm_onecall,4467.8
影视,170,帮我找有男女主角在船头张开双臂场景的电影,vod_vague_search,vod_fuzzy_search,"{""retext"": ""帮我找有男女主角在船头张开双臂场景的电影""}",vod_fuzzy_search,"{""retext"": ""帮我找有男女主角在船头张开双臂场景的电影""}",Y,Y,Y,,llm_onecall,4869.0
影视,174,找一部乞丐逆袭成大亨的传奇电视剧,vod_vague_search,vod_fuzzy_search,"{""retext"": ""找一部乞丐逆袭成大亨的传奇电视剧""}",vod_fuzzy_search,"{""retext"": ""找一部乞丐逆袭成大亨的传奇电视剧""}",Y,Y,Y,,llm_onecall,4343.5
影视,171,推荐几部治愈系的高分动画电影呢,vod_vague_search,vod_fuzzy_search,"{""retext"": ""推荐几部治愈系的高分动画电影呢""}",educ_search,"{""retext"": ""推荐几部治愈系的高分动画电影呢"", ""query"": {""and"": [{""field"": ""children_third_genre"", ""value"": ""治愈系""}, {""field"": ""children_second_genre"", ""value"": ""动画电影""}]}}",N,N,N,"query: gold= pred={""and"": [{""field"": ""children_second_genre"", ""value"": ""动画电影""}, {""field"": ""children_third_genre"", ""value"": ""治愈系""}]}",llm_onecall,7107.7
影视,175,东北方言的综艺节目呢,vod_vague_search,vod_fuzzy_search,"{""retext"": ""东北方言的综艺节目呢""}",vod_fuzzy_search,"{""retext"": ""东北方言的综艺节目呢""}",Y,Y,Y,,llm_onecall,4723.5
影视,176,口碑炸裂的爆款综艺推荐呢,vod_vague_search,vod_fuzzy_search,"{""retext"": ""口碑炸裂的爆款综艺推荐呢""}",vod_fuzzy_search,"{""retext"": ""口碑炸裂的爆款综艺推荐呢""}",Y,Y,Y,,llm_onecall,3399.0
影视,179,《速度与激情》同风格的戏曲推荐,vod_relate_recommend,vod_relate_search,"{""query"": {""and"": [{""field"": ""title"", ""value"": ""速度与激情""}, {""field"": ""category"", ""value"": ""戏曲""}]}}",execute,{},N,N,N,"query: gold={""and"": [{""field"": ""category"", ""value"": ""戏曲""}, {""field"": ""title"", ""value"": ""速度与激情""}]} pred=",,1680.2
影视,126,搜索CCTV-6的电视剧,vod_keyword_search,vod_search_all,"{""action"": ""search"", ""retext"": ""搜索CCTV-6的电视剧"", ""query"": {""field"": ""channel"", ""value"": ""CCTV-6""}}",vod_search_all,"{""action"": ""search"", ""retext"": ""搜索CCTV-6的电视剧"", ""query"": {""and"": [{""field"": ""channel"", ""value"": ""CCTV-6""}, {""field"": ""category"", ""value"": ""电视剧""}]}}",Y,N,N,"query: gold={""field"": ""channel"", ""value"": ""CCTV-6""} pred={""and"": [{""field"": ""category"", ""value"": ""电视剧""}, {""field"": ""channel"", ""value"": ""CCTV-6""}]}",llm_onecall,54042.4
影视,181,跟请回答1988相似的综艺有哪些,vod_relate_recommend,vod_relate_search,"{""query"": {""and"": [{""field"": ""title"", ""value"": ""请回答1988""}, {""field"": ""category"", ""value"": ""综艺""}]}}",fan_knowledge_agent,"{""messages"": [{""role"": ""user"", ""content"": ""跟请回答1988相似的综艺有哪些""}], ""riskRespStrategy"": ""all_replace"", ""sceneTypeIntentList"": [{""sceneType"": ""video""}]}",N,N,N,"messages: gold= pred=[{""content"": ""跟请回答1988相似的综艺有哪些"", ""role"": ""user""}]; query: gold={""and"": [{""field"": ""category"", ""value"": ""综艺""}, {""field"": ""title"", ""value"": ""请回答1988""}]} pred=; riskRespStrategy: gold= pred=""all_replace""; sceneTypeIntentList: gold= pred=[{""sceneType"": ""video""}]",general_rule,10872.3
影视,137,韩语剧呢,vod_keyword_search,vod_search_all,"{""action"": ""search"", ""retext"": ""韩语剧呢"", ""query"": {""and"": [{""field"": ""category"", ""value"": ""电视剧""}, {""field"": ""language"", ""value"": ""韩语""}]}}",vod_search_all,"{""action"": ""search"", ""retext"": ""韩语剧呢"", ""query"": {""and"": [{""field"": ""language"", ""value"": ""韩语""}, {""field"": ""category"", ""value"": ""电视剧""}]}}",Y,Y,Y,,llm_onecall,48453.0
影视,141,韩语纪录片,vod_keyword_search,vod_search_all,"{""action"": ""search"", ""retext"": ""韩语纪录片"", ""query"": {""and"": [{""field"": ""category"", ""value"": ""纪录片""}, {""field"": ""language"", ""value"": ""韩语""}]}}",vod_search_all,"{""action"": ""search"", ""retext"": ""韩语纪录片"", ""query"": {""and"": [{""field"": ""language"", ""value"": ""韩语""}, {""field"": ""category"", ""value"": ""纪录片""}]}}",Y,Y,Y,,llm_onecall,48061.8
影视,186,推荐几个知否知否应是绿肥红瘦同类型的电影,vod_relate_recommend,vod_relate_search,"{""query"": {""and"": [{""field"": ""title"", ""value"": ""知否知否应是绿肥红瘦""}, {""field"": ""category"", ""value"": ""电影""}]}}",fan_knowledge_agent,"{""messages"": [{""role"": ""user"", ""content"": ""推荐几个知否知否应是绿肥红瘦同类型的电影""}], ""riskRespStrategy"": ""all_replace"", ""sceneTypeIntentList"": [{""sceneType"": ""video""}]}",N,N,N,"messages: gold= pred=[{""content"": ""推荐几个知否知否应是绿肥红瘦同类型的电影"", ""role"": ""user""}]; query: gold={""and"": [{""field"": ""category"", ""value"": ""电影""}, {""field"": ""title"", ""value"": ""知否知否应是绿肥红瘦""}]} pred=; riskRespStrategy: gold= pred=""all_replace""; sceneTypeIntentList: gold= pred=[{""sceneType"": ""video""}]",llm_select,10659.0
影视,187,跟熊出没相似的电影有哪些,vod_relate_recommend,vod_relate_search,"{""query"": {""and"": [{""field"": ""title"", ""value"": ""熊出没""}, {""field"": ""category"", ""value"": ""电影""}]}}",fan_knowledge_agent,"{""messages"": [{""role"": ""user"", ""content"": ""跟熊出没相似的电影有哪些""}], ""riskRespStrategy"": ""all_replace"", ""sceneTypeIntentList"": [{""sceneType"": ""video""}]}",N,N,N,"messages: gold= pred=[{""content"": ""跟熊出没相似的电影有哪些"", ""role"": ""user""}]; query: gold={""and"": [{""field"": ""category"", ""value"": ""电影""}, {""field"": ""title"", ""value"": ""熊出没""}]} pred=; riskRespStrategy: gold= pred=""all_replace""; sceneTypeIntentList: gold= pred=[{""sceneType"": ""video""}]",general_rule,8352.2
影视,189,跟半熟恋人相似的戏曲有哪些,vod_relate_recommend,vod_relate_search,"{""query"": {""and"": [{""field"": ""title"", ""value"": ""半熟恋人""}, {""field"": ""category"", ""value"": ""戏曲""}]}}",fan_knowledge_agent,"{""messages"": [{""role"": ""user"", ""content"": ""跟半熟恋人相似的戏曲有哪些""}], ""riskRespStrategy"": ""all_replace"", ""sceneTypeIntentList"": [{""sceneType"": ""knowledge_qa""}]}",N,N,N,"messages: gold= pred=[{""content"": ""跟半熟恋人相似的戏曲有哪些"", ""role"": ""user""}]; query: gold={""and"": [{""field"": ""category"", ""value"": ""戏曲""}, {""field"": ""title"", ""value"": ""半熟恋人""}]} pred=; riskRespStrategy: gold= pred=""all_replace""; sceneTypeIntentList: gold= pred=[{""sceneType"": ""knowledge_qa""}]",general_rule,6409.5
影视,180,《半熟恋人》同风格的电视剧推荐,vod_relate_recommend,vod_relate_search,"{""query"": {""and"": [{""field"": ""title"", ""value"": ""半熟恋人""}, {""field"": ""category"", ""value"": ""电视剧""}]}}",vod_relate_search,"{""query"": {""and"": [{""field"": ""title"", ""value"": ""半熟恋人""}, {""field"": ""category"", ""value"": ""电视剧""}]}}",Y,Y,Y,,llm_onecall,45970.8
影视,178,《狮子王》同风格的电视剧推荐,vod_relate_recommend,vod_relate_search,"{""query"": {""and"": [{""field"": ""title"", ""value"": ""狮子王""}, {""field"": ""category"", ""value"": ""电视剧""}]}}",vod_relate_search,"{""query"": {""and"": [{""field"": ""title"", ""value"": ""狮子王""}, {""field"": ""category"", ""value"": ""电视剧""}]}}",Y,Y,Y,,llm_onecall,48744.1
影视,173,经典的新剧推荐,vod_vague_search,vod_fuzzy_search,"{""retext"": ""经典的新剧推荐""}",vod_search,"{""action"": ""search"", ""retext"": ""经典的新剧推荐"", ""query"": {""and"": [{""field"": ""category"", ""value"": ""电视剧""}, {""field"": ""tag"", ""value"": ""经典""}]}, ""sort"": {""new"": {""order"": ""desc""}}}",N,N,N,"action: gold= pred=""search""; query: gold= pred={""and"": [{""field"": ""category"", ""value"": ""电视剧""}, {""field"": ""tag"", ""value"": ""经典""}]}; sort: gold= pred={""new"": {""order"": ""desc""}}",llm_onecall,53931.9
影视,182,和奇葩说类似的综艺,vod_relate_recommend,vod_relate_search,"{""query"": {""and"": [{""field"": ""title"", ""value"": ""奇葩说""}, {""field"": ""category"", ""value"": ""纪录片""}]}}",vod_relate_search,"{""query"": {""and"": [{""field"": ""title"", ""value"": ""奇葩说""}, {""field"": ""category"", ""value"": ""综艺""}]}}",Y,N,N,"query: gold={""and"": [{""field"": ""category"", ""value"": ""纪录片""}, {""field"": ""title"", ""value"": ""奇葩说""}]} pred={""and"": [{""field"": ""category"", ""value"": ""综艺""}, {""field"": ""title"", ""value"": ""奇葩说""}]}",llm_onecall,47357.1
影视,183,和沉默的真相类似的剧,vod_relate_recommend,vod_relate_search,"{""query"": {""and"": [{""field"": ""title"", ""value"": ""沉默的真相""}, {""field"": ""category"", ""value"": ""电视剧""}]}}",vod_relate_search,"{""query"": {""and"": [{""field"": ""title"", ""value"": ""沉默的真相""}, {""field"": ""category"", ""value"": ""电视剧""}]}}",Y,Y,Y,,llm_onecall,47286.9
影视,177,《请回答1988》同风格的电影推荐,vod_relate_recommend,vod_relate_search,"{""query"": {""and"": [{""field"": ""title"", ""value"": ""请回答1988""}, {""field"": ""category"", ""value"": ""电影""}]}}",vod_relate_search,"{""query"": {""and"": [{""field"": ""title"", ""value"": ""请回答1988""}, {""field"": ""category"", ""value"": ""电影""}]}}",Y,Y,Y,,llm_onecall,52408.7
影视,195,给我推荐我喜欢的综艺,vod_personalized_recommend,vod_personalized_search,"{""query"": {""field"": ""category"", ""value"": ""综艺""}}",vod_personalized_search,"{""query"": {""field"": ""category"", ""value"": ""综艺""}}",Y,Y,Y,,llm_onecall,4024.0
影视,196,根据我的观影喜好为我挑选电影,vod_personalized_recommend,vod_personalized_search,"{""query"": {""field"": ""category"", ""value"": ""电影""}}",vod_personalized_search,"{""query"": {""field"": ""category"", ""value"": ""电影""}}",Y,Y,Y,,llm_onecall,2995.8
影视,197,推荐符合我偏好的综艺,vod_personalized_recommend,vod_personalized_search,"{""query"": {""field"": ""category"", ""value"": ""综艺""}}",vod_personalized_search,"{""query"": {""field"": ""category"", ""value"": ""综艺""}}",Y,Y,Y,,llm_onecall,2316.8
影视,184,和战狼2类似的综艺,vod_relate_recommend,vod_relate_search,"{""query"": {""and"": [{""field"": ""title"", ""value"": ""战狼2""}, {""field"": ""category"", ""value"": ""戏曲""}]}}",vod_relate_search,"{""query"": {""and"": [{""field"": ""title"", ""value"": ""战狼2""}, {""field"": ""category"", ""value"": ""综艺""}]}}",Y,N,N,"query: gold={""and"": [{""field"": ""category"", ""value"": ""戏曲""}, {""field"": ""title"", ""value"": ""战狼2""}]} pred={""and"": [{""field"": ""category"", ""value"": ""综艺""}, {""field"": ""title"", ""value"": ""战狼2""}]}",llm_onecall,44203.7
影视,198,推荐符合我偏好的幼儿影视,vod_personalized_recommend,vod_personalized_search,"{""query"": {""field"": ""category"", ""value"": ""幼儿""}}",educ_fuzzy_search,"{""retext"": ""推荐符合我偏好的幼儿影视""}",N,N,N,"query: gold={""field"": ""category"", ""value"": ""幼儿""} pred=; retext: gold= pred=""推荐符合我偏好的幼儿影视""",llm_onecall,2657.1
影视,191,推荐几个奇葩说同类型的综艺,vod_relate_recommend,vod_relate_search,"{""query"": {""and"": [{""field"": ""title"", ""value"": ""奇葩说""}, {""field"": ""category"", ""value"": ""综艺""}]}}",fan_knowledge_agent,"{""messages"": [{""role"": ""user"", ""content"": ""推荐几个奇葩说同类型的综艺""}], ""riskRespStrategy"": ""all_replace"", ""sceneTypeIntentList"": [{""sceneType"": ""video""}]}",N,N,N,"messages: gold= pred=[{""content"": ""推荐几个奇葩说同类型的综艺"", ""role"": ""user""}]; query: gold={""and"": [{""field"": ""category"", ""value"": ""综艺""}, {""field"": ""title"", ""value"": ""奇葩说""}]} pred=; riskRespStrategy: gold= pred=""all_replace""; sceneTypeIntentList: gold= pred=[{""sceneType"": ""video""}]",llm_select,9706.3
影视,185,和声生不息类似的综艺,vod_relate_recommend,vod_relate_search,"{""query"": {""and"": [{""field"": ""title"", ""value"": ""声生不息""}, {""field"": ""category"", ""value"": ""综艺""}]}}",vod_relate_search,"{""query"": {""and"": [{""field"": ""title"", ""value"": ""声生不息""}, {""field"": ""category"", ""value"": ""综艺""}]}}",Y,Y,Y,,llm_onecall,45719.5
影视,199,根据我的观影喜好为我挑选综艺,vod_personalized_recommend,vod_personalized_search,"{""query"": {""field"": ""category"", ""value"": ""综艺""}}",vod_personalized_search,"{""query"": {""field"": ""category"", ""value"": ""综艺""}}",Y,Y,Y,,llm_onecall,2656.0
影视,200,按我的喜好推荐几部综艺,vod_personalized_recommend,vod_personalized_search,"{""query"": {""field"": ""category"", ""value"": ""综艺""}}",vod_personalized_search,"{""query"": {""field"": ""category"", ""value"": ""综艺""}}",Y,Y,Y,,llm_onecall,2230.4
影视,194,推荐几个黑暗荣耀同类型的电影,vod_relate_recommend,vod_relate_search,"{""query"": {""and"": [{""field"": ""title"", ""value"": ""黑暗荣耀""}, {""field"": ""category"", ""value"": ""电影""}]}}",fan_knowledge_agent,"{""messages"": [{""role"": ""user"", ""content"": ""推荐几个黑暗荣耀同类型的电影""}], ""riskRespStrategy"": ""all_replace"", ""sceneTypeIntentList"": [{""sceneType"": ""video""}]}",N,N,N,"messages: gold= pred=[{""content"": ""推荐几个黑暗荣耀同类型的电影"", ""role"": ""user""}]; query: gold={""and"": [{""field"": ""category"", ""value"": ""电影""}, {""field"": ""title"", ""value"": ""黑暗荣耀""}]} pred=; riskRespStrategy: gold= pred=""all_replace""; sceneTypeIntentList: gold= pred=[{""sceneType"": ""video""}]",llm_select,9721.8
影视,192,推荐几个中国新说唱同类型的综艺,vod_relate_recommend,vod_relate_search,"{""query"": {""and"": [{""field"": ""title"", ""value"": ""中国新说唱""}, {""field"": ""category"", ""value"": ""综艺""}]}}",fan_knowledge_agent,"{""messages"": [{""role"": ""user"", ""content"": ""推荐几个中国新说唱同类型的综艺""}], ""riskRespStrategy"": ""all_replace"", ""sceneTypeIntentList"": [{""sceneType"": ""agent_music"", ""intent"": ""music_chat_qa""}]}",N,N,N,"messages: gold= pred=[{""content"": ""推荐几个中国新说唱同类型的综艺"", ""role"": ""user""}]; query: gold={""and"": [{""field"": ""category"", ""value"": ""综艺""}, {""field"": ""title"", ""value"": ""中国新说唱""}]} pred=; riskRespStrategy: gold= pred=""all_replace""; sceneTypeIntentList: gold= pred=[{""intent"": ""music_chat_qa"", ""sceneType"": ""agent_music""}]",llm_select,11656.7
影视,193,推荐几个大侦探同类型的电影,vod_relate_recommend,vod_relate_search,"{""query"": {""and"": [{""field"": ""title"", ""value"": ""大侦探""}, {""field"": ""category"", ""value"": ""电影""}]}}",fan_knowledge_agent,"{""messages"": [{""role"": ""user"", ""content"": ""推荐几个大侦探同类型的电影""}], ""riskRespStrategy"": ""all_replace"", ""sceneTypeIntentList"": [{""sceneType"": ""video""}]}",N,N,N,"messages: gold= pred=[{""content"": ""推荐几个大侦探同类型的电影"", ""role"": ""user""}]; query: gold={""and"": [{""field"": ""category"", ""value"": ""电影""}, {""field"": ""title"", ""value"": ""大侦探""}]} pred=; riskRespStrategy: gold= pred=""all_replace""; sceneTypeIntentList: gold= pred=[{""sceneType"": ""video""}]",llm_select,10671.3
影视,201,找符合我爱好的综艺推荐给我,vod_personalized_recommend,vod_personalized_search,"{""query"": {""field"": ""category"", ""value"": ""综艺""}}",vod_personalized_search,"{""query"": {""field"": ""category"", ""value"": ""综艺""}}",Y,Y,Y,,llm_onecall,3337.2
影视,202,找符合我爱好的电影推荐给我,vod_personalized_recommend,vod_personalized_search,"{""query"": {""field"": ""category"", ""value"": ""电影""}}",vod_personalized_search,"{""query"": {""field"": ""category"", ""value"": ""电影""}}",Y,Y,Y,,llm_onecall,3215.3
影视,203,找符合我爱好的剧推荐给我,vod_personalized_recommend,vod_personalized_search,"{""query"": {""field"": ""category"", ""value"": ""电视剧""}}",vod_personalized_search,"{""query"": {""field"": ""category"", ""value"": ""电视剧""}}",Y,Y,Y,,llm_onecall,2143.2
影视,204,找符合我爱好的综艺推荐给我呢,vod_personalized_recommend,vod_personalized_search,"{""query"": {""field"": ""category"", ""value"": ""综艺""}}",vod_personalized_search,"{""query"": {""field"": ""category"", ""value"": ""综艺""}}",Y,Y,Y,,llm_onecall,2999.8
影视,205,根据我的观影喜好为我挑选剧,vod_personalized_recommend,vod_personalized_search,"{""query"": {""field"": ""category"", ""value"": ""电视剧""}}",vod_personalized_search,"{""query"": {""field"": ""category"", ""value"": ""电视剧""}}",Y,Y,Y,,llm_onecall,3621.5
影视,206,找符合我爱好的幼儿影视推荐给我,vod_personalized_recommend,vod_personalized_search,"{""query"": {""field"": ""category"", ""value"": ""幼儿""}}",educ_fuzzy_search,"{""retext"": ""找符合我爱好的幼儿影视推荐给我""}",N,N,N,"query: gold={""field"": ""category"", ""value"": ""幼儿""} pred=; retext: gold= pred=""找符合我爱好的幼儿影视推荐给我""",llm_onecall,3261.6
影视,207,找符合我爱好的剧推荐给我呢,vod_personalized_recommend,vod_personalized_search,"{""query"": {""field"": ""category"", ""value"": ""电视剧""}}",vod_personalized_search,"{""query"": {""field"": ""category"", ""value"": ""电视剧""}}",Y,Y,Y,,llm_onecall,3399.9
影视,208,按我的喜好推荐几部幼儿影视,vod_personalized_recommend,vod_personalized_search,"{""query"": {""field"": ""category"", ""value"": ""幼儿""}}",educ_fuzzy_search,"{""retext"": ""按我的喜好推荐几部幼儿影视""}",N,N,N,"query: gold={""field"": ""category"", ""value"": ""幼儿""} pred=; retext: gold= pred=""按我的喜好推荐几部幼儿影视""",llm_onecall,4201.5
影视,209,找符合我爱好的剧推荐给我啊,vod_personalized_recommend,vod_personalized_search,"{""query"": {""field"": ""category"", ""value"": ""电视剧""}}",vod_personalized_search,"{""query"": {""field"": ""category"", ""value"": ""电视剧""}}",Y,Y,Y,,llm_onecall,3841.3
影视,210,按我的喜好推荐几部纪录片,vod_personalized_recommend,vod_personalized_search,"{""query"": {""field"": ""category"", ""value"": ""纪录片""}}",vod_personalized_search,"{""query"": {""field"": ""category"", ""value"": ""纪录片""}}",Y,Y,Y,,llm_onecall,3906.5
影视,211,找符合我爱好的幼儿影视推荐给我呢,vod_personalized_recommend,vod_personalized_search,"{""query"": {""field"": ""category"", ""value"": ""幼儿""}}",educ_fuzzy_search,"{""retext"": ""找符合我爱好的幼儿影视推荐给我呢""}",N,N,N,"query: gold={""field"": ""category"", ""value"": ""幼儿""} pred=; retext: gold= pred=""找符合我爱好的幼儿影视推荐给我呢""",llm_onecall,4372.9
影视,188,和长安十二时辰类似的综艺,vod_relate_recommend,vod_relate_search,"{""query"": {""and"": [{""field"": ""title"", ""value"": ""长安十二时辰""}, {""field"": ""category"", ""value"": ""纪录片""}]}}",vod_relate_search,"{""query"": {""and"": [{""field"": ""title"", ""value"": ""长安十二时辰""}, {""field"": ""category"", ""value"": ""综艺""}]}}",Y,N,N,"query: gold={""and"": [{""field"": ""category"", ""value"": ""纪录片""}, {""field"": ""title"", ""value"": ""长安十二时辰""}]} pred={""and"": [{""field"": ""category"", ""value"": ""综艺""}, {""field"": ""title"", ""value"": ""长安十二时辰""}]}",llm_onecall,41709.8
影视,220,演员黄渤,vod_actor,vod_person_search,"{""person_name"": [""黄渤""]}",vod_person_search,"{""person_name"": [""黄渤""]}",Y,Y,Y,,llm_onecall,889.6
影视,213,介绍一下管虎,vod_actor,vod_person_search,"{""person_name"": [""管虎""]}",fan_knowledge_agent,"{""messages"": [{""role"": ""user"", ""content"": ""介绍一下管虎""}], ""riskRespStrategy"": ""all_replace"", ""sceneTypeIntentList"": [{""sceneType"": ""knowledge_qa""}]}",N,N,N,"messages: gold= pred=[{""content"": ""介绍一下管虎"", ""role"": ""user""}]; person_name: gold=[""管虎""] pred=; riskRespStrategy: gold= pred=""all_replace""; sceneTypeIntentList: gold= pred=[{""sceneType"": ""knowledge_qa""}]",llm_select,6127.1
影视,217,宫崎骏是谁,vod_actor,vod_person_search,"{""person_name"": [""宫崎骏""]}",fan_knowledge_agent,"{""messages"": [{""role"": ""user"", ""content"": ""宫崎骏是谁""}], ""riskRespStrategy"": ""all_replace"", ""sceneTypeIntentList"": [{""sceneType"": ""knowledge_qa""}]}",N,N,N,"messages: gold= pred=[{""content"": ""宫崎骏是谁"", ""role"": ""user""}]; person_name: gold=[""宫崎骏""] pred=; riskRespStrategy: gold= pred=""all_replace""; sceneTypeIntentList: gold= pred=[{""sceneType"": ""knowledge_qa""}]",general_rule,4820.8
影视,212,导演张颂文的简介,vod_actor,vod_person_search,"{""person_name"": [""张颂文""]}",fan_knowledge_agent,"{""messages"": [{""role"": ""user"", ""content"": ""导演张颂文的简介""}], ""riskRespStrategy"": ""all_replace"", ""sceneTypeIntentList"": [{""sceneType"": ""video""}]}",N,N,N,"messages: gold= pred=[{""content"": ""导演张颂文的简介"", ""role"": ""user""}]; person_name: gold=[""张颂文""] pred=; riskRespStrategy: gold= pred=""all_replace""; sceneTypeIntentList: gold= pred=[{""sceneType"": ""video""}]",general_rule,7335.1
影视,190,和令人心动的offer类似的片子,vod_relate_recommend,vod_relate_search,"{""query"": {""and"": [{""field"": ""title"", ""value"": ""令人心动的offer""}, {""field"": ""category"", ""value"": ""电视剧""}]}}",vod_relate_search,"{""query"": {""and"": [{""field"": ""title"", ""value"": ""令人心动的offer""}, {""field"": ""category"", ""value"": ""综艺""}]}}",Y,N,N,"query: gold={""and"": [{""field"": ""category"", ""value"": ""电视剧""}, {""field"": ""title"", ""value"": ""令人心动的offer""}]} pred={""and"": [{""field"": ""category"", ""value"": ""综艺""}, {""field"": ""title"", ""value"": ""令人心动的offer""}]}",llm_onecall,36397.5
影视,216,介绍一下白百何,vod_actor,vod_person_search,"{""person_name"": [""白百何""]}",fan_knowledge_agent,"{""messages"": [{""role"": ""user"", ""content"": ""介绍一下白百何""}], ""riskRespStrategy"": ""all_replace"", ""sceneTypeIntentList"": [{""sceneType"": ""knowledge_qa""}]}",N,N,N,"messages: gold= pred=[{""content"": ""介绍一下白百何"", ""role"": ""user""}]; person_name: gold=[""白百何""] pred=; riskRespStrategy: gold= pred=""all_replace""; sceneTypeIntentList: gold= pred=[{""sceneType"": ""knowledge_qa""}]",llm_select,5652.4
影视,218,彭大魔是谁,vod_actor,vod_person_search,"{""person_name"": [""彭大魔""]}",fan_knowledge_agent,"{""messages"": [{""role"": ""user"", ""content"": ""彭大魔是谁""}], ""riskRespStrategy"": ""all_replace"", ""sceneTypeIntentList"": [{""sceneType"": ""knowledge_qa""}]}",N,N,N,"messages: gold= pred=[{""content"": ""彭大魔是谁"", ""role"": ""user""}]; person_name: gold=[""彭大魔""] pred=; riskRespStrategy: gold= pred=""all_replace""; sceneTypeIntentList: gold= pred=[{""sceneType"": ""knowledge_qa""}]",general_rule,5250.7
影视,219,介绍一下路阳,vod_actor,vod_person_search,"{""person_name"": [""路阳""]}",fan_knowledge_agent,"{""messages"": [{""role"": ""user"", ""content"": ""介绍一下路阳""}], ""riskRespStrategy"": ""all_replace"", ""sceneTypeIntentList"": [{""sceneType"": ""knowledge_qa""}]}",N,N,N,"messages: gold= pred=[{""content"": ""介绍一下路阳"", ""role"": ""user""}]; person_name: gold=[""路阳""] pred=; riskRespStrategy: gold= pred=""all_replace""; sceneTypeIntentList: gold= pred=[{""sceneType"": ""knowledge_qa""}]",llm_select,5119.9
影视,214,介绍一下诺兰,vod_actor,vod_person_search,"{""person_name"": [""诺兰""]}",fan_knowledge_agent,"{""messages"": [{""role"": ""user"", ""content"": ""介绍一下诺兰""}], ""riskRespStrategy"": ""all_replace"", ""sceneTypeIntentList"": [{""sceneType"": ""knowledge_qa""}]}",N,N,N,"messages: gold= pred=[{""content"": ""介绍一下诺兰"", ""role"": ""user""}]; person_name: gold=[""诺兰""] pred=; riskRespStrategy: gold= pred=""all_replace""; sceneTypeIntentList: gold= pred=[{""sceneType"": ""knowledge_qa""}]",llm_select,7676.1
影视,224,打开我昨天看的那部电视剧,vod_history,vod_history,"{""category"": [""电视剧""], ""time"": ""2026-09-19 00:00:00 TO 2026-09-19 23:59:59""}",vod_history,"{""category"": [""电视剧""], ""time"": ""2026-08-23 00:00:00 TO 2026-08-23 23:59:59""}",Y,N,N,"time: gold=""2026-09-19 00:00:00 TO 2026-09-19 23:59:59"" pred=""2026-08-23 00:00:00 TO 2026-08-23 23:59:59""",llm_onecall,2691.7
影视,227,看国产成龙的电视剧,vod_keyword_search,vod_search_all,"{""action"": ""search"", ""retext"": ""看国产成龙的电视剧"", ""query"": {""and"": [{""field"": ""actor"", ""value"": ""成龙""}, {""field"": ""category"", ""value"": ""电视剧""}, {""field"": ""area"", ""value"": ""国产""}]}}",vod_search_all,"{""action"": ""search"", ""retext"": ""看国产成龙的电视剧"", ""query"": {""and"": [{""field"": ""actor"", ""value"": ""成龙""}, {""field"": ""area"", ""value"": ""国产""}, {""field"": ""category"", ""value"": ""电视剧""}]}}",Y,Y,Y,,llm_onecall,2521.3
影视,225,打开我昨天看的那部电影,vod_history,vod_history,"{""category"": [""电影""], ""time"": ""2026-09-19 00:00:00 TO 2026-09-19 23:59:59""}",vod_history,"{""category"": [""电影""], ""time"": ""2026-08-23 00:00:00 TO 2026-08-23 23:59:59""}",Y,N,N,"time: gold=""2026-09-19 00:00:00 TO 2026-09-19 23:59:59"" pred=""2026-08-23 00:00:00 TO 2026-08-23 23:59:59""",llm_onecall,2742.9
影视,223,黄渤的个人简介,vod_actor,vod_person_search,"{""person_name"": [""黄渤""]}",fan_knowledge_agent,"{""messages"": [{""role"": ""user"", ""content"": ""黄渤的个人简介""}], ""riskRespStrategy"": ""all_replace"", ""sceneTypeIntentList"": [{""sceneType"": ""knowledge_qa""}]}",N,N,N,"messages: gold= pred=[{""content"": ""黄渤的个人简介"", ""role"": ""user""}]; person_name: gold=[""黄渤""] pred=; riskRespStrategy: gold= pred=""all_replace""; sceneTypeIntentList: gold= pred=[{""sceneType"": ""knowledge_qa""}]",general_rule,3554.3
影视,229,导演姜文的剧,vod_keyword_search,vod_search,"{""action"": ""search"", ""retext"": ""导演姜文的剧"", ""query"": {""and"": [{""field"": ""director"", ""value"": ""姜文""}, {""field"": ""category"", ""value"": ""电视剧""}]}}",vod_search,"{""action"": ""search"", ""retext"": ""导演姜文的剧"", ""query"": {""and"": [{""field"": ""director"", ""value"": ""姜文""}, {""field"": ""category"", ""value"": ""电视剧""}]}}",Y,Y,Y,,llm_onecall,2680.1
影视,221,介绍一下彭大魔,vod_actor,vod_person_search,"{""person_name"": [""彭大魔""]}",fan_knowledge_agent,"{""messages"": [{""role"": ""user"", ""content"": ""介绍一下彭大魔""}], ""riskRespStrategy"": ""all_replace"", ""sceneTypeIntentList"": [{""sceneType"": ""knowledge_qa""}]}",N,N,N,"messages: gold= pred=[{""content"": ""介绍一下彭大魔"", ""role"": ""user""}]; person_name: gold=[""彭大魔""] pred=; riskRespStrategy: gold= pred=""all_replace""; sceneTypeIntentList: gold= pred=[{""sceneType"": ""knowledge_qa""}]",llm_select,4940.6
影视,215,导演邓超的简介,vod_actor,vod_person_search,"{""person_name"": [""邓超""]}",fan_knowledge_agent,"{""messages"": [{""role"": ""user"", ""content"": ""导演邓超的简介""}], ""riskRespStrategy"": ""all_replace"", ""sceneTypeIntentList"": [{""sceneType"": ""video""}]}",N,N,N,"messages: gold= pred=[{""content"": ""导演邓超的简介"", ""role"": ""user""}]; person_name: gold=[""邓超""] pred=; riskRespStrategy: gold= pred=""all_replace""; sceneTypeIntentList: gold= pred=[{""sceneType"": ""video""}]",general_rule,10417.6
影视,226,灾难或者爱情的电视剧,vod_keyword_search,vod_search,"{""action"": ""search"", ""retext"": ""灾难或者爱情的电视剧"", ""query"": {""and"": [{""field"": ""tag"", ""values"": [""灾难"", ""爱情""], ""operator"": ""or""}, {""field"": ""category"", ""value"": ""电视剧""}]}, ""sort"": {""hot"": {""order"": ""desc""}}}",vod_search,"{""action"": ""search"", ""retext"": ""灾难或者爱情的电视剧"", ""query"": {""and"": [{""field"": ""category"", ""value"": ""电视剧""}, {""field"": ""tag"", ""value"": ""爱情""}]}}",Y,N,N,"query: gold={""and"": [{""field"": ""category"", ""value"": ""电视剧""}, {""field"": ""tag"", ""operator"": ""or"", ""values"": [""灾难"", ""爱情""]}]} pred={""and"": [{""field"": ""category"", ""value"": ""电视剧""}, {""field"": ""tag"", ""value"": ""爱情""}]}; sort: gold={""hot"": {""order"": ""desc""}} pred=",fallback,4785.1
影视,228,播放量高都市影片,vod_keyword_search,vod_search,"{""action"": ""search"", ""retext"": ""播放量高都市影片"", ""query"": {""and"": [{""field"": ""category"", ""value"": ""电影""}, {""field"": ""tag"", ""value"": ""都市""}]}, ""sort"": {""hot"": {""order"": ""desc""}}}",vod_search,"{""action"": ""search"", ""retext"": ""播放量高都市影片"", ""query"": {""and"": [{""field"": ""category"", ""value"": ""电影""}, {""field"": ""tag"", ""value"": ""都市""}]}, ""sort"": {""play"": {""order"": ""desc""}}}",Y,N,N,"sort: gold={""hot"": {""order"": ""desc""}} pred={""play"": {""order"": ""desc""}}",llm_onecall,4153.1
影视,231,法语电影有吗,vod_keyword_search,vod_search_all,"{""action"": ""search"", ""retext"": ""法语电影有吗"", ""query"": {""and"": [{""field"": ""category"", ""value"": ""电影""}, {""field"": ""language"", ""value"": ""法语""}]}}",vod_search_all,"{""action"": ""search"", ""retext"": ""法语电影有吗"", ""query"": {""and"": [{""field"": ""language"", ""value"": ""法语""}, {""field"": ""category"", ""value"": ""电影""}]}}",Y,Y,Y,,llm_onecall,2484.7
影视,230,我昨天看过的综艺,vod_history,vod_history,"{""category"": [""综艺""], ""time"": ""2026-09-19 00:00:00 TO 2026-09-19 23:59:59""}",vod_history,"{""category"": [""综艺""], ""time"": ""2026-08-23 00:00:00 TO 2026-08-23 23:59:59""}",Y,N,N,"time: gold=""2026-09-19 00:00:00 TO 2026-09-19 23:59:59"" pred=""2026-08-23 00:00:00 TO 2026-08-23 23:59:59""",llm_onecall,3028.1
影视,232,我昨天看过的电影,vod_history,vod_history,"{""category"": [""电影""], ""time"": ""2026-09-19 00:00:00 TO 2026-09-19 23:59:59""}",vod_history,"{""category"": [""电影""], ""time"": ""2026-08-23 00:00:00 TO 2026-08-23 23:59:59""}",Y,N,N,"time: gold=""2026-09-19 00:00:00 TO 2026-09-19 23:59:59"" pred=""2026-08-23 00:00:00 TO 2026-08-23 23:59:59""",llm_onecall,3426.1
影视,222,演员杨幂,vod_actor,vod_person_search,"{""person_name"": [""杨幂""]}",fan_knowledge_agent,"{""messages"": [{""role"": ""user"", ""content"": ""演员杨幂""}], ""riskRespStrategy"": ""all_replace"", ""sceneTypeIntentList"": [{""sceneType"": ""video""}]}",N,N,N,"messages: gold= pred=[{""content"": ""演员杨幂"", ""role"": ""user""}]; person_name: gold=[""杨幂""] pred=; riskRespStrategy: gold= pred=""all_replace""; sceneTypeIntentList: gold= pred=[{""sceneType"": ""video""}]",llm_select,7060.0
