域,row,query,intent,gold_tool,gold_params,pred_tool,pred_params,tool_ok,param_ok,both_ok,param_diff,hit_source,latency_ms
教育,1258,不花钱的6年级数学,edu_keyword_search,edu_search,"{""query"": {""and"": [{""field"": ""grade"", ""value"": ""六年级""}, {""field"": ""first_subject"", ""value"": ""数学""}, {""field"": ""is_fee"", ""value"": 0}, {""field"": ""k12_category"", ""values"": [""同步课"", ""同步拓展课""], ""operator"": ""or""}]}}",edu_search,"{""query"": {""and"": [{""field"": ""grade"", ""value"": ""六年级""}, {""field"": ""first_subject"", ""value"": ""数学""}, {""field"": ""is_fee"", ""value"": 0}, {""field"": ""k12_category"", ""values"": [""同步课"", ""同步拓展课""], ""operator"": ""or""}]}}",Y,Y,Y,,llm_onecall,3306.1
教育,1264,3年级免费的政治,edu_keyword_search,edu_search,"{""query"": {""and"": [{""field"": ""grade"", ""value"": ""三年级""}, {""field"": ""first_subject"", ""value"": ""政治""}, {""field"": ""is_fee"", ""value"": 0}, {""field"": ""k12_category"", ""values"": [""同步课"", ""同步拓展课""], ""operator"": ""or""}]}}",edu_search,"{""query"": {""and"": [{""field"": ""grade"", ""value"": ""三年级""}, {""field"": ""first_subject"", ""value"": ""政治""}, {""field"": ""is_fee"", ""value"": 0}, {""field"": ""k12_category"", ""values"": [""同步课"", ""同步拓展课""], ""operator"": ""or""}]}}",Y,Y,Y,,llm_onecall,3640.1
教育,1257,5年级英语,edu_keyword_search,edu_search,"{""query"": {""and"": [{""field"": ""grade"", ""value"": ""五年级""}, {""field"": ""first_subject"", ""value"": ""英语""}, {""field"": ""k12_category"", ""values"": [""同步课"", ""同步拓展课""], ""operator"": ""or""}]}}",edu_search,"{""query"": {""and"": [{""field"": ""grade"", ""value"": ""五年级""}, {""field"": ""first_subject"", ""value"": ""英语""}, {""field"": ""k12_category"", ""values"": [""同步课"", ""同步拓展课""], ""operator"": ""or""}]}}",Y,Y,Y,,llm_onecall,7253.5
教育,1256,高二语文鄂教版,edu_keyword_search,edu_search,"{""query"": {""and"": [{""field"": ""grade"", ""value"": ""高二""}, {""field"": ""first_subject"", ""value"": ""语文""}, {""field"": ""material_version"", ""value"": ""鄂教版""}, {""field"": ""k12_category"", ""values"": [""同步课"", ""同步拓展课""], ""operator"": ""or""}]}}",edu_search,"{""query"": {""and"": [{""field"": ""grade"", ""value"": ""高二""}, {""field"": ""first_subject"", ""value"": ""语文""}, {""field"": ""material_version"", ""value"": ""鄂教版""}, {""field"": ""k12_category"", ""values"": [""同步课"", ""同步拓展课""], ""operator"": ""or""}]}}",Y,Y,Y,,llm_onecall,8258.2
教育,1259,人教版5年级历史课程,edu_keyword_search,edu_search,"{""query"": {""and"": [{""field"": ""grade"", ""value"": ""五年级""}, {""field"": ""first_subject"", ""value"": ""历史""}, {""field"": ""material_version"", ""value"": ""人教版""}, {""field"": ""k12_category"", ""values"": [""同步课"", ""同步拓展课""], ""operator"": ""or""}]}}",edu_search,"{""query"": {""and"": [{""field"": ""grade"", ""value"": ""五年级""}, {""field"": ""first_subject"", ""value"": ""历史""}, {""field"": ""material_version"", ""value"": ""人教版""}, {""field"": ""k12_category"", ""values"": [""同步课"", ""同步拓展课""], ""operator"": ""or""}]}}",Y,Y,Y,,llm_onecall,7506.5
教育,1260,高二科学下册课本,edu_keyword_search,edu_search,"{""query"": {""and"": [{""field"": ""grade"", ""value"": ""高二""}, {""field"": ""first_subject"", ""value"": ""科学""}, {""field"": ""semester"", ""value"": ""下半学期""}, {""field"": ""k12_category"", ""values"": [""同步课"", ""同步拓展课""], ""operator"": ""or""}]}}",edu_search,"{""query"": {""and"": [{""field"": ""grade"", ""value"": ""高二""}, {""field"": ""first_subject"", ""value"": ""科学""}, {""field"": ""semester"", ""value"": ""下半学期""}, {""field"": ""k12_category"", ""values"": [""同步课"", ""同步拓展课""], ""operator"": ""or""}]}}",Y,Y,Y,,llm_onecall,7553.6
教育,1261,高一上册数学,edu_keyword_search,edu_search,"{""query"": {""and"": [{""field"": ""grade"", ""value"": ""高一""}, {""field"": ""first_subject"", ""value"": ""数学""}, {""field"": ""semester"", ""value"": ""上半学期""}, {""field"": ""k12_category"", ""values"": [""同步课"", ""同步拓展课""], ""operator"": ""or""}]}}",edu_search,"{""query"": {""and"": [{""field"": ""grade"", ""value"": ""高一""}, {""field"": ""semester"", ""value"": ""上半学期""}, {""field"": ""first_subject"", ""value"": ""数学""}, {""field"": ""k12_category"", ""values"": [""同步课"", ""同步拓展课""], ""operator"": ""or""}]}}",Y,Y,Y,,llm_onecall,8415.5
教育,1262,2年级下册化学,edu_keyword_search,edu_search,"{""query"": {""and"": [{""field"": ""grade"", ""value"": ""二年级""}, {""field"": ""first_subject"", ""value"": ""化学""}, {""field"": ""semester"", ""value"": ""下半学期""}, {""field"": ""k12_category"", ""values"": [""同步课"", ""同步拓展课""], ""operator"": ""or""}]}}",edu_search,"{""query"": {""and"": [{""field"": ""grade"", ""value"": ""二年级""}, {""field"": ""semester"", ""value"": ""下半学期""}, {""field"": ""first_subject"", ""value"": ""化学""}, {""field"": ""k12_category"", ""values"": [""同步课"", ""同步拓展课""], ""operator"": ""or""}]}}",Y,Y,Y,,llm_onecall,8607.7
教育,1263,6年级英语,edu_keyword_search,edu_search,"{""query"": {""and"": [{""field"": ""grade"", ""value"": ""六年级""}, {""field"": ""first_subject"", ""value"": ""英语""}, {""field"": ""k12_category"", ""values"": [""同步课"", ""同步拓展课""], ""operator"": ""or""}]}}",edu_search,"{""query"": {""and"": [{""field"": ""grade"", ""value"": ""六年级""}, {""field"": ""first_subject"", ""value"": ""英语""}, {""field"": ""k12_category"", ""values"": [""同步课"", ""同步拓展课""], ""operator"": ""or""}]}}",Y,Y,Y,,llm_onecall,7916.7
教育,1265,高一数学,edu_keyword_search,edu_search,"{""query"": {""and"": [{""field"": ""grade"", ""value"": ""高一""}, {""field"": ""first_subject"", ""value"": ""数学""}, {""field"": ""k12_category"", ""values"": [""同步课"", ""同步拓展课""], ""operator"": ""or""}]}}",edu_search,"{""query"": {""and"": [{""field"": ""grade"", ""value"": ""高一""}, {""field"": ""first_subject"", ""value"": ""数学""}, {""field"": ""k12_category"", ""values"": [""同步课"", ""同步拓展课""], ""operator"": ""or""}]}}",Y,Y,Y,,llm_onecall,7430.4
教育,1266,外研版8年级科学课程,edu_keyword_search,edu_search,"{""query"": {""and"": [{""field"": ""grade"", ""value"": ""八年级""}, {""field"": ""first_subject"", ""value"": ""科学""}, {""field"": ""material_version"", ""value"": ""外研版""}, {""field"": ""k12_category"", ""values"": [""同步课"", ""同步拓展课""], ""operator"": ""or""}]}}",edu_search,"{""query"": {""and"": [{""field"": ""grade"", ""value"": ""八年级""}, {""field"": ""first_subject"", ""value"": ""科学""}, {""field"": ""material_version"", ""value"": ""外研版""}, {""field"": ""k12_category"", ""values"": [""同步课"", ""同步拓展课""], ""operator"": ""or""}]}}",Y,Y,Y,,llm_onecall,6492.7
教育,1267,高一数学教学视频,edu_keyword_search,edu_search,"{""query"": {""and"": [{""field"": ""grade"", ""value"": ""高一""}, {""field"": ""first_subject"", ""value"": ""数学""}, {""field"": ""k12_category"", ""values"": [""同步课"", ""同步拓展课""], ""operator"": ""or""}]}}",edu_search,"{""query"": {""and"": [{""field"": ""grade"", ""value"": ""高一""}, {""field"": ""first_subject"", ""value"": ""数学""}, {""field"": ""k12_category"", ""values"": [""同步课"", ""同步拓展课""], ""operator"": ""or""}]}}",Y,Y,Y,,llm_onecall,4828.3
教育,1272,免费的9年级历史课程,edu_keyword_search,edu_search,"{""query"": {""and"": [{""field"": ""grade"", ""value"": ""九年级""}, {""field"": ""first_subject"", ""value"": ""历史""}, {""field"": ""is_fee"", ""value"": 0}, {""field"": ""k12_category"", ""values"": [""同步课"", ""同步拓展课""], ""operator"": ""or""}]}}",edu_search,"{""query"": {""and"": [{""field"": ""grade"", ""value"": ""九年级""}, {""field"": ""first_subject"", ""value"": ""历史""}, {""field"": ""is_fee"", ""value"": 0}, {""field"": ""k12_category"", ""values"": [""同步课"", ""同步拓展课""], ""operator"": ""or""}]}}",Y,Y,Y,,llm_onecall,1885.4
教育,1278,不花钱的高一政治,edu_keyword_search,edu_search,"{""query"": {""and"": [{""field"": ""grade"", ""value"": ""高一""}, {""field"": ""first_subject"", ""value"": ""政治""}, {""field"": ""is_fee"", ""value"": 0}, {""field"": ""k12_category"", ""values"": [""同步课"", ""同步拓展课""], ""operator"": ""or""}]}}",edu_search,"{""query"": {""and"": [{""field"": ""grade"", ""value"": ""高一""}, {""field"": ""first_subject"", ""value"": ""政治""}, {""field"": ""is_fee"", ""value"": 0}, {""field"": ""k12_category"", ""values"": [""同步课"", ""同步拓展课""], ""operator"": ""or""}]}}",Y,Y,Y,,llm_onecall,1190.2
教育,1268,3年级数学,edu_keyword_search,edu_search,"{""query"": {""and"": [{""field"": ""grade"", ""value"": ""三年级""}, {""field"": ""first_subject"", ""value"": ""数学""}, {""field"": ""k12_category"", ""values"": [""同步课"", ""同步拓展课""], ""operator"": ""or""}]}}",edu_search,"{""query"": {""and"": [{""field"": ""grade"", ""value"": ""三年级""}, {""field"": ""first_subject"", ""value"": ""数学""}, {""field"": ""k12_category"", ""values"": [""同步课"", ""同步拓展课""], ""operator"": ""or""}]}}",Y,Y,Y,,llm_onecall,5082.0
教育,1269,三年级的化学和科学,edu_keyword_search,edu_search,"{""query"": {""and"": [{""field"": ""first_subject"", ""values"": [""化学"", ""科学""], ""operator"": ""or""}, {""field"": ""grade"", ""value"": ""三年级""}, {""field"": ""k12_category"", ""values"": [""同步课"", ""同步拓展课""], ""operator"": ""or""}]}}",edu_search,"{""query"": {""and"": [{""field"": ""grade"", ""value"": ""三年级""}, {""field"": ""first_subject"", ""values"": [""化学"", ""科学""], ""operator"": ""or""}, {""field"": ""k12_category"", ""values"": [""同步课"", ""同步拓展课""], ""operator"": ""or""}]}}",Y,Y,Y,,llm_onecall,5288.1
教育,1270,8年级下册数学,edu_keyword_search,edu_search,"{""query"": {""and"": [{""field"": ""grade"", ""value"": ""八年级""}, {""field"": ""first_subject"", ""value"": ""数学""}, {""field"": ""semester"", ""value"": ""下半学期""}, {""field"": ""k12_category"", ""values"": [""同步课"", ""同步拓展课""], ""operator"": ""or""}]}}",edu_search,"{""query"": {""and"": [{""field"": ""grade"", ""value"": ""八年级""}, {""field"": ""semester"", ""value"": ""下半学期""}, {""field"": ""first_subject"", ""value"": ""数学""}, {""field"": ""k12_category"", ""values"": [""同步课"", ""同步拓展课""], ""operator"": ""or""}]}}",Y,Y,Y,,llm_onecall,5147.8
教育,1271,沪科版7年级语文课程,edu_keyword_search,edu_search,"{""query"": {""and"": [{""field"": ""grade"", ""value"": ""七年级""}, {""field"": ""first_subject"", ""value"": ""语文""}, {""field"": ""material_version"", ""value"": ""沪科版""}, {""field"": ""k12_category"", ""values"": [""同步课"", ""同步拓展课""], ""operator"": ""or""}]}}",edu_search,"{""query"": {""and"": [{""field"": ""grade"", ""value"": ""七年级""}, {""field"": ""first_subject"", ""value"": ""语文""}, {""field"": ""material_version"", ""value"": ""沪科版""}, {""field"": ""k12_category"", ""values"": [""同步课"", ""同步拓展课""], ""operator"": ""or""}]}}",Y,Y,Y,,llm_onecall,5181.7
教育,1273,小学生物课程,edu_keyword_search,edu_search,"{""query"": {""and"": [{""field"": ""figures"", ""value"": ""小学""}, {""field"": ""first_subject"", ""value"": ""生物""}, {""field"": ""k12_category"", ""values"": [""同步课"", ""同步拓展课""], ""operator"": ""or""}]}}",edu_search,"{""query"": {""and"": [{""field"": ""figures"", ""value"": ""小学""}, {""field"": ""first_subject"", ""value"": ""生物""}, {""field"": ""k12_category"", ""values"": [""同步课"", ""同步拓展课""], ""operator"": ""or""}]}}",Y,Y,Y,,llm_onecall,5844.3
教育,1274,高三生物下册,edu_keyword_search,edu_search,"{""query"": {""and"": [{""field"": ""grade"", ""value"": ""高三""}, {""field"": ""first_subject"", ""value"": ""生物""}, {""field"": ""semester"", ""value"": ""下半学期""}, {""field"": ""k12_category"", ""values"": [""同步课"", ""同步拓展课""], ""operator"": ""or""}]}}",edu_search,"{""query"": {""and"": [{""field"": ""grade"", ""value"": ""高三""}, {""field"": ""semester"", ""value"": ""下半学期""}, {""field"": ""first_subject"", ""value"": ""生物""}, {""field"": ""k12_category"", ""values"": [""同步课"", ""同步拓展课""], ""operator"": ""or""}]}}",Y,Y,Y,,llm_onecall,5952.0
教育,1275,2年级生物下册课本,edu_keyword_search,edu_search,"{""query"": {""and"": [{""field"": ""grade"", ""value"": ""二年级""}, {""field"": ""first_subject"", ""value"": ""生物""}, {""field"": ""semester"", ""value"": ""下半学期""}, {""field"": ""k12_category"", ""values"": [""同步课"", ""同步拓展课""], ""operator"": ""or""}]}}",edu_search,"{""query"": {""and"": [{""field"": ""grade"", ""value"": ""二年级""}, {""field"": ""semester"", ""value"": ""下半学期""}, {""field"": ""first_subject"", ""value"": ""生物""}, {""field"": ""k12_category"", ""values"": [""同步课"", ""同步拓展课""], ""operator"": ""or""}]}}",Y,Y,Y,,llm_onecall,5911.6
教育,1276,小学数学,edu_keyword_search,edu_search,"{""query"": {""and"": [{""field"": ""figures"", ""value"": ""小学""}, {""field"": ""first_subject"", ""value"": ""数学""}, {""field"": ""k12_category"", ""values"": [""同步课"", ""同步拓展课""], ""operator"": ""or""}]}}",edu_search,"{""query"": {""and"": [{""field"": ""figures"", ""value"": ""小学""}, {""field"": ""first_subject"", ""value"": ""数学""}, {""field"": ""k12_category"", ""values"": [""同步课"", ""同步拓展课""], ""operator"": ""or""}]}}",Y,Y,Y,,llm_onecall,5520.2
教育,1277,8年级的英语,edu_keyword_search,edu_search,"{""query"": {""and"": [{""field"": ""grade"", ""value"": ""八年级""}, {""field"": ""first_subject"", ""value"": ""英语""}, {""field"": ""k12_category"", ""values"": [""同步课"", ""同步拓展课""], ""operator"": ""or""}]}}",edu_search,"{""query"": {""and"": [{""field"": ""grade"", ""value"": ""八年级""}, {""field"": ""first_subject"", ""value"": ""英语""}, {""field"": ""k12_category"", ""values"": [""同步课"", ""同步拓展课""], ""operator"": ""or""}]}}",Y,Y,Y,,llm_onecall,5559.0
教育,1279,1年级的政治,edu_keyword_search,edu_search,"{""query"": {""and"": [{""field"": ""grade"", ""value"": ""一年级""}, {""field"": ""first_subject"", ""value"": ""政治""}, {""field"": ""k12_category"", ""values"": [""同步课"", ""同步拓展课""], ""operator"": ""or""}]}}",edu_search,"{""query"": {""and"": [{""field"": ""grade"", ""value"": ""一年级""}, {""field"": ""first_subject"", ""value"": ""政治""}, {""field"": ""k12_category"", ""values"": [""同步课"", ""同步拓展课""], ""operator"": ""or""}]}}",Y,Y,Y,,llm_onecall,5489.9
教育,1280,1年级科学,edu_keyword_search,edu_search,"{""query"": {""and"": [{""field"": ""grade"", ""value"": ""一年级""}, {""field"": ""first_subject"", ""value"": ""科学""}, {""field"": ""k12_category"", ""values"": [""同步课"", ""同步拓展课""], ""operator"": ""or""}]}}",edu_search,"{""query"": {""and"": [{""field"": ""grade"", ""value"": ""一年级""}, {""field"": ""first_subject"", ""value"": ""科学""}, {""field"": ""k12_category"", ""values"": [""同步课"", ""同步拓展课""], ""operator"": ""or""}]}}",Y,Y,Y,,llm_onecall,5464.0
教育,1281,鄂教版6年级数学课程,edu_keyword_search,edu_search,"{""query"": {""and"": [{""field"": ""grade"", ""value"": ""六年级""}, {""field"": ""first_subject"", ""value"": ""数学""}, {""field"": ""material_version"", ""value"": ""鄂教版""}, {""field"": ""k12_category"", ""values"": [""同步课"", ""同步拓展课""], ""operator"": ""or""}]}}",edu_search,"{""query"": {""and"": [{""field"": ""grade"", ""value"": ""六年级""}, {""field"": ""first_subject"", ""value"": ""数学""}, {""field"": ""material_version"", ""value"": ""鄂教版""}, {""field"": ""k12_category"", ""values"": [""同步课"", ""同步拓展课""], ""operator"": ""or""}]}}",Y,Y,Y,,llm_onecall,5582.6
教育,1282,9年级化学教学视频,edu_keyword_search,edu_search,"{""query"": {""and"": [{""field"": ""grade"", ""value"": ""九年级""}, {""field"": ""first_subject"", ""value"": ""化学""}, {""field"": ""k12_category"", ""values"": [""同步课"", ""同步拓展课""], ""operator"": ""or""}]}}",edu_search,"{""query"": {""and"": [{""field"": ""grade"", ""value"": ""九年级""}, {""field"": ""first_subject"", ""value"": ""化学""}, {""field"": ""k12_category"", ""values"": [""同步课"", ""同步拓展课""], ""operator"": ""or""}]}}",Y,Y,Y,,llm_onecall,5181.4
教育,1283,苏教版8年级物理课程,edu_keyword_search,edu_search,"{""query"": {""and"": [{""field"": ""grade"", ""value"": ""八年级""}, {""field"": ""first_subject"", ""value"": ""物理""}, {""field"": ""material_version"", ""value"": ""苏教版""}, {""field"": ""k12_category"", ""values"": [""同步课"", ""同步拓展课""], ""operator"": ""or""}]}}",edu_search,"{""query"": {""and"": [{""field"": ""grade"", ""value"": ""八年级""}, {""field"": ""first_subject"", ""value"": ""物理""}, {""field"": ""material_version"", ""value"": ""苏教版""}, {""field"": ""k12_category"", ""values"": [""同步课"", ""同步拓展课""], ""operator"": ""or""}]}}",Y,Y,Y,,llm_onecall,5118.3
教育,1284,苏教版5年级科学课程,edu_keyword_search,edu_search,"{""query"": {""and"": [{""field"": ""grade"", ""value"": ""五年级""}, {""field"": ""first_subject"", ""value"": ""科学""}, {""field"": ""material_version"", ""value"": ""苏教版""}, {""field"": ""k12_category"", ""values"": [""同步课"", ""同步拓展课""], ""operator"": ""or""}]}}",edu_search,"{""query"": {""and"": [{""field"": ""grade"", ""value"": ""五年级""}, {""field"": ""first_subject"", ""value"": ""科学""}, {""field"": ""material_version"", ""value"": ""苏教版""}, {""field"": ""k12_category"", ""values"": [""同步课"", ""同步拓展课""], ""operator"": ""or""}]}}",Y,Y,Y,,llm_onecall,5933.1
教育,1286,8年级上册地理,edu_keyword_search,edu_search,"{""query"": {""and"": [{""field"": ""grade"", ""value"": ""八年级""}, {""field"": ""first_subject"", ""value"": ""地理""}, {""field"": ""semester"", ""value"": ""上半学期""}, {""field"": ""k12_category"", ""values"": [""同步课"", ""同步拓展课""], ""operator"": ""or""}]}}",edu_search,"{""query"": {""and"": [{""field"": ""grade"", ""value"": ""八年级""}, {""field"": ""semester"", ""value"": ""上半学期""}, {""field"": ""first_subject"", ""value"": ""地理""}, {""field"": ""k12_category"", ""values"": [""同步课"", ""同步拓展课""], ""operator"": ""or""}]}}",Y,Y,Y,,llm_onecall,5718.1
教育,1285,鄂教版5年级数学,edu_keyword_search,edu_search,"{""query"": {""and"": [{""field"": ""grade"", ""value"": ""五年级""}, {""field"": ""first_subject"", ""value"": ""数学""}, {""field"": ""material_version"", ""value"": ""鄂教版""}, {""field"": ""k12_category"", ""values"": [""同步课"", ""同步拓展课""], ""operator"": ""or""}]}}",edu_search,"{""query"": {""and"": [{""field"": ""grade"", ""value"": ""五年级""}, {""field"": ""first_subject"", ""value"": ""数学""}, {""field"": ""material_version"", ""value"": ""鄂教版""}, {""field"": ""k12_category"", ""values"": [""同步课"", ""同步拓展课""], ""operator"": ""or""}]}}",Y,Y,Y,,llm_onecall,5925.3
教育,1287,三年级的科学和政治,edu_keyword_search,edu_search,"{""query"": {""and"": [{""field"": ""first_subject"", ""values"": [""科学"", ""政治""], ""operator"": ""or""}, {""field"": ""grade"", ""value"": ""三年级""}, {""field"": ""k12_category"", ""values"": [""同步课"", ""同步拓展课""], ""operator"": ""or""}]}}",edu_search,"{""query"": {""and"": [{""field"": ""grade"", ""value"": ""三年级""}, {""field"": ""first_subject"", ""values"": [""科学"", ""政治""], ""operator"": ""or""}, {""field"": ""k12_category"", ""values"": [""同步课"", ""同步拓展课""], ""operator"": ""or""}]}}",Y,Y,Y,,llm_onecall,5575.9
教育,1288,苏教版5年级物理课程,edu_keyword_search,edu_search,"{""query"": {""and"": [{""field"": ""grade"", ""value"": ""五年级""}, {""field"": ""first_subject"", ""value"": ""物理""}, {""field"": ""material_version"", ""value"": ""苏教版""}, {""field"": ""k12_category"", ""values"": [""同步课"", ""同步拓展课""], ""operator"": ""or""}]}}",edu_search,"{""query"": {""and"": [{""field"": ""grade"", ""value"": ""五年级""}, {""field"": ""first_subject"", ""value"": ""物理""}, {""field"": ""material_version"", ""value"": ""苏教版""}, {""field"": ""k12_category"", ""values"": [""同步课"", ""同步拓展课""], ""operator"": ""or""}]}}",Y,Y,Y,,llm_onecall,5367.9
教育,1289,高中地理课程,edu_keyword_search,edu_search,"{""query"": {""and"": [{""field"": ""figures"", ""value"": ""高中""}, {""field"": ""first_subject"", ""value"": ""地理""}, {""field"": ""k12_category"", ""values"": [""同步课"", ""同步拓展课""], ""operator"": ""or""}]}}",edu_search,"{""query"": {""and"": [{""field"": ""grade"", ""value"": ""高中""}, {""field"": ""first_subject"", ""value"": ""地理""}, {""field"": ""k12_category"", ""values"": [""同步课"", ""同步拓展课""], ""operator"": ""or""}]}}",Y,N,N,"query: gold={""and"": [{""field"": ""figures"", ""value"": ""高中""}, {""field"": ""first_subject"", ""value"": ""地理""}, {""field"": ""k12_category"", ""operator"": ""or"", ""values"": [""同步拓展课"", ""同步课""]}]} pred={""and"": [{""field"": ""first_subject"", ""value"": ""地理""}, {""field"": ""grade"", ""value"": ""高中""}, {""field"": ""k12_category"", ""operator"": ""or"", ""values"": [""同步拓展课"", ""同步课""]}]}",llm_onecall,5692.0
教育,1290,播放8年级数学课程,edu_keyword_search,edu_search,"{""query"": {""and"": [{""field"": ""grade"", ""value"": ""八年级""}, {""field"": ""first_subject"", ""value"": ""数学""}, {""field"": ""k12_category"", ""values"": [""同步课"", ""同步拓展课""], ""operator"": ""or""}]}}",edu_search,"{""query"": {""and"": [{""field"": ""grade"", ""value"": ""八年级""}, {""field"": ""first_subject"", ""value"": ""数学""}, {""field"": ""k12_category"", ""values"": [""同步课"", ""同步拓展课""], ""operator"": ""or""}]}}",Y,Y,Y,,llm_onecall,5673.9
教育,1291,7年级历史下册呢,edu_keyword_search,edu_search,"{""query"": {""and"": [{""field"": ""grade"", ""value"": ""七年级""}, {""field"": ""first_subject"", ""value"": ""历史""}, {""field"": ""semester"", ""value"": ""下半学期""}, {""field"": ""k12_category"", ""values"": [""同步课"", ""同步拓展课""], ""operator"": ""or""}]}}",edu_search,"{""query"": {""and"": [{""field"": ""grade"", ""value"": ""七年级""}, {""field"": ""semester"", ""value"": ""下半学期""}, {""field"": ""first_subject"", ""value"": ""历史""}, {""field"": ""k12_category"", ""values"": [""同步课"", ""同步拓展课""], ""operator"": ""or""}]}}",Y,Y,Y,,llm_onecall,5563.3
教育,1292,高三化学,edu_keyword_search,edu_search,"{""query"": {""and"": [{""field"": ""grade"", ""value"": ""高三""}, {""field"": ""first_subject"", ""value"": ""化学""}, {""field"": ""k12_category"", ""values"": [""同步课"", ""同步拓展课""], ""operator"": ""or""}]}}",edu_search,"{""query"": {""and"": [{""field"": ""grade"", ""value"": ""高三""}, {""field"": ""first_subject"", ""value"": ""化学""}, {""field"": ""k12_category"", ""values"": [""同步课"", ""同步拓展课""], ""operator"": ""or""}]}}",Y,Y,Y,,llm_onecall,5376.4
教育,1293,8年级的数学,edu_keyword_search,edu_search,"{""query"": {""and"": [{""field"": ""grade"", ""value"": ""八年级""}, {""field"": ""first_subject"", ""value"": ""数学""}, {""field"": ""k12_category"", ""values"": [""同步课"", ""同步拓展课""], ""operator"": ""or""}]}}",edu_search,"{""query"": {""and"": [{""field"": ""grade"", ""value"": ""八年级""}, {""field"": ""first_subject"", ""value"": ""数学""}, {""field"": ""k12_category"", ""values"": [""同步课"", ""同步拓展课""], ""operator"": ""or""}]}}",Y,Y,Y,,llm_onecall,5274.1
教育,1294,9年级政治北师大版,edu_keyword_search,edu_search,"{""query"": {""and"": [{""field"": ""grade"", ""value"": ""九年级""}, {""field"": ""first_subject"", ""value"": ""政治""}, {""field"": ""material_version"", ""value"": ""北师大版""}, {""field"": ""k12_category"", ""values"": [""同步课"", ""同步拓展课""], ""operator"": ""or""}]}}",edu_search,"{""query"": {""and"": [{""field"": ""grade"", ""value"": ""九年级""}, {""field"": ""first_subject"", ""value"": ""政治""}, {""field"": ""material_version"", ""value"": ""北师大版""}, {""field"": ""k12_category"", ""values"": [""同步课"", ""同步拓展课""], ""operator"": ""or""}]}}",Y,Y,Y,,llm_onecall,5970.7
教育,1295,初中科学,edu_keyword_search,edu_search,"{""query"": {""and"": [{""field"": ""figures"", ""value"": ""初中""}, {""field"": ""first_subject"", ""value"": ""科学""}, {""field"": ""k12_category"", ""values"": [""同步课"", ""同步拓展课""], ""operator"": ""or""}]}}",edu_search,"{""query"": {""and"": [{""field"": ""figures"", ""value"": ""初中""}, {""field"": ""first_subject"", ""value"": ""科学""}, {""field"": ""k12_category"", ""values"": [""同步课"", ""同步拓展课""], ""operator"": ""or""}]}}",Y,Y,Y,,llm_onecall,5808.8
教育,1298,初中地理课程,edu_keyword_search,edu_search,"{""query"": {""and"": [{""field"": ""figures"", ""value"": ""初中""}, {""field"": ""first_subject"", ""value"": ""地理""}, {""field"": ""k12_category"", ""values"": [""同步课"", ""同步拓展课""], ""operator"": ""or""}]}}",edu_search,"{""query"": {""and"": [{""field"": ""figures"", ""value"": ""初中""}, {""field"": ""first_subject"", ""value"": ""地理""}, {""field"": ""k12_category"", ""values"": [""同步课"", ""同步拓展课""], ""operator"": ""or""}]}}",Y,Y,Y,,llm_onecall,5693.6
教育,1296,高二的生物和科学,edu_keyword_search,edu_search,"{""query"": {""and"": [{""field"": ""first_subject"", ""values"": [""生物"", ""科学""], ""operator"": ""or""}, {""field"": ""grade"", ""value"": ""高二""}, {""field"": ""k12_category"", ""values"": [""同步课"", ""同步拓展课""], ""operator"": ""or""}]}}",edu_search,"{""query"": {""and"": [{""field"": ""grade"", ""value"": ""高二""}, {""field"": ""first_subject"", ""values"": [""生物"", ""科学""], ""operator"": ""or""}, {""field"": ""k12_category"", ""values"": [""同步课"", ""同步拓展课""], ""operator"": ""or""}]}}",Y,Y,Y,,llm_onecall,5907.6
教育,1297,二年级的生物和数学,edu_keyword_search,edu_search,"{""query"": {""and"": [{""field"": ""first_subject"", ""values"": [""生物"", ""数学""], ""operator"": ""or""}, {""field"": ""grade"", ""value"": ""二年级""}, {""field"": ""k12_category"", ""values"": [""同步课"", ""同步拓展课""], ""operator"": ""or""}]}}",edu_search,"{""query"": {""and"": [{""field"": ""figures"", ""value"": ""小学""}, {""field"": ""grade"", ""value"": ""二年级""}, {""field"": ""first_subject"", ""values"": [""生物"", ""数学""], ""operator"": ""or""}, {""field"": ""k12_category"", ""values"": [""同步课"", ""同步拓展课""], ""operator"": ""or""}]}}",Y,N,N,"query: gold={""and"": [{""field"": ""first_subject"", ""operator"": ""or"", ""values"": [""数学"", ""生物""]}, {""field"": ""grade"", ""value"": ""二年级""}, {""field"": ""k12_category"", ""operator"": ""or"", ""values"": [""同步拓展课"", ""同步课""]}]} pred={""and"": [{""field"": ""figures"", ""value"": ""小学""}, {""field"": ""first_subject"", ""operator"": ""or"", ""values"": [""数学"", ""生物""]}, {""field"": ""grade"", ""value"": ""二年级""}, {""field"": ""k12_category"", ""operator"": ""or"", ""values"": [""同步拓展课"", ""同步课""]}]}",llm_onecall,5921.0
教育,1300,小学化学课程,edu_keyword_search,edu_search,"{""query"": {""and"": [{""field"": ""figures"", ""value"": ""小学""}, {""field"": ""first_subject"", ""value"": ""化学""}, {""field"": ""k12_category"", ""values"": [""同步课"", ""同步拓展课""], ""operator"": ""or""}]}}",edu_search,"{""query"": {""and"": [{""field"": ""figures"", ""value"": ""小学""}, {""field"": ""first_subject"", ""value"": ""化学""}, {""field"": ""k12_category"", ""values"": [""同步课"", ""同步拓展课""], ""operator"": ""or""}]}}",Y,Y,Y,,llm_onecall,5806.7
教育,1299,湘教版高三政治,edu_keyword_search,edu_search,"{""query"": {""and"": [{""field"": ""grade"", ""value"": ""高三""}, {""field"": ""first_subject"", ""value"": ""政治""}, {""field"": ""material_version"", ""value"": ""湘教版""}, {""field"": ""k12_category"", ""values"": [""同步课"", ""同步拓展课""], ""operator"": ""or""}]}}",edu_search,"{""query"": {""and"": [{""field"": ""grade"", ""value"": ""高三""}, {""field"": ""first_subject"", ""value"": ""政治""}, {""field"": ""material_version"", ""value"": ""湘教版""}, {""field"": ""k12_category"", ""values"": [""同步课"", ""同步拓展课""], ""operator"": ""or""}]}}",Y,Y,Y,,llm_onecall,5932.0
教育,1303,9年级历史教学视频,edu_keyword_search,edu_search,"{""query"": {""and"": [{""field"": ""grade"", ""value"": ""九年级""}, {""field"": ""first_subject"", ""value"": ""历史""}, {""field"": ""k12_category"", ""values"": [""同步课"", ""同步拓展课""], ""operator"": ""or""}]}}",edu_search,"{""query"": {""and"": [{""field"": ""grade"", ""value"": ""九年级""}, {""field"": ""first_subject"", ""value"": ""历史""}, {""field"": ""k12_category"", ""values"": [""同步课"", ""同步拓展课""], ""operator"": ""or""}]}}",Y,Y,Y,,llm_onecall,5599.4
教育,1301,高三的科学和语文,edu_keyword_search,edu_search,"{""query"": {""and"": [{""field"": ""first_subject"", ""values"": [""科学"", ""语文""], ""operator"": ""or""}, {""field"": ""grade"", ""value"": ""高三""}, {""field"": ""k12_category"", ""values"": [""同步课"", ""同步拓展课""], ""operator"": ""or""}]}}",edu_search,"{""query"": {""and"": [{""field"": ""grade"", ""value"": ""高三""}, {""field"": ""first_subject"", ""values"": [""科学"", ""语文""], ""operator"": ""or""}, {""field"": ""k12_category"", ""values"": [""同步课"", ""同步拓展课""], ""operator"": ""or""}]}}",Y,Y,Y,,llm_onecall,5699.1
教育,1302,高一上册历史,edu_keyword_search,edu_search,"{""query"": {""and"": [{""field"": ""grade"", ""value"": ""高一""}, {""field"": ""first_subject"", ""value"": ""历史""}, {""field"": ""semester"", ""value"": ""上半学期""}, {""field"": ""k12_category"", ""values"": [""同步课"", ""同步拓展课""], ""operator"": ""or""}]}}",edu_search,"{""query"": {""and"": [{""field"": ""grade"", ""value"": ""高一""}, {""field"": ""first_subject"", ""value"": ""历史""}, {""field"": ""semester"", ""value"": ""上半学期""}, {""field"": ""k12_category"", ""values"": [""同步课"", ""同步拓展课""], ""operator"": ""or""}]}}",Y,Y,Y,,llm_onecall,5700.4
教育,1310,不花钱的7年级地理,edu_keyword_search,edu_search,"{""query"": {""and"": [{""field"": ""grade"", ""value"": ""七年级""}, {""field"": ""first_subject"", ""value"": ""地理""}, {""field"": ""is_fee"", ""value"": 0}, {""field"": ""k12_category"", ""values"": [""同步课"", ""同步拓展课""], ""operator"": ""or""}]}}",edu_search,"{""query"": {""and"": [{""field"": ""grade"", ""value"": ""七年级""}, {""field"": ""first_subject"", ""value"": ""地理""}, {""field"": ""is_fee"", ""value"": 0}, {""field"": ""k12_category"", ""values"": [""同步课"", ""同步拓展课""], ""operator"": ""or""}]}}",Y,Y,Y,,llm_onecall,1963.7
教育,1308,7年级生物,edu_keyword_search,edu_search,"{""query"": {""and"": [{""field"": ""grade"", ""value"": ""七年级""}, {""field"": ""first_subject"", ""value"": ""生物""}, {""field"": ""k12_category"", ""values"": [""同步课"", ""同步拓展课""], ""operator"": ""or""}]}}",edu_search,"{""query"": {""and"": [{""field"": ""grade"", ""value"": ""七年级""}, {""field"": ""first_subject"", ""value"": ""生物""}, {""field"": ""k12_category"", ""values"": [""同步课"", ""同步拓展课""], ""operator"": ""or""}]}}",Y,Y,Y,,llm_onecall,5739.1
教育,1305,1年级上册数学,edu_keyword_search,edu_search,"{""query"": {""and"": [{""field"": ""grade"", ""value"": ""一年级""}, {""field"": ""first_subject"", ""value"": ""数学""}, {""field"": ""semester"", ""value"": ""上半学期""}, {""field"": ""k12_category"", ""values"": [""同步课"", ""同步拓展课""], ""operator"": ""or""}]}}",edu_search,"{""query"": {""and"": [{""field"": ""grade"", ""value"": ""一年级""}, {""field"": ""semester"", ""value"": ""上半学期""}, {""field"": ""first_subject"", ""value"": ""数学""}, {""field"": ""k12_category"", ""values"": [""同步课"", ""同步拓展课""], ""operator"": ""or""}]}}",Y,Y,Y,,llm_onecall,5979.9
教育,1306,3年级生物上册课本,edu_keyword_search,edu_search,"{""query"": {""and"": [{""field"": ""grade"", ""value"": ""三年级""}, {""field"": ""first_subject"", ""value"": ""生物""}, {""field"": ""semester"", ""value"": ""上半学期""}, {""field"": ""k12_category"", ""values"": [""同步课"", ""同步拓展课""], ""operator"": ""or""}]}}",edu_search,"{""query"": {""and"": [{""field"": ""grade"", ""value"": ""三年级""}, {""field"": ""semester"", ""value"": ""上半学期""}, {""field"": ""first_subject"", ""value"": ""生物""}, {""field"": ""k12_category"", ""values"": [""同步课"", ""同步拓展课""], ""operator"": ""or""}]}}",Y,Y,Y,,llm_onecall,5974.8
教育,1304,外研版8年级历史,edu_keyword_search,edu_search,"{""query"": {""and"": [{""field"": ""grade"", ""value"": ""八年级""}, {""field"": ""first_subject"", ""value"": ""历史""}, {""field"": ""material_version"", ""value"": ""外研版""}, {""field"": ""k12_category"", ""values"": [""同步课"", ""同步拓展课""], ""operator"": ""or""}]}}",edu_search,"{""query"": {""and"": [{""field"": ""grade"", ""value"": ""八年级""}, {""field"": ""first_subject"", ""value"": ""历史""}, {""field"": ""material_version"", ""value"": ""外研版""}, {""field"": ""k12_category"", ""values"": [""同步课"", ""同步拓展课""], ""operator"": ""or""}]}}",Y,Y,Y,,llm_onecall,6068.8
教育,1307,外研版4年级政治课程,edu_keyword_search,edu_search,"{""query"": {""and"": [{""field"": ""grade"", ""value"": ""四年级""}, {""field"": ""first_subject"", ""value"": ""政治""}, {""field"": ""material_version"", ""value"": ""外研版""}, {""field"": ""k12_category"", ""values"": [""同步课"", ""同步拓展课""], ""operator"": ""or""}]}}",edu_search,"{""query"": {""and"": [{""field"": ""grade"", ""value"": ""四年级""}, {""field"": ""first_subject"", ""value"": ""政治""}, {""field"": ""material_version"", ""value"": ""外研版""}, {""field"": ""k12_category"", ""values"": [""同步课"", ""同步拓展课""], ""operator"": ""or""}]}}",Y,Y,Y,,llm_onecall,5944.2
教育,1315,高三地理教学视频,edu_keyword_search,edu_search,"{""query"": {""and"": [{""field"": ""grade"", ""value"": ""高三""}, {""field"": ""first_subject"", ""value"": ""地理""}, {""field"": ""k12_category"", ""values"": [""同步课"", ""同步拓展课""], ""operator"": ""or""}]}}",edu_fuzzy_search,"{""retext"": ""高三地理教学视频""}",N,N,N,"query: gold={""and"": [{""field"": ""first_subject"", ""value"": ""地理""}, {""field"": ""grade"", ""value"": ""高三""}, {""field"": ""k12_category"", ""operator"": ""or"", ""values"": [""同步拓展课"", ""同步课""]}]} pred=; retext: gold= pred=""高三地理教学视频""",llm_onecall,1405.8
教育,1311,3年级生物教学视频,edu_keyword_search,edu_search,"{""query"": {""and"": [{""field"": ""grade"", ""value"": ""三年级""}, {""field"": ""first_subject"", ""value"": ""生物""}, {""field"": ""k12_category"", ""values"": [""同步课"", ""同步拓展课""], ""operator"": ""or""}]}}",edu_search,"{""query"": {""and"": [{""field"": ""grade"", ""value"": ""三年级""}, {""field"": ""first_subject"", ""value"": ""生物""}, {""field"": ""k12_category"", ""values"": [""同步课"", ""同步拓展课""], ""operator"": ""or""}]}}",Y,Y,Y,,llm_onecall,5811.0
教育,1309,4年级英语湘教版,edu_keyword_search,edu_search,"{""query"": {""and"": [{""field"": ""grade"", ""value"": ""四年级""}, {""field"": ""first_subject"", ""value"": ""英语""}, {""field"": ""material_version"", ""value"": ""湘教版""}, {""field"": ""k12_category"", ""values"": [""同步课"", ""同步拓展课""], ""operator"": ""or""}]}}",edu_search,"{""query"": {""and"": [{""field"": ""grade"", ""value"": ""四年级""}, {""field"": ""first_subject"", ""value"": ""英语""}, {""field"": ""material_version"", ""value"": ""湘教版""}, {""field"": ""k12_category"", ""values"": [""同步课"", ""同步拓展课""], ""operator"": ""or""}]}}",Y,Y,Y,,llm_onecall,6044.0
教育,1312,8年级物理教学视频,edu_keyword_search,edu_search,"{""query"": {""and"": [{""field"": ""grade"", ""value"": ""八年级""}, {""field"": ""first_subject"", ""value"": ""物理""}, {""field"": ""k12_category"", ""values"": [""同步课"", ""同步拓展课""], ""operator"": ""or""}]}}",edu_search,"{""query"": {""and"": [{""field"": ""grade"", ""value"": ""八年级""}, {""field"": ""first_subject"", ""value"": ""物理""}, {""field"": ""k12_category"", ""values"": [""同步课"", ""同步拓展课""], ""operator"": ""or""}]}}",Y,Y,Y,,llm_onecall,5783.2
教育,1313,播放5年级政治课程,edu_keyword_search,edu_search,"{""query"": {""and"": [{""field"": ""grade"", ""value"": ""五年级""}, {""field"": ""first_subject"", ""value"": ""政治""}, {""field"": ""k12_category"", ""values"": [""同步课"", ""同步拓展课""], ""operator"": ""or""}]}}",edu_search,"{""query"": {""and"": [{""field"": ""grade"", ""value"": ""五年级""}, {""field"": ""first_subject"", ""value"": ""政治""}, {""field"": ""k12_category"", ""values"": [""同步课"", ""同步拓展课""], ""operator"": ""or""}]}}",Y,Y,Y,,llm_onecall,5784.2
教育,1320,初中语文课程,edu_keyword_search,edu_search,"{""query"": {""and"": [{""field"": ""figures"", ""value"": ""初中""}, {""field"": ""first_subject"", ""value"": ""语文""}, {""field"": ""k12_category"", ""values"": [""同步课"", ""同步拓展课""], ""operator"": ""or""}]}}",edu_search,"{""and"": [{""field"": ""grade"", ""value"": ""初中""}, {""field"": ""first_subject"", ""value"": ""语文""}, {""field"": ""k12_category"", ""values"": [""同步课"", ""同步拓展课""], ""operator"": ""or""}]}",Y,N,N,"and: gold= pred=[{""field"": ""first_subject"", ""value"": ""语文""}, {""field"": ""grade"", ""value"": ""初中""}, {""field"": ""k12_category"", ""operator"": ""or"", ""values"": [""同步拓展课"", ""同步课""]}]; query: gold={""and"": [{""field"": ""figures"", ""value"": ""初中""}, {""field"": ""first_subject"", ""value"": ""语文""}, {""field"": ""k12_category"", ""operator"": ""or"", ""values"": [""同步拓展课"", ""同步课""]}]} pred=",llm_onecall,1291.6
教育,1314,小学物理,edu_keyword_search,edu_search,"{""query"": {""and"": [{""field"": ""figures"", ""value"": ""小学""}, {""field"": ""first_subject"", ""value"": ""物理""}, {""field"": ""k12_category"", ""values"": [""同步课"", ""同步拓展课""], ""operator"": ""or""}]}}",edu_search,"{""query"": {""and"": [{""field"": ""figures"", ""value"": ""小学""}, {""field"": ""first_subject"", ""value"": ""物理""}, {""field"": ""k12_category"", ""values"": [""同步课"", ""同步拓展课""], ""operator"": ""or""}]}}",Y,Y,Y,,llm_onecall,4770.6
教育,1319,7年级语文,edu_keyword_search,edu_search,"{""query"": {""and"": [{""field"": ""grade"", ""value"": ""七年级""}, {""field"": ""first_subject"", ""value"": ""语文""}, {""field"": ""k12_category"", ""values"": [""同步课"", ""同步拓展课""], ""operator"": ""or""}]}}",edu_search,"{""query"": {""and"": [{""field"": ""grade"", ""value"": ""七年级""}, {""field"": ""first_subject"", ""value"": ""语文""}, {""field"": ""k12_category"", ""values"": [""同步课"", ""同步拓展课""], ""operator"": ""or""}]}}",Y,Y,Y,,llm_onecall,5869.2
教育,1317,6年级生物教学视频,edu_keyword_search,edu_search,"{""query"": {""and"": [{""field"": ""grade"", ""value"": ""六年级""}, {""field"": ""first_subject"", ""value"": ""生物""}, {""field"": ""k12_category"", ""values"": [""同步课"", ""同步拓展课""], ""operator"": ""or""}]}}",edu_search,"{""query"": {""and"": [{""field"": ""grade"", ""value"": ""六年级""}, {""field"": ""first_subject"", ""value"": ""生物""}, {""field"": ""k12_category"", ""values"": [""同步课"", ""同步拓展课""], ""operator"": ""or""}]}}",Y,Y,Y,,llm_onecall,5924.9
教育,1316,北师大版3年级化学课程,edu_keyword_search,edu_search,"{""query"": {""and"": [{""field"": ""grade"", ""value"": ""三年级""}, {""field"": ""first_subject"", ""value"": ""化学""}, {""field"": ""material_version"", ""value"": ""北师大版""}, {""field"": ""k12_category"", ""values"": [""同步课"", ""同步拓展课""], ""operator"": ""or""}]}}",edu_search,"{""query"": {""and"": [{""field"": ""grade"", ""value"": ""三年级""}, {""field"": ""first_subject"", ""value"": ""化学""}, {""field"": ""material_version"", ""value"": ""北师大版""}, {""field"": ""k12_category"", ""values"": [""同步课"", ""同步拓展课""], ""operator"": ""or""}]}}",Y,Y,Y,,llm_onecall,6076.7
教育,1318,6年级地理北师大版,edu_keyword_search,edu_search,"{""query"": {""and"": [{""field"": ""grade"", ""value"": ""六年级""}, {""field"": ""first_subject"", ""value"": ""地理""}, {""field"": ""material_version"", ""value"": ""北师大版""}, {""field"": ""k12_category"", ""values"": [""同步课"", ""同步拓展课""], ""operator"": ""or""}]}}",edu_search,"{""query"": {""and"": [{""field"": ""grade"", ""value"": ""六年级""}, {""field"": ""first_subject"", ""value"": ""地理""}, {""field"": ""material_version"", ""value"": ""北师大版""}, {""field"": ""k12_category"", ""values"": [""同步课"", ""同步拓展课""], ""operator"": ""or""}]}}",Y,Y,Y,,llm_onecall,6048.6
教育,1323,小学数学呢,edu_keyword_search,edu_search,"{""query"": {""and"": [{""field"": ""figures"", ""value"": ""小学""}, {""field"": ""first_subject"", ""value"": ""数学""}, {""field"": ""k12_category"", ""values"": [""同步课"", ""同步拓展课""], ""operator"": ""or""}]}}",edu_search,"{""query"": {""and"": [{""field"": ""figures"", ""value"": ""小学""}, {""field"": ""first_subject"", ""value"": ""数学""}, {""field"": ""k12_category"", ""values"": [""同步课"", ""同步拓展课""], ""operator"": ""or""}]}}",Y,Y,Y,,llm_onecall,5855.5
教育,1324,6年级的地理,edu_keyword_search,edu_search,"{""query"": {""and"": [{""field"": ""grade"", ""value"": ""六年级""}, {""field"": ""first_subject"", ""value"": ""地理""}, {""field"": ""k12_category"", ""values"": [""同步课"", ""同步拓展课""], ""operator"": ""or""}]}}",edu_search,"{""query"": {""and"": [{""field"": ""grade"", ""value"": ""六年级""}, {""field"": ""first_subject"", ""value"": ""地理""}, {""field"": ""k12_category"", ""values"": [""同步课"", ""同步拓展课""], ""operator"": ""or""}]}}",Y,Y,Y,,llm_onecall,5853.2
教育,1322,高一语文上册课本,edu_keyword_search,edu_search,"{""query"": {""and"": [{""field"": ""grade"", ""value"": ""高一""}, {""field"": ""first_subject"", ""value"": ""语文""}, {""field"": ""semester"", ""value"": ""上半学期""}, {""field"": ""k12_category"", ""values"": [""同步课"", ""同步拓展课""], ""operator"": ""or""}]}}",edu_search,"{""query"": {""and"": [{""field"": ""grade"", ""value"": ""高一""}, {""field"": ""first_subject"", ""value"": ""语文""}, {""field"": ""semester"", ""value"": ""上半学期""}, {""field"": ""k12_category"", ""values"": [""同步课"", ""同步拓展课""], ""operator"": ""or""}]}}",Y,Y,Y,,llm_onecall,6039.6
教育,1321,4年级数学上册课本,edu_keyword_search,edu_search,"{""query"": {""and"": [{""field"": ""grade"", ""value"": ""四年级""}, {""field"": ""first_subject"", ""value"": ""数学""}, {""field"": ""semester"", ""value"": ""上半学期""}, {""field"": ""k12_category"", ""values"": [""同步课"", ""同步拓展课""], ""operator"": ""or""}]}}",edu_search,"{""query"": {""and"": [{""field"": ""grade"", ""value"": ""四年级""}, {""field"": ""semester"", ""value"": ""上半学期""}, {""field"": ""first_subject"", ""value"": ""数学""}, {""field"": ""k12_category"", ""values"": [""同步课"", ""同步拓展课""], ""operator"": ""or""}]}}",Y,Y,Y,,llm_onecall,6050.0
教育,1325,沪科版8年级生物,edu_keyword_search,edu_search,"{""query"": {""and"": [{""field"": ""grade"", ""value"": ""八年级""}, {""field"": ""first_subject"", ""value"": ""生物""}, {""field"": ""material_version"", ""value"": ""沪科版""}, {""field"": ""k12_category"", ""values"": [""同步课"", ""同步拓展课""], ""operator"": ""or""}]}}",edu_search,"{""query"": {""and"": [{""field"": ""grade"", ""value"": ""八年级""}, {""field"": ""first_subject"", ""value"": ""生物""}, {""field"": ""material_version"", ""value"": ""沪科版""}, {""field"": ""k12_category"", ""values"": [""同步课"", ""同步拓展课""], ""operator"": ""or""}]}}",Y,Y,Y,,llm_onecall,5816.4
教育,1326,五年级的科学和化学,edu_keyword_search,edu_search,"{""query"": {""and"": [{""field"": ""first_subject"", ""values"": [""科学"", ""化学""], ""operator"": ""or""}, {""field"": ""grade"", ""value"": ""五年级""}, {""field"": ""k12_category"", ""values"": [""同步课"", ""同步拓展课""], ""operator"": ""or""}]}}",edu_search,"{""query"": {""and"": [{""field"": ""grade"", ""value"": ""五年级""}, {""field"": ""first_subject"", ""values"": [""科学"", ""化学""], ""operator"": ""or""}, {""field"": ""k12_category"", ""values"": [""同步课"", ""同步拓展课""], ""operator"": ""or""}]}}",Y,Y,Y,,llm_onecall,5861.0
教育,1327,初中语文,edu_keyword_search,edu_search,"{""query"": {""and"": [{""field"": ""figures"", ""value"": ""初中""}, {""field"": ""first_subject"", ""value"": ""语文""}, {""field"": ""k12_category"", ""values"": [""同步课"", ""同步拓展课""], ""operator"": ""or""}]}}",edu_search,"{""query"": {""and"": [{""field"": ""figures"", ""value"": ""初中""}, {""field"": ""first_subject"", ""value"": ""语文""}, {""field"": ""k12_category"", ""values"": [""同步课"", ""同步拓展课""], ""operator"": ""or""}]}}",Y,Y,Y,,llm_onecall,5480.1
教育,1328,7年级英语,edu_keyword_search,edu_search,"{""query"": {""and"": [{""field"": ""grade"", ""value"": ""七年级""}, {""field"": ""first_subject"", ""value"": ""英语""}, {""field"": ""k12_category"", ""values"": [""同步课"", ""同步拓展课""], ""operator"": ""or""}]}}",edu_search,"{""query"": {""and"": [{""field"": ""grade"", ""value"": ""七年级""}, {""field"": ""first_subject"", ""value"": ""英语""}, {""field"": ""k12_category"", ""values"": [""同步课"", ""同步拓展课""], ""operator"": ""or""}]}}",Y,Y,Y,,llm_onecall,5461.4
教育,1330,播放6年级数学课程,edu_keyword_search,edu_search,"{""query"": {""and"": [{""field"": ""grade"", ""value"": ""六年级""}, {""field"": ""first_subject"", ""value"": ""数学""}, {""field"": ""k12_category"", ""values"": [""同步课"", ""同步拓展课""], ""operator"": ""or""}]}}",edu_search,"{""query"": {""and"": [{""field"": ""grade"", ""value"": ""六年级""}, {""field"": ""first_subject"", ""value"": ""数学""}, {""field"": ""k12_category"", ""values"": [""同步课"", ""同步拓展课""], ""operator"": ""or""}]}}",Y,Y,Y,,llm_onecall,5365.6
教育,1329,1年级上册科学,edu_keyword_search,edu_search,"{""query"": {""and"": [{""field"": ""grade"", ""value"": ""一年级""}, {""field"": ""first_subject"", ""value"": ""科学""}, {""field"": ""semester"", ""value"": ""上半学期""}, {""field"": ""k12_category"", ""values"": [""同步课"", ""同步拓展课""], ""operator"": ""or""}]}}",edu_search,"{""query"": {""and"": [{""field"": ""grade"", ""value"": ""一年级""}, {""field"": ""semester"", ""value"": ""上半学期""}, {""field"": ""first_subject"", ""value"": ""科学""}, {""field"": ""k12_category"", ""values"": [""同步课"", ""同步拓展课""], ""operator"": ""or""}]}}",Y,Y,Y,,llm_onecall,5429.9
教育,1331,高三的物理和历史,edu_keyword_search,edu_search,"{""query"": {""and"": [{""field"": ""first_subject"", ""values"": [""物理"", ""历史""], ""operator"": ""or""}, {""field"": ""grade"", ""value"": ""高三""}, {""field"": ""k12_category"", ""values"": [""同步课"", ""同步拓展课""], ""operator"": ""or""}]}}",edu_search,"{""query"": {""and"": [{""field"": ""grade"", ""value"": ""高三""}, {""field"": ""first_subject"", ""values"": [""物理"", ""历史""], ""operator"": ""or""}, {""field"": ""k12_category"", ""values"": [""同步课"", ""同步拓展课""], ""operator"": ""or""}]}}",Y,Y,Y,,llm_onecall,6044.1
教育,1335,3年级的政治,edu_keyword_search,edu_search,"{""query"": {""and"": [{""field"": ""grade"", ""value"": ""三年级""}, {""field"": ""first_subject"", ""value"": ""政治""}, {""field"": ""k12_category"", ""values"": [""同步课"", ""同步拓展课""], ""operator"": ""or""}]}}",edu_search,"{""query"": {""and"": [{""field"": ""grade"", ""value"": ""三年级""}, {""field"": ""first_subject"", ""value"": ""政治""}, {""field"": ""k12_category"", ""values"": [""同步课"", ""同步拓展课""], ""operator"": ""or""}]}}",Y,Y,Y,,llm_onecall,5628.8
教育,1332,高三上册英语,edu_keyword_search,edu_search,"{""query"": {""and"": [{""field"": ""grade"", ""value"": ""高三""}, {""field"": ""first_subject"", ""value"": ""英语""}, {""field"": ""semester"", ""value"": ""上半学期""}, {""field"": ""k12_category"", ""values"": [""同步课"", ""同步拓展课""], ""operator"": ""or""}]}}",edu_search,"{""query"": {""and"": [{""field"": ""grade"", ""value"": ""高三""}, {""field"": ""semester"", ""value"": ""上半学期""}, {""field"": ""first_subject"", ""value"": ""英语""}, {""field"": ""k12_category"", ""values"": [""同步课"", ""同步拓展课""], ""operator"": ""or""}]}}",Y,Y,Y,,llm_onecall,6051.0
教育,1333,高二化学上册课本,edu_keyword_search,edu_search,"{""query"": {""and"": [{""field"": ""grade"", ""value"": ""高二""}, {""field"": ""first_subject"", ""value"": ""化学""}, {""field"": ""semester"", ""value"": ""上半学期""}, {""field"": ""k12_category"", ""values"": [""同步课"", ""同步拓展课""], ""operator"": ""or""}]}}",edu_search,"{""query"": {""and"": [{""field"": ""grade"", ""value"": ""高二""}, {""field"": ""semester"", ""value"": ""上半学期""}, {""field"": ""first_subject"", ""value"": ""化学""}, {""field"": ""k12_category"", ""values"": [""同步课"", ""同步拓展课""], ""operator"": ""or""}]}}",Y,Y,Y,,llm_onecall,5912.2
教育,1334,人教版6年级语文,edu_keyword_search,edu_search,"{""query"": {""and"": [{""field"": ""grade"", ""value"": ""六年级""}, {""field"": ""first_subject"", ""value"": ""语文""}, {""field"": ""material_version"", ""value"": ""人教版""}, {""field"": ""k12_category"", ""values"": [""同步课"", ""同步拓展课""], ""operator"": ""or""}]}}",edu_search,"{""query"": {""and"": [{""field"": ""grade"", ""value"": ""六年级""}, {""field"": ""first_subject"", ""value"": ""语文""}, {""field"": ""material_version"", ""value"": ""人教版""}, {""field"": ""k12_category"", ""values"": [""同步课"", ""同步拓展课""], ""operator"": ""or""}]}}",Y,Y,Y,,llm_onecall,5913.7
教育,1336,播放9年级政治课程,edu_keyword_search,edu_search,"{""query"": {""and"": [{""field"": ""grade"", ""value"": ""九年级""}, {""field"": ""first_subject"", ""value"": ""政治""}, {""field"": ""k12_category"", ""values"": [""同步课"", ""同步拓展课""], ""operator"": ""or""}]}}",edu_search,"{""query"": {""and"": [{""field"": ""grade"", ""value"": ""九年级""}, {""field"": ""first_subject"", ""value"": ""政治""}, {""field"": ""k12_category"", ""values"": [""同步课"", ""同步拓展课""], ""operator"": ""or""}]}}",Y,Y,Y,,llm_onecall,5943.1
教育,1338,1年级的生物,edu_keyword_search,edu_search,"{""query"": {""and"": [{""field"": ""grade"", ""value"": ""一年级""}, {""field"": ""first_subject"", ""value"": ""生物""}, {""field"": ""k12_category"", ""values"": [""同步课"", ""同步拓展课""], ""operator"": ""or""}]}}",edu_search,"{""query"": {""and"": [{""field"": ""grade"", ""value"": ""一年级""}, {""field"": ""first_subject"", ""value"": ""生物""}, {""field"": ""k12_category"", ""values"": [""同步课"", ""同步拓展课""], ""operator"": ""or""}]}}",Y,Y,Y,,llm_onecall,5743.2
教育,1340,鄂教版9年级数学课程,edu_keyword_search,edu_search,"{""query"": {""and"": [{""field"": ""grade"", ""value"": ""九年级""}, {""field"": ""first_subject"", ""value"": ""数学""}, {""field"": ""material_version"", ""value"": ""鄂教版""}, {""field"": ""k12_category"", ""values"": [""同步课"", ""同步拓展课""], ""operator"": ""or""}]}}",edu_search,"{""query"": {""and"": [{""field"": ""grade"", ""value"": ""九年级""}, {""field"": ""first_subject"", ""value"": ""数学""}, {""field"": ""material_version"", ""value"": ""鄂教版""}, {""field"": ""k12_category"", ""values"": [""同步课"", ""同步拓展课""], ""operator"": ""or""}]}}",Y,Y,Y,,llm_onecall,5656.3
教育,1337,3年级化学上册,edu_keyword_search,edu_search,"{""query"": {""and"": [{""field"": ""grade"", ""value"": ""三年级""}, {""field"": ""first_subject"", ""value"": ""化学""}, {""field"": ""semester"", ""value"": ""上半学期""}, {""field"": ""k12_category"", ""values"": [""同步课"", ""同步拓展课""], ""operator"": ""or""}]}}",edu_search,"{""query"": {""and"": [{""field"": ""grade"", ""value"": ""三年级""}, {""field"": ""semester"", ""value"": ""上半学期""}, {""field"": ""first_subject"", ""value"": ""化学""}, {""field"": ""k12_category"", ""values"": [""同步课"", ""同步拓展课""], ""operator"": ""or""}]}}",Y,Y,Y,,llm_onecall,5750.5
教育,1339,5年级下册化学,edu_keyword_search,edu_search,"{""query"": {""and"": [{""field"": ""grade"", ""value"": ""五年级""}, {""field"": ""first_subject"", ""value"": ""化学""}, {""field"": ""semester"", ""value"": ""下半学期""}, {""field"": ""k12_category"", ""values"": [""同步课"", ""同步拓展课""], ""operator"": ""or""}]}}",edu_search,"{""query"": {""and"": [{""field"": ""grade"", ""value"": ""五年级""}, {""field"": ""semester"", ""value"": ""下半学期""}, {""field"": ""first_subject"", ""value"": ""化学""}, {""field"": ""k12_category"", ""values"": [""同步课"", ""同步拓展课""], ""operator"": ""or""}]}}",Y,Y,Y,,llm_onecall,5709.5
教育,1341,6年级生物,edu_keyword_search,edu_search,"{""query"": {""and"": [{""field"": ""grade"", ""value"": ""六年级""}, {""field"": ""first_subject"", ""value"": ""生物""}, {""field"": ""k12_category"", ""values"": [""同步课"", ""同步拓展课""], ""operator"": ""or""}]}}",edu_search,"{""query"": {""and"": [{""field"": ""grade"", ""value"": ""六年级""}, {""field"": ""first_subject"", ""value"": ""生物""}, {""field"": ""k12_category"", ""values"": [""同步课"", ""同步拓展课""], ""operator"": ""or""}]}}",Y,Y,Y,,llm_onecall,5921.4
教育,1343,3年级的地理,edu_keyword_search,edu_search,"{""query"": {""and"": [{""field"": ""grade"", ""value"": ""三年级""}, {""field"": ""first_subject"", ""value"": ""地理""}, {""field"": ""k12_category"", ""values"": [""同步课"", ""同步拓展课""], ""operator"": ""or""}]}}",edu_search,"{""query"": {""and"": [{""field"": ""grade"", ""value"": ""三年级""}, {""field"": ""first_subject"", ""value"": ""地理""}, {""field"": ""k12_category"", ""values"": [""同步课"", ""同步拓展课""], ""operator"": ""or""}]}}",Y,Y,Y,,llm_onecall,5914.3
教育,1342,5年级的数学,edu_keyword_search,edu_search,"{""query"": {""and"": [{""field"": ""grade"", ""value"": ""五年级""}, {""field"": ""first_subject"", ""value"": ""数学""}, {""field"": ""k12_category"", ""values"": [""同步课"", ""同步拓展课""], ""operator"": ""or""}]}}",edu_search,"{""query"": {""and"": [{""field"": ""grade"", ""value"": ""五年级""}, {""field"": ""first_subject"", ""value"": ""数学""}, {""field"": ""k12_category"", ""values"": [""同步课"", ""同步拓展课""], ""operator"": ""or""}]}}",Y,Y,Y,,llm_onecall,5924.9
教育,1344,7年级的数学,edu_keyword_search,edu_search,"{""query"": {""and"": [{""field"": ""grade"", ""value"": ""七年级""}, {""field"": ""first_subject"", ""value"": ""数学""}, {""field"": ""k12_category"", ""values"": [""同步课"", ""同步拓展课""], ""operator"": ""or""}]}}",edu_search,"{""query"": {""and"": [{""field"": ""grade"", ""value"": ""七年级""}, {""field"": ""first_subject"", ""value"": ""数学""}, {""field"": ""k12_category"", ""values"": [""同步课"", ""同步拓展课""], ""operator"": ""or""}]}}",Y,Y,Y,,llm_onecall,5903.7
教育,1345,5年级语文下册课本,edu_keyword_search,edu_search,"{""query"": {""and"": [{""field"": ""grade"", ""value"": ""五年级""}, {""field"": ""first_subject"", ""value"": ""语文""}, {""field"": ""semester"", ""value"": ""下半学期""}, {""field"": ""k12_category"", ""values"": [""同步课"", ""同步拓展课""], ""operator"": ""or""}]}}",edu_search,"{""query"": {""and"": [{""field"": ""grade"", ""value"": ""五年级""}, {""field"": ""semester"", ""value"": ""下半学期""}, {""field"": ""first_subject"", ""value"": ""语文""}, {""field"": ""k12_category"", ""values"": [""同步课"", ""同步拓展课""], ""operator"": ""or""}]}}",Y,Y,Y,,llm_onecall,6064.6
教育,1346,高一的数学,edu_keyword_search,edu_search,"{""query"": {""and"": [{""field"": ""grade"", ""value"": ""高一""}, {""field"": ""first_subject"", ""value"": ""数学""}, {""field"": ""k12_category"", ""values"": [""同步课"", ""同步拓展课""], ""operator"": ""or""}]}}",edu_search,"{""query"": {""and"": [{""field"": ""grade"", ""value"": ""高一""}, {""field"": ""first_subject"", ""value"": ""数学""}, {""field"": ""k12_category"", ""values"": [""同步课"", ""同步拓展课""], ""operator"": ""or""}]}}",Y,Y,Y,,llm_onecall,5937.8
教育,1347,7年级历史,edu_keyword_search,edu_search,"{""query"": {""and"": [{""field"": ""grade"", ""value"": ""七年级""}, {""field"": ""first_subject"", ""value"": ""历史""}, {""field"": ""k12_category"", ""values"": [""同步课"", ""同步拓展课""], ""operator"": ""or""}]}}",edu_search,"{""query"": {""and"": [{""field"": ""grade"", ""value"": ""七年级""}, {""field"": ""first_subject"", ""value"": ""历史""}, {""field"": ""k12_category"", ""values"": [""同步课"", ""同步拓展课""], ""operator"": ""or""}]}}",Y,Y,Y,,llm_onecall,5482.0
教育,1349,6年级物理教学视频,edu_keyword_search,edu_search,"{""query"": {""and"": [{""field"": ""grade"", ""value"": ""六年级""}, {""field"": ""first_subject"", ""value"": ""物理""}, {""field"": ""k12_category"", ""values"": [""同步课"", ""同步拓展课""], ""operator"": ""or""}]}}",edu_search,"{""query"": {""and"": [{""field"": ""grade"", ""value"": ""六年级""}, {""field"": ""first_subject"", ""value"": ""物理""}, {""field"": ""k12_category"", ""values"": [""同步课"", ""同步拓展课""], ""operator"": ""or""}]}}",Y,Y,Y,,llm_onecall,5489.0
教育,1350,1年级地理教学视频,edu_keyword_search,edu_search,"{""query"": {""and"": [{""field"": ""grade"", ""value"": ""一年级""}, {""field"": ""first_subject"", ""value"": ""地理""}, {""field"": ""k12_category"", ""values"": [""同步课"", ""同步拓展课""], ""operator"": ""or""}]}}",edu_search,"{""query"": {""and"": [{""field"": ""grade"", ""value"": ""一年级""}, {""field"": ""first_subject"", ""value"": ""地理""}, {""field"": ""k12_category"", ""values"": [""同步课"", ""同步拓展课""], ""operator"": ""or""}]}}",Y,Y,Y,,llm_onecall,5498.9
教育,1348,高一下册政治,edu_keyword_search,edu_search,"{""query"": {""and"": [{""field"": ""grade"", ""value"": ""高一""}, {""field"": ""first_subject"", ""value"": ""政治""}, {""field"": ""semester"", ""value"": ""下半学期""}, {""field"": ""k12_category"", ""values"": [""同步课"", ""同步拓展课""], ""operator"": ""or""}]}}",edu_search,"{""query"": {""and"": [{""field"": ""grade"", ""value"": ""高一""}, {""field"": ""first_subject"", ""value"": ""政治""}, {""field"": ""semester"", ""value"": ""下半学期""}, {""field"": ""k12_category"", ""values"": [""同步课"", ""同步拓展课""], ""operator"": ""or""}]}}",Y,Y,Y,,llm_onecall,5555.4
教育,1355,播放4年级化学课程,edu_keyword_search,edu_search,"{""query"": {""and"": [{""field"": ""grade"", ""value"": ""四年级""}, {""field"": ""first_subject"", ""value"": ""化学""}, {""field"": ""k12_category"", ""values"": [""同步课"", ""同步拓展课""], ""operator"": ""or""}]}}",edu_search,"{""query"": {""and"": [{""field"": ""grade"", ""value"": ""四年级""}, {""field"": ""first_subject"", ""value"": ""化学""}, {""field"": ""k12_category"", ""values"": [""同步课"", ""同步拓展课""], ""operator"": ""or""}]}}",Y,Y,Y,,llm_onecall,5802.5
教育,1352,高三的物理和政治,edu_keyword_search,edu_search,"{""query"": {""and"": [{""field"": ""first_subject"", ""values"": [""物理"", ""政治""], ""operator"": ""or""}, {""field"": ""grade"", ""value"": ""高三""}, {""field"": ""k12_category"", ""values"": [""同步课"", ""同步拓展课""], ""operator"": ""or""}]}}",edu_search,"{""query"": {""and"": [{""field"": ""grade"", ""value"": ""高三""}, {""field"": ""first_subject"", ""values"": [""物理"", ""政治""], ""operator"": ""or""}, {""field"": ""k12_category"", ""values"": [""同步课"", ""同步拓展课""], ""operator"": ""or""}]}}",Y,Y,Y,,llm_onecall,6155.6
教育,1353,人教版8年级物理,edu_keyword_search,edu_search,"{""query"": {""and"": [{""field"": ""grade"", ""value"": ""八年级""}, {""field"": ""first_subject"", ""value"": ""物理""}, {""field"": ""material_version"", ""value"": ""人教版""}, {""field"": ""k12_category"", ""values"": [""同步课"", ""同步拓展课""], ""operator"": ""or""}]}}",edu_search,"{""query"": {""and"": [{""field"": ""grade"", ""value"": ""八年级""}, {""field"": ""first_subject"", ""value"": ""物理""}, {""field"": ""material_version"", ""value"": ""人教版""}, {""field"": ""k12_category"", ""values"": [""同步课"", ""同步拓展课""], ""operator"": ""or""}]}}",Y,Y,Y,,llm_onecall,6150.3
教育,1354,沪科版9年级生物,edu_keyword_search,edu_search,"{""query"": {""and"": [{""field"": ""grade"", ""value"": ""九年级""}, {""field"": ""first_subject"", ""value"": ""生物""}, {""field"": ""material_version"", ""value"": ""沪科版""}, {""field"": ""k12_category"", ""values"": [""同步课"", ""同步拓展课""], ""operator"": ""or""}]}}",edu_search,"{""query"": {""and"": [{""field"": ""grade"", ""value"": ""九年级""}, {""field"": ""first_subject"", ""value"": ""生物""}, {""field"": ""material_version"", ""value"": ""沪科版""}, {""field"": ""k12_category"", ""values"": [""同步课"", ""同步拓展课""], ""operator"": ""or""}]}}",Y,Y,Y,,llm_onecall,6170.5
教育,1351,青岛版4年级语文课程,edu_keyword_search,edu_search,"{""query"": {""and"": [{""field"": ""grade"", ""value"": ""四年级""}, {""field"": ""first_subject"", ""value"": ""语文""}, {""field"": ""material_version"", ""value"": ""青岛版""}, {""field"": ""k12_category"", ""values"": [""同步课"", ""同步拓展课""], ""operator"": ""or""}]}}",edu_search,"{""query"": {""and"": [{""field"": ""grade"", ""value"": ""四年级""}, {""field"": ""first_subject"", ""value"": ""语文""}, {""field"": ""material_version"", ""value"": ""青岛版""}, {""field"": ""k12_category"", ""values"": [""同步课"", ""同步拓展课""], ""operator"": ""or""}]}}",Y,Y,Y,,llm_onecall,6204.7
教育,1356,播放8年级语文课程,edu_keyword_search,edu_search,"{""query"": {""and"": [{""field"": ""grade"", ""value"": ""八年级""}, {""field"": ""first_subject"", ""value"": ""语文""}, {""field"": ""k12_category"", ""values"": [""同步课"", ""同步拓展课""], ""operator"": ""or""}]}}",edu_search,"{""query"": {""and"": [{""field"": ""grade"", ""value"": ""八年级""}, {""field"": ""first_subject"", ""value"": ""语文""}, {""field"": ""k12_category"", ""values"": [""同步课"", ""同步拓展课""], ""operator"": ""or""}]}}",Y,Y,Y,,llm_onecall,6032.0
教育,1363,4年级免费的化学,edu_keyword_search,edu_search,"{""query"": {""and"": [{""field"": ""grade"", ""value"": ""四年级""}, {""field"": ""first_subject"", ""value"": ""化学""}, {""field"": ""is_fee"", ""value"": 0}, {""field"": ""k12_category"", ""values"": [""同步课"", ""同步拓展课""], ""operator"": ""or""}]}}",edu_search,"{""query"": {""and"": [{""field"": ""grade"", ""value"": ""四年级""}, {""field"": ""first_subject"", ""value"": ""化学""}, {""field"": ""is_fee"", ""value"": 0}, {""field"": ""k12_category"", ""values"": [""同步课"", ""同步拓展课""], ""operator"": ""or""}]}}",Y,Y,Y,,llm_onecall,2013.9
教育,1360,9年级物理,edu_keyword_search,edu_search,"{""query"": {""and"": [{""field"": ""grade"", ""value"": ""九年级""}, {""field"": ""first_subject"", ""value"": ""物理""}, {""field"": ""k12_category"", ""values"": [""同步课"", ""同步拓展课""], ""operator"": ""or""}]}}",edu_search,"{""query"": {""and"": [{""field"": ""grade"", ""value"": ""九年级""}, {""field"": ""first_subject"", ""value"": ""物理""}, {""field"": ""k12_category"", ""values"": [""同步课"", ""同步拓展课""], ""operator"": ""or""}]}}",Y,Y,Y,,llm_onecall,5435.4
教育,1359,播放5年级地理课程,edu_keyword_search,edu_search,"{""query"": {""and"": [{""field"": ""grade"", ""value"": ""五年级""}, {""field"": ""first_subject"", ""value"": ""地理""}, {""field"": ""k12_category"", ""values"": [""同步课"", ""同步拓展课""], ""operator"": ""or""}]}}",edu_search,"{""query"": {""and"": [{""field"": ""grade"", ""value"": ""五年级""}, {""field"": ""first_subject"", ""value"": ""地理""}, {""field"": ""k12_category"", ""values"": [""同步课"", ""同步拓展课""], ""operator"": ""or""}]}}",Y,Y,Y,,llm_onecall,5496.1
教育,1358,五年级的语文和历史,edu_keyword_search,edu_search,"{""query"": {""and"": [{""field"": ""first_subject"", ""values"": [""语文"", ""历史""], ""operator"": ""or""}, {""field"": ""grade"", ""value"": ""五年级""}, {""field"": ""k12_category"", ""values"": [""同步课"", ""同步拓展课""], ""operator"": ""or""}]}}",edu_search,"{""query"": {""and"": [{""field"": ""grade"", ""value"": ""五年级""}, {""field"": ""first_subject"", ""values"": [""语文"", ""历史""], ""operator"": ""or""}, {""field"": ""k12_category"", ""values"": [""同步课"", ""同步拓展课""], ""operator"": ""or""}]}}",Y,Y,Y,,llm_onecall,5556.6
教育,1357,6年级物理下册,edu_keyword_search,edu_search,"{""query"": {""and"": [{""field"": ""grade"", ""value"": ""六年级""}, {""field"": ""first_subject"", ""value"": ""物理""}, {""field"": ""semester"", ""value"": ""下半学期""}, {""field"": ""k12_category"", ""values"": [""同步课"", ""同步拓展课""], ""operator"": ""or""}]}}",edu_search,"{""query"": {""and"": [{""field"": ""grade"", ""value"": ""六年级""}, {""field"": ""semester"", ""value"": ""下半学期""}, {""field"": ""first_subject"", ""value"": ""物理""}, {""field"": ""k12_category"", ""values"": [""同步课"", ""同步拓展课""], ""operator"": ""or""}]}}",Y,Y,Y,,llm_onecall,5572.3
教育,1368,免费的6年级物理课程,edu_keyword_search,edu_search,"{""query"": {""and"": [{""field"": ""grade"", ""value"": ""六年级""}, {""field"": ""first_subject"", ""value"": ""物理""}, {""field"": ""is_fee"", ""value"": 0}, {""field"": ""k12_category"", ""values"": [""同步课"", ""同步拓展课""], ""operator"": ""or""}]}}",edu_search,"{""query"": {""and"": [{""field"": ""grade"", ""value"": ""六年级""}, {""field"": ""first_subject"", ""value"": ""物理""}, {""field"": ""is_fee"", ""value"": 0}, {""field"": ""k12_category"", ""values"": [""同步课"", ""同步拓展课""], ""operator"": ""or""}]}}",Y,Y,Y,,llm_onecall,2032.4
教育,1361,高一的地理,edu_keyword_search,edu_search,"{""query"": {""and"": [{""field"": ""grade"", ""value"": ""高一""}, {""field"": ""first_subject"", ""value"": ""地理""}, {""field"": ""k12_category"", ""values"": [""同步课"", ""同步拓展课""], ""operator"": ""or""}]}}",edu_search,"{""query"": {""and"": [{""field"": ""grade"", ""value"": ""高一""}, {""field"": ""first_subject"", ""value"": ""地理""}, {""field"": ""k12_category"", ""values"": [""同步课"", ""同步拓展课""], ""operator"": ""or""}]}}",Y,Y,Y,,llm_onecall,5848.2
教育,1364,小学英语呢,edu_keyword_search,edu_search,"{""query"": {""and"": [{""field"": ""figures"", ""value"": ""小学""}, {""field"": ""first_subject"", ""value"": ""英语""}, {""field"": ""k12_category"", ""values"": [""同步课"", ""同步拓展课""], ""operator"": ""or""}]}}",edu_search,"{""query"": {""and"": [{""field"": ""figures"", ""value"": ""小学""}, {""field"": ""first_subject"", ""value"": ""英语""}, {""field"": ""k12_category"", ""values"": [""同步课"", ""同步拓展课""], ""operator"": ""or""}]}}",Y,Y,Y,,llm_onecall,5891.9
教育,1362,6年级的地理呢,edu_keyword_search,edu_search,"{""query"": {""and"": [{""field"": ""grade"", ""value"": ""六年级""}, {""field"": ""first_subject"", ""value"": ""地理""}, {""field"": ""k12_category"", ""values"": [""同步课"", ""同步拓展课""], ""operator"": ""or""}]}}",edu_search,"{""query"": {""and"": [{""field"": ""grade"", ""value"": ""六年级""}, {""field"": ""first_subject"", ""value"": ""地理""}, {""field"": ""k12_category"", ""values"": [""同步课"", ""同步拓展课""], ""operator"": ""or""}]}}",Y,Y,Y,,llm_onecall,5934.0
教育,1365,播放7年级历史课程,edu_keyword_search,edu_search,"{""query"": {""and"": [{""field"": ""grade"", ""value"": ""七年级""}, {""field"": ""first_subject"", ""value"": ""历史""}, {""field"": ""k12_category"", ""values"": [""同步课"", ""同步拓展课""], ""operator"": ""or""}]}}",edu_search,"{""query"": {""and"": [{""field"": ""grade"", ""value"": ""七年级""}, {""field"": ""first_subject"", ""value"": ""历史""}, {""field"": ""k12_category"", ""values"": [""同步课"", ""同步拓展课""], ""operator"": ""or""}]}}",Y,Y,Y,,llm_onecall,5907.2
教育,1375,高一免费的英语,edu_keyword_search,edu_search,"{""query"": {""and"": [{""field"": ""grade"", ""value"": ""高一""}, {""field"": ""first_subject"", ""value"": ""英语""}, {""field"": ""is_fee"", ""value"": 0}, {""field"": ""k12_category"", ""values"": [""同步课"", ""同步拓展课""], ""operator"": ""or""}]}}",edu_search,"{""query"": {""and"": [{""field"": ""grade"", ""value"": ""高一""}, {""field"": ""first_subject"", ""value"": ""英语""}, {""field"": ""is_fee"", ""value"": 0}, {""field"": ""k12_category"", ""values"": [""同步课"", ""同步拓展课""], ""operator"": ""or""}]}}",Y,Y,Y,,llm_onecall,1500.6
教育,1366,八年级的英语和地理,edu_keyword_search,edu_search,"{""query"": {""and"": [{""field"": ""first_subject"", ""values"": [""英语"", ""地理""], ""operator"": ""or""}, {""field"": ""grade"", ""value"": ""八年级""}, {""field"": ""k12_category"", ""values"": [""同步课"", ""同步拓展课""], ""operator"": ""or""}]}}",edu_search,"{""query"": {""and"": [{""field"": ""grade"", ""value"": ""八年级""}, {""field"": ""first_subject"", ""values"": [""英语"", ""地理""], ""operator"": ""or""}, {""field"": ""k12_category"", ""values"": [""同步课"", ""同步拓展课""], ""operator"": ""or""}]}}",Y,Y,Y,,llm_onecall,6965.0
教育,1369,播放高三历史课程,edu_keyword_search,edu_search,"{""query"": {""and"": [{""field"": ""grade"", ""value"": ""高三""}, {""field"": ""first_subject"", ""value"": ""历史""}, {""field"": ""k12_category"", ""values"": [""同步课"", ""同步拓展课""], ""operator"": ""or""}]}}",edu_search,"{""query"": {""and"": [{""field"": ""grade"", ""value"": ""高三""}, {""field"": ""first_subject"", ""value"": ""历史""}, {""field"": ""k12_category"", ""values"": [""同步课"", ""同步拓展课""], ""operator"": ""or""}]}}",Y,Y,Y,,llm_onecall,5835.3
教育,1370,9年级的化学,edu_keyword_search,edu_search,"{""query"": {""and"": [{""field"": ""grade"", ""value"": ""九年级""}, {""field"": ""first_subject"", ""value"": ""化学""}, {""field"": ""k12_category"", ""values"": [""同步课"", ""同步拓展课""], ""operator"": ""or""}]}}",edu_search,"{""query"": {""and"": [{""field"": ""grade"", ""value"": ""九年级""}, {""field"": ""first_subject"", ""value"": ""化学""}, {""field"": ""k12_category"", ""values"": [""同步课"", ""同步拓展课""], ""operator"": ""or""}]}}",Y,Y,Y,,llm_onecall,5793.7
教育,1367,高三上册科学,edu_keyword_search,edu_search,"{""query"": {""and"": [{""field"": ""grade"", ""value"": ""高三""}, {""field"": ""first_subject"", ""value"": ""科学""}, {""field"": ""semester"", ""value"": ""上半学期""}, {""field"": ""k12_category"", ""values"": [""同步课"", ""同步拓展课""], ""operator"": ""or""}]}}",edu_search,"{""query"": {""and"": [{""field"": ""grade"", ""value"": ""高三""}, {""field"": ""semester"", ""value"": ""上半学期""}, {""field"": ""first_subject"", ""value"": ""科学""}, {""field"": ""k12_category"", ""values"": [""同步课"", ""同步拓展课""], ""operator"": ""or""}]}}",Y,Y,Y,,llm_onecall,6011.9
教育,1371,高一语文,edu_keyword_search,edu_search,"{""query"": {""and"": [{""field"": ""grade"", ""value"": ""高一""}, {""field"": ""first_subject"", ""value"": ""语文""}, {""field"": ""k12_category"", ""values"": [""同步课"", ""同步拓展课""], ""operator"": ""or""}]}}",edu_search,"{""query"": {""and"": [{""field"": ""grade"", ""value"": ""高一""}, {""field"": ""first_subject"", ""value"": ""语文""}, {""field"": ""k12_category"", ""values"": [""同步课"", ""同步拓展课""], ""operator"": ""or""}]}}",Y,Y,Y,,llm_onecall,6482.1
教育,1372,3年级的物理,edu_keyword_search,edu_search,"{""query"": {""and"": [{""field"": ""grade"", ""value"": ""三年级""}, {""field"": ""first_subject"", ""value"": ""物理""}, {""field"": ""k12_category"", ""values"": [""同步课"", ""同步拓展课""], ""operator"": ""or""}]}}",edu_search,"{""query"": {""and"": [{""field"": ""grade"", ""value"": ""三年级""}, {""field"": ""first_subject"", ""value"": ""物理""}, {""field"": ""k12_category"", ""values"": [""同步课"", ""同步拓展课""], ""operator"": ""or""}]}}",Y,Y,Y,,llm_onecall,4830.5
教育,1382,不花钱的5年级科学,edu_keyword_search,edu_search,"{""query"": {""and"": [{""field"": ""grade"", ""value"": ""五年级""}, {""field"": ""first_subject"", ""value"": ""科学""}, {""field"": ""is_fee"", ""value"": 0}, {""field"": ""k12_category"", ""values"": [""同步课"", ""同步拓展课""], ""operator"": ""or""}]}}",edu_search,"{""query"": {""and"": [{""field"": ""grade"", ""value"": ""五年级""}, {""field"": ""first_subject"", ""value"": ""科学""}, {""field"": ""is_fee"", ""value"": 0}, {""field"": ""k12_category"", ""values"": [""同步课"", ""同步拓展课""], ""operator"": ""or""}]}}",Y,Y,Y,,llm_onecall,1931.4
教育,1383,免费的1年级政治课程,edu_keyword_search,edu_search,"{""query"": {""and"": [{""field"": ""grade"", ""value"": ""一年级""}, {""field"": ""first_subject"", ""value"": ""政治""}, {""field"": ""is_fee"", ""value"": 0}, {""field"": ""k12_category"", ""values"": [""同步课"", ""同步拓展课""], ""operator"": ""or""}]}}",edu_search,"{""query"": {""and"": [{""field"": ""grade"", ""value"": ""一年级""}, {""field"": ""first_subject"", ""value"": ""政治""}, {""field"": ""is_fee"", ""value"": 0}, {""field"": ""k12_category"", ""values"": [""同步课"", ""同步拓展课""], ""operator"": ""or""}]}}",Y,Y,Y,,llm_onecall,1682.8
教育,1373,播放9年级政治课程呢,edu_keyword_search,edu_search,"{""query"": {""and"": [{""field"": ""grade"", ""value"": ""九年级""}, {""field"": ""first_subject"", ""value"": ""政治""}, {""field"": ""k12_category"", ""values"": [""同步课"", ""同步拓展课""], ""operator"": ""or""}]}}",edu_search,"{""query"": {""and"": [{""field"": ""grade"", ""value"": ""九年级""}, {""field"": ""first_subject"", ""value"": ""政治""}, {""field"": ""k12_category"", ""values"": [""同步课"", ""同步拓展课""], ""operator"": ""or""}]}}",Y,Y,Y,,llm_onecall,5428.8
教育,1374,八年级的物理和科学,edu_keyword_search,edu_search,"{""query"": {""and"": [{""field"": ""first_subject"", ""values"": [""物理"", ""科学""], ""operator"": ""or""}, {""field"": ""grade"", ""value"": ""八年级""}, {""field"": ""k12_category"", ""values"": [""同步课"", ""同步拓展课""], ""operator"": ""or""}]}}",edu_search,"{""query"": {""and"": [{""field"": ""grade"", ""value"": ""八年级""}, {""field"": ""first_subject"", ""values"": [""物理"", ""科学""], ""operator"": ""or""}, {""field"": ""k12_category"", ""values"": [""同步课"", ""同步拓展课""], ""operator"": ""or""}]}}",Y,Y,Y,,llm_onecall,5485.1
教育,1376,沪科版5年级地理课程,edu_keyword_search,edu_search,"{""query"": {""and"": [{""field"": ""grade"", ""value"": ""五年级""}, {""field"": ""first_subject"", ""value"": ""地理""}, {""field"": ""material_version"", ""value"": ""沪科版""}, {""field"": ""k12_category"", ""values"": [""同步课"", ""同步拓展课""], ""operator"": ""or""}]}}",edu_search,"{""query"": {""and"": [{""field"": ""grade"", ""value"": ""五年级""}, {""field"": ""first_subject"", ""value"": ""地理""}, {""field"": ""material_version"", ""value"": ""沪科版""}, {""field"": ""k12_category"", ""values"": [""同步课"", ""同步拓展课""], ""operator"": ""or""}]}}",Y,Y,Y,,llm_onecall,5508.9
教育,1377,播放5年级化学课程,edu_keyword_search,edu_search,"{""query"": {""and"": [{""field"": ""grade"", ""value"": ""五年级""}, {""field"": ""first_subject"", ""value"": ""化学""}, {""field"": ""k12_category"", ""values"": [""同步课"", ""同步拓展课""], ""operator"": ""or""}]}}",edu_search,"{""query"": {""and"": [{""field"": ""grade"", ""value"": ""五年级""}, {""field"": ""first_subject"", ""value"": ""化学""}, {""field"": ""k12_category"", ""values"": [""同步课"", ""同步拓展课""], ""operator"": ""or""}]}}",Y,Y,Y,,llm_onecall,5818.7
教育,1378,三年级的化学和地理,edu_keyword_search,edu_search,"{""query"": {""and"": [{""field"": ""first_subject"", ""values"": [""化学"", ""地理""], ""operator"": ""or""}, {""field"": ""grade"", ""value"": ""三年级""}, {""field"": ""k12_category"", ""values"": [""同步课"", ""同步拓展课""], ""operator"": ""or""}]}}",edu_search,"{""query"": {""and"": [{""field"": ""grade"", ""value"": ""三年级""}, {""field"": ""first_subject"", ""values"": [""化学"", ""地理""], ""operator"": ""or""}, {""field"": ""k12_category"", ""values"": [""同步课"", ""同步拓展课""], ""operator"": ""or""}]}}",Y,Y,Y,,llm_onecall,5957.3
教育,1380,7年级下册政治,edu_keyword_search,edu_search,"{""query"": {""and"": [{""field"": ""grade"", ""value"": ""七年级""}, {""field"": ""first_subject"", ""value"": ""政治""}, {""field"": ""semester"", ""value"": ""下半学期""}, {""field"": ""k12_category"", ""values"": [""同步课"", ""同步拓展课""], ""operator"": ""or""}]}}",edu_search,"{""query"": {""and"": [{""field"": ""grade"", ""value"": ""七年级""}, {""field"": ""semester"", ""value"": ""下半学期""}, {""field"": ""first_subject"", ""value"": ""政治""}, {""field"": ""k12_category"", ""values"": [""同步课"", ""同步拓展课""], ""operator"": ""or""}]}}",Y,Y,Y,,llm_onecall,6104.2
教育,1379,鄂教版5年级数学呢,edu_keyword_search,edu_search,"{""query"": {""and"": [{""field"": ""grade"", ""value"": ""五年级""}, {""field"": ""first_subject"", ""value"": ""数学""}, {""field"": ""material_version"", ""value"": ""鄂教版""}, {""field"": ""k12_category"", ""values"": [""同步课"", ""同步拓展课""], ""operator"": ""or""}]}}",edu_search,"{""query"": {""and"": [{""field"": ""grade"", ""value"": ""五年级""}, {""field"": ""first_subject"", ""value"": ""数学""}, {""field"": ""material_version"", ""value"": ""鄂教版""}, {""field"": ""k12_category"", ""values"": [""同步课"", ""同步拓展课""], ""operator"": ""or""}]}}",Y,Y,Y,,llm_onecall,6119.8
教育,1381,鄂教版4年级物理,edu_keyword_search,edu_search,"{""query"": {""and"": [{""field"": ""grade"", ""value"": ""四年级""}, {""field"": ""first_subject"", ""value"": ""物理""}, {""field"": ""material_version"", ""value"": ""鄂教版""}, {""field"": ""k12_category"", ""values"": [""同步课"", ""同步拓展课""], ""operator"": ""or""}]}}",edu_search,"{""query"": {""and"": [{""field"": ""grade"", ""value"": ""四年级""}, {""field"": ""first_subject"", ""value"": ""物理""}, {""field"": ""material_version"", ""value"": ""鄂教版""}, {""field"": ""k12_category"", ""values"": [""同步课"", ""同步拓展课""], ""operator"": ""or""}]}}",Y,Y,Y,,llm_onecall,6061.1
教育,1384,8年级历史,edu_keyword_search,edu_search,"{""query"": {""and"": [{""field"": ""grade"", ""value"": ""八年级""}, {""field"": ""first_subject"", ""value"": ""历史""}, {""field"": ""k12_category"", ""values"": [""同步课"", ""同步拓展课""], ""operator"": ""or""}]}}",edu_search,"{""query"": {""and"": [{""field"": ""grade"", ""value"": ""八年级""}, {""field"": ""first_subject"", ""value"": ""历史""}, {""field"": ""k12_category"", ""values"": [""同步课"", ""同步拓展课""], ""operator"": ""or""}]}}",Y,Y,Y,,llm_onecall,5480.2
教育,1385,4年级地理下册课本,edu_keyword_search,edu_search,"{""query"": {""and"": [{""field"": ""grade"", ""value"": ""四年级""}, {""field"": ""first_subject"", ""value"": ""地理""}, {""field"": ""semester"", ""value"": ""下半学期""}, {""field"": ""k12_category"", ""values"": [""同步课"", ""同步拓展课""], ""operator"": ""or""}]}}",edu_search,"{""query"": {""and"": [{""field"": ""grade"", ""value"": ""四年级""}, {""field"": ""semester"", ""value"": ""下半学期""}, {""field"": ""first_subject"", ""value"": ""地理""}, {""field"": ""k12_category"", ""values"": [""同步课"", ""同步拓展课""], ""operator"": ""or""}]}}",Y,Y,Y,,llm_onecall,5677.1
教育,1386,5年级化学下册课本,edu_keyword_search,edu_search,"{""query"": {""and"": [{""field"": ""grade"", ""value"": ""五年级""}, {""field"": ""first_subject"", ""value"": ""化学""}, {""field"": ""semester"", ""value"": ""下半学期""}, {""field"": ""k12_category"", ""values"": [""同步课"", ""同步拓展课""], ""operator"": ""or""}]}}",edu_search,"{""query"": {""and"": [{""field"": ""grade"", ""value"": ""五年级""}, {""field"": ""semester"", ""value"": ""下半学期""}, {""field"": ""first_subject"", ""value"": ""化学""}, {""field"": ""k12_category"", ""values"": [""同步课"", ""同步拓展课""], ""operator"": ""or""}]}}",Y,Y,Y,,llm_onecall,5525.7
教育,1387,高一数学教学视频呢,edu_keyword_search,edu_search,"{""query"": {""and"": [{""field"": ""grade"", ""value"": ""高一""}, {""field"": ""first_subject"", ""value"": ""数学""}, {""field"": ""k12_category"", ""values"": [""同步课"", ""同步拓展课""], ""operator"": ""or""}]}}",edu_search,"{""query"": {""and"": [{""field"": ""grade"", ""value"": ""高一""}, {""field"": ""first_subject"", ""value"": ""数学""}, {""field"": ""k12_category"", ""values"": [""同步课"", ""同步拓展课""], ""operator"": ""or""}]}}",Y,Y,Y,,llm_onecall,5328.8
教育,1388,高一历史上册,edu_keyword_search,edu_search,"{""query"": {""and"": [{""field"": ""grade"", ""value"": ""高一""}, {""field"": ""first_subject"", ""value"": ""历史""}, {""field"": ""semester"", ""value"": ""上半学期""}, {""field"": ""k12_category"", ""values"": [""同步课"", ""同步拓展课""], ""operator"": ""or""}]}}",edu_search,"{""query"": {""and"": [{""field"": ""grade"", ""value"": ""高一""}, {""field"": ""first_subject"", ""value"": ""历史""}, {""field"": ""semester"", ""value"": ""上半学期""}, {""field"": ""k12_category"", ""values"": [""同步课"", ""同步拓展课""], ""operator"": ""or""}]}}",Y,Y,Y,,llm_onecall,5349.3
教育,1389,小学历史,edu_keyword_search,edu_search,"{""query"": {""and"": [{""field"": ""figures"", ""value"": ""小学""}, {""field"": ""first_subject"", ""value"": ""历史""}, {""field"": ""k12_category"", ""values"": [""同步课"", ""同步拓展课""], ""operator"": ""or""}]}}",edu_search,"{""query"": {""and"": [{""field"": ""figures"", ""value"": ""小学""}, {""field"": ""first_subject"", ""value"": ""历史""}, {""field"": ""k12_category"", ""values"": [""同步课"", ""同步拓展课""], ""operator"": ""or""}]}}",Y,Y,Y,,llm_onecall,5363.2
教育,1390,高一生物教学视频,edu_keyword_search,edu_search,"{""query"": {""and"": [{""field"": ""grade"", ""value"": ""高一""}, {""field"": ""first_subject"", ""value"": ""生物""}, {""field"": ""k12_category"", ""values"": [""同步课"", ""同步拓展课""], ""operator"": ""or""}]}}",edu_search,"{""query"": {""and"": [{""field"": ""grade"", ""value"": ""高一""}, {""field"": ""first_subject"", ""value"": ""生物""}, {""field"": ""k12_category"", ""values"": [""同步课"", ""同步拓展课""], ""operator"": ""or""}]}}",Y,Y,Y,,llm_onecall,5490.1
教育,1393,高中地理课程呢,edu_keyword_search,edu_search,"{""query"": {""and"": [{""field"": ""figures"", ""value"": ""高中""}, {""field"": ""first_subject"", ""value"": ""地理""}, {""field"": ""k12_category"", ""values"": [""同步课"", ""同步拓展课""], ""operator"": ""or""}]}}",edu_search,"{""query"": {""and"": [{""field"": ""grade"", ""value"": ""高中""}, {""field"": ""first_subject"", ""value"": ""地理""}, {""field"": ""k12_category"", ""values"": [""同步课"", ""同步拓展课""], ""operator"": ""or""}]}}",Y,N,N,"query: gold={""and"": [{""field"": ""figures"", ""value"": ""高中""}, {""field"": ""first_subject"", ""value"": ""地理""}, {""field"": ""k12_category"", ""operator"": ""or"", ""values"": [""同步拓展课"", ""同步课""]}]} pred={""and"": [{""field"": ""first_subject"", ""value"": ""地理""}, {""field"": ""grade"", ""value"": ""高中""}, {""field"": ""k12_category"", ""operator"": ""or"", ""values"": [""同步拓展课"", ""同步课""]}]}",llm_onecall,5312.2
教育,1392,2年级英语教学视频,edu_keyword_search,edu_search,"{""query"": {""and"": [{""field"": ""grade"", ""value"": ""二年级""}, {""field"": ""first_subject"", ""value"": ""英语""}, {""field"": ""k12_category"", ""values"": [""同步课"", ""同步拓展课""], ""operator"": ""or""}]}}",edu_search,"{""query"": {""and"": [{""field"": ""grade"", ""value"": ""二年级""}, {""field"": ""first_subject"", ""value"": ""英语""}, {""field"": ""k12_category"", ""values"": [""同步课"", ""同步拓展课""], ""operator"": ""or""}]}}",Y,Y,Y,,llm_onecall,5437.5
教育,1391,4年级科学下册课本,edu_keyword_search,edu_search,"{""query"": {""and"": [{""field"": ""grade"", ""value"": ""四年级""}, {""field"": ""first_subject"", ""value"": ""科学""}, {""field"": ""semester"", ""value"": ""下半学期""}, {""field"": ""k12_category"", ""values"": [""同步课"", ""同步拓展课""], ""operator"": ""or""}]}}",edu_search,"{""query"": {""and"": [{""field"": ""grade"", ""value"": ""四年级""}, {""field"": ""semester"", ""value"": ""下半学期""}, {""field"": ""first_subject"", ""value"": ""科学""}, {""field"": ""k12_category"", ""values"": [""同步课"", ""同步拓展课""], ""operator"": ""or""}]}}",Y,Y,Y,,llm_onecall,5503.3
教育,1403,不花钱的9年级物理,edu_keyword_search,edu_search,"{""query"": {""and"": [{""field"": ""grade"", ""value"": ""九年级""}, {""field"": ""first_subject"", ""value"": ""物理""}, {""field"": ""is_fee"", ""value"": 0}, {""field"": ""k12_category"", ""values"": [""同步课"", ""同步拓展课""], ""operator"": ""or""}]}}",edu_search,"{""query"": {""and"": [{""field"": ""grade"", ""value"": ""九年级""}, {""field"": ""first_subject"", ""value"": ""物理""}, {""field"": ""is_fee"", ""value"": 0}, {""field"": ""k12_category"", ""values"": [""同步课"", ""同步拓展课""], ""operator"": ""or""}]}}",Y,Y,Y,,llm_onecall,1428.6
教育,1394,沪科版3年级数学,edu_keyword_search,edu_search,"{""query"": {""and"": [{""field"": ""grade"", ""value"": ""三年级""}, {""field"": ""first_subject"", ""value"": ""数学""}, {""field"": ""material_version"", ""value"": ""沪科版""}, {""field"": ""k12_category"", ""values"": [""同步课"", ""同步拓展课""], ""operator"": ""or""}]}}",edu_search,"{""query"": {""and"": [{""field"": ""grade"", ""value"": ""三年级""}, {""field"": ""first_subject"", ""value"": ""数学""}, {""field"": ""material_version"", ""value"": ""沪科版""}, {""field"": ""k12_category"", ""values"": [""同步课"", ""同步拓展课""], ""operator"": ""or""}]}}",Y,Y,Y,,llm_onecall,5779.2
教育,1395,沪科版6年级物理,edu_keyword_search,edu_search,"{""query"": {""and"": [{""field"": ""grade"", ""value"": ""六年级""}, {""field"": ""first_subject"", ""value"": ""物理""}, {""field"": ""material_version"", ""value"": ""沪科版""}, {""field"": ""k12_category"", ""values"": [""同步课"", ""同步拓展课""], ""operator"": ""or""}]}}",edu_search,"{""query"": {""and"": [{""field"": ""grade"", ""value"": ""六年级""}, {""field"": ""first_subject"", ""value"": ""物理""}, {""field"": ""material_version"", ""value"": ""沪科版""}, {""field"": ""k12_category"", ""values"": [""同步课"", ""同步拓展课""], ""operator"": ""or""}]}}",Y,Y,Y,,llm_onecall,5767.8
教育,1397,高二科学教学视频,edu_keyword_search,edu_search,"{""query"": {""and"": [{""field"": ""grade"", ""value"": ""高二""}, {""field"": ""first_subject"", ""value"": ""科学""}, {""field"": ""k12_category"", ""values"": [""同步课"", ""同步拓展课""], ""operator"": ""or""}]}}",edu_search,"{""query"": {""and"": [{""field"": ""grade"", ""value"": ""高二""}, {""field"": ""first_subject"", ""value"": ""科学""}, {""field"": ""k12_category"", ""values"": [""同步课"", ""同步拓展课""], ""operator"": ""or""}]}}",Y,Y,Y,,llm_onecall,5493.7
教育,1396,7年级物理北师大版,edu_keyword_search,edu_search,"{""query"": {""and"": [{""field"": ""grade"", ""value"": ""七年级""}, {""field"": ""first_subject"", ""value"": ""物理""}, {""field"": ""material_version"", ""value"": ""北师大版""}, {""field"": ""k12_category"", ""values"": [""同步课"", ""同步拓展课""], ""operator"": ""or""}]}}",edu_search,"{""query"": {""and"": [{""field"": ""grade"", ""value"": ""七年级""}, {""field"": ""first_subject"", ""value"": ""物理""}, {""field"": ""material_version"", ""value"": ""北师大版""}, {""field"": ""k12_category"", ""values"": [""同步课"", ""同步拓展课""], ""operator"": ""or""}]}}",Y,Y,Y,,llm_onecall,5672.5
教育,1398,青岛版8年级科学,edu_keyword_search,edu_search,"{""query"": {""and"": [{""field"": ""grade"", ""value"": ""八年级""}, {""field"": ""first_subject"", ""value"": ""科学""}, {""field"": ""material_version"", ""value"": ""青岛版""}, {""field"": ""k12_category"", ""values"": [""同步课"", ""同步拓展课""], ""operator"": ""or""}]}}",edu_search,"{""query"": {""and"": [{""field"": ""grade"", ""value"": ""八年级""}, {""field"": ""first_subject"", ""value"": ""科学""}, {""field"": ""material_version"", ""value"": ""青岛版""}, {""field"": ""k12_category"", ""values"": [""同步课"", ""同步拓展课""], ""operator"": ""or""}]}}",Y,Y,Y,,llm_onecall,5515.3
教育,1399,9年级物理呢,edu_keyword_search,edu_search,"{""query"": {""and"": [{""field"": ""grade"", ""value"": ""九年级""}, {""field"": ""first_subject"", ""value"": ""物理""}, {""field"": ""k12_category"", ""values"": [""同步课"", ""同步拓展课""], ""operator"": ""or""}]}}",edu_search,"{""query"": {""and"": [{""field"": ""grade"", ""value"": ""九年级""}, {""field"": ""first_subject"", ""value"": ""物理""}, {""field"": ""k12_category"", ""values"": [""同步课"", ""同步拓展课""], ""operator"": ""or""}]}}",Y,Y,Y,,llm_onecall,5269.8
教育,1400,8年级语文下册,edu_keyword_search,edu_search,"{""query"": {""and"": [{""field"": ""grade"", ""value"": ""八年级""}, {""field"": ""first_subject"", ""value"": ""语文""}, {""field"": ""semester"", ""value"": ""下半学期""}, {""field"": ""k12_category"", ""values"": [""同步课"", ""同步拓展课""], ""operator"": ""or""}]}}",edu_search,"{""query"": {""and"": [{""field"": ""grade"", ""value"": ""八年级""}, {""field"": ""semester"", ""value"": ""下半学期""}, {""field"": ""first_subject"", ""value"": ""语文""}, {""field"": ""k12_category"", ""values"": [""同步课"", ""同步拓展课""], ""operator"": ""or""}]}}",Y,Y,Y,,llm_onecall,5613.4
教育,1402,高二的地理,edu_keyword_search,edu_search,"{""query"": {""and"": [{""field"": ""grade"", ""value"": ""高二""}, {""field"": ""first_subject"", ""value"": ""地理""}, {""field"": ""k12_category"", ""values"": [""同步课"", ""同步拓展课""], ""operator"": ""or""}]}}",edu_search,"{""query"": {""and"": [{""field"": ""grade"", ""value"": ""高二""}, {""field"": ""first_subject"", ""value"": ""地理""}, {""field"": ""k12_category"", ""values"": [""同步课"", ""同步拓展课""], ""operator"": ""or""}]}}",Y,Y,Y,,llm_onecall,5408.2
教育,1410,免费的7年级物理课程,edu_keyword_search,edu_search,"{""query"": {""and"": [{""field"": ""grade"", ""value"": ""七年级""}, {""field"": ""first_subject"", ""value"": ""物理""}, {""field"": ""is_fee"", ""value"": 0}, {""field"": ""k12_category"", ""values"": [""同步课"", ""同步拓展课""], ""operator"": ""or""}]}}",edu_search,"{""query"": {""and"": [{""field"": ""grade"", ""value"": ""七年级""}, {""field"": ""first_subject"", ""value"": ""物理""}, {""field"": ""is_fee"", ""value"": 0}, {""field"": ""k12_category"", ""values"": [""同步课"", ""同步拓展课""], ""operator"": ""or""}]}}",Y,Y,Y,,llm_onecall,940.5
教育,1401,高一的政治和地理,edu_keyword_search,edu_search,"{""query"": {""and"": [{""field"": ""first_subject"", ""values"": [""政治"", ""地理""], ""operator"": ""or""}, {""field"": ""grade"", ""value"": ""高一""}, {""field"": ""k12_category"", ""values"": [""同步课"", ""同步拓展课""], ""operator"": ""or""}]}}",edu_search,"{""query"": {""and"": [{""field"": ""grade"", ""value"": ""高一""}, {""field"": ""first_subject"", ""values"": [""政治"", ""地理""], ""operator"": ""or""}, {""field"": ""k12_category"", ""values"": [""同步课"", ""同步拓展课""], ""operator"": ""or""}]}}",Y,Y,Y,,llm_onecall,5468.0
教育,1404,播放3年级数学课程,edu_keyword_search,edu_search,"{""query"": {""and"": [{""field"": ""grade"", ""value"": ""三年级""}, {""field"": ""first_subject"", ""value"": ""数学""}, {""field"": ""k12_category"", ""values"": [""同步课"", ""同步拓展课""], ""operator"": ""or""}]}}",edu_search,"{""query"": {""and"": [{""field"": ""grade"", ""value"": ""三年级""}, {""field"": ""first_subject"", ""value"": ""数学""}, {""field"": ""k12_category"", ""values"": [""同步课"", ""同步拓展课""], ""operator"": ""or""}]}}",Y,Y,Y,,llm_onecall,4789.0
教育,1415,不花钱的1年级语文,edu_keyword_search,edu_search,"{""query"": {""and"": [{""field"": ""grade"", ""value"": ""一年级""}, {""field"": ""first_subject"", ""value"": ""语文""}, {""field"": ""is_fee"", ""value"": 0}, {""field"": ""k12_category"", ""values"": [""同步课"", ""同步拓展课""], ""operator"": ""or""}]}}",edu_search,"{""query"": {""and"": [{""field"": ""grade"", ""value"": ""一年级""}, {""field"": ""first_subject"", ""value"": ""语文""}, {""field"": ""is_fee"", ""value"": 0}, {""field"": ""k12_category"", ""values"": [""同步课"", ""同步拓展课""], ""operator"": ""or""}]}}",Y,Y,Y,,llm_onecall,1128.6
教育,1405,播放7年级生物课程,edu_keyword_search,edu_search,"{""query"": {""and"": [{""field"": ""grade"", ""value"": ""七年级""}, {""field"": ""first_subject"", ""value"": ""生物""}, {""field"": ""k12_category"", ""values"": [""同步课"", ""同步拓展课""], ""operator"": ""or""}]}}",edu_search,"{""query"": {""and"": [{""field"": ""grade"", ""value"": ""七年级""}, {""field"": ""first_subject"", ""value"": ""生物""}, {""field"": ""k12_category"", ""values"": [""同步课"", ""同步拓展课""], ""operator"": ""or""}]}}",Y,Y,Y,,llm_onecall,5751.2
教育,1406,青岛版8年级历史,edu_keyword_search,edu_search,"{""query"": {""and"": [{""field"": ""grade"", ""value"": ""八年级""}, {""field"": ""first_subject"", ""value"": ""历史""}, {""field"": ""material_version"", ""value"": ""青岛版""}, {""field"": ""k12_category"", ""values"": [""同步课"", ""同步拓展课""], ""operator"": ""or""}]}}",edu_search,"{""query"": {""and"": [{""field"": ""grade"", ""value"": ""八年级""}, {""field"": ""first_subject"", ""value"": ""历史""}, {""field"": ""material_version"", ""value"": ""青岛版""}, {""field"": ""k12_category"", ""values"": [""同步课"", ""同步拓展课""], ""operator"": ""or""}]}}",Y,Y,Y,,llm_onecall,5828.4
教育,1407,播放2年级语文课程,edu_keyword_search,edu_search,"{""query"": {""and"": [{""field"": ""grade"", ""value"": ""二年级""}, {""field"": ""first_subject"", ""value"": ""语文""}, {""field"": ""k12_category"", ""values"": [""同步课"", ""同步拓展课""], ""operator"": ""or""}]}}",edu_search,"{""query"": {""and"": [{""field"": ""grade"", ""value"": ""二年级""}, {""field"": ""first_subject"", ""value"": ""语文""}, {""field"": ""k12_category"", ""values"": [""同步课"", ""同步拓展课""], ""operator"": ""or""}]}}",Y,Y,Y,,llm_onecall,5610.2
教育,1409,2年级语文,edu_keyword_search,edu_search,"{""query"": {""and"": [{""field"": ""grade"", ""value"": ""二年级""}, {""field"": ""first_subject"", ""value"": ""语文""}, {""field"": ""k12_category"", ""values"": [""同步课"", ""同步拓展课""], ""operator"": ""or""}]}}",edu_search,"{""query"": {""and"": [{""field"": ""grade"", ""value"": ""二年级""}, {""field"": ""first_subject"", ""value"": ""语文""}, {""field"": ""k12_category"", ""values"": [""同步课"", ""同步拓展课""], ""operator"": ""or""}]}}",Y,Y,Y,,llm_onecall,5527.8
教育,1408,苏教版高二语文,edu_keyword_search,edu_search,"{""query"": {""and"": [{""field"": ""grade"", ""value"": ""高二""}, {""field"": ""first_subject"", ""value"": ""语文""}, {""field"": ""material_version"", ""value"": ""苏教版""}, {""field"": ""k12_category"", ""values"": [""同步课"", ""同步拓展课""], ""operator"": ""or""}]}}",edu_search,"{""query"": {""and"": [{""field"": ""grade"", ""value"": ""高二""}, {""field"": ""first_subject"", ""value"": ""语文""}, {""field"": ""material_version"", ""value"": ""苏教版""}, {""field"": ""k12_category"", ""values"": [""同步课"", ""同步拓展课""], ""operator"": ""or""}]}}",Y,Y,Y,,llm_onecall,5611.8
教育,1417,苏教版六年级政治下册同步辅导精讲,edu_holistic_search,edu_fuzzy_search,"{""retext"": ""苏教版六年级政治下册同步辅导精讲""}",edu_fuzzy_search,"{""retext"": ""苏教版六年级政治下册同步辅导精讲""}",Y,Y,Y,,llm_onecall,1213.8
教育,1420,八年级物理元素周期表网课推荐,edu_holistic_search,edu_fuzzy_search,"{""retext"": ""八年级物理元素周期表网课推荐""}",edu_fuzzy_search,"{""retext"": ""八年级物理元素周期表网课推荐""}",Y,Y,Y,,llm_onecall,1569.1
教育,1421,推荐一些数学几何重点的网课,edu_holistic_search,edu_fuzzy_search,"{""retext"": ""推荐一些数学几何重点的网课""}",edu_fuzzy_search,"{""retext"": ""推荐一些数学几何重点的网课""}",Y,Y,Y,,llm_onecall,1535.8
教育,1418,沪科版六年级物理上册同步辅导精讲,edu_holistic_search,edu_fuzzy_search,"{""retext"": ""沪科版六年级物理上册同步辅导精讲""}",edu_fuzzy_search,"{""retext"": ""沪科版六年级物理上册同步辅导精讲""}",Y,Y,Y,,llm_onecall,1649.4
教育,1422,二年级下册物理知识点总结,edu_holistic_search,edu_fuzzy_search,"{""retext"": ""二年级下册物理知识点总结""}",edu_fuzzy_search,"{""retext"": ""二年级下册物理知识点总结""}",Y,Y,Y,,llm_onecall,1186.4
教育,1411,小学历史呢,edu_keyword_search,edu_search,"{""query"": {""and"": [{""field"": ""figures"", ""value"": ""小学""}, {""field"": ""first_subject"", ""value"": ""历史""}, {""field"": ""k12_category"", ""values"": [""同步课"", ""同步拓展课""], ""operator"": ""or""}]}}",edu_search,"{""query"": {""and"": [{""field"": ""figures"", ""value"": ""小学""}, {""field"": ""first_subject"", ""value"": ""历史""}, {""field"": ""k12_category"", ""values"": [""同步课"", ""同步拓展课""], ""operator"": ""or""}]}}",Y,Y,Y,,llm_onecall,5726.6
教育,1425,一年级物理期末复习,edu_holistic_search,edu_fuzzy_search,"{""retext"": ""一年级物理期末复习""}",edu_fuzzy_search,"{""retext"": ""一年级物理期末复习""}",Y,Y,Y,,llm_onecall,1013.5
教育,1413,高二的政治,edu_keyword_search,edu_search,"{""query"": {""and"": [{""field"": ""grade"", ""value"": ""高二""}, {""field"": ""first_subject"", ""value"": ""政治""}, {""field"": ""k12_category"", ""values"": [""同步课"", ""同步拓展课""], ""operator"": ""or""}]}}",edu_search,"{""query"": {""and"": [{""field"": ""grade"", ""value"": ""高二""}, {""field"": ""first_subject"", ""value"": ""政治""}, {""field"": ""k12_category"", ""values"": [""同步课"", ""同步拓展课""], ""operator"": ""or""}]}}",Y,Y,Y,,llm_onecall,5693.7
教育,1414,小学政治,edu_keyword_search,edu_search,"{""query"": {""and"": [{""field"": ""figures"", ""value"": ""小学""}, {""field"": ""first_subject"", ""value"": ""政治""}, {""field"": ""k12_category"", ""values"": [""同步课"", ""同步拓展课""], ""operator"": ""or""}]}}",edu_search,"{""query"": {""and"": [{""field"": ""figures"", ""value"": ""小学""}, {""field"": ""first_subject"", ""value"": ""政治""}, {""field"": ""k12_category"", ""values"": [""同步课"", ""同步拓展课""], ""operator"": ""or""}]}}",Y,Y,Y,,llm_onecall,5658.6
教育,1424,有没有猿辅导的精讲课程,edu_holistic_search,edu_fuzzy_search,"{""retext"": ""有没有猿辅导的精讲课程""}",edu_fuzzy_search,"{""retext"": ""有没有猿辅导的精讲课程""}",Y,Y,Y,,llm_onecall,1147.2
教育,1412,1年级生物下册课本,edu_keyword_search,edu_search,"{""query"": {""and"": [{""field"": ""grade"", ""value"": ""一年级""}, {""field"": ""first_subject"", ""value"": ""生物""}, {""field"": ""semester"", ""value"": ""下半学期""}, {""field"": ""k12_category"", ""values"": [""同步课"", ""同步拓展课""], ""operator"": ""or""}]}}",edu_search,"{""query"": {""and"": [{""field"": ""grade"", ""value"": ""一年级""}, {""field"": ""semester"", ""value"": ""下半学期""}, {""field"": ""first_subject"", ""value"": ""生物""}, {""field"": ""k12_category"", ""values"": [""同步课"", ""同步拓展课""], ""operator"": ""or""}]}}",Y,Y,Y,,llm_onecall,5789.7
教育,1423,简笔画零基础入门课,edu_holistic_search,edu_fuzzy_search,"{""retext"": ""简笔画零基础入门课""}",edu_fuzzy_search,"{""retext"": ""简笔画零基础入门课""}",Y,Y,Y,,llm_onecall,1230.2
教育,1426,儿童编程启蒙课,edu_holistic_search,edu_fuzzy_search,"{""retext"": ""儿童编程启蒙课""}",edu_fuzzy_search,"{""retext"": ""儿童编程启蒙课""}",Y,Y,Y,,llm_onecall,1219.3
教育,1416,4年级语文下册,edu_keyword_search,edu_search,"{""query"": {""and"": [{""field"": ""grade"", ""value"": ""四年级""}, {""field"": ""first_subject"", ""value"": ""语文""}, {""field"": ""semester"", ""value"": ""下半学期""}, {""field"": ""k12_category"", ""values"": [""同步课"", ""同步拓展课""], ""operator"": ""or""}]}}",edu_search,"{""query"": {""and"": [{""field"": ""grade"", ""value"": ""四年级""}, {""field"": ""semester"", ""value"": ""下半学期""}, {""field"": ""first_subject"", ""value"": ""语文""}, {""field"": ""k12_category"", ""values"": [""同步课"", ""同步拓展课""], ""operator"": ""or""}]}}",Y,Y,Y,,llm_onecall,4926.6
教育,1430,地理成绩怎么提高,edu_holistic_search,edu_fuzzy_search,"{""retext"": ""地理成绩怎么提高""}",edu_fuzzy_search,"{""retext"": ""地理成绩怎么提高""}",Y,Y,Y,,llm_onecall,1348.7
教育,1428,少儿硬笔书法课程,edu_holistic_search,edu_fuzzy_search,"{""retext"": ""少儿硬笔书法课程""}",edu_fuzzy_search,"{""retext"": ""少儿硬笔书法课程""}",Y,Y,Y,,llm_onecall,1377.7
教育,1429,学习六年级政治阅读理解专题课,edu_holistic_search,edu_fuzzy_search,"{""retext"": ""学习六年级政治阅读理解专题课""}",edu_fuzzy_search,"{""retext"": ""学习六年级政治阅读理解专题课""}",Y,Y,Y,,llm_onecall,1375.4
教育,1427,物理基础差应该从哪里补起,edu_holistic_search,edu_fuzzy_search,"{""retext"": ""物理基础差应该从哪里补起""}",edu_fuzzy_search,"{""retext"": ""物理基础差应该从哪里补起""}",Y,Y,Y,,llm_onecall,1642.1
教育,1431,一年级生物知识精讲内容,edu_holistic_search,edu_fuzzy_search,"{""retext"": ""一年级生物知识精讲内容""}",edu_fuzzy_search,"{""retext"": ""一年级生物知识精讲内容""}",Y,Y,Y,,llm_onecall,1799.7
教育,1432,少儿编程课程,edu_holistic_search,edu_fuzzy_search,"{""retext"": ""少儿编程课程""}",edu_fuzzy_search,"{""retext"": ""少儿编程课程""}",Y,Y,Y,,llm_onecall,2411.4
教育,1434,我想学尤克里里,edu_holistic_search,edu_fuzzy_search,"{""retext"": ""我想学尤克里里""}",edu_fuzzy_search,"{""retext"": ""我想学尤克里里""}",Y,Y,Y,,llm_onecall,2118.7
教育,1433,四年级学地理有什么好方法,edu_holistic_search,edu_fuzzy_search,"{""retext"": ""四年级学地理有什么好方法""}",edu_fuzzy_search,"{""retext"": ""四年级学地理有什么好方法""}",Y,Y,Y,,llm_onecall,2600.2
教育,1435,我要看四年级函数单调性知识点,edu_holistic_search,edu_fuzzy_search,"{""retext"": ""我要看四年级函数单调性知识点""}",edu_fuzzy_search,"{""retext"": ""我要看四年级函数单调性知识点""}",Y,Y,Y,,llm_onecall,1514.8
教育,1436,文言文阅读专项讲解,edu_holistic_search,edu_fuzzy_search,"{""retext"": ""文言文阅读专项讲解""}",edu_fuzzy_search,"{""retext"": ""文言文阅读专项讲解""}",Y,Y,Y,,llm_onecall,1796.8
教育,1419,少儿国画课程,edu_holistic_search,edu_fuzzy_search,"{""retext"": ""少儿国画课程""}",educ_search,"{""retext"": ""少儿国画课程"", ""query"": {""and"": [{""field"": ""children_third_genre"", ""value"": ""国画""}, {""field"": ""training_objectives"", ""value"": ""艺术启蒙""}]}}",N,N,N,"query: gold= pred={""and"": [{""field"": ""children_third_genre"", ""value"": ""国画""}, {""field"": ""training_objectives"", ""value"": ""艺术启蒙""}]}",llm_onecall,6102.3
教育,1437,有没有万唯的精讲课程,edu_holistic_search,edu_fuzzy_search,"{""retext"": ""有没有万唯的精讲课程""}",edu_fuzzy_search,"{""retext"": ""有没有万唯的精讲课程""}",Y,Y,Y,,llm_onecall,2584.2
教育,1438,小学高三开设化学课吗,edu_holistic_search,edu_fuzzy_search,"{""retext"": ""小学高三开设化学课吗""}",edu_fuzzy_search,"{""retext"": ""小学高三开设化学课吗""}",Y,Y,Y,,llm_onecall,2709.6
教育,1440,机器人零基础入门课,edu_holistic_search,edu_fuzzy_search,"{""retext"": ""机器人零基础入门课""}",edu_fuzzy_search,"{""retext"": ""机器人零基础入门课""}",Y,Y,Y,,llm_onecall,2215.4
教育,1439,机器人基础教学视频,edu_holistic_search,edu_fuzzy_search,"{""retext"": ""机器人基础教学视频""}",edu_fuzzy_search,"{""retext"": ""机器人基础教学视频""}",Y,Y,Y,,llm_onecall,2651.4
教育,1442,播放星火教育的教育视频,edu_holistic_search,edu_fuzzy_search,"{""retext"": ""播放星火教育的教育视频""}",edu_fuzzy_search,"{""retext"": ""播放星火教育的教育视频""}",Y,Y,Y,,llm_onecall,2421.2
教育,1444,我想学象棋,edu_holistic_search,edu_fuzzy_search,"{""retext"": ""我想学象棋""}",edu_fuzzy_search,"{""retext"": ""我想学象棋""}",Y,Y,Y,,llm_onecall,2404.8
教育,1443,七年级物理知识精讲内容,edu_holistic_search,edu_fuzzy_search,"{""retext"": ""七年级物理知识精讲内容""}",edu_fuzzy_search,"{""retext"": ""七年级物理知识精讲内容""}",Y,Y,Y,,llm_onecall,2522.7
教育,1445,推荐一些地理一般现在时的网课,edu_holistic_search,edu_fuzzy_search,"{""retext"": ""推荐一些地理一般现在时的网课""}",edu_fuzzy_search,"{""retext"": ""推荐一些地理一般现在时的网课""}",Y,Y,Y,,llm_onecall,2434.9
教育,1447,国画基础教学视频,edu_holistic_search,edu_fuzzy_search,"{""retext"": ""国画基础教学视频""}",edu_fuzzy_search,"{""retext"": ""国画基础教学视频""}",Y,Y,Y,,llm_onecall,2686.6
教育,1449,高三学数学有什么好方法,edu_holistic_search,edu_fuzzy_search,"{""retext"": ""高三学数学有什么好方法""}",edu_fuzzy_search,"{""retext"": ""高三学数学有什么好方法""}",Y,Y,Y,,llm_onecall,2559.8
教育,1450,高二学化学有什么好方法,edu_holistic_search,edu_fuzzy_search,"{""retext"": ""高二学化学有什么好方法""}",edu_fuzzy_search,"{""retext"": ""高二学化学有什么好方法""}",Y,Y,Y,,llm_onecall,2804.7
教育,1452,学习二年级政治作文素材专题课,edu_holistic_search,edu_fuzzy_search,"{""retext"": ""学习二年级政治作文素材专题课""}",edu_fuzzy_search,"{""retext"": ""学习二年级政治作文素材专题课""}",Y,Y,Y,,llm_onecall,3010.8
教育,1451,推荐一些英语元素周期表的网课,edu_holistic_search,edu_fuzzy_search,"{""retext"": ""推荐一些英语元素周期表的网课""}",edu_fuzzy_search,"{""retext"": ""推荐一些英语元素周期表的网课""}",Y,Y,Y,,llm_onecall,3023.0
教育,1455,播放万唯的教育视频,edu_holistic_search,edu_fuzzy_search,"{""retext"": ""播放万唯的教育视频""}",edu_fuzzy_search,"{""retext"": ""播放万唯的教育视频""}",Y,Y,Y,,llm_onecall,1955.1
教育,1441,儿童游泳启蒙课,edu_holistic_search,edu_fuzzy_search,"{""retext"": ""儿童游泳启蒙课""}",educ_search,"{""retext"": ""儿童游泳启蒙课"", ""query"": {""and"": [{""field"": ""children_third_genre"", ""value"": ""游泳""}, {""field"": ""training_objectives"", ""value"": ""启蒙""}]}}",N,N,N,"query: gold= pred={""and"": [{""field"": ""children_third_genre"", ""value"": ""游泳""}, {""field"": ""training_objectives"", ""value"": ""启蒙""}]}",llm_onecall,6799.0
教育,1456,英语基础差应该从哪里补起,edu_holistic_search,edu_fuzzy_search,"{""retext"": ""英语基础差应该从哪里补起""}",edu_fuzzy_search,"{""retext"": ""英语基础差应该从哪里补起""}",Y,Y,Y,,llm_onecall,2728.2
教育,1457,推荐一些物理元素周期表的网课,edu_holistic_search,edu_fuzzy_search,"{""retext"": ""推荐一些物理元素周期表的网课""}",edu_fuzzy_search,"{""retext"": ""推荐一些物理元素周期表的网课""}",Y,Y,Y,,llm_onecall,2487.1
教育,1458,政治怎么复习最有效,edu_holistic_search,edu_fuzzy_search,"{""retext"": ""政治怎么复习最有效""}",edu_fuzzy_search,"{""retext"": ""政治怎么复习最有效""}",Y,Y,Y,,llm_onecall,1650.1
教育,1459,有没有学而思的精讲课程呢,edu_holistic_search,edu_fuzzy_search,"{""retext"": ""有没有学而思的精讲课程呢""}",edu_fuzzy_search,"{""retext"": ""有没有学而思的精讲课程呢""}",Y,Y,Y,,llm_onecall,2055.6
教育,1460,我想学游泳,edu_holistic_search,edu_fuzzy_search,"{""retext"": ""我想学游泳""}",edu_fuzzy_search,"{""retext"": ""我想学游泳""}",Y,Y,Y,,llm_onecall,1888.6
教育,1461,我要看四年级函数单调性知识点呢,edu_holistic_search,edu_fuzzy_search,"{""retext"": ""我要看四年级函数单调性知识点呢""}",edu_fuzzy_search,"{""retext"": ""我要看四年级函数单调性知识点呢""}",Y,Y,Y,,llm_onecall,1527.6
教育,1462,沪科版高二政治下册同步辅导精讲,edu_holistic_search,edu_fuzzy_search,"{""retext"": ""沪科版高二政治下册同步辅导精讲""}",edu_fuzzy_search,"{""retext"": ""沪科版高二政治下册同步辅导精讲""}",Y,Y,Y,,llm_onecall,1706.4
教育,1446,儿童篮球启蒙课,edu_holistic_search,edu_fuzzy_search,"{""retext"": ""儿童篮球启蒙课""}",educ_search,"{""retext"": ""儿童篮球启蒙课"", ""query"": {""and"": [{""field"": ""children_third_genre"", ""value"": ""篮球""}, {""field"": ""training_objectives"", ""value"": ""启蒙""}]}}",N,N,N,"query: gold= pred={""and"": [{""field"": ""children_third_genre"", ""value"": ""篮球""}, {""field"": ""training_objectives"", ""value"": ""启蒙""}]}",llm_onecall,7808.4
教育,1448,儿童游泳启蒙课呢,edu_holistic_search,edu_fuzzy_search,"{""retext"": ""儿童游泳启蒙课呢""}",educ_search,"{""retext"": ""儿童游泳启蒙课呢"", ""query"": {""and"": [{""field"": ""children_third_genre"", ""value"": ""游泳""}, {""field"": ""training_objectives"", ""value"": ""启蒙""}]}}",N,N,N,"query: gold= pred={""and"": [{""field"": ""children_third_genre"", ""value"": ""游泳""}, {""field"": ""training_objectives"", ""value"": ""启蒙""}]}",llm_onecall,7229.9
教育,1464,我想学乐高,edu_holistic_search,edu_fuzzy_search,"{""retext"": ""我想学乐高""}",edu_fuzzy_search,"{""retext"": ""我想学乐高""}",Y,Y,Y,,llm_onecall,1599.3
教育,1465,高考语文冲刺呢,edu_holistic_search,edu_fuzzy_search,"{""retext"": ""高考语文冲刺呢""}",edu_fuzzy_search,"{""retext"": ""高考语文冲刺呢""}",Y,Y,Y,,llm_onecall,1491.8
教育,1466,三年级学英语有什么好方法,edu_holistic_search,edu_fuzzy_search,"{""retext"": ""三年级学英语有什么好方法""}",edu_fuzzy_search,"{""retext"": ""三年级学英语有什么好方法""}",Y,Y,Y,,llm_onecall,1669.1
教育,1467,六年级科学一般现在时网课推荐,edu_holistic_search,edu_fuzzy_search,"{""retext"": ""六年级科学一般现在时网课推荐""}",edu_fuzzy_search,"{""retext"": ""六年级科学一般现在时网课推荐""}",Y,Y,Y,,llm_onecall,1655.9
教育,1468,英语成绩怎么提高,edu_holistic_search,edu_fuzzy_search,"{""retext"": ""英语成绩怎么提高""}",edu_fuzzy_search,"{""retext"": ""英语成绩怎么提高""}",Y,Y,Y,,llm_onecall,1567.9
教育,1453,儿童篮球启蒙课呢,edu_holistic_search,edu_fuzzy_search,"{""retext"": ""儿童篮球启蒙课呢""}",educ_search,"{""retext"": ""儿童篮球启蒙课呢"", ""query"": {""and"": [{""field"": ""children_third_genre"", ""value"": ""篮球""}, {""field"": ""training_objectives"", ""value"": ""启蒙""}]}}",N,N,N,"query: gold= pred={""and"": [{""field"": ""children_third_genre"", ""value"": ""篮球""}, {""field"": ""training_objectives"", ""value"": ""启蒙""}]}",llm_onecall,7774.4
教育,1469,八年级化学知识精讲内容,edu_holistic_search,edu_fuzzy_search,"{""retext"": ""八年级化学知识精讲内容""}",edu_fuzzy_search,"{""retext"": ""八年级化学知识精讲内容""}",Y,Y,Y,,llm_onecall,1803.5
教育,1454,儿童乐高启蒙课,edu_holistic_search,edu_fuzzy_search,"{""retext"": ""儿童乐高启蒙课""}",educ_search,"{""retext"": ""儿童乐高启蒙课"", ""query"": {""and"": [{""field"": ""title"", ""value"": ""乐高""}, {""field"": ""training_objectives"", ""value"": ""启蒙""}]}}",N,N,N,"query: gold= pred={""and"": [{""field"": ""title"", ""value"": ""乐高""}, {""field"": ""training_objectives"", ""value"": ""启蒙""}]}",llm_onecall,7727.4
教育,1471,口才零基础入门课,edu_holistic_search,edu_fuzzy_search,"{""retext"": ""口才零基础入门课""}",edu_fuzzy_search,"{""retext"": ""口才零基础入门课""}",Y,Y,Y,,llm_onecall,1914.2
教育,1470,二年级数学期末复习,edu_holistic_search,edu_fuzzy_search,"{""retext"": ""二年级数学期末复习""}",edu_fuzzy_search,"{""retext"": ""二年级数学期末复习""}",Y,Y,Y,,llm_onecall,2012.5
教育,1472,高三物理知识精讲内容,edu_holistic_search,edu_fuzzy_search,"{""retext"": ""高三物理知识精讲内容""}",edu_fuzzy_search,"{""retext"": ""高三物理知识精讲内容""}",Y,Y,Y,,llm_onecall,2029.8
教育,1473,有没有学而思的精讲课程啊,edu_holistic_search,edu_fuzzy_search,"{""retext"": ""有没有学而思的精讲课程啊""}",edu_fuzzy_search,"{""retext"": ""有没有学而思的精讲课程啊""}",Y,Y,Y,,llm_onecall,2034.2
教育,1474,搜索二年级物理压轴题押题解析,edu_holistic_search,edu_fuzzy_search,"{""retext"": ""搜索二年级物理压轴题押题解析""}",edu_fuzzy_search,"{""retext"": ""搜索二年级物理压轴题押题解析""}",Y,Y,Y,,llm_onecall,2054.3
教育,1476,高考语文冲刺啊,edu_holistic_search,edu_fuzzy_search,"{""retext"": ""高考语文冲刺啊""}",edu_fuzzy_search,"{""retext"": ""高考语文冲刺啊""}",Y,Y,Y,,llm_onecall,1541.8
教育,1475,语文总是记不住怎么办,edu_holistic_search,edu_fuzzy_search,"{""retext"": ""语文总是记不住怎么办""}",edu_fuzzy_search,"{""retext"": ""语文总是记不住怎么办""}",Y,Y,Y,,llm_onecall,1910.3
教育,1477,元素周期表专项讲解,edu_holistic_search,edu_fuzzy_search,"{""retext"": ""元素周期表专项讲解""}",edu_fuzzy_search,"{""retext"": ""元素周期表专项讲解""}",Y,Y,Y,,llm_onecall,2046.1
教育,1478,学习七年级生物几何重点专题课,edu_holistic_search,edu_fuzzy_search,"{""retext"": ""学习七年级生物几何重点专题课""}",edu_fuzzy_search,"{""retext"": ""学习七年级生物几何重点专题课""}",Y,Y,Y,,llm_onecall,2351.0
教育,1463,儿童尤克里里启蒙课,edu_holistic_search,edu_fuzzy_search,"{""retext"": ""儿童尤克里里启蒙课""}",educ_search,"{""retext"": ""儿童尤克里里启蒙课"", ""query"": {""and"": [{""field"": ""title"", ""value"": ""尤克里里""}, {""field"": ""training_objectives"", ""value"": ""启蒙""}]}}",N,N,N,"query: gold= pred={""and"": [{""field"": ""title"", ""value"": ""尤克里里""}, {""field"": ""training_objectives"", ""value"": ""启蒙""}]}",llm_onecall,6634.2
教育,1479,有没有学而思的精讲课程吧,edu_holistic_search,edu_fuzzy_search,"{""retext"": ""有没有学而思的精讲课程吧""}",edu_fuzzy_search,"{""retext"": ""有没有学而思的精讲课程吧""}",Y,Y,Y,,llm_onecall,2717.2
教育,1482,几何重点专项讲解,edu_holistic_search,edu_fuzzy_search,"{""retext"": ""几何重点专项讲解""}",edu_fuzzy_search,"{""retext"": ""几何重点专项讲解""}",Y,Y,Y,,llm_onecall,2304.2
教育,1483,沪科版五年级生物下册同步辅导精讲,edu_holistic_search,edu_fuzzy_search,"{""retext"": ""沪科版五年级生物下册同步辅导精讲""}",edu_fuzzy_search,"{""retext"": ""沪科版五年级生物下册同步辅导精讲""}",Y,Y,Y,,llm_onecall,2514.5
教育,1484,文言文阅读专项讲解呢,edu_holistic_search,edu_fuzzy_search,"{""retext"": ""文言文阅读专项讲解呢""}",edu_fuzzy_search,"{""retext"": ""文言文阅读专项讲解呢""}",Y,Y,Y,,llm_onecall,2697.7
教育,1485,讲解高二数学分数乘除法的课程,edu_holistic_search,edu_fuzzy_search,"{""retext"": ""讲解高二数学分数乘除法的课程""}",edu_fuzzy_search,"{""retext"": ""讲解高二数学分数乘除法的课程""}",Y,Y,Y,,llm_onecall,3062.8
教育,1486,有没有万唯的精讲课程呢,edu_holistic_search,edu_fuzzy_search,"{""retext"": ""有没有万唯的精讲课程呢""}",edu_fuzzy_search,"{""retext"": ""有没有万唯的精讲课程呢""}",Y,Y,Y,,llm_onecall,2922.9
教育,1487,历史是从几年级开始学的,edu_holistic_search,edu_fuzzy_search,"{""retext"": ""历史是从几年级开始学的""}",edu_fuzzy_search,"{""retext"": ""历史是从几年级开始学的""}",Y,Y,Y,,llm_onecall,2350.4
教育,1489,高一的主要学科是什么,edu_holistic_search,edu_fuzzy_search,"{""retext"": ""高一的主要学科是什么""}",edu_fuzzy_search,"{""retext"": ""高一的主要学科是什么""}",Y,Y,Y,,llm_onecall,2433.7
教育,1490,高考历史冲刺,edu_holistic_search,edu_fuzzy_search,"{""retext"": ""高考历史冲刺""}",edu_fuzzy_search,"{""retext"": ""高考历史冲刺""}",Y,Y,Y,,llm_onecall,2439.4
教育,1491,我想学口才,edu_holistic_search,edu_fuzzy_search,"{""retext"": ""我想学口才""}",edu_fuzzy_search,"{""retext"": ""我想学口才""}",Y,Y,Y,,llm_onecall,1999.2
教育,1492,播放星火教育的教育视频呢,edu_holistic_search,edu_fuzzy_search,"{""retext"": ""播放星火教育的教育视频呢""}",edu_fuzzy_search,"{""retext"": ""播放星火教育的教育视频呢""}",Y,Y,Y,,llm_onecall,2014.2
教育,1493,围棋基础教学视频,edu_holistic_search,edu_fuzzy_search,"{""retext"": ""围棋基础教学视频""}",edu_fuzzy_search,"{""retext"": ""围棋基础教学视频""}",Y,Y,Y,,llm_onecall,2157.2
教育,1480,少儿游泳课程,edu_holistic_search,edu_fuzzy_search,"{""retext"": ""少儿游泳课程""}",educ_search,"{""retext"": ""少儿游泳课程"", ""query"": {""field"": ""children_third_genre"", ""value"": ""游泳""}}",N,N,N,"query: gold= pred={""field"": ""children_third_genre"", ""value"": ""游泳""}",llm_onecall,6925.5
教育,1495,我要看四年级病句修改知识点,edu_holistic_search,edu_fuzzy_search,"{""retext"": ""我要看四年级病句修改知识点""}",edu_fuzzy_search,"{""retext"": ""我要看四年级病句修改知识点""}",Y,Y,Y,,llm_onecall,2487.9
教育,1497,我想学口才呢,edu_holistic_search,edu_fuzzy_search,"{""retext"": ""我想学口才呢""}",edu_fuzzy_search,"{""retext"": ""我想学口才呢""}",Y,Y,Y,,llm_onecall,1608.3
教育,1496,化学总是记不住怎么办,edu_holistic_search,edu_fuzzy_search,"{""retext"": ""化学总是记不住怎么办""}",edu_fuzzy_search,"{""retext"": ""化学总是记不住怎么办""}",Y,Y,Y,,llm_onecall,2059.7
教育,1481,少儿机器人课程,edu_holistic_search,edu_fuzzy_search,"{""retext"": ""少儿机器人课程""}",educ_search,"{""retext"": ""少儿机器人课程"", ""query"": {""and"": [{""field"": ""children_third_genre"", ""value"": ""机器人""}, {""field"": ""training_objectives"", ""value"": ""课程""}]}}",N,N,N,"query: gold= pred={""and"": [{""field"": ""children_third_genre"", ""value"": ""机器人""}, {""field"": ""training_objectives"", ""value"": ""课程""}]}",llm_onecall,7020.4
教育,1498,播放学而思的教育视频,edu_holistic_search,edu_fuzzy_search,"{""retext"": ""播放学而思的教育视频""}",edu_fuzzy_search,"{""retext"": ""播放学而思的教育视频""}",Y,Y,Y,,llm_onecall,1926.9
教育,1499,简笔画基础教学视频,edu_holistic_search,edu_fuzzy_search,"{""retext"": ""简笔画基础教学视频""}",edu_fuzzy_search,"{""retext"": ""简笔画基础教学视频""}",Y,Y,Y,,llm_onecall,2593.1
教育,1500,我要看七年级一般现在时知识点,edu_holistic_search,edu_fuzzy_search,"{""retext"": ""我要看七年级一般现在时知识点""}",edu_fuzzy_search,"{""retext"": ""我要看七年级一般现在时知识点""}",Y,Y,Y,,llm_onecall,2183.0
教育,1501,讲解五年级政治阅读理解的课程,edu_holistic_search,edu_fuzzy_search,"{""retext"": ""讲解五年级政治阅读理解的课程""}",edu_fuzzy_search,"{""retext"": ""讲解五年级政治阅读理解的课程""}",Y,Y,Y,,llm_onecall,1809.3
教育,1503,八年级的主要学科是什么,edu_holistic_search,edu_fuzzy_search,"{""retext"": ""八年级的主要学科是什么""}",edu_fuzzy_search,"{""retext"": ""八年级的主要学科是什么""}",Y,Y,Y,,llm_onecall,1803.1
教育,1506,数学知识点太碎怎么梳理,edu_holistic_search,edu_fuzzy_search,"{""retext"": ""数学知识点太碎怎么梳理""}",edu_fuzzy_search,"{""retext"": ""数学知识点太碎怎么梳理""}",Y,Y,Y,,llm_onecall,2127.0
教育,1505,地理主观题怎么拿高分,edu_holistic_search,edu_fuzzy_search,"{""retext"": ""地理主观题怎么拿高分""}",edu_fuzzy_search,"{""retext"": ""地理主观题怎么拿高分""}",Y,Y,Y,,llm_onecall,2418.3
教育,1488,少儿尤克里里课程,edu_holistic_search,edu_fuzzy_search,"{""retext"": ""少儿尤克里里课程""}",educ_search,"{""retext"": ""少儿尤克里里课程"", ""query"": {""and"": [{""field"": ""children_third_genre"", ""value"": ""尤克里里""}, {""field"": ""training_objectives"", ""value"": ""音乐启蒙""}]}}",N,N,N,"query: gold= pred={""and"": [{""field"": ""children_third_genre"", ""value"": ""尤克里里""}, {""field"": ""training_objectives"", ""value"": ""音乐启蒙""}]}",llm_onecall,7315.4
教育,1504,搜索四年级物理压轴题押题解析,edu_holistic_search,edu_fuzzy_search,"{""retext"": ""搜索四年级物理压轴题押题解析""}",edu_fuzzy_search,"{""retext"": ""搜索四年级物理压轴题押题解析""}",Y,Y,Y,,llm_onecall,2876.3
教育,1507,我想学围棋呢,edu_holistic_search,edu_fuzzy_search,"{""retext"": ""我想学围棋呢""}",edu_fuzzy_search,"{""retext"": ""我想学围棋呢""}",Y,Y,Y,,llm_onecall,1690.8
教育,1508,生物总是记不住怎么办,edu_holistic_search,edu_fuzzy_search,"{""retext"": ""生物总是记不住怎么办""}",edu_fuzzy_search,"{""retext"": ""生物总是记不住怎么办""}",Y,Y,Y,,llm_onecall,2433.2
教育,1509,有没有作业帮的精讲课程,edu_holistic_search,edu_fuzzy_search,"{""retext"": ""有没有作业帮的精讲课程""}",edu_fuzzy_search,"{""retext"": ""有没有作业帮的精讲课程""}",Y,Y,Y,,llm_onecall,2377.8
教育,1510,推荐一些物理函数单调性的网课,edu_holistic_search,edu_fuzzy_search,"{""retext"": ""推荐一些物理函数单调性的网课""}",edu_fuzzy_search,"{""retext"": ""推荐一些物理函数单调性的网课""}",Y,Y,Y,,llm_onecall,2295.4
教育,1511,我想学机器人,edu_holistic_search,edu_fuzzy_search,"{""retext"": ""我想学机器人""}",edu_fuzzy_search,"{""retext"": ""我想学机器人""}",Y,Y,Y,,llm_onecall,1526.2
教育,1512,六年级化学知识精讲内容,edu_holistic_search,edu_fuzzy_search,"{""retext"": ""六年级化学知识精讲内容""}",edu_fuzzy_search,"{""retext"": ""六年级化学知识精讲内容""}",Y,Y,Y,,llm_onecall,1744.1
教育,1494,儿童机器人启蒙课,edu_holistic_search,edu_fuzzy_search,"{""retext"": ""儿童机器人启蒙课""}",educ_search,"{""retext"": ""儿童机器人启蒙课"", ""query"": {""and"": [{""field"": ""title"", ""value"": ""机器人""}, {""field"": ""training_objectives"", ""value"": ""启蒙""}]}}",N,N,N,"query: gold= pred={""and"": [{""field"": ""title"", ""value"": ""机器人""}, {""field"": ""training_objectives"", ""value"": ""启蒙""}]}",llm_onecall,6999.2
教育,1514,二年级的主要学科是什么,edu_holistic_search,edu_fuzzy_search,"{""retext"": ""二年级的主要学科是什么""}",edu_fuzzy_search,"{""retext"": ""二年级的主要学科是什么""}",Y,Y,Y,,llm_onecall,2155.0
教育,1513,我想学机器人呢,edu_holistic_search,edu_fuzzy_search,"{""retext"": ""我想学机器人呢""}",edu_fuzzy_search,"{""retext"": ""我想学机器人呢""}",Y,Y,Y,,llm_onecall,2227.6
教育,1515,我想学简笔画,edu_holistic_search,edu_fuzzy_search,"{""retext"": ""我想学简笔画""}",edu_fuzzy_search,"{""retext"": ""我想学简笔画""}",Y,Y,Y,,llm_onecall,2168.0
教育,1516,四年级科学文言文阅读网课推荐,edu_holistic_search,edu_fuzzy_search,"{""retext"": ""四年级科学文言文阅读网课推荐""}",edu_fuzzy_search,"{""retext"": ""四年级科学文言文阅读网课推荐""}",Y,Y,Y,,llm_onecall,1605.5
教育,1517,初中五年级有科学课吗,edu_holistic_search,edu_fuzzy_search,"{""retext"": ""初中五年级有科学课吗""}",edu_fuzzy_search,"{""retext"": ""初中五年级有科学课吗""}",Y,Y,Y,,llm_onecall,1945.4
教育,1518,高考历史冲刺呢,edu_holistic_search,edu_fuzzy_search,"{""retext"": ""高考历史冲刺呢""}",edu_fuzzy_search,"{""retext"": ""高考历史冲刺呢""}",Y,Y,Y,,llm_onecall,2353.1
教育,1502,儿童国画启蒙课,edu_holistic_search,edu_fuzzy_search,"{""retext"": ""儿童国画启蒙课""}",educ_search,"{""retext"": ""儿童国画启蒙课"", ""query"": {""and"": [{""field"": ""children_third_genre"", ""value"": ""国画""}, {""field"": ""training_objectives"", ""value"": ""启蒙""}]}}",N,N,N,"query: gold= pred={""and"": [{""field"": ""children_third_genre"", ""value"": ""国画""}, {""field"": ""training_objectives"", ""value"": ""启蒙""}]}",llm_onecall,6626.4
教育,1519,讲解九年级历史作文素材的课程,edu_holistic_search,edu_fuzzy_search,"{""retext"": ""讲解九年级历史作文素材的课程""}",edu_fuzzy_search,"{""retext"": ""讲解九年级历史作文素材的课程""}",Y,Y,Y,,llm_onecall,2546.8
教育,1521,一年级语文期末复习,edu_holistic_search,edu_fuzzy_search,"{""retext"": ""一年级语文期末复习""}",edu_fuzzy_search,"{""retext"": ""一年级语文期末复习""}",Y,Y,Y,,llm_onecall,2305.9
教育,1522,病句修改专项讲解,edu_holistic_search,edu_fuzzy_search,"{""retext"": ""病句修改专项讲解""}",edu_fuzzy_search,"{""retext"": ""病句修改专项讲解""}",Y,Y,Y,,llm_onecall,2147.9
教育,1524,学习九年级生物阅读理解专题课,edu_holistic_search,edu_fuzzy_search,"{""retext"": ""学习九年级生物阅读理解专题课""}",edu_fuzzy_search,"{""retext"": ""学习九年级生物阅读理解专题课""}",Y,Y,Y,,llm_onecall,2752.1
教育,1525,播放星火教育的教育视频啊,edu_holistic_search,edu_fuzzy_search,"{""retext"": ""播放星火教育的教育视频啊""}",edu_fuzzy_search,"{""retext"": ""播放星火教育的教育视频啊""}",Y,Y,Y,,llm_onecall,2642.4
教育,1527,我想学国画,edu_holistic_search,edu_fuzzy_search,"{""retext"": ""我想学国画""}",edu_fuzzy_search,"{""retext"": ""我想学国画""}",Y,Y,Y,,llm_onecall,2165.2
教育,1526,鄂教版五年级生物下册同步辅导精讲,edu_holistic_search,edu_fuzzy_search,"{""retext"": ""鄂教版五年级生物下册同步辅导精讲""}",edu_fuzzy_search,"{""retext"": ""鄂教版五年级生物下册同步辅导精讲""}",Y,Y,Y,,llm_onecall,2761.3
教育,1528,分数乘除法专项讲解,edu_holistic_search,edu_fuzzy_search,"{""retext"": ""分数乘除法专项讲解""}",edu_fuzzy_search,"{""retext"": ""分数乘除法专项讲解""}",Y,Y,Y,,llm_onecall,2593.0
教育,1529,播放学而思的教育视频呢,edu_holistic_search,edu_fuzzy_search,"{""retext"": ""播放学而思的教育视频呢""}",edu_fuzzy_search,"{""retext"": ""播放学而思的教育视频呢""}",Y,Y,Y,,llm_onecall,2775.1
教育,1530,小学三年级开设物理课吗,edu_holistic_search,edu_fuzzy_search,"{""retext"": ""小学三年级开设物理课吗""}",edu_fuzzy_search,"{""retext"": ""小学三年级开设物理课吗""}",Y,Y,Y,,llm_onecall,2978.4
教育,1532,语文怎么复习最有效,edu_holistic_search,edu_fuzzy_search,"{""retext"": ""语文怎么复习最有效""}",edu_fuzzy_search,"{""retext"": ""语文怎么复习最有效""}",Y,Y,Y,,llm_onecall,1881.6
教育,1531,八年级上册英语知识点总结,edu_holistic_search,edu_fuzzy_search,"{""retext"": ""八年级上册英语知识点总结""}",edu_fuzzy_search,"{""retext"": ""八年级上册英语知识点总结""}",Y,Y,Y,,llm_onecall,2821.1
教育,1533,高中八年级有语文课吗,edu_holistic_search,edu_fuzzy_search,"{""retext"": ""高中八年级有语文课吗""}",edu_fuzzy_search,"{""retext"": ""高中八年级有语文课吗""}",Y,Y,Y,,llm_onecall,2444.9
教育,1535,元素周期表专项讲解呢,edu_holistic_search,edu_fuzzy_search,"{""retext"": ""元素周期表专项讲解呢""}",edu_fuzzy_search,"{""retext"": ""元素周期表专项讲解呢""}",Y,Y,Y,,llm_onecall,2174.2
教育,1534,病句修改专项讲解呢,edu_holistic_search,edu_fuzzy_search,"{""retext"": ""病句修改专项讲解呢""}",edu_fuzzy_search,"{""retext"": ""病句修改专项讲解呢""}",Y,Y,Y,,llm_onecall,2539.8
教育,1537,我想学国画呢,edu_holistic_search,edu_fuzzy_search,"{""retext"": ""我想学国画呢""}",edu_fuzzy_search,"{""retext"": ""我想学国画呢""}",Y,Y,Y,,llm_onecall,1727.0
教育,1536,我要看四年级病句修改知识点呢,edu_holistic_search,edu_fuzzy_search,"{""retext"": ""我要看四年级病句修改知识点呢""}",edu_fuzzy_search,"{""retext"": ""我要看四年级病句修改知识点呢""}",Y,Y,Y,,llm_onecall,2061.7
教育,1520,少儿尤克里里课程呢,edu_holistic_search,edu_fuzzy_search,"{""retext"": ""少儿尤克里里课程呢""}",educ_search,"{""retext"": ""少儿尤克里里课程呢"", ""query"": {""and"": [{""field"": ""children_third_genre"", ""value"": ""尤克里里""}, {""field"": ""training_objectives"", ""value"": ""音乐启蒙""}]}}",N,N,N,"query: gold= pred={""and"": [{""field"": ""children_third_genre"", ""value"": ""尤克里里""}, {""field"": ""training_objectives"", ""value"": ""音乐启蒙""}]}",llm_onecall,7224.2
教育,1538,我想学游泳呢,edu_holistic_search,edu_fuzzy_search,"{""retext"": ""我想学游泳呢""}",edu_fuzzy_search,"{""retext"": ""我想学游泳呢""}",Y,Y,Y,,llm_onecall,1961.9
教育,1539,讲解八年级历史作文素材的课程,edu_holistic_search,edu_fuzzy_search,"{""retext"": ""讲解八年级历史作文素材的课程""}",edu_fuzzy_search,"{""retext"": ""讲解八年级历史作文素材的课程""}",Y,Y,Y,,llm_onecall,2323.1
教育,1523,儿童象棋启蒙课,edu_holistic_search,edu_fuzzy_search,"{""retext"": ""儿童象棋启蒙课""}",educ_search,"{""retext"": ""儿童象棋启蒙课"", ""query"": {""and"": [{""field"": ""title"", ""value"": ""象棋""}, {""field"": ""training_objectives"", ""value"": ""启蒙""}]}}",N,N,N,"query: gold= pred={""and"": [{""field"": ""title"", ""value"": ""象棋""}, {""field"": ""training_objectives"", ""value"": ""启蒙""}]}",llm_onecall,7438.3
教育,1540,推荐一些数学修辞手法的网课,edu_holistic_search,edu_fuzzy_search,"{""retext"": ""推荐一些数学修辞手法的网课""}",edu_fuzzy_search,"{""retext"": ""推荐一些数学修辞手法的网课""}",Y,Y,Y,,llm_onecall,2683.9
教育,1542,我要看六年级分数乘除法知识点,edu_holistic_search,edu_fuzzy_search,"{""retext"": ""我要看六年级分数乘除法知识点""}",edu_fuzzy_search,"{""retext"": ""我要看六年级分数乘除法知识点""}",Y,Y,Y,,llm_onecall,1906.8
教育,1544,编程零基础入门课,edu_holistic_search,edu_fuzzy_search,"{""retext"": ""编程零基础入门课""}",edu_fuzzy_search,"{""retext"": ""编程零基础入门课""}",Y,Y,Y,,llm_onecall,2034.6
教育,1546,游泳基础教学视频,edu_holistic_search,edu_fuzzy_search,"{""retext"": ""游泳基础教学视频""}",edu_fuzzy_search,"{""retext"": ""游泳基础教学视频""}",Y,Y,Y,,llm_onecall,2182.8
教育,1545,有没有万唯的精讲课程啊,edu_holistic_search,edu_fuzzy_search,"{""retext"": ""有没有万唯的精讲课程啊""}",edu_fuzzy_search,"{""retext"": ""有没有万唯的精讲课程啊""}",Y,Y,Y,,llm_onecall,2959.1
教育,1548,高中五年级开设生物课吗,edu_holistic_search,edu_fuzzy_search,"{""retext"": ""高中五年级开设生物课吗""}",edu_fuzzy_search,"{""retext"": ""高中五年级开设生物课吗""}",Y,Y,Y,,llm_onecall,2984.3
教育,1549,象棋基础教学视频,edu_holistic_search,edu_fuzzy_search,"{""retext"": ""象棋基础教学视频""}",edu_fuzzy_search,"{""retext"": ""象棋基础教学视频""}",Y,Y,Y,,llm_onecall,2802.3
教育,1551,我想学象棋呢,edu_holistic_search,edu_fuzzy_search,"{""retext"": ""我想学象棋呢""}",edu_fuzzy_search,"{""retext"": ""我想学象棋呢""}",Y,Y,Y,,llm_onecall,3674.6
教育,1552,讲解八年级物理病句修改的课程,edu_holistic_search,edu_fuzzy_search,"{""retext"": ""讲解八年级物理病句修改的课程""}",edu_fuzzy_search,"{""retext"": ""讲解八年级物理病句修改的课程""}",Y,Y,Y,,llm_onecall,3416.3
教育,1553,推荐一些生物作文素材的网课,edu_holistic_search,edu_fuzzy_search,"{""retext"": ""推荐一些生物作文素材的网课""}",edu_fuzzy_search,"{""retext"": ""推荐一些生物作文素材的网课""}",Y,Y,Y,,llm_onecall,3003.8
教育,1554,尤克里里零基础入门课呢,edu_holistic_search,edu_fuzzy_search,"{""retext"": ""尤克里里零基础入门课呢""}",edu_fuzzy_search,"{""retext"": ""尤克里里零基础入门课呢""}",Y,Y,Y,,llm_onecall,2611.8
教育,1541,少儿机器人课程呢,edu_holistic_search,edu_fuzzy_search,"{""retext"": ""少儿机器人课程呢""}",educ_search,"{""retext"": ""少儿机器人课程呢"", ""query"": {""and"": [{""field"": ""children_third_genre"", ""value"": ""机器人""}, {""field"": ""training_objectives"", ""value"": ""课程""}]}}",N,N,N,"query: gold= pred={""and"": [{""field"": ""children_third_genre"", ""value"": ""机器人""}, {""field"": ""training_objectives"", ""value"": ""课程""}]}",llm_onecall,6671.4
教育,1555,政治成绩怎么提高,edu_holistic_search,edu_fuzzy_search,"{""retext"": ""政治成绩怎么提高""}",edu_fuzzy_search,"{""retext"": ""政治成绩怎么提高""}",Y,Y,Y,,llm_onecall,2179.4
教育,1556,五年级的主要学科是什么,edu_holistic_search,edu_fuzzy_search,"{""retext"": ""五年级的主要学科是什么""}",edu_fuzzy_search,"{""retext"": ""五年级的主要学科是什么""}",Y,Y,Y,,llm_onecall,2336.6
教育,1543,少儿乐高课程,edu_holistic_search,edu_fuzzy_search,"{""retext"": ""少儿乐高课程""}",educ_search,"{""retext"": ""少儿乐高课程"", ""query"": {""and"": [{""field"": ""title"", ""value"": ""乐高""}, {""field"": ""training_objectives"", ""value"": ""课程""}]}}",N,N,N,"query: gold= pred={""and"": [{""field"": ""title"", ""value"": ""乐高""}, {""field"": ""training_objectives"", ""value"": ""课程""}]}",llm_onecall,6555.4
教育,1557,我要看六年级阅读理解知识点,edu_holistic_search,edu_fuzzy_search,"{""retext"": ""我要看六年级阅读理解知识点""}",edu_fuzzy_search,"{""retext"": ""我要看六年级阅读理解知识点""}",Y,Y,Y,,llm_onecall,1587.8
教育,1559,高中八年级开设英语课吗,edu_holistic_search,edu_fuzzy_search,"{""retext"": ""高中八年级开设英语课吗""}",edu_fuzzy_search,"{""retext"": ""高中八年级开设英语课吗""}",Y,Y,Y,,llm_onecall,1312.9
教育,1558,播放作业帮的教育视频,edu_holistic_search,edu_fuzzy_search,"{""retext"": ""播放作业帮的教育视频""}",edu_fuzzy_search,"{""retext"": ""播放作业帮的教育视频""}",Y,Y,Y,,llm_onecall,1515.9
教育,1561,分数乘除法专项讲解呢,edu_holistic_search,edu_fuzzy_search,"{""retext"": ""分数乘除法专项讲解呢""}",edu_fuzzy_search,"{""retext"": ""分数乘除法专项讲解呢""}",Y,Y,Y,,llm_onecall,1604.7
教育,1560,学习五年级历史函数单调性专题课,edu_holistic_search,edu_fuzzy_search,"{""retext"": ""学习五年级历史函数单调性专题课""}",edu_fuzzy_search,"{""retext"": ""学习五年级历史函数单调性专题课""}",Y,Y,Y,,llm_onecall,2024.4
教育,1562,科学是从几年级开始学的,edu_holistic_search,edu_fuzzy_search,"{""retext"": ""科学是从几年级开始学的""}",edu_fuzzy_search,"{""retext"": ""科学是从几年级开始学的""}",Y,Y,Y,,llm_onecall,1984.5
教育,1564,英语总是记不住怎么办,edu_holistic_search,edu_fuzzy_search,"{""retext"": ""英语总是记不住怎么办""}",edu_fuzzy_search,"{""retext"": ""英语总是记不住怎么办""}",Y,Y,Y,,llm_onecall,1606.9
教育,1547,少儿象棋课程,edu_holistic_search,edu_fuzzy_search,"{""retext"": ""少儿象棋课程""}",educ_search,"{""retext"": ""少儿象棋课程"", ""query"": {""and"": [{""field"": ""children_third_genre"", ""value"": ""象棋""}, {""field"": ""training_objectives"", ""value"": ""逻辑思维""}]}}",N,N,N,"query: gold= pred={""and"": [{""field"": ""children_third_genre"", ""value"": ""象棋""}, {""field"": ""training_objectives"", ""value"": ""逻辑思维""}]}",llm_onecall,7748.7
教育,1563,学习三年级科学作文素材专题课,edu_holistic_search,edu_fuzzy_search,"{""retext"": ""学习三年级科学作文素材专题课""}",edu_fuzzy_search,"{""retext"": ""学习三年级科学作文素材专题课""}",Y,Y,Y,,llm_onecall,2058.3
教育,1565,七年级的主要学科是什么,edu_holistic_search,edu_fuzzy_search,"{""retext"": ""七年级的主要学科是什么""}",edu_fuzzy_search,"{""retext"": ""七年级的主要学科是什么""}",Y,Y,Y,,llm_onecall,2043.5
教育,1567,高二政治期末复习,edu_holistic_search,edu_fuzzy_search,"{""retext"": ""高二政治期末复习""}",edu_fuzzy_search,"{""retext"": ""高二政治期末复习""}",Y,Y,Y,,llm_onecall,1984.8
教育,1550,儿童象棋启蒙课呢,edu_holistic_search,edu_fuzzy_search,"{""retext"": ""儿童象棋启蒙课呢""}",educ_search,"{""retext"": ""儿童象棋启蒙课呢"", ""query"": {""and"": [{""field"": ""children_third_genre"", ""value"": ""象棋""}, {""field"": ""training_objectives"", ""value"": ""启蒙""}]}}",N,N,N,"query: gold= pred={""and"": [{""field"": ""children_third_genre"", ""value"": ""象棋""}, {""field"": ""training_objectives"", ""value"": ""启蒙""}]}",llm_onecall,7470.2
教育,1566,地理怎么复习最有效,edu_holistic_search,edu_fuzzy_search,"{""retext"": ""地理怎么复习最有效""}",edu_fuzzy_search,"{""retext"": ""地理怎么复习最有效""}",Y,Y,Y,,llm_onecall,2525.5
教育,1568,讲解九年级地理元素周期表的课程,edu_holistic_search,edu_fuzzy_search,"{""retext"": ""讲解九年级地理元素周期表的课程""}",edu_fuzzy_search,"{""retext"": ""讲解九年级地理元素周期表的课程""}",Y,Y,Y,,llm_onecall,1888.0
教育,1569,青岛版高三地理上册同步辅导精讲,edu_holistic_search,edu_fuzzy_search,"{""retext"": ""青岛版高三地理上册同步辅导精讲""}",edu_fuzzy_search,"{""retext"": ""青岛版高三地理上册同步辅导精讲""}",Y,Y,Y,,llm_onecall,2223.6
教育,1571,篮球基础教学视频,edu_holistic_search,edu_fuzzy_search,"{""retext"": ""篮球基础教学视频""}",edu_fuzzy_search,"{""retext"": ""篮球基础教学视频""}",Y,Y,Y,,llm_onecall,2021.5
教育,1570,化学基础差应该从哪里补起,edu_holistic_search,edu_fuzzy_search,"{""retext"": ""化学基础差应该从哪里补起""}",edu_fuzzy_search,"{""retext"": ""化学基础差应该从哪里补起""}",Y,Y,Y,,llm_onecall,2258.6
教育,1572,六年级政治期末复习,edu_holistic_search,edu_fuzzy_search,"{""retext"": ""六年级政治期末复习""}",edu_fuzzy_search,"{""retext"": ""六年级政治期末复习""}",Y,Y,Y,,llm_onecall,2463.3
教育,1573,高三化学期末复习,edu_holistic_search,edu_fuzzy_search,"{""retext"": ""高三化学期末复习""}",edu_fuzzy_search,"{""retext"": ""高三化学期末复习""}",Y,Y,Y,,llm_onecall,2389.0
教育,1574,湘教版八年级化学下册同步辅导精讲,edu_holistic_search,edu_fuzzy_search,"{""retext"": ""湘教版八年级化学下册同步辅导精讲""}",edu_fuzzy_search,"{""retext"": ""湘教版八年级化学下册同步辅导精讲""}",Y,Y,Y,,llm_onecall,2510.7
教育,1575,物理知识点太碎怎么梳理,edu_holistic_search,edu_fuzzy_search,"{""retext"": ""物理知识点太碎怎么梳理""}",edu_fuzzy_search,"{""retext"": ""物理知识点太碎怎么梳理""}",Y,Y,Y,,llm_onecall,2555.0
教育,1576,语文成绩怎么提高,edu_holistic_search,edu_fuzzy_search,"{""retext"": ""语文成绩怎么提高""}",edu_fuzzy_search,"{""retext"": ""语文成绩怎么提高""}",Y,Y,Y,,llm_onecall,2664.9
教育,1577,高考英语冲刺,edu_holistic_search,edu_fuzzy_search,"{""retext"": ""高考英语冲刺""}",edu_fuzzy_search,"{""retext"": ""高考英语冲刺""}",Y,Y,Y,,llm_onecall,2519.4
教育,1578,四年级英语修辞手法网课推荐,edu_holistic_search,edu_fuzzy_search,"{""retext"": ""四年级英语修辞手法网课推荐""}",edu_fuzzy_search,"{""retext"": ""四年级英语修辞手法网课推荐""}",Y,Y,Y,,llm_onecall,2712.2
教育,1579,口才零基础入门课呢,edu_holistic_search,edu_fuzzy_search,"{""retext"": ""口才零基础入门课呢""}",edu_fuzzy_search,"{""retext"": ""口才零基础入门课呢""}",Y,Y,Y,,llm_onecall,2830.0
教育,1580,函数单调性专项讲解,edu_holistic_search,edu_fuzzy_search,"{""retext"": ""函数单调性专项讲解""}",edu_fuzzy_search,"{""retext"": ""函数单调性专项讲解""}",Y,Y,Y,,llm_onecall,2713.1
教育,1582,数学主观题怎么拿高分,edu_holistic_search,edu_fuzzy_search,"{""retext"": ""数学主观题怎么拿高分""}",edu_fuzzy_search,"{""retext"": ""数学主观题怎么拿高分""}",Y,Y,Y,,llm_onecall,2599.7
教育,1583,播放作业帮的教育视频呢,edu_holistic_search,edu_fuzzy_search,"{""retext"": ""播放作业帮的教育视频呢""}",edu_fuzzy_search,"{""retext"": ""播放作业帮的教育视频呢""}",Y,Y,Y,,llm_onecall,2613.5
教育,1584,四年级地理分数乘除法网课推荐,edu_holistic_search,edu_fuzzy_search,"{""retext"": ""四年级地理分数乘除法网课推荐""}",edu_fuzzy_search,"{""retext"": ""四年级地理分数乘除法网课推荐""}",Y,Y,Y,,llm_onecall,2718.0
教育,1585,有没有猿辅导的精讲课程呢,edu_holistic_search,edu_fuzzy_search,"{""retext"": ""有没有猿辅导的精讲课程呢""}",edu_fuzzy_search,"{""retext"": ""有没有猿辅导的精讲课程呢""}",Y,Y,Y,,llm_onecall,2593.7
教育,1587,简笔画零基础入门课呢,edu_holistic_search,edu_fuzzy_search,"{""retext"": ""简笔画零基础入门课呢""}",edu_fuzzy_search,"{""retext"": ""简笔画零基础入门课呢""}",Y,Y,Y,,llm_onecall,2805.1
教育,1586,初中六年级有历史课吗,edu_holistic_search,edu_fuzzy_search,"{""retext"": ""初中六年级有历史课吗""}",edu_fuzzy_search,"{""retext"": ""初中六年级有历史课吗""}",Y,Y,Y,,llm_onecall,3150.3
教育,1588,推荐一些语文作文素材的网课,edu_holistic_search,edu_fuzzy_search,"{""retext"": ""推荐一些语文作文素材的网课""}",edu_fuzzy_search,"{""retext"": ""推荐一些语文作文素材的网课""}",Y,Y,Y,,llm_onecall,2882.2
教育,1589,我想学机器人啊,edu_holistic_search,edu_fuzzy_search,"{""retext"": ""我想学机器人啊""}",edu_fuzzy_search,"{""retext"": ""我想学机器人啊""}",Y,Y,Y,,llm_onecall,2598.6
教育,1590,函数单调性专项讲解呢,edu_holistic_search,edu_fuzzy_search,"{""retext"": ""函数单调性专项讲解呢""}",edu_fuzzy_search,"{""retext"": ""函数单调性专项讲解呢""}",Y,Y,Y,,llm_onecall,2813.9
教育,1593,我想学硬笔书法呢,edu_holistic_search,edu_fuzzy_search,"{""retext"": ""我想学硬笔书法呢""}",edu_fuzzy_search,"{""retext"": ""我想学硬笔书法呢""}",Y,Y,Y,,llm_onecall,2135.6
教育,1592,青岛版四年级历史上册同步辅导精讲,edu_holistic_search,edu_fuzzy_search,"{""retext"": ""青岛版四年级历史上册同步辅导精讲""}",edu_fuzzy_search,"{""retext"": ""青岛版四年级历史上册同步辅导精讲""}",Y,Y,Y,,llm_onecall,3147.5
教育,1594,函数单调性专项讲解啊,edu_holistic_search,edu_fuzzy_search,"{""retext"": ""函数单调性专项讲解啊""}",edu_fuzzy_search,"{""retext"": ""函数单调性专项讲解啊""}",Y,Y,Y,,llm_onecall,2576.6
教育,1595,四年级物理期末复习,edu_holistic_search,edu_fuzzy_search,"{""retext"": ""四年级物理期末复习""}",edu_fuzzy_search,"{""retext"": ""四年级物理期末复习""}",Y,Y,Y,,llm_onecall,2025.8
教育,1596,政治基础差应该从哪里补起,edu_holistic_search,edu_fuzzy_search,"{""retext"": ""政治基础差应该从哪里补起""}",edu_fuzzy_search,"{""retext"": ""政治基础差应该从哪里补起""}",Y,Y,Y,,llm_onecall,2839.6
教育,1597,讲解九年级英语作文素材的课程,edu_holistic_search,edu_fuzzy_search,"{""retext"": ""讲解九年级英语作文素材的课程""}",edu_fuzzy_search,"{""retext"": ""讲解九年级英语作文素材的课程""}",Y,Y,Y,,llm_onecall,2647.8
教育,1581,儿童尤克里里启蒙课呢,edu_holistic_search,edu_fuzzy_search,"{""retext"": ""儿童尤克里里启蒙课呢""}",educ_search,"{""retext"": ""儿童尤克里里启蒙课呢"", ""query"": {""and"": [{""field"": ""title"", ""value"": ""尤克里里""}, {""field"": ""training_objectives"", ""value"": ""启蒙""}]}}",N,N,N,"query: gold= pred={""and"": [{""field"": ""title"", ""value"": ""尤克里里""}, {""field"": ""training_objectives"", ""value"": ""启蒙""}]}",llm_onecall,7460.6
教育,1598,化学成绩怎么提高,edu_holistic_search,edu_fuzzy_search,"{""retext"": ""化学成绩怎么提高""}",edu_fuzzy_search,"{""retext"": ""化学成绩怎么提高""}",Y,Y,Y,,llm_onecall,2615.5
教育,1599,围棋零基础入门课,edu_holistic_search,edu_fuzzy_search,"{""retext"": ""围棋零基础入门课""}",edu_fuzzy_search,"{""retext"": ""围棋零基础入门课""}",Y,Y,Y,,llm_onecall,2270.5
教育,1600,硬笔书法基础教学视频,edu_holistic_search,edu_fuzzy_search,"{""retext"": ""硬笔书法基础教学视频""}",edu_fuzzy_search,"{""retext"": ""硬笔书法基础教学视频""}",Y,Y,Y,,llm_onecall,2056.0
教育,1602,象棋基础教学视频呢,edu_holistic_search,edu_fuzzy_search,"{""retext"": ""象棋基础教学视频呢""}",edu_fuzzy_search,"{""retext"": ""象棋基础教学视频呢""}",Y,Y,Y,,llm_onecall,2213.3
教育,1604,我想学篮球,edu_holistic_search,edu_fuzzy_search,"{""retext"": ""我想学篮球""}",edu_fuzzy_search,"{""retext"": ""我想学篮球""}",Y,Y,Y,,llm_onecall,1524.3
教育,1601,推荐一些政治几何重点的网课,edu_holistic_search,edu_fuzzy_search,"{""retext"": ""推荐一些政治几何重点的网课""}",edu_fuzzy_search,"{""retext"": ""推荐一些政治几何重点的网课""}",Y,Y,Y,,llm_onecall,2525.4
教育,1603,有没有作业帮的精讲课程呢,edu_holistic_search,edu_fuzzy_search,"{""retext"": ""有没有作业帮的精讲课程呢""}",edu_fuzzy_search,"{""retext"": ""有没有作业帮的精讲课程呢""}",Y,Y,Y,,llm_onecall,2511.6
教育,1605,初中地理和高中地理有什么区别,edu_holistic_search,edu_fuzzy_search,"{""retext"": ""初中地理和高中地理有什么区别""}",edu_fuzzy_search,"{""retext"": ""初中地理和高中地理有什么区别""}",Y,Y,Y,,llm_onecall,1830.8
教育,1606,数学主观题怎么拿高分呢,edu_holistic_search,edu_fuzzy_search,"{""retext"": ""数学主观题怎么拿高分呢""}",edu_fuzzy_search,"{""retext"": ""数学主观题怎么拿高分呢""}",Y,Y,Y,,llm_onecall,2670.6
教育,1591,少儿口才课程,edu_holistic_search,edu_fuzzy_search,"{""retext"": ""少儿口才课程""}",educ_search,"{""retext"": ""少儿口才课程"", ""query"": {""field"": ""training_objectives"", ""value"": ""口才""}}",N,N,N,"query: gold= pred={""field"": ""training_objectives"", ""value"": ""口才""}",llm_onecall,7196.0
教育,1609,历史是从几年级开始学的呢,edu_holistic_search,edu_fuzzy_search,"{""retext"": ""历史是从几年级开始学的呢""}",edu_fuzzy_search,"{""retext"": ""历史是从几年级开始学的呢""}",Y,Y,Y,,llm_onecall,2311.6
教育,1607,推荐一些语文元素周期表的网课,edu_holistic_search,edu_fuzzy_search,"{""retext"": ""推荐一些语文元素周期表的网课""}",edu_fuzzy_search,"{""retext"": ""推荐一些语文元素周期表的网课""}",Y,Y,Y,,llm_onecall,2622.8
教育,1608,搜索四年级历史压轴题押题解析,edu_holistic_search,edu_fuzzy_search,"{""retext"": ""搜索四年级历史压轴题押题解析""}",edu_fuzzy_search,"{""retext"": ""搜索四年级历史压轴题押题解析""}",Y,Y,Y,,llm_onecall,2631.0
教育,1610,国画零基础入门课,edu_holistic_search,edu_fuzzy_search,"{""retext"": ""国画零基础入门课""}",edu_fuzzy_search,"{""retext"": ""国画零基础入门课""}",Y,Y,Y,,llm_onecall,1850.6
教育,1611,播放星火教育的教育视频吧,edu_holistic_search,edu_fuzzy_search,"{""retext"": ""播放星火教育的教育视频吧""}",edu_fuzzy_search,"{""retext"": ""播放星火教育的教育视频吧""}",Y,Y,Y,,llm_onecall,2349.7
教育,1612,地理是从几年级开始学的,edu_holistic_search,edu_fuzzy_search,"{""retext"": ""地理是从几年级开始学的""}",edu_fuzzy_search,"{""retext"": ""地理是从几年级开始学的""}",Y,Y,Y,,llm_onecall,2787.3
教育,1613,物理总是记不住怎么办,edu_holistic_search,edu_fuzzy_search,"{""retext"": ""物理总是记不住怎么办""}",edu_fuzzy_search,"{""retext"": ""物理总是记不住怎么办""}",Y,Y,Y,,llm_onecall,2651.5
教育,1615,讲解七年级地理修辞手法的课程,edu_holistic_search,edu_fuzzy_search,"{""retext"": ""讲解七年级地理修辞手法的课程""}",edu_fuzzy_search,"{""retext"": ""讲解七年级地理修辞手法的课程""}",Y,Y,Y,,llm_onecall,1785.4
教育,1616,象棋基础教学视频啊,edu_holistic_search,edu_fuzzy_search,"{""retext"": ""象棋基础教学视频啊""}",edu_fuzzy_search,"{""retext"": ""象棋基础教学视频啊""}",Y,Y,Y,,llm_onecall,1991.8
教育,1617,高二上册物理知识点总结,edu_holistic_search,edu_fuzzy_search,"{""retext"": ""高二上册物理知识点总结""}",edu_fuzzy_search,"{""retext"": ""高二上册物理知识点总结""}",Y,Y,Y,,llm_onecall,2298.7
教育,1618,语文知识点太碎怎么梳理,edu_holistic_search,edu_fuzzy_search,"{""retext"": ""语文知识点太碎怎么梳理""}",edu_fuzzy_search,"{""retext"": ""语文知识点太碎怎么梳理""}",Y,Y,Y,,llm_onecall,2803.8
教育,1619,讲解高三政治阅读理解的课程,edu_holistic_search,edu_fuzzy_search,"{""retext"": ""讲解高三政治阅读理解的课程""}",edu_fuzzy_search,"{""retext"": ""讲解高三政治阅读理解的课程""}",Y,Y,Y,,llm_onecall,2804.0
教育,1620,播放万唯的教育视频呢,edu_holistic_search,edu_fuzzy_search,"{""retext"": ""播放万唯的教育视频呢""}",edu_fuzzy_search,"{""retext"": ""播放万唯的教育视频呢""}",Y,Y,Y,,llm_onecall,2927.3
教育,1622,英语知识点太碎怎么梳理,edu_holistic_search,edu_fuzzy_search,"{""retext"": ""英语知识点太碎怎么梳理""}",edu_fuzzy_search,"{""retext"": ""英语知识点太碎怎么梳理""}",Y,Y,Y,,llm_onecall,1811.2
教育,1621,儿童编程启蒙课呢,edu_holistic_search,edu_fuzzy_search,"{""retext"": ""儿童编程启蒙课呢""}",edu_fuzzy_search,"{""retext"": ""儿童编程启蒙课呢""}",Y,Y,Y,,llm_onecall,2411.8
教育,1614,科学成绩怎么提高,edu_holistic_search,edu_fuzzy_search,"{""retext"": ""科学成绩怎么提高""}",fan_knowledge_agent,"{""messages"": [{""role"": ""user"", ""content"": ""科学成绩怎么提高""}], ""riskRespStrategy"": ""all_replace"", ""sceneTypeIntentList"": [{""sceneType"": ""knowledge_qa""}]}",N,N,N,"messages: gold= pred=[{""content"": ""科学成绩怎么提高"", ""role"": ""user""}]; retext: gold=""科学成绩怎么提高"" pred=; riskRespStrategy: gold= pred=""all_replace""; sceneTypeIntentList: gold= pred=[{""sceneType"": ""knowledge_qa""}]",general_rule,4946.5
教育,1623,数学总是记不住怎么办,edu_holistic_search,edu_fuzzy_search,"{""retext"": ""数学总是记不住怎么办""}",edu_fuzzy_search,"{""retext"": ""数学总是记不住怎么办""}",Y,Y,Y,,llm_onecall,2852.4
教育,1625,围棋基础教学视频呢,edu_holistic_search,edu_fuzzy_search,"{""retext"": ""围棋基础教学视频呢""}",edu_fuzzy_search,"{""retext"": ""围棋基础教学视频呢""}",Y,Y,Y,,llm_onecall,2497.7
教育,1627,口才零基础入门课啊,edu_holistic_search,edu_fuzzy_search,"{""retext"": ""口才零基础入门课啊""}",edu_fuzzy_search,"{""retext"": ""口才零基础入门课啊""}",Y,Y,Y,,llm_onecall,1881.8
教育,1629,口才零基础入门课吧,edu_holistic_search,edu_fuzzy_search,"{""retext"": ""口才零基础入门课吧""}",edu_fuzzy_search,"{""retext"": ""口才零基础入门课吧""}",Y,Y,Y,,llm_onecall,2617.5
教育,1630,机器人基础教学视频呢,edu_holistic_search,edu_fuzzy_search,"{""retext"": ""机器人基础教学视频呢""}",edu_fuzzy_search,"{""retext"": ""机器人基础教学视频呢""}",Y,Y,Y,,llm_onecall,2721.3
教育,1631,简笔画零基础入门课啊,edu_holistic_search,edu_fuzzy_search,"{""retext"": ""简笔画零基础入门课啊""}",edu_fuzzy_search,"{""retext"": ""简笔画零基础入门课啊""}",Y,Y,Y,,llm_onecall,2759.6
教育,1632,我要看七年级几何重点知识点,edu_holistic_search,edu_fuzzy_search,"{""retext"": ""我要看七年级几何重点知识点""}",edu_fuzzy_search,"{""retext"": ""我要看七年级几何重点知识点""}",Y,Y,Y,,llm_onecall,2773.6
教育,1633,有没有作业帮的精讲课程啊,edu_holistic_search,edu_fuzzy_search,"{""retext"": ""有没有作业帮的精讲课程啊""}",edu_fuzzy_search,"{""retext"": ""有没有作业帮的精讲课程啊""}",Y,Y,Y,,llm_onecall,2772.0
教育,1635,四年级科学知识精讲内容,edu_holistic_search,edu_fuzzy_search,"{""retext"": ""四年级科学知识精讲内容""}",edu_fuzzy_search,"{""retext"": ""四年级科学知识精讲内容""}",Y,Y,Y,,llm_onecall,2567.0
教育,1634,游泳零基础入门课,edu_holistic_search,edu_fuzzy_search,"{""retext"": ""游泳零基础入门课""}",edu_fuzzy_search,"{""retext"": ""游泳零基础入门课""}",Y,Y,Y,,llm_onecall,2782.4
教育,1636,病句修改专项讲解啊,edu_holistic_search,edu_fuzzy_search,"{""retext"": ""病句修改专项讲解啊""}",edu_fuzzy_search,"{""retext"": ""病句修改专项讲解啊""}",Y,Y,Y,,llm_onecall,1579.8
教育,1637,讲解二年级语文病句修改的课程,edu_holistic_search,edu_fuzzy_search,"{""retext"": ""讲解二年级语文病句修改的课程""}",edu_fuzzy_search,"{""retext"": ""讲解二年级语文病句修改的课程""}",Y,Y,Y,,llm_onecall,2291.1
教育,1638,播放星火教育的教育视频有吗,edu_holistic_search,edu_fuzzy_search,"{""retext"": ""播放星火教育的教育视频有吗""}",edu_fuzzy_search,"{""retext"": ""播放星火教育的教育视频有吗""}",Y,Y,Y,,llm_onecall,2321.8
教育,1639,我想学口才啊,edu_holistic_search,edu_fuzzy_search,"{""retext"": ""我想学口才啊""}",edu_fuzzy_search,"{""retext"": ""我想学口才啊""}",Y,Y,Y,,llm_onecall,1990.0
教育,1640,高考历史冲刺啊,edu_holistic_search,edu_fuzzy_search,"{""retext"": ""高考历史冲刺啊""}",edu_fuzzy_search,"{""retext"": ""高考历史冲刺啊""}",Y,Y,Y,,llm_onecall,1828.2
教育,1624,儿童象棋启蒙课啊,edu_holistic_search,edu_fuzzy_search,"{""retext"": ""儿童象棋启蒙课啊""}",educ_search,"{""retext"": ""儿童象棋启蒙课啊"", ""query"": {""and"": [{""field"": ""children_third_genre"", ""value"": ""象棋""}, {""field"": ""training_objectives"", ""value"": ""启蒙""}]}}",N,N,N,"query: gold= pred={""and"": [{""field"": ""children_third_genre"", ""value"": ""象棋""}, {""field"": ""training_objectives"", ""value"": ""启蒙""}]}",llm_onecall,7281.3
教育,1626,少儿尤克里里课程啊,edu_holistic_search,edu_fuzzy_search,"{""retext"": ""少儿尤克里里课程啊""}",educ_search,"{""retext"": ""少儿尤克里里课程啊"", ""query"": {""and"": [{""field"": ""children_third_genre"", ""value"": ""尤克里里""}, {""field"": ""training_objectives"", ""value"": ""音乐启蒙""}]}}",N,N,N,"query: gold= pred={""and"": [{""field"": ""children_third_genre"", ""value"": ""尤克里里""}, {""field"": ""training_objectives"", ""value"": ""音乐启蒙""}]}",llm_onecall,7225.9
教育,1641,播放万唯的教育视频啊,edu_holistic_search,edu_fuzzy_search,"{""retext"": ""播放万唯的教育视频啊""}",edu_fuzzy_search,"{""retext"": ""播放万唯的教育视频啊""}",Y,Y,Y,,llm_onecall,2468.5
教育,1644,历史成绩怎么提高,edu_holistic_search,edu_fuzzy_search,"{""retext"": ""历史成绩怎么提高""}",edu_fuzzy_search,"{""retext"": ""历史成绩怎么提高""}",Y,Y,Y,,llm_onecall,1824.8
教育,1643,我要看一年级修辞手法知识点,edu_holistic_search,edu_fuzzy_search,"{""retext"": ""我要看一年级修辞手法知识点""}",edu_fuzzy_search,"{""retext"": ""我要看一年级修辞手法知识点""}",Y,Y,Y,,llm_onecall,2779.8
教育,1645,我想学编程,edu_holistic_search,edu_fuzzy_search,"{""retext"": ""我想学编程""}",edu_fuzzy_search,"{""retext"": ""我想学编程""}",Y,Y,Y,,llm_onecall,1724.2
教育,1628,儿童象棋启蒙课吧,edu_holistic_search,edu_fuzzy_search,"{""retext"": ""儿童象棋启蒙课吧""}",educ_search,"{""retext"": ""儿童象棋启蒙课吧"", ""query"": {""and"": [{""field"": ""children_third_genre"", ""value"": ""象棋""}, {""field"": ""training_objectives"", ""value"": ""启蒙""}]}}",N,N,N,"query: gold= pred={""and"": [{""field"": ""children_third_genre"", ""value"": ""象棋""}, {""field"": ""training_objectives"", ""value"": ""启蒙""}]}",llm_onecall,7407.9
教育,1646,播放猿辅导的教育视频,edu_holistic_search,edu_fuzzy_search,"{""retext"": ""播放猿辅导的教育视频""}",edu_fuzzy_search,"{""retext"": ""播放猿辅导的教育视频""}",Y,Y,Y,,llm_onecall,2359.8
教育,1647,四年级上册历史知识点总结,edu_holistic_search,edu_fuzzy_search,"{""retext"": ""四年级上册历史知识点总结""}",edu_fuzzy_search,"{""retext"": ""四年级上册历史知识点总结""}",Y,Y,Y,,llm_onecall,2313.4
教育,1649,六年级科学期末复习,edu_holistic_search,edu_fuzzy_search,"{""retext"": ""六年级科学期末复习""}",edu_fuzzy_search,"{""retext"": ""六年级科学期末复习""}",Y,Y,Y,,llm_onecall,1924.1
教育,1650,我想学国画啊,edu_holistic_search,edu_fuzzy_search,"{""retext"": ""我想学国画啊""}",edu_fuzzy_search,"{""retext"": ""我想学国画啊""}",Y,Y,Y,,llm_onecall,1725.1
教育,1642,科学成绩怎么提高呢,edu_holistic_search,edu_fuzzy_search,"{""retext"": ""科学成绩怎么提高呢""}",fan_knowledge_agent,"{""messages"": [{""role"": ""user"", ""content"": ""科学成绩怎么提高呢""}], ""riskRespStrategy"": ""all_replace"", ""sceneTypeIntentList"": [{""sceneType"": ""knowledge_qa""}]}",N,N,N,"messages: gold= pred=[{""content"": ""科学成绩怎么提高呢"", ""role"": ""user""}]; retext: gold=""科学成绩怎么提高呢"" pred=; riskRespStrategy: gold= pred=""all_replace""; sceneTypeIntentList: gold= pred=[{""sceneType"": ""knowledge_qa""}]",general_rule,5109.6
教育,1652,游泳零基础入门课呢,edu_holistic_search,edu_fuzzy_search,"{""retext"": ""游泳零基础入门课呢""}",edu_fuzzy_search,"{""retext"": ""游泳零基础入门课呢""}",Y,Y,Y,,llm_onecall,2337.0
教育,1651,物理知识点太碎怎么梳理呢,edu_holistic_search,edu_fuzzy_search,"{""retext"": ""物理知识点太碎怎么梳理呢""}",edu_fuzzy_search,"{""retext"": ""物理知识点太碎怎么梳理呢""}",Y,Y,Y,,llm_onecall,2357.9
教育,1653,我想学编程呢,edu_holistic_search,edu_fuzzy_search,"{""retext"": ""我想学编程呢""}",edu_fuzzy_search,"{""retext"": ""我想学编程呢""}",Y,Y,Y,,llm_onecall,2524.9
教育,1654,有没有学而思的精讲课程有吗,edu_holistic_search,edu_fuzzy_search,"{""retext"": ""有没有学而思的精讲课程有吗""}",edu_fuzzy_search,"{""retext"": ""有没有学而思的精讲课程有吗""}",Y,Y,Y,,llm_onecall,2669.4
教育,1655,我想学编程啊,edu_holistic_search,edu_fuzzy_search,"{""retext"": ""我想学编程啊""}",edu_fuzzy_search,"{""retext"": ""我想学编程啊""}",Y,Y,Y,,llm_onecall,2220.6
教育,1657,有没有猿辅导的精讲课程啊,edu_holistic_search,edu_fuzzy_search,"{""retext"": ""有没有猿辅导的精讲课程啊""}",edu_fuzzy_search,"{""retext"": ""有没有猿辅导的精讲课程啊""}",Y,Y,Y,,llm_onecall,2333.3
教育,1656,鄂教版八年级科学上册同步辅导精讲,edu_holistic_search,edu_fuzzy_search,"{""retext"": ""鄂教版八年级科学上册同步辅导精讲""}",edu_fuzzy_search,"{""retext"": ""鄂教版八年级科学上册同步辅导精讲""}",Y,Y,Y,,llm_onecall,2613.8
教育,1658,播放作业帮的教育视频啊,edu_holistic_search,edu_fuzzy_search,"{""retext"": ""播放作业帮的教育视频啊""}",edu_fuzzy_search,"{""retext"": ""播放作业帮的教育视频啊""}",Y,Y,Y,,llm_onecall,2639.9
教育,1659,二年级学化学有什么好方法,edu_holistic_search,edu_fuzzy_search,"{""retext"": ""二年级学化学有什么好方法""}",edu_fuzzy_search,"{""retext"": ""二年级学化学有什么好方法""}",Y,Y,Y,,llm_onecall,1897.2
教育,1660,推荐一些数学阅读理解的网课,edu_holistic_search,edu_fuzzy_search,"{""retext"": ""推荐一些数学阅读理解的网课""}",edu_fuzzy_search,"{""retext"": ""推荐一些数学阅读理解的网课""}",Y,Y,Y,,llm_onecall,2371.6
教育,1662,九年级语文知识精讲内容,edu_holistic_search,edu_fuzzy_search,"{""retext"": ""九年级语文知识精讲内容""}",edu_fuzzy_search,"{""retext"": ""九年级语文知识精讲内容""}",Y,Y,Y,,llm_onecall,2556.5
教育,1661,儿童硬笔书法启蒙课,edu_holistic_search,edu_fuzzy_search,"{""retext"": ""儿童硬笔书法启蒙课""}",edu_fuzzy_search,"{""retext"": ""儿童硬笔书法启蒙课""}",Y,Y,Y,,llm_onecall,2857.1
教育,1663,播放作业帮的教育视频吧,edu_holistic_search,edu_fuzzy_search,"{""retext"": ""播放作业帮的教育视频吧""}",edu_fuzzy_search,"{""retext"": ""播放作业帮的教育视频吧""}",Y,Y,Y,,llm_onecall,2508.4
教育,1665,分数乘除法专项讲解啊,edu_holistic_search,edu_fuzzy_search,"{""retext"": ""分数乘除法专项讲解啊""}",edu_fuzzy_search,"{""retext"": ""分数乘除法专项讲解啊""}",Y,Y,Y,,llm_onecall,2372.0
教育,1648,少儿篮球课程,edu_holistic_search,edu_fuzzy_search,"{""retext"": ""少儿篮球课程""}",educ_search,"{""retext"": ""少儿篮球课程"", ""query"": {""and"": [{""field"": ""children_third_genre"", ""value"": ""篮球""}, {""field"": ""training_objectives"", ""value"": ""运动""}]}}",N,N,N,"query: gold= pred={""and"": [{""field"": ""children_third_genre"", ""value"": ""篮球""}, {""field"": ""training_objectives"", ""value"": ""运动""}]}",llm_onecall,7163.4
教育,1666,我想学国画吧,edu_holistic_search,edu_fuzzy_search,"{""retext"": ""我想学国画吧""}",edu_fuzzy_search,"{""retext"": ""我想学国画吧""}",Y,Y,Y,,llm_onecall,2664.8
教育,1667,游泳基础教学视频呢,edu_holistic_search,edu_fuzzy_search,"{""retext"": ""游泳基础教学视频呢""}",edu_fuzzy_search,"{""retext"": ""游泳基础教学视频呢""}",Y,Y,Y,,llm_onecall,2402.1
教育,1668,机器人基础教学视频啊,edu_holistic_search,edu_fuzzy_search,"{""retext"": ""机器人基础教学视频啊""}",edu_fuzzy_search,"{""retext"": ""机器人基础教学视频啊""}",Y,Y,Y,,llm_onecall,2377.2
教育,1669,口才基础教学视频,edu_holistic_search,edu_fuzzy_search,"{""retext"": ""口才基础教学视频""}",edu_fuzzy_search,"{""retext"": ""口才基础教学视频""}",Y,Y,Y,,llm_onecall,2691.9
教育,1670,简笔画基础教学视频呢,edu_holistic_search,edu_fuzzy_search,"{""retext"": ""简笔画基础教学视频呢""}",edu_fuzzy_search,"{""retext"": ""简笔画基础教学视频呢""}",Y,Y,Y,,llm_onecall,2242.1
教育,1671,六年级下册政治知识点总结,edu_holistic_search,edu_fuzzy_search,"{""retext"": ""六年级下册政治知识点总结""}",edu_fuzzy_search,"{""retext"": ""六年级下册政治知识点总结""}",Y,Y,Y,,llm_onecall,2577.9
教育,1672,播放作业帮的教育视频有吗,edu_holistic_search,edu_fuzzy_search,"{""retext"": ""播放作业帮的教育视频有吗""}",edu_fuzzy_search,"{""retext"": ""播放作业帮的教育视频有吗""}",Y,Y,Y,,llm_onecall,2435.2
教育,1673,我要看一年级病句修改知识点,edu_holistic_search,edu_fuzzy_search,"{""retext"": ""我要看一年级病句修改知识点""}",edu_fuzzy_search,"{""retext"": ""我要看一年级病句修改知识点""}",Y,Y,Y,,llm_onecall,1716.5
教育,1674,政治成绩怎么提高呢,edu_holistic_search,edu_fuzzy_search,"{""retext"": ""政治成绩怎么提高呢""}",edu_fuzzy_search,"{""retext"": ""政治成绩怎么提高呢""}",Y,Y,Y,,llm_onecall,2492.6
教育,1675,九年级下册地理知识点总结,edu_holistic_search,edu_fuzzy_search,"{""retext"": ""九年级下册地理知识点总结""}",edu_fuzzy_search,"{""retext"": ""九年级下册地理知识点总结""}",Y,Y,Y,,llm_onecall,2273.4
教育,1677,一年级英语知识精讲内容,edu_holistic_search,edu_fuzzy_search,"{""retext"": ""一年级英语知识精讲内容""}",edu_fuzzy_search,"{""retext"": ""一年级英语知识精讲内容""}",Y,Y,Y,,llm_onecall,2508.3
教育,1678,有没有星火教育的精讲课程,edu_holistic_search,edu_fuzzy_search,"{""retext"": ""有没有星火教育的精讲课程""}",edu_fuzzy_search,"{""retext"": ""有没有星火教育的精讲课程""}",Y,Y,Y,,llm_onecall,1700.7
教育,1676,播放猿辅导的教育视频呢,edu_holistic_search,edu_fuzzy_search,"{""retext"": ""播放猿辅导的教育视频呢""}",edu_fuzzy_search,"{""retext"": ""播放猿辅导的教育视频呢""}",Y,Y,Y,,llm_onecall,2751.2
教育,1680,政治是从几年级开始学的,edu_holistic_search,edu_fuzzy_search,"{""retext"": ""政治是从几年级开始学的""}",edu_fuzzy_search,"{""retext"": ""政治是从几年级开始学的""}",Y,Y,Y,,llm_onecall,2127.6
教育,1679,鄂教版一年级物理下册同步辅导精讲,edu_holistic_search,edu_fuzzy_search,"{""retext"": ""鄂教版一年级物理下册同步辅导精讲""}",edu_fuzzy_search,"{""retext"": ""鄂教版一年级物理下册同步辅导精讲""}",Y,Y,Y,,llm_onecall,2700.1
教育,1683,生物知识点太碎怎么梳理,edu_holistic_search,edu_fuzzy_search,"{""retext"": ""生物知识点太碎怎么梳理""}",edu_fuzzy_search,"{""retext"": ""生物知识点太碎怎么梳理""}",Y,Y,Y,,llm_onecall,1630.6
教育,1664,少儿围棋课程,edu_holistic_search,edu_fuzzy_search,"{""retext"": ""少儿围棋课程""}",educ_search,"{""retext"": ""少儿围棋课程"", ""query"": {""and"": [{""field"": ""children_third_genre"", ""value"": ""围棋""}, {""field"": ""training_objectives"", ""value"": ""逻辑思维""}]}}",N,N,N,"query: gold= pred={""and"": [{""field"": ""children_third_genre"", ""value"": ""围棋""}, {""field"": ""training_objectives"", ""value"": ""逻辑思维""}]}",llm_onecall,6968.1
教育,1681,我要看二年级函数单调性知识点,edu_holistic_search,edu_fuzzy_search,"{""retext"": ""我要看二年级函数单调性知识点""}",edu_fuzzy_search,"{""retext"": ""我要看二年级函数单调性知识点""}",Y,Y,Y,,llm_onecall,2803.2
教育,1682,学习高一英语一般现在时专题课,edu_holistic_search,edu_fuzzy_search,"{""retext"": ""学习高一英语一般现在时专题课""}",edu_fuzzy_search,"{""retext"": ""学习高一英语一般现在时专题课""}",Y,Y,Y,,llm_onecall,2885.7
教育,1684,我想学围棋啊,edu_holistic_search,edu_fuzzy_search,"{""retext"": ""我想学围棋啊""}",edu_fuzzy_search,"{""retext"": ""我想学围棋啊""}",Y,Y,Y,,llm_onecall,2457.7
教育,1685,高考政治冲刺,edu_holistic_search,edu_fuzzy_search,"{""retext"": ""高考政治冲刺""}",edu_fuzzy_search,"{""retext"": ""高考政治冲刺""}",Y,Y,Y,,llm_onecall,2226.4
教育,1686,尤克里里零基础入门课啊,edu_holistic_search,edu_fuzzy_search,"{""retext"": ""尤克里里零基础入门课啊""}",edu_fuzzy_search,"{""retext"": ""尤克里里零基础入门课啊""}",Y,Y,Y,,llm_onecall,2509.8
教育,1688,我想学围棋吧,edu_holistic_search,edu_fuzzy_search,"{""retext"": ""我想学围棋吧""}",edu_fuzzy_search,"{""retext"": ""我想学围棋吧""}",Y,Y,Y,,llm_onecall,1982.2
教育,1687,我要看高一元素周期表知识点,edu_holistic_search,edu_fuzzy_search,"{""retext"": ""我要看高一元素周期表知识点""}",edu_fuzzy_search,"{""retext"": ""我要看高一元素周期表知识点""}",Y,Y,Y,,llm_onecall,2818.8
教育,1689,我想学硬笔书法啊,edu_holistic_search,edu_fuzzy_search,"{""retext"": ""我想学硬笔书法啊""}",edu_fuzzy_search,"{""retext"": ""我想学硬笔书法啊""}",Y,Y,Y,,llm_onecall,2346.8
教育,1690,北师大版八年级物理下册同步辅导精讲,edu_holistic_search,edu_fuzzy_search,"{""retext"": ""北师大版八年级物理下册同步辅导精讲""}",edu_fuzzy_search,"{""retext"": ""北师大版八年级物理下册同步辅导精讲""}",Y,Y,Y,,llm_onecall,2550.4
教育,1691,象棋基础教学视频吧,edu_holistic_search,edu_fuzzy_search,"{""retext"": ""象棋基础教学视频吧""}",edu_fuzzy_search,"{""retext"": ""象棋基础教学视频吧""}",Y,Y,Y,,llm_onecall,2665.9
教育,1693,文言文阅读专项讲解啊,edu_holistic_search,edu_fuzzy_search,"{""retext"": ""文言文阅读专项讲解啊""}",edu_fuzzy_search,"{""retext"": ""文言文阅读专项讲解啊""}",Y,Y,Y,,llm_onecall,2549.3
教育,1692,初中数学和高中数学有什么区别,edu_holistic_search,edu_fuzzy_search,"{""retext"": ""初中数学和高中数学有什么区别""}",edu_fuzzy_search,"{""retext"": ""初中数学和高中数学有什么区别""}",Y,Y,Y,,llm_onecall,2669.8
教育,1694,乐高基础教学视频,edu_holistic_search,edu_fuzzy_search,"{""retext"": ""乐高基础教学视频""}",edu_fuzzy_search,"{""retext"": ""乐高基础教学视频""}",Y,Y,Y,,llm_onecall,2760.7
教育,1695,我想学简笔画呢,edu_holistic_search,edu_fuzzy_search,"{""retext"": ""我想学简笔画呢""}",edu_fuzzy_search,"{""retext"": ""我想学简笔画呢""}",Y,Y,Y,,llm_onecall,2778.6
教育,1696,我要看五年级一般现在时知识点,edu_holistic_search,edu_fuzzy_search,"{""retext"": ""我要看五年级一般现在时知识点""}",edu_fuzzy_search,"{""retext"": ""我要看五年级一般现在时知识点""}",Y,Y,Y,,llm_onecall,2754.8
教育,1697,高三历史知识精讲内容,edu_holistic_search,edu_fuzzy_search,"{""retext"": ""高三历史知识精讲内容""}",edu_fuzzy_search,"{""retext"": ""高三历史知识精讲内容""}",Y,Y,Y,,llm_onecall,3084.2
教育,1698,数学怎么复习最有效,edu_holistic_search,edu_fuzzy_search,"{""retext"": ""数学怎么复习最有效""}",edu_fuzzy_search,"{""retext"": ""数学怎么复习最有效""}",Y,Y,Y,,llm_onecall,3265.4
教育,1699,化学怎么复习最有效,edu_holistic_search,edu_fuzzy_search,"{""retext"": ""化学怎么复习最有效""}",edu_fuzzy_search,"{""retext"": ""化学怎么复习最有效""}",Y,Y,Y,,llm_onecall,2998.1
教育,1700,播放星火教育的教育视频推荐下,edu_holistic_search,edu_fuzzy_search,"{""retext"": ""播放星火教育的教育视频推荐下""}",edu_fuzzy_search,"{""retext"": ""播放星火教育的教育视频推荐下""}",Y,Y,Y,,llm_onecall,3037.1
教育,1701,物理怎么复习最有效,edu_holistic_search,edu_fuzzy_search,"{""retext"": ""物理怎么复习最有效""}",edu_fuzzy_search,"{""retext"": ""物理怎么复习最有效""}",Y,Y,Y,,llm_onecall,3209.2
教育,1702,高中五年级开设语文课吗,edu_holistic_search,edu_fuzzy_search,"{""retext"": ""高中五年级开设语文课吗""}",edu_fuzzy_search,"{""retext"": ""高中五年级开设语文课吗""}",Y,Y,Y,,llm_onecall,3224.1
教育,1703,有没有学而思的精讲课程推荐下,edu_holistic_search,edu_fuzzy_search,"{""retext"": ""有没有学而思的精讲课程推荐下""}",edu_fuzzy_search,"{""retext"": ""有没有学而思的精讲课程推荐下""}",Y,Y,Y,,llm_onecall,3679.9
教育,1705,高三英语期末复习,edu_holistic_search,edu_fuzzy_search,"{""retext"": ""高三英语期末复习""}",edu_fuzzy_search,"{""retext"": ""高三英语期末复习""}",Y,Y,Y,,llm_onecall,3200.6
教育,1704,沪科版一年级物理下册同步辅导精讲,edu_holistic_search,edu_fuzzy_search,"{""retext"": ""沪科版一年级物理下册同步辅导精讲""}",edu_fuzzy_search,"{""retext"": ""沪科版一年级物理下册同步辅导精讲""}",Y,Y,Y,,llm_onecall,3409.3
教育,1706,生物基础差应该从哪里补起,edu_holistic_search,edu_fuzzy_search,"{""retext"": ""生物基础差应该从哪里补起""}",edu_fuzzy_search,"{""retext"": ""生物基础差应该从哪里补起""}",Y,Y,Y,,llm_onecall,3250.1
教育,1707,化学成绩怎么提高呢,edu_holistic_search,edu_fuzzy_search,"{""retext"": ""化学成绩怎么提高呢""}",edu_fuzzy_search,"{""retext"": ""化学成绩怎么提高呢""}",Y,Y,Y,,llm_onecall,2726.9
教育,1708,象棋零基础入门课,edu_holistic_search,edu_fuzzy_search,"{""retext"": ""象棋零基础入门课""}",edu_fuzzy_search,"{""retext"": ""象棋零基础入门课""}",Y,Y,Y,,llm_onecall,2887.7
教育,1710,我想学围棋有吗,edu_holistic_search,edu_fuzzy_search,"{""retext"": ""我想学围棋有吗""}",edu_fuzzy_search,"{""retext"": ""我想学围棋有吗""}",Y,Y,Y,,llm_onecall,2840.9
教育,1709,三年级下册数学知识点总结,edu_holistic_search,edu_fuzzy_search,"{""retext"": ""三年级下册数学知识点总结""}",edu_fuzzy_search,"{""retext"": ""三年级下册数学知识点总结""}",Y,Y,Y,,llm_onecall,3220.6
教育,1711,初中地理和高中地理有什么区别呢,edu_holistic_search,edu_fuzzy_search,"{""retext"": ""初中地理和高中地理有什么区别呢""}",edu_fuzzy_search,"{""retext"": ""初中地理和高中地理有什么区别呢""}",Y,Y,Y,,llm_onecall,2935.6
教育,1713,少儿硬笔书法课程呢,edu_holistic_search,edu_fuzzy_search,"{""retext"": ""少儿硬笔书法课程呢""}",edu_fuzzy_search,"{""retext"": ""少儿硬笔书法课程呢""}",Y,Y,Y,,llm_onecall,2546.1
教育,1714,篮球零基础入门课,edu_holistic_search,edu_fuzzy_search,"{""retext"": ""篮球零基础入门课""}",edu_fuzzy_search,"{""retext"": ""篮球零基础入门课""}",Y,Y,Y,,llm_onecall,2627.7
教育,1715,我想学硬笔书法吧,edu_holistic_search,edu_fuzzy_search,"{""retext"": ""我想学硬笔书法吧""}",edu_fuzzy_search,"{""retext"": ""我想学硬笔书法吧""}",Y,Y,Y,,llm_onecall,2718.6
教育,1716,地理怎么复习最有效呢,edu_holistic_search,edu_fuzzy_search,"{""retext"": ""地理怎么复习最有效呢""}",edu_fuzzy_search,"{""retext"": ""地理怎么复习最有效呢""}",Y,Y,Y,,llm_onecall,2691.7
教育,1717,八年级的主要学科是什么呢,edu_holistic_search,edu_fuzzy_search,"{""retext"": ""八年级的主要学科是什么呢""}",edu_fuzzy_search,"{""retext"": ""八年级的主要学科是什么呢""}",Y,Y,Y,,llm_onecall,2970.8
教育,1718,一年级下册化学知识点总结,edu_holistic_search,edu_fuzzy_search,"{""retext"": ""一年级下册化学知识点总结""}",edu_fuzzy_search,"{""retext"": ""一年级下册化学知识点总结""}",Y,Y,Y,,llm_onecall,2948.7
教育,1719,搜索高二历史压轴题押题解析,edu_holistic_search,edu_fuzzy_search,"{""retext"": ""搜索高二历史压轴题押题解析""}",edu_fuzzy_search,"{""retext"": ""搜索高二历史压轴题押题解析""}",Y,Y,Y,,llm_onecall,2875.1
教育,1721,苏教版三年级数学下册同步辅导精讲,edu_holistic_search,edu_fuzzy_search,"{""retext"": ""苏教版三年级数学下册同步辅导精讲""}",edu_fuzzy_search,"{""retext"": ""苏教版三年级数学下册同步辅导精讲""}",Y,Y,Y,,llm_onecall,2833.1
教育,1722,四年级政治函数单调性网课推荐,edu_holistic_search,edu_fuzzy_search,"{""retext"": ""四年级政治函数单调性网课推荐""}",edu_fuzzy_search,"{""retext"": ""四年级政治函数单调性网课推荐""}",Y,Y,Y,,llm_onecall,2621.4
教育,1723,我想学乐高呢,edu_holistic_search,edu_fuzzy_search,"{""retext"": ""我想学乐高呢""}",edu_fuzzy_search,"{""retext"": ""我想学乐高呢""}",Y,Y,Y,,llm_onecall,2365.6
教育,1725,数学知识点太碎怎么梳理呢,edu_holistic_search,edu_fuzzy_search,"{""retext"": ""数学知识点太碎怎么梳理呢""}",edu_fuzzy_search,"{""retext"": ""数学知识点太碎怎么梳理呢""}",Y,Y,Y,,llm_onecall,2687.3
教育,1724,搜索七年级地理压轴题押题解析,edu_holistic_search,edu_fuzzy_search,"{""retext"": ""搜索七年级地理压轴题押题解析""}",edu_fuzzy_search,"{""retext"": ""搜索七年级地理压轴题押题解析""}",Y,Y,Y,,llm_onecall,3169.4
教育,1726,初中地理和高中地理有什么区别啊,edu_holistic_search,edu_fuzzy_search,"{""retext"": ""初中地理和高中地理有什么区别啊""}",edu_fuzzy_search,"{""retext"": ""初中地理和高中地理有什么区别啊""}",Y,Y,Y,,llm_onecall,2720.9
教育,1727,高三科学一般现在时网课推荐,edu_holistic_search,edu_fuzzy_search,"{""retext"": ""高三科学一般现在时网课推荐""}",edu_fuzzy_search,"{""retext"": ""高三科学一般现在时网课推荐""}",Y,Y,Y,,llm_onecall,2586.8
教育,1728,有没有猿辅导的精讲课程吧,edu_holistic_search,edu_fuzzy_search,"{""retext"": ""有没有猿辅导的精讲课程吧""}",edu_fuzzy_search,"{""retext"": ""有没有猿辅导的精讲课程吧""}",Y,Y,Y,,llm_onecall,2162.6
教育,1712,儿童机器人启蒙课呢,edu_holistic_search,edu_fuzzy_search,"{""retext"": ""儿童机器人启蒙课呢""}",educ_search,"{""retext"": ""儿童机器人启蒙课呢"", ""query"": {""and"": [{""field"": ""title"", ""value"": ""机器人""}, {""field"": ""training_objectives"", ""value"": ""启蒙""}]}}",N,N,N,"query: gold= pred={""and"": [{""field"": ""title"", ""value"": ""机器人""}, {""field"": ""training_objectives"", ""value"": ""启蒙""}]}",llm_onecall,7323.3
教育,1732,物理总是记不住怎么办呢,edu_holistic_search,edu_fuzzy_search,"{""retext"": ""物理总是记不住怎么办呢""}",edu_fuzzy_search,"{""retext"": ""物理总是记不住怎么办呢""}",Y,Y,Y,,llm_onecall,2101.3
教育,1731,搜索六年级物理压轴题押题解析,edu_holistic_search,edu_fuzzy_search,"{""retext"": ""搜索六年级物理压轴题押题解析""}",edu_fuzzy_search,"{""retext"": ""搜索六年级物理压轴题押题解析""}",Y,Y,Y,,llm_onecall,2962.4
教育,1720,少儿简笔画课程,edu_holistic_search,edu_fuzzy_search,"{""retext"": ""少儿简笔画课程""}",educ_search,"{""retext"": ""少儿简笔画课程"", ""query"": {""field"": ""children_third_genre"", ""value"": ""简笔画""}}",N,N,N,"query: gold= pred={""field"": ""children_third_genre"", ""value"": ""简笔画""}",llm_onecall,7094.0
教育,1733,生物总是记不住怎么办呢,edu_holistic_search,edu_fuzzy_search,"{""retext"": ""生物总是记不住怎么办呢""}",edu_fuzzy_search,"{""retext"": ""生物总是记不住怎么办呢""}",Y,Y,Y,,llm_onecall,3274.4
教育,1735,播放星火教育的教育视频找一下,edu_holistic_search,edu_fuzzy_search,"{""retext"": ""播放星火教育的教育视频找一下""}",edu_fuzzy_search,"{""retext"": ""播放星火教育的教育视频找一下""}",Y,Y,Y,,llm_onecall,2990.0
教育,1734,有没有猿辅导的精讲课程有吗,edu_holistic_search,edu_fuzzy_search,"{""retext"": ""有没有猿辅导的精讲课程有吗""}",edu_fuzzy_search,"{""retext"": ""有没有猿辅导的精讲课程有吗""}",Y,Y,Y,,llm_onecall,3299.6
教育,1737,讲解二年级生物文言文阅读的课程,edu_holistic_search,edu_fuzzy_search,"{""retext"": ""讲解二年级生物文言文阅读的课程""}",edu_fuzzy_search,"{""retext"": ""讲解二年级生物文言文阅读的课程""}",Y,Y,Y,,llm_onecall,3189.5
教育,1738,高考语文冲刺吧,edu_holistic_search,edu_fuzzy_search,"{""retext"": ""高考语文冲刺吧""}",edu_fuzzy_search,"{""retext"": ""高考语文冲刺吧""}",Y,Y,Y,,llm_onecall,2528.0
教育,1739,少儿硬笔书法课程啊,edu_holistic_search,edu_fuzzy_search,"{""retext"": ""少儿硬笔书法课程啊""}",edu_fuzzy_search,"{""retext"": ""少儿硬笔书法课程啊""}",Y,Y,Y,,llm_onecall,2759.1
教育,1742,我想学口才吧,edu_holistic_search,edu_fuzzy_search,"{""retext"": ""我想学口才吧""}",edu_fuzzy_search,"{""retext"": ""我想学口才吧""}",Y,Y,Y,,llm_onecall,1556.5
教育,1741,我想学硬笔书法有吗,edu_holistic_search,edu_fuzzy_search,"{""retext"": ""我想学硬笔书法有吗""}",edu_fuzzy_search,"{""retext"": ""我想学硬笔书法有吗""}",Y,Y,Y,,llm_onecall,1968.3
教育,1743,高考历史冲刺吧,edu_holistic_search,edu_fuzzy_search,"{""retext"": ""高考历史冲刺吧""}",edu_fuzzy_search,"{""retext"": ""高考历史冲刺吧""}",Y,Y,Y,,llm_onecall,1940.7
教育,1744,推荐一些化学文言文阅读的网课,edu_holistic_search,edu_fuzzy_search,"{""retext"": ""推荐一些化学文言文阅读的网课""}",edu_fuzzy_search,"{""retext"": ""推荐一些化学文言文阅读的网课""}",Y,Y,Y,,llm_onecall,2093.5
教育,1729,儿童游泳启蒙课啊,edu_holistic_search,edu_fuzzy_search,"{""retext"": ""儿童游泳启蒙课啊""}",educ_search,"{""retext"": ""儿童游泳启蒙课啊"", ""query"": {""and"": [{""field"": ""children_third_genre"", ""value"": ""游泳""}, {""field"": ""training_objectives"", ""value"": ""启蒙""}]}}",N,N,N,"query: gold= pred={""and"": [{""field"": ""children_third_genre"", ""value"": ""游泳""}, {""field"": ""training_objectives"", ""value"": ""启蒙""}]}",llm_onecall,7403.7
教育,1745,国画基础教学视频呢,edu_holistic_search,edu_fuzzy_search,"{""retext"": ""国画基础教学视频呢""}",edu_fuzzy_search,"{""retext"": ""国画基础教学视频呢""}",Y,Y,Y,,llm_onecall,1886.1
教育,1730,儿童尤克里里启蒙课啊,edu_holistic_search,edu_fuzzy_search,"{""retext"": ""儿童尤克里里启蒙课啊""}",educ_search,"{""retext"": ""儿童尤克里里启蒙课啊"", ""query"": {""and"": [{""field"": ""title"", ""value"": ""尤克里里""}, {""field"": ""training_objectives"", ""value"": ""启蒙""}]}}",N,N,N,"query: gold= pred={""and"": [{""field"": ""title"", ""value"": ""尤克里里""}, {""field"": ""training_objectives"", ""value"": ""启蒙""}]}",llm_onecall,7560.9
教育,1736,少儿简笔画课程呢,edu_holistic_search,edu_fuzzy_search,"{""retext"": ""少儿简笔画课程呢""}",educ_search,"{""retext"": ""少儿简笔画课程呢"", ""query"": {""field"": ""children_third_genre"", ""value"": ""简笔画""}}",N,N,N,"query: gold= pred={""field"": ""children_third_genre"", ""value"": ""简笔画""}",llm_onecall,7290.9
教育,1740,科学怎么复习最有效,edu_holistic_search,edu_fuzzy_search,"{""retext"": ""科学怎么复习最有效""}",fan_knowledge_agent,"{""messages"": [{""role"": ""user"", ""content"": ""科学怎么复习最有效""}], ""riskRespStrategy"": ""all_replace"", ""sceneTypeIntentList"": [{""sceneType"": ""knowledge_qa""}]}",N,N,N,"messages: gold= pred=[{""content"": ""科学怎么复习最有效"", ""role"": ""user""}]; retext: gold=""科学怎么复习最有效"" pred=; riskRespStrategy: gold= pred=""all_replace""; sceneTypeIntentList: gold= pred=[{""sceneType"": ""knowledge_qa""}]",general_rule,5698.3
