域,row,query,intent,是否合理,gold_tool,gold_params,pred_tool,pred_params,tool_ok,param_ok,both_ok,param_diff
教育,2,高三的物理,,,edu_search,"{""query"": {""and"": [{""field"": ""grade"", ""value"": ""高三""}, {""field"": ""first_subject"", ""value"": ""物理""}, {""field"": ""k12_category"", ""operator"": ""or"", ""values"": [""同步课"", ""同步拓展课""]}]}}",edu_search,"{""query"": {""and"": [{""field"": ""grade"", ""value"": ""高三""}, {""field"": ""first_subject"", ""value"": ""物理""}, {""field"": ""k12_category"", ""operator"": ""or"", ""values"": [""同步课"", ""同步拓展课""]}]}}",Y,Y,Y,
教育,3,初一语文湘教版同步课,,,edu_search,"{""query"": {""and"": [{""field"": ""grade"", ""value"": ""七年级""}, {""field"": ""first_subject"", ""value"": ""语文""}, {""field"": ""material_version"", ""value"": ""湘教版""}, {""field"": ""k12_category"", ""operator"": ""or"", ""values"": [""同步课"", ""同步拓展课""]}]}}",edu_search,"{""query"": {""and"": [{""field"": ""grade"", ""value"": ""七年级""}, {""field"": ""material_version"", ""value"": ""湘教版""}, {""field"": ""first_subject"", ""value"": ""语文""}, {""field"": ""k12_category"", ""operator"": ""or"", ""values"": [""同步课"", ""同步拓展课""]}]}}",Y,Y,Y,
教育,5,人教版小学语文三年级,,,edu_search,"{""query"": {""and"": [{""field"": ""figures"", ""value"": ""小学""}, {""field"": ""grade"", ""value"": ""三年级""}, {""field"": ""first_subject"", ""value"": ""语文""}, {""field"": ""material_version"", ""value"": ""人教版""}, {""field"": ""k12_category"", ""operator"": ""or"", ""values"": [""同步课"", ""同步拓展课""]}]}}",edu_search,"{""query"": {""and"": [{""field"": ""figures"", ""value"": ""小学""}, {""field"": ""grade"", ""value"": ""三年级""}, {""field"": ""first_subject"", ""value"": ""语文""}, {""field"": ""material_version"", ""value"": ""人教版""}, {""field"": ""k12_category"", ""operator"": ""or"", ""values"": [""同步课"", ""同步拓展课""]}]}}",Y,Y,Y,
教育,4,1年级语文上人教版,,,edu_search,"{""query"": {""and"": [{""field"": ""grade"", ""value"": ""一年级""}, {""field"": ""first_subject"", ""value"": ""语文""}, {""field"": ""semester"", ""value"": ""上半学期""}, {""field"": ""material_version"", ""value"": ""人教版""}, {""field"": ""k12_category"", ""operator"": ""or"", ""values"": [""同步课"", ""同步拓展课""]}]}}",edu_search,"{""query"": {""and"": [{""field"": ""grade"", ""value"": ""一年级""}, {""field"": ""semester"", ""value"": ""上半学期""}, {""field"": ""material_version"", ""value"": ""人教版""}, {""field"": ""first_subject"", ""value"": ""语文""}, {""field"": ""k12_category"", ""operator"": ""or"", ""values"": [""同步课"", ""同步拓展课""]}]}}",Y,Y,Y,
教育,6,2025年3年级上册人教版英语,,,edu_search,"{""query"": {""and"": [{""field"": ""grade"", ""value"": ""三年级""}, {""field"": ""semester"", ""value"": ""上半学期""}, {""field"": ""first_subject"", ""value"": ""英语""}, {""field"": ""material_version"", ""value"": ""人教版""}, {""field"": ""k12_category"", ""operator"": ""or"", ""values"": [""同步课"", ""同步拓展课""]}]}}",edu_search,"{""query"": {""and"": [{""field"": ""grade"", ""value"": ""三年级""}, {""field"": ""semester"", ""value"": ""上半学期""}, {""field"": ""material_version"", ""value"": ""人教版""}, {""field"": ""first_subject"", ""value"": ""英语""}, {""field"": ""k12_category"", ""operator"": ""or"", ""values"": [""同步课"", ""同步拓展课""]}]}}",Y,Y,Y,
教育,7,播放人教版地理七年级历史上册,,,edu_search,"{""query"": {""and"": [{""field"": ""material_version"", ""value"": ""人教版""}, {""field"": ""first_subject"", ""operator"": ""or"", ""values"": [""地理"", ""历史""]}, {""field"": ""grade"", ""value"": ""七年级""}, {""field"": ""semester"", ""value"": ""上半学期""}, {""field"": ""k12_category"", ""operator"": ""or"", ""values"": [""同步课"", ""同步拓展课""]}]}}",edu_search,"{""query"": {""and"": [{""field"": ""grade"", ""value"": ""七年级""}, {""field"": ""semester"", ""value"": ""上半学期""}, {""field"": ""material_version"", ""value"": ""人教版""}, {""field"": ""first_subject"", ""operator"": ""or"", ""values"": [""历史"", ""地理""]}, {""field"": ""k12_category"", ""operator"": ""or"", ""values"": [""同步课"", ""同步拓展课""]}]}}",Y,Y,Y,
教育,8,九年级化学沪科版视频,,,edu_search,"{""query"": {""and"": [{""field"": ""grade"", ""value"": ""九年级""}, {""field"": ""first_subject"", ""value"": ""化学""}, {""field"": ""material_version"", ""value"": ""沪科版""}, {""field"": ""k12_category"", ""operator"": ""or"", ""values"": [""同步课"", ""同步拓展课""]}]}}",edu_search,"{""query"": {""and"": [{""field"": ""grade"", ""value"": ""九年级""}, {""field"": ""material_version"", ""value"": ""沪科版""}, {""field"": ""first_subject"", ""value"": ""化学""}, {""field"": ""k12_category"", ""operator"": ""or"", ""values"": [""同步课"", ""同步拓展课""]}]}}",Y,Y,Y,
教育,9,苏教版小学英语,,,edu_search,"{""query"": {""and"": [{""field"": ""figures"", ""value"": ""小学""}, {""field"": ""first_subject"", ""value"": ""英语""}, {""field"": ""material_version"", ""value"": ""苏教版""}, {""field"": ""k12_category"", ""operator"": ""or"", ""values"": [""同步课"", ""同步拓展课""]}]}}",edu_search,"{""query"": {""and"": [{""field"": ""figures"", ""value"": ""小学""}, {""field"": ""material_version"", ""value"": ""苏教版""}, {""field"": ""first_subject"", ""value"": ""英语""}, {""field"": ""k12_category"", ""operator"": ""or"", ""values"": [""同步课"", ""同步拓展课""]}]}}",Y,Y,Y,
教育,10,2025年3年级上册人教版英语,,,edu_search,"{""query"": {""and"": [{""field"": ""grade"", ""value"": ""三年级""}, {""field"": ""semester"", ""value"": ""上半学期""}, {""field"": ""first_subject"", ""value"": ""英语""}, {""field"": ""material_version"", ""value"": ""人教版""}, {""field"": ""k12_category"", ""operator"": ""or"", ""values"": [""同步课"", ""同步拓展课""]}]}}",edu_search,"{""query"": {""and"": [{""field"": ""grade"", ""value"": ""三年级""}, {""field"": ""semester"", ""value"": ""上半学期""}, {""field"": ""material_version"", ""value"": ""人教版""}, {""field"": ""first_subject"", ""value"": ""英语""}, {""field"": ""k12_category"", ""operator"": ""or"", ""values"": [""同步课"", ""同步拓展课""]}]}}",Y,Y,Y,
教育,11,播放人教版七年级历史上册,,,edu_search,"{""query"": {""and"": [{""field"": ""material_version"", ""value"": ""人教版""}, {""field"": ""first_subject"", ""values"": [""历史""]}, {""field"": ""grade"", ""value"": ""七年级""}, {""field"": ""semester"", ""value"": ""上半学期""}, {""field"": ""k12_category"", ""operator"": ""or"", ""values"": [""同步课"", ""同步拓展课""]}]}}",edu_search,"{""query"": {""and"": [{""field"": ""material_version"", ""value"": ""人教版""}, {""field"": ""first_subject"", ""values"": [""历史""]}, {""field"": ""grade"", ""value"": ""七年级""}, {""field"": ""semester"", ""value"": ""上半学期""}, {""field"": ""k12_category"", ""operator"": ""or"", ""values"": [""同步课"", ""同步拓展课""]}]}}",Y,Y,Y,
教育,12,二年级上册数学青岛版,,,edu_search,"{""query"": {""and"": [{""field"": ""grade"", ""value"": ""二年级""}, {""field"": ""semester"", ""value"": ""上半学期""}, {""field"": ""first_subject"", ""value"": ""数学""}, {""field"": ""material_version"", ""value"": ""青岛版""}, {""field"": ""k12_category"", ""operator"": ""or"", ""values"": [""同步课"", ""同步拓展课""]}]}}",edu_search,"{""query"": {""and"": [{""field"": ""grade"", ""value"": ""二年级""}, {""field"": ""semester"", ""value"": ""上半学期""}, {""field"": ""material_version"", ""value"": ""青岛版""}, {""field"": ""first_subject"", ""value"": ""数学""}, {""field"": ""k12_category"", ""operator"": ""or"", ""values"": [""同步课"", ""同步拓展课""]}]}}",Y,Y,Y,
教育,13,1年级的人教版,,,edu_search,"{""query"": {""and"": [{""field"": ""grade"", ""value"": ""一年级""}, {""field"": ""material_version"", ""value"": ""人教版""}, {""field"": ""k12_category"", ""operator"": ""or"", ""values"": [""同步课"", ""同步拓展课""]}]}}",edu_search,"{""query"": {""and"": [{""field"": ""grade"", ""value"": ""一年级""}, {""field"": ""material_version"", ""value"": ""人教版""}, {""field"": ""k12_category"", ""operator"": ""or"", ""values"": [""同步课"", ""同步拓展课""]}]}}",Y,Y,Y,
教育,14,我想学3年级北师大版的英语,,,edu_search,"{""query"": {""and"": [{""field"": ""figures"", ""value"": ""小学""}, {""field"": ""grade"", ""value"": ""三年级""}, {""field"": ""first_subject"", ""value"": ""英语""}, {""field"": ""material_version"", ""value"": ""北师大版""}, {""field"": ""k12_category"", ""operator"": ""or"", ""values"": [""同步课"", ""同步拓展课""]}]}}",edu_search,"{""query"": {""and"": [{""field"": ""figures"", ""value"": ""小学""}, {""field"": ""grade"", ""value"": ""三年级""}, {""field"": ""first_subject"", ""value"": ""英语""}, {""field"": ""material_version"", ""value"": ""北师大版""}, {""field"": ""k12_category"", ""operator"": ""or"", ""values"": [""同步课"", ""同步拓展课""]}]}}",Y,Y,Y,
教育,16,人教版小学语文三年级上册课程,,,edu_search,"{""query"": {""and"": [{""field"": ""figures"", ""value"": ""小学""}, {""field"": ""grade"", ""value"": ""三年级""}, {""field"": ""first_subject"", ""value"": ""语文""}, {""field"": ""material_version"", ""value"": ""人教版""}, {""field"": ""semester"", ""value"": ""上半学期""}, {""field"": ""k12_category"", ""operator"": ""or"", ""values"": [""同步课"", ""同步拓展课""]}]}}",edu_search,"{""query"": {""and"": [{""field"": ""grade"", ""value"": ""三年级""}, {""field"": ""figures"", ""value"": ""小学""}, {""field"": ""semester"", ""value"": ""上半学期""}, {""field"": ""material_version"", ""value"": ""人教版""}, {""field"": ""first_subject"", ""value"": ""语文""}, {""field"": ""k12_category"", ""operator"": ""or"", ""values"": [""同步课"", ""同步拓展课""]}]}}",Y,Y,Y,
教育,17,放高一人民教育出版社物理,,,edu_search,"{""query"": {""and"": [{""field"": ""figures"", ""value"": ""高中""}, {""field"": ""grade"", ""value"": ""高一""}, {""field"": ""first_subject"", ""value"": ""物理""}, {""field"": ""material_version"", ""value"": ""人教版""}, {""field"": ""k12_category"", ""operator"": ""or"", ""values"": [""同步课"", ""同步拓展课""]}]}}",edu_search,"{""query"": {""and"": [{""field"": ""figures"", ""value"": ""高中""}, {""field"": ""grade"", ""value"": ""高一""}, {""field"": ""first_subject"", ""value"": ""物理""}, {""field"": ""material_version"", ""value"": ""人教版""}, {""field"": ""k12_category"", ""operator"": ""or"", ""values"": [""同步课"", ""同步拓展课""]}]}}",Y,Y,Y,
教育,15,初中三年级语文上册鄂教版课文朗读,,,edu_search,"{""query"": {""and"": [{""field"": ""grade"", ""value"": ""九年级""}, {""field"": ""first_subject"", ""value"": ""语文""}, {""field"": ""semester"", ""value"": ""上半学期""}, {""field"": ""material_version"", ""value"": ""鄂教版""}, {""field"": ""k12_category"", ""operator"": ""or"", ""values"": [""同步课"", ""同步拓展课""]}]}}",edu_search,"{""query"": {""and"": [{""field"": ""grade"", ""value"": ""九年级""}, {""field"": ""semester"", ""value"": ""上半学期""}, {""field"": ""material_version"", ""value"": ""鄂教版""}, {""field"": ""first_subject"", ""value"": ""语文""}, {""field"": ""k12_category"", ""operator"": ""or"", ""values"": [""同步课"", ""同步拓展课""]}]}}",Y,Y,Y,
教育,18,7年级上册2024年人教版历史书,,,edu_search,"{""query"": {""and"": [{""field"": ""grade"", ""value"": ""七年级""}, {""field"": ""first_subject"", ""value"": ""历史""}, {""field"": ""material_version"", ""value"": ""人教版""}, {""field"": ""semester"", ""value"": ""上半学期""}, {""field"": ""k12_category"", ""operator"": ""or"", ""values"": [""同步课"", ""同步拓展课""]}]}}",edu_search,"{""query"": {""and"": [{""field"": ""grade"", ""value"": ""七年级""}, {""field"": ""semester"", ""value"": ""上半学期""}, {""field"": ""material_version"", ""value"": ""人教版""}, {""field"": ""first_subject"", ""value"": ""历史""}, {""field"": ""k12_category"", ""operator"": ""or"", ""values"": [""同步课"", ""同步拓展课""]}]}}",Y,Y,Y,
教育,19,7年级下册人教版历史,,,edu_search,"{""query"": {""and"": [{""field"": ""grade"", ""value"": ""七年级""}, {""field"": ""first_subject"", ""value"": ""历史""}, {""field"": ""material_version"", ""value"": ""人教版""}, {""field"": ""semester"", ""value"": ""下半学期""}, {""field"": ""k12_category"", ""operator"": ""or"", ""values"": [""同步课"", ""同步拓展课""]}]}}",edu_search,"{""query"": {""and"": [{""field"": ""grade"", ""value"": ""七年级""}, {""field"": ""semester"", ""value"": ""下半学期""}, {""field"": ""material_version"", ""value"": ""人教版""}, {""field"": ""first_subject"", ""value"": ""历史""}, {""field"": ""k12_category"", ""operator"": ""or"", ""values"": [""同步课"", ""同步拓展课""]}]}}",Y,Y,Y,
教育,20,三年级上册数学人教版教案,,,edu_search,"{""query"": {""and"": [{""field"": ""grade"", ""value"": ""三年级""}, {""field"": ""first_subject"", ""value"": ""数学""}, {""field"": ""material_version"", ""value"": ""人教版""}, {""field"": ""semester"", ""value"": ""上半学期""}, {""field"": ""k12_category"", ""operator"": ""or"", ""values"": [""同步课"", ""同步拓展课""]}]}}",edu_search,"{""query"": {""and"": [{""field"": ""grade"", ""value"": ""三年级""}, {""field"": ""semester"", ""value"": ""上半学期""}, {""field"": ""material_version"", ""value"": ""人教版""}, {""field"": ""first_subject"", ""value"": ""数学""}, {""field"": ""k12_category"", ""operator"": ""or"", ""values"": [""同步课"", ""同步拓展课""]}]}}",Y,Y,Y,
教育,21,2024人教版七年级上册政治,,,edu_search,"{""query"": {""and"": [{""field"": ""grade"", ""value"": ""七年级""}, {""field"": ""first_subject"", ""value"": ""政治""}, {""field"": ""material_version"", ""value"": ""人教版""}, {""field"": ""semester"", ""value"": ""上半学期""}, {""field"": ""k12_category"", ""operator"": ""or"", ""values"": [""同步课"", ""同步拓展课""]}]}}",edu_search,"{""query"": {""and"": [{""field"": ""grade"", ""value"": ""七年级""}, {""field"": ""semester"", ""value"": ""上半学期""}, {""field"": ""material_version"", ""value"": ""人教版""}, {""field"": ""first_subject"", ""value"": ""政治""}, {""field"": ""k12_category"", ""operator"": ""or"", ""values"": [""同步课"", ""同步拓展课""]}]}}",Y,Y,Y,
教育,22,播放新教材九年级化学人教版,,,edu_search,"{""query"": {""and"": [{""field"": ""grade"", ""value"": ""九年级""}, {""field"": ""first_subject"", ""value"": ""化学""}, {""field"": ""material_version"", ""value"": ""人教版""}, {""field"": ""k12_category"", ""operator"": ""or"", ""values"": [""同步课"", ""同步拓展课""]}]}}",edu_search,"{""query"": {""and"": [{""field"": ""grade"", ""value"": ""九年级""}, {""field"": ""material_version"", ""value"": ""人教版""}, {""field"": ""first_subject"", ""value"": ""化学""}, {""field"": ""k12_category"", ""operator"": ""or"", ""values"": [""同步课"", ""同步拓展课""]}]}}",Y,Y,Y,
教育,23,5年级下册英语人教部编版,,,edu_search,"{""query"": {""and"": [{""field"": ""grade"", ""value"": ""五年级""}, {""field"": ""first_subject"", ""value"": ""英语""}, {""field"": ""material_version"", ""value"": ""人教部编版""}, {""field"": ""semester"", ""value"": ""下半学期""}, {""field"": ""k12_category"", ""operator"": ""or"", ""values"": [""同步课"", ""同步拓展课""]}]}}",edu_search,"{""query"": {""and"": [{""field"": ""grade"", ""value"": ""五年级""}, {""field"": ""semester"", ""value"": ""下半学期""}, {""field"": ""material_version"", ""value"": ""人教部编版""}, {""field"": ""first_subject"", ""value"": ""英语""}, {""field"": ""k12_category"", ""operator"": ""or"", ""values"": [""同步课"", ""同步拓展课""]}]}}",Y,Y,Y,
教育,33,2年级不花钱免费的数学,,,edu_search,"{""query"": {""and"": [{""field"": ""grade"", ""value"": ""二年级""}, {""field"": ""first_subject"", ""value"": ""数学""}, {""field"": ""is_fee"", ""value"": 0}, {""field"": ""k12_category"", ""operator"": ""or"", ""values"": [""同步课"", ""同步拓展课""]}]}}",edu_search,"{""query"": {""and"": [{""field"": ""grade"", ""value"": ""二年级""}, {""field"": ""is_fee"", ""value"": 0}, {""field"": ""first_subject"", ""value"": ""数学""}, {""field"": ""k12_category"", ""operator"": ""or"", ""values"": [""同步课"", ""同步拓展课""]}]}}",Y,Y,Y,
教育,34,给我播放免费的6年级上册数学人教版,,,edu_search,"{""query"": {""and"": [{""field"": ""grade"", ""value"": ""六年级""}, {""field"": ""semester"", ""value"": ""上半学期""}, {""field"": ""first_subject"", ""value"": ""数学""}, {""field"": ""material_version"", ""value"": ""人教版""}, {""field"": ""is_fee"", ""value"": 0}, {""field"": ""k12_category"", ""operator"": ""or"", ""values"": [""同步课"", ""同步拓展课""]}]}}",edu_search,"{""query"": {""and"": [{""field"": ""grade"", ""value"": ""六年级""}, {""field"": ""semester"", ""value"": ""上半学期""}, {""field"": ""material_version"", ""value"": ""人教版""}, {""field"": ""is_fee"", ""value"": 0}, {""field"": ""first_subject"", ""value"": ""数学""}, {""field"": ""k12_category"", ""operator"": ""or"", ""values"": [""同步课"", ""同步拓展课""]}]}}",Y,Y,Y,
教育,35,8年级免费的数学题,,,edu_search,"{""query"": {""and"": [{""field"": ""grade"", ""value"": ""八年级""}, {""field"": ""first_subject"", ""value"": ""数学""}, {""field"": ""is_fee"", ""value"": 0}, {""field"": ""k12_category"", ""operator"": ""or"", ""values"": [""同步课"", ""同步拓展课""]}]}}",edu_search,"{""query"": {""and"": [{""field"": ""grade"", ""value"": ""八年级""}, {""field"": ""is_fee"", ""value"": 0}, {""field"": ""first_subject"", ""value"": ""数学""}, {""field"": ""k12_category"", ""operator"": ""or"", ""values"": [""同步课"", ""同步拓展课""]}]}}",Y,Y,Y,
教育,36,不要钱的科学,,,edu_search,"{""query"": {""and"": [{""field"": ""first_subject"", ""value"": ""科学""}, {""field"": ""is_fee"", ""value"": 0}, {""field"": ""k12_category"", ""operator"": ""or"", ""values"": [""同步课"", ""同步拓展课""]}]}}",edu_search,"{""query"": {""and"": [{""field"": ""is_fee"", ""value"": 0}, {""field"": ""first_subject"", ""value"": ""科学""}, {""field"": ""k12_category"", ""operator"": ""or"", ""values"": [""同步课"", ""同步拓展课""]}]}}",Y,Y,Y,
教育,37,3年级上册数学免费,,,edu_search,"{""query"": {""and"": [{""field"": ""grade"", ""value"": ""三年级""}, {""field"": ""semester"", ""value"": ""上半学期""}, {""field"": ""first_subject"", ""value"": ""数学""}, {""field"": ""is_fee"", ""value"": 0}, {""field"": ""k12_category"", ""operator"": ""or"", ""values"": [""同步课"", ""同步拓展课""]}]}}",edu_search,"{""query"": {""and"": [{""field"": ""grade"", ""value"": ""三年级""}, {""field"": ""semester"", ""value"": ""上半学期""}, {""field"": ""is_fee"", ""value"": 0}, {""field"": ""first_subject"", ""value"": ""数学""}, {""field"": ""k12_category"", ""operator"": ""or"", ""values"": [""同步课"", ""同步拓展课""]}]}}",Y,Y,Y,
教育,24,6年级上册英语人民教育出版社,,,edu_search,"{""query"": {""and"": [{""field"": ""grade"", ""value"": ""六年级""}, {""field"": ""first_subject"", ""value"": ""英语""}, {""field"": ""material_version"", ""value"": ""人教版""}, {""field"": ""semester"", ""value"": ""上半学期""}, {""field"": ""k12_category"", ""operator"": ""or"", ""values"": [""同步课"", ""同步拓展课""]}]}}",edu_search,"{""query"": {""and"": [{""field"": ""grade"", ""value"": ""六年级""}, {""field"": ""semester"", ""value"": ""上半学期""}, {""field"": ""material_version"", ""value"": ""人教版""}, {""field"": ""first_subject"", ""value"": ""英语""}, {""field"": ""k12_category"", ""operator"": ""or"", ""values"": [""同步课"", ""同步拓展课""]}]}}",Y,Y,Y,
教育,25,四年级上册和下册,,,edu_search,"{""query"": {""and"": [{""field"": ""grade"", ""value"": ""四年级""}, {""field"": ""semester"", ""operator"": ""or"", ""values"": [""上半学期"", ""下半学期""]}, {""field"": ""k12_category"", ""operator"": ""or"", ""values"": [""同步课"", ""同步拓展课""]}]}}",edu_search,"{""query"": {""and"": [{""field"": ""grade"", ""value"": ""四年级""}, {""field"": ""semester"", ""operator"": ""or"", ""values"": [""上半学期"", ""下半学期""]}, {""field"": ""k12_category"", ""operator"": ""or"", ""values"": [""同步课"", ""同步拓展课""]}]}}",Y,Y,Y,
教育,38,高2年级的数学教学教程免费,,,edu_search,"{""query"": {""and"": [{""field"": ""grade"", ""value"": ""高二""}, {""field"": ""first_subject"", ""value"": ""数学""}, {""field"": ""is_fee"", ""value"": 0}, {""field"": ""k12_category"", ""operator"": ""or"", ""values"": [""同步课"", ""同步拓展课""]}]}}",edu_search,"{""query"": {""and"": [{""field"": ""grade"", ""value"": ""高二""}, {""field"": ""is_fee"", ""value"": 0}, {""field"": ""first_subject"", ""value"": ""数学""}, {""field"": ""k12_category"", ""operator"": ""or"", ""values"": [""同步课"", ""同步拓展课""]}]}}",Y,Y,Y,
教育,26,播放1年级上册,,,edu_search,"{""query"": {""and"": [{""field"": ""grade"", ""value"": ""一年级""}, {""field"": ""semester"", ""value"": ""上半学期""}, {""field"": ""k12_category"", ""operator"": ""or"", ""values"": [""同步课"", ""同步拓展课""]}]}}",edu_search,"{""query"": {""and"": [{""field"": ""grade"", ""value"": ""一年级""}, {""field"": ""semester"", ""value"": ""上半学期""}, {""field"": ""k12_category"", ""operator"": ""or"", ""values"": [""同步课"", ""同步拓展课""]}]}}",Y,Y,Y,
教育,27,3年级教育,,,edu_search,"{""query"": {""and"": [{""field"": ""grade"", ""value"": ""三年级""}, {""field"": ""k12_category"", ""operator"": ""or"", ""values"": [""同步课"", ""同步拓展课""]}]}}",edu_search,"{""query"": {""and"": [{""field"": ""grade"", ""value"": ""三年级""}, {""field"": ""k12_category"", ""operator"": ""or"", ""values"": [""同步课"", ""同步拓展课""]}]}}",Y,Y,Y,
教育,28,查看高一高二高三同步教材,,,edu_search,"{""query"": {""and"": [{""field"": ""grade"", ""operator"": ""or"", ""values"": [""高一"", ""高二"", ""高三""]}, {""field"": ""k12_category"", ""operator"": ""or"", ""values"": [""同步课"", ""同步拓展课""]}]}}",edu_search,"{""query"": {""and"": [{""field"": ""grade"", ""operator"": ""or"", ""values"": [""高一"", ""高二"", ""高三""]}, {""field"": ""k12_category"", ""operator"": ""or"", ""values"": [""同步课"", ""同步拓展课""]}]}}",Y,Y,Y,
教育,29,有初中二年级的课程吗,,,edu_search,"{""query"": {""and"": [{""field"": ""grade"", ""value"": ""八年级""}, {""field"": ""k12_category"", ""operator"": ""or"", ""values"": [""同步课"", ""同步拓展课""]}]}}",edu_search,"{""query"": {""and"": [{""field"": ""grade"", ""value"": ""八年级""}, {""field"": ""k12_category"", ""operator"": ""or"", ""values"": [""同步课"", ""同步拓展课""]}]}}",Y,Y,Y,
教育,30,我要看九年级教材同步课,,,edu_search,"{""query"": {""and"": [{""field"": ""grade"", ""value"": ""九年级""}, {""field"": ""k12_category"", ""operator"": ""or"", ""values"": [""同步课"", ""同步拓展课""]}]}}",edu_search,"{""query"": {""and"": [{""field"": ""grade"", ""value"": ""九年级""}, {""field"": ""k12_category"", ""operator"": ""or"", ""values"": [""同步课"", ""同步拓展课""]}]}}",Y,Y,Y,
教育,31,7年级的书本下册,,,edu_search,"{""query"": {""and"": [{""field"": ""grade"", ""value"": ""七年级""}, {""field"": ""semester"", ""value"": ""下半学期""}, {""field"": ""k12_category"", ""operator"": ""or"", ""values"": [""同步课"", ""同步拓展课""]}]}}",edu_search,"{""query"": {""and"": [{""field"": ""grade"", ""value"": ""七年级""}, {""field"": ""semester"", ""value"": ""下半学期""}, {""field"": ""k12_category"", ""operator"": ""or"", ""values"": [""同步课"", ""同步拓展课""]}]}}",Y,Y,Y,
教育,32,初二下册所有的课文,,,edu_search,"{""query"": {""and"": [{""field"": ""figures"", ""value"": ""初中""}, {""field"": ""grade"", ""value"": ""八年级""}, {""field"": ""semester"", ""value"": ""下半学期""}, {""field"": ""k12_category"", ""operator"": ""or"", ""values"": [""同步课"", ""同步拓展课""]}]}}",edu_search,"{""query"": {""and"": [{""field"": ""figures"", ""value"": ""初中""}, {""field"": ""grade"", ""value"": ""八年级""}, {""field"": ""semester"", ""value"": ""下半学期""}, {""field"": ""k12_category"", ""operator"": ""or"", ""values"": [""同步课"", ""同步拓展课""]}]}}",Y,Y,Y,
教育,39,我想学高二化学,,,edu_search,"{""query"": {""and"": [{""field"": ""grade"", ""value"": ""高二""}, {""field"": ""first_subject"", ""value"": ""化学""}, {""field"": ""k12_category"", ""operator"": ""or"", ""values"": [""同步课"", ""同步拓展课""]}]}}",edu_search,"{""query"": {""and"": [{""field"": ""grade"", ""value"": ""高二""}, {""field"": ""first_subject"", ""value"": ""化学""}, {""field"": ""k12_category"", ""operator"": ""or"", ""values"": [""同步课"", ""同步拓展课""]}]}}",Y,Y,Y,
教育,40,5年级英语书,,,edu_search,"{""query"": {""and"": [{""field"": ""grade"", ""value"": ""五年级""}, {""field"": ""first_subject"", ""value"": ""英语""}, {""field"": ""k12_category"", ""operator"": ""or"", ""values"": [""同步课"", ""同步拓展课""]}]}}",edu_search,"{""query"": {""and"": [{""field"": ""grade"", ""value"": ""五年级""}, {""field"": ""first_subject"", ""value"": ""英语""}, {""field"": ""k12_category"", ""operator"": ""or"", ""values"": [""同步课"", ""同步拓展课""]}]}}",Y,Y,Y,
教育,41,7年级历史下册,,,edu_search,"{""query"": {""and"": [{""field"": ""grade"", ""value"": ""七年级""}, {""field"": ""semester"", ""value"": ""下半学期""}, {""field"": ""first_subject"", ""value"": ""历史""}, {""field"": ""k12_category"", ""operator"": ""or"", ""values"": [""同步课"", ""同步拓展课""]}]}}",edu_search,"{""query"": {""and"": [{""field"": ""grade"", ""value"": ""七年级""}, {""field"": ""semester"", ""value"": ""下半学期""}, {""field"": ""first_subject"", ""value"": ""历史""}, {""field"": ""k12_category"", ""operator"": ""or"", ""values"": [""同步课"", ""同步拓展课""]}]}}",Y,Y,Y,
教育,43,八年级数学课程,,,edu_search,"{""query"": {""and"": [{""field"": ""grade"", ""value"": ""八年级""}, {""field"": ""first_subject"", ""value"": ""数学""}, {""field"": ""k12_category"", ""operator"": ""or"", ""values"": [""同步课"", ""同步拓展课""]}]}}",edu_search,"{""query"": {""and"": [{""field"": ""grade"", ""value"": ""八年级""}, {""field"": ""first_subject"", ""value"": ""数学""}, {""field"": ""k12_category"", ""operator"": ""or"", ""values"": [""同步课"", ""同步拓展课""]}]}}",Y,Y,Y,
教育,44,点开9年级上册物理,,,edu_search,"{""query"": {""and"": [{""field"": ""grade"", ""value"": ""九年级""}, {""field"": ""semester"", ""value"": ""上半学期""}, {""field"": ""first_subject"", ""value"": ""物理""}, {""field"": ""k12_category"", ""operator"": ""or"", ""values"": [""同步课"", ""同步拓展课""]}]}}",edu_search,"{""query"": {""and"": [{""field"": ""grade"", ""value"": ""九年级""}, {""field"": ""semester"", ""value"": ""上半学期""}, {""field"": ""first_subject"", ""value"": ""物理""}, {""field"": ""k12_category"", ""operator"": ""or"", ""values"": [""同步课"", ""同步拓展课""]}]}}",Y,Y,Y,
教育,42,读一下五年级下册第一单元第三篇的英语课文,,,edu_search,"{""query"": {""and"": [{""field"": ""grade"", ""value"": ""五年级""}, {""field"": ""semester"", ""value"": ""下半学期""}, {""field"": ""first_subject"", ""value"": ""英语""}, {""field"": ""k12_category"", ""operator"": ""or"", ""values"": [""同步课"", ""同步拓展课""]}]}}",edu_search,"{""query"": {""and"": [{""field"": ""grade"", ""value"": ""五年级""}, {""field"": ""semester"", ""value"": ""下半学期""}, {""field"": ""first_subject"", ""value"": ""英语""}, {""field"": ""k12_category"", ""operator"": ""or"", ""values"": [""同步课"", ""同步拓展课""]}]}}",Y,Y,Y,
教育,46,播放1年级的英语,,,edu_search,"{""query"": {""and"": [{""field"": ""grade"", ""value"": ""一年级""}, {""field"": ""first_subject"", ""value"": ""英语""}, {""field"": ""k12_category"", ""operator"": ""or"", ""values"": [""同步课"", ""同步拓展课""]}]}}",edu_search,"{""query"": {""and"": [{""field"": ""grade"", ""value"": ""一年级""}, {""field"": ""first_subject"", ""value"": ""英语""}, {""field"": ""k12_category"", ""operator"": ""or"", ""values"": [""同步课"", ""同步拓展课""]}]}}",Y,Y,Y,
教育,45,2年级语文上册,,,edu_search,"{""query"": {""and"": [{""field"": ""grade"", ""value"": ""二年级""}, {""field"": ""semester"", ""value"": ""上半学期""}, {""field"": ""first_subject"", ""value"": ""语文""}, {""field"": ""k12_category"", ""operator"": ""or"", ""values"": [""同步课"", ""同步拓展课""]}]}}",edu_search,"{""query"": {""and"": [{""field"": ""grade"", ""value"": ""二年级""}, {""field"": ""semester"", ""value"": ""上半学期""}, {""field"": ""first_subject"", ""value"": ""语文""}, {""field"": ""k12_category"", ""operator"": ""or"", ""values"": [""同步课"", ""同步拓展课""]}]}}",Y,Y,Y,
教育,47,五年级的语文课本上册,,,edu_search,"{""query"": {""and"": [{""field"": ""grade"", ""value"": ""五年级""}, {""field"": ""semester"", ""value"": ""上半学期""}, {""field"": ""first_subject"", ""value"": ""语文""}, {""field"": ""k12_category"", ""operator"": ""or"", ""values"": [""同步课"", ""同步拓展课""]}]}}",edu_search,"{""query"": {""and"": [{""field"": ""grade"", ""value"": ""五年级""}, {""field"": ""semester"", ""value"": ""上半学期""}, {""field"": ""first_subject"", ""value"": ""语文""}, {""field"": ""k12_category"", ""operator"": ""or"", ""values"": [""同步课"", ""同步拓展课""]}]}}",Y,Y,Y,
教育,49,三年级的英语把它放出来,,,edu_search,"{""query"": {""and"": [{""field"": ""grade"", ""value"": ""三年级""}, {""field"": ""first_subject"", ""value"": ""英语""}, {""field"": ""k12_category"", ""operator"": ""or"", ""values"": [""同步课"", ""同步拓展课""]}]}}",edu_search,"{""query"": {""and"": [{""field"": ""grade"", ""value"": ""三年级""}, {""field"": ""first_subject"", ""value"": ""英语""}, {""field"": ""k12_category"", ""operator"": ""or"", ""values"": [""同步课"", ""同步拓展课""]}]}}",Y,Y,Y,
教育,48,6年级的数学教育视频,,,edu_search,"{""query"": {""and"": [{""field"": ""grade"", ""value"": ""六年级""}, {""field"": ""first_subject"", ""value"": ""数学""}, {""field"": ""k12_category"", ""operator"": ""or"", ""values"": [""同步课"", ""同步拓展课""]}]}}",edu_search,"{""query"": {""and"": [{""field"": ""grade"", ""value"": ""六年级""}, {""field"": ""first_subject"", ""value"": ""数学""}, {""field"": ""k12_category"", ""operator"": ""or"", ""values"": [""同步课"", ""同步拓展课""]}]}}",Y,Y,Y,
教育,50,打开九年级的化学课本1~3单元上册,,,edu_search,"{""query"": {""and"": [{""field"": ""grade"", ""value"": ""九年级""}, {""field"": ""semester"", ""value"": ""上半学期""}, {""field"": ""first_subject"", ""value"": ""化学""}, {""field"": ""k12_category"", ""operator"": ""or"", ""values"": [""同步课"", ""同步拓展课""]}]}}",edu_search,"{""query"": {""and"": [{""field"": ""grade"", ""value"": ""九年级""}, {""field"": ""semester"", ""value"": ""上半学期""}, {""field"": ""first_subject"", ""value"": ""化学""}, {""field"": ""k12_category"", ""operator"": ""or"", ""values"": [""同步课"", ""同步拓展课""]}]}}",Y,Y,Y,
教育,51,8年级数学,,,edu_search,"{""query"": {""and"": [{""field"": ""grade"", ""value"": ""八年级""}, {""field"": ""first_subject"", ""value"": ""数学""}, {""field"": ""k12_category"", ""operator"": ""or"", ""values"": [""同步课"", ""同步拓展课""]}]}}",edu_search,"{""query"": {""and"": [{""field"": ""grade"", ""value"": ""八年级""}, {""field"": ""first_subject"", ""value"": ""数学""}, {""field"": ""k12_category"", ""operator"": ""or"", ""values"": [""同步课"", ""同步拓展课""]}]}}",Y,Y,Y,
教育,52,1年级课堂语文课1年级上册,,,edu_search,"{""query"": {""and"": [{""field"": ""grade"", ""value"": ""一年级""}, {""field"": ""semester"", ""value"": ""上半学期""}, {""field"": ""first_subject"", ""value"": ""语文""}, {""field"": ""k12_category"", ""operator"": ""or"", ""values"": [""同步课"", ""同步拓展课""]}]}}",edu_search,"{""query"": {""and"": [{""field"": ""grade"", ""value"": ""一年级""}, {""field"": ""semester"", ""value"": ""上半学期""}, {""field"": ""first_subject"", ""value"": ""语文""}, {""field"": ""k12_category"", ""operator"": ""or"", ""values"": [""同步课"", ""同步拓展课""]}]}}",Y,Y,Y,
教育,54,高中三年级的物理,,,edu_search,"{""query"": {""and"": [{""field"": ""grade"", ""value"": ""高三""}, {""field"": ""first_subject"", ""value"": ""物理""}, {""field"": ""k12_category"", ""operator"": ""or"", ""values"": [""同步课"", ""同步拓展课""]}]}}",edu_search,"{""query"": {""and"": [{""field"": ""grade"", ""value"": ""高三""}, {""field"": ""first_subject"", ""value"": ""物理""}, {""field"": ""k12_category"", ""operator"": ""or"", ""values"": [""同步课"", ""同步拓展课""]}]}}",Y,Y,Y,
教育,53,4年级的数学和语文,,,edu_search,"{""query"": {""and"": [{""field"": ""grade"", ""value"": ""四年级""}, {""field"": ""first_subject"", ""operator"": ""or"", ""values"": [""语文"", ""数学""]}, {""field"": ""k12_category"", ""operator"": ""or"", ""values"": [""同步课"", ""同步拓展课""]}]}}",edu_search,"{""query"": {""and"": [{""field"": ""grade"", ""value"": ""四年级""}, {""field"": ""first_subject"", ""operator"": ""or"", ""values"": [""语文"", ""数学""]}, {""field"": ""k12_category"", ""operator"": ""or"", ""values"": [""同步课"", ""同步拓展课""]}]}}",Y,Y,Y,
教育,70,免费的初二地理课,,,edu_search,"{""query"": {""and"": [{""field"": ""grade"", ""value"": ""八年级""}, {""field"": ""first_subject"", ""value"": ""地理""}, {""field"": ""is_fee"", ""value"": 0}, {""field"": ""k12_category"", ""operator"": ""or"", ""values"": [""同步课"", ""同步拓展课""]}]}}",edu_search,"{""query"": {""and"": [{""field"": ""grade"", ""value"": ""八年级""}, {""field"": ""is_fee"", ""value"": 0}, {""field"": ""first_subject"", ""value"": ""地理""}, {""field"": ""k12_category"", ""operator"": ""or"", ""values"": [""同步课"", ""同步拓展课""]}]}}",Y,Y,Y,
教育,55,播放所有高一生物,,,edu_search,"{""query"": {""and"": [{""field"": ""grade"", ""value"": ""高一""}, {""field"": ""first_subject"", ""value"": ""生物""}, {""field"": ""k12_category"", ""operator"": ""or"", ""values"": [""同步课"", ""同步拓展课""]}]}}",edu_search,"{""query"": {""and"": [{""field"": ""grade"", ""value"": ""高一""}, {""field"": ""first_subject"", ""value"": ""生物""}, {""field"": ""k12_category"", ""operator"": ""or"", ""values"": [""同步课"", ""同步拓展课""]}]}}",Y,Y,Y,
教育,57,3年级的语文,,,edu_search,"{""query"": {""and"": [{""field"": ""grade"", ""value"": ""三年级""}, {""field"": ""first_subject"", ""value"": ""语文""}, {""field"": ""k12_category"", ""operator"": ""or"", ""values"": [""同步课"", ""同步拓展课""]}]}}",edu_search,"{""query"": {""and"": [{""field"": ""grade"", ""value"": ""三年级""}, {""field"": ""first_subject"", ""value"": ""语文""}, {""field"": ""k12_category"", ""operator"": ""or"", ""values"": [""同步课"", ""同步拓展课""]}]}}",Y,Y,Y,
教育,56,4年级下册语文,,,edu_search,"{""query"": {""and"": [{""field"": ""grade"", ""value"": ""四年级""}, {""field"": ""semester"", ""value"": ""下半学期""}, {""field"": ""first_subject"", ""value"": ""语文""}, {""field"": ""k12_category"", ""operator"": ""or"", ""values"": [""同步课"", ""同步拓展课""]}]}}",edu_search,"{""query"": {""and"": [{""field"": ""grade"", ""value"": ""四年级""}, {""field"": ""semester"", ""value"": ""下半学期""}, {""field"": ""first_subject"", ""value"": ""语文""}, {""field"": ""k12_category"", ""operator"": ""or"", ""values"": [""同步课"", ""同步拓展课""]}]}}",Y,Y,Y,
教育,72,北师大版初中八年级下册，免费的数学或物理,,,edu_search,"{""query"": {""and"": [{""field"": ""figures"", ""value"": ""初中""}, {""field"": ""grade"", ""value"": ""八年级""}, {""field"": ""semester"", ""value"": ""下半学期""}, {""field"": ""material_version"", ""value"": ""北师大版""}, {""field"": ""is_fee"", ""value"": 0}, {""field"": ""first_subject"", ""operator"": ""or"", ""values"": [""数学"", ""物理""]}, {""field"": ""k12_category"", ""operator"": ""or"", ""values"": [""同步课"", ""同步拓展课""]}]}}",edu_search,"{""query"": {""and"": [{""field"": ""grade"", ""value"": ""八年级""}, {""field"": ""figures"", ""value"": ""初中""}, {""field"": ""semester"", ""value"": ""下半学期""}, {""field"": ""material_version"", ""value"": ""北师大版""}, {""field"": ""is_fee"", ""value"": 0}, {""field"": ""first_subject"", ""operator"": ""or"", ""values"": [""数学"", ""物理""]}, {""field"": ""k12_category"", ""operator"": ""or"", ""values"": [""同步课"", ""同步拓展课""]}]}}",Y,Y,Y,
教育,58,八年级的物理,,,edu_search,"{""query"": {""and"": [{""field"": ""grade"", ""value"": ""八年级""}, {""field"": ""first_subject"", ""value"": ""物理""}, {""field"": ""k12_category"", ""operator"": ""or"", ""values"": [""同步课"", ""同步拓展课""]}]}}",edu_search,"{""query"": {""and"": [{""field"": ""grade"", ""value"": ""八年级""}, {""field"": ""first_subject"", ""value"": ""物理""}, {""field"": ""k12_category"", ""operator"": ""or"", ""values"": [""同步课"", ""同步拓展课""]}]}}",Y,Y,Y,
教育,60,二年级的语文,,,edu_search,"{""query"": {""and"": [{""field"": ""figures"", ""value"": ""小学""}, {""field"": ""grade"", ""value"": ""二年级""}, {""field"": ""first_subject"", ""value"": ""语文""}, {""field"": ""k12_category"", ""operator"": ""or"", ""values"": [""同步课"", ""同步拓展课""]}]}}",edu_search,"{""query"": {""and"": [{""field"": ""figures"", ""value"": ""小学""}, {""field"": ""grade"", ""value"": ""二年级""}, {""field"": ""first_subject"", ""value"": ""语文""}, {""field"": ""k12_category"", ""operator"": ""or"", ""values"": [""同步课"", ""同步拓展课""]}]}}",Y,Y,Y,
教育,73,高三下半学期付费的英语课,,,edu_search,"{""query"": {""and"": [{""field"": ""grade"", ""value"": ""高三""}, {""field"": ""semester"", ""value"": ""下半学期""}, {""field"": ""first_subject"", ""value"": ""英语""}, {""field"": ""is_fee"", ""value"": 1}, {""field"": ""k12_category"", ""operator"": ""or"", ""values"": [""同步课"", ""同步拓展课""]}]}}",edu_search,"{""query"": {""and"": [{""field"": ""grade"", ""value"": ""高三""}, {""field"": ""semester"", ""value"": ""下半学期""}, {""field"": ""is_fee"", ""value"": 1}, {""field"": ""first_subject"", ""value"": ""英语""}, {""field"": ""k12_category"", ""operator"": ""or"", ""values"": [""同步课"", ""同步拓展课""]}]}}",Y,Y,Y,
教育,74,七年级语文，要苏教版或北师大版，但不要免费的,,,edu_search,"{""query"": {""and"": [{""field"": ""is_fee"", ""value"": 1}, {""field"": ""grade"", ""value"": ""七年级""}, {""field"": ""first_subject"", ""value"": ""语文""}, {""field"": ""material_version"", ""operator"": ""or"", ""values"": [""苏教版"", ""北师大版""]}, {""field"": ""k12_category"", ""operator"": ""or"", ""values"": [""同步课"", ""同步拓展课""]}]}}",edu_search,"{""query"": {""and"": [{""field"": ""grade"", ""value"": ""七年级""}, {""field"": ""material_version"", ""operator"": ""or"", ""values"": [""北师大版"", ""苏教版""]}, {""field"": ""is_fee"", ""value"": 1}, {""field"": ""first_subject"", ""value"": ""语文""}, {""field"": ""k12_category"", ""operator"": ""or"", ""values"": [""同步课"", ""同步拓展课""]}]}}",Y,Y,Y,
教育,61,8年级上册生物,,,edu_search,"{""query"": {""and"": [{""field"": ""grade"", ""value"": ""八年级""}, {""field"": ""semester"", ""value"": ""上半学期""}, {""field"": ""first_subject"", ""value"": ""生物""}, {""field"": ""k12_category"", ""operator"": ""or"", ""values"": [""同步课"", ""同步拓展课""]}]}}",edu_search,"{""query"": {""and"": [{""field"": ""grade"", ""value"": ""八年级""}, {""field"": ""semester"", ""value"": ""上半学期""}, {""field"": ""first_subject"", ""value"": ""生物""}, {""field"": ""k12_category"", ""operator"": ""or"", ""values"": [""同步课"", ""同步拓展课""]}]}}",Y,Y,Y,
教育,62,1年级下册阅读,,,edu_search,"{""query"": {""and"": [{""field"": ""grade"", ""value"": ""一年级""}, {""field"": ""semester"", ""value"": ""下半学期""}, {""field"": ""first_subject"", ""value"": ""语文""}, {""field"": ""k12_category"", ""operator"": ""or"", ""values"": [""同步课"", ""同步拓展课""]}]}}",edu_search,"{""query"": {""and"": [{""field"": ""grade"", ""value"": ""一年级""}, {""field"": ""semester"", ""value"": ""下半学期""}, {""field"": ""first_subject"", ""value"": ""语文""}, {""field"": ""k12_category"", ""operator"": ""or"", ""values"": [""同步课"", ""同步拓展课""]}]}}",Y,Y,Y,
教育,63,9年级的数学,,,edu_search,"{""query"": {""and"": [{""field"": ""grade"", ""value"": ""九年级""}, {""field"": ""first_subject"", ""value"": ""数学""}, {""field"": ""k12_category"", ""operator"": ""or"", ""values"": [""同步课"", ""同步拓展课""]}]}}",edu_search,"{""query"": {""and"": [{""field"": ""grade"", ""value"": ""九年级""}, {""field"": ""first_subject"", ""value"": ""数学""}, {""field"": ""k12_category"", ""operator"": ""or"", ""values"": [""同步课"", ""同步拓展课""]}]}}",Y,Y,Y,
教育,59,高中物理必修数学必修一,,,edu_search,,edu_search,"{""query"": {""and"": [{""field"": ""figures"", ""value"": ""高中""}, {""field"": ""first_subject"", ""value"": ""物理""}, {""field"": ""k12_category"", ""operator"": ""or"", ""values"": [""同步课"", ""同步拓展课""]}]}}",Y,Y,Y,
教育,64,适合高中二年级的政治课内容,,,edu_search,"{""query"": {""and"": [{""field"": ""grade"", ""value"": ""高二""}, {""field"": ""first_subject"", ""value"": ""政治""}, {""field"": ""k12_category"", ""operator"": ""or"", ""values"": [""同步课"", ""同步拓展课""]}]}}",edu_search,"{""query"": {""and"": [{""field"": ""grade"", ""value"": ""高二""}, {""field"": ""first_subject"", ""value"": ""政治""}, {""field"": ""k12_category"", ""operator"": ""or"", ""values"": [""同步课"", ""同步拓展课""]}]}}",Y,Y,Y,
教育,65,三年级数学,,,edu_search,"{""query"": {""and"": [{""field"": ""grade"", ""value"": ""三年级""}, {""field"": ""first_subject"", ""value"": ""数学""}, {""field"": ""k12_category"", ""operator"": ""or"", ""values"": [""同步课"", ""同步拓展课""]}]}}",edu_search,"{""query"": {""and"": [{""field"": ""grade"", ""value"": ""三年级""}, {""field"": ""first_subject"", ""value"": ""数学""}, {""field"": ""k12_category"", ""operator"": ""or"", ""values"": [""同步课"", ""同步拓展课""]}]}}",Y,Y,Y,
教育,66,高一上半学期英语,,,edu_search,"{""query"": {""and"": [{""field"": ""grade"", ""value"": ""高一""}, {""field"": ""semester"", ""value"": ""上半学期""}, {""field"": ""first_subject"", ""value"": ""英语""}, {""field"": ""k12_category"", ""operator"": ""or"", ""values"": [""同步课"", ""同步拓展课""]}]}}",edu_search,"{""query"": {""and"": [{""field"": ""grade"", ""value"": ""高一""}, {""field"": ""semester"", ""value"": ""上半学期""}, {""field"": ""first_subject"", ""value"": ""英语""}, {""field"": ""k12_category"", ""operator"": ""or"", ""values"": [""同步课"", ""同步拓展课""]}]}}",Y,Y,Y,
教育,67,人教版初中七年级历史,,,edu_search,"{""query"": {""and"": [{""field"": ""figures"", ""value"": ""初中""}, {""field"": ""grade"", ""value"": ""七年级""}, {""field"": ""first_subject"", ""value"": ""历史""}, {""field"": ""material_version"", ""value"": ""人教版""}, {""field"": ""k12_category"", ""operator"": ""or"", ""values"": [""同步课"", ""同步拓展课""]}]}}",edu_search,"{""query"": {""and"": [{""field"": ""grade"", ""value"": ""七年级""}, {""field"": ""figures"", ""value"": ""初中""}, {""field"": ""material_version"", ""value"": ""人教版""}, {""field"": ""first_subject"", ""value"": ""历史""}, {""field"": ""k12_category"", ""operator"": ""or"", ""values"": [""同步课"", ""同步拓展课""]}]}}",Y,Y,Y,
教育,68,高中的化学或者物理,,,edu_search,"{""query"": {""and"": [{""field"": ""figures"", ""value"": ""高中""}, {""field"": ""first_subject"", ""operator"": ""or"", ""values"": [""化学"", ""物理""]}, {""field"": ""k12_category"", ""operator"": ""or"", ""values"": [""同步课"", ""同步拓展课""]}]}}",edu_search,"{""query"": {""and"": [{""field"": ""figures"", ""value"": ""高中""}, {""field"": ""first_subject"", ""operator"": ""or"", ""values"": [""物理"", ""化学""]}, {""field"": ""k12_category"", ""operator"": ""or"", ""values"": [""同步课"", ""同步拓展课""]}]}}",Y,Y,Y,
教育,69,小学四年级和五年级的语文,,,edu_search,"{""query"": {""and"": [{""field"": ""figures"", ""value"": ""小学""}, {""field"": ""grade"", ""values"": [""四年级"", ""五年级""]}, {""field"": ""first_subject"", ""value"": ""语文""}, {""field"": ""k12_category"", ""operator"": ""or"", ""values"": [""同步课"", ""同步拓展课""]}]}}",edu_search,"{""query"": {""and"": [{""field"": ""figures"", ""value"": ""小学""}, {""field"": ""grade"", ""values"": [""四年级"", ""五年级""]}, {""field"": ""first_subject"", ""value"": ""语文""}, {""field"": ""k12_category"", ""operator"": ""or"", ""values"": [""同步课"", ""同步拓展课""]}]}}",Y,Y,Y,
教育,71,高三下半学期，要数学或者物理,,,edu_search,"{""query"": {""and"": [{""field"": ""grade"", ""value"": ""高三""}, {""field"": ""semester"", ""value"": ""下半学期""}, {""field"": ""first_subject"", ""operator"": ""or"", ""values"": [""数学"", ""物理""]}, {""field"": ""k12_category"", ""operator"": ""or"", ""values"": [""同步课"", ""同步拓展课""]}]}}",edu_search,"{""query"": {""and"": [{""field"": ""grade"", ""value"": ""高三""}, {""field"": ""semester"", ""value"": ""下半学期""}, {""field"": ""first_subject"", ""operator"": ""or"", ""values"": [""数学"", ""物理""]}, {""field"": ""k12_category"", ""operator"": ""or"", ""values"": [""同步课"", ""同步拓展课""]}]}}",Y,Y,Y,
教育,75,初三化学下册,,,edu_search,"{""query"": {""and"": [{""field"": ""grade"", ""value"": ""九年级""}, {""field"": ""first_subject"", ""value"": ""化学""}, {""field"": ""semester"", ""value"": ""下半学期""}, {""field"": ""k12_category"", ""operator"": ""or"", ""values"": [""同步课"", ""同步拓展课""]}]}}",edu_search,"{""query"": {""and"": [{""field"": ""grade"", ""value"": ""九年级""}, {""field"": ""semester"", ""value"": ""下半学期""}, {""field"": ""first_subject"", ""value"": ""化学""}, {""field"": ""k12_category"", ""operator"": ""or"", ""values"": [""同步课"", ""同步拓展课""]}]}}",Y,Y,Y,
教育,76,初一英语上册人教版,,,edu_search,"{""query"": {""and"": [{""field"": ""grade"", ""value"": ""七年级""}, {""field"": ""first_subject"", ""value"": ""英语""}, {""field"": ""semester"", ""value"": ""上半学期""}, {""field"": ""material_version"", ""value"": ""人教版""}, {""field"": ""k12_category"", ""operator"": ""or"", ""values"": [""同步课"", ""同步拓展课""]}]}}",edu_search,"{""query"": {""and"": [{""field"": ""grade"", ""value"": ""七年级""}, {""field"": ""semester"", ""value"": ""上半学期""}, {""field"": ""material_version"", ""value"": ""人教版""}, {""field"": ""first_subject"", ""value"": ""英语""}, {""field"": ""k12_category"", ""operator"": ""or"", ""values"": [""同步课"", ""同步拓展课""]}]}}",Y,Y,Y,
教育,78,八年级的英语,,,edu_search,"{""query"": {""and"": [{""field"": ""grade"", ""value"": ""八年级""}, {""field"": ""first_subject"", ""value"": ""英语""}, {""field"": ""k12_category"", ""operator"": ""or"", ""values"": [""同步课"", ""同步拓展课""]}]}}",edu_search,"{""query"": {""and"": [{""field"": ""grade"", ""value"": ""八年级""}, {""field"": ""first_subject"", ""value"": ""英语""}, {""field"": ""k12_category"", ""operator"": ""or"", ""values"": [""同步课"", ""同步拓展课""]}]}}",Y,Y,Y,
教育,77,初三年级的数学,,,edu_search,"{""query"": {""and"": [{""field"": ""grade"", ""value"": ""九年级""}, {""field"": ""first_subject"", ""value"": ""数学""}, {""field"": ""k12_category"", ""operator"": ""or"", ""values"": [""同步课"", ""同步拓展课""]}]}}",edu_search,"{""query"": {""and"": [{""field"": ""grade"", ""value"": ""九年级""}, {""field"": ""first_subject"", ""value"": ""数学""}, {""field"": ""k12_category"", ""operator"": ""or"", ""values"": [""同步课"", ""同步拓展课""]}]}}",Y,Y,Y,
教育,79,高中二年级的数学,,,edu_search,"{""query"": {""and"": [{""field"": ""grade"", ""value"": ""高二""}, {""field"": ""first_subject"", ""value"": ""数学""}, {""field"": ""k12_category"", ""operator"": ""or"", ""values"": [""同步课"", ""同步拓展课""]}]}}",edu_search,"{""query"": {""and"": [{""field"": ""grade"", ""value"": ""高二""}, {""field"": ""first_subject"", ""value"": ""数学""}, {""field"": ""k12_category"", ""operator"": ""or"", ""values"": [""同步课"", ""同步拓展课""]}]}}",Y,Y,Y,
教育,80,高2年级的英语,,,edu_search,"{""query"": {""and"": [{""field"": ""grade"", ""value"": ""高二""}, {""field"": ""first_subject"", ""value"": ""英语""}, {""field"": ""k12_category"", ""operator"": ""or"", ""values"": [""同步课"", ""同步拓展课""]}]}}",edu_search,"{""query"": {""and"": [{""field"": ""grade"", ""value"": ""高二""}, {""field"": ""first_subject"", ""value"": ""英语""}, {""field"": ""k12_category"", ""operator"": ""or"", ""values"": [""同步课"", ""同步拓展课""]}]}}",Y,Y,Y,
教育,81,人民教育出版社六年级数学,,,edu_search,"{""query"": {""and"": [{""field"": ""grade"", ""value"": ""六年级""}, {""field"": ""first_subject"", ""value"": ""数学""}, {""field"": ""material_version"", ""value"": ""人教版""}, {""field"": ""k12_category"", ""operator"": ""or"", ""values"": [""同步课"", ""同步拓展课""]}]}}",edu_search,"{""query"": {""and"": [{""field"": ""grade"", ""value"": ""六年级""}, {""field"": ""material_version"", ""value"": ""人教版""}, {""field"": ""first_subject"", ""value"": ""数学""}, {""field"": ""k12_category"", ""operator"": ""or"", ""values"": [""同步课"", ""同步拓展课""]}]}}",Y,Y,Y,
教育,83,五年级数学,,,edu_search,"{""query"": {""and"": [{""field"": ""grade"", ""value"": ""五年级""}, {""field"": ""first_subject"", ""value"": ""数学""}, {""field"": ""k12_category"", ""operator"": ""or"", ""values"": [""同步课"", ""同步拓展课""]}]}}",edu_search,"{""query"": {""and"": [{""field"": ""grade"", ""value"": ""五年级""}, {""field"": ""first_subject"", ""value"": ""数学""}, {""field"": ""k12_category"", ""operator"": ""or"", ""values"": [""同步课"", ""同步拓展课""]}]}}",Y,Y,Y,
教育,82,六年级的英语,,,edu_search,"{""query"": {""and"": [{""field"": ""grade"", ""value"": ""六年级""}, {""field"": ""first_subject"", ""value"": ""英语""}, {""field"": ""k12_category"", ""operator"": ""or"", ""values"": [""同步课"", ""同步拓展课""]}]}}",edu_search,"{""query"": {""and"": [{""field"": ""grade"", ""value"": ""六年级""}, {""field"": ""first_subject"", ""value"": ""英语""}, {""field"": ""k12_category"", ""operator"": ""or"", ""values"": [""同步课"", ""同步拓展课""]}]}}",Y,Y,Y,
教育,84,给我找四年级的语文,,,edu_search,"{""query"": {""and"": [{""field"": ""grade"", ""value"": ""四年级""}, {""field"": ""first_subject"", ""value"": ""语文""}, {""field"": ""k12_category"", ""operator"": ""or"", ""values"": [""同步课"", ""同步拓展课""]}]}}",edu_search,"{""query"": {""and"": [{""field"": ""grade"", ""value"": ""四年级""}, {""field"": ""first_subject"", ""value"": ""语文""}, {""field"": ""k12_category"", ""operator"": ""or"", ""values"": [""同步课"", ""同步拓展课""]}]}}",Y,Y,Y,
教育,85,高一的生物有哪些,,,edu_search,"{""query"": {""and"": [{""field"": ""grade"", ""value"": ""高一""}, {""field"": ""first_subject"", ""value"": ""生物""}, {""field"": ""k12_category"", ""operator"": ""or"", ""values"": [""同步课"", ""同步拓展课""]}]}}",edu_search,"{""query"": {""and"": [{""field"": ""grade"", ""value"": ""高一""}, {""field"": ""first_subject"", ""value"": ""生物""}, {""field"": ""k12_category"", ""operator"": ""or"", ""values"": [""同步课"", ""同步拓展课""]}]}}",Y,Y,Y,
教育,86,来点高二英语,,,edu_search,"{""query"": {""and"": [{""field"": ""grade"", ""value"": ""高二""}, {""field"": ""first_subject"", ""value"": ""英语""}, {""field"": ""k12_category"", ""operator"": ""or"", ""values"": [""同步课"", ""同步拓展课""]}]}}",edu_search,"{""query"": {""and"": [{""field"": ""grade"", ""value"": ""高二""}, {""field"": ""first_subject"", ""value"": ""英语""}, {""field"": ""k12_category"", ""operator"": ""or"", ""values"": [""同步课"", ""同步拓展课""]}]}}",Y,Y,Y,
教育,87,三年级生物,,,edu_search,"{""query"": {""and"": [{""field"": ""grade"", ""value"": ""三年级""}, {""field"": ""first_subject"", ""value"": ""生物""}, {""field"": ""k12_category"", ""operator"": ""or"", ""values"": [""同步课"", ""同步拓展课""]}]}}",edu_search,"{""query"": {""and"": [{""field"": ""grade"", ""value"": ""三年级""}, {""field"": ""first_subject"", ""value"": ""生物""}, {""field"": ""k12_category"", ""operator"": ""or"", ""values"": [""同步课"", ""同步拓展课""]}]}}",Y,Y,Y,
教育,88,九年级地理,,,edu_search,"{""query"": {""and"": [{""field"": ""grade"", ""value"": ""九年级""}, {""field"": ""first_subject"", ""value"": ""地理""}, {""field"": ""k12_category"", ""operator"": ""or"", ""values"": [""同步课"", ""同步拓展课""]}]}}",edu_search,"{""query"": {""and"": [{""field"": ""grade"", ""value"": ""九年级""}, {""field"": ""first_subject"", ""value"": ""地理""}, {""field"": ""k12_category"", ""operator"": ""or"", ""values"": [""同步课"", ""同步拓展课""]}]}}",Y,Y,Y,
教育,89,七年级地理下册,,,edu_search,"{""query"": {""and"": [{""field"": ""grade"", ""value"": ""七年级""}, {""field"": ""first_subject"", ""value"": ""地理""}, {""field"": ""semester"", ""value"": ""下半学期""}, {""field"": ""k12_category"", ""operator"": ""or"", ""values"": [""同步课"", ""同步拓展课""]}]}}",edu_search,"{""query"": {""and"": [{""field"": ""grade"", ""value"": ""七年级""}, {""field"": ""semester"", ""value"": ""下半学期""}, {""field"": ""first_subject"", ""value"": ""地理""}, {""field"": ""k12_category"", ""operator"": ""or"", ""values"": [""同步课"", ""同步拓展课""]}]}}",Y,Y,Y,
教育,90,2年级语文上册,,,edu_search,"{""query"": {""and"": [{""field"": ""grade"", ""value"": ""二年级""}, {""field"": ""first_subject"", ""value"": ""语文""}, {""field"": ""semester"", ""value"": ""上半学期""}, {""field"": ""k12_category"", ""operator"": ""or"", ""values"": [""同步课"", ""同步拓展课""]}]}}",edu_search,"{""query"": {""and"": [{""field"": ""grade"", ""value"": ""二年级""}, {""field"": ""semester"", ""value"": ""上半学期""}, {""field"": ""first_subject"", ""value"": ""语文""}, {""field"": ""k12_category"", ""operator"": ""or"", ""values"": [""同步课"", ""同步拓展课""]}]}}",Y,Y,Y,
教育,104,苏教版五年级数学上册,,,edu_search,"{""query"": {""and"": [{""field"": ""grade"", ""value"": ""五年级""}, {""field"": ""first_subject"", ""value"": ""数学""}, {""field"": ""semester"", ""value"": ""上半学期""}, {""field"": ""material_version"", ""value"": ""苏教版""}, {""field"": ""k12_category"", ""operator"": ""or"", ""values"": [""同步课"", ""同步拓展课""]}]}}",edu_search,"{""query"": {""and"": [{""field"": ""grade"", ""value"": ""五年级""}, {""field"": ""semester"", ""value"": ""上半学期""}, {""field"": ""material_version"", ""value"": ""苏教版""}, {""field"": ""first_subject"", ""value"": ""数学""}, {""field"": ""k12_category"", ""operator"": ""or"", ""values"": [""同步课"", ""同步拓展课""]}]}}",Y,Y,Y,
教育,91,五年级数学下册,,,edu_search,"{""query"": {""and"": [{""field"": ""grade"", ""value"": ""五年级""}, {""field"": ""first_subject"", ""value"": ""数学""}, {""field"": ""semester"", ""value"": ""下半学期""}, {""field"": ""k12_category"", ""operator"": ""or"", ""values"": [""同步课"", ""同步拓展课""]}]}}",edu_search,"{""query"": {""and"": [{""field"": ""grade"", ""value"": ""五年级""}, {""field"": ""semester"", ""value"": ""下半学期""}, {""field"": ""first_subject"", ""value"": ""数学""}, {""field"": ""k12_category"", ""operator"": ""or"", ""values"": [""同步课"", ""同步拓展课""]}]}}",Y,Y,Y,
教育,92,8年级英语上学期,,,edu_search,"{""query"": {""and"": [{""field"": ""grade"", ""value"": ""八年级""}, {""field"": ""first_subject"", ""value"": ""英语""}, {""field"": ""semester"", ""value"": ""上半学期""}, {""field"": ""k12_category"", ""operator"": ""or"", ""values"": [""同步课"", ""同步拓展课""]}]}}",edu_search,"{""query"": {""and"": [{""field"": ""grade"", ""value"": ""八年级""}, {""field"": ""semester"", ""value"": ""上半学期""}, {""field"": ""first_subject"", ""value"": ""英语""}, {""field"": ""k12_category"", ""operator"": ""or"", ""values"": [""同步课"", ""同步拓展课""]}]}}",Y,Y,Y,
教育,109,人教版四年级数学下册,,,edu_search,"{""query"": {""and"": [{""field"": ""grade"", ""value"": ""四年级""}, {""field"": ""first_subject"", ""value"": ""数学""}, {""field"": ""semester"", ""value"": ""下半学期""}, {""field"": ""material_version"", ""value"": ""人教版""}, {""field"": ""k12_category"", ""operator"": ""or"", ""values"": [""同步课"", ""同步拓展课""]}]}}",edu_search,"{""query"": {""and"": [{""field"": ""grade"", ""value"": ""四年级""}, {""field"": ""semester"", ""value"": ""下半学期""}, {""field"": ""material_version"", ""value"": ""人教版""}, {""field"": ""first_subject"", ""value"": ""数学""}, {""field"": ""k12_category"", ""operator"": ""or"", ""values"": [""同步课"", ""同步拓展课""]}]}}",Y,Y,Y,
教育,108,3年级英语外研版,,,edu_search,"{""query"": {""and"": [{""field"": ""grade"", ""value"": ""三年级""}, {""field"": ""first_subject"", ""value"": ""英语""}, {""field"": ""material_version"", ""value"": ""外研版""}, {""field"": ""k12_category"", ""operator"": ""or"", ""values"": [""同步课"", ""同步拓展课""]}]}}",edu_search,"{""query"": {""and"": [{""field"": ""grade"", ""value"": ""三年级""}, {""field"": ""material_version"", ""value"": ""外研版""}, {""field"": ""first_subject"", ""value"": ""英语""}, {""field"": ""k12_category"", ""operator"": ""or"", ""values"": [""同步课"", ""同步拓展课""]}]}}",Y,Y,Y,
教育,111,初中物理,,,edu_search,"{""query"": {""and"": [{""field"": ""figures"", ""value"": ""初中""}, {""field"": ""first_subject"", ""value"": ""物理""}, {""field"": ""k12_category"", ""operator"": ""or"", ""values"": [""同步课"", ""同步拓展课""]}]}}",edu_search,"{""query"": {""and"": [{""field"": ""figures"", ""value"": ""初中""}, {""field"": ""first_subject"", ""value"": ""物理""}, {""field"": ""k12_category"", ""operator"": ""or"", ""values"": [""同步课"", ""同步拓展课""]}]}}",Y,Y,Y,
教育,93,高二物理上学期,,,edu_search,"{""query"": {""and"": [{""field"": ""grade"", ""value"": ""高二""}, {""field"": ""first_subject"", ""value"": ""物理""}, {""field"": ""semester"", ""value"": ""上半学期""}, {""field"": ""k12_category"", ""operator"": ""or"", ""values"": [""同步课"", ""同步拓展课""]}]}}",edu_search,"{""query"": {""and"": [{""field"": ""grade"", ""value"": ""高二""}, {""field"": ""semester"", ""value"": ""上半学期""}, {""field"": ""first_subject"", ""value"": ""物理""}, {""field"": ""k12_category"", ""operator"": ""or"", ""values"": [""同步课"", ""同步拓展课""]}]}}",Y,Y,Y,
教育,94,高三化学下学期,,,edu_search,"{""query"": {""and"": [{""field"": ""grade"", ""value"": ""高三""}, {""field"": ""first_subject"", ""value"": ""化学""}, {""field"": ""semester"", ""value"": ""下半学期""}, {""field"": ""k12_category"", ""operator"": ""or"", ""values"": [""同步课"", ""同步拓展课""]}]}}",edu_search,"{""query"": {""and"": [{""field"": ""grade"", ""value"": ""高三""}, {""field"": ""semester"", ""value"": ""下半学期""}, {""field"": ""first_subject"", ""value"": ""化学""}, {""field"": ""k12_category"", ""operator"": ""or"", ""values"": [""同步课"", ""同步拓展课""]}]}}",Y,Y,Y,
教育,95,放七年级数学上册,,,edu_search,"{""query"": {""and"": [{""field"": ""grade"", ""value"": ""七年级""}, {""field"": ""first_subject"", ""value"": ""数学""}, {""field"": ""semester"", ""value"": ""上半学期""}, {""field"": ""k12_category"", ""operator"": ""or"", ""values"": [""同步课"", ""同步拓展课""]}]}}",edu_search,"{""query"": {""and"": [{""field"": ""grade"", ""value"": ""七年级""}, {""field"": ""semester"", ""value"": ""上半学期""}, {""field"": ""first_subject"", ""value"": ""数学""}, {""field"": ""k12_category"", ""operator"": ""or"", ""values"": [""同步课"", ""同步拓展课""]}]}}",Y,Y,Y,
教育,96,播放九年级语文下册,,,edu_search,"{""query"": {""and"": [{""field"": ""grade"", ""value"": ""九年级""}, {""field"": ""first_subject"", ""value"": ""语文""}, {""field"": ""semester"", ""value"": ""下半学期""}, {""field"": ""k12_category"", ""operator"": ""or"", ""values"": [""同步课"", ""同步拓展课""]}]}}",edu_search,"{""query"": {""and"": [{""field"": ""grade"", ""value"": ""九年级""}, {""field"": ""semester"", ""value"": ""下半学期""}, {""field"": ""first_subject"", ""value"": ""语文""}, {""field"": ""k12_category"", ""operator"": ""or"", ""values"": [""同步课"", ""同步拓展课""]}]}}",Y,Y,Y,
教育,97,六年级上册英语课本,,,edu_search,"{""query"": {""and"": [{""field"": ""grade"", ""value"": ""六年级""}, {""field"": ""first_subject"", ""value"": ""英语""}, {""field"": ""semester"", ""value"": ""上半学期""}, {""field"": ""k12_category"", ""operator"": ""or"", ""values"": [""同步课"", ""同步拓展课""]}]}}",edu_search,"{""query"": {""and"": [{""field"": ""grade"", ""value"": ""六年级""}, {""field"": ""semester"", ""value"": ""上半学期""}, {""field"": ""first_subject"", ""value"": ""英语""}, {""field"": ""k12_category"", ""operator"": ""or"", ""values"": [""同步课"", ""同步拓展课""]}]}}",Y,Y,Y,
教育,99,一年级语文上册,,,edu_search,"{""query"": {""and"": [{""field"": ""grade"", ""value"": ""一年级""}, {""field"": ""first_subject"", ""value"": ""语文""}, {""field"": ""semester"", ""value"": ""上半学期""}, {""field"": ""k12_category"", ""operator"": ""or"", ""values"": [""同步课"", ""同步拓展课""]}]}}",edu_search,"{""query"": {""and"": [{""field"": ""grade"", ""value"": ""一年级""}, {""field"": ""semester"", ""value"": ""上半学期""}, {""field"": ""first_subject"", ""value"": ""语文""}, {""field"": ""k12_category"", ""operator"": ""or"", ""values"": [""同步课"", ""同步拓展课""]}]}}",Y,Y,Y,
教育,98,四年级下册科学,,,edu_search,"{""query"": {""and"": [{""field"": ""grade"", ""value"": ""四年级""}, {""field"": ""first_subject"", ""value"": ""科学""}, {""field"": ""semester"", ""value"": ""下半学期""}, {""field"": ""k12_category"", ""operator"": ""or"", ""values"": [""同步课"", ""同步拓展课""]}]}}",edu_search,"{""query"": {""and"": [{""field"": ""grade"", ""value"": ""四年级""}, {""field"": ""semester"", ""value"": ""下半学期""}, {""field"": ""first_subject"", ""value"": ""科学""}, {""field"": ""k12_category"", ""operator"": ""or"", ""values"": [""同步课"", ""同步拓展课""]}]}}",Y,Y,Y,
教育,100,三年级数学人教版,,,edu_search,"{""query"": {""and"": [{""field"": ""grade"", ""value"": ""三年级""}, {""field"": ""first_subject"", ""value"": ""数学""}, {""field"": ""material_version"", ""value"": ""人教版""}, {""field"": ""k12_category"", ""operator"": ""or"", ""values"": [""同步课"", ""同步拓展课""]}]}}",edu_search,"{""query"": {""and"": [{""field"": ""grade"", ""value"": ""三年级""}, {""field"": ""material_version"", ""value"": ""人教版""}, {""field"": ""first_subject"", ""value"": ""数学""}, {""field"": ""k12_category"", ""operator"": ""or"", ""values"": [""同步课"", ""同步拓展课""]}]}}",Y,Y,Y,
教育,101,沪科版九年级物理,,,edu_search,"{""query"": {""and"": [{""field"": ""grade"", ""value"": ""九年级""}, {""field"": ""first_subject"", ""value"": ""物理""}, {""field"": ""material_version"", ""value"": ""沪科版""}, {""field"": ""k12_category"", ""operator"": ""or"", ""values"": [""同步课"", ""同步拓展课""]}]}}",edu_search,"{""query"": {""and"": [{""field"": ""grade"", ""value"": ""九年级""}, {""field"": ""material_version"", ""value"": ""沪科版""}, {""field"": ""first_subject"", ""value"": ""物理""}, {""field"": ""k12_category"", ""operator"": ""or"", ""values"": [""同步课"", ""同步拓展课""]}]}}",Y,Y,Y,
教育,102,鄂教版八年级语文下册,,,edu_search,"{""query"": {""and"": [{""field"": ""grade"", ""value"": ""八年级""}, {""field"": ""first_subject"", ""value"": ""语文""}, {""field"": ""semester"", ""value"": ""下半学期""}, {""field"": ""material_version"", ""value"": ""鄂教版""}, {""field"": ""k12_category"", ""operator"": ""or"", ""values"": [""同步课"", ""同步拓展课""]}]}}",edu_search,"{""query"": {""and"": [{""field"": ""grade"", ""value"": ""八年级""}, {""field"": ""semester"", ""value"": ""下半学期""}, {""field"": ""material_version"", ""value"": ""鄂教版""}, {""field"": ""first_subject"", ""value"": ""语文""}, {""field"": ""k12_category"", ""operator"": ""or"", ""values"": [""同步课"", ""同步拓展课""]}]}}",Y,Y,Y,
教育,113,有小学数学的课吗,,,edu_search,"{""query"": {""and"": [{""field"": ""figures"", ""value"": ""小学""}, {""field"": ""first_subject"", ""value"": ""数学""}, {""field"": ""k12_category"", ""operator"": ""or"", ""values"": [""同步课"", ""同步拓展课""]}]}}",edu_search,"{""query"": {""and"": [{""field"": ""figures"", ""value"": ""小学""}, {""field"": ""first_subject"", ""value"": ""数学""}, {""field"": ""k12_category"", ""operator"": ""or"", ""values"": [""同步课"", ""同步拓展课""]}]}}",Y,Y,Y,
教育,114,播放初中的历史,,,edu_search,"{""query"": {""and"": [{""field"": ""figures"", ""value"": ""初中""}, {""field"": ""first_subject"", ""value"": ""历史""}, {""field"": ""k12_category"", ""operator"": ""or"", ""values"": [""同步课"", ""同步拓展课""]}]}}",edu_search,"{""query"": {""and"": [{""field"": ""figures"", ""value"": ""初中""}, {""field"": ""first_subject"", ""value"": ""历史""}, {""field"": ""k12_category"", ""operator"": ""or"", ""values"": [""同步课"", ""同步拓展课""]}]}}",Y,Y,Y,
教育,116,人教版初中物理,,,edu_search,"{""query"": {""and"": [{""field"": ""figures"", ""value"": ""初中""}, {""field"": ""first_subject"", ""value"": ""物理""}, {""field"": ""material_version"", ""value"": ""人教版""}, {""field"": ""k12_category"", ""operator"": ""or"", ""values"": [""同步课"", ""同步拓展课""]}]}}",edu_search,"{""query"": {""and"": [{""field"": ""figures"", ""value"": ""初中""}, {""field"": ""material_version"", ""value"": ""人教版""}, {""field"": ""first_subject"", ""value"": ""物理""}, {""field"": ""k12_category"", ""operator"": ""or"", ""values"": [""同步课"", ""同步拓展课""]}]}}",Y,Y,Y,
教育,118,免费的七年级数学,,,edu_search,"{""query"": {""and"": [{""field"": ""grade"", ""value"": ""七年级""}, {""field"": ""first_subject"", ""value"": ""数学""}, {""field"": ""is_fee"", ""value"": 0}, {""field"": ""k12_category"", ""operator"": ""or"", ""values"": [""同步课"", ""同步拓展课""]}]}}",edu_search,"{""query"": {""and"": [{""field"": ""grade"", ""value"": ""七年级""}, {""field"": ""is_fee"", ""value"": 0}, {""field"": ""first_subject"", ""value"": ""数学""}, {""field"": ""k12_category"", ""operator"": ""or"", ""values"": [""同步课"", ""同步拓展课""]}]}}",Y,Y,Y,
教育,117,免费的高中英语,,,edu_search,"{""query"": {""and"": [{""field"": ""figures"", ""value"": ""高中""}, {""field"": ""first_subject"", ""value"": ""英语""}, {""field"": ""is_fee"", ""value"": 0}, {""field"": ""k12_category"", ""operator"": ""or"", ""values"": [""同步课"", ""同步拓展课""]}]}}",edu_search,"{""query"": {""and"": [{""field"": ""figures"", ""value"": ""高中""}, {""field"": ""is_fee"", ""value"": 0}, {""field"": ""first_subject"", ""value"": ""英语""}, {""field"": ""k12_category"", ""operator"": ""or"", ""values"": [""同步课"", ""同步拓展课""]}]}}",Y,Y,Y,
教育,119,不花钱的三年级语文,,,edu_search,"{""query"": {""and"": [{""field"": ""grade"", ""value"": ""三年级""}, {""field"": ""first_subject"", ""value"": ""语文""}, {""field"": ""is_fee"", ""value"": 0}, {""field"": ""k12_category"", ""operator"": ""or"", ""values"": [""同步课"", ""同步拓展课""]}]}}",edu_search,"{""query"": {""and"": [{""field"": ""grade"", ""value"": ""三年级""}, {""field"": ""is_fee"", ""value"": 0}, {""field"": ""first_subject"", ""value"": ""语文""}, {""field"": ""k12_category"", ""operator"": ""or"", ""values"": [""同步课"", ""同步拓展课""]}]}}",Y,Y,Y,
教育,121,高一数学免费的,,,edu_search,"{""query"": {""and"": [{""field"": ""grade"", ""value"": ""高一""}, {""field"": ""first_subject"", ""value"": ""数学""}, {""field"": ""is_fee"", ""value"": 0}, {""field"": ""k12_category"", ""operator"": ""or"", ""values"": [""同步课"", ""同步拓展课""]}]}}",edu_search,"{""query"": {""and"": [{""field"": ""grade"", ""value"": ""高一""}, {""field"": ""is_fee"", ""value"": 0}, {""field"": ""first_subject"", ""value"": ""数学""}, {""field"": ""k12_category"", ""operator"": ""or"", ""values"": [""同步课"", ""同步拓展课""]}]}}",Y,Y,Y,
教育,120,九年级英语不要钱,,,edu_search,"{""query"": {""and"": [{""field"": ""grade"", ""value"": ""九年级""}, {""field"": ""first_subject"", ""value"": ""英语""}, {""field"": ""is_fee"", ""value"": 0}, {""field"": ""k12_category"", ""operator"": ""or"", ""values"": [""同步课"", ""同步拓展课""]}]}}",edu_search,"{""query"": {""and"": [{""field"": ""grade"", ""value"": ""九年级""}, {""field"": ""is_fee"", ""value"": 0}, {""field"": ""first_subject"", ""value"": ""英语""}, {""field"": ""k12_category"", ""operator"": ""or"", ""values"": [""同步课"", ""同步拓展课""]}]}}",Y,Y,Y,
教育,103,湘教版七年级地理,,,edu_search,"{""query"": {""and"": [{""field"": ""grade"", ""value"": ""七年级""}, {""field"": ""first_subject"", ""value"": ""地理""}, {""field"": ""material_version"", ""value"": ""湘教版""}, {""field"": ""k12_category"", ""operator"": ""or"", ""values"": [""同步课"", ""同步拓展课""]}]}}",edu_search,"{""query"": {""and"": [{""field"": ""grade"", ""value"": ""七年级""}, {""field"": ""material_version"", ""value"": ""湘教版""}, {""field"": ""first_subject"", ""value"": ""地理""}, {""field"": ""k12_category"", ""operator"": ""or"", ""values"": [""同步课"", ""同步拓展课""]}]}}",Y,Y,Y,
教育,122,收费的高二物理,,,edu_search,"{""query"": {""and"": [{""field"": ""grade"", ""value"": ""高二""}, {""field"": ""first_subject"", ""value"": ""物理""}, {""field"": ""is_fee"", ""value"": 1}, {""field"": ""k12_category"", ""operator"": ""or"", ""values"": [""同步课"", ""同步拓展课""]}]}}",edu_search,"{""query"": {""and"": [{""field"": ""grade"", ""value"": ""高二""}, {""field"": ""is_fee"", ""value"": 1}, {""field"": ""first_subject"", ""value"": ""物理""}, {""field"": ""k12_category"", ""operator"": ""or"", ""values"": [""同步课"", ""同步拓展课""]}]}}",Y,Y,Y,
教育,124,我要看收费的六年级数学,,,edu_search,"{""query"": {""and"": [{""field"": ""grade"", ""value"": ""六年级""}, {""field"": ""first_subject"", ""value"": ""数学""}, {""field"": ""is_fee"", ""value"": 1}, {""field"": ""k12_category"", ""operator"": ""or"", ""values"": [""同步课"", ""同步拓展课""]}]}}",edu_search,"{""query"": {""and"": [{""field"": ""grade"", ""value"": ""六年级""}, {""field"": ""is_fee"", ""value"": 1}, {""field"": ""first_subject"", ""value"": ""数学""}, {""field"": ""k12_category"", ""operator"": ""or"", ""values"": [""同步课"", ""同步拓展课""]}]}}",Y,Y,Y,
教育,126,免费的生物课,,,edu_search,"{""query"": {""and"": [{""field"": ""first_subject"", ""value"": ""生物""}, {""field"": ""is_fee"", ""value"": 0}, {""field"": ""k12_category"", ""operator"": ""or"", ""values"": [""同步课"", ""同步拓展课""]}]}}",edu_search,"{""query"": {""and"": [{""field"": ""is_fee"", ""value"": 0}, {""field"": ""first_subject"", ""value"": ""生物""}, {""field"": ""k12_category"", ""operator"": ""or"", ""values"": [""同步课"", ""同步拓展课""]}]}}",Y,Y,Y,
教育,123,付费的初二英语,,,edu_search,"{""query"": {""and"": [{""field"": ""grade"", ""value"": ""八年级""}, {""field"": ""first_subject"", ""value"": ""英语""}, {""field"": ""is_fee"", ""value"": 1}, {""field"": ""k12_category"", ""operator"": ""or"", ""values"": [""同步课"", ""同步拓展课""]}]}}",edu_search,"{""query"": {""and"": [{""field"": ""grade"", ""value"": ""八年级""}, {""field"": ""is_fee"", ""value"": 1}, {""field"": ""first_subject"", ""value"": ""英语""}, {""field"": ""k12_category"", ""operator"": ""or"", ""values"": [""同步课"", ""同步拓展课""]}]}}",Y,Y,Y,
教育,125,高三英语要收费的,,,edu_search,"{""query"": {""and"": [{""field"": ""grade"", ""value"": ""高三""}, {""field"": ""first_subject"", ""value"": ""英语""}, {""field"": ""is_fee"", ""value"": 1}, {""field"": ""k12_category"", ""operator"": ""or"", ""values"": [""同步课"", ""同步拓展课""]}]}}",edu_search,"{""query"": {""and"": [{""field"": ""grade"", ""value"": ""高三""}, {""field"": ""is_fee"", ""value"": 1}, {""field"": ""first_subject"", ""value"": ""英语""}, {""field"": ""k12_category"", ""operator"": ""or"", ""values"": [""同步课"", ""同步拓展课""]}]}}",Y,Y,Y,
教育,105,北师大版高一数学,,,edu_search,"{""query"": {""and"": [{""field"": ""grade"", ""value"": ""高一""}, {""field"": ""first_subject"", ""value"": ""数学""}, {""field"": ""material_version"", ""value"": ""北师大版""}, {""field"": ""k12_category"", ""operator"": ""or"", ""values"": [""同步课"", ""同步拓展课""]}]}}",edu_search,"{""query"": {""and"": [{""field"": ""grade"", ""value"": ""高一""}, {""field"": ""material_version"", ""value"": ""北师大版""}, {""field"": ""first_subject"", ""value"": ""数学""}, {""field"": ""k12_category"", ""operator"": ""or"", ""values"": [""同步课"", ""同步拓展课""]}]}}",Y,Y,Y,
教育,106,人教版九年级历史下册,,,edu_search,"{""query"": {""and"": [{""field"": ""grade"", ""value"": ""九年级""}, {""field"": ""first_subject"", ""value"": ""历史""}, {""field"": ""semester"", ""value"": ""下半学期""}, {""field"": ""material_version"", ""value"": ""人教版""}, {""field"": ""k12_category"", ""operator"": ""or"", ""values"": [""同步课"", ""同步拓展课""]}]}}",edu_search,"{""query"": {""and"": [{""field"": ""grade"", ""value"": ""九年级""}, {""field"": ""semester"", ""value"": ""下半学期""}, {""field"": ""material_version"", ""value"": ""人教版""}, {""field"": ""first_subject"", ""value"": ""历史""}, {""field"": ""k12_category"", ""operator"": ""or"", ""values"": [""同步课"", ""同步拓展课""]}]}}",Y,Y,Y,
教育,127,付费的语文,,,edu_search,"{""query"": {""and"": [{""field"": ""first_subject"", ""value"": ""语文""}, {""field"": ""is_fee"", ""value"": 1}, {""field"": ""k12_category"", ""operator"": ""or"", ""values"": [""同步课"", ""同步拓展课""]}]}}",edu_search,"{""query"": {""and"": [{""field"": ""is_fee"", ""value"": 1}, {""field"": ""first_subject"", ""value"": ""语文""}, {""field"": ""k12_category"", ""operator"": ""or"", ""values"": [""同步课"", ""同步拓展课""]}]}}",Y,Y,Y,
教育,107,我想看人教版高二物理,,,edu_search,"{""query"": {""and"": [{""field"": ""grade"", ""value"": ""高二""}, {""field"": ""first_subject"", ""value"": ""物理""}, {""field"": ""material_version"", ""value"": ""人教版""}, {""field"": ""k12_category"", ""operator"": ""or"", ""values"": [""同步课"", ""同步拓展课""]}]}}",edu_search,"{""query"": {""and"": [{""field"": ""grade"", ""value"": ""高二""}, {""field"": ""material_version"", ""value"": ""人教版""}, {""field"": ""first_subject"", ""value"": ""物理""}, {""field"": ""k12_category"", ""operator"": ""or"", ""values"": [""同步课"", ""同步拓展课""]}]}}",Y,Y,Y,
教育,128,五年级的语文和数学,,,edu_search,"{""query"": {""and"": [{""field"": ""grade"", ""value"": ""五年级""}, {""field"": ""first_subject"", ""operator"": ""or"", ""values"": [""语文"", ""数学""]}, {""field"": ""k12_category"", ""operator"": ""or"", ""values"": [""同步课"", ""同步拓展课""]}]}}",edu_search,"{""query"": {""and"": [{""field"": ""grade"", ""value"": ""五年级""}, {""field"": ""first_subject"", ""operator"": ""or"", ""values"": [""语文"", ""数学""]}, {""field"": ""k12_category"", ""operator"": ""or"", ""values"": [""同步课"", ""同步拓展课""]}]}}",Y,Y,Y,
教育,130,高二物理和化学,,,edu_search,"{""query"": {""and"": [{""field"": ""grade"", ""value"": ""高二""}, {""field"": ""first_subject"", ""operator"": ""or"", ""values"": [""物理"", ""化学""]}, {""field"": ""k12_category"", ""operator"": ""or"", ""values"": [""同步课"", ""同步拓展课""]}]}}",edu_search,"{""query"": {""and"": [{""field"": ""grade"", ""value"": ""高二""}, {""field"": ""first_subject"", ""operator"": ""or"", ""values"": [""物理"", ""化学""]}, {""field"": ""k12_category"", ""operator"": ""or"", ""values"": [""同步课"", ""同步拓展课""]}]}}",Y,Y,Y,
教育,131,八年级的生物或地理,,,edu_search,"{""query"": {""and"": [{""field"": ""grade"", ""value"": ""八年级""}, {""field"": ""first_subject"", ""operator"": ""or"", ""values"": [""生物"", ""地理""]}, {""field"": ""k12_category"", ""operator"": ""or"", ""values"": [""同步课"", ""同步拓展课""]}]}}",edu_search,"{""query"": {""and"": [{""field"": ""grade"", ""value"": ""八年级""}, {""field"": ""first_subject"", ""operator"": ""or"", ""values"": [""生物"", ""地理""]}, {""field"": ""k12_category"", ""operator"": ""or"", ""values"": [""同步课"", ""同步拓展课""]}]}}",Y,Y,Y,
教育,129,初一英语或者数学,,,edu_search,"{""query"": {""and"": [{""field"": ""grade"", ""value"": ""七年级""}, {""field"": ""first_subject"", ""operator"": ""or"", ""values"": [""英语"", ""数学""]}, {""field"": ""k12_category"", ""operator"": ""or"", ""values"": [""同步课"", ""同步拓展课""]}]}}",edu_search,"{""query"": {""and"": [{""field"": ""grade"", ""value"": ""七年级""}, {""field"": ""first_subject"", ""operator"": ""or"", ""values"": [""数学"", ""英语""]}, {""field"": ""k12_category"", ""operator"": ""or"", ""values"": [""同步课"", ""同步拓展课""]}]}}",Y,Y,Y,
教育,133,初二和初三的英语,,,edu_search,"{""query"": {""and"": [{""field"": ""grade"", ""operator"": ""or"", ""values"": [""八年级"", ""九年级""]}, {""field"": ""first_subject"", ""value"": ""英语""}, {""field"": ""k12_category"", ""operator"": ""or"", ""values"": [""同步课"", ""同步拓展课""]}]}}",edu_search,"{""query"": {""and"": [{""field"": ""grade"", ""operator"": ""or"", ""values"": [""八年级"", ""九年级""]}, {""field"": ""first_subject"", ""value"": ""英语""}, {""field"": ""k12_category"", ""operator"": ""or"", ""values"": [""同步课"", ""同步拓展课""]}]}}",Y,Y,Y,
教育,135,三年级上册和下册的英语,,,edu_search,"{""query"": {""and"": [{""field"": ""grade"", ""value"": ""三年级""}, {""field"": ""semester"", ""operator"": ""or"", ""values"": [""上半学期"", ""下半学期""]}, {""field"": ""first_subject"", ""value"": ""英语""}, {""field"": ""k12_category"", ""operator"": ""or"", ""values"": [""同步课"", ""同步拓展课""]}]}}",edu_search,"{""query"": {""and"": [{""field"": ""grade"", ""value"": ""三年级""}, {""field"": ""semester"", ""operator"": ""or"", ""values"": [""上半学期"", ""下半学期""]}, {""field"": ""first_subject"", ""value"": ""英语""}, {""field"": ""k12_category"", ""operator"": ""or"", ""values"": [""同步课"", ""同步拓展课""]}]}}",Y,Y,Y,
教育,136,六年级语文书上下册,,,edu_search,"{""query"": {""and"": [{""field"": ""grade"", ""value"": ""六年级""}, {""field"": ""semester"", ""operator"": ""or"", ""values"": [""上半学期"", ""下半学期""]}, {""field"": ""first_subject"", ""value"": ""语文""}, {""field"": ""k12_category"", ""operator"": ""or"", ""values"": [""同步课"", ""同步拓展课""]}]}}",edu_search,"{""query"": {""and"": [{""field"": ""grade"", ""value"": ""六年级""}, {""field"": ""semester"", ""operator"": ""or"", ""values"": [""上半学期"", ""下半学期""]}, {""field"": ""first_subject"", ""value"": ""语文""}, {""field"": ""k12_category"", ""operator"": ""or"", ""values"": [""同步课"", ""同步拓展课""]}]}}",Y,Y,Y,
教育,132,小学四年级和五年级的数学,,,edu_search,"{""query"": {""and"": [{""field"": ""figures"", ""value"": ""小学""}, {""field"": ""grade"", ""operator"": ""or"", ""values"": [""四年级"", ""五年级""]}, {""field"": ""first_subject"", ""value"": ""数学""}, {""field"": ""k12_category"", ""operator"": ""or"", ""values"": [""同步课"", ""同步拓展课""]}]}}",edu_search,"{""query"": {""and"": [{""field"": ""figures"", ""value"": ""小学""}, {""field"": ""grade"", ""operator"": ""or"", ""values"": [""四年级"", ""五年级""]}, {""field"": ""first_subject"", ""value"": ""数学""}, {""field"": ""k12_category"", ""operator"": ""or"", ""values"": [""同步课"", ""同步拓展课""]}]}}",Y,Y,Y,
教育,110,小学英语,,,edu_search,"{""query"": {""and"": [{""field"": ""figures"", ""value"": ""小学""}, {""field"": ""first_subject"", ""value"": ""英语""}, {""field"": ""k12_category"", ""operator"": ""or"", ""values"": [""同步课"", ""同步拓展课""]}]}}",edu_search,"{""query"": {""and"": [{""field"": ""figures"", ""value"": ""小学""}, {""field"": ""first_subject"", ""value"": ""英语""}, {""field"": ""k12_category"", ""operator"": ""or"", ""values"": [""同步课"", ""同步拓展课""]}]}}",Y,Y,Y,
教育,142,高三的同步课,,,edu_search,"{""query"": {""and"": [{""field"": ""grade"", ""value"": ""高三""}, {""field"": ""k12_category"", ""operator"": ""or"", ""values"": [""同步课"", ""同步拓展课""]}]}}",edu_search,"{""query"": {""and"": [{""field"": ""grade"", ""value"": ""高三""}, {""field"": ""k12_category"", ""operator"": ""or"", ""values"": [""同步课"", ""同步拓展课""]}]}}",Y,Y,Y,
教育,137,苏教版或者北师大版的七年级数学,,,edu_search,"{""query"": {""and"": [{""field"": ""grade"", ""value"": ""七年级""}, {""field"": ""first_subject"", ""value"": ""数学""}, {""field"": ""material_version"", ""operator"": ""or"", ""values"": [""苏教版"", ""北师大版""]}, {""field"": ""k12_category"", ""operator"": ""or"", ""values"": [""同步课"", ""同步拓展课""]}]}}",edu_search,"{""query"": {""and"": [{""field"": ""grade"", ""value"": ""七年级""}, {""field"": ""material_version"", ""operator"": ""or"", ""values"": [""北师大版"", ""苏教版""]}, {""field"": ""first_subject"", ""value"": ""数学""}, {""field"": ""k12_category"", ""operator"": ""or"", ""values"": [""同步课"", ""同步拓展课""]}]}}",Y,Y,Y,
教育,138,人教版或湘教版八年级语文,,,edu_search,"{""query"": {""and"": [{""field"": ""grade"", ""value"": ""八年级""}, {""field"": ""first_subject"", ""value"": ""语文""}, {""field"": ""material_version"", ""operator"": ""or"", ""values"": [""人教版"", ""湘教版""]}, {""field"": ""k12_category"", ""operator"": ""or"", ""values"": [""同步课"", ""同步拓展课""]}]}}",edu_search,"{""query"": {""and"": [{""field"": ""grade"", ""value"": ""八年级""}, {""field"": ""material_version"", ""operator"": ""or"", ""values"": [""人教版"", ""湘教版""]}, {""field"": ""first_subject"", ""value"": ""语文""}, {""field"": ""k12_category"", ""operator"": ""or"", ""values"": [""同步课"", ""同步拓展课""]}]}}",Y,Y,Y,
教育,139,九年级的数学英语语文,,,edu_search,"{""query"": {""and"": [{""field"": ""grade"", ""value"": ""九年级""}, {""field"": ""first_subject"", ""operator"": ""or"", ""values"": [""数学"", ""英语"", ""语文""]}, {""field"": ""k12_category"", ""operator"": ""or"", ""values"": [""同步课"", ""同步拓展课""]}]}}",edu_search,"{""query"": {""and"": [{""field"": ""grade"", ""value"": ""九年级""}, {""field"": ""first_subject"", ""operator"": ""or"", ""values"": [""语文"", ""数学"", ""英语""]}, {""field"": ""k12_category"", ""operator"": ""or"", ""values"": [""同步课"", ""同步拓展课""]}]}}",Y,Y,Y,
教育,112,高中化学,,,edu_search,"{""query"": {""and"": [{""field"": ""figures"", ""value"": ""高中""}, {""field"": ""first_subject"", ""value"": ""化学""}, {""field"": ""k12_category"", ""operator"": ""or"", ""values"": [""同步课"", ""同步拓展课""]}]}}",edu_search,"{""query"": {""and"": [{""field"": ""figures"", ""value"": ""高中""}, {""field"": ""first_subject"", ""value"": ""化学""}, {""field"": ""k12_category"", ""operator"": ""or"", ""values"": [""同步课"", ""同步拓展课""]}]}}",Y,Y,Y,
教育,141,我要看八年级的教材,,,edu_search,"{""query"": {""and"": [{""field"": ""grade"", ""value"": ""八年级""}, {""field"": ""k12_category"", ""operator"": ""or"", ""values"": [""同步课"", ""同步拓展课""]}]}}",edu_search,"{""query"": {""and"": [{""field"": ""grade"", ""value"": ""八年级""}, {""field"": ""k12_category"", ""operator"": ""or"", ""values"": [""同步课"", ""同步拓展课""]}]}}",Y,Y,Y,
教育,144,我想学生物,,,edu_search,"{""query"": {""and"": [{""field"": ""first_subject"", ""value"": ""生物""}, {""field"": ""k12_category"", ""operator"": ""or"", ""values"": [""同步课"", ""同步拓展课""]}]}}",edu_search,"{""query"": {""and"": [{""field"": ""first_subject"", ""value"": ""生物""}, {""field"": ""k12_category"", ""operator"": ""or"", ""values"": [""同步课"", ""同步拓展课""]}]}}",Y,Y,Y,
教育,115,给我找高中的生物,,,edu_search,"{""query"": {""and"": [{""field"": ""figures"", ""value"": ""高中""}, {""field"": ""first_subject"", ""value"": ""生物""}, {""field"": ""k12_category"", ""operator"": ""or"", ""values"": [""同步课"", ""同步拓展课""]}]}}",edu_search,"{""query"": {""and"": [{""field"": ""figures"", ""value"": ""高中""}, {""field"": ""first_subject"", ""value"": ""生物""}, {""field"": ""k12_category"", ""operator"": ""or"", ""values"": [""同步课"", ""同步拓展课""]}]}}",Y,Y,Y,
教育,145,播放地理课,,,edu_search,"{""query"": {""and"": [{""field"": ""first_subject"", ""value"": ""地理""}, {""field"": ""k12_category"", ""operator"": ""or"", ""values"": [""同步课"", ""同步拓展课""]}]}}",edu_search,"{""query"": {""and"": [{""field"": ""first_subject"", ""value"": ""地理""}, {""field"": ""k12_category"", ""operator"": ""or"", ""values"": [""同步课"", ""同步拓展课""]}]}}",Y,Y,Y,
教育,146,高一下半学期，要数学和英语,,,edu_search,"{""query"": {""and"": [{""field"": ""grade"", ""value"": ""高一""}, {""field"": ""semester"", ""value"": ""下半学期""}, {""field"": ""first_subject"", ""operator"": ""or"", ""values"": [""数学"", ""英语""]}, {""field"": ""k12_category"", ""operator"": ""or"", ""values"": [""同步课"", ""同步拓展课""]}]}}",edu_search,"{""query"": {""and"": [{""field"": ""grade"", ""value"": ""高一""}, {""field"": ""semester"", ""value"": ""下半学期""}, {""field"": ""first_subject"", ""operator"": ""or"", ""values"": [""数学"", ""英语""]}, {""field"": ""k12_category"", ""operator"": ""or"", ""values"": [""同步课"", ""同步拓展课""]}]}}",Y,Y,Y,
教育,153,免费的初中生物,,,edu_search,"{""query"": {""and"": [{""field"": ""figures"", ""value"": ""初中""}, {""field"": ""first_subject"", ""value"": ""生物""}, {""field"": ""is_fee"", ""value"": 0}, {""field"": ""k12_category"", ""operator"": ""or"", ""values"": [""同步课"", ""同步拓展课""]}]}}",edu_search,"{""query"": {""and"": [{""field"": ""figures"", ""value"": ""初中""}, {""field"": ""is_fee"", ""value"": 0}, {""field"": ""first_subject"", ""value"": ""生物""}, {""field"": ""k12_category"", ""operator"": ""or"", ""values"": [""同步课"", ""同步拓展课""]}]}}",Y,Y,Y,
教育,148,初二上册人教版，付费的数学或英语,,,edu_search,"{""query"": {""and"": [{""field"": ""grade"", ""value"": ""八年级""}, {""field"": ""semester"", ""value"": ""上半学期""}, {""field"": ""material_version"", ""value"": ""人教版""}, {""field"": ""is_fee"", ""value"": 1}, {""field"": ""first_subject"", ""operator"": ""or"", ""values"": [""数学"", ""英语""]}, {""field"": ""k12_category"", ""operator"": ""or"", ""values"": [""同步课"", ""同步拓展课""]}]}}",edu_search,"{""query"": {""and"": [{""field"": ""grade"", ""value"": ""八年级""}, {""field"": ""semester"", ""value"": ""上半学期""}, {""field"": ""material_version"", ""value"": ""人教版""}, {""field"": ""is_fee"", ""value"": 1}, {""field"": ""first_subject"", ""operator"": ""or"", ""values"": [""数学"", ""英语""]}, {""field"": ""k12_category"", ""operator"": ""or"", ""values"": [""同步课"", ""同步拓展课""]}]}}",Y,Y,Y,
教育,149,小学三年级和四年级，免费的语文或英语,,,edu_search,"{""query"": {""and"": [{""field"": ""figures"", ""value"": ""小学""}, {""field"": ""grade"", ""operator"": ""or"", ""values"": [""三年级"", ""四年级""]}, {""field"": ""is_fee"", ""value"": 0}, {""field"": ""first_subject"", ""operator"": ""or"", ""values"": [""语文"", ""英语""]}, {""field"": ""k12_category"", ""operator"": ""or"", ""values"": [""同步课"", ""同步拓展课""]}]}}",edu_search,"{""query"": {""and"": [{""field"": ""grade"", ""operator"": ""or"", ""values"": [""三年级"", ""四年级""]}, {""field"": ""figures"", ""value"": ""小学""}, {""field"": ""is_fee"", ""value"": 0}, {""field"": ""first_subject"", ""operator"": ""or"", ""values"": [""语文"", ""英语""]}, {""field"": ""k12_category"", ""operator"": ""or"", ""values"": [""同步课"", ""同步拓展课""]}]}}",Y,Y,Y,
教育,147,沪科版九年级下册，免费的化学或物理,,,edu_search,"{""query"": {""and"": [{""field"": ""grade"", ""value"": ""九年级""}, {""field"": ""semester"", ""value"": ""下半学期""}, {""field"": ""material_version"", ""value"": ""沪科版""}, {""field"": ""is_fee"", ""value"": 0}, {""field"": ""first_subject"", ""operator"": ""or"", ""values"": [""化学"", ""物理""]}, {""field"": ""k12_category"", ""operator"": ""or"", ""values"": [""同步课"", ""同步拓展课""]}]}}",edu_search,"{""query"": {""and"": [{""field"": ""grade"", ""value"": ""九年级""}, {""field"": ""semester"", ""value"": ""下半学期""}, {""field"": ""material_version"", ""value"": ""沪科版""}, {""field"": ""is_fee"", ""value"": 0}, {""field"": ""first_subject"", ""operator"": ""or"", ""values"": [""物理"", ""化学""]}, {""field"": ""k12_category"", ""operator"": ""or"", ""values"": [""同步课"", ""同步拓展课""]}]}}",Y,Y,Y,
教育,151,免费的初一下册湘教版语文,,,edu_search,"{""query"": {""and"": [{""field"": ""grade"", ""value"": ""七年级""}, {""field"": ""semester"", ""value"": ""下半学期""}, {""field"": ""material_version"", ""value"": ""湘教版""}, {""field"": ""is_fee"", ""value"": 0}, {""field"": ""first_subject"", ""value"": ""语文""}, {""field"": ""k12_category"", ""operator"": ""or"", ""values"": [""同步课"", ""同步拓展课""]}]}}",edu_search,"{""query"": {""and"": [{""field"": ""grade"", ""value"": ""七年级""}, {""field"": ""semester"", ""value"": ""下半学期""}, {""field"": ""material_version"", ""value"": ""湘教版""}, {""field"": ""is_fee"", ""value"": 0}, {""field"": ""first_subject"", ""value"": ""语文""}, {""field"": ""k12_category"", ""operator"": ""or"", ""values"": [""同步课"", ""同步拓展课""]}]}}",Y,Y,Y,
教育,154,付费的高中历史,,,edu_search,"{""query"": {""and"": [{""field"": ""figures"", ""value"": ""高中""}, {""field"": ""first_subject"", ""value"": ""历史""}, {""field"": ""is_fee"", ""value"": 1}, {""field"": ""k12_category"", ""operator"": ""or"", ""values"": [""同步课"", ""同步拓展课""]}]}}",edu_search,"{""query"": {""and"": [{""field"": ""figures"", ""value"": ""高中""}, {""field"": ""is_fee"", ""value"": 1}, {""field"": ""first_subject"", ""value"": ""历史""}, {""field"": ""k12_category"", ""operator"": ""or"", ""values"": [""同步课"", ""同步拓展课""]}]}}",Y,Y,Y,
教育,150,人教版高中物理或化学，不要免费的,,,edu_search,"{""query"": {""and"": [{""field"": ""figures"", ""value"": ""高中""}, {""field"": ""material_version"", ""value"": ""人教版""}, {""field"": ""is_fee"", ""value"": 1}, {""field"": ""first_subject"", ""operator"": ""or"", ""values"": [""物理"", ""化学""]}, {""field"": ""k12_category"", ""operator"": ""or"", ""values"": [""同步课"", ""同步拓展课""]}]}}",edu_search,"{""query"": {""and"": [{""field"": ""figures"", ""value"": ""高中""}, {""field"": ""material_version"", ""value"": ""人教版""}, {""field"": ""is_fee"", ""value"": 1}, {""field"": ""first_subject"", ""operator"": ""or"", ""values"": [""物理"", ""化学""]}, {""field"": ""k12_category"", ""operator"": ""or"", ""values"": [""同步课"", ""同步拓展课""]}]}}",Y,Y,Y,
教育,156,帮我打开初二下册的物理书,,,edu_search,"{""query"": {""and"": [{""field"": ""grade"", ""value"": ""八年级""}, {""field"": ""semester"", ""value"": ""下半学期""}, {""field"": ""first_subject"", ""value"": ""物理""}, {""field"": ""k12_category"", ""operator"": ""or"", ""values"": [""同步课"", ""同步拓展课""]}]}}",edu_search,"{""query"": {""and"": [{""field"": ""grade"", ""value"": ""八年级""}, {""field"": ""semester"", ""value"": ""下半学期""}, {""field"": ""first_subject"", ""value"": ""物理""}, {""field"": ""k12_category"", ""operator"": ""or"", ""values"": [""同步课"", ""同步拓展课""]}]}}",Y,Y,Y,
教育,155,初中和高中的化学,,,edu_search,"{""query"": {""and"": [{""field"": ""figures"", ""operator"": ""or"", ""values"": [""初中"", ""高中""]}, {""field"": ""first_subject"", ""value"": ""化学""}, {""field"": ""k12_category"", ""operator"": ""or"", ""values"": [""同步课"", ""同步拓展课""]}]}}",edu_search,"{""query"": {""and"": [{""field"": ""figures"", ""operator"": ""or"", ""values"": [""初中"", ""高中""]}, {""field"": ""first_subject"", ""value"": ""化学""}, {""field"": ""k12_category"", ""operator"": ""or"", ""values"": [""同步课"", ""同步拓展课""]}]}}",Y,Y,Y,
教育,158,有没有免费的初一英语上册,,,edu_search,"{""query"": {""and"": [{""field"": ""grade"", ""value"": ""七年级""}, {""field"": ""semester"", ""value"": ""上半学期""}, {""field"": ""first_subject"", ""value"": ""英语""}, {""field"": ""is_fee"", ""value"": 0}, {""field"": ""k12_category"", ""operator"": ""or"", ""values"": [""同步课"", ""同步拓展课""]}]}}",edu_search,"{""query"": {""and"": [{""field"": ""grade"", ""value"": ""七年级""}, {""field"": ""semester"", ""value"": ""上半学期""}, {""field"": ""is_fee"", ""value"": 0}, {""field"": ""first_subject"", ""value"": ""英语""}, {""field"": ""k12_category"", ""operator"": ""or"", ""values"": [""同步课"", ""同步拓展课""]}]}}",Y,Y,Y,
教育,159,初一的课本,,,edu_search,"{""query"": {""and"": [{""field"": ""grade"", ""value"": ""七年级""}, {""field"": ""k12_category"", ""operator"": ""or"", ""values"": [""同步课"", ""同步拓展课""]}]}}",edu_search,"{""query"": {""and"": [{""field"": ""grade"", ""value"": ""七年级""}, {""field"": ""k12_category"", ""operator"": ""or"", ""values"": [""同步课"", ""同步拓展课""]}]}}",Y,Y,Y,
教育,160,放一下六年级的英语课本上册,,,edu_search,"{""query"": {""and"": [{""field"": ""grade"", ""value"": ""六年级""}, {""field"": ""semester"", ""value"": ""上半学期""}, {""field"": ""first_subject"", ""value"": ""英语""}, {""field"": ""k12_category"", ""operator"": ""or"", ""values"": [""同步课"", ""同步拓展课""]}]}}",edu_search,"{""query"": {""and"": [{""field"": ""grade"", ""value"": ""六年级""}, {""field"": ""semester"", ""value"": ""上半学期""}, {""field"": ""first_subject"", ""value"": ""英语""}, {""field"": ""k12_category"", ""operator"": ""or"", ""values"": [""同步课"", ""同步拓展课""]}]}}",Y,Y,Y,
教育,134,高一高二的历史,,,edu_search,"{""query"": {""and"": [{""field"": ""grade"", ""operator"": ""or"", ""values"": [""高一"", ""高二""]}, {""field"": ""first_subject"", ""value"": ""历史""}, {""field"": ""k12_category"", ""operator"": ""or"", ""values"": [""同步课"", ""同步拓展课""]}]}}",edu_search,"{""query"": {""and"": [{""field"": ""grade"", ""operator"": ""or"", ""values"": [""高一"", ""高二""]}, {""field"": ""first_subject"", ""value"": ""历史""}, {""field"": ""k12_category"", ""operator"": ""or"", ""values"": [""同步课"", ""同步拓展课""]}]}}",Y,Y,Y,
教育,163,七年级生物上册人教版,,,edu_search,"{""query"": {""and"": [{""field"": ""grade"", ""value"": ""七年级""}, {""field"": ""semester"", ""value"": ""上半学期""}, {""field"": ""first_subject"", ""value"": ""生物""}, {""field"": ""material_version"", ""value"": ""人教版""}, {""field"": ""k12_category"", ""operator"": ""or"", ""values"": [""同步课"", ""同步拓展课""]}]}}",edu_search,"{""query"": {""and"": [{""field"": ""grade"", ""value"": ""七年级""}, {""field"": ""semester"", ""value"": ""上半学期""}, {""field"": ""material_version"", ""value"": ""人教版""}, {""field"": ""first_subject"", ""value"": ""生物""}, {""field"": ""k12_category"", ""operator"": ""or"", ""values"": [""同步课"", ""同步拓展课""]}]}}",Y,Y,Y,
教育,167,五年级语文和英语都要,,,edu_search,"{""query"": {""and"": [{""field"": ""grade"", ""value"": ""五年级""}, {""field"": ""first_subject"", ""operator"": ""or"", ""values"": [""语文"", ""英语""]}, {""field"": ""k12_category"", ""operator"": ""or"", ""values"": [""同步课"", ""同步拓展课""]}]}}",edu_search,"{""query"": {""and"": [{""field"": ""grade"", ""value"": ""五年级""}, {""field"": ""first_subject"", ""operator"": ""or"", ""values"": [""语文"", ""英语""]}, {""field"": ""k12_category"", ""operator"": ""or"", ""values"": [""同步课"", ""同步拓展课""]}]}}",Y,Y,Y,
教育,166,9年级下册化学免费看,,,edu_search,"{""query"": {""and"": [{""field"": ""grade"", ""value"": ""九年级""}, {""field"": ""semester"", ""value"": ""下半学期""}, {""field"": ""first_subject"", ""value"": ""化学""}, {""field"": ""is_fee"", ""value"": 0}, {""field"": ""k12_category"", ""operator"": ""or"", ""values"": [""同步课"", ""同步拓展课""]}]}}",edu_search,"{""query"": {""and"": [{""field"": ""grade"", ""value"": ""九年级""}, {""field"": ""semester"", ""value"": ""下半学期""}, {""field"": ""is_fee"", ""value"": 0}, {""field"": ""first_subject"", ""value"": ""化学""}, {""field"": ""k12_category"", ""operator"": ""or"", ""values"": [""同步课"", ""同步拓展课""]}]}}",Y,Y,Y,
教育,169,我要看高二高三的物理,,,edu_search,"{""query"": {""and"": [{""field"": ""grade"", ""operator"": ""or"", ""values"": [""高二"", ""高三""]}, {""field"": ""first_subject"", ""value"": ""物理""}, {""field"": ""k12_category"", ""operator"": ""or"", ""values"": [""同步课"", ""同步拓展课""]}]}}",edu_search,"{""query"": {""and"": [{""field"": ""grade"", ""operator"": ""or"", ""values"": [""高二"", ""高三""]}, {""field"": ""first_subject"", ""value"": ""物理""}, {""field"": ""k12_category"", ""operator"": ""or"", ""values"": [""同步课"", ""同步拓展课""]}]}}",Y,Y,Y,
教育,168,小学一二年级的数学,,,edu_search,"{""query"": {""and"": [{""field"": ""figures"", ""value"": ""小学""}, {""field"": ""grade"", ""operator"": ""or"", ""values"": [""一年级"", ""二年级""]}, {""field"": ""first_subject"", ""value"": ""数学""}, {""field"": ""k12_category"", ""operator"": ""or"", ""values"": [""同步课"", ""同步拓展课""]}]}}",edu_search,"{""query"": {""and"": [{""field"": ""figures"", ""value"": ""小学""}, {""field"": ""grade"", ""operator"": ""or"", ""values"": [""一年级"", ""二年级""]}, {""field"": ""first_subject"", ""value"": ""数学""}, {""field"": ""k12_category"", ""operator"": ""or"", ""values"": [""同步课"", ""同步拓展课""]}]}}",Y,Y,Y,
教育,140,六年级的课,,,edu_search,"{""query"": {""and"": [{""field"": ""grade"", ""value"": ""六年级""}, {""field"": ""k12_category"", ""operator"": ""or"", ""values"": [""同步课"", ""同步拓展课""]}]}}",edu_search,"{""query"": {""and"": [{""field"": ""grade"", ""value"": ""六年级""}, {""field"": ""k12_category"", ""operator"": ""or"", ""values"": [""同步课"", ""同步拓展课""]}]}}",Y,Y,Y,
教育,170,三年级上册的数学或者英语,,,edu_search,"{""query"": {""and"": [{""field"": ""grade"", ""value"": ""三年级""}, {""field"": ""semester"", ""value"": ""上半学期""}, {""field"": ""first_subject"", ""operator"": ""or"", ""values"": [""数学"", ""英语""]}, {""field"": ""k12_category"", ""operator"": ""or"", ""values"": [""同步课"", ""同步拓展课""]}]}}",edu_search,"{""query"": {""and"": [{""field"": ""grade"", ""value"": ""三年级""}, {""field"": ""semester"", ""value"": ""上半学期""}, {""field"": ""first_subject"", ""operator"": ""or"", ""values"": [""数学"", ""英语""]}, {""field"": ""k12_category"", ""operator"": ""or"", ""values"": [""同步课"", ""同步拓展课""]}]}}",Y,Y,Y,
教育,173,人教版五年级下册英语免费的,,,edu_search,"{""query"": {""and"": [{""field"": ""grade"", ""value"": ""五年级""}, {""field"": ""semester"", ""value"": ""下半学期""}, {""field"": ""first_subject"", ""value"": ""英语""}, {""field"": ""material_version"", ""value"": ""人教版""}, {""field"": ""is_fee"", ""value"": 0}, {""field"": ""k12_category"", ""operator"": ""or"", ""values"": [""同步课"", ""同步拓展课""]}]}}",edu_search,"{""query"": {""and"": [{""field"": ""grade"", ""value"": ""五年级""}, {""field"": ""semester"", ""value"": ""下半学期""}, {""field"": ""material_version"", ""value"": ""人教版""}, {""field"": ""is_fee"", ""value"": 0}, {""field"": ""first_subject"", ""value"": ""英语""}, {""field"": ""k12_category"", ""operator"": ""or"", ""values"": [""同步课"", ""同步拓展课""]}]}}",Y,Y,Y,
教育,174,播放苏教版初二语文下册,,,edu_search,"{""query"": {""and"": [{""field"": ""grade"", ""value"": ""八年级""}, {""field"": ""semester"", ""value"": ""下半学期""}, {""field"": ""first_subject"", ""value"": ""语文""}, {""field"": ""material_version"", ""value"": ""苏教版""}, {""field"": ""k12_category"", ""operator"": ""or"", ""values"": [""同步课"", ""同步拓展课""]}]}}",edu_search,"{""query"": {""and"": [{""field"": ""grade"", ""value"": ""八年级""}, {""field"": ""semester"", ""value"": ""下半学期""}, {""field"": ""material_version"", ""value"": ""苏教版""}, {""field"": ""first_subject"", ""value"": ""语文""}, {""field"": ""k12_category"", ""operator"": ""or"", ""values"": [""同步课"", ""同步拓展课""]}]}}",Y,Y,Y,
教育,172,沪科版或者人教版的九年级物理,,,edu_search,"{""query"": {""and"": [{""field"": ""grade"", ""value"": ""九年级""}, {""field"": ""first_subject"", ""value"": ""物理""}, {""field"": ""material_version"", ""operator"": ""or"", ""values"": [""沪科版"", ""人教版""]}, {""field"": ""k12_category"", ""operator"": ""or"", ""values"": [""同步课"", ""同步拓展课""]}]}}",edu_search,"{""query"": {""and"": [{""field"": ""grade"", ""value"": ""九年级""}, {""field"": ""material_version"", ""operator"": ""or"", ""values"": [""人教版"", ""沪科版""]}, {""field"": ""first_subject"", ""value"": ""物理""}, {""field"": ""k12_category"", ""operator"": ""or"", ""values"": [""同步课"", ""同步拓展课""]}]}}",Y,Y,Y,
教育,143,有没有化学课,,,edu_search,"{""query"": {""and"": [{""field"": ""first_subject"", ""value"": ""化学""}, {""field"": ""k12_category"", ""operator"": ""or"", ""values"": [""同步课"", ""同步拓展课""]}]}}",edu_search,"{""query"": {""and"": [{""field"": ""first_subject"", ""value"": ""化学""}, {""field"": ""k12_category"", ""operator"": ""or"", ""values"": [""同步课"", ""同步拓展课""]}]}}",Y,Y,Y,
教育,176,高三数学或英语，要付费的,,,edu_search,"{""query"": {""and"": [{""field"": ""grade"", ""value"": ""高三""}, {""field"": ""first_subject"", ""operator"": ""or"", ""values"": [""数学"", ""英语""]}, {""field"": ""is_fee"", ""value"": 1}, {""field"": ""k12_category"", ""operator"": ""or"", ""values"": [""同步课"", ""同步拓展课""]}]}}",edu_search,"{""query"": {""and"": [{""field"": ""grade"", ""value"": ""高三""}, {""field"": ""is_fee"", ""value"": 1}, {""field"": ""first_subject"", ""operator"": ""or"", ""values"": [""数学"", ""英语""]}, {""field"": ""k12_category"", ""operator"": ""or"", ""values"": [""同步课"", ""同步拓展课""]}]}}",Y,Y,Y,
教育,181,扇形统计图的备课视频,,,edu_fuzzy_search,"{""retext"": ""扇形统计图的备课视频""}",edu_fuzzy_search,"{""retext"": ""扇形统计图的备课视频""}",Y,Y,Y,
教育,152,来一份小学三年级的语文,,,edu_search,"{""query"": {""and"": [{""field"": ""grade"", ""value"": ""三年级""}, {""field"": ""first_subject"", ""value"": ""语文""}, {""field"": ""k12_category"", ""operator"": ""or"", ""values"": [""同步课"", ""同步拓展课""]}]}}",edu_search,"{""query"": {""and"": [{""field"": ""grade"", ""value"": ""三年级""}, {""field"": ""first_subject"", ""value"": ""语文""}, {""field"": ""k12_category"", ""operator"": ""or"", ""values"": [""同步课"", ""同步拓展课""]}]}}",Y,Y,Y,
教育,182,播放万唯名师的教育视频,,,edu_fuzzy_search,"{""retext"": ""播放万唯名师的教育视频""}",edu_fuzzy_search,"{""retext"": ""播放万唯名师的教育视频""}",Y,Y,Y,
教育,183,我要学星火教育高中一对一辅导课程,,,edu_fuzzy_search,"{""retext"": ""我要学星火教育高中一对一辅导课程""}",edu_fuzzy_search,"{""retext"": ""我要学星火教育高中一对一辅导课程""}",Y,Y,Y,
教育,184,有没有学而思的精讲课程,,,edu_fuzzy_search,"{""retext"": ""有没有学而思的精讲课程""}",edu_fuzzy_search,"{""retext"": ""有没有学而思的精讲课程""}",Y,Y,Y,
教育,185,我想看消防安全常识课,,,edu_fuzzy_search,"{""retext"": ""我想看消防安全常识课""}",edu_fuzzy_search,"{""retext"": ""我想看消防安全常识课""}",Y,Y,Y,
教育,189,讲座,,,edu_fuzzy_search,"{""retext"": ""讲座""}",edu_fuzzy_search,"{""retext"": ""讲座""}",Y,Y,Y,
教育,186,尤克里里零基础入门课,,,edu_fuzzy_search,"{""retext"": ""尤克里里零基础入门课""}",edu_fuzzy_search,"{""retext"": ""尤克里里零基础入门课""}",Y,Y,Y,
教育,187,我想学下围棋,,,edu_fuzzy_search,"{""retext"": ""我想学下围棋""}",edu_fuzzy_search,"{""retext"": ""我想学下围棋""}",Y,Y,Y,
教育,188,古筝名曲教学入门,,,edu_fuzzy_search,"{""retext"": ""古筝名曲教学入门""}",edu_fuzzy_search,"{""retext"": ""古筝名曲教学入门""}",Y,Y,Y,
教育,190,有没有瑜伽课,,,edu_fuzzy_search,"{""retext"": ""有没有瑜伽课""}",edu_fuzzy_search,"{""retext"": ""有没有瑜伽课""}",Y,Y,Y,
教育,157,初三的化学,,,edu_search,"{""query"": {""and"": [{""field"": ""grade"", ""value"": ""九年级""}, {""field"": ""first_subject"", ""value"": ""化学""}, {""field"": ""k12_category"", ""operator"": ""or"", ""values"": [""同步课"", ""同步拓展课""]}]}}",edu_search,"{""query"": {""and"": [{""field"": ""grade"", ""value"": ""九年级""}, {""field"": ""first_subject"", ""value"": ""化学""}, {""field"": ""k12_category"", ""operator"": ""or"", ""values"": [""同步课"", ""同步拓展课""]}]}}",Y,Y,Y,
教育,162,四年级科学上册,,,edu_search,"{""query"": {""and"": [{""field"": ""grade"", ""value"": ""四年级""}, {""field"": ""semester"", ""value"": ""上半学期""}, {""field"": ""first_subject"", ""value"": ""科学""}, {""field"": ""k12_category"", ""operator"": ""or"", ""values"": [""同步课"", ""同步拓展课""]}]}}",edu_search,"{""query"": {""and"": [{""field"": ""grade"", ""value"": ""四年级""}, {""field"": ""semester"", ""value"": ""上半学期""}, {""field"": ""first_subject"", ""value"": ""科学""}, {""field"": ""k12_category"", ""operator"": ""or"", ""values"": [""同步课"", ""同步拓展课""]}]}}",Y,Y,Y,
教育,191,打开儿童演讲训练教程,,,edu_fuzzy_search,"{""retext"": ""打开儿童演讲训练教程""}",edu_fuzzy_search,"{""retext"": ""打开儿童演讲训练教程""}",Y,Y,Y,
教育,193,我想学中国舞,,,edu_fuzzy_search,"{""retext"": ""我想学中国舞""}",edu_fuzzy_search,"{""retext"": ""我想学中国舞""}",Y,Y,Y,
教育,192,有没有零基础儿童画画入门教程,,,edu_fuzzy_search,"{""retext"": ""有没有零基础儿童画画入门教程""}",edu_fuzzy_search,"{""retext"": ""有没有零基础儿童画画入门教程""}",Y,Y,Y,
教育,194,儿童彩铅绘画教学,,,edu_fuzzy_search,"{""retext"": ""儿童彩铅绘画教学""}",edu_fuzzy_search,"{""retext"": ""儿童彩铅绘画教学""}",Y,Y,Y,
教育,195,播放儿童篮球课程,,,edu_fuzzy_search,"{""retext"": ""播放儿童篮球课程""}",edu_fuzzy_search,"{""retext"": ""播放儿童篮球课程""}",Y,Y,Y,
教育,165,高一历史,,,edu_search,"{""query"": {""and"": [{""field"": ""grade"", ""value"": ""高一""}, {""field"": ""first_subject"", ""value"": ""历史""}, {""field"": ""k12_category"", ""operator"": ""or"", ""values"": [""同步课"", ""同步拓展课""]}]}}",edu_search,"{""query"": {""and"": [{""field"": ""grade"", ""value"": ""高一""}, {""field"": ""first_subject"", ""value"": ""历史""}, {""field"": ""k12_category"", ""operator"": ""or"", ""values"": [""同步课"", ""同步拓展课""]}]}}",Y,Y,Y,
教育,161,六年级下册数学北师大版,,,edu_search,"{""query"": {""and"": [{""field"": ""grade"", ""value"": ""六年级""}, {""field"": ""semester"", ""value"": ""下半学期""}, {""field"": ""first_subject"", ""value"": ""数学""}, {""field"": ""material_version"", ""value"": ""北师大版""}, {""field"": ""k12_category"", ""operator"": ""or"", ""values"": [""同步课"", ""同步拓展课""]}]}}",edu_search,"{""query"": {""and"": [{""field"": ""grade"", ""value"": ""六年级""}, {""field"": ""semester"", ""value"": ""下半学期""}, {""field"": ""material_version"", ""value"": ""北师大版""}, {""field"": ""first_subject"", ""value"": ""数学""}, {""field"": ""k12_category"", ""operator"": ""or"", ""values"": [""同步课"", ""同步拓展课""]}]}}",Y,Y,Y,
教育,164,八年级地理下册湘教版,,,edu_search,"{""query"": {""and"": [{""field"": ""grade"", ""value"": ""八年级""}, {""field"": ""semester"", ""value"": ""下半学期""}, {""field"": ""first_subject"", ""value"": ""地理""}, {""field"": ""material_version"", ""value"": ""湘教版""}, {""field"": ""k12_category"", ""operator"": ""or"", ""values"": [""同步课"", ""同步拓展课""]}]}}",edu_search,"{""query"": {""and"": [{""field"": ""grade"", ""value"": ""八年级""}, {""field"": ""semester"", ""value"": ""下半学期""}, {""field"": ""material_version"", ""value"": ""湘教版""}, {""field"": ""first_subject"", ""value"": ""地理""}, {""field"": ""k12_category"", ""operator"": ""or"", ""values"": [""同步课"", ""同步拓展课""]}]}}",Y,Y,Y,
教育,197,吉他课程,,,edu_fuzzy_search,"{""retext"": ""吉他课程""}",edu_fuzzy_search,"{""retext"": ""吉他课程""}",Y,Y,Y,
教育,198,学习基本功形体训练,,,edu_fuzzy_search,"{""retext"": ""学习基本功形体训练""}",edu_fuzzy_search,"{""retext"": ""学习基本功形体训练""}",Y,Y,Y,
教育,196,小学生自制手账的教程,,,edu_fuzzy_search,"{""retext"": ""小学生自制手账的教程""}",edu_fuzzy_search,"{""retext"": ""小学生自制手账的教程""}",Y,Y,Y,
教育,200,有没有非洲鼓入门课,,,edu_fuzzy_search,"{""retext"": ""有没有非洲鼓入门课""}",edu_fuzzy_search,"{""retext"": ""有没有非洲鼓入门课""}",Y,Y,Y,
教育,199,少儿足球训练教程,,,edu_fuzzy_search,"{""retext"": ""少儿足球训练教程""}",edu_fuzzy_search,"{""retext"": ""少儿足球训练教程""}",Y,Y,Y,
教育,171,初三物理或化学下册,,,edu_search,"{""query"": {""and"": [{""field"": ""grade"", ""value"": ""九年级""}, {""field"": ""semester"", ""value"": ""下半学期""}, {""field"": ""first_subject"", ""operator"": ""or"", ""values"": [""物理"", ""化学""]}, {""field"": ""k12_category"", ""operator"": ""or"", ""values"": [""同步课"", ""同步拓展课""]}]}}",edu_search,"{""query"": {""and"": [{""field"": ""grade"", ""value"": ""九年级""}, {""field"": ""semester"", ""value"": ""下半学期""}, {""field"": ""first_subject"", ""operator"": ""or"", ""values"": [""物理"", ""化学""]}, {""field"": ""k12_category"", ""operator"": ""or"", ""values"": [""同步课"", ""同步拓展课""]}]}}",Y,Y,Y,
教育,202,安全教育黑板报内容,,,edu_fuzzy_search,"{""retext"": ""安全教育黑板报内容""}",edu_fuzzy_search,"{""retext"": ""安全教育黑板报内容""}",Y,Y,Y,
教育,203,打开免费的二胡,,,edu_fuzzy_search,"{""retext"": ""打开免费的二胡""}",edu_fuzzy_search,"{""retext"": ""打开免费的二胡""}",Y,Y,Y,
教育,201,免费的少儿硬笔书法,,,edu_fuzzy_search,"{""retext"": ""免费的少儿硬笔书法""}",edu_fuzzy_search,"{""retext"": ""免费的少儿硬笔书法""}",Y,Y,Y,
教育,205,我要看关于高一上册政治的复习视频,,,edu_fuzzy_search,"{""retext"": ""我要看关于高一上册政治的复习视频""}",edu_fuzzy_search,"{""retext"": ""我要看关于高一上册政治的复习视频""}",Y,Y,Y,
教育,204,做贺卡教学视频,,,edu_fuzzy_search,"{""retext"": ""做贺卡教学视频""}",edu_fuzzy_search,"{""retext"": ""做贺卡教学视频""}",Y,Y,Y,
教育,175,四年级上册和五年级下册的数学,,,edu_search,"{""query"": {""and"": [{""field"": ""grade"", ""operator"": ""or"", ""values"": [""四年级"", ""五年级""]}, {""field"": ""semester"", ""operator"": ""or"", ""values"": [""上半学期"", ""下半学期""]}, {""field"": ""first_subject"", ""value"": ""数学""}, {""field"": ""k12_category"", ""operator"": ""or"", ""values"": [""同步课"", ""同步拓展课""]}]}}",edu_search,"{""query"": {""and"": [{""field"": ""grade"", ""operator"": ""or"", ""values"": [""四年级"", ""五年级""]}, {""field"": ""semester"", ""operator"": ""or"", ""values"": [""上半学期"", ""下半学期""]}, {""field"": ""first_subject"", ""value"": ""数学""}, {""field"": ""k12_category"", ""operator"": ""or"", ""values"": [""同步课"", ""同步拓展课""]}]}}",Y,Y,Y,
教育,206,八年级上政治期末复习,,,edu_fuzzy_search,"{""retext"": ""八年级上政治期末复习""}",edu_fuzzy_search,"{""retext"": ""八年级上政治期末复习""}",Y,Y,Y,
教育,207,人教版高一数学同步辅导精讲,,,edu_fuzzy_search,"{""retext"": ""人教版高一数学同步辅导精讲""}",edu_fuzzy_search,"{""retext"": ""人教版高一数学同步辅导精讲""}",Y,Y,Y,
教育,208,9年级上册期末考试的考试范围,,,edu_fuzzy_search,"{""retext"": ""9年级上册期末考试的考试范围""}",edu_fuzzy_search,"{""retext"": ""9年级上册期末考试的考试范围""}",Y,Y,Y,
教育,177,二年级下册的阅读,,,edu_search,"{""query"": {""and"": [{""field"": ""grade"", ""value"": ""二年级""}, {""field"": ""semester"", ""value"": ""下半学期""}, {""field"": ""first_subject"", ""value"": ""语文""}, {""field"": ""k12_category"", ""operator"": ""or"", ""values"": [""同步课"", ""同步拓展课""]}]}}",edu_search,"{""query"": {""and"": [{""field"": ""grade"", ""value"": ""二年级""}, {""field"": ""semester"", ""value"": ""下半学期""}, {""field"": ""first_subject"", ""value"": ""语文""}, {""field"": ""k12_category"", ""operator"": ""or"", ""values"": [""同步课"", ""同步拓展课""]}]}}",Y,Y,Y,
教育,210,7年级上册的地理期末检测,,,edu_fuzzy_search,"{""retext"": ""7年级上册的地理期末检测""}",edu_fuzzy_search,"{""retext"": ""7年级上册的地理期末检测""}",Y,Y,Y,
教育,209,帮我在B站里找到7年级上册历史全部期末考试复习集的视频,,,edu_fuzzy_search,"{""retext"": ""帮我在B站里找到7年级上册历史全部期末考试复习集的视频""}",edu_fuzzy_search,"{""retext"": ""帮我在B站里找到7年级上册历史全部期末考试复习集的视频""}",Y,Y,Y,
教育,179,找一下高中英语的课,,,edu_search,"{""query"": {""and"": [{""field"": ""figures"", ""value"": ""高中""}, {""field"": ""first_subject"", ""value"": ""英语""}, {""field"": ""k12_category"", ""operator"": ""or"", ""values"": [""同步课"", ""同步拓展课""]}]}}",edu_search,"{""query"": {""and"": [{""field"": ""figures"", ""value"": ""高中""}, {""field"": ""first_subject"", ""value"": ""英语""}, {""field"": ""k12_category"", ""operator"": ""or"", ""values"": [""同步课"", ""同步拓展课""]}]}}",Y,Y,Y,
教育,178,2026年四年级上册数学人教版,,,edu_search,"{""query"": {""and"": [{""field"": ""grade"", ""value"": ""四年级""}, {""field"": ""semester"", ""value"": ""上半学期""}, {""field"": ""first_subject"", ""value"": ""数学""}, {""field"": ""material_version"", ""value"": ""人教版""}, {""field"": ""k12_category"", ""operator"": ""or"", ""values"": [""同步课"", ""同步拓展课""]}]}}",edu_search,"{""query"": {""and"": [{""field"": ""grade"", ""value"": ""四年级""}, {""field"": ""semester"", ""value"": ""上半学期""}, {""field"": ""material_version"", ""value"": ""人教版""}, {""field"": ""first_subject"", ""value"": ""数学""}, {""field"": ""k12_category"", ""operator"": ""or"", ""values"": [""同步课"", ""同步拓展课""]}]}}",Y,Y,Y,
教育,180,打开八年级上册生物第2章,,,edu_search,"{""query"": {""and"": [{""field"": ""grade"", ""value"": ""八年级""}, {""field"": ""semester"", ""value"": ""上半学期""}, {""field"": ""first_subject"", ""value"": ""生物""}, {""field"": ""k12_category"", ""operator"": ""or"", ""values"": [""同步课"", ""同步拓展课""]}]}}",edu_search,"{""query"": {""and"": [{""field"": ""grade"", ""value"": ""八年级""}, {""field"": ""semester"", ""value"": ""上半学期""}, {""field"": ""first_subject"", ""value"": ""生物""}, {""field"": ""k12_category"", ""operator"": ""or"", ""values"": [""同步课"", ""同步拓展课""]}]}}",Y,Y,Y,
教育,211,请帮我写出九整个9年级的物理易错知识点,,,edu_fuzzy_search,"{""retext"": ""请帮我写出九整个9年级的物理易错知识点""}",edu_fuzzy_search,"{""retext"": ""请帮我写出九整个9年级的物理易错知识点""}",Y,Y,Y,
教育,212,总结七年级下册政治第1单元,,,edu_fuzzy_search,"{""retext"": ""总结七年级下册政治第1单元""}",edu_fuzzy_search,"{""retext"": ""总结七年级下册政治第1单元""}",Y,Y,Y,
教育,213,高考语文冲刺,,,edu_fuzzy_search,"{""retext"": ""高考语文冲刺""}",edu_fuzzy_search,"{""retext"": ""高考语文冲刺""}",Y,Y,Y,
教育,214,播放七年级初一知识精讲内容,,,edu_fuzzy_search,"{""retext"": ""播放七年级初一知识精讲内容""}",edu_fuzzy_search,"{""retext"": ""播放七年级初一知识精讲内容""}",Y,Y,Y,
教育,216,我要看语文阅读专项提升视频,,,edu_fuzzy_search,"{""retext"": ""我要看语文阅读专项提升视频""}",edu_fuzzy_search,"{""retext"": ""我要看语文阅读专项提升视频""}",Y,Y,Y,
教育,217,有没有课前预习的课程？,,,edu_fuzzy_search,"{""retext"": ""有没有课前预习的课程？""}",edu_fuzzy_search,"{""retext"": ""有没有课前预习的课程？""}",Y,Y,Y,
教育,215,搜索高三压轴题押题解析,,,edu_fuzzy_search,"{""retext"": ""搜索高三压轴题押题解析""}",edu_fuzzy_search,"{""retext"": ""搜索高三压轴题押题解析""}",Y,Y,Y,
教育,218,打开小学生课内基础巩固课程,,,edu_fuzzy_search,"{""retext"": ""打开小学生课内基础巩固课程""}",edu_fuzzy_search,"{""retext"": ""打开小学生课内基础巩固课程""}",Y,Y,Y,
教育,219,播放初中全科考点冲刺课程,,,edu_fuzzy_search,"{""retext"": ""播放初中全科考点冲刺课程""}",edu_fuzzy_search,"{""retext"": ""播放初中全科考点冲刺课程""}",Y,Y,Y,
教育,220,给初中生推荐文科阅读课,,,edu_fuzzy_search,"{""retext"": ""给初中生推荐文科阅读课""}",edu_fuzzy_search,"{""retext"": ""给初中生推荐文科阅读课""}",Y,Y,Y,
教育,222,看高中生高考考点精讲,,,edu_fuzzy_search,"{""retext"": ""看高中生高考考点精讲""}",edu_fuzzy_search,"{""retext"": ""看高中生高考考点精讲""}",Y,Y,Y,
教育,221,适合初中生的专项提升课,,,edu_fuzzy_search,"{""retext"": ""适合初中生的专项提升课""}",edu_fuzzy_search,"{""retext"": ""适合初中生的专项提升课""}",Y,Y,Y,
教育,223,找高中生各科压轴题讲解,,,edu_fuzzy_search,"{""retext"": ""找高中生各科压轴题讲解""}",edu_fuzzy_search,"{""retext"": ""找高中生各科压轴题讲解""}",Y,Y,Y,
教育,224,学习小学六年级小升初教程,,,edu_fuzzy_search,"{""retext"": ""学习小学六年级小升初教程""}",edu_fuzzy_search,"{""retext"": ""学习小学六年级小升初教程""}",Y,Y,Y,
教育,226,四年级下学期专题复习,,,edu_fuzzy_search,"{""retext"": ""四年级下学期专题复习""}",edu_fuzzy_search,"{""retext"": ""四年级下学期专题复习""}",Y,Y,Y,
教育,225,推荐高中生专用备考课程,,,edu_fuzzy_search,"{""retext"": ""推荐高中生专用备考课程""}",edu_fuzzy_search,"{""retext"": ""推荐高中生专用备考课程""}",Y,Y,Y,
教育,227,初中三年级下学期专题复习,,,edu_fuzzy_search,"{""retext"": ""初中三年级下学期专题复习""}",edu_fuzzy_search,"{""retext"": ""初中三年级下学期专题复习""}",Y,Y,Y,
教育,228,英语口语听力考试江苏,,,edu_fuzzy_search,"{""retext"": ""英语口语听力考试江苏""}",edu_fuzzy_search,"{""retext"": ""英语口语听力考试江苏""}",Y,Y,Y,
教育,229,播放免费的数学题,,,edu_fuzzy_search,"{""retext"": ""播放免费的数学题""}",edu_fuzzy_search,"{""retext"": ""播放免费的数学题""}",Y,Y,Y,
教育,232,我想看数学思维训练营,,,edu_fuzzy_search,"{""retext"": ""我想看数学思维训练营""}",edu_fuzzy_search,"{""retext"": ""我想看数学思维训练营""}",Y,Y,Y,
教育,231,二年级上册语文复习,,,edu_fuzzy_search,"{""retext"": ""二年级上册语文复习""}",edu_fuzzy_search,"{""retext"": ""二年级上册语文复习""}",Y,Y,Y,
教育,230,四年级数学应用题难题,,,edu_fuzzy_search,"{""retext"": ""四年级数学应用题难题""}",edu_fuzzy_search,"{""retext"": ""四年级数学应用题难题""}",Y,Y,Y,
教育,233,快乐英语阅读课程,,,edu_fuzzy_search,"{""retext"": ""快乐英语阅读课程""}",edu_fuzzy_search,"{""retext"": ""快乐英语阅读课程""}",Y,Y,Y,
教育,234,毛泽东的课文为人民服务,,,edu_fuzzy_search,"{""retext"": ""毛泽东的课文为人民服务""}",edu_fuzzy_search,"{""retext"": ""毛泽东的课文为人民服务""}",Y,Y,Y,
教育,238,直角三角形的面积公式,,,edu_fuzzy_search,"{""retext"": ""直角三角形的面积公式""}",edu_fuzzy_search,"{""retext"": ""直角三角形的面积公式""}",Y,Y,Y,
教育,235,我想听第一次鸦片战争的课,,,edu_fuzzy_search,"{""retext"": ""我想听第一次鸦片战争的课""}",edu_fuzzy_search,"{""retext"": ""我想听第一次鸦片战争的课""}",Y,Y,Y,
教育,237,小聚小聚播放物理实验小课堂,,,edu_fuzzy_search,"{""retext"": ""小聚小聚播放物理实验小课堂""}",edu_fuzzy_search,"{""retext"": ""小聚小聚播放物理实验小课堂""}",Y,Y,Y,
教育,239,我要学牛顿定律,,,edu_fuzzy_search,"{""retext"": ""我要学牛顿定律""}",edu_fuzzy_search,"{""retext"": ""我要学牛顿定律""}",Y,Y,Y,
教育,236,播放声母韵母整体认读音节,,,edu_fuzzy_search,"{""retext"": ""播放声母韵母整体认读音节""}",edu_fuzzy_search,"{""retext"": ""播放声母韵母整体认读音节""}",Y,Y,Y,
教育,240,我要看化学质量守恒定律,,,edu_fuzzy_search,"{""retext"": ""我要看化学质量守恒定律""}",edu_fuzzy_search,"{""retext"": ""我要看化学质量守恒定律""}",Y,Y,Y,
教育,241,直角三角形的面积,,,edu_fuzzy_search,"{""retext"": ""直角三角形的面积""}",edu_fuzzy_search,"{""retext"": ""直角三角形的面积""}",Y,Y,Y,
教育,243,小聚小聚给我播放认识钟表,,,edu_fuzzy_search,"{""retext"": ""小聚小聚给我播放认识钟表""}",edu_fuzzy_search,"{""retext"": ""小聚小聚给我播放认识钟表""}",Y,Y,Y,
教育,242,播放化学实验小课堂,,,edu_fuzzy_search,"{""retext"": ""播放化学实验小课堂""}",edu_fuzzy_search,"{""retext"": ""播放化学实验小课堂""}",Y,Y,Y,
教育,244,播放人体奥秘课程,,,edu_fuzzy_search,"{""retext"": ""播放人体奥秘课程""}",edu_fuzzy_search,"{""retext"": ""播放人体奥秘课程""}",Y,Y,Y,
教育,246,免费的数学题,,,edu_fuzzy_search,"{""retext"": ""免费的数学题""}",edu_fuzzy_search,"{""retext"": ""免费的数学题""}",Y,Y,Y,
教育,248,帮我播放免费的算术学习,,,edu_fuzzy_search,"{""retext"": ""帮我播放免费的算术学习""}",edu_fuzzy_search,"{""retext"": ""帮我播放免费的算术学习""}",Y,Y,Y,
教育,245,我要看免费的一年级上册数学加减法1到10,,,edu_fuzzy_search,"{""retext"": ""我要看免费的一年级上册数学加减法1到10""}",edu_fuzzy_search,"{""retext"": ""我要看免费的一年级上册数学加减法1到10""}",Y,Y,Y,
教育,247,我要看不要VIP的学拼音,,,edu_fuzzy_search,"{""retext"": ""我要看不要VIP的学拼音""}",edu_fuzzy_search,"{""retext"": ""我要看不要VIP的学拼音""}",Y,Y,Y,
教育,249,生物七年级八年级混合人教版做题小技巧,,,edu_fuzzy_search,"{""retext"": ""生物七年级八年级混合人教版做题小技巧""}",edu_fuzzy_search,"{""retext"": ""生物七年级八年级混合人教版做题小技巧""}",Y,Y,Y,
教育,250,初二外研版英语重难点精讲,,,edu_fuzzy_search,"{""retext"": ""初二外研版英语重难点精讲""}",edu_fuzzy_search,"{""retext"": ""初二外研版英语重难点精讲""}",Y,Y,Y,
教育,254,打开期中复习专题,,,edu_fuzzy_search,"{""retext"": ""打开期中复习专题""}",edu_fuzzy_search,"{""retext"": ""打开期中复习专题""}",Y,Y,Y,
教育,252,初二物理北师大版考点辅导,,,edu_fuzzy_search,"{""retext"": ""初二物理北师大版考点辅导""}",edu_fuzzy_search,"{""retext"": ""初二物理北师大版考点辅导""}",Y,Y,Y,
教育,253,初二数学鲁教版考点,,,edu_fuzzy_search,"{""retext"": ""初二数学鲁教版考点""}",edu_fuzzy_search,"{""retext"": ""初二数学鲁教版考点""}",Y,Y,Y,
教育,251,我要看五年级下册北师大版数学知识点,,,edu_fuzzy_search,"{""retext"": ""我要看五年级下册北师大版数学知识点""}",edu_fuzzy_search,"{""retext"": ""我要看五年级下册北师大版数学知识点""}",Y,Y,Y,
教育,259,我要学唱歌,,,edu_fuzzy_search,"{""retext"": ""我要学唱歌""}",edu_fuzzy_search,"{""retext"": ""我要学唱歌""}",Y,Y,Y,
教育,255,有没有适合学生的辅导资料,,,edu_fuzzy_search,"{""retext"": ""有没有适合学生的辅导资料""}",edu_fuzzy_search,"{""retext"": ""有没有适合学生的辅导资料""}",Y,Y,Y,
教育,258,权威推荐的教育课程,,,edu_fuzzy_search,"{""retext"": ""权威推荐的教育课程""}",edu_fuzzy_search,"{""retext"": ""权威推荐的教育课程""}",Y,Y,Y,
教育,257,帮我找一些学习内容,,,edu_fuzzy_search,"{""retext"": ""帮我找一些学习内容""}",edu_fuzzy_search,"{""retext"": ""帮我找一些学习内容""}",Y,Y,Y,
教育,256,找口碑好、评价高的学习课程,,,edu_fuzzy_search,"{""retext"": ""找口碑好、评价高的学习课程""}",edu_fuzzy_search,"{""retext"": ""找口碑好、评价高的学习课程""}",Y,Y,Y,
教育,260,我想学声乐,,,edu_fuzzy_search,"{""retext"": ""我想学声乐""}",edu_fuzzy_search,"{""retext"": ""我想学声乐""}",Y,Y,Y,
教育,263,高分冲刺课,,,edu_fuzzy_search,"{""retext"": ""高分冲刺课""}",edu_fuzzy_search,"{""retext"": ""高分冲刺课""}",Y,Y,Y,
教育,262,同步课新课标考法精讲,,,edu_fuzzy_search,"{""retext"": ""同步课新课标考法精讲""}",edu_fuzzy_search,"{""retext"": ""同步课新课标考法精讲""}",Y,Y,Y,
教育,264,同步课薄弱科目专项提升,,,edu_fuzzy_search,"{""retext"": ""同步课薄弱科目专项提升""}",edu_fuzzy_search,"{""retext"": ""同步课薄弱科目专项提升""}",Y,Y,Y,
教育,261,找概率论与数理统计教学视频,,,edu_fuzzy_search,"{""retext"": ""找概率论与数理统计教学视频""}",edu_fuzzy_search,"{""retext"": ""找概率论与数理统计教学视频""}",Y,Y,Y,
教育,265,同步课校内拔高训练,,,edu_fuzzy_search,"{""retext"": ""同步课校内拔高训练""}",edu_fuzzy_search,"{""retext"": ""同步课校内拔高训练""}",Y,Y,Y,
教育,268,中考物理冲刺提升课,,,edu_fuzzy_search,"{""retext"": ""中考物理冲刺提升课""}",edu_fuzzy_search,"{""retext"": ""中考物理冲刺提升课""}",Y,Y,Y,
教育,266,奥数思维拓展,,,edu_fuzzy_search,"{""retext"": ""奥数思维拓展""}",edu_fuzzy_search,"{""retext"": ""奥数思维拓展""}",Y,Y,Y,
教育,267,我想要中考冲刺课,,,edu_fuzzy_search,"{""retext"": ""我想要中考冲刺课""}",edu_fuzzy_search,"{""retext"": ""我想要中考冲刺课""}",Y,Y,Y,
教育,269,二年级下册试卷数学,,,edu_fuzzy_search,"{""retext"": ""二年级下册试卷数学""}",edu_fuzzy_search,"{""retext"": ""二年级下册试卷数学""}",Y,Y,Y,
教育,272,小升初考试,,,edu_fuzzy_search,"{""retext"": ""小升初考试""}",edu_fuzzy_search,"{""retext"": ""小升初考试""}",Y,Y,Y,
教育,270,初一的英语卷子,,,edu_fuzzy_search,"{""retext"": ""初一的英语卷子""}",edu_fuzzy_search,"{""retext"": ""初一的英语卷子""}",Y,Y,Y,
教育,273,高一化学实验,,,edu_fuzzy_search,"{""retext"": ""高一化学实验""}",edu_fuzzy_search,"{""retext"": ""高一化学实验""}",Y,Y,Y,
教育,271,高三物理试题,,,edu_fuzzy_search,"{""retext"": ""高三物理试题""}",edu_fuzzy_search,"{""retext"": ""高三物理试题""}",Y,Y,Y,
教育,274,高考数学一轮复习课,,,edu_fuzzy_search,"{""retext"": ""高考数学一轮复习课""}",edu_fuzzy_search,"{""retext"": ""高考数学一轮复习课""}",Y,Y,Y,
教育,275,化学冲刺课程,,,edu_fuzzy_search,"{""retext"": ""化学冲刺课程""}",edu_fuzzy_search,"{""retext"": ""化学冲刺课程""}",Y,Y,Y,
教育,277,高考冲刺,,,edu_fuzzy_search,"{""retext"": ""高考冲刺""}",edu_fuzzy_search,"{""retext"": ""高考冲刺""}",Y,Y,Y,
教育,276,七年级数学期末总复习,,,edu_fuzzy_search,"{""retext"": ""七年级数学期末总复习""}",edu_fuzzy_search,"{""retext"": ""七年级数学期末总复习""}",Y,Y,Y,
教育,278,冲刺复习,,,edu_fuzzy_search,"{""retext"": ""冲刺复习""}",edu_fuzzy_search,"{""retext"": ""冲刺复习""}",Y,Y,Y,
教育,279,搜索课程生物高考冲刺,,,edu_fuzzy_search,"{""retext"": ""搜索课程生物高考冲刺""}",edu_fuzzy_search,"{""retext"": ""搜索课程生物高考冲刺""}",Y,Y,Y,
教育,281,TED演讲视频,,,edu_fuzzy_search,"{""retext"": ""TED演讲视频""}",edu_fuzzy_search,"{""retext"": ""TED演讲视频""}",Y,Y,Y,
教育,280,必刷试卷的期中复习测试卷三,,,edu_fuzzy_search,"{""retext"": ""必刷试卷的期中复习测试卷三""}",edu_fuzzy_search,"{""retext"": ""必刷试卷的期中复习测试卷三""}",Y,Y,Y,
教育,282,小学全科知识拓展趣味课,,,edu_fuzzy_search,"{""retext"": ""小学全科知识拓展趣味课""}",edu_fuzzy_search,"{""retext"": ""小学全科知识拓展趣味课""}",Y,Y,Y,
教育,283,我要看初中升学拔高拓展课,,,edu_fuzzy_search,"{""retext"": ""我要看初中升学拔高拓展课""}",edu_fuzzy_search,"{""retext"": ""我要看初中升学拔高拓展课""}",Y,Y,Y,
教育,284,搜索高中重难点专题课,,,edu_fuzzy_search,"{""retext"": ""搜索高中重难点专题课""}",edu_fuzzy_search,"{""retext"": ""搜索高中重难点专题课""}",Y,Y,Y,
教育,285,学小学奥数思维拓展课程,,,edu_fuzzy_search,"{""retext"": ""学小学奥数思维拓展课程""}",edu_fuzzy_search,"{""retext"": ""学小学奥数思维拓展课程""}",Y,Y,Y,
教育,291,帮我找各科历年真题讲解课,,,edu_fuzzy_search,"{""retext"": ""帮我找各科历年真题讲解课""}",edu_fuzzy_search,"{""retext"": ""帮我找各科历年真题讲解课""}",Y,Y,Y,
教育,286,初中几何证明专题拔高课,,,edu_fuzzy_search,"{""retext"": ""初中几何证明专题拔高课""}",edu_fuzzy_search,"{""retext"": ""初中几何证明专题拔高课""}",Y,Y,Y,
教育,287,查找物理力学专题考点训练课,,,edu_fuzzy_search,"{""retext"": ""查找物理力学专题考点训练课""}",edu_fuzzy_search,"{""retext"": ""查找物理力学专题考点训练课""}",Y,Y,Y,
教育,288,有没有语文古诗文鉴赏专题拓展课,,,edu_fuzzy_search,"{""retext"": ""有没有语文古诗文鉴赏专题拓展课""}",edu_fuzzy_search,"{""retext"": ""有没有语文古诗文鉴赏专题拓展课""}",Y,Y,Y,
教育,289,高中各科命题趋势押题精讲,,,edu_fuzzy_search,"{""retext"": ""高中各科命题趋势押题精讲""}",edu_fuzzy_search,"{""retext"": ""高中各科命题趋势押题精讲""}",Y,Y,Y,
教育,290,初中升学真题模拟押题课,,,edu_fuzzy_search,"{""retext"": ""初中升学真题模拟押题课""}",edu_fuzzy_search,"{""retext"": ""初中升学真题模拟押题课""}",Y,Y,Y,
教育,292,中考高频押题精讲课程,,,edu_fuzzy_search,"{""retext"": ""中考高频押题精讲课程""}",edu_fuzzy_search,"{""retext"": ""中考高频押题精讲课程""}",Y,Y,Y,
教育,293,高中重难点培优拔高精讲,,,edu_fuzzy_search,"{""retext"": ""高中重难点培优拔高精讲""}",edu_fuzzy_search,"{""retext"": ""高中重难点培优拔高精讲""}",Y,Y,Y,
教育,294,我要看数学思维拔高训练课,,,edu_fuzzy_search,"{""retext"": ""我要看数学思维拔高训练课""}",edu_fuzzy_search,"{""retext"": ""我要看数学思维拔高训练课""}",Y,Y,Y,
教育,295,帮我找理化生竞赛拔高课程,,,edu_fuzzy_search,"{""retext"": ""帮我找理化生竞赛拔高课程""}",edu_fuzzy_search,"{""retext"": ""帮我找理化生竞赛拔高课程""}",Y,Y,Y,
教育,296,想学理科难点专项内容,,,edu_fuzzy_search,"{""retext"": ""想学理科难点专项内容""}",edu_fuzzy_search,"{""retext"": ""想学理科难点专项内容""}",Y,Y,Y,
教育,298,初中各科考前提分冲刺课,,,edu_fuzzy_search,"{""retext"": ""初中各科考前提分冲刺课""}",edu_fuzzy_search,"{""retext"": ""初中各科考前提分冲刺课""}",Y,Y,Y,
教育,297,高考全科考前冲刺精讲,,,edu_fuzzy_search,"{""retext"": ""高考全科考前冲刺精讲""}",edu_fuzzy_search,"{""retext"": ""高考全科考前冲刺精讲""}",Y,Y,Y,
教育,299,搜索小升初全科冲刺辅导课,,,edu_fuzzy_search,"{""retext"": ""搜索小升初全科冲刺辅导课""}",edu_fuzzy_search,"{""retext"": ""搜索小升初全科冲刺辅导课""}",Y,Y,Y,
教育,300,推荐中小学考前突击冲刺课,,,edu_fuzzy_search,"{""retext"": ""推荐中小学考前突击冲刺课""}",edu_fuzzy_search,"{""retext"": ""推荐中小学考前突击冲刺课""}",Y,Y,Y,
教育,302,搜索英语语法的教学视频,,,edu_fuzzy_search,"{""retext"": ""搜索英语语法的教学视频""}",edu_fuzzy_search,"{""retext"": ""搜索英语语法的教学视频""}",Y,Y,Y,
教育,303,高中语文诗歌鉴赏专题训练,,,edu_fuzzy_search,"{""retext"": ""高中语文诗歌鉴赏专题训练""}",edu_fuzzy_search,"{""retext"": ""高中语文诗歌鉴赏专题训练""}",Y,Y,Y,
教育,301,同步课薄弱科目专项提升教程,,,edu_fuzzy_search,"{""retext"": ""同步课薄弱科目专项提升教程""}",edu_fuzzy_search,"{""retext"": ""同步课薄弱科目专项提升教程""}",Y,Y,Y,
教育,304,初三物理化学中考冲刺,,,edu_fuzzy_search,"{""retext"": ""初三物理化学中考冲刺""}",edu_fuzzy_search,"{""retext"": ""初三物理化学中考冲刺""}",Y,Y,Y,
教育,305,帮我列举中考会用到的物理公式,,,edu_fuzzy_search,"{""retext"": ""帮我列举中考会用到的物理公式""}",edu_fuzzy_search,"{""retext"": ""帮我列举中考会用到的物理公式""}",Y,Y,Y,
教育,306,帮我搜索物理压轴题,,,edu_fuzzy_search,"{""retext"": ""帮我搜索物理压轴题""}",edu_fuzzy_search,"{""retext"": ""帮我搜索物理压轴题""}",Y,Y,Y,
教育,309,安全教育小课堂,,,edu_fuzzy_search,"{""retext"": ""安全教育小课堂""}",edu_fuzzy_search,"{""retext"": ""安全教育小课堂""}",Y,Y,Y,
教育,308,国际跳棋的视频的视频,,,edu_fuzzy_search,"{""retext"": ""国际跳棋的视频的视频""}",edu_fuzzy_search,"{""retext"": ""国际跳棋的视频的视频""}",Y,Y,Y,
教育,307,帮我搜索一下关于物理化学九年级上册的复习题,,,edu_fuzzy_search,"{""retext"": ""帮我搜索一下关于物理化学九年级上册的复习题""}",edu_fuzzy_search,"{""retext"": ""帮我搜索一下关于物理化学九年级上册的复习题""}",Y,Y,Y,
教育,310,制作彩泥的课程,,,edu_fuzzy_search,"{""retext"": ""制作彩泥的课程""}",edu_fuzzy_search,"{""retext"": ""制作彩泥的课程""}",Y,Y,Y,
教育,311,播放人际交往的沟通课,,,edu_fuzzy_search,"{""retext"": ""播放人际交往的沟通课""}",edu_fuzzy_search,"{""retext"": ""播放人际交往的沟通课""}",Y,Y,Y,
教育,313,我要学织毛衣,,,edu_fuzzy_search,"{""retext"": ""我要学织毛衣""}",edu_fuzzy_search,"{""retext"": ""我要学织毛衣""}",Y,Y,Y,
教育,312,学织围巾的教程,,,edu_fuzzy_search,"{""retext"": ""学织围巾的教程""}",edu_fuzzy_search,"{""retext"": ""学织围巾的教程""}",Y,Y,Y,
教育,314,手工剪纸课程,,,edu_fuzzy_search,"{""retext"": ""手工剪纸课程""}",edu_fuzzy_search,"{""retext"": ""手工剪纸课程""}",Y,Y,Y,
教育,315,播放消防安全知识竞赛考试,,,edu_fuzzy_search,"{""retext"": ""播放消防安全知识竞赛考试""}",edu_fuzzy_search,"{""retext"": ""播放消防安全知识竞赛考试""}",Y,Y,Y,
教育,316,免费看的配音教学课,,,edu_fuzzy_search,"{""retext"": ""免费看的配音教学课""}",edu_fuzzy_search,"{""retext"": ""免费看的配音教学课""}",Y,Y,Y,
教育,319,一年级硬笔书法课,,,edu_fuzzy_search,"{""retext"": ""一年级硬笔书法课""}",edu_fuzzy_search,"{""retext"": ""一年级硬笔书法课""}",Y,Y,Y,
教育,318,有没有介绍学习方法的视频,,,edu_fuzzy_search,"{""retext"": ""有没有介绍学习方法的视频""}",edu_fuzzy_search,"{""retext"": ""有没有介绍学习方法的视频""}",Y,Y,Y,
教育,320,楷书教程,,,edu_fuzzy_search,"{""retext"": ""楷书教程""}",edu_fuzzy_search,"{""retext"": ""楷书教程""}",Y,Y,Y,
教育,323,写钢笔字,,,edu_fuzzy_search,"{""retext"": ""写钢笔字""}",edu_fuzzy_search,"{""retext"": ""写钢笔字""}",Y,Y,Y,
教育,317,找一些关于孩子心理健康相关的课程,,,edu_fuzzy_search,"{""retext"": ""找一些关于孩子心理健康相关的课程""}",edu_fuzzy_search,"{""retext"": ""找一些关于孩子心理健康相关的课程""}",Y,Y,Y,
教育,321,播放少儿硬笔书法,,,edu_fuzzy_search,"{""retext"": ""播放少儿硬笔书法""}",edu_fuzzy_search,"{""retext"": ""播放少儿硬笔书法""}",Y,Y,Y,
教育,324,播放练字教学,,,edu_fuzzy_search,"{""retext"": ""播放练字教学""}",edu_fuzzy_search,"{""retext"": ""播放练字教学""}",Y,Y,Y,
教育,325,硬笔书法基础人门,,,edu_fuzzy_search,"{""retext"": ""硬笔书法基础人门""}",edu_fuzzy_search,"{""retext"": ""硬笔书法基础人门""}",Y,Y,Y,
教育,322,我要看黄姐书法讲座,,,edu_fuzzy_search,"{""retext"": ""我要看黄姐书法讲座""}",edu_fuzzy_search,"{""retext"": ""我要看黄姐书法讲座""}",Y,Y,Y,
教育,326,行书基础入门课,,,edu_fuzzy_search,"{""retext"": ""行书基础入门课""}",edu_fuzzy_search,"{""retext"": ""行书基础入门课""}",Y,Y,Y,
教育,328,练习毛笔字,,,edu_fuzzy_search,"{""retext"": ""练习毛笔字""}",edu_fuzzy_search,"{""retext"": ""练习毛笔字""}",Y,Y,Y,
教育,327,安全教育指南,,,edu_fuzzy_search,"{""retext"": ""安全教育指南""}",edu_fuzzy_search,"{""retext"": ""安全教育指南""}",Y,Y,Y,
教育,329,我想学习书法,,,edu_fuzzy_search,"{""retext"": ""我想学习书法""}",edu_fuzzy_search,"{""retext"": ""我想学习书法""}",Y,Y,Y,
教育,330,萨克斯教学,,,edu_fuzzy_search,"{""retext"": ""萨克斯教学""}",edu_fuzzy_search,"{""retext"": ""萨克斯教学""}",Y,Y,Y,
教育,331,播放葫芦丝教学,,,edu_fuzzy_search,"{""retext"": ""播放葫芦丝教学""}",edu_fuzzy_search,"{""retext"": ""播放葫芦丝教学""}",Y,Y,Y,
教育,332,吉他入门,,,edu_fuzzy_search,"{""retext"": ""吉他入门""}",edu_fuzzy_search,"{""retext"": ""吉他入门""}",Y,Y,Y,
教育,333,播放古琴教学,,,edu_fuzzy_search,"{""retext"": ""播放古琴教学""}",edu_fuzzy_search,"{""retext"": ""播放古琴教学""}",Y,Y,Y,
教育,336,我要看架子鼓,,,edu_fuzzy_search,"{""retext"": ""我要看架子鼓""}",edu_fuzzy_search,"{""retext"": ""我要看架子鼓""}",Y,Y,Y,
教育,334,搜索吹笛子的教程,,,edu_fuzzy_search,"{""retext"": ""搜索吹笛子的教程""}",edu_fuzzy_search,"{""retext"": ""搜索吹笛子的教程""}",Y,Y,Y,
教育,335,播放免费看的安全教育,,,edu_fuzzy_search,"{""retext"": ""播放免费看的安全教育""}",edu_fuzzy_search,"{""retext"": ""播放免费看的安全教育""}",Y,Y,Y,
教育,337,游泳安全知识,,,edu_fuzzy_search,"{""retext"": ""游泳安全知识""}",edu_fuzzy_search,"{""retext"": ""游泳安全知识""}",Y,Y,Y,
教育,338,我要看钢琴,,,edu_fuzzy_search,"{""retext"": ""我要看钢琴""}",edu_fuzzy_search,"{""retext"": ""我要看钢琴""}",Y,Y,Y,
教育,339,用电安全手抄报,,,edu_fuzzy_search,"{""retext"": ""用电安全手抄报""}",edu_fuzzy_search,"{""retext"": ""用电安全手抄报""}",Y,Y,Y,
教育,341,中国手抄报教程,,,edu_fuzzy_search,"{""retext"": ""中国手抄报教程""}",edu_fuzzy_search,"{""retext"": ""中国手抄报教程""}",Y,Y,Y,
教育,340,尤克里里教程,,,edu_fuzzy_search,"{""retext"": ""尤克里里教程""}",edu_fuzzy_search,"{""retext"": ""尤克里里教程""}",Y,Y,Y,
教育,344,我要画劳动节手抄报,,,edu_fuzzy_search,"{""retext"": ""我要画劳动节手抄报""}",edu_fuzzy_search,"{""retext"": ""我要画劳动节手抄报""}",Y,Y,Y,
教育,342,播放手抄报,,,edu_fuzzy_search,"{""retext"": ""播放手抄报""}",edu_fuzzy_search,"{""retext"": ""播放手抄报""}",Y,Y,Y,
教育,343,重阳节的手抄报,,,edu_fuzzy_search,"{""retext"": ""重阳节的手抄报""}",edu_fuzzy_search,"{""retext"": ""重阳节的手抄报""}",Y,Y,Y,
教育,346,搜索雷锋手抄报,,,edu_fuzzy_search,"{""retext"": ""搜索雷锋手抄报""}",edu_fuzzy_search,"{""retext"": ""搜索雷锋手抄报""}",Y,Y,Y,
教育,345,国庆节精美手抄报模板,,,edu_fuzzy_search,"{""retext"": ""国庆节精美手抄报模板""}",edu_fuzzy_search,"{""retext"": ""国庆节精美手抄报模板""}",Y,Y,Y,
教育,347,建党节小学生手抄报,,,edu_fuzzy_search,"{""retext"": ""建党节小学生手抄报""}",edu_fuzzy_search,"{""retext"": ""建党节小学生手抄报""}",Y,Y,Y,
教育,348,校园安全主题黑板报,,,edu_fuzzy_search,"{""retext"": ""校园安全主题黑板报""}",edu_fuzzy_search,"{""retext"": ""校园安全主题黑板报""}",Y,Y,Y,
教育,349,三年级元旦黑板报,,,edu_fuzzy_search,"{""retext"": ""三年级元旦黑板报""}",edu_fuzzy_search,"{""retext"": ""三年级元旦黑板报""}",Y,Y,Y,
教育,351,少儿象棋入门课程,,,edu_fuzzy_search,"{""retext"": ""少儿象棋入门课程""}",edu_fuzzy_search,"{""retext"": ""少儿象棋入门课程""}",Y,Y,Y,
教育,352,有没有少儿跆拳道课程,,,edu_fuzzy_search,"{""retext"": ""有没有少儿跆拳道课程""}",edu_fuzzy_search,"{""retext"": ""有没有少儿跆拳道课程""}",Y,Y,Y,
教育,350,消防安全知识手抄报,,,edu_fuzzy_search,"{""retext"": ""消防安全知识手抄报""}",edu_fuzzy_search,"{""retext"": ""消防安全知识手抄报""}",Y,Y,Y,
教育,353,找羽毛球入门教学,,,edu_fuzzy_search,"{""retext"": ""找羽毛球入门教学""}",edu_fuzzy_search,"{""retext"": ""找羽毛球入门教学""}",Y,Y,Y,
教育,354,乒乓球启蒙课程,,,edu_fuzzy_search,"{""retext"": ""乒乓球启蒙课程""}",edu_fuzzy_search,"{""retext"": ""乒乓球启蒙课程""}",Y,Y,Y,
教育,355,小学生跳绳技巧教学,,,edu_fuzzy_search,"{""retext"": ""小学生跳绳技巧教学""}",edu_fuzzy_search,"{""retext"": ""小学生跳绳技巧教学""}",Y,Y,Y,
教育,356,足球兴趣培养课程,,,edu_fuzzy_search,"{""retext"": ""足球兴趣培养课程""}",edu_fuzzy_search,"{""retext"": ""足球兴趣培养课程""}",Y,Y,Y,
教育,357,搜索幼儿芭蕾舞启蒙课,,,edu_fuzzy_search,"{""retext"": ""搜索幼儿芭蕾舞启蒙课""}",edu_fuzzy_search,"{""retext"": ""搜索幼儿芭蕾舞启蒙课""}",Y,Y,Y,
教育,358,播放少儿舞蹈入门课,,,edu_fuzzy_search,"{""retext"": ""播放少儿舞蹈入门课""}",edu_fuzzy_search,"{""retext"": ""播放少儿舞蹈入门课""}",Y,Y,Y,
教育,359,少儿街舞兴趣培训课,,,edu_fuzzy_search,"{""retext"": ""少儿街舞兴趣培训课""}",edu_fuzzy_search,"{""retext"": ""少儿街舞兴趣培训课""}",Y,Y,Y,
教育,360,有没有逻辑思维和推理训练的课程？,,,edu_fuzzy_search,"{""retext"": ""有没有逻辑思维和推理训练的课程？""}",edu_fuzzy_search,"{""retext"": ""有没有逻辑思维和推理训练的课程？""}",Y,Y,Y,
教育,361,有没有教三字经的课程？,,,edu_fuzzy_search,"{""retext"": ""有没有教三字经的课程？""}",edu_fuzzy_search,"{""retext"": ""有没有教三字经的课程？""}",Y,Y,Y,
教育,362,想找编程启蒙课，有吗？,,,edu_fuzzy_search,"{""retext"": ""想找编程启蒙课，有吗？""}",edu_fuzzy_search,"{""retext"": ""想找编程启蒙课，有吗？""}",Y,Y,Y,
教育,363,有没有专注力训练课程？,,,edu_fuzzy_search,"{""retext"": ""有没有专注力训练课程？""}",edu_fuzzy_search,"{""retext"": ""有没有专注力训练课程？""}",Y,Y,Y,
教育,364,播放专注力训练课程,,,edu_fuzzy_search,"{""retext"": ""播放专注力训练课程""}",edu_fuzzy_search,"{""retext"": ""播放专注力训练课程""}",Y,Y,Y,
教育,365,想找儿童舞蹈基础课,,,edu_fuzzy_search,"{""retext"": ""想找儿童舞蹈基础课""}",edu_fuzzy_search,"{""retext"": ""想找儿童舞蹈基础课""}",Y,Y,Y,
教育,367,有没有少儿编程入门课,,,edu_fuzzy_search,"{""retext"": ""有没有少儿编程入门课""}",edu_fuzzy_search,"{""retext"": ""有没有少儿编程入门课""}",Y,Y,Y,
教育,366,少儿 AI 与人工智能课,,,edu_fuzzy_search,"{""retext"": ""少儿 AI 与人工智能课""}",edu_fuzzy_search,"{""retext"": ""少儿 AI 与人工智能课""}",Y,Y,Y,
教育,369,有没有少儿编程入门课？,,,edu_fuzzy_search,"{""retext"": ""有没有少儿编程入门课？""}",edu_fuzzy_search,"{""retext"": ""有没有少儿编程入门课？""}",Y,Y,Y,
教育,368,想找综合素质提升课,,,edu_fuzzy_search,"{""retext"": ""想找综合素质提升课""}",edu_fuzzy_search,"{""retext"": ""想找综合素质提升课""}",Y,Y,Y,
教育,372,我想学儿童画画,,,edu_fuzzy_search,"{""retext"": ""我想学儿童画画""}",edu_fuzzy_search,"{""retext"": ""我想学儿童画画""}",Y,Y,Y,
教育,370,推荐适合小学生的素质兴趣课,,,edu_fuzzy_search,"{""retext"": ""推荐适合小学生的素质兴趣课""}",edu_fuzzy_search,"{""retext"": ""推荐适合小学生的素质兴趣课""}",Y,Y,Y,
教育,374,学习素描画,,,edu_fuzzy_search,"{""retext"": ""学习素描画""}",edu_fuzzy_search,"{""retext"": ""学习素描画""}",Y,Y,Y,
教育,371,找适合幼儿的创意手工启蒙课,,,edu_fuzzy_search,"{""retext"": ""找适合幼儿的创意手工启蒙课""}",edu_fuzzy_search,"{""retext"": ""找适合幼儿的创意手工启蒙课""}",Y,Y,Y,
教育,375,想学水彩画,,,edu_fuzzy_search,"{""retext"": ""想学水彩画""}",edu_fuzzy_search,"{""retext"": ""想学水彩画""}",Y,Y,Y,
教育,377,学习手绘教程,,,edu_fuzzy_search,"{""retext"": ""学习手绘教程""}",edu_fuzzy_search,"{""retext"": ""学习手绘教程""}",Y,Y,Y,
教育,376,幼儿美术启蒙课,,,edu_fuzzy_search,"{""retext"": ""幼儿美术启蒙课""}",edu_fuzzy_search,"{""retext"": ""幼儿美术启蒙课""}",Y,Y,Y,
教育,378,幼儿古典舞基础形体课程,,,edu_fuzzy_search,"{""retext"": ""幼儿古典舞基础形体课程""}",edu_fuzzy_search,"{""retext"": ""幼儿古典舞基础形体课程""}",Y,Y,Y,
教育,379,我想学儿童折纸,,,edu_fuzzy_search,"{""retext"": ""我想学儿童折纸""}",edu_fuzzy_search,"{""retext"": ""我想学儿童折纸""}",Y,Y,Y,
教育,382,想学剪纸,,,edu_fuzzy_search,"{""retext"": ""想学剪纸""}",edu_fuzzy_search,"{""retext"": ""想学剪纸""}",Y,Y,Y,
教育,381,废旧物品手工制作课,,,edu_fuzzy_search,"{""retext"": ""废旧物品手工制作课""}",edu_fuzzy_search,"{""retext"": ""废旧物品手工制作课""}",Y,Y,Y,
教育,380,学习超轻粘土创意手工课,,,edu_fuzzy_search,"{""retext"": ""学习超轻粘土创意手工课""}",edu_fuzzy_search,"{""retext"": ""学习超轻粘土创意手工课""}",Y,Y,Y,
教育,383,创意DIY课程,,,edu_fuzzy_search,"{""retext"": ""创意DIY课程""}",edu_fuzzy_search,"{""retext"": ""创意DIY课程""}",Y,Y,Y,
教育,384,儿童手工拼装教程,,,edu_fuzzy_search,"{""retext"": ""儿童手工拼装教程""}",edu_fuzzy_search,"{""retext"": ""儿童手工拼装教程""}",Y,Y,Y,
教育,387,学习跳绳的视频,,,edu_fuzzy_search,"{""retext"": ""学习跳绳的视频""}",edu_fuzzy_search,"{""retext"": ""学习跳绳的视频""}",Y,Y,Y,
教育,388,学习乒乓球打法,,,edu_fuzzy_search,"{""retext"": ""学习乒乓球打法""}",edu_fuzzy_search,"{""retext"": ""学习乒乓球打法""}",Y,Y,Y,
教育,386,我想学少儿基础体能训练,,,edu_fuzzy_search,"{""retext"": ""我想学少儿基础体能训练""}",edu_fuzzy_search,"{""retext"": ""我想学少儿基础体能训练""}",Y,Y,Y,
教育,389,我想学打羽毛球,,,edu_fuzzy_search,"{""retext"": ""我想学打羽毛球""}",edu_fuzzy_search,"{""retext"": ""我想学打羽毛球""}",Y,Y,Y,
教育,385,适合初学者的拉丁舞网课,,,edu_fuzzy_search,"{""retext"": ""适合初学者的拉丁舞网课""}",edu_fuzzy_search,"{""retext"": ""适合初学者的拉丁舞网课""}",Y,Y,Y,
教育,393,有没有少儿街舞的课,,,edu_fuzzy_search,"{""retext"": ""有没有少儿街舞的课""}",edu_fuzzy_search,"{""retext"": ""有没有少儿街舞的课""}",Y,Y,Y,
教育,390,校园安全运动常识课,,,edu_fuzzy_search,"{""retext"": ""校园安全运动常识课""}",edu_fuzzy_search,"{""retext"": ""校园安全运动常识课""}",Y,Y,Y,
教育,392,搜索小学生古典舞蹈,,,edu_fuzzy_search,"{""retext"": ""搜索小学生古典舞蹈""}",edu_fuzzy_search,"{""retext"": ""搜索小学生古典舞蹈""}",Y,Y,Y,
教育,394,打开舞蹈课,,,edu_fuzzy_search,"{""retext"": ""打开舞蹈课""}",edu_fuzzy_search,"{""retext"": ""打开舞蹈课""}",Y,Y,Y,
教育,391,打开儿童爵士舞入门教学,,,edu_fuzzy_search,"{""retext"": ""打开儿童爵士舞入门教学""}",edu_fuzzy_search,"{""retext"": ""打开儿童爵士舞入门教学""}",Y,Y,Y,
教育,396,学习钢琴,,,edu_fuzzy_search,"{""retext"": ""学习钢琴""}",edu_fuzzy_search,"{""retext"": ""学习钢琴""}",Y,Y,Y,
教育,395,我想学少儿声乐,,,edu_fuzzy_search,"{""retext"": ""我想学少儿声乐""}",edu_fuzzy_search,"{""retext"": ""我想学少儿声乐""}",Y,Y,Y,
教育,397,吉他自学教学,,,edu_fuzzy_search,"{""retext"": ""吉他自学教学""}",edu_fuzzy_search,"{""retext"": ""吉他自学教学""}",Y,Y,Y,
教育,399,我想学拉二胡,,,edu_fuzzy_search,"{""retext"": ""我想学拉二胡""}",edu_fuzzy_search,"{""retext"": ""我想学拉二胡""}",Y,Y,Y,
教育,398,葫芦丝教学课,,,edu_fuzzy_search,"{""retext"": ""葫芦丝教学课""}",edu_fuzzy_search,"{""retext"": ""葫芦丝教学课""}",Y,Y,Y,
教育,400,琵琶教程,,,edu_fuzzy_search,"{""retext"": ""琵琶教程""}",edu_fuzzy_search,"{""retext"": ""琵琶教程""}",Y,Y,Y,
教育,402,我想学中国象棋,,,edu_fuzzy_search,"{""retext"": ""我想学中国象棋""}",edu_fuzzy_search,"{""retext"": ""我想学中国象棋""}",Y,Y,Y,
教育,401,有没有手风琴的视频,,,edu_fuzzy_search,"{""retext"": ""有没有手风琴的视频""}",edu_fuzzy_search,"{""retext"": ""有没有手风琴的视频""}",Y,Y,Y,
教育,405,五子棋教学,,,edu_fuzzy_search,"{""retext"": ""五子棋教学""}",edu_fuzzy_search,"{""retext"": ""五子棋教学""}",Y,Y,Y,
教育,406,象棋入门教程,,,edu_fuzzy_search,"{""retext"": ""象棋入门教程""}",edu_fuzzy_search,"{""retext"": ""象棋入门教程""}",Y,Y,Y,
教育,404,学习国际象棋,,,edu_fuzzy_search,"{""retext"": ""学习国际象棋""}",edu_fuzzy_search,"{""retext"": ""学习国际象棋""}",Y,Y,Y,
教育,403,打开围棋启蒙课程,,,edu_fuzzy_search,"{""retext"": ""打开围棋启蒙课程""}",edu_fuzzy_search,"{""retext"": ""打开围棋启蒙课程""}",Y,Y,Y,
教育,373,打开少儿卡通绘画,,,edu_fuzzy_search,"{""retext"": ""打开少儿卡通绘画""}",educ_search,"{""query"": {""field"": ""content_type"", ""value"": ""卡通""}, ""retext"": ""打开少儿卡通绘画""}",N,N,N,"query: gold= pred={""field"": ""content_type"", ""value"": ""卡通""}"
教育,410,高中物理电磁学,,,edu_fuzzy_search,"{""retext"": ""高中物理电磁学""}",edu_fuzzy_search,"{""retext"": ""高中物理电磁学""}",Y,Y,Y,
教育,408,我想学硬笔书法,,,edu_fuzzy_search,"{""retext"": ""我想学硬笔书法""}",edu_fuzzy_search,"{""retext"": ""我想学硬笔书法""}",Y,Y,Y,
教育,409,打开小学生楷书入门课,,,edu_fuzzy_search,"{""retext"": ""打开小学生楷书入门课""}",edu_fuzzy_search,"{""retext"": ""打开小学生楷书入门课""}",Y,Y,Y,
教育,407,我想学围棋,,,edu_fuzzy_search,"{""retext"": ""我想学围棋""}",edu_fuzzy_search,"{""retext"": ""我想学围棋""}",Y,Y,Y,
教育,411,学习小学数学分数乘除法专题课,,,edu_fuzzy_search,"{""retext"": ""学习小学数学分数乘除法专题课""}",edu_fuzzy_search,"{""retext"": ""学习小学数学分数乘除法专题课""}",Y,Y,Y,
教育,413,讲解小学数学几何重点的课程,,,edu_fuzzy_search,"{""retext"": ""讲解小学数学几何重点的课程""}",edu_fuzzy_search,"{""retext"": ""讲解小学数学几何重点的课程""}",Y,Y,Y,
教育,412,推荐一些小学英语语法知识点的网课,,,edu_fuzzy_search,"{""retext"": ""推荐一些小学英语语法知识点的网课""}",edu_fuzzy_search,"{""retext"": ""推荐一些小学英语语法知识点的网课""}",Y,Y,Y,
教育,414,想系统学习下高中语文必背考点知识,,,edu_fuzzy_search,"{""retext"": ""想系统学习下高中语文必背考点知识""}",edu_fuzzy_search,"{""retext"": ""想系统学习下高中语文必背考点知识""}",Y,Y,Y,
教育,415,预习一下四年级小数的意义与性质知识点,,,edu_fuzzy_search,"{""retext"": ""预习一下四年级小数的意义与性质知识点""}",edu_fuzzy_search,"{""retext"": ""预习一下四年级小数的意义与性质知识点""}",Y,Y,Y,
教育,416,鸡兔同笼解题思路专项讲解,,,edu_fuzzy_search,"{""retext"": ""鸡兔同笼解题思路专项讲解""}",edu_fuzzy_search,"{""retext"": ""鸡兔同笼解题思路专项讲解""}",Y,Y,Y,
教育,419,有没有英语一般现在时用法专项讲解,,,edu_fuzzy_search,"{""retext"": ""有没有英语一般现在时用法专项讲解""}",edu_fuzzy_search,"{""retext"": ""有没有英语一般现在时用法专项讲解""}",Y,Y,Y,
教育,417,五年级病句修改与句式变换知识点,,,edu_fuzzy_search,"{""retext"": ""五年级病句修改与句式变换知识点""}",edu_fuzzy_search,"{""retext"": ""五年级病句修改与句式变换知识点""}",Y,Y,Y,
教育,418,学一下四年级修辞手法运用专题讲解,,,edu_fuzzy_search,"{""retext"": ""学一下四年级修辞手法运用专题讲解""}",edu_fuzzy_search,"{""retext"": ""学一下四年级修辞手法运用专题讲解""}",Y,Y,Y,
教育,420,英语名词单复数变化规则知识点，帮我找一下,,,edu_fuzzy_search,"{""retext"": ""英语名词单复数变化规则知识点，帮我找一下""}",edu_fuzzy_search,"{""retext"": ""英语名词单复数变化规则知识点，帮我找一下""}",Y,Y,Y,
教育,421,给我推荐英语单词词根趣味记忆专题课,,,edu_fuzzy_search,"{""retext"": ""给我推荐英语单词词根趣味记忆专题课""}",edu_fuzzy_search,"{""retext"": ""给我推荐英语单词词根趣味记忆专题课""}",Y,Y,Y,
教育,424,看相似三角形判定与性质知识点,,,edu_fuzzy_search,"{""retext"": ""看相似三角形判定与性质知识点""}",edu_fuzzy_search,"{""retext"": ""看相似三角形判定与性质知识点""}",Y,Y,Y,
教育,423,我想学反比例函数图像性质核心知识点,,,edu_fuzzy_search,"{""retext"": ""我想学反比例函数图像性质核心知识点""}",edu_fuzzy_search,"{""retext"": ""我想学反比例函数图像性质核心知识点""}",Y,Y,Y,
教育,422,有理数加减乘除混合运算知识讲解课,,,edu_fuzzy_search,"{""retext"": ""有理数加减乘除混合运算知识讲解课""}",edu_fuzzy_search,"{""retext"": ""有理数加减乘除混合运算知识讲解课""}",Y,Y,Y,
教育,426,文言文实词虚词用法知识点,,,edu_fuzzy_search,"{""retext"": ""文言文实词虚词用法知识点""}",edu_fuzzy_search,"{""retext"": ""文言文实词虚词用法知识点""}",Y,Y,Y,
教育,425,找一些分式方程化简求值专项课程吧,,,edu_fuzzy_search,"{""retext"": ""找一些分式方程化简求值专项课程吧""}",edu_fuzzy_search,"{""retext"": ""找一些分式方程化简求值专项课程吧""}",Y,Y,Y,
教育,427,现代文基础阅读理解,,,edu_fuzzy_search,"{""retext"": ""现代文基础阅读理解""}",edu_fuzzy_search,"{""retext"": ""现代文基础阅读理解""}",Y,Y,Y,
教育,428,名著导读必考考点,,,edu_fuzzy_search,"{""retext"": ""名著导读必考考点""}",edu_fuzzy_search,"{""retext"": ""名著导读必考考点""}",Y,Y,Y,
教育,429,英语八大时态系统精讲,,,edu_fuzzy_search,"{""retext"": ""英语八大时态系统精讲""}",edu_fuzzy_search,"{""retext"": ""英语八大时态系统精讲""}",Y,Y,Y,
教育,430,初中英语定语从句用法知识点,,,edu_fuzzy_search,"{""retext"": ""初中英语定语从句用法知识点""}",edu_fuzzy_search,"{""retext"": ""初中英语定语从句用法知识点""}",Y,Y,Y,
教育,431,播放光的反射折射成像专题课,,,edu_fuzzy_search,"{""retext"": ""播放光的反射折射成像专题课""}",edu_fuzzy_search,"{""retext"": ""播放光的反射折射成像专题课""}",Y,Y,Y,
教育,432,给我找初中杠杆滑轮机械效率解题知识点,,,edu_fuzzy_search,"{""retext"": ""给我找初中杠杆滑轮机械效率解题知识点""}",edu_fuzzy_search,"{""retext"": ""给我找初中杠杆滑轮机械效率解题知识点""}",Y,Y,Y,
教育,434,有没有初中化学实验操作核心考点,,,edu_fuzzy_search,"{""retext"": ""有没有初中化学实验操作核心考点""}",edu_fuzzy_search,"{""retext"": ""有没有初中化学实验操作核心考点""}",Y,Y,Y,
教育,433,学习知识点酸碱盐化学性质,,,edu_fuzzy_search,"{""retext"": ""学习知识点酸碱盐化学性质""}",edu_fuzzy_search,"{""retext"": ""学习知识点酸碱盐化学性质""}",Y,Y,Y,
教育,435,高中导数单调性极值最值知识点,,,edu_fuzzy_search,"{""retext"": ""高中导数单调性极值最值知识点""}",edu_fuzzy_search,"{""retext"": ""高中导数单调性极值最值知识点""}",Y,Y,Y,
教育,436,知识点匀变速直线运动公式应用,,,edu_fuzzy_search,"{""retext"": ""知识点匀变速直线运动公式应用""}",edu_fuzzy_search,"{""retext"": ""知识点匀变速直线运动公式应用""}",Y,Y,Y,
教育,437,复习一下高中动能定理机械能守恒知识,,,edu_fuzzy_search,"{""retext"": ""复习一下高中动能定理机械能守恒知识""}",edu_fuzzy_search,"{""retext"": ""复习一下高中动能定理机械能守恒知识""}",Y,Y,Y,
教育,438,化学知识点课程平衡电离水解,,,edu_fuzzy_search,"{""retext"": ""化学知识点课程平衡电离水解""}",edu_fuzzy_search,"{""retext"": ""化学知识点课程平衡电离水解""}",Y,Y,Y,
教育,439,有没有关于空间向量与立体几何考点的课程,,,edu_fuzzy_search,"{""retext"": ""有没有关于空间向量与立体几何考点的课程""}",edu_fuzzy_search,"{""retext"": ""有没有关于空间向量与立体几何考点的课程""}",Y,Y,Y,
教育,440,查找圆柱与圆锥体积公式推导及应用的精讲课,,,edu_fuzzy_search,"{""retext"": ""查找圆柱与圆锥体积公式推导及应用的精讲课""}",edu_fuzzy_search,"{""retext"": ""查找圆柱与圆锥体积公式推导及应用的精讲课""}",Y,Y,Y,
教育,441,有没有导数在函数单调性中的应用知识点讲解课,,,edu_fuzzy_search,"{""retext"": ""有没有导数在函数单调性中的应用知识点讲解课""}",edu_fuzzy_search,"{""retext"": ""有没有导数在函数单调性中的应用知识点讲解课""}",Y,Y,Y,
教育,442,小学数学几何图形知识点梳理,,,edu_fuzzy_search,"{""retext"": ""小学数学几何图形知识点梳理""}",edu_fuzzy_search,"{""retext"": ""小学数学几何图形知识点梳理""}",Y,Y,Y,
教育,443,圆的性质及常见考点解析,,,edu_fuzzy_search,"{""retext"": ""圆的性质及常见考点解析""}",edu_fuzzy_search,"{""retext"": ""圆的性质及常见考点解析""}",Y,Y,Y,
教育,445,生物“光合作用与呼吸作用”的知识讲解,,,edu_fuzzy_search,"{""retext"": ""生物“光合作用与呼吸作用”的知识讲解""}",edu_fuzzy_search,"{""retext"": ""生物“光合作用与呼吸作用”的知识讲解""}",Y,Y,Y,
教育,446,8年级上册物理所有知识点,,,edu_fuzzy_search,"{""retext"": ""8年级上册物理所有知识点""}",edu_fuzzy_search,"{""retext"": ""8年级上册物理所有知识点""}",Y,Y,Y,
教育,444,给我讲一下现在完成时态用法,,,edu_fuzzy_search,"{""retext"": ""给我讲一下现在完成时态用法""}",edu_fuzzy_search,"{""retext"": ""给我讲一下现在完成时态用法""}",Y,Y,Y,
教育,449,小学四年级开设科学课吗？,,,edu_fuzzy_search,"{""retext"": ""小学四年级开设科学课吗？""}",edu_fuzzy_search,"{""retext"": ""小学四年级开设科学课吗？""}",Y,Y,Y,
教育,448,八年级上册物理机械秒表的读数,,,edu_fuzzy_search,"{""retext"": ""八年级上册物理机械秒表的读数""}",edu_fuzzy_search,"{""retext"": ""八年级上册物理机械秒表的读数""}",Y,Y,Y,
教育,447,8年级上册物理的凸透镜成像规律,,,edu_fuzzy_search,"{""retext"": ""8年级上册物理的凸透镜成像规律""}",edu_fuzzy_search,"{""retext"": ""8年级上册物理的凸透镜成像规律""}",Y,Y,Y,
教育,451,数学基础差应该从哪里补起？,,,edu_fuzzy_search,"{""retext"": ""数学基础差应该从哪里补起？""}",edu_fuzzy_search,"{""retext"": ""数学基础差应该从哪里补起？""}",Y,Y,Y,
教育,450,小学五年级有道德与法治课吗？,,,edu_fuzzy_search,"{""retext"": ""小学五年级有道德与法治课吗？""}",edu_fuzzy_search,"{""retext"": ""小学五年级有道德与法治课吗？""}",Y,Y,Y,
教育,452,英语单词总是记不住怎么办？,,,edu_fuzzy_search,"{""retext"": ""英语单词总是记不住怎么办？""}",edu_fuzzy_search,"{""retext"": ""英语单词总是记不住怎么办？""}",Y,Y,Y,
教育,453,化学知识点太碎怎么梳理？,,,edu_fuzzy_search,"{""retext"": ""化学知识点太碎怎么梳理？""}",edu_fuzzy_search,"{""retext"": ""化学知识点太碎怎么梳理？""}",Y,Y,Y,
教育,454,2026年小升初要考几科,,,edu_fuzzy_search,"{""retext"": ""2026年小升初要考几科""}",edu_fuzzy_search,"{""retext"": ""2026年小升初要考几科""}",Y,Y,Y,
教育,455,初中二年级的主要学科是什么？,,,edu_fuzzy_search,"{""retext"": ""初中二年级的主要学科是什么？""}",edu_fuzzy_search,"{""retext"": ""初中二年级的主要学科是什么？""}",Y,Y,Y,
教育,456,初中生都要上心理健康课吗？,,,edu_fuzzy_search,"{""retext"": ""初中生都要上心理健康课吗？""}",edu_fuzzy_search,"{""retext"": ""初中生都要上心理健康课吗？""}",Y,Y,Y,
教育,460,早读读什么内容效果最好？,,,edu_fuzzy_search,"{""retext"": ""早读读什么内容效果最好？""}",edu_fuzzy_search,"{""retext"": ""早读读什么内容效果最好？""}",Y,Y,Y,
教育,457,政治主观题怎么拿高分？,,,edu_fuzzy_search,"{""retext"": ""政治主观题怎么拿高分？""}",edu_fuzzy_search,"{""retext"": ""政治主观题怎么拿高分？""}",Y,Y,Y,
教育,458,课堂笔记应该怎么做才有用？,,,edu_fuzzy_search,"{""retext"": ""课堂笔记应该怎么做才有用？""}",edu_fuzzy_search,"{""retext"": ""课堂笔记应该怎么做才有用？""}",Y,Y,Y,
教育,459,历史时间线总是记混怎么办？,,,edu_fuzzy_search,"{""retext"": ""历史时间线总是记混怎么办？""}",edu_fuzzy_search,"{""retext"": ""历史时间线总是记混怎么办？""}",Y,Y,Y,
教育,462,初中物理是从几年级开始学的？,,,edu_fuzzy_search,"{""retext"": ""初中物理是从几年级开始学的？""}",edu_fuzzy_search,"{""retext"": ""初中物理是从几年级开始学的？""}",Y,Y,Y,
教育,463,中考语文必考考点有哪些？,,,edu_fuzzy_search,"{""retext"": ""中考语文必考考点有哪些？""}",edu_fuzzy_search,"{""retext"": ""中考语文必考考点有哪些？""}",Y,Y,Y,
教育,461,初中主科和副科分别有哪些？,,,edu_fuzzy_search,"{""retext"": ""初中主科和副科分别有哪些？""}",edu_fuzzy_search,"{""retext"": ""初中主科和副科分别有哪些？""}",Y,Y,Y,
教育,464,高中文科需要学哪些科目？,,,edu_fuzzy_search,"{""retext"": ""高中文科需要学哪些科目？""}",edu_fuzzy_search,"{""retext"": ""高中文科需要学哪些科目？""}",Y,Y,Y,
教育,465,高中一年级都学哪些科目？,,,edu_fuzzy_search,"{""retext"": ""高中一年级都学哪些科目？""}",edu_fuzzy_search,"{""retext"": ""高中一年级都学哪些科目？""}",Y,Y,Y,
教育,466,高中理科要学历史吗？,,,edu_fuzzy_search,"{""retext"": ""高中理科要学历史吗？""}",edu_fuzzy_search,"{""retext"": ""高中理科要学历史吗？""}",Y,Y,Y,
教育,469,如何提高做题速度和准确率？,,,edu_fuzzy_search,"{""retext"": ""如何提高做题速度和准确率？""}",edu_fuzzy_search,"{""retext"": ""如何提高做题速度和准确率？""}",Y,Y,Y,
教育,468,中考和高考难度区别在哪？,,,edu_fuzzy_search,"{""retext"": ""中考和高考难度区别在哪？""}",edu_fuzzy_search,"{""retext"": ""中考和高考难度区别在哪？""}",Y,Y,Y,
教育,467,病句修改常见类型有哪些？,,,edu_fuzzy_search,"{""retext"": ""病句修改常见类型有哪些？""}",edu_fuzzy_search,"{""retext"": ""病句修改常见类型有哪些？""}",Y,Y,Y,
教育,470,新高考文科组合有哪几科？,,,edu_fuzzy_search,"{""retext"": ""新高考文科组合有哪几科？""}",edu_fuzzy_search,"{""retext"": ""新高考文科组合有哪几科？""}",Y,Y,Y,
教育,472,阅读课外书对成绩有帮助吗？,,,edu_fuzzy_search,"{""retext"": ""阅读课外书对成绩有帮助吗？""}",edu_fuzzy_search,"{""retext"": ""阅读课外书对成绩有帮助吗？""}",Y,Y,Y,
教育,475,认真的反义词是什么？,,,edu_fuzzy_search,"{""retext"": ""认真的反义词是什么？""}",edu_fuzzy_search,"{""retext"": ""认真的反义词是什么？""}",Y,Y,Y,
教育,474,开心的近义词有哪些？,,,edu_fuzzy_search,"{""retext"": ""开心的近义词有哪些？""}",edu_fuzzy_search,"{""retext"": ""开心的近义词有哪些？""}",Y,Y,Y,
教育,473,高中分科如何选择更合适？,,,edu_fuzzy_search,"{""retext"": ""高中分科如何选择更合适？""}",edu_fuzzy_search,"{""retext"": ""高中分科如何选择更合适？""}",Y,Y,Y,
教育,471,初中课外辅导选一对一还是班课？,,,edu_fuzzy_search,"{""retext"": ""初中课外辅导选一对一还是班课？""}",edu_fuzzy_search,"{""retext"": ""初中课外辅导选一对一还是班课？""}",Y,Y,Y,
教育,479,“木”字旁的字通常和什么有关？,,,edu_fuzzy_search,"{""retext"": ""“木”字旁的字通常和什么有关？""}",edu_fuzzy_search,"{""retext"": ""“木”字旁的字通常和什么有关？""}",Y,Y,Y,
教育,476,“火”字旁的字有哪些特点？,,,edu_fuzzy_search,"{""retext"": ""“火”字旁的字有哪些特点？""}",edu_fuzzy_search,"{""retext"": ""“火”字旁的字有哪些特点？""}",Y,Y,Y,
教育,478,关于母爱的句子有哪些,,,edu_fuzzy_search,"{""retext"": ""关于母爱的句子有哪些""}",edu_fuzzy_search,"{""retext"": ""关于母爱的句子有哪些""}",Y,Y,Y,
教育,480,宝盖头一般表示什么意思？,,,edu_fuzzy_search,"{""retext"": ""宝盖头一般表示什么意思？""}",edu_fuzzy_search,"{""retext"": ""宝盖头一般表示什么意思？""}",Y,Y,Y,
教育,477,1棵树的棵可以组什么词,,,edu_fuzzy_search,"{""retext"": ""1棵树的棵可以组什么词""}",edu_fuzzy_search,"{""retext"": ""1棵树的棵可以组什么词""}",Y,Y,Y,
教育,482,abb式的词语有什么,,,edu_fuzzy_search,"{""retext"": ""abb式的词语有什么""}",edu_fuzzy_search,"{""retext"": ""abb式的词语有什么""}",Y,Y,Y,
教育,483,得意忘形怎么造句,,,edu_fuzzy_search,"{""retext"": ""得意忘形怎么造句""}",edu_fuzzy_search,"{""retext"": ""得意忘形怎么造句""}",Y,Y,Y,
教育,484,从的笔顺怎么写,,,edu_fuzzy_search,"{""retext"": ""从的笔顺怎么写""}",edu_fuzzy_search,"{""retext"": ""从的笔顺怎么写""}",Y,Y,Y,
教育,485,病从口入祸从口出是什么意思,,,edu_fuzzy_search,"{""retext"": ""病从口入祸从口出是什么意思""}",edu_fuzzy_search,"{""retext"": ""病从口入祸从口出是什么意思""}",Y,Y,Y,
教育,488,以花开头的成语都有哪些,,,edu_fuzzy_search,"{""retext"": ""以花开头的成语都有哪些""}",edu_fuzzy_search,"{""retext"": ""以花开头的成语都有哪些""}",Y,Y,Y,
教育,486,别出心裁的近义词,,,edu_fuzzy_search,"{""retext"": ""别出心裁的近义词""}",edu_fuzzy_search,"{""retext"": ""别出心裁的近义词""}",Y,Y,Y,
教育,487,abab的词语有哪些,,,edu_fuzzy_search,"{""retext"": ""abab的词语有哪些""}",edu_fuzzy_search,"{""retext"": ""abab的词语有哪些""}",Y,Y,Y,
教育,489,报仇雪恨的雪是什么意思,,,edu_fuzzy_search,"{""retext"": ""报仇雪恨的雪是什么意思""}",edu_fuzzy_search,"{""retext"": ""报仇雪恨的雪是什么意思""}",Y,Y,Y,
教育,490,一个单人旁一个又是什么字,,,edu_fuzzy_search,"{""retext"": ""一个单人旁一个又是什么字""}",edu_fuzzy_search,"{""retext"": ""一个单人旁一个又是什么字""}",Y,Y,Y,
教育,491,植树的植怎么组词,,,edu_fuzzy_search,"{""retext"": ""植树的植怎么组词""}",edu_fuzzy_search,"{""retext"": ""植树的植怎么组词""}",Y,Y,Y,
教育,492,月亮的拼音怎么写,,,edu_fuzzy_search,"{""retext"": ""月亮的拼音怎么写""}",edu_fuzzy_search,"{""retext"": ""月亮的拼音怎么写""}",Y,Y,Y,
教育,493,名列前茅的含义是什么,,,edu_fuzzy_search,"{""retext"": ""名列前茅的含义是什么""}",edu_fuzzy_search,"{""retext"": ""名列前茅的含义是什么""}",Y,Y,Y,
教育,497,开建的建怎么写,,,edu_fuzzy_search,"{""retext"": ""开建的建怎么写""}",edu_fuzzy_search,"{""retext"": ""开建的建怎么写""}",Y,Y,Y,
教育,494,含有近义词的四字词语有哪些,,,edu_fuzzy_search,"{""retext"": ""含有近义词的四字词语有哪些""}",edu_fuzzy_search,"{""retext"": ""含有近义词的四字词语有哪些""}",Y,Y,Y,
教育,495,成语簪缨世族的含义,,,edu_fuzzy_search,"{""retext"": ""成语簪缨世族的含义""}",edu_fuzzy_search,"{""retext"": ""成语簪缨世族的含义""}",Y,Y,Y,
教育,498,钢琴的拼音,,,edu_fuzzy_search,"{""retext"": ""钢琴的拼音""}",edu_fuzzy_search,"{""retext"": ""钢琴的拼音""}",Y,Y,Y,
教育,496,惊喜的英文怎么写,,,edu_fuzzy_search,"{""retext"": ""惊喜的英文怎么写""}",edu_fuzzy_search,"{""retext"": ""惊喜的英文怎么写""}",Y,Y,Y,
教育,499,惊喜的单词,,,edu_fuzzy_search,"{""retext"": ""惊喜的单词""}",edu_fuzzy_search,"{""retext"": ""惊喜的单词""}",Y,Y,Y,
教育,500,惊喜的英语单词,,,edu_fuzzy_search,"{""retext"": ""惊喜的英语单词""}",edu_fuzzy_search,"{""retext"": ""惊喜的英语单词""}",Y,Y,Y,
教育,501,夕阳的夕组词,,,edu_fuzzy_search,"{""retext"": ""夕阳的夕组词""}",edu_fuzzy_search,"{""retext"": ""夕阳的夕组词""}",Y,Y,Y,
教育,502,转眼的近义词是什么,,,edu_fuzzy_search,"{""retext"": ""转眼的近义词是什么""}",edu_fuzzy_search,"{""retext"": ""转眼的近义词是什么""}",Y,Y,Y,
教育,505,1到4的随机数,,,edu_fuzzy_search,"{""retext"": ""1到4的随机数""}",edu_fuzzy_search,"{""retext"": ""1到4的随机数""}",Y,Y,Y,
教育,504,星期四的英语,,,edu_fuzzy_search,"{""retext"": ""星期四的英语""}",edu_fuzzy_search,"{""retext"": ""星期四的英语""}",Y,Y,Y,
教育,503,夕阳的夕能组什么词,,,edu_fuzzy_search,"{""retext"": ""夕阳的夕能组什么词""}",edu_fuzzy_search,"{""retext"": ""夕阳的夕能组什么词""}",Y,Y,Y,
教育,506,凋零风暴的拼音,,,edu_fuzzy_search,"{""retext"": ""凋零风暴的拼音""}",edu_fuzzy_search,"{""retext"": ""凋零风暴的拼音""}",Y,Y,Y,
教育,508,教室的英文单词是什么？,,,edu_fuzzy_search,"{""retext"": ""教室的英文单词是什么？""}",edu_fuzzy_search,"{""retext"": ""教室的英文单词是什么？""}",Y,Y,Y,
教育,507,尺子用英语怎么说？,,,edu_fuzzy_search,"{""retext"": ""尺子用英语怎么说？""}",edu_fuzzy_search,"{""retext"": ""尺子用英语怎么说？""}",Y,Y,Y,
教育,509,香蕉怎么翻译？,,,edu_fuzzy_search,"{""retext"": ""香蕉怎么翻译？""}",edu_fuzzy_search,"{""retext"": ""香蕉怎么翻译？""}",Y,Y,Y,
教育,511,How old are you用汉语咋说,,,edu_fuzzy_search,"{""retext"": ""How old are you用汉语咋说""}",edu_fuzzy_search,"{""retext"": ""How old are you用汉语咋说""}",Y,Y,Y,
教育,510,Do you like traveling的中文是什么,,,edu_fuzzy_search,"{""retext"": ""Do you like traveling的中文是什么""}",edu_fuzzy_search,"{""retext"": ""Do you like traveling的中文是什么""}",Y,Y,Y,
教育,513,翻译一下知识就是力量,,,edu_fuzzy_search,"{""retext"": ""翻译一下知识就是力量""}",edu_fuzzy_search,"{""retext"": ""翻译一下知识就是力量""}",Y,Y,Y,
教育,512,把我不想去上班翻译成英文,,,edu_fuzzy_search,"{""retext"": ""把我不想去上班翻译成英文""}",edu_fuzzy_search,"{""retext"": ""把我不想去上班翻译成英文""}",Y,Y,Y,
教育,516,翻译一下海信电视真不错,,,edu_fuzzy_search,"{""retext"": ""翻译一下海信电视真不错""}",edu_fuzzy_search,"{""retext"": ""翻译一下海信电视真不错""}",Y,Y,Y,
教育,515,中文翻译I was minutes late,,,edu_fuzzy_search,"{""retext"": ""中文翻译I was minutes late""}",edu_fuzzy_search,"{""retext"": ""中文翻译I was minutes late""}",Y,Y,Y,
教育,514,将my heart will go on翻译成中文,,,edu_fuzzy_search,"{""retext"": ""将my heart will go on翻译成中文""}",edu_fuzzy_search,"{""retext"": ""将my heart will go on翻译成中文""}",Y,Y,Y,
教育,517,今天星期几用英语怎么说,,,edu_fuzzy_search,"{""retext"": ""今天星期几用英语怎么说""}",edu_fuzzy_search,"{""retext"": ""今天星期几用英语怎么说""}",Y,Y,Y,
教育,519,小升初该如何准备？,,,edu_fuzzy_search,"{""retext"": ""小升初该如何准备？""}",edu_fuzzy_search,"{""retext"": ""小升初该如何准备？""}",Y,Y,Y,
教育,518,怎样养成课前预习的习惯？,,,edu_fuzzy_search,"{""retext"": ""怎样养成课前预习的习惯？""}",edu_fuzzy_search,"{""retext"": ""怎样养成课前预习的习惯？""}",Y,Y,Y,
教育,523,看图写话不会写怎么办？,,,edu_fuzzy_search,"{""retext"": ""看图写话不会写怎么办？""}",edu_fuzzy_search,"{""retext"": ""看图写话不会写怎么办？""}",Y,Y,Y,
教育,520,高考志愿填报技巧有哪些？,,,edu_fuzzy_search,"{""retext"": ""高考志愿填报技巧有哪些？""}",edu_fuzzy_search,"{""retext"": ""高考志愿填报技巧有哪些？""}",Y,Y,Y,
教育,521,四年级语文阅读理解怎么提高？,,,edu_fuzzy_search,"{""retext"": ""四年级语文阅读理解怎么提高？""}",edu_fuzzy_search,"{""retext"": ""四年级语文阅读理解怎么提高？""}",Y,Y,Y,
教育,522,什么是高考赋分,,,edu_fuzzy_search,"{""retext"": ""什么是高考赋分""}",edu_fuzzy_search,"{""retext"": ""什么是高考赋分""}",Y,Y,Y,
教育,524,怎样提高孩子的朗读能力？,,,edu_fuzzy_search,"{""retext"": ""怎样提高孩子的朗读能力？""}",edu_fuzzy_search,"{""retext"": ""怎样提高孩子的朗读能力？""}",Y,Y,Y,
教育,525,体育课对孩子有什么好处？,,,edu_fuzzy_search,"{""retext"": ""体育课对孩子有什么好处？""}",edu_fuzzy_search,"{""retext"": ""体育课对孩子有什么好处？""}",Y,Y,Y,
教育,526,勾股定理的定义是什么？,,,edu_fuzzy_search,"{""retext"": ""勾股定理的定义是什么？""}",edu_fuzzy_search,"{""retext"": ""勾股定理的定义是什么？""}",Y,Y,Y,
教育,527,三角函数的具体内容有哪些？,,,edu_fuzzy_search,"{""retext"": ""三角函数的具体内容有哪些？""}",edu_fuzzy_search,"{""retext"": ""三角函数的具体内容有哪些？""}",Y,Y,Y,
教育,528,牛顿第一定律的适用条件有哪些？,,,edu_fuzzy_search,"{""retext"": ""牛顿第一定律的适用条件有哪些？""}",edu_fuzzy_search,"{""retext"": ""牛顿第一定律的适用条件有哪些？""}",Y,Y,Y,
教育,529,生活中有哪些现象可以用牛顿第一定律解释？,,,edu_fuzzy_search,"{""retext"": ""生活中有哪些现象可以用牛顿第一定律解释？""}",edu_fuzzy_search,"{""retext"": ""生活中有哪些现象可以用牛顿第一定律解释？""}",Y,Y,Y,
教育,530,牛顿第二定律的公式是什么，各物理量代表什么？,,,edu_fuzzy_search,"{""retext"": ""牛顿第二定律的公式是什么，各物理量代表什么？""}",edu_fuzzy_search,"{""retext"": ""牛顿第二定律的公式是什么，各物理量代表什么？""}",Y,Y,Y,
教育,531,如何理解牛顿第二定律中的正比与反比关系,,,edu_fuzzy_search,"{""retext"": ""如何理解牛顿第二定律中的正比与反比关系""}",edu_fuzzy_search,"{""retext"": ""如何理解牛顿第二定律中的正比与反比关系""}",Y,Y,Y,
教育,532,牛顿第二定律和第一定律有什么关联？,,,edu_fuzzy_search,"{""retext"": ""牛顿第二定律和第一定律有什么关联？""}",edu_fuzzy_search,"{""retext"": ""牛顿第二定律和第一定律有什么关联？""}",Y,Y,Y,
教育,533,牛顿第三定律的定义和内容分别是什么？,,,edu_fuzzy_search,"{""retext"": ""牛顿第三定律的定义和内容分别是什么？""}",edu_fuzzy_search,"{""retext"": ""牛顿第三定律的定义和内容分别是什么？""}",Y,Y,Y,
教育,534,作用力与反作用力遵循牛顿第三定律的哪些特点？,,,edu_fuzzy_search,"{""retext"": ""作用力与反作用力遵循牛顿第三定律的哪些特点？""}",edu_fuzzy_search,"{""retext"": ""作用力与反作用力遵循牛顿第三定律的哪些特点？""}",Y,Y,Y,
教育,535,欧姆定律在初中物理常考哪些题型？,,,edu_fuzzy_search,"{""retext"": ""欧姆定律在初中物理常考哪些题型？""}",edu_fuzzy_search,"{""retext"": ""欧姆定律在初中物理常考哪些题型？""}",Y,Y,Y,
教育,536,串联和并联电路中如何运用欧姆定律解题？,,,edu_fuzzy_search,"{""retext"": ""串联和并联电路中如何运用欧姆定律解题？""}",edu_fuzzy_search,"{""retext"": ""串联和并联电路中如何运用欧姆定律解题？""}",Y,Y,Y,
教育,537,镜面反射和漫反射都遵循光的反射定律吗？,,,edu_fuzzy_search,"{""retext"": ""镜面反射和漫反射都遵循光的反射定律吗？""}",edu_fuzzy_search,"{""retext"": ""镜面反射和漫反射都遵循光的反射定律吗？""}",Y,Y,Y,
教育,538,光的反射三大定律分别是什么？,,,edu_fuzzy_search,"{""retext"": ""光的反射三大定律分别是什么？""}",edu_fuzzy_search,"{""retext"": ""光的反射三大定律分别是什么？""}",Y,Y,Y,
教育,540,化学反应中的质量守恒定律具体内容怎么说？,,,edu_fuzzy_search,"{""retext"": ""化学反应中的质量守恒定律具体内容怎么说？""}",edu_fuzzy_search,"{""retext"": ""化学反应中的质量守恒定律具体内容怎么说？""}",Y,Y,Y,
教育,539,能量守恒定律告诉我们能量具有什么特性？,,,edu_fuzzy_search,"{""retext"": ""能量守恒定律告诉我们能量具有什么特性？""}",edu_fuzzy_search,"{""retext"": ""能量守恒定律告诉我们能量具有什么特性？""}",Y,Y,Y,
教育,542,初中课程设置包括哪些类型？,,,edu_fuzzy_search,"{""retext"": ""初中课程设置包括哪些类型？""}",edu_fuzzy_search,"{""retext"": ""初中课程设置包括哪些类型？""}",Y,Y,Y,
教育,543,信息科技课程从哪个年级开始独立开设？,,,edu_fuzzy_search,"{""retext"": ""信息科技课程从哪个年级开始独立开设？""}",edu_fuzzy_search,"{""retext"": ""信息科技课程从哪个年级开始独立开设？""}",Y,Y,Y,
教育,544,初中教育教学改革的核心是什么？,,,edu_fuzzy_search,"{""retext"": ""初中教育教学改革的核心是什么？""}",edu_fuzzy_search,"{""retext"": ""初中教育教学改革的核心是什么？""}",Y,Y,Y,
教育,545,我是初中生，每天早上都很困，怎么才能让早自习更有效率？,,,edu_fuzzy_search,"{""retext"": ""我是初中生，每天早上都很困，怎么才能让早自习更有效率？""}",edu_fuzzy_search,"{""retext"": ""我是初中生，每天早上都很困，怎么才能让早自习更有效率？""}",Y,Y,Y,
教育,546,上课经常走神，有什么好方法提高课堂专注度？,,,edu_fuzzy_search,"{""retext"": ""上课经常走神，有什么好方法提高课堂专注度？""}",edu_fuzzy_search,"{""retext"": ""上课经常走神，有什么好方法提高课堂专注度？""}",Y,Y,Y,
教育,541,阿基米德原理的具体内容和公式分别是什么？,,,edu_fuzzy_search,"{""retext"": ""阿基米德原理的具体内容和公式分别是什么？""}",edu_fuzzy_search,"{""retext"": ""阿基米德原理的具体内容和公式分别是什么？""}",Y,Y,Y,
教育,550,"怎么帮助孩子从""要我学""变成""我要学""？",,,edu_fuzzy_search,"{""retext"": ""怎么帮助孩子从“要我学”变成“我要学”？""}",edu_fuzzy_search,"{""retext"": ""怎么帮助孩子从\""要我学\""变成\""我要学\""？""}",Y,Y,Y,
教育,547,有什么科学的记忆方法？,,,edu_fuzzy_search,"{""retext"": ""有什么科学的记忆方法？""}",edu_fuzzy_search,"{""retext"": ""有什么科学的记忆方法？""}",Y,Y,Y,
教育,548,怎么预习新课才有效？,,,edu_fuzzy_search,"{""retext"": ""怎么预习新课才有效？""}",edu_fuzzy_search,"{""retext"": ""怎么预习新课才有效？""}",Y,Y,Y,
教育,553,该让孩子参加课外辅导班吗？,,,edu_fuzzy_search,"{""retext"": ""该让孩子参加课外辅导班吗？""}",edu_fuzzy_search,"{""retext"": ""该让孩子参加课外辅导班吗？""}",Y,Y,Y,
教育,554,复习时应该重点复习什么？,,,edu_fuzzy_search,"{""retext"": ""复习时应该重点复习什么？""}",edu_fuzzy_search,"{""retext"": ""复习时应该重点复习什么？""}",Y,Y,Y,
教育,481,打开一年级下册同步练习第三页第五题怎么做答案,,,edu_fuzzy_search,"{""retext"": ""打开一年级下册同步练习第三页第五题怎么做答案""}",edu_search,"{""query"": {""and"": [{""field"": ""grade"", ""value"": ""一年级""}, {""field"": ""semester"", ""value"": ""下半学期""}, {""field"": ""k12_category"", ""operator"": ""or"", ""values"": [""同步课"", ""同步拓展课""]}]}}",N,N,N,"query: gold= pred={""and"": [{""field"": ""grade"", ""value"": ""一年级""}, {""field"": ""k12_category"", ""operator"": ""or"", ""values"": [""同步拓展课"", ""同步课""]}, {""field"": ""semester"", ""value"": ""下半学期""}]}; retext: gold=""打开一年级下册同步练习第三页第五题怎么做答案"" pred="
教育,551,如何培养孩子的成长型思维？,,,edu_fuzzy_search,"{""retext"": ""如何培养孩子的成长型思维？""}",edu_fuzzy_search,"{""retext"": ""如何培养孩子的成长型思维？""}",Y,Y,Y,
教育,549,错题本有必要做吗？怎么做才有效？,,,edu_fuzzy_search,"{""retext"": ""错题本有必要做吗？怎么做才有效？""}",edu_fuzzy_search,"{""retext"": ""错题本有必要做吗？怎么做才有效？""}",Y,Y,Y,
教育,552,八年级学生，该怎么制定合理的学习计划？,,,edu_fuzzy_search,"{""retext"": ""八年级学生，该怎么制定合理的学习计划？""}",edu_fuzzy_search,"{""retext"": ""八年级学生，该怎么制定合理的学习计划？""}",Y,Y,Y,
教育,557,学习时总是死记硬背，不理解原理，怎么办？,,,edu_fuzzy_search,"{""retext"": ""学习时总是死记硬背，不理解原理，怎么办？""}",edu_fuzzy_search,"{""retext"": ""学习时总是死记硬背，不理解原理，怎么办？""}",Y,Y,Y,
教育,559,怎么帮助孩子建立良好的学习节奏？,,,edu_fuzzy_search,"{""retext"": ""怎么帮助孩子建立良好的学习节奏？""}",edu_fuzzy_search,"{""retext"": ""怎么帮助孩子建立良好的学习节奏？""}",Y,Y,Y,
教育,555,怎么帮助孩子提高解题能力？,,,edu_fuzzy_search,"{""retext"": ""怎么帮助孩子提高解题能力？""}",edu_fuzzy_search,"{""retext"": ""怎么帮助孩子提高解题能力？""}",Y,Y,Y,
教育,556,怎么培养学习反思能力？,,,edu_fuzzy_search,"{""retext"": ""怎么培养学习反思能力？""}",edu_fuzzy_search,"{""retext"": ""怎么培养学习反思能力？""}",Y,Y,Y,
教育,562,学习时总是被动接受，不会主动思考，怎么办？,,,edu_fuzzy_search,"{""retext"": ""学习时总是被动接受，不会主动思考，怎么办？""}",edu_fuzzy_search,"{""retext"": ""学习时总是被动接受，不会主动思考，怎么办？""}",Y,Y,Y,
教育,558,怎么提高学习内驱力？,,,edu_fuzzy_search,"{""retext"": ""怎么提高学习内驱力？""}",edu_fuzzy_search,"{""retext"": ""怎么提高学习内驱力？""}",Y,Y,Y,
教育,560,提高学习专注力有什么好方法？,,,edu_fuzzy_search,"{""retext"": ""提高学习专注力有什么好方法？""}",edu_fuzzy_search,"{""retext"": ""提高学习专注力有什么好方法？""}",Y,Y,Y,
教育,561,怎么建立各学科知识之间的联系？,,,edu_fuzzy_search,"{""retext"": ""怎么建立各学科知识之间的联系？""}",edu_fuzzy_search,"{""retext"": ""怎么建立各学科知识之间的联系？""}",Y,Y,Y,
教育,563,提高学习效率的有效方法都有哪些？,,,edu_fuzzy_search,"{""retext"": ""提高学习效率的有效方法都有哪些？""}",edu_fuzzy_search,"{""retext"": ""提高学习效率的有效方法都有哪些？""}",Y,Y,Y,
教育,564,初中数学怎么学才能提高成绩？,,,edu_fuzzy_search,"{""retext"": ""初中数学怎么学才能提高成绩？""}",edu_fuzzy_search,"{""retext"": ""初中数学怎么学才能提高成绩？""}",Y,Y,Y,
教育,565,初中英语怎么记单词才有效？,,,edu_fuzzy_search,"{""retext"": ""初中英语怎么记单词才有效？""}",edu_fuzzy_search,"{""retext"": ""初中英语怎么记单词才有效？""}",Y,Y,Y,
教育,566,小聚，怎么提高初中语文的阅读理解能力？,,,edu_fuzzy_search,"{""retext"": ""小聚，怎么提高初中语文的阅读理解能力？""}",edu_fuzzy_search,"{""retext"": ""小聚，怎么提高初中语文的阅读理解能力？""}",Y,Y,Y,
