域,row,query,intent,是否合理,gold_tool,gold_params,pred_tool,pred_params,tool_ok,param_ok,both_ok,param_diff
体育,8,山地自行车视频,,,sports_vod_search,"{""query"": {""field"": ""sport_name"", ""value"": ""自行车""}}",vod_search,"{""action"": ""search"", ""query"": {""field"": ""tag"", ""value"": ""山地自行车""}, ""retext"": ""山地自行车视频""}",N,N,N,"action: gold= pred=""search""; query: gold={""field"": ""sport_name"", ""value"": ""自行车""} pred={""field"": ""tag"", ""value"": ""山地自行车""}; retext: gold= pred=""山地自行车视频"""
体育,2,格斗比赛视频,,,sports_vod_search,"{""query"": {""field"": ""sport_name"", ""value"": ""格斗""}}",sports_vod_search,"{""query"": {""field"": ""sport_name"", ""value"": ""格斗""}}",Y,Y,Y,
体育,3,找个跳伞的比赛视频,,,sports_vod_search,"{""query"": {""field"": ""sport_name"", ""value"": ""跳伞""}}",sports_vod_search,"{""query"": {""field"": ""sport_name"", ""value"": ""跳伞""}}",Y,Y,Y,
体育,4,播放跳水比赛视频,,,sports_vod_search,"{""query"": {""field"": ""sport_name"", ""value"": ""跳水""}}",sports_vod_search,"{""query"": {""field"": ""sport_name"", ""value"": ""跳水""}}",Y,Y,Y,
体育,5,进入文班亚马精彩进球集锦,,,sports_vod_search,"{""query"": {""field"": ""sport_star"", ""value"": ""文班亚马""}}",sports_vod_search,"{""query"": {""field"": ""sport_star"", ""value"": ""文班亚马""}}",Y,Y,Y,
体育,6,看下欧洲杯预选赛的视频,,,sports_vod_search,"{""query"": {""and"": [{""field"": ""sport_game"", ""value"": ""欧洲杯""}, {""field"": ""sport_competition_phase"", ""value"": ""预选赛""}]}}",sports_vod_search,"{""query"": {""and"": [{""field"": ""sport_game"", ""value"": ""欧洲杯""}, {""field"": ""sport_competition_phase"", ""value"": ""预选赛""}]}}",Y,Y,Y,
体育,7,麻烦播放个足球亚巡赛的视频,,,sports_vod_search,"{""query"": {""and"": [{""field"": ""sport_name"", ""value"": ""足球""}, {""field"": ""sport_game"", ""value"": ""亚巡赛""}]}}",sports_vod_search,"{""query"": {""and"": [{""field"": ""sport_name"", ""value"": ""足球""}, {""field"": ""sport_game"", ""value"": ""亚巡赛""}]}}",Y,Y,Y,
体育,9,找一下k联赛的比赛视频,,,sports_vod_search,"{""query"": {""field"": ""sport_game"", ""value"": ""k联赛""}}",sports_vod_search,"{""query"": {""field"": ""sport_game"", ""value"": ""k联赛""}}",Y,Y,Y,
体育,16,打开速度轮滑视频,,,sports_vod_search,"{""query"": {""field"": ""sport_name"", ""value"": ""速度轮滑""}}",vod_search,"{""action"": ""play"", ""query"": {""field"": ""title"", ""value"": ""速度轮滑""}, ""retext"": ""打开速度轮滑视频""}",N,N,N,"action: gold= pred=""play""; query: gold={""field"": ""sport_name"", ""value"": ""速度轮滑""} pred={""field"": ""title"", ""value"": ""速度轮滑""}; retext: gold= pred=""打开速度轮滑视频"""
体育,10,男子800米决赛视频,,,sports_vod_search,"{""query"": {""and"": [{""field"": ""sport_name"", ""value"": ""田径""}, {""field"": ""sport_competition_phase"", ""value"": ""决赛""}]}}",sports_vod_search,"{""query"": {""and"": [{""field"": ""sport_name"", ""value"": ""田径""}, {""field"": ""sport_competition_phase"", ""value"": ""决赛""}]}}",Y,Y,Y,
体育,11,nba雄鹿比赛视频,,,sports_vod_search,"{""query"": {""and"": [{""field"": ""sport_game"", ""value"": ""NBA""}, {""field"": ""sport_team"", ""value"": ""雄鹿""}]}}",sports_vod_search,"{""query"": {""and"": [{""field"": ""sport_game"", ""value"": ""NBA""}, {""field"": ""sport_team"", ""value"": ""雄鹿""}]}}",Y,Y,Y,
体育,12,搏击格斗的比赛视频,,,sports_vod_search,"{""query"": {""and"": [{""field"": ""sport_name"", ""value"": ""格斗""}, {""field"": ""sport_name"", ""value"": ""搏击""}]}}",sports_vod_search,"{""query"": {""and"": [{""field"": ""sport_name"", ""value"": ""格斗""}, {""field"": ""sport_name"", ""value"": ""搏击""}]}}",Y,Y,Y,
体育,13,德甲今天的视频,,,sports_vod_search,"{""query"": {""field"": ""sport_game"", ""value"": ""德甲""}}",sports_vod_search,"{""query"": {""field"": ""sport_game"", ""value"": ""德甲""}}",Y,Y,Y,
体育,14,世界杯视频,,,sports_vod_search,"{""query"": {""field"": ""sport_game"", ""value"": ""世界杯""}}",sports_vod_search,"{""query"": {""field"": ""sport_game"", ""value"": ""世界杯""}}",Y,Y,Y,
体育,15,请播放一个斯诺克的比赛录像,,,sports_vod_search,"{""query"": {""or"": [{""field"": ""sport_name"", ""value"": ""斯诺克""}, {""field"": ""sport_game"", ""value"": ""斯诺克""}]}}",sports_vod_search,"{""query"": {""or"": [{""field"": ""sport_name"", ""value"": ""斯诺克""}, {""field"": ""sport_game"", ""value"": ""斯诺克""}]}}",Y,Y,Y,
体育,31,麻烦搜索击剑回播,,,sports_match_search,"{""query"": {""and"": [{""field"": ""sport_name"", ""value"": ""击剑""}, {""field"": ""live_state"", ""values"": [""3"", ""4""]}]}}",sports_match_search,"{""query"": {""and"": [{""field"": ""sport_name"", ""value"": ""击剑""}, {""field"": ""live_state"", ""values"": [""3"", ""4""]}]}}",Y,Y,Y,
体育,17,搜索下欧联的比赛视频,,,sports_vod_search,"{""query"": {""field"": ""sport_game"", ""value"": ""欧联""}}",sports_vod_search,"{""query"": {""field"": ""sport_game"", ""value"": ""欧联""}}",Y,Y,Y,
体育,18,查下西甲精华,,,sports_vod_search,"{""query"": {""field"": ""title"", ""value"": ""西甲精华""}}",sports_vod_search,"{""query"": {""field"": ""title"", ""value"": ""西甲精华""}}",Y,Y,Y,
体育,19,ac米兰的视频,,,sports_vod_search,"{""query"": {""field"": ""sport_team"", ""value"": ""ac米兰""}}",sports_vod_search,"{""query"": {""field"": ""sport_team"", ""value"": ""ac米兰""}}",Y,Y,Y,
体育,36,土耳其队,,,sports_team_search,"{""sport_team"": ""土耳其队""}",sports_team_search,"{""sport_team"": ""土耳其队""}",Y,Y,Y,
体育,37,太阳队,,,sports_team_search,"{""sport_team"": ""菲尼克斯太阳队""}",sports_team_search,"{""sport_team"": ""菲尼克斯太阳队""}",Y,Y,Y,
体育,38,波特兰开拓者队,,,sports_team_search,"{""sport_team"": ""波特兰开拓者队""}",sports_team_search,"{""sport_team"": ""波特兰开拓者队""}",Y,Y,Y,
体育,39,勒沃库森队,,,sports_team_search,"{""sport_team"": ""勒沃库森队""}",sports_team_search,"{""sport_team"": ""勒沃库森队""}",Y,Y,Y,
体育,20,cba总决赛录像,,,sports_vod_search,"{""query"": {""and"": [{""field"": ""sport_game"", ""value"": ""CBA""}, {""field"": ""sport_competition_phase"", ""value"": ""总决赛""}]}}",sports_vod_search,"{""query"": {""and"": [{""field"": ""sport_game"", ""value"": ""CBA""}, {""field"": ""sport_competition_phase"", ""value"": ""总决赛""}]}}",Y,Y,Y,
体育,40,挪威队,,,sports_team_search,"{""sport_team"": ""挪威队""}",sports_team_search,"{""sport_team"": ""挪威队""}",Y,Y,Y,
体育,21,找个自由体操比赛视频,,,sports_vod_search,"{""query"": {""field"": ""sport_name"", ""value"": ""自由体操""}}",sports_vod_search,"{""query"": {""field"": ""sport_name"", ""value"": ""自由体操""}}",Y,Y,Y,
体育,42,菲尼克斯太阳队,,,sports_team_search,"{""sport_team"": ""菲尼克斯太阳队""}",sports_team_search,"{""sport_team"": ""菲尼克斯太阳队""}",Y,Y,Y,
体育,22,冰球的视频,,,sports_vod_search,"{""query"": {""field"": ""sport_name"", ""value"": ""冰球""}}",sports_vod_search,"{""query"": {""field"": ""sport_name"", ""value"": ""冰球""}}",Y,Y,Y,
体育,23,帮搜索法甲的集锦,,,sports_vod_search,"{""query"": {""field"": ""sport_game"", ""value"": ""法甲""}}",sports_vod_search,"{""query"": {""field"": ""sport_game"", ""value"": ""法甲""}}",Y,Y,Y,
体育,41,快船队,,,sports_team_search,"{""sport_team"": ""快船队""}",sports_team_search,"{""sport_team"": ""快船队""}",Y,Y,Y,
体育,43,奇才队,,,sports_team_search,"{""sport_team"": ""奇才""}",sports_team_search,"{""sport_team"": ""奇才""}",Y,Y,Y,
体育,25,搜索下亚冠的比赛视频,,,sports_vod_search,"{""query"": {""field"": ""sport_game"", ""value"": ""亚冠""}}",sports_vod_search,"{""query"": {""field"": ""sport_game"", ""value"": ""亚冠""}}",Y,Y,Y,
体育,44,贝尔格莱德红星队,,,sports_team_search,"{""sport_team"": ""贝尔格莱德红星队""}",sports_team_search,"{""sport_team"": ""贝尔格莱德红星队""}",Y,Y,Y,
体育,48,纽约尼克斯队,,,sports_team_search,"{""sport_team"": ""纽约尼克斯队""}",sports_team_search,"{""sport_team"": ""纽约尼克斯队""}",Y,Y,Y,
体育,24,短跑比赛视频,,,sports_vod_search,"{""query"": {""field"": ""sport_name"", ""value"": ""短跑""}}",sports_vod_search,"{""query"": {""field"": ""sport_name"", ""value"": ""短跑""}}",Y,Y,Y,
体育,45,天津津门虎队,,,sports_team_search,"{""sport_team"": ""天津津门虎""}",sports_team_search,"{""sport_team"": ""天津津门虎""}",Y,Y,Y,
体育,46,黄蜂队,,,sports_team_search,"{""sport_team"": ""夏洛特黄蜂队""}",sports_team_search,"{""sport_team"": ""夏洛特黄蜂队""}",Y,Y,Y,
体育,27,欧冠比赛视频,,,sports_vod_search,"{""query"": {""field"": ""sport_game"", ""value"": ""欧冠""}}",sports_vod_search,"{""query"": {""field"": ""sport_game"", ""value"": ""欧冠""}}",Y,Y,Y,
体育,47,马赛队,,,sports_team_search,"{""sport_team"": ""马赛队""}",sports_team_search,"{""sport_team"": ""马赛队""}",Y,Y,Y,
体育,28,赛车比赛视频,,,sports_vod_search,"{""query"": {""field"": ""sport_name"", ""value"": ""赛车""}}",sports_vod_search,"{""query"": {""field"": ""sport_name"", ""value"": ""赛车""}}",Y,Y,Y,
体育,29,播放中超联赛的比赛视频,,,sports_vod_search,"{""query"": {""field"": ""sport_game"", ""value"": ""中超""}}",sports_vod_search,"{""query"": {""field"": ""sport_game"", ""value"": ""中超""}}",Y,Y,Y,
体育,26,关于皇马的球赛视频,,,sports_vod_search,"{""query"": {""field"": ""sport_team"", ""value"": ""皇马""}}",fan_knowledge_agent,"{""messages"": [{""content"": ""关于皇马的球赛视频"", ""role"": ""user""}], ""riskRespStrategy"": ""all_replace"", ""sceneTypeIntentList"": [{""intent"": ""sports_chat_qa"", ""sceneType"": ""sport_qa""}]}",N,N,N,"messages: gold= pred=[{""content"": ""关于皇马的球赛视频"", ""role"": ""user""}]; query: gold={""field"": ""sport_team"", ""value"": ""皇马""} pred=; riskRespStrategy: gold= pred=""all_replace""; sceneTypeIntentList: gold= pred=[{""intent"": ""sports_chat_qa"", ""sceneType"": ""sport_qa""}]"
体育,49,瑞士队,,,sports_team_search,"{""sport_team"": ""瑞士队""}",sports_team_search,"{""sport_team"": ""瑞士队""}",Y,Y,Y,
体育,50,俄罗斯队,,,sports_team_search,"{""sport_team"": ""俄罗斯队""}",sports_team_search,"{""sport_team"": ""俄罗斯队""}",Y,Y,Y,
体育,30,棒球比赛的视频,,,sports_vod_search,"{""query"": {""field"": ""sport_name"", ""value"": ""棒球""}}",sports_vod_search,"{""query"": {""field"": ""sport_name"", ""value"": ""棒球""}}",Y,Y,Y,
体育,51,博卡青年队,,,sports_team_search,"{""sport_team"": ""博卡青年队""}",sports_team_search,"{""sport_team"": ""博卡青年队""}",Y,Y,Y,
体育,55,老鹰队,,,sports_team_search,"{""sport_team"": ""亚特兰大老鹰队""}",sports_team_search,"{""sport_team"": ""亚特兰大老鹰队""}",Y,Y,Y,
体育,54,密尔沃基雄鹿队,,,sports_team_search,"{""sport_team"": ""密尔沃基雄鹿队""}",sports_team_search,"{""sport_team"": ""密尔沃基雄鹿队""}",Y,Y,Y,
体育,52,法国队,,,sports_team_search,"{""sport_team"": ""法国队""}",sports_team_search,"{""sport_team"": ""法国队""}",Y,Y,Y,
体育,53,国际米兰队,,,sports_team_search,"{""sport_team"": ""国际米兰队""}",sports_team_search,"{""sport_team"": ""国际米兰队""}",Y,Y,Y,
体育,32,网球的视频,,,sports_vod_search,"{""query"": {""field"": ""sport_name"", ""value"": ""网球""}}",sports_vod_search,"{""query"": {""field"": ""sport_name"", ""value"": ""网球""}}",Y,Y,Y,
体育,56,孟菲斯灰熊队,,,sports_team_search,"{""sport_team"": ""孟菲斯灰熊队""}",sports_team_search,"{""sport_team"": ""孟菲斯灰熊队""}",Y,Y,Y,
体育,34,打开库里投篮慢动作视频,,,sports_vod_search,"{""query"": {""and"": [{""field"": ""sport_name"", ""value"": ""篮球""}, {""field"": ""sport_star"", ""value"": ""库里""}]}}",sports_vod_search,"{""query"": {""and"": [{""field"": ""sport_name"", ""value"": ""篮球""}, {""field"": ""sport_star"", ""value"": ""库里""}]}}",Y,Y,Y,
体育,33,我看下羽毛球复赛视频,,,sports_vod_search,"{""query"": {""and"": [{""field"": ""sport_name"", ""value"": ""羽毛球""}, {""field"": ""sport_competition_phase"", ""value"": ""复赛""}]}}",sports_vod_search,"{""query"": {""and"": [{""field"": ""sport_name"", ""value"": ""羽毛球""}, {""field"": ""sport_competition_phase"", ""value"": ""复赛""}]}}",Y,Y,Y,
体育,58,印度队,,,sports_team_search,"{""sport_team"": ""印度队""}",sports_team_search,"{""sport_team"": ""印度队""}",Y,Y,Y,
体育,57,森林狼队,,,sports_team_search,"{""sport_team"": ""森林狼队""}",sports_team_search,"{""sport_team"": ""森林狼队""}",Y,Y,Y,
体育,35,观看澳网的视频,,,sports_vod_search,"{""query"": {""field"": ""sport_game"", ""value"": ""澳网""}}",sports_vod_search,"{""query"": {""field"": ""sport_game"", ""value"": ""澳网""}}",Y,Y,Y,
体育,63,奥运会金牌榜,,,sports_rank_search,"{""sport_game"": ""奥运会"", ""sport_rank_type"": ""金牌榜""}",sports_rank_search,"{""sport_game"": ""奥运会"", ""sport_rank_type"": ""金牌榜""}",Y,Y,Y,
体育,61,小聚我要看意甲积分榜,,,sports_rank_search,"{""sport_game"": ""意甲"", ""sport_rank_type"": ""积分榜""}",sports_rank_search,"{""sport_game"": ""意甲"", ""sport_rank_type"": ""积分榜""}",Y,Y,Y,
体育,62,nba抢断榜,,,sports_rank_search,"{""sport_game"": ""NBA"", ""sport_rank_type"": ""抢断榜""}",sports_rank_search,"{""sport_game"": ""NBA"", ""sport_rank_type"": ""抢断榜""}",Y,Y,Y,
体育,59,埃塞俄比亚队,,,sports_team_search,"{""sport_team"": ""埃塞俄比亚队""}",sports_team_search,"{""sport_team"": ""埃塞俄比亚队""}",Y,Y,Y,
体育,60,小聚我要看中超联赛积分榜,,,sports_rank_search,"{""sport_game"": ""中超"", ""sport_rank_type"": ""积分榜""}",sports_rank_search,"{""sport_game"": ""中超"", ""sport_rank_type"": ""积分榜""}",Y,Y,Y,
体育,67,中甲积分榜,,,sports_rank_search,"{""sport_game"": ""中甲"", ""sport_rank_type"": ""积分榜""}",sports_rank_search,"{""sport_game"": ""中甲"", ""sport_rank_type"": ""积分榜""}",Y,Y,Y,
体育,64,f1排行榜,,,sports_rank_search,"{""sport_game"": ""F1"", ""sport_rank_type"": ""排行榜""}",sports_rank_search,"{""sport_game"": ""F1"", ""sport_rank_type"": ""排行榜""}",Y,Y,Y,
体育,65,中超联赛积分榜,,,sports_rank_search,"{""sport_game"": ""中超"", ""sport_rank_type"": ""积分榜""}",sports_rank_search,"{""sport_game"": ""中超"", ""sport_rank_type"": ""积分榜""}",Y,Y,Y,
体育,66,乒乓球世界杯排名,,,sports_rank_search,"{""sport_game"": ""世界杯"", ""sport_rank_type"": ""积分榜""}",sports_rank_search,"{""sport_game"": ""世界杯"", ""sport_rank_type"": ""积分榜""}",Y,Y,Y,
体育,68,亚冠射手榜,,,sports_rank_search,"{""sport_game"": ""亚冠"", ""sport_rank_type"": ""射手榜""}",sports_rank_search,"{""sport_game"": ""亚冠"", ""sport_rank_type"": ""射手榜""}",Y,Y,Y,
体育,69,中超排名,,,sports_rank_search,"{""sport_game"": ""中超"", ""sport_rank_type"": ""积分榜""}",sports_rank_search,"{""sport_game"": ""中超"", ""sport_rank_type"": ""积分榜""}",Y,Y,Y,
体育,71,冬奥会奖牌榜,,,sports_rank_search,"{""sport_game"": ""冬奥会"", ""sport_rank_type"": ""奖牌榜""}",sports_rank_search,"{""sport_game"": ""冬奥会"", ""sport_rank_type"": ""奖牌榜""}",Y,Y,Y,
体育,70,意甲的射手榜,,,sports_rank_search,"{""sport_game"": ""意甲"", ""sport_rank_type"": ""射手榜""}",sports_rank_search,"{""sport_game"": ""意甲"", ""sport_rank_type"": ""射手榜""}",Y,Y,Y,
体育,72,中超射手排行榜,,,sports_rank_search,"{""sport_game"": ""中超"", ""sport_rank_type"": ""射手榜""}",sports_rank_search,"{""sport_game"": ""中超"", ""sport_rank_type"": ""射手榜""}",Y,Y,Y,
体育,73,播放中超联赛,,,sports_match_search,"{""query"": {""field"": ""sport_game"", ""value"": ""中超""}}",sports_match_search,"{""query"": {""field"": ""sport_game"", ""value"": ""中超""}}",Y,Y,Y,
体育,74,播放西甲联赛,,,sports_match_search,"{""query"": {""field"": ""sport_game"", ""value"": ""西甲""}}",sports_match_search,"{""query"": {""field"": ""sport_game"", ""value"": ""西甲""}}",Y,Y,Y,
体育,75,播放欧洲杯,,,sports_match_search,"{""query"": {""field"": ""sport_game"", ""value"": ""欧洲杯""}}",sports_match_search,"{""query"": {""field"": ""sport_game"", ""value"": ""欧洲杯""}}",Y,Y,Y,
体育,76,搜索羽毛球,,,sports_match_search,"{""query"": {""field"": ""sport_name"", ""value"": ""羽毛球""}}",sports_match_search,"{""query"": {""field"": ""sport_name"", ""value"": ""羽毛球""}}",Y,Y,Y,
体育,77,我想看cba,,,sports_match_search,"{""query"": {""field"": ""sport_game"", ""value"": ""CBA""}}",sports_match_search,"{""query"": {""field"": ""sport_game"", ""value"": ""CBA""}}",Y,Y,Y,
体育,78,跳台滑雪,,,sports_match_search,"{""query"": {""field"": ""sport_name"", ""value"": ""跳台滑雪""}}",sports_match_search,"{""query"": {""field"": ""sport_name"", ""value"": ""跳台滑雪""}}",Y,Y,Y,
体育,80,wcba,,,sports_match_search,"{""query"": {""field"": ""sport_game"", ""value"": ""wcba""}}",sports_match_search,"{""query"": {""field"": ""sport_game"", ""value"": ""wcba""}}",Y,Y,Y,
体育,79,播放湖人的比赛,,,sports_match_search,"{""query"": {""field"": ""sport_team"", ""value"": ""湖人""}}",sports_match_search,"{""query"": {""field"": ""sport_team"", ""value"": ""湖人""}}",Y,Y,Y,
体育,83,女子摔跤比赛,,,sports_match_search,"{""query"": {""field"": ""sport_name"", ""value"": ""女子摔跤""}}",sports_match_search,"{""query"": {""field"": ""sport_name"", ""value"": ""女子摔跤""}}",Y,Y,Y,
体育,82,播放速度滑冰比赛,,,sports_match_search,"{""query"": {""field"": ""sport_name"", ""value"": ""速度滑冰""}}",sports_match_search,"{""query"": {""field"": ""sport_name"", ""value"": ""速度滑冰""}}",Y,Y,Y,
体育,84,中国女篮亚洲杯小组赛,,,sports_match_search,"{""query"": {""and"": [{""field"": ""sport_game"", ""value"": ""女篮亚洲杯""}, {""field"": ""sport_team"", ""value"": ""中国""}, {""field"": ""sport_competition_phase"", ""value"": ""小组赛""}]}}",sports_match_search,"{""query"": {""and"": [{""field"": ""sport_game"", ""value"": ""女篮亚洲杯""}, {""field"": ""sport_team"", ""value"": ""中国""}, {""field"": ""sport_competition_phase"", ""value"": ""小组赛""}]}}",Y,Y,Y,
体育,87,法国对战阿根廷,,,sports_match_search,"{""query"": {""and"": [{""field"": ""sport_team"", ""value"": ""法国""}, {""field"": ""sport_team"", ""value"": ""阿根廷""}]}}",sports_match_search,"{""query"": {""and"": [{""field"": ""sport_team"", ""value"": ""法国""}, {""field"": ""sport_team"", ""value"": ""阿根廷""}]}}",Y,Y,Y,
体育,88,wnba女篮比赛,,,sports_match_search,"{""query"": {""field"": ""sport_game"", ""value"": ""WNBA""}}",sports_match_search,"{""query"": {""field"": ""sport_game"", ""value"": ""WNBA""}}",Y,Y,Y,
体育,86,我要看独行侠对阵国王的全部赛程,,,sports_match_search,"{""query"": {""and"": [{""field"": ""sport_team"", ""value"": ""独行侠""}, {""field"": ""sport_team"", ""value"": ""国王""}]}}",sports_match_search,"{""query"": {""and"": [{""field"": ""sport_team"", ""value"": ""独行侠""}, {""field"": ""sport_team"", ""value"": ""国王""}]}}",Y,Y,Y,
体育,85,罗马主场对斯图加特的球赛,,,sports_match_search,"{""query"": {""and"": [{""field"": ""sport_team_home"", ""value"": ""罗马""}, {""field"": ""sport_team_guest"", ""value"": ""斯图加特""}]}}",sports_match_search,"{""query"": {""and"": [{""field"": ""sport_team_home"", ""value"": ""罗马""}, {""field"": ""sport_team_guest"", ""value"": ""斯图加特""}]}}",Y,Y,Y,
体育,89,我要看篮球赛,,,sports_match_search,"{""query"": {""field"": ""sport_name"", ""value"": ""篮球""}}",sports_match_search,"{""query"": {""field"": ""sport_name"", ""value"": ""篮球""}}",Y,Y,Y,
体育,90,勇士队对火箭队nba,,,sports_match_search,"{""query"": {""and"": [{""field"": ""sport_game"", ""value"": ""NBA""}, {""field"": ""sport_team"", ""value"": ""勇士""}, {""field"": ""sport_team"", ""value"": ""火箭""}]}}",sports_match_search,"{""query"": {""and"": [{""field"": ""sport_game"", ""value"": ""NBA""}, {""field"": ""sport_team"", ""value"": ""勇士""}, {""field"": ""sport_team"", ""value"": ""火箭""}]}}",Y,Y,Y,
体育,91,帮我播放勇士vs森林狼的比赛,,,sports_match_search,"{""query"": {""and"": [{""field"": ""sport_team"", ""value"": ""勇士""}, {""field"": ""sport_team"", ""value"": ""森林狼""}]}}",sports_match_search,"{""query"": {""and"": [{""field"": ""sport_team"", ""value"": ""勇士""}, {""field"": ""sport_team"", ""value"": ""森林狼""}]}}",Y,Y,Y,
体育,93,播放湖人对快船,,,sports_match_search,"{""query"": {""and"": [{""field"": ""sport_team"", ""value"": ""湖人""}, {""field"": ""sport_team"", ""value"": ""快船""}]}}",sports_match_search,"{""query"": {""and"": [{""field"": ""sport_team"", ""value"": ""湖人""}, {""field"": ""sport_team"", ""value"": ""快船""}]}}",Y,Y,Y,
体育,92,湖人vs森林狼,,,sports_match_search,"{""query"": {""and"": [{""field"": ""sport_team"", ""value"": ""湖人""}, {""field"": ""sport_team"", ""value"": ""森林狼""}]}}",sports_match_search,"{""query"": {""and"": [{""field"": ""sport_team"", ""value"": ""湖人""}, {""field"": ""sport_team"", ""value"": ""森林狼""}]}}",Y,Y,Y,
体育,95,播放篮球比赛回放,,,sports_match_search,"{""query"": {""and"": [{""field"": ""sport_name"", ""value"": ""篮球""}, {""field"": ""live_state"", ""values"": [""3"", ""4""]}]}}",sports_match_search,"{""query"": {""and"": [{""field"": ""sport_name"", ""value"": ""篮球""}, {""field"": ""live_state"", ""values"": [""3"", ""4""]}]}}",Y,Y,Y,
体育,94,播放里昂主场对战布雷斯特足球比赛,,,sports_match_search,"{""query"": {""and"": [{""field"": ""sport_team_home"", ""value"": ""里昂""}, {""field"": ""sport_name"", ""value"": ""足球""}, {""field"": ""sport_team_guest"", ""value"": ""布雷斯特""}]}}",sports_match_search,"{""query"": {""and"": [{""field"": ""sport_team_home"", ""value"": ""里昂""}, {""field"": ""sport_name"", ""value"": ""足球""}, {""field"": ""sport_team_guest"", ""value"": ""布雷斯特""}]}}",Y,Y,Y,
体育,96,中超联赛回看,,,sports_match_search,"{""query"": {""and"": [{""field"": ""sport_game"", ""value"": ""中超""}, {""field"": ""live_state"", ""values"": [""3"", ""4""]}]}}",sports_match_search,"{""query"": {""and"": [{""field"": ""sport_game"", ""value"": ""中超""}, {""field"": ""live_state"", ""values"": [""3"", ""4""]}]}}",Y,Y,Y,
体育,99,放自行车比赛,,,sports_match_search,"{""query"": {""field"": ""sport_name"", ""value"": ""自行车""}}",sports_match_search,"{""query"": {""field"": ""sport_name"", ""value"": ""自行车""}}",Y,Y,Y,
体育,97,有没有意甲的比赛安排表,,,sports_match_search,"{""query"": {""field"": ""sport_game"", ""value"": ""意甲""}}",sports_match_search,"{""query"": {""field"": ""sport_game"", ""value"": ""意甲""}}",Y,Y,Y,
体育,98,中超上一轮的比赛,,,sports_match_search,"{""query"": {""and"": [{""field"": ""sport_game"", ""value"": ""中超""}, {""field"": ""round_offset"", ""value"": ""-1""}]}}",sports_match_search,"{""query"": {""and"": [{""field"": ""sport_game"", ""value"": ""中超""}, {""field"": ""round_offset"", ""value"": ""-1""}]}}",Y,Y,Y,
体育,101,蹦床比赛,,,sports_match_search,"{""query"": {""field"": ""sport_name"", ""value"": ""蹦床""}}",sports_match_search,"{""query"": {""field"": ""sport_name"", ""value"": ""蹦床""}}",Y,Y,Y,
体育,104,cba常规赛,,,sports_match_search,"{""query"": {""and"": [{""field"": ""sport_game"", ""value"": ""cba""}, {""field"": ""sport_competition_phase"", ""value"": ""常规赛""}]}}",sports_match_search,"{""query"": {""and"": [{""field"": ""sport_game"", ""value"": ""cba""}, {""field"": ""sport_competition_phase"", ""value"": ""常规赛""}]}}",Y,Y,Y,
体育,100,现在有什么比赛可以看,,,sports_match_search,"{""query"": {""field"": ""sport_time"", ""value"": ""20260824""}}",sports_match_search,"{""query"": {""field"": ""sport_time"", ""value"": ""20260824""}}",Y,Y,Y,
体育,103,中国比美国比赛,,,sports_match_search,"{""query"": {""and"": [{""field"": ""sport_team"", ""value"": ""中国""}, {""field"": ""sport_team"", ""value"": ""美国""}]}}",sports_match_search,"{""query"": {""and"": [{""field"": ""sport_team"", ""value"": ""中国""}, {""field"": ""sport_team"", ""value"": ""美国""}]}}",Y,Y,Y,
体育,102,英超后面的比赛,,,sports_match_search,"{""query"": {""and"": [{""field"": ""sport_game"", ""value"": ""英超""}, {""field"": ""live_state"", ""value"": ""1""}]}}",sports_match_search,"{""query"": {""and"": [{""field"": ""sport_game"", ""value"": ""英超""}, {""field"": ""live_state"", ""value"": ""1""}]}}",Y,Y,Y,
体育,107,调到今晚的足球比赛,,,sports_match_search,"{""query"": {""and"": [{""field"": ""sport_name"", ""value"": ""足球""}, {""field"": ""sport_time_range"", ""from"": ""20260824 18:00:00"", ""to"": ""20260824 00:00:00""}]}}",sports_match_search,"{""query"": {""and"": [{""field"": ""sport_name"", ""value"": ""足球""}, {""field"": ""sport_time_range"", ""from"": ""20260824 18:00:00"", ""to"": ""20260824 00:00:00""}]}}",Y,Y,Y,
体育,108,这周有比赛吗,,,sports_match_search,,sports_match_search,,Y,Y,Y,
体育,109,播放丁俊晖台球比赛,,,sports_match_search,"{""query"": {""and"": [{""field"": ""sport_name"", ""value"": ""台球""}, {""field"": ""sport_star"", ""value"": ""丁俊晖""}]}}",sports_match_search,"{""query"": {""and"": [{""field"": ""sport_name"", ""value"": ""台球""}, {""field"": ""sport_star"", ""value"": ""丁俊晖""}]}}",Y,Y,Y,
体育,105,看德甲第18轮足球比赛,,,sports_match_search,"{""query"": {""and"": [{""field"": ""sport_name"", ""value"": ""足球""}, {""field"": ""sport_game"", ""value"": ""德甲""}, {""field"": ""sport_competition_phase"", ""value"": ""第18轮""}]}}",sports_match_search,"{""query"": {""and"": [{""field"": ""sport_name"", ""value"": ""足球""}, {""field"": ""sport_game"", ""value"": ""德甲""}, {""field"": ""sport_competition_phase"", ""value"": ""第18轮""}]}}",Y,Y,Y,
体育,106,掘金对奇才比赛nba,,,sports_match_search,"{""query"": {""and"": [{""field"": ""sport_game"", ""value"": ""NBA""}, {""field"": ""sport_team"", ""value"": ""掘金""}, {""field"": ""sport_team"", ""value"": ""奇才""}]}}",sports_match_search,"{""query"": {""and"": [{""field"": ""sport_game"", ""value"": ""NBA""}, {""field"": ""sport_team"", ""value"": ""掘金""}, {""field"": ""sport_team"", ""value"": ""奇才""}]}}",Y,Y,Y,
体育,112,播放尼克斯客场对阵太阳比赛,,,sports_match_search,"{""query"": {""and"": [{""field"": ""sport_team_home"", ""value"": ""太阳""}, {""field"": ""sport_team_guest"", ""value"": ""尼克斯""}]}}",sports_match_search,"{""query"": {""and"": [{""field"": ""sport_team_home"", ""value"": ""太阳""}, {""field"": ""sport_team_guest"", ""value"": ""尼克斯""}]}}",Y,Y,Y,
体育,114,播放体育频道篮球,,,sports_match_search,"{""query"": {""field"": ""sport_name"", ""value"": ""篮球""}}",sports_match_search,"{""query"": {""field"": ""sport_name"", ""value"": ""篮球""}}",Y,Y,Y,
体育,111,皇家马德里的比赛,,,sports_match_search,"{""query"": {""field"": ""sport_team"", ""value"": ""皇家马德里""}}",sports_match_search,"{""query"": {""field"": ""sport_team"", ""value"": ""皇家马德里""}}",Y,Y,Y,
体育,113,有没有波兰对阵法国的完整赛事,,,sports_match_search,"{""query"": {""and"": [{""field"": ""sport_team"", ""value"": ""波兰""}, {""field"": ""sport_team"", ""value"": ""法国""}]}}",sports_match_search,"{""query"": {""and"": [{""field"": ""sport_team"", ""value"": ""波兰""}, {""field"": ""sport_team"", ""value"": ""法国""}]}}",Y,Y,Y,
体育,81,播放免费的nba视频,,,sports_vod_search,"{""query"": {""field"": ""sport_game"", ""value"": ""NBA""}}",sports_vod_search,"{""query"": {""field"": ""sport_game"", ""value"": ""NBA""}}",Y,Y,Y,
体育,110,皇马客场pk曼城的球赛,,,sports_match_search,"{""query"": {""and"": [{""field"": ""sport_team_home"", ""value"": ""曼城""}, {""field"": ""sport_team_guest"", ""value"": ""皇马""}]}}",sports_match_search,"{""query"": {""and"": [{""field"": ""sport_team_home"", ""value"": ""曼城""}, {""field"": ""sport_team_guest"", ""value"": ""皇马""}]}}",Y,Y,Y,
体育,117,体操赛事,,,sports_match_search,"{""query"": {""field"": ""sport_name"", ""value"": ""体操""}}",sports_match_search,"{""query"": {""field"": ""sport_name"", ""value"": ""体操""}}",Y,Y,Y,
体育,116,回看乒乓球比赛,,,sports_match_search,"{""query"": {""and"": [{""field"": ""sport_name"", ""value"": ""乒乓球""}, {""field"": ""live_state"", ""values"": [""3"", ""4""]}]}}",sports_match_search,"{""query"": {""and"": [{""field"": ""sport_name"", ""value"": ""乒乓球""}, {""field"": ""live_state"", ""values"": [""3"", ""4""]}]}}",Y,Y,Y,
体育,119,帮我预约尤文图斯ac米兰队的比赛,,,sports_match_reservation,"{""query"": {""and"": [{""field"": ""sport_team"", ""value"": ""尤文图斯""}, {""field"": ""sport_team"", ""value"": ""ac米兰""}]}}",sports_match_reservation,"{""query"": {""and"": [{""field"": ""sport_team"", ""value"": ""尤文图斯""}, {""field"": ""sport_team"", ""value"": ""ac米兰""}]}}",Y,Y,Y,
体育,115,nba太阳vs快船回放,,,sports_match_search,"{""query"": {""and"": [{""field"": ""sport_game"", ""value"": ""NBA""}, {""field"": ""sport_team"", ""value"": ""太阳""}, {""field"": ""sport_team"", ""value"": ""快船""}, {""field"": ""live_state"", ""values"": [""3"", ""4""]}]}}",sports_match_search,"{""query"": {""and"": [{""field"": ""sport_game"", ""value"": ""NBA""}, {""field"": ""sport_team"", ""value"": ""太阳""}, {""field"": ""sport_team"", ""value"": ""快船""}, {""field"": ""live_state"", ""values"": [""3"", ""4""]}]}}",Y,Y,Y,
体育,118,西甲20轮塞尔塔vs巴列卡诺,,,sports_match_search,"{""query"": {""and"": [{""field"": ""sport_game"", ""value"": ""西甲""}, {""field"": ""sport_team"", ""value"": ""塞尔塔""}, {""field"": ""sport_team"", ""value"": ""巴列卡诺""}, {""field"": ""sport_competition_phase"", ""value"": ""20轮""}]}}",sports_match_search,"{""query"": {""and"": [{""field"": ""sport_game"", ""value"": ""西甲""}, {""field"": ""sport_team"", ""value"": ""塞尔塔""}, {""field"": ""sport_team"", ""value"": ""巴列卡诺""}, {""field"": ""sport_competition_phase"", ""value"": ""20轮""}]}}",Y,Y,Y,
体育,120,预约河床队队的足球比赛,,,sports_match_reservation,"{""query"": {""and"": [{""field"": ""sport_name"", ""value"": ""足球""}, {""field"": ""sport_team"", ""value"": ""河床""}]}}",sports_match_reservation,"{""query"": {""and"": [{""field"": ""sport_name"", ""value"": ""足球""}, {""field"": ""sport_team"", ""value"": ""河床""}]}}",Y,Y,Y,
体育,122,帮我预约下nba后天的比赛,,,sports_match_reservation,"{""query"": {""and"": [{""field"": ""sport_game"", ""value"": ""NBA""}, {""field"": ""sport_time"", ""value"": ""20260826""}]}}",sports_match_reservation,"{""query"": {""and"": [{""field"": ""sport_game"", ""value"": ""NBA""}, {""field"": ""sport_time"", ""value"": ""20260826""}]}}",Y,Y,Y,
体育,123,给我预约后天杨家玉的比赛,,,sports_match_reservation,"{""query"": {""and"": [{""field"": ""sport_time"", ""value"": ""20260826""}, {""field"": ""sport_star"", ""value"": ""杨家玉""}]}}",sports_match_reservation,"{""query"": {""and"": [{""field"": ""sport_time"", ""value"": ""20260826""}, {""field"": ""sport_star"", ""value"": ""杨家玉""}]}}",Y,Y,Y,
体育,121,给我预约周六nba常规赛太阳对战老鹰,,,sports_match_reservation,"{""query"": {""and"": [{""field"": ""sport_game"", ""value"": ""NBA""}, {""field"": ""sport_team"", ""value"": ""太阳""}, {""field"": ""sport_team"", ""value"": ""老鹰""}, {""field"": ""sport_time"", ""value"": ""20260829""}, {""field"": ""sport_competition_phase"", ""value"": ""常规赛""}]}}",sports_match_reservation,"{""query"": {""and"": [{""field"": ""sport_game"", ""value"": ""NBA""}, {""field"": ""sport_team"", ""value"": ""太阳""}, {""field"": ""sport_team"", ""value"": ""老鹰""}, {""field"": ""sport_time"", ""value"": ""20260829""}, {""field"": ""sport_competition_phase"", ""value"": ""常规赛""}]}}",Y,Y,Y,
体育,125,预约河床队的球赛,,,sports_match_reservation,"{""query"": {""field"": ""sport_team"", ""value"": ""河床""}}",sports_match_reservation,"{""query"": {""field"": ""sport_team"", ""value"": ""河床""}}",Y,Y,Y,
体育,127,乒乓球比赛亚运会,,,sports_match_search,"{""query"": {""and"": [{""field"": ""sport_name"", ""value"": ""乒乓球""}, {""field"": ""sport_game"", ""value"": ""亚运会""}]}}",sports_match_search,"{""query"": {""and"": [{""field"": ""sport_name"", ""value"": ""乒乓球""}, {""field"": ""sport_game"", ""value"": ""亚运会""}]}}",Y,Y,Y,
体育,128,名古屋亚运会乒乓球混双,,,sports_match_search,"{""query"": {""and"": [{""field"": ""sport_game"", ""value"": ""亚运会""}, {""field"": ""sport_name"", ""value"": ""乒乓球""}]}}",sports_match_search,"{""query"": {""and"": [{""field"": ""sport_game"", ""value"": ""亚运会""}, {""field"": ""sport_name"", ""value"": ""乒乓球""}]}}",Y,Y,Y,
体育,126,预约世界杯决赛,,,sports_match_reservation,"{""query"": {""field"": ""sport_game"", ""value"": ""世界杯""}}",sports_match_reservation,"{""query"": {""field"": ""sport_game"", ""value"": ""世界杯""}}",Y,Y,Y,
体育,129,名古屋亚运会女单决赛,,,sports_match_search,"{""query"": {""and"": [{""field"": ""sport_game"", ""value"": ""亚运会""}, {""field"": ""sport_competition_phase"", ""value"": ""决赛""}]}}",sports_match_search,"{""query"": {""and"": [{""field"": ""sport_game"", ""value"": ""亚运会""}, {""field"": ""sport_competition_phase"", ""value"": ""决赛""}]}}",Y,Y,Y,
体育,124,预约泰勒弗里茨8月25日的下场球赛,,,sports_match_reservation,"{""query"": {""and"": [{""field"": ""sport_time"", ""value"": ""20260825""}, {""field"": ""sport_star"", ""value"": ""泰勒·弗里茨""}]}}",sports_match_reservation,"{""query"": {""and"": [{""field"": ""sport_time"", ""value"": ""20260825""}, {""field"": ""sport_star"", ""value"": ""泰勒·弗里茨""}]}}",Y,Y,Y,
体育,130,我想看亚运会乒乓球,,,sports_match_search,"{""query"": {""and"": [{""field"": ""sport_game"", ""value"": ""亚运会""}, {""field"": ""sport_name"", ""value"": ""乒乓球""}]}}",sports_match_search,"{""query"": {""and"": [{""field"": ""sport_game"", ""value"": ""亚运会""}, {""field"": ""sport_name"", ""value"": ""乒乓球""}]}}",Y,Y,Y,
体育,131,名古屋亚运会乒乓球女团决赛,,,sports_match_search,"{""query"": {""and"": [{""field"": ""sport_game"", ""value"": ""亚运会""}, {""field"": ""sport_name"", ""value"": ""乒乓球""}, {""field"": ""sport_competition_phase"", ""value"": ""决赛""}]}}",sports_match_search,"{""query"": {""and"": [{""field"": ""sport_game"", ""value"": ""亚运会""}, {""field"": ""sport_name"", ""value"": ""乒乓球""}, {""field"": ""sport_competition_phase"", ""value"": ""决赛""}]}}",Y,Y,Y,
体育,133,亚运会乒乓球混双决赛,,,sports_match_search,"{""query"": {""and"": [{""field"": ""sport_game"", ""value"": ""亚运会""}, {""field"": ""sport_name"", ""value"": ""乒乓球""}, {""field"": ""sport_competition_phase"", ""value"": ""决赛""}]}}",sports_match_search,"{""query"": {""and"": [{""field"": ""sport_game"", ""value"": ""亚运会""}, {""field"": ""sport_name"", ""value"": ""乒乓球""}, {""field"": ""sport_competition_phase"", ""value"": ""决赛""}]}}",Y,Y,Y,
体育,134,名古屋亚运会女子乒乓球,,,sports_match_search,"{""query"": {""and"": [{""field"": ""sport_game"", ""value"": ""亚运会""}, {""field"": ""sport_name"", ""value"": ""乒乓球""}]}}",sports_match_search,"{""query"": {""and"": [{""field"": ""sport_game"", ""value"": ""亚运会""}, {""field"": ""sport_name"", ""value"": ""乒乓球""}]}}",Y,Y,Y,
体育,132,名古屋亚运会女子乒乓球单打决赛,,,sports_match_search,"{""query"": {""and"": [{""field"": ""sport_game"", ""value"": ""亚运会""}, {""field"": ""sport_name"", ""value"": ""乒乓球""}, {""field"": ""sport_competition_phase"", ""value"": ""决赛""}]}}",sports_match_search,"{""query"": {""and"": [{""field"": ""sport_game"", ""value"": ""亚运会""}, {""field"": ""sport_name"", ""value"": ""乒乓球""}, {""field"": ""sport_competition_phase"", ""value"": ""决赛""}]}}",Y,Y,Y,
体育,136,名古屋亚运会男团决赛,,,sports_match_search,"{""query"": {""and"": [{""field"": ""sport_game"", ""value"": ""亚运会""}, {""field"": ""sport_competition_phase"", ""value"": ""决赛""}]}}",sports_match_search,"{""query"": {""and"": [{""field"": ""sport_game"", ""value"": ""亚运会""}, {""field"": ""sport_competition_phase"", ""value"": ""决赛""}]}}",Y,Y,Y,
体育,135,名古屋亚运会乒乓球混双决赛,,,sports_match_search,"{""query"": {""and"": [{""field"": ""sport_game"", ""value"": ""亚运会""}, {""field"": ""sport_name"", ""value"": ""乒乓球""}, {""field"": ""sport_competition_phase"", ""value"": ""决赛""}]}}",sports_match_search,"{""query"": {""and"": [{""field"": ""sport_game"", ""value"": ""亚运会""}, {""field"": ""sport_name"", ""value"": ""乒乓球""}, {""field"": ""sport_competition_phase"", ""value"": ""决赛""}]}}",Y,Y,Y,
体育,137,播放名古屋亚运会乒乓球赛,,,sports_match_search,"{""query"": {""and"": [{""field"": ""sport_game"", ""value"": ""亚运会""}, {""field"": ""sport_name"", ""value"": ""乒乓球""}]}}",sports_match_search,"{""query"": {""and"": [{""field"": ""sport_game"", ""value"": ""亚运会""}, {""field"": ""sport_name"", ""value"": ""乒乓球""}]}}",Y,Y,Y,
体育,138,亚运会乒乓球比赛直播,,,sports_vod_search,"{""query"": {""and"": [{""field"": ""sport_game"", ""value"": ""亚运会""}, {""field"": ""sport_name"", ""value"": ""乒乓球""}, {""field"": ""live_state"", ""value"": ""2""}]}}",sports_vod_search,"{""query"": {""and"": [{""field"": ""sport_game"", ""value"": ""亚运会""}, {""field"": ""sport_name"", ""value"": ""乒乓球""}, {""field"": ""live_state"", ""value"": ""2""}]}}",Y,Y,Y,
体育,139,播放乒乓球亚运会,,,sports_match_search,"{""query"": {""and"": [{""field"": ""sport_name"", ""value"": ""乒乓球""}, {""field"": ""sport_game"", ""value"": ""亚运会""}]}}",sports_match_search,"{""query"": {""and"": [{""field"": ""sport_name"", ""value"": ""乒乓球""}, {""field"": ""sport_game"", ""value"": ""亚运会""}]}}",Y,Y,Y,
体育,142,亚运会乒乓比赛,,,sports_match_search,"{""query"": {""and"": [{""field"": ""sport_game"", ""value"": ""亚运会""}, {""field"": ""sport_name"", ""value"": ""乒乓球""}]}}",sports_match_search,"{""query"": {""and"": [{""field"": ""sport_game"", ""value"": ""亚运会""}, {""field"": ""sport_name"", ""value"": ""乒乓球""}]}}",Y,Y,Y,
体育,140,2026年亚运会乒乓球比赛,,,sports_match_search,"{""query"": {""and"": [{""field"": ""sport_game"", ""value"": ""亚运会""}, {""field"": ""sport_name"", ""value"": ""乒乓球""}]}}",sports_match_search,"{""query"": {""and"": [{""field"": ""sport_game"", ""value"": ""亚运会""}, {""field"": ""sport_name"", ""value"": ""乒乓球""}]}}",Y,Y,Y,
体育,143,亚运会乒乓球决赛,,,sports_match_search,"{""query"": {""and"": [{""field"": ""sport_game"", ""value"": ""亚运会""}, {""field"": ""sport_name"", ""value"": ""乒乓球""}, {""field"": ""sport_competition_phase"", ""value"": ""决赛""}]}}",sports_match_search,"{""query"": {""and"": [{""field"": ""sport_game"", ""value"": ""亚运会""}, {""field"": ""sport_name"", ""value"": ""乒乓球""}, {""field"": ""sport_competition_phase"", ""value"": ""决赛""}]}}",Y,Y,Y,
体育,141,名古屋亚运会乒乓球男团决赛,,,sports_match_search,"{""query"": {""and"": [{""field"": ""sport_game"", ""value"": ""亚运会""}, {""field"": ""sport_name"", ""value"": ""乒乓球""}, {""field"": ""sport_competition_phase"", ""value"": ""决赛""}]}}",sports_match_search,"{""query"": {""and"": [{""field"": ""sport_game"", ""value"": ""亚运会""}, {""field"": ""sport_name"", ""value"": ""乒乓球""}, {""field"": ""sport_competition_phase"", ""value"": ""决赛""}]}}",Y,Y,Y,
体育,144,海信小聚亚运会乒乓球比赛,,,sports_match_search,"{""query"": {""and"": [{""field"": ""sport_game"", ""value"": ""亚运会""}, {""field"": ""sport_name"", ""value"": ""乒乓球""}]}}",sports_match_search,"{""query"": {""and"": [{""field"": ""sport_game"", ""value"": ""亚运会""}, {""field"": ""sport_name"", ""value"": ""乒乓球""}]}}",Y,Y,Y,
体育,146,播放亚运会女子体操,,,sports_match_search,"{""query"": {""and"": [{""field"": ""sport_game"", ""value"": ""亚运会""}, {""field"": ""sport_name"", ""value"": ""体操""}]}}",sports_match_search,"{""query"": {""and"": [{""field"": ""sport_game"", ""value"": ""亚运会""}, {""field"": ""sport_name"", ""value"": ""体操""}]}}",Y,Y,Y,
体育,147,名古屋亚运会体操,,,sports_match_search,"{""query"": {""and"": [{""field"": ""sport_game"", ""value"": ""亚运会""}, {""field"": ""sport_name"", ""value"": ""体操""}]}}",sports_match_search,"{""query"": {""and"": [{""field"": ""sport_game"", ""value"": ""亚运会""}, {""field"": ""sport_name"", ""value"": ""体操""}]}}",Y,Y,Y,
体育,148,我想看亚运会女子体操,,,sports_match_search,"{""query"": {""and"": [{""field"": ""sport_game"", ""value"": ""亚运会""}, {""field"": ""sport_name"", ""value"": ""体操""}]}}",sports_match_search,"{""query"": {""and"": [{""field"": ""sport_game"", ""value"": ""亚运会""}, {""field"": ""sport_name"", ""value"": ""体操""}]}}",Y,Y,Y,
体育,149,皇马主场对利物浦的比赛,,,sports_match_search,"{""query"": {""and"": [{""field"": ""sport_team_home"", ""value"": ""皇马""}, {""field"": ""sport_team_guest"", ""value"": ""利物浦""}]}}",sports_match_search,"{""query"": {""and"": [{""field"": ""sport_team_home"", ""value"": ""皇马""}, {""field"": ""sport_team_guest"", ""value"": ""利物浦""}]}}",Y,Y,Y,
体育,145,名古屋亚运会女子体操比赛,,,sports_match_search,"{""query"": {""and"": [{""field"": ""sport_game"", ""value"": ""亚运会""}, {""field"": ""sport_name"", ""value"": ""体操""}]}}",sports_match_search,"{""query"": {""and"": [{""field"": ""sport_game"", ""value"": ""亚运会""}, {""field"": ""sport_name"", ""value"": ""体操""}]}}",Y,Y,Y,
体育,154,明日足球赛事,,,sports_match_search,"{""query"": {""and"": [{""field"": ""sport_name"", ""value"": ""足球""}, {""field"": ""sport_time"", ""value"": ""20260912""}]}}",sports_match_search,"{""query"": {""and"": [{""field"": ""sport_name"", ""value"": ""足球""}, {""field"": ""sport_time"", ""value"": ""20260912""}]}}",Y,Y,Y,
体育,151,C罗的赛事,,,sports_match_search,"{""query"": {""field"": ""sport_star"", ""value"": ""C罗""}}",sports_match_search,"{""query"": {""field"": ""sport_star"", ""value"": ""C罗""}}",Y,Y,Y,
体育,153,上周有什么篮球比赛安排,,,sports_match_search,"{""query"": {""and"": [{""field"": ""sport_name"", ""value"": ""篮球""}, {""field"": ""sport_time_range"", ""from"": ""20260831 00:00:00"", ""to"": ""20260906 23:59:59""}]}}",sports_match_search,"{""query"": {""and"": [{""field"": ""sport_name"", ""value"": ""篮球""}, {""field"": ""sport_time_range"", ""from"": ""20260831 00:00:00"", ""to"": ""20260906 23:59:59""}]}}",Y,Y,Y,
体育,152,欧洲杯C组第三轮的比赛,,,sports_match_search,"{""query"": {""and"": [{""field"": ""sport_game"", ""value"": ""欧洲杯""}, {""field"": ""sport_competition_phase"", ""value"": ""小组赛""}]}}",sports_match_search,"{""query"": {""and"": [{""field"": ""sport_game"", ""value"": ""欧洲杯""}, {""field"": ""sport_competition_phase"", ""value"": ""小组赛""}]}}",Y,Y,Y,
体育,150,12月8日的英超比赛,,,sports_match_search,"{""query"": {""and"": [{""field"": ""sport_game"", ""value"": ""英超""}, {""field"": ""sport_time"", ""value"": ""20261208""}]}}",sports_match_search,"{""query"": {""and"": [{""field"": ""sport_game"", ""value"": ""英超""}, {""field"": ""sport_time"", ""value"": ""20261208""}]}}",Y,Y,Y,
体育,159,播放西甲的比赛,,,sports_match_search,"{""query"": {""field"": ""sport_game"", ""value"": ""西甲""}}",sports_match_search,"{""query"": {""field"": ""sport_game"", ""value"": ""西甲""}}",Y,Y,Y,
体育,158,北京控股篮球队的比赛,,,sports_match_search,"{""query"": {""and"": [{""field"": ""sport_team"", ""value"": ""北京控股""}, {""field"": ""sport_name"", ""value"": ""篮球""}]}}",sports_match_search,"{""query"": {""and"": [{""field"": ""sport_team"", ""value"": ""北京控股""}, {""field"": ""sport_name"", ""value"": ""篮球""}]}}",Y,Y,Y,
体育,155,播放2025年跳水比赛免费,,,sports_match_search,"{""query"": {""field"": ""sport_name"", ""value"": ""跳水""}}",sports_match_search,"{""query"": {""field"": ""sport_name"", ""value"": ""跳水""}}",Y,Y,Y,
体育,157,播放乒乓球女单半决赛,,,sports_match_search,"{""query"": {""and"": [{""field"": ""sport_name"", ""value"": ""乒乓球""}, {""field"": ""sport_competition_phase"", ""value"": ""半决赛""}]}}",sports_match_search,"{""query"": {""and"": [{""field"": ""sport_name"", ""value"": ""乒乓球""}, {""field"": ""sport_competition_phase"", ""value"": ""半决赛""}]}}",Y,Y,Y,
体育,156,最近有没有山东的篮球赛,,,sports_match_search,"{""query"": {""and"": [{""field"": ""sport_name"", ""value"": ""篮球""}, {""field"": ""sport_team"", ""value"": ""山东""}]}}",sports_match_search,"{""query"": {""and"": [{""field"": ""sport_name"", ""value"": ""篮球""}, {""field"": ""sport_team"", ""value"": ""山东""}]}}",Y,Y,Y,
体育,162,我想看田径比赛,,,sports_match_search,"{""query"": {""field"": ""sport_name"", ""value"": ""田径""}}",sports_match_search,"{""query"": {""field"": ""sport_name"", ""value"": ""田径""}}",Y,Y,Y,
体育,160,NBA，昨日比赛,,,sports_match_search,"{""query"": {""and"": [{""field"": ""sport_game"", ""value"": ""NBA""}, {""field"": ""sport_time"", ""value"": ""20260910""}]}}",sports_match_search,"{""query"": {""and"": [{""field"": ""sport_game"", ""value"": ""NBA""}, {""field"": ""sport_time"", ""value"": ""20260910""}]}}",Y,Y,Y,
体育,164,亚洲杯最近的比赛,,,sports_match_search,"{""query"": {""field"": ""sport_game"", ""value"": ""亚洲杯""}}",sports_match_search,"{""query"": {""field"": ""sport_game"", ""value"": ""亚洲杯""}}",Y,Y,Y,
体育,163,世界杯1/8决赛英格兰对丹麦,,,sports_match_search,"{""query"": {""and"": [{""field"": ""sport_game"", ""value"": ""世界杯""}, {""field"": ""sport_competition_phase"", ""value"": ""1/8决赛""}, {""field"": ""sport_team"", ""operator"": ""or"", ""values"": [""英格兰"", ""丹麦""]}]}}",sports_match_search,"{""query"": {""and"": [{""field"": ""sport_game"", ""value"": ""世界杯""}, {""field"": ""sport_competition_phase"", ""value"": ""1/8决赛""}, {""field"": ""sport_team"", ""operator"": ""or"", ""values"": [""英格兰"", ""丹麦""]}]}}",Y,Y,Y,
体育,161,请给我放免费的哈兰德的足球比赛,,,sports_match_search,"{""query"": {""and"": [{""field"": ""sport_star"", ""value"": ""哈兰德""}, {""field"": ""sport_name"", ""value"": ""足球""}]}}",sports_match_search,"{""query"": {""and"": [{""field"": ""sport_star"", ""value"": ""哈兰德""}, {""field"": ""sport_name"", ""value"": ""足球""}]}}",Y,Y,Y,
体育,165,英超后面的比赛,,,sports_match_search,"{""query"": {""field"": ""sport_game"", ""value"": ""英超""}}",sports_match_search,"{""query"": {""and"": [{""field"": ""sport_game"", ""value"": ""英超""}, {""field"": ""live_state"", ""value"": ""1""}]}}",Y,N,N,"query: gold={""field"": ""sport_game"", ""value"": ""英超""} pred={""and"": [{""field"": ""live_state"", ""value"": ""1""}, {""field"": ""sport_game"", ""value"": ""英超""}]}"
体育,166,意甲接下来的比赛,,,sports_match_search,"{""query"": {""field"": ""sport_game"", ""value"": ""意甲""}}",sports_match_search,"{""query"": {""field"": ""sport_game"", ""value"": ""意甲""}}",Y,Y,Y,
体育,167,皇马客场对罗马的比赛,,,sports_match_search,"{""query"": {""and"": [{""field"": ""sport_team_home"", ""value"": ""罗马""}, {""field"": ""sport_team_guest"", ""value"": ""皇马""}]}}",sports_match_search,"{""query"": {""and"": [{""field"": ""sport_team_home"", ""value"": ""罗马""}, {""field"": ""sport_team_guest"", ""value"": ""皇马""}]}}",Y,Y,Y,
体育,169,明天的比赛,,,sports_match_search,"{""query"": {""field"": ""sport_time"", ""value"": ""20260912""}}",sports_match_search,"{""query"": {""field"": ""sport_time"", ""value"": ""20260912""}}",Y,Y,Y,
体育,168,播放8月29日赫尔城的比赛,,,sports_match_search,"{""query"": {""and"": [{""field"": ""sport_team"", ""value"": ""赫尔城""}, {""field"": ""sport_time"", ""value"": ""20260829""}]}}",sports_match_search,"{""query"": {""and"": [{""field"": ""sport_team"", ""value"": ""赫尔城""}, {""field"": ""sport_time"", ""value"": ""20260829""}]}}",Y,Y,Y,
体育,170,进行中的比赛,,,sports_match_search,"{""query"": {""field"": ""live_state"", ""value"": ""2""}}",sports_match_search,"{""query"": {""field"": ""live_state"", ""value"": ""2""}}",Y,Y,Y,
体育,171,皇马后面的比赛,,,sports_match_search,"{""query"": {""field"": ""sport_team"", ""value"": ""皇马""}}",sports_match_search,"{""query"": {""field"": ""sport_team"", ""value"": ""皇马""}}",Y,Y,Y,
体育,172,我想看打乒乓球,,,sports_match_search,"{""query"": {""field"": ""sport_name"", ""value"": ""乒乓球""}}",sports_match_search,"{""query"": {""field"": ""sport_name"", ""value"": ""乒乓球""}}",Y,Y,Y,
体育,173,看女子体操,,,sports_match_search,"{""query"": {""field"": ""sport_name"", ""value"": ""体操""}}",sports_match_search,"{""query"": {""field"": ""sport_name"", ""value"": ""体操""}}",Y,Y,Y,
体育,174,游泳赛,,,sports_match_search,"{""query"": {""field"": ""sport_name"", ""value"": ""游泳""}}",sports_match_search,"{""query"": {""field"": ""sport_name"", ""value"": ""游泳""}}",Y,Y,Y,
体育,175,女足直播,,,sports_match_search,"{""query"": {""and"": [{""field"": ""sport_name"", ""value"": ""足球""}, {""field"": ""live_state"", ""value"": ""2""}]}}",sports_match_search,"{""query"": {""and"": [{""field"": ""sport_name"", ""value"": ""足球""}, {""field"": ""live_state"", ""value"": ""2""}]}}",Y,Y,Y,
体育,176,女团决赛,,,sports_match_search,"{""query"": {""field"": ""sport_competition_phase"", ""value"": ""决赛""}}",sports_match_search,"{""query"": {""field"": ""sport_competition_phase"", ""value"": ""决赛""}}",Y,Y,Y,
体育,178,男子篮球,,,sports_match_search,"{""query"": {""field"": ""sport_name"", ""value"": ""篮球""}}",sports_match_search,"{""query"": {""field"": ""sport_name"", ""value"": ""篮球""}}",Y,Y,Y,
体育,177,中国男足对韩国男足,,,sports_match_search,"{""query"": {""and"": [{""field"": ""sport_team"", ""operator"": ""or"", ""values"": [""中国"", ""韩国""]}, {""field"": ""sport_name"", ""value"": ""足球""}]}}",sports_match_search,"{""query"": {""and"": [{""field"": ""sport_team"", ""operator"": ""or"", ""values"": [""中国"", ""韩国""]}, {""field"": ""sport_name"", ""value"": ""足球""}]}}",Y,Y,Y,
体育,179,乒乓球半决赛,,,sports_match_search,"{""query"": {""and"": [{""field"": ""sport_name"", ""value"": ""乒乓球""}, {""field"": ""sport_competition_phase"", ""value"": ""半决赛""}]}}",sports_match_search,"{""query"": {""and"": [{""field"": ""sport_name"", ""value"": ""乒乓球""}, {""field"": ""sport_competition_phase"", ""value"": ""半决赛""}]}}",Y,Y,Y,
体育,188,播放名古屋亚运会赛程,,,sports_match_search,"{""query"": {""field"": ""sport_game"", ""value"": ""亚运会""}}",sports_match_search,"{""query"": {""field"": ""sport_game"", ""value"": ""亚运会""}}",Y,Y,Y,
体育,189,名古屋亚运开幕式,,,sports_vod_search,"{""query"": {""field"": ""title"", ""value"": ""名古屋亚运会开幕式""}}",vod_fuzzy_search,"{""retext"": ""名古屋亚运开幕式""}",N,N,N,"query: gold={""field"": ""title"", ""value"": ""名古屋亚运会开幕式""} pred=; retext: gold= pred=""名古屋亚运开幕式"""
体育,194,亚运会开幕时,,,sports_vod_search,"{""query"": {""field"": ""title"", ""value"": ""亚运会开幕式""}}",execute,,N,N,N,"query: gold={""field"": ""title"", ""value"": ""亚运会开幕式""} pred="
体育,192,亚运会开幕式播放,,,sports_vod_search,"{""query"": {""field"": ""title"", ""value"": ""亚运会开幕式""}}",vod_search,"{""action"": ""play"", ""query"": {""field"": ""title"", ""value"": ""亚运会开幕式""}, ""retext"": ""亚运会开幕式播放""}",N,N,N,"action: gold= pred=""play""; retext: gold= pred=""亚运会开幕式播放"""
体育,190,名古屋亚运会开幕式晚会,,,sports_vod_search,"{""query"": {""field"": ""title"", ""value"": ""名古屋亚运会开幕式晚会""}}",vod_search,"{""action"": ""search"", ""query"": {""field"": ""title"", ""value"": ""名古屋亚运会开幕式晚会""}, ""retext"": ""名古屋亚运会开幕式晚会""}",N,N,N,"action: gold= pred=""search""; retext: gold= pred=""名古屋亚运会开幕式晚会"""
体育,191,小聚小聚播放亚运会开幕式,,,sports_vod_search,"{""query"": {""field"": ""title"", ""value"": ""亚运会开幕式""}}",vod_search,"{""action"": ""play"", ""query"": {""field"": ""title"", ""value"": ""亚运会开幕式""}, ""retext"": ""小聚小聚播放亚运会开幕式""}",N,N,N,"action: gold= pred=""play""; retext: gold= pred=""小聚小聚播放亚运会开幕式"""
体育,182,世界杯颁奖典礼,,,sports_vod_search,"{""query"": {""field"": ""title"", ""value"": ""世界杯颁奖典礼""}}",sports_vod_search,"{""query"": {""field"": ""title"", ""value"": ""世界杯颁奖典礼""}}",Y,Y,Y,
体育,183,播放亚运会乒乓球决赛,,,sports_vod_search,"{""query"": {""and"": [{""field"": ""sport_game"", ""value"": ""亚运会""}, {""field"": ""sport_name"", ""value"": ""乒乓球""}, {""field"": ""sport_competition_phase"", ""value"": ""决赛""}]}}",sports_vod_search,"{""query"": {""and"": [{""field"": ""sport_game"", ""value"": ""亚运会""}, {""field"": ""sport_name"", ""value"": ""乒乓球""}, {""field"": ""sport_competition_phase"", ""value"": ""决赛""}]}}",Y,Y,Y,
体育,180,播放世界杯颁奖仪式,,,sports_vod_search,"{""query"": {""field"": ""title"", ""value"": ""世界杯颁奖仪式""}}",sports_vod_search,"{""query"": {""field"": ""title"", ""value"": ""世界杯颁奖仪式""}}",Y,Y,Y,
体育,181,世界杯颁奖仪式,,,sports_vod_search,"{""query"": {""field"": ""title"", ""value"": ""世界杯颁奖仪式""}}",sports_vod_search,"{""query"": {""field"": ""title"", ""value"": ""世界杯颁奖仪式""}}",Y,Y,Y,
体育,184,播放名古屋亚运会乒乓球决赛,,,sports_vod_search,"{""query"": {""and"": [{""field"": ""sport_game"", ""value"": ""亚运会""}, {""field"": ""sport_name"", ""value"": ""乒乓球""}, {""field"": ""sport_competition_phase"", ""value"": ""决赛""}]}}",sports_vod_search,"{""query"": {""and"": [{""field"": ""sport_game"", ""value"": ""亚运会""}, {""field"": ""sport_name"", ""value"": ""乒乓球""}, {""field"": ""sport_competition_phase"", ""value"": ""决赛""}]}}",Y,Y,Y,
体育,186,打开亚运会比赛现场,,,sports_vod_search,"{""query"": {""field"": ""sport_game"", ""value"": ""亚运会""}}",sports_vod_search,"{""query"": {""field"": ""sport_game"", ""value"": ""亚运会""}}",Y,Y,Y,
体育,185,爱知名古屋亚运会女子体操,,,sports_vod_search,"{""query"": {""and"": [{""field"": ""sport_game"", ""value"": ""亚运会""}, {""field"": ""sport_name"", ""value"": ""体操""}]}}",sports_vod_search,"{""query"": {""and"": [{""field"": ""sport_game"", ""value"": ""亚运会""}, {""field"": ""sport_name"", ""value"": ""体操""}]}}",Y,Y,Y,
体育,187,亚运会精彩瞬间,,,sports_vod_search,"{""query"": {""field"": ""title"", ""value"": ""亚运会精彩瞬间""}}",sports_vod_search,"{""query"": {""field"": ""title"", ""value"": ""亚运会精彩瞬间""}}",Y,Y,Y,
体育,195,播亚运会开幕式,,,sports_vod_search,"{""query"": {""field"": ""title"", ""value"": ""亚运会开幕式""}}",vod_search,"{""action"": ""play"", ""query"": {""field"": ""title"", ""value"": ""亚运会开幕式""}, ""retext"": ""播亚运会开幕式""}",N,N,N,"action: gold= pred=""play""; retext: gold= pred=""播亚运会开幕式"""
体育,193,2026年名古屋亚运会开幕式完整版,,,sports_vod_search,"{""query"": {""field"": ""title"", ""value"": ""名古屋亚运会开幕式""}}",vod_search,"{""action"": ""search"", ""query"": {""and"": [{""field"": ""title"", ""value"": ""2026年名古屋亚运会开幕式""}, {""field"": ""release_time"", ""from"": ""20260101"", ""to"": ""20261231""}]}, ""retext"": ""2026年名古屋亚运会开幕式完整版""}",N,N,N,"action: gold= pred=""search""; query: gold={""field"": ""title"", ""value"": ""名古屋亚运会开幕式""} pred={""and"": [{""field"": ""release_time"", ""from"": ""20260101"", ""to"": ""20261231""}, {""field"": ""title"", ""value"": ""2026年名古屋亚运会开幕式""}]}; retext: gold= pred=""2026年名古屋亚运会开幕式完整版"""
体育,196,搜一下亚运会开幕式,,,sports_vod_search,"{""query"": {""field"": ""title"", ""value"": ""亚运会开幕式""}}",vod_search,"{""action"": ""search"", ""query"": {""field"": ""title"", ""value"": ""亚运会开幕式""}, ""retext"": ""搜一下亚运会开幕式""}",N,N,N,"action: gold= pred=""search""; retext: gold= pred=""搜一下亚运会开幕式"""
体育,197,亚运会开幕式表演,,,sports_vod_search,"{""query"": {""field"": ""title"", ""value"": ""亚运会开幕式表演""}}",vod_search,"{""action"": ""search"", ""query"": {""field"": ""title"", ""value"": ""亚运会开幕式表演""}, ""retext"": ""亚运会开幕式表演""}",N,N,N,"action: gold= pred=""search""; retext: gold= pred=""亚运会开幕式表演"""
体育,198,播放亚运会开幕式回放,,,sports_vod_search,"{""query"": {""field"": ""title"", ""value"": ""亚运会开幕式""}}",vod_search,"{""action"": ""play"", ""query"": {""field"": ""title"", ""value"": ""亚运会开幕式""}, ""retext"": ""播放亚运会开幕式回放""}",N,N,N,"action: gold= pred=""play""; retext: gold= pred=""播放亚运会开幕式回放"""
体育,200,搜索亚运会开幕式,,,sports_vod_search,"{""query"": {""field"": ""title"", ""value"": ""亚运会开幕式""}}",vod_search,"{""action"": ""search"", ""query"": {""field"": ""title"", ""value"": ""亚运会开幕式""}, ""retext"": ""搜索亚运会开幕式""}",N,N,N,"action: gold= pred=""search""; retext: gold= pred=""搜索亚运会开幕式"""
体育,201,海信小聚播放亚运会开幕式,,,sports_vod_search,"{""query"": {""field"": ""title"", ""value"": ""亚运会开幕式""}}",vod_search,"{""action"": ""play"", ""query"": {""field"": ""title"", ""value"": ""亚运会开幕式""}, ""retext"": ""海信小聚播放亚运会开幕式""}",N,N,N,"action: gold= pred=""play""; retext: gold= pred=""海信小聚播放亚运会开幕式"""
体育,202,名古屋亚运会开幕晚会,,,sports_vod_search,"{""query"": {""field"": ""title"", ""value"": ""名古屋亚运会开幕晚会""}}",vod_search,"{""action"": ""search"", ""query"": {""field"": ""title"", ""value"": ""名古屋亚运会开幕晚会""}, ""retext"": ""名古屋亚运会开幕晚会""}",N,N,N,"action: gold= pred=""search""; retext: gold= pred=""名古屋亚运会开幕晚会"""
体育,203,我要看亚运会开幕式回放,,,sports_vod_search,"{""query"": {""field"": ""title"", ""value"": ""亚运会开幕式""}}",vod_search,"{""action"": ""search"", ""query"": {""and"": [{""field"": ""title"", ""value"": ""亚运会开幕式""}, {""field"": ""category"", ""value"": ""晚会""}]}, ""retext"": ""我要看亚运会开幕式回放""}",N,N,N,"action: gold= pred=""search""; query: gold={""field"": ""title"", ""value"": ""亚运会开幕式""} pred={""and"": [{""field"": ""category"", ""value"": ""晚会""}, {""field"": ""title"", ""value"": ""亚运会开幕式""}]}; retext: gold= pred=""我要看亚运会开幕式回放"""
体育,199,播放二零二六亚运会开幕式,,,sports_vod_search,"{""query"": {""field"": ""title"", ""value"": ""亚运会开幕式""}}",vod_search,"{""action"": ""play"", ""query"": {""and"": [{""field"": ""title"", ""value"": ""2026亚运会开幕式""}, {""field"": ""release_time"", ""from"": ""20260101"", ""to"": ""20261231""}]}, ""retext"": ""播放二零二六亚运会开幕式""}",N,N,N,"action: gold= pred=""play""; query: gold={""field"": ""title"", ""value"": ""亚运会开幕式""} pred={""and"": [{""field"": ""release_time"", ""from"": ""20260101"", ""to"": ""20261231""}, {""field"": ""title"", ""value"": ""2026亚运会开幕式""}]}; retext: gold= pred=""播放二零二六亚运会开幕式"""
体育,205,播放名古屋亚运会开幕式完整版,,,sports_vod_search,"{""query"": {""field"": ""title"", ""value"": ""名古屋亚运会开幕式""}}",vod_search,"{""action"": ""play"", ""query"": {""field"": ""title"", ""value"": ""名古屋亚运会开幕式""}, ""retext"": ""播放名古屋亚运会开幕式完整版""}",N,N,N,"action: gold= pred=""play""; retext: gold= pred=""播放名古屋亚运会开幕式完整版"""
体育,204,回放爱知名古屋亚运会开幕式,,,sports_vod_search,"{""query"": {""field"": ""title"", ""value"": ""名古屋亚运会开幕式""}}",vod_search,"{""action"": ""play"", ""query"": {""field"": ""title"", ""value"": ""爱知名古屋亚运会开幕式""}, ""retext"": ""回放爱知名古屋亚运会开幕式""}",N,N,N,"action: gold= pred=""play""; query: gold={""field"": ""title"", ""value"": ""名古屋亚运会开幕式""} pred={""field"": ""title"", ""value"": ""爱知名古屋亚运会开幕式""}; retext: gold= pred=""回放爱知名古屋亚运会开幕式"""
体育,207,请播放亚运会开幕式,,,sports_vod_search,"{""query"": {""field"": ""title"", ""value"": ""亚运会开幕式""}}",vod_search,"{""action"": ""play"", ""query"": {""field"": ""title"", ""value"": ""亚运会开幕式""}, ""retext"": ""请播放亚运会开幕式""}",N,N,N,"action: gold= pred=""play""; retext: gold= pred=""请播放亚运会开幕式"""
体育,214,我要看查韦斯,,,sports_vod_search,"{""query"": {""field"": ""sport_star"", ""value"": ""查韦斯""}}",vod_search,"{""action"": ""search"", ""query"": {""field"": ""role"", ""value"": ""查韦斯""}, ""retext"": ""我要看查韦斯""}",N,N,N,"action: gold= pred=""search""; query: gold={""field"": ""sport_star"", ""value"": ""查韦斯""} pred={""field"": ""role"", ""value"": ""查韦斯""}; retext: gold= pred=""我要看查韦斯"""
体育,206,播放亚运会片段,,,sports_vod_search,"{""query"": {""field"": ""title"", ""value"": ""亚运会片段""}}",sports_vod_search,"{""query"": {""field"": ""title"", ""value"": ""亚运会片段""}}",Y,Y,Y,
体育,208,播放亚运会跳水视频,,,sports_vod_search,"{""query"": {""and"": [{""field"": ""sport_game"", ""value"": ""亚运会""}, {""field"": ""sport_name"", ""value"": ""跳水""}]}}",sports_vod_search,"{""query"": {""and"": [{""field"": ""sport_game"", ""value"": ""亚运会""}, {""field"": ""sport_name"", ""value"": ""跳水""}]}}",Y,Y,Y,
体育,209,亚运会全红婵跳水视频,,,sports_vod_search,"{""query"": {""and"": [{""field"": ""sport_game"", ""value"": ""亚运会""}, {""field"": ""sport_name"", ""value"": ""跳水""}, {""field"": ""sport_star"", ""value"": ""全红婵""}]}}",sports_vod_search,"{""query"": {""and"": [{""field"": ""sport_game"", ""value"": ""亚运会""}, {""field"": ""sport_name"", ""value"": ""跳水""}, {""field"": ""sport_star"", ""value"": ""全红婵""}]}}",Y,Y,Y,
体育,223,山地自行车视频,,,sports_vod_search,"{""query"": {""field"": ""sport_name"", ""value"": ""山地自行车""}}",vod_search,"{""action"": ""search"", ""query"": {""field"": ""tag"", ""value"": ""山地自行车""}, ""retext"": ""山地自行车视频""}",N,N,N,"action: gold= pred=""search""; query: gold={""field"": ""sport_name"", ""value"": ""山地自行车""} pred={""field"": ""tag"", ""value"": ""山地自行车""}; retext: gold= pred=""山地自行车视频"""
体育,225,钓鱼的视频,,,sports_vod_search,"{""query"": {""field"": ""sport_name"", ""value"": ""钓鱼""}}",vod_search,"{""action"": ""search"", ""query"": {""field"": ""tag"", ""value"": ""钓鱼""}, ""retext"": ""钓鱼的视频""}",N,N,N,"action: gold= pred=""search""; query: gold={""field"": ""sport_name"", ""value"": ""钓鱼""} pred={""field"": ""tag"", ""value"": ""钓鱼""}; retext: gold= pred=""钓鱼的视频"""
体育,210,名古屋亚运会节目,,,sports_vod_search,"{""query"": {""field"": ""sport_game"", ""value"": ""亚运会""}}",sports_vod_search,"{""query"": {""field"": ""sport_game"", ""value"": ""亚运会""}}",Y,Y,Y,
体育,211,播放名古屋亚运会赛场,,,sports_vod_search,"{""query"": {""field"": ""sport_game"", ""value"": ""亚运会""}}",sports_vod_search,"{""query"": {""field"": ""sport_game"", ""value"": ""亚运会""}}",Y,Y,Y,
体育,213,放运动会,,,sports_vod_search,"{""query"": {""field"": ""sport_game"", ""value"": ""运动会""}}",sports_vod_search,"{""query"": {""field"": ""sport_game"", ""value"": ""运动会""}}",Y,Y,Y,
体育,212,播放亚运会比赛节目,,,sports_vod_search,"{""query"": {""field"": ""sport_game"", ""value"": ""亚运会""}}",sports_vod_search,"{""query"": {""field"": ""sport_game"", ""value"": ""亚运会""}}",Y,Y,Y,
体育,215,皇马的视频,,,sports_vod_search,"{""query"": {""field"": ""sport_team"", ""value"": ""皇马""}}",sports_vod_search,"{""query"": {""field"": ""sport_team"", ""value"": ""皇马""}}",Y,Y,Y,
体育,217,播放世界杯集锦,,,sports_vod_search,"{""query"": {""field"": ""title"", ""value"": ""世界杯集锦""}}",sports_vod_search,"{""query"": {""field"": ""title"", ""value"": ""世界杯集锦""}}",Y,Y,Y,
体育,216,播放科比在NBA投篮的精彩瞬间,,,sports_vod_search,"{""query"": {""and"": [{""field"": ""sport_star"", ""value"": ""科比""}, {""field"": ""sport_game"", ""value"": ""NBA""}]}}",sports_vod_search,"{""query"": {""and"": [{""field"": ""sport_star"", ""value"": ""科比""}, {""field"": ""sport_game"", ""value"": ""NBA""}]}}",Y,Y,Y,
体育,218,找下轮椅冰壶的比赛视频,,,sports_vod_search,"{""query"": {""field"": ""sport_name"", ""value"": ""轮椅冰壶""}}",sports_vod_search,"{""query"": {""field"": ""sport_name"", ""value"": ""轮椅冰壶""}}",Y,Y,Y,
体育,219,我想看2010年NBA总决赛视频,,,sports_vod_search,"{""query"": {""and"": [{""field"": ""sport_game"", ""value"": ""NBA""}, {""field"": ""sport_competition_phase"", ""value"": ""总决赛""}]}}",sports_vod_search,"{""query"": {""and"": [{""field"": ""sport_game"", ""value"": ""NBA""}, {""field"": ""sport_competition_phase"", ""value"": ""总决赛""}]}}",Y,Y,Y,
体育,220,看足球视频,,,sports_vod_search,"{""query"": {""field"": ""sport_name"", ""value"": ""足球""}}",sports_vod_search,"{""query"": {""field"": ""sport_name"", ""value"": ""足球""}}",Y,Y,Y,
体育,221,今年欧联的视频,,,sports_vod_search,"{""query"": {""field"": ""sport_game"", ""value"": ""欧联""}}",sports_vod_search,"{""query"": {""field"": ""sport_game"", ""value"": ""欧联""}}",Y,Y,Y,
体育,222,观看世界杯荷兰队的视频,,,sports_vod_search,"{""query"": {""and"": [{""field"": ""sport_game"", ""value"": ""世界杯""}, {""field"": ""sport_team"", ""value"": ""荷兰""}]}}",sports_vod_search,"{""query"": {""and"": [{""field"": ""sport_game"", ""value"": ""世界杯""}, {""field"": ""sport_team"", ""value"": ""荷兰""}]}}",Y,Y,Y,
体育,224,科比在NBA投篮的经典回顾,,,sports_vod_search,"{""query"": {""and"": [{""field"": ""sport_star"", ""value"": ""科比""}, {""field"": ""sport_game"", ""value"": ""NBA""}]}}",sports_vod_search,"{""query"": {""and"": [{""field"": ""sport_star"", ""value"": ""科比""}, {""field"": ""sport_game"", ""value"": ""NBA""}]}}",Y,Y,Y,
体育,226,去年巴萨的比赛集锦,,,sports_vod_search,"{""query"": {""field"": ""sport_team"", ""value"": ""巴萨""}}",sports_vod_search,"{""query"": {""field"": ""sport_team"", ""value"": ""巴萨""}}",Y,Y,Y,
体育,227,搜索莎拉波娃经典视频,,,sports_vod_search,"{""query"": {""field"": ""sport_star"", ""value"": ""莎拉波娃""}}",sports_vod_search,"{""query"": {""field"": ""sport_star"", ""value"": ""莎拉波娃""}}",Y,Y,Y,
体育,228,UFC萨鲁吉安VS霍克的视频集锦,,,sports_vod_search,"{""query"": {""and"": [{""field"": ""sport_game"", ""value"": ""UFC""}, {""field"": ""sport_star"", ""operator"": ""or"", ""values"": [""萨鲁吉安"", ""霍克""]}]}}",sports_vod_search,"{""query"": {""and"": [{""field"": ""sport_game"", ""value"": ""UFC""}, {""field"": ""sport_star"", ""operator"": ""or"", ""values"": [""萨鲁吉安"", ""霍克""]}]}}",Y,Y,Y,
体育,229,C罗的视频,,,sports_vod_search,"{""query"": {""field"": ""sport_star"", ""value"": ""C罗""}}",sports_vod_search,"{""query"": {""field"": ""sport_star"", ""value"": ""C罗""}}",Y,Y,Y,
体育,230,亚运会的视频,,,sports_vod_search,"{""query"": {""field"": ""sport_game"", ""value"": ""亚运会""}}",sports_vod_search,"{""query"": {""field"": ""sport_game"", ""value"": ""亚运会""}}",Y,Y,Y,
体育,233,播放曼联跟利物浦的比赛视频,,,sports_vod_search,"{""query"": {""field"": ""sport_team"", ""operator"": ""or"", ""values"": [""曼联"", ""利物浦""]}}",sports_vod_search,"{""query"": {""field"": ""sport_team"", ""operator"": ""or"", ""values"": [""曼联"", ""利物浦""]}}",Y,Y,Y,
体育,231,美加墨世界杯的视频,,,sports_vod_search,"{""query"": {""field"": ""sport_game"", ""value"": ""世界杯""}}",sports_vod_search,"{""query"": {""field"": ""sport_game"", ""value"": ""世界杯""}}",Y,Y,Y,
体育,232,播放皇家马德里和巴塞罗那的比赛视频,,,sports_vod_search,"{""query"": {""field"": ""sport_team"", ""operator"": ""or"", ""values"": [""皇家马德里"", ""巴塞罗那""]}}",sports_vod_search,"{""query"": {""field"": ""sport_team"", ""operator"": ""or"", ""values"": [""皇家马德里"", ""巴塞罗那""]}}",Y,Y,Y,
体育,234,播放曼城和阿森纳的比赛视频,,,sports_vod_search,"{""query"": {""field"": ""sport_team"", ""operator"": ""or"", ""values"": [""曼城"", ""阿森纳""]}}",sports_vod_search,"{""query"": {""field"": ""sport_team"", ""operator"": ""or"", ""values"": [""曼城"", ""阿森纳""]}}",Y,Y,Y,
体育,236,播放 AC 米兰和尤文图斯的比赛视频,,,sports_vod_search,"{""query"": {""field"": ""sport_team"", ""operator"": ""or"", ""values"": [""AC米兰"", ""尤文图斯""]}}",sports_vod_search,"{""query"": {""field"": ""sport_team"", ""operator"": ""or"", ""values"": [""AC米兰"", ""尤文图斯""]}}",Y,Y,Y,
体育,235,播放拜仁慕尼黑跟多特蒙德的比赛视频,,,sports_vod_search,"{""query"": {""field"": ""sport_team"", ""operator"": ""or"", ""values"": [""拜仁慕尼黑"", ""多特蒙德""]}}",sports_vod_search,"{""query"": {""field"": ""sport_team"", ""operator"": ""or"", ""values"": [""拜仁慕尼黑"", ""多特蒙德""]}}",Y,Y,Y,
体育,237,播放河床跟弗拉门戈的比赛视频,,,sports_vod_search,"{""query"": {""field"": ""sport_team"", ""operator"": ""or"", ""values"": [""河床"", ""弗拉门戈""]}}",sports_vod_search,"{""query"": {""field"": ""sport_team"", ""operator"": ""or"", ""values"": [""河床"", ""弗拉门戈""]}}",Y,Y,Y,
体育,238,播放阿贾克斯和波尔图的比赛视频,,,sports_vod_search,"{""query"": {""field"": ""sport_team"", ""operator"": ""or"", ""values"": [""阿贾克斯"", ""波尔图""]}}",sports_vod_search,"{""query"": {""field"": ""sport_team"", ""operator"": ""or"", ""values"": [""阿贾克斯"", ""波尔图""]}}",Y,Y,Y,
体育,239,播放塞维利亚跟瓦伦西亚的比赛视频,,,sports_vod_search,"{""query"": {""field"": ""sport_team"", ""operator"": ""or"", ""values"": [""塞维利亚"", ""瓦伦西亚""]}}",sports_vod_search,"{""query"": {""field"": ""sport_team"", ""operator"": ""or"", ""values"": [""塞维利亚"", ""瓦伦西亚""]}}",Y,Y,Y,
体育,240,播放北京国安和上海申花的比赛视频,,,sports_vod_search,"{""query"": {""field"": ""sport_team"", ""operator"": ""or"", ""values"": [""北京国安"", ""上海申花""]}}",sports_vod_search,"{""query"": {""field"": ""sport_team"", ""operator"": ""or"", ""values"": [""北京国安"", ""上海申花""]}}",Y,Y,Y,
体育,256,英超积分榜,,,sports_rank_search,"{""sport_game"": ""英超"", ""sport_rank_type"": ""积分榜""}",sports_rank_search,"{""sport_game"": ""英超"", ""sport_rank_type"": ""积分榜""}",Y,Y,Y,
体育,242,播放德国队和英格兰队的比赛视频,,,sports_vod_search,"{""query"": {""field"": ""sport_team"", ""operator"": ""or"", ""values"": [""德国队"", ""英格兰队""]}}",sports_vod_search,"{""query"": {""field"": ""sport_team"", ""operator"": ""or"", ""values"": [""德国队"", ""英格兰队""]}}",Y,Y,Y,
体育,258,英超助攻榜,,,sports_rank_search,"{""sport_game"": ""英超"", ""sport_rank_type"": ""助攻榜""}",sports_rank_search,"{""sport_game"": ""英超"", ""sport_rank_type"": ""助攻榜""}",Y,Y,Y,
体育,257,英超射手榜,,,sports_rank_search,"{""sport_game"": ""英超"", ""sport_rank_type"": ""射手榜""}",sports_rank_search,"{""sport_game"": ""英超"", ""sport_rank_type"": ""射手榜""}",Y,Y,Y,
体育,259,英超球队榜,,,sports_rank_search,"{""sport_game"": ""英超"", ""sport_rank_type"": ""球队榜""}",sports_rank_search,"{""sport_game"": ""英超"", ""sport_rank_type"": ""球队榜""}",Y,Y,Y,
体育,260,西甲积分榜,,,sports_rank_search,"{""sport_game"": ""西甲"", ""sport_rank_type"": ""积分榜""}",sports_rank_search,"{""sport_game"": ""西甲"", ""sport_rank_type"": ""积分榜""}",Y,Y,Y,
体育,241,播放巴西队跟阿根廷队的比赛视频,,,sports_vod_search,"{""query"": {""field"": ""sport_team"", ""operator"": ""or"", ""values"": [""巴西队"", ""阿根廷队""]}}",sports_vod_search,"{""query"": {""field"": ""sport_team"", ""operator"": ""or"", ""values"": [""巴西队"", ""阿根廷队""]}}",Y,Y,Y,
体育,262,西甲助攻榜,,,sports_rank_search,"{""sport_game"": ""西甲"", ""sport_rank_type"": ""助攻榜""}",sports_rank_search,"{""sport_game"": ""西甲"", ""sport_rank_type"": ""助攻榜""}",Y,Y,Y,
体育,261,西甲射手榜,,,sports_rank_search,"{""sport_game"": ""西甲"", ""sport_rank_type"": ""射手榜""}",sports_rank_search,"{""sport_game"": ""西甲"", ""sport_rank_type"": ""射手榜""}",Y,Y,Y,
体育,265,意甲助攻榜,,,sports_rank_search,"{""sport_game"": ""意甲"", ""sport_rank_type"": ""助攻榜""}",sports_rank_search,"{""sport_game"": ""意甲"", ""sport_rank_type"": ""助攻榜""}",Y,Y,Y,
体育,263,意甲积分榜,,,sports_rank_search,"{""sport_game"": ""意甲"", ""sport_rank_type"": ""积分榜""}",sports_rank_search,"{""sport_game"": ""意甲"", ""sport_rank_type"": ""积分榜""}",Y,Y,Y,
体育,264,意甲射手榜,,,sports_rank_search,"{""sport_game"": ""意甲"", ""sport_rank_type"": ""射手榜""}",sports_rank_search,"{""sport_game"": ""意甲"", ""sport_rank_type"": ""射手榜""}",Y,Y,Y,
体育,243,播放西班牙队跟荷兰队的比赛视频,,,sports_vod_search,"{""query"": {""field"": ""sport_team"", ""operator"": ""or"", ""values"": [""西班牙队"", ""荷兰队""]}}",sports_vod_search,"{""query"": {""field"": ""sport_team"", ""operator"": ""or"", ""values"": [""西班牙队"", ""荷兰队""]}}",Y,Y,Y,
体育,266,德甲积分榜,,,sports_rank_search,"{""sport_game"": ""德甲"", ""sport_rank_type"": ""积分榜""}",sports_rank_search,"{""sport_game"": ""德甲"", ""sport_rank_type"": ""积分榜""}",Y,Y,Y,
体育,270,中超积分榜,,,sports_rank_search,"{""sport_game"": ""中超"", ""sport_rank_type"": ""积分榜""}",sports_rank_search,"{""sport_game"": ""中超"", ""sport_rank_type"": ""积分榜""}",Y,Y,Y,
体育,268,法甲积分榜,,,sports_rank_search,"{""sport_game"": ""法甲"", ""sport_rank_type"": ""积分榜""}",sports_rank_search,"{""sport_game"": ""法甲"", ""sport_rank_type"": ""积分榜""}",Y,Y,Y,
体育,271,中超射手榜,,,sports_rank_search,"{""sport_game"": ""中超"", ""sport_rank_type"": ""射手榜""}",sports_rank_search,"{""sport_game"": ""中超"", ""sport_rank_type"": ""射手榜""}",Y,Y,Y,
体育,269,法甲射手榜,,,sports_rank_search,"{""sport_game"": ""法甲"", ""sport_rank_type"": ""射手榜""}",sports_rank_search,"{""sport_game"": ""法甲"", ""sport_rank_type"": ""射手榜""}",Y,Y,Y,
体育,245,播放比利时队跟乌拉圭队的比赛视频,,,sports_vod_search,"{""query"": {""field"": ""sport_team"", ""operator"": ""or"", ""values"": [""比利时队"", ""乌拉圭队""]}}",sports_vod_search,"{""query"": {""field"": ""sport_team"", ""operator"": ""or"", ""values"": [""比利时队"", ""乌拉圭队""]}}",Y,Y,Y,
体育,244,播放葡萄牙队和克罗地亚队的比赛视频,,,sports_vod_search,"{""query"": {""field"": ""sport_team"", ""operator"": ""or"", ""values"": [""葡萄牙队"", ""克罗地亚队""]}}",sports_vod_search,"{""query"": {""field"": ""sport_team"", ""operator"": ""or"", ""values"": [""葡萄牙队"", ""克罗地亚队""]}}",Y,Y,Y,
体育,267,德甲射手榜,,,sports_rank_search,"{""sport_game"": ""德甲"", ""sport_rank_type"": ""射手榜""}",sports_rank_search,"{""sport_game"": ""德甲"", ""sport_rank_type"": ""射手榜""}",Y,Y,Y,
体育,246,播放日本队和韩国队的比赛视频,,,sports_vod_search,"{""query"": {""field"": ""sport_team"", ""operator"": ""or"", ""values"": [""日本队"", ""韩国队""]}}",sports_vod_search,"{""query"": {""field"": ""sport_team"", ""operator"": ""or"", ""values"": [""日本队"", ""韩国队""]}}",Y,Y,Y,
体育,273,欧冠助攻榜,,,sports_rank_search,"{""sport_game"": ""欧冠"", ""sport_rank_type"": ""助攻榜""}",sports_rank_search,"{""sport_game"": ""欧冠"", ""sport_rank_type"": ""助攻榜""}",Y,Y,Y,
体育,274,欧联杯积分榜,,,sports_rank_search,"{""sport_game"": ""欧联杯"", ""sport_rank_type"": ""积分榜""}",sports_rank_search,"{""sport_game"": ""欧联杯"", ""sport_rank_type"": ""积分榜""}",Y,Y,Y,
体育,272,欧冠射手榜,,,sports_rank_search,"{""sport_game"": ""欧冠"", ""sport_rank_type"": ""射手榜""}",sports_rank_search,"{""sport_game"": ""欧冠"", ""sport_rank_type"": ""射手榜""}",Y,Y,Y,
体育,247,我想看西甲的比赛视频,,,sports_vod_search,"{""query"": {""field"": ""sport_game"", ""value"": ""西甲""}}",sports_vod_search,"{""query"": {""field"": ""sport_game"", ""value"": ""西甲""}}",Y,Y,Y,
体育,248,我想看欧冠的比赛视频,,,sports_vod_search,"{""query"": {""field"": ""sport_game"", ""value"": ""欧冠""}}",sports_vod_search,"{""query"": {""field"": ""sport_game"", ""value"": ""欧冠""}}",Y,Y,Y,
体育,275,美洲杯射手榜,,,sports_rank_search,"{""sport_game"": ""美洲杯"", ""sport_rank_type"": ""射手榜""}",sports_rank_search,"{""sport_game"": ""美洲杯"", ""sport_rank_type"": ""射手榜""}",Y,Y,Y,
体育,276,世界杯射手榜,,,sports_rank_search,"{""sport_game"": ""世界杯"", ""sport_rank_type"": ""射手榜""}",sports_rank_search,"{""sport_game"": ""世界杯"", ""sport_rank_type"": ""射手榜""}",Y,Y,Y,
体育,277,欧洲杯积分榜,,,sports_rank_search,"{""sport_game"": ""欧洲杯"", ""sport_rank_type"": ""积分榜""}",sports_rank_search,"{""sport_game"": ""欧洲杯"", ""sport_rank_type"": ""积分榜""}",Y,Y,Y,
体育,249,我想看世界杯的比赛视频,,,sports_vod_search,"{""query"": {""field"": ""sport_game"", ""value"": ""世界杯""}}",sports_vod_search,"{""query"": {""field"": ""sport_game"", ""value"": ""世界杯""}}",Y,Y,Y,
体育,280,NBA 积分榜,,,sports_rank_search,"{""sport_game"": ""NBA"", ""sport_rank_type"": ""积分榜""}",sports_rank_search,"{""sport_game"": ""NBA"", ""sport_rank_type"": ""积分榜""}",Y,Y,Y,
体育,279,国王杯射手榜,,,sports_rank_search,"{""sport_game"": ""国王杯"", ""sport_rank_type"": ""射手榜""}",sports_rank_search,"{""sport_game"": ""国王杯"", ""sport_rank_type"": ""射手榜""}",Y,Y,Y,
体育,278,解放者杯射手榜,,,sports_rank_search,"{""sport_game"": ""解放者杯"", ""sport_rank_type"": ""射手榜""}",sports_rank_search,"{""sport_game"": ""解放者杯"", ""sport_rank_type"": ""射手榜""}",Y,Y,Y,
体育,250,我想看欧洲杯的比赛视频,,,sports_vod_search,"{""query"": {""field"": ""sport_game"", ""value"": ""欧洲杯""}}",sports_vod_search,"{""query"": {""field"": ""sport_game"", ""value"": ""欧洲杯""}}",Y,Y,Y,
体育,281,NBA 得分榜,,,sports_rank_search,"{""sport_game"": ""NBA"", ""sport_rank_type"": ""得分榜""}",sports_rank_search,"{""sport_game"": ""NBA"", ""sport_rank_type"": ""得分榜""}",Y,Y,Y,
体育,251,我想看中超的比赛视频,,,sports_vod_search,"{""query"": {""field"": ""sport_game"", ""value"": ""中超""}}",sports_vod_search,"{""query"": {""field"": ""sport_game"", ""value"": ""中超""}}",Y,Y,Y,
体育,282,NBA 助攻榜,,,sports_rank_search,"{""sport_game"": ""NBA"", ""sport_rank_type"": ""助攻榜""}",sports_rank_search,"{""sport_game"": ""NBA"", ""sport_rank_type"": ""助攻榜""}",Y,Y,Y,
体育,252,我想看美洲杯的比赛视频,,,sports_vod_search,"{""query"": {""field"": ""sport_game"", ""value"": ""美洲杯""}}",sports_vod_search,"{""query"": {""field"": ""sport_game"", ""value"": ""美洲杯""}}",Y,Y,Y,
体育,286,CBA 积分榜,,,sports_rank_search,"{""sport_game"": ""CBA"", ""sport_rank_type"": ""积分榜""}",sports_rank_search,"{""sport_game"": ""CBA"", ""sport_rank_type"": ""积分榜""}",Y,Y,Y,
体育,253,我想看亚冠的比赛视频,,,sports_vod_search,"{""query"": {""field"": ""sport_game"", ""value"": ""亚冠""}}",sports_vod_search,"{""query"": {""field"": ""sport_game"", ""value"": ""亚冠""}}",Y,Y,Y,
体育,254,我想看意甲的比赛视频,,,sports_vod_search,"{""query"": {""field"": ""sport_game"", ""value"": ""意甲""}}",sports_vod_search,"{""query"": {""field"": ""sport_game"", ""value"": ""意甲""}}",Y,Y,Y,
体育,285,NBA 抢断榜,,,sports_rank_search,"{""sport_game"": ""NBA"", ""sport_rank_type"": ""抢断榜""}",sports_rank_search,"{""sport_game"": ""NBA"", ""sport_rank_type"": ""抢断榜""}",Y,Y,Y,
体育,283,NBA 篮板榜,,,sports_rank_search,"{""sport_game"": ""NBA"", ""sport_rank_type"": ""篮板榜""}",sports_rank_search,"{""sport_game"": ""NBA"", ""sport_rank_type"": ""篮板榜""}",Y,Y,Y,
体育,284,NBA 盖帽榜,,,sports_rank_search,"{""sport_game"": ""NBA"", ""sport_rank_type"": ""盖帽榜""}",sports_rank_search,"{""sport_game"": ""NBA"", ""sport_rank_type"": ""盖帽榜""}",Y,Y,Y,
体育,255,我想看德甲的比赛视频,,,sports_vod_search,"{""query"": {""field"": ""sport_game"", ""value"": ""德甲""}}",sports_vod_search,"{""query"": {""field"": ""sport_game"", ""value"": ""德甲""}}",Y,Y,Y,
体育,287,CBA 得分榜,,,sports_rank_search,"{""sport_game"": ""CBA"", ""sport_rank_type"": ""得分榜""}",sports_rank_search,"{""sport_game"": ""CBA"", ""sport_rank_type"": ""得分榜""}",Y,Y,Y,
体育,288,CBA 助攻榜,,,sports_rank_search,"{""sport_game"": ""CBA"", ""sport_rank_type"": ""助攻榜""}",sports_rank_search,"{""sport_game"": ""CBA"", ""sport_rank_type"": ""助攻榜""}",Y,Y,Y,
体育,290,CBA 抢断榜,,,sports_rank_search,"{""sport_game"": ""CBA"", ""sport_rank_type"": ""抢断榜""}",sports_rank_search,"{""sport_game"": ""CBA"", ""sport_rank_type"": ""抢断榜""}",Y,Y,Y,
体育,289,CBA 篮板榜,,,sports_rank_search,"{""sport_game"": ""CBA"", ""sport_rank_type"": ""篮板榜""}",sports_rank_search,"{""sport_game"": ""CBA"", ""sport_rank_type"": ""篮板榜""}",Y,Y,Y,
体育,291,男篮世界杯得分榜,,,sports_rank_search,"{""sport_game"": ""男篮世界杯"", ""sport_rank_type"": ""得分榜""}",sports_rank_search,"{""sport_game"": ""男篮世界杯"", ""sport_rank_type"": ""得分榜""}",Y,Y,Y,
体育,292,男篮世界杯助攻榜,,,sports_rank_search,"{""sport_game"": ""男篮世界杯"", ""sport_rank_type"": ""助攻榜""}",sports_rank_search,"{""sport_game"": ""男篮世界杯"", ""sport_rank_type"": ""助攻榜""}",Y,Y,Y,
体育,293,欧锦赛篮板榜,,,sports_rank_search,"{""sport_game"": ""欧锦赛"", ""sport_rank_type"": ""篮板榜""}",sports_rank_search,"{""sport_game"": ""欧锦赛"", ""sport_rank_type"": ""篮板榜""}",Y,Y,Y,
体育,294,NCAA 得分榜,,,sports_rank_search,"{""sport_game"": ""NCAA"", ""sport_rank_type"": ""得分榜""}",sports_rank_search,"{""sport_game"": ""NCAA"", ""sport_rank_type"": ""得分榜""}",Y,Y,Y,
体育,295,篮球亚洲杯盖帽榜,,,sports_rank_search,"{""sport_game"": ""篮球亚洲杯"", ""sport_rank_type"": ""盖帽榜""}",sports_rank_search,"{""sport_game"": ""篮球亚洲杯"", ""sport_rank_type"": ""盖帽榜""}",Y,Y,Y,
体育,296,皇家马德里,,,sports_team_search,"{""sport_team"": ""皇家马德里""}",sports_team_search,"{""sport_team"": ""皇家马德里""}",Y,Y,Y,
体育,298,曼联,,,sports_team_search,"{""sport_team"": ""曼联""}",sports_team_search,"{""sport_team"": ""曼联""}",Y,Y,Y,
体育,299,利物浦,,,sports_team_search,"{""sport_team"": ""利物浦""}",sports_team_search,"{""sport_team"": ""利物浦""}",Y,Y,Y,
体育,302,切尔西,,,sports_team_search,"{""sport_team"": ""切尔西""}",sports_team_search,"{""sport_team"": ""切尔西""}",Y,Y,Y,
体育,301,阿森纳,,,sports_team_search,"{""sport_team"": ""阿森纳""}",sports_team_search,"{""sport_team"": ""阿森纳""}",Y,Y,Y,
体育,304,拜仁慕尼黑,,,sports_team_search,"{""sport_team"": ""拜仁慕尼黑""}",sports_team_search,"{""sport_team"": ""拜仁慕尼黑""}",Y,Y,Y,
体育,300,曼城,,,sports_team_search,"{""sport_team"": ""曼城""}",sports_team_search,"{""sport_team"": ""曼城""}",Y,Y,Y,
体育,303,托特纳姆热刺,,,sports_team_search,"{""sport_team"": ""托特纳姆热刺""}",sports_team_search,"{""sport_team"": ""托特纳姆热刺""}",Y,Y,Y,
体育,306,马德里竞技,,,sports_team_search,"{""sport_team"": ""马德里竞技""}",sports_team_search,"{""sport_team"": ""马德里竞技""}",Y,Y,Y,
体育,305,多特蒙德,,,sports_team_search,"{""sport_team"": ""多特蒙德""}",sports_team_search,"{""sport_team"": ""多特蒙德""}",Y,Y,Y,
体育,308,尤文图斯,,,sports_team_search,"{""sport_team"": ""尤文图斯""}",sports_team_search,"{""sport_team"": ""尤文图斯""}",Y,Y,Y,
体育,311,巴黎圣日耳曼,,,sports_team_search,"{""sport_team"": ""巴黎圣日耳曼""}",sports_team_search,"{""sport_team"": ""巴黎圣日耳曼""}",Y,Y,Y,
体育,309,罗马,,,sports_team_search,"{""sport_team"": ""罗马""}",vod_search,"{""action"": ""search"", ""query"": {""field"": ""title"", ""value"": ""罗马""}, ""retext"": ""罗马""}",N,N,N,"action: gold= pred=""search""; query: gold= pred={""field"": ""title"", ""value"": ""罗马""}; retext: gold= pred=""罗马""; sport_team: gold=""罗马"" pred="
体育,315,桑托斯,,,sports_team_search,"{""sport_team"": ""桑托斯""}",vod_person_search,"{""name"": ""桑托斯""}",N,N,N,"name: gold= pred=""桑托斯""; sport_team: gold=""桑托斯"" pred="
体育,307,AC 米兰,,,sports_team_search,"{""sport_team"": ""AC 米兰""}",sports_team_search,"{""sport_team"": ""AC 米兰""}",Y,Y,Y,
体育,312,里昂,,,sports_team_search,"{""sport_team"": ""里昂""}",vod_search,"{""action"": ""search"", ""query"": {""field"": ""title"", ""value"": ""里昂""}, ""retext"": ""里昂""}",N,N,N,"action: gold= pred=""search""; query: gold= pred={""field"": ""title"", ""value"": ""里昂""}; retext: gold= pred=""里昂""; sport_team: gold=""里昂"" pred="
体育,316,阿贾克斯,,,sports_team_search,"{""sport_team"": ""阿贾克斯""}",sports_team_search,"{""sport_team"": ""阿贾克斯""}",Y,Y,Y,
体育,319,里斯本竞技,,,sports_team_search,"{""sport_team"": ""里斯本竞技""}",sports_team_search,"{""sport_team"": ""里斯本竞技""}",Y,Y,Y,
体育,313,河床,,,sports_team_search,"{""sport_team"": ""河床""}",vod_search,"{""action"": ""search"", ""query"": {""field"": ""title"", ""value"": ""河床""}, ""retext"": ""河床""}",N,N,N,"action: gold= pred=""search""; query: gold= pred={""field"": ""title"", ""value"": ""河床""}; retext: gold= pred=""河床""; sport_team: gold=""河床"" pred="
体育,314,弗拉门戈,,,sports_team_search,"{""sport_team"": ""弗拉门戈""}",vod_search,"{""action"": ""search"", ""query"": {""field"": ""tag"", ""value"": ""弗拉门戈""}, ""retext"": ""弗拉门戈""}",N,N,N,"action: gold= pred=""search""; query: gold= pred={""field"": ""tag"", ""value"": ""弗拉门戈""}; retext: gold= pred=""弗拉门戈""; sport_team: gold=""弗拉门戈"" pred="
体育,318,本菲卡,,,sports_team_search,"{""sport_team"": ""本菲卡""}",sports_team_search,"{""sport_team"": ""本菲卡""}",Y,Y,Y,
体育,320,凯尔特人,,,sports_team_search,"{""sport_team"": ""凯尔特人""}",sports_team_search,"{""sport_team"": ""凯尔特人""}",Y,Y,Y,
体育,323,巴西队,,,sports_team_search,"{""sport_team"": ""巴西队""}",sports_team_search,"{""sport_team"": ""巴西队""}",Y,Y,Y,
体育,297,巴塞罗那,,,sports_team_search,"{""sport_team"": ""巴塞罗那""}",fan_knowledge_agent,"{""messages"": [{""content"": ""巴塞罗那"", ""role"": ""user""}], ""riskRespStrategy"": ""all_replace"", ""sceneTypeIntentList"": [{""sceneType"": ""knowledge_qa""}]}",N,N,N,"messages: gold= pred=[{""content"": ""巴塞罗那"", ""role"": ""user""}]; riskRespStrategy: gold= pred=""all_replace""; sceneTypeIntentList: gold= pred=[{""sceneType"": ""knowledge_qa""}]; sport_team: gold=""巴塞罗那"" pred="
体育,324,阿根廷队,,,sports_team_search,"{""sport_team"": ""阿根廷队""}",sports_team_search,"{""sport_team"": ""阿根廷队""}",Y,Y,Y,
体育,325,德国队,,,sports_team_search,"{""sport_team"": ""德国队""}",sports_team_search,"{""sport_team"": ""德国队""}",Y,Y,Y,
体育,327,西班牙队,,,sports_team_search,"{""sport_team"": ""西班牙队""}",sports_team_search,"{""sport_team"": ""西班牙队""}",Y,Y,Y,
体育,326,英格兰队,,,sports_team_search,"{""sport_team"": ""英格兰队""}",sports_team_search,"{""sport_team"": ""英格兰队""}",Y,Y,Y,
体育,310,那不勒斯,,,sports_team_search,"{""sport_team"": ""那不勒斯""}",fan_knowledge_agent,"{""messages"": [{""content"": ""那不勒斯"", ""role"": ""user""}], ""riskRespStrategy"": ""all_replace"", ""sceneTypeIntentList"": [{""sceneType"": ""knowledge_qa""}]}",N,N,N,"messages: gold= pred=[{""content"": ""那不勒斯"", ""role"": ""user""}]; riskRespStrategy: gold= pred=""all_replace""; sceneTypeIntentList: gold= pred=[{""sceneType"": ""knowledge_qa""}]; sport_team: gold=""那不勒斯"" pred="
体育,330,克罗地亚队,,,sports_team_search,"{""sport_team"": ""克罗地亚队""}",sports_team_search,"{""sport_team"": ""克罗地亚队""}",Y,Y,Y,
体育,321,流浪者,,,sports_team_search,"{""sport_team"": ""流浪者""}",vod_search,"{""action"": ""search"", ""query"": {""field"": ""title"", ""value"": ""流浪者""}, ""retext"": ""流浪者""}",N,N,N,"action: gold= pred=""search""; query: gold= pred={""field"": ""title"", ""value"": ""流浪者""}; retext: gold= pred=""流浪者""; sport_team: gold=""流浪者"" pred="
体育,328,荷兰队,,,sports_team_search,"{""sport_team"": ""荷兰队""}",sports_team_search,"{""sport_team"": ""荷兰队""}",Y,Y,Y,
体育,329,葡萄牙队,,,sports_team_search,"{""sport_team"": ""葡萄牙队""}",sports_team_search,"{""sport_team"": ""葡萄牙队""}",Y,Y,Y,
体育,332,乌拉圭队,,,sports_team_search,"{""sport_team"": ""乌拉圭队""}",sports_team_search,"{""sport_team"": ""乌拉圭队""}",Y,Y,Y,
体育,333,哥伦比亚队,,,sports_team_search,"{""sport_team"": ""哥伦比亚队""}",sports_team_search,"{""sport_team"": ""哥伦比亚队""}",Y,Y,Y,
体育,331,比利时队,,,sports_team_search,"{""sport_team"": ""比利时队""}",sports_team_search,"{""sport_team"": ""比利时队""}",Y,Y,Y,
体育,334,意大利队,,,sports_team_search,"{""sport_team"": ""意大利队""}",sports_team_search,"{""sport_team"": ""意大利队""}",Y,Y,Y,
体育,335,日本队,,,sports_team_search,"{""sport_team"": ""日本队""}",sports_team_search,"{""sport_team"": ""日本队""}",Y,Y,Y,
体育,337,澳大利亚队,,,sports_team_search,"{""sport_team"": ""澳大利亚队""}",sports_team_search,"{""sport_team"": ""澳大利亚队""}",Y,Y,Y,
体育,338,卡塔尔队,,,sports_team_search,"{""sport_team"": ""卡塔尔队""}",sports_team_search,"{""sport_team"": ""卡塔尔队""}",Y,Y,Y,
体育,336,韩国队,,,sports_team_search,"{""sport_team"": ""韩国队""}",sports_team_search,"{""sport_team"": ""韩国队""}",Y,Y,Y,
体育,343,波士顿凯尔特人,,,sports_team_search,"{""sport_team"": ""波士顿凯尔特人""}",sports_team_search,"{""sport_team"": ""波士顿凯尔特人""}",Y,Y,Y,
体育,339,摩洛哥队,,,sports_team_search,"{""sport_team"": ""摩洛哥队""}",sports_team_search,"{""sport_team"": ""摩洛哥队""}",Y,Y,Y,
体育,341,墨西哥队,,,sports_team_search,"{""sport_team"": ""墨西哥队""}",sports_team_search,"{""sport_team"": ""墨西哥队""}",Y,Y,Y,
体育,347,迈阿密热火,,,sports_team_search,"{""sport_team"": ""迈阿密热火""}",sports_team_search,"{""sport_team"": ""迈阿密热火""}",Y,Y,Y,
体育,340,塞内加尔队,,,sports_team_search,"{""sport_team"": ""塞内加尔队""}",sports_team_search,"{""sport_team"": ""塞内加尔队""}",Y,Y,Y,
体育,344,金州勇士,,,sports_team_search,"{""sport_team"": ""金州勇士""}",sports_team_search,"{""sport_team"": ""金州勇士""}",Y,Y,Y,
体育,345,洛杉矶湖人,,,sports_team_search,"{""sport_team"": ""洛杉矶湖人""}",sports_team_search,"{""sport_team"": ""洛杉矶湖人""}",Y,Y,Y,
体育,346,布鲁克林篮网,,,sports_team_search,"{""sport_team"": ""布鲁克林篮网""}",sports_team_search,"{""sport_team"": ""布鲁克林篮网""}",Y,Y,Y,
体育,348,费城 76 人,,,sports_team_search,"{""sport_team"": ""费城 76 人""}",sports_team_search,"{""sport_team"": ""费城 76 人""}",Y,Y,Y,
体育,350,丹佛掘金,,,sports_team_search,"{""sport_team"": ""丹佛掘金""}",sports_team_search,"{""sport_team"": ""丹佛掘金""}",Y,Y,Y,
体育,349,达拉斯独行侠,,,sports_team_search,"{""sport_team"": ""达拉斯独行侠""}",sports_team_search,"{""sport_team"": ""达拉斯独行侠""}",Y,Y,Y,
体育,351,圣安东尼奥马刺,,,sports_team_search,"{""sport_team"": ""圣安东尼奥马刺""}",sports_team_search,"{""sport_team"": ""圣安东尼奥马刺""}",Y,Y,Y,
体育,352,克利夫兰骑士,,,sports_team_search,"{""sport_team"": ""克利夫兰骑士""}",sports_team_search,"{""sport_team"": ""克利夫兰骑士""}",Y,Y,Y,
体育,342,美国队,,,sports_team_search,"{""sport_team"": ""美国队""}",vod_search,"{""action"": ""search"", ""query"": {""field"": ""title"", ""value"": ""美国队""}, ""retext"": ""美国队""}",N,N,N,"action: gold= pred=""search""; query: gold= pred={""field"": ""title"", ""value"": ""美国队""}; retext: gold= pred=""美国队""; sport_team: gold=""美国队"" pred="
体育,317,波尔图,,,sports_team_search,"{""sport_team"": ""波尔图""}",fan_knowledge_agent,"{""messages"": [{""content"": ""波尔图"", ""role"": ""user""}], ""riskRespStrategy"": ""all_replace"", ""sceneTypeIntentList"": [{""sceneType"": ""knowledge_qa""}]}",N,N,N,"messages: gold= pred=[{""content"": ""波尔图"", ""role"": ""user""}]; riskRespStrategy: gold= pred=""all_replace""; sceneTypeIntentList: gold= pred=[{""sceneType"": ""knowledge_qa""}]; sport_team: gold=""波尔图"" pred="
体育,353,多伦多猛龙,,,sports_team_search,"{""sport_team"": ""多伦多猛龙""}",sports_team_search,"{""sport_team"": ""多伦多猛龙""}",Y,Y,Y,
体育,354,底特律活塞,,,sports_team_search,"{""sport_team"": ""底特律活塞""}",sports_team_search,"{""sport_team"": ""底特律活塞""}",Y,Y,Y,
体育,355,奥兰多魔术,,,sports_team_search,"{""sport_team"": ""奥兰多魔术""}",sports_team_search,"{""sport_team"": ""奥兰多魔术""}",Y,Y,Y,
体育,356,休斯顿火箭,,,sports_team_search,"{""sport_team"": ""休斯顿火箭""}",sports_team_search,"{""sport_team"": ""休斯顿火箭""}",Y,Y,Y,
体育,357,犹他爵士,,,sports_team_search,"{""sport_team"": ""犹他爵士""}",sports_team_search,"{""sport_team"": ""犹他爵士""}",Y,Y,Y,
体育,322,塞维利亚,,,sports_team_search,"{""sport_team"": ""塞维利亚""}",fan_knowledge_agent,"{""messages"": [{""content"": ""塞维利亚"", ""role"": ""user""}], ""riskRespStrategy"": ""all_replace"", ""sceneTypeIntentList"": [{""sceneType"": ""knowledge_qa""}]}",N,N,N,"messages: gold= pred=[{""content"": ""塞维利亚"", ""role"": ""user""}]; riskRespStrategy: gold= pred=""all_replace""; sceneTypeIntentList: gold= pred=[{""sceneType"": ""knowledge_qa""}]; sport_team: gold=""塞维利亚"" pred="
体育,358,萨克拉门托国王,,,sports_team_search,"{""sport_team"": ""萨克拉门托国王""}",sports_team_search,"{""sport_team"": ""萨克拉门托国王""}",Y,Y,Y,
体育,359,俄克拉荷马城雷霆,,,sports_team_search,"{""sport_team"": ""俄克拉荷马城雷霆""}",sports_team_search,"{""sport_team"": ""俄克拉荷马城雷霆""}",Y,Y,Y,
体育,360,广东宏远,,,sports_team_search,"{""sport_team"": ""广东宏远""}",sports_team_search,"{""sport_team"": ""广东宏远""}",Y,Y,Y,
体育,361,辽宁本钢,,,sports_team_search,"{""sport_team"": ""辽宁本钢""}",sports_team_search,"{""sport_team"": ""辽宁本钢""}",Y,Y,Y,
体育,363,美国男篮,,,sports_team_search,"{""sport_team"": ""美国男篮""}",sports_team_search,"{""sport_team"": ""美国男篮""}",Y,Y,Y,
体育,364,西班牙男篮,,,sports_team_search,"{""sport_team"": ""西班牙男篮""}",sports_team_search,"{""sport_team"": ""西班牙男篮""}",Y,Y,Y,
体育,365,塞尔维亚男篮,,,sports_team_search,"{""sport_team"": ""塞尔维亚男篮""}",sports_team_search,"{""sport_team"": ""塞尔维亚男篮""}",Y,Y,Y,
体育,366,希腊男篮,,,sports_team_search,"{""sport_team"": ""希腊男篮""}",sports_team_search,"{""sport_team"": ""希腊男篮""}",Y,Y,Y,
体育,362,浙江稠州,,,sports_team_search,"{""sport_team"": ""浙江稠州""}",sports_team_search,"{""sport_team"": ""浙江稠州""}",Y,Y,Y,
体育,367,立陶宛男篮,,,sports_team_search,"{""sport_team"": ""立陶宛男篮""}",sports_team_search,"{""sport_team"": ""立陶宛男篮""}",Y,Y,Y,
体育,369,阿根廷男篮,,,sports_team_search,"{""sport_team"": ""阿根廷男篮""}",sports_team_search,"{""sport_team"": ""阿根廷男篮""}",Y,Y,Y,
体育,368,澳大利亚男篮,,,sports_team_search,"{""sport_team"": ""澳大利亚男篮""}",sports_team_search,"{""sport_team"": ""澳大利亚男篮""}",Y,Y,Y,
体育,371,法国男篮,,,sports_team_search,"{""sport_team"": ""法国男篮""}",sports_team_search,"{""sport_team"": ""法国男篮""}",Y,Y,Y,
体育,370,德国男篮,,,sports_team_search,"{""sport_team"": ""德国男篮""}",sports_team_search,"{""sport_team"": ""德国男篮""}",Y,Y,Y,
体育,372,中国男篮,,,sports_team_search,"{""sport_team"": ""中国男篮""}",sports_team_search,"{""sport_team"": ""中国男篮""}",Y,Y,Y,
体育,374,北京国安,,,sports_team_search,"{""sport_team"": ""北京国安""}",sports_team_search,"{""sport_team"": ""北京国安""}",Y,Y,Y,
体育,375,上海申花,,,sports_team_search,"{""sport_team"": ""上海申花""}",sports_team_search,"{""sport_team"": ""上海申花""}",Y,Y,Y,
体育,379,请预约大后天邹敬园的乒乓球比赛,,,sports_match_reservation,"{""query"": {""and"": [{""field"": ""sport_star"", ""value"": ""邹敬园""}, {""field"": ""sport_name"", ""value"": ""乒乓球""}, {""field"": ""sport_time"", ""value"": ""20260914""}]}}",sports_match_reservation,"{""query"": {""and"": [{""field"": ""sport_star"", ""value"": ""邹敬园""}, {""field"": ""sport_name"", ""value"": ""乒乓球""}, {""field"": ""sport_time"", ""value"": ""20260914""}]}}",Y,Y,Y,
体育,376,帮我预约美加墨世界杯决赛,,,sports_match_reservation,"{""query"": {""and"": [{""field"": ""sport_game"", ""value"": ""世界杯""}, {""field"": ""sport_competition_phase"", ""value"": ""决赛""}]}}",sports_match_reservation,"{""query"": {""and"": [{""field"": ""sport_game"", ""value"": ""世界杯""}, {""field"": ""sport_competition_phase"", ""value"": ""决赛""}]}}",Y,Y,Y,
体育,378,帮我预约皇马下场比赛,,,sports_match_reservation,"{""query"": {""and"": [{""field"": ""sport_team"", ""value"": ""皇马""}, {""field"": ""round_offset"", ""value"": ""1""}]}}",sports_match_reservation,"{""query"": {""and"": [{""field"": ""sport_team"", ""value"": ""皇马""}, {""field"": ""round_offset"", ""value"": ""1""}]}}",Y,Y,Y,
体育,377,帮我预约2026年世界杯决赛,,,sports_match_reservation,"{""query"": {""and"": [{""field"": ""sport_game"", ""value"": ""世界杯""}, {""field"": ""sport_competition_phase"", ""value"": ""决赛""}]}}",sports_match_reservation,"{""query"": {""and"": [{""field"": ""sport_game"", ""value"": ""世界杯""}, {""field"": ""sport_competition_phase"", ""value"": ""决赛""}]}}",Y,Y,Y,
体育,380,我要看黄蜂下一场比赛，给我预约,,,sports_match_reservation,"{""query"": {""and"": [{""field"": ""sport_team"", ""value"": ""黄蜂""}, {""field"": ""round_offset"", ""value"": ""1""}]}}",sports_match_reservation,"{""query"": {""and"": [{""field"": ""sport_team"", ""value"": ""黄蜂""}, {""field"": ""round_offset"", ""value"": ""1""}]}}",Y,Y,Y,
体育,382,帮我预约曼联和利物浦的足球比赛,,,sports_match_reservation,"{""query"": {""and"": [{""field"": ""sport_team"", ""operator"": ""or"", ""values"": [""曼联"", ""利物浦""]}, {""field"": ""sport_name"", ""value"": ""足球""}]}}",sports_match_reservation,"{""query"": {""and"": [{""field"": ""sport_team"", ""operator"": ""or"", ""values"": [""曼联"", ""利物浦""]}, {""field"": ""sport_name"", ""value"": ""足球""}]}}",Y,Y,Y,
体育,381,帮我预约尤文图斯AC米兰队的比赛,,,sports_match_reservation,"{""query"": {""field"": ""sport_team"", ""operator"": ""or"", ""values"": [""尤文图斯"", ""AC米兰""]}}",sports_match_reservation,"{""query"": {""field"": ""sport_team"", ""operator"": ""or"", ""values"": [""尤文图斯"", ""AC米兰""]}}",Y,Y,Y,
体育,373,瓦伦西亚,,,sports_team_search,"{""sport_team"": ""瓦伦西亚""}",vod_search,"{""action"": ""search"", ""query"": {""field"": ""title"", ""value"": ""瓦伦西亚""}, ""retext"": ""瓦伦西亚""}",N,N,N,"action: gold= pred=""search""; query: gold= pred={""field"": ""title"", ""value"": ""瓦伦西亚""}; retext: gold= pred=""瓦伦西亚""; sport_team: gold=""瓦伦西亚"" pred="
体育,383,帮我预约天津津门虎队的球赛,,,sports_match_reservation,"{""query"": {""field"": ""sport_team"", ""value"": ""天津津门虎""}}",sports_match_reservation,"{""query"": {""field"": ""sport_team"", ""value"": ""天津津门虎""}}",Y,Y,Y,
体育,386,帮我预约曼联的明天足球比赛,,,sports_match_reservation,"{""query"": {""and"": [{""field"": ""sport_team"", ""value"": ""曼联""}, {""field"": ""sport_time"", ""value"": ""20260912""}, {""field"": ""sport_name"", ""value"": ""足球""}]}}",sports_match_reservation,"{""query"": {""and"": [{""field"": ""sport_team"", ""value"": ""曼联""}, {""field"": ""sport_time"", ""value"": ""20260912""}, {""field"": ""sport_name"", ""value"": ""足球""}]}}",Y,Y,Y,
体育,384,预约皇家马德里的比赛,,,sports_match_reservation,"{""query"": {""field"": ""sport_team"", ""value"": ""皇家马德里""}}",sports_match_reservation,"{""query"": {""field"": ""sport_team"", ""value"": ""皇家马德里""}}",Y,Y,Y,
体育,388,预约一下周六亚马尔的比赛,,,sports_match_reservation,"{""query"": {""and"": [{""field"": ""sport_star"", ""value"": ""亚马尔""}, {""field"": ""sport_time"", ""value"": ""20260912""}]}}",sports_match_reservation,"{""query"": {""and"": [{""field"": ""sport_star"", ""value"": ""亚马尔""}, {""field"": ""sport_time"", ""value"": ""20260912""}]}}",Y,Y,Y,
体育,385,帮我预约1月23日曼联和利物浦的足球比赛,,,sports_match_reservation,"{""query"": {""and"": [{""field"": ""sport_time"", ""value"": ""20270123""}, {""field"": ""sport_team"", ""operator"": ""or"", ""values"": [""曼联"", ""利物浦""]}, {""field"": ""sport_name"", ""value"": ""足球""}]}}",sports_match_reservation,"{""query"": {""and"": [{""field"": ""sport_time"", ""value"": ""20270123""}, {""field"": ""sport_team"", ""operator"": ""or"", ""values"": [""曼联"", ""利物浦""]}, {""field"": ""sport_name"", ""value"": ""足球""}]}}",Y,Y,Y,
体育,387,预约一下1月26日阿森纳vs切尔西队的足球比赛,,,sports_match_reservation,"{""query"": {""and"": [{""field"": ""sport_time"", ""value"": ""20270126""}, {""field"": ""sport_team"", ""operator"": ""or"", ""values"": [""阿森纳"", ""切尔西""]}, {""field"": ""sport_name"", ""value"": ""足球""}]}}",sports_match_reservation,"{""query"": {""and"": [{""field"": ""sport_time"", ""value"": ""20270126""}, {""field"": ""sport_team"", ""operator"": ""or"", ""values"": [""阿森纳"", ""切尔西""]}, {""field"": ""sport_name"", ""value"": ""足球""}]}}",Y,Y,Y,
体育,389,预约中超今天晚上7点35决赛,,,sports_match_reservation,"{""query"": {""and"": [{""field"": ""sport_game"", ""value"": ""中超""}, {""field"": ""sport_competition_phase"", ""value"": ""决赛""}, {""field"": ""sport_time_range"", ""from"": ""20260911 19:35:00"", ""to"": ""20260911 20:35:00""}]}}",sports_match_reservation,"{""query"": {""and"": [{""field"": ""sport_game"", ""value"": ""中超""}, {""field"": ""sport_competition_phase"", ""value"": ""决赛""}, {""field"": ""sport_time_range"", ""from"": ""20260911 19:35:00"", ""to"": ""20260911 20:35:00""}]}}",Y,Y,Y,
体育,390,帮我预约下NBA后天的比赛,,,sports_match_reservation,"{""query"": {""and"": [{""field"": ""sport_game"", ""value"": ""NBA""}, {""field"": ""sport_time"", ""value"": ""20260913""}]}}",sports_match_reservation,"{""query"": {""and"": [{""field"": ""sport_game"", ""value"": ""NBA""}, {""field"": ""sport_time"", ""value"": ""20260913""}]}}",Y,Y,Y,
体育,391,预约一下周五罗马的比赛,,,sports_match_reservation,"{""query"": {""and"": [{""field"": ""sport_team"", ""value"": ""罗马""}, {""field"": ""sport_time"", ""value"": ""20260911""}]}}",sports_match_reservation,"{""query"": {""and"": [{""field"": ""sport_team"", ""value"": ""罗马""}, {""field"": ""sport_time"", ""value"": ""20260911""}]}}",Y,Y,Y,
体育,393,请预约墨西哥美洲的球赛,,,sports_match_reservation,"{""query"": {""field"": ""sport_team"", ""value"": ""墨西哥美洲""}}",sports_match_reservation,"{""query"": {""field"": ""sport_team"", ""value"": ""墨西哥美洲""}}",Y,Y,Y,
体育,392,预约周六西甲21轮巴列卡诺对奥萨苏纳,,,sports_match_reservation,"{""query"": {""and"": [{""field"": ""sport_time"", ""value"": ""20260912""}, {""field"": ""sport_game"", ""value"": ""西甲""}, {""field"": ""sport_team"", ""operator"": ""or"", ""values"": [""巴列卡诺"", ""奥萨苏纳""]}]}}",sports_match_reservation,"{""query"": {""and"": [{""field"": ""sport_time"", ""value"": ""20260912""}, {""field"": ""sport_game"", ""value"": ""西甲""}, {""field"": ""sport_team"", ""operator"": ""or"", ""values"": [""巴列卡诺"", ""奥萨苏纳""]}]}}",Y,Y,Y,
体育,396,我要预约英超联赛明天的比赛,,,sports_match_reservation,"{""query"": {""and"": [{""field"": ""sport_game"", ""value"": ""英超""}, {""field"": ""sport_time"", ""value"": ""20260912""}]}}",sports_match_reservation,"{""query"": {""and"": [{""field"": ""sport_game"", ""value"": ""英超""}, {""field"": ""sport_time"", ""value"": ""20260912""}]}}",Y,Y,Y,
体育,394,我要预约1月30日哈兰德的下场球赛,,,sports_match_reservation,"{""query"": {""and"": [{""field"": ""sport_time"", ""value"": ""20270130""}, {""field"": ""sport_star"", ""value"": ""哈兰德""}, {""field"": ""round_offset"", ""value"": ""1""}]}}",sports_match_reservation,"{""query"": {""and"": [{""field"": ""sport_time"", ""value"": ""20270130""}, {""field"": ""sport_star"", ""value"": ""哈兰德""}, {""field"": ""round_offset"", ""value"": ""1""}]}}",Y,Y,Y,
体育,397,请预约一下法甲第五轮的比赛,,,sports_match_reservation,"{""query"": {""field"": ""sport_game"", ""value"": ""法甲""}}",sports_match_reservation,"{""query"": {""field"": ""sport_game"", ""value"": ""法甲""}}",Y,Y,Y,
体育,395,预约下2026年2月28日中超的足球比赛,,,sports_match_reservation,"{""query"": {""and"": [{""field"": ""sport_game"", ""value"": ""中超""}, {""field"": ""sport_time"", ""value"": ""20260228""}, {""field"": ""sport_name"", ""value"": ""足球""}]}}",sports_match_reservation,"{""query"": {""and"": [{""field"": ""sport_game"", ""value"": ""中超""}, {""field"": ""sport_time"", ""value"": ""20260228""}, {""field"": ""sport_name"", ""value"": ""足球""}]}}",Y,Y,Y,
体育,398,给我预约西甲联赛,,,sports_match_reservation,"{""query"": {""field"": ""sport_game"", ""value"": ""西甲""}}",sports_match_reservation,"{""query"": {""field"": ""sport_game"", ""value"": ""西甲""}}",Y,Y,Y,
体育,399,我想预约WNBA常规赛,,,sports_match_reservation,"{""query"": {""and"": [{""field"": ""sport_game"", ""value"": ""WNBA""}, {""field"": ""sport_competition_phase"", ""value"": ""常规赛""}]}}",sports_match_reservation,"{""query"": {""and"": [{""field"": ""sport_game"", ""value"": ""WNBA""}, {""field"": ""sport_competition_phase"", ""value"": ""常规赛""}]}}",Y,Y,Y,
体育,401,帮我预约亚运会的跳水比赛,,,sports_match_reservation,"{""query"": {""and"": [{""field"": ""sport_game"", ""value"": ""亚运会""}, {""field"": ""sport_name"", ""value"": ""跳水""}]}}",sports_match_reservation,"{""query"": {""and"": [{""field"": ""sport_game"", ""value"": ""亚运会""}, {""field"": ""sport_name"", ""value"": ""跳水""}]}}",Y,Y,Y,
体育,400,预约意甲联赛的球赛,,,sports_match_reservation,"{""query"": {""field"": ""sport_game"", ""value"": ""意甲""}}",sports_match_reservation,"{""query"": {""field"": ""sport_game"", ""value"": ""意甲""}}",Y,Y,Y,
体育,402,预约亚运会的乒乓球决赛,,,sports_match_reservation,"{""query"": {""and"": [{""field"": ""sport_game"", ""value"": ""亚运会""}, {""field"": ""sport_name"", ""value"": ""乒乓球""}, {""field"": ""sport_competition_phase"", ""value"": ""决赛""}]}}",sports_match_reservation,"{""query"": {""and"": [{""field"": ""sport_game"", ""value"": ""亚运会""}, {""field"": ""sport_name"", ""value"": ""乒乓球""}, {""field"": ""sport_competition_phase"", ""value"": ""决赛""}]}}",Y,Y,Y,
体育,404,预约下周四欧冠联赛,,,sports_match_reservation,"{""query"": {""and"": [{""field"": ""sport_game"", ""value"": ""欧冠""}, {""field"": ""sport_time"", ""value"": ""20260917""}]}}",sports_match_reservation,"{""query"": {""and"": [{""field"": ""sport_game"", ""value"": ""欧冠""}, {""field"": ""sport_time"", ""value"": ""20260917""}]}}",Y,Y,Y,
体育,403,预约9月14日名古屋亚运会的女足比赛,,,sports_match_reservation,"{""query"": {""and"": [{""field"": ""sport_game"", ""value"": ""亚运会""}, {""field"": ""sport_name"", ""value"": ""足球""}, {""field"": ""sport_time"", ""value"": ""20260914""}]}}",sports_match_reservation,"{""query"": {""and"": [{""field"": ""sport_game"", ""value"": ""亚运会""}, {""field"": ""sport_name"", ""value"": ""足球""}, {""field"": ""sport_time"", ""value"": ""20260914""}]}}",Y,Y,Y,
体育,406,帮我预约亚运会的电子竞技比赛,,,sports_match_reservation,"{""query"": {""and"": [{""field"": ""sport_game"", ""value"": ""亚运会""}, {""field"": ""sport_name"", ""value"": ""电竞""}]}}",sports_match_reservation,"{""query"": {""and"": [{""field"": ""sport_game"", ""value"": ""亚运会""}, {""field"": ""sport_name"", ""value"": ""电竞""}]}}",Y,Y,Y,
体育,405,请预约一下周六的篮球赛,,,sports_match_reservation,"{""query"": {""and"": [{""field"": ""sport_name"", ""value"": ""篮球""}, {""field"": ""sport_time"", ""value"": ""20260912""}]}}",sports_match_reservation,"{""query"": {""and"": [{""field"": ""sport_name"", ""value"": ""篮球""}, {""field"": ""sport_time"", ""value"": ""20260912""}]}}",Y,Y,Y,
体育,407,帮我预约亚运会中国和朝鲜的球赛,,,sports_match_reservation,"{""query"": {""and"": [{""field"": ""sport_game"", ""value"": ""亚运会""}, {""field"": ""sport_team"", ""operator"": ""or"", ""values"": [""中国"", ""朝鲜""]}]}}",sports_match_reservation,"{""query"": {""and"": [{""field"": ""sport_game"", ""value"": ""亚运会""}, {""field"": ""sport_team"", ""operator"": ""or"", ""values"": [""中国"", ""朝鲜""]}]}}",Y,Y,Y,
体育,408,我要预约亚运会孙颖莎的比赛,,,sports_match_reservation,"{""query"": {""and"": [{""field"": ""sport_game"", ""value"": ""亚运会""}, {""field"": ""sport_star"", ""value"": ""孙颖莎""}]}}",sports_match_reservation,"{""query"": {""and"": [{""field"": ""sport_game"", ""value"": ""亚运会""}, {""field"": ""sport_star"", ""value"": ""孙颖莎""}]}}",Y,Y,Y,
体育,409,快帮我预约9月17日巴塞罗那的那场比赛吧,,,sports_match_reservation,"{""query"": {""and"": [{""field"": ""sport_team"", ""value"": ""巴塞罗那""}, {""field"": ""sport_time"", ""value"": ""20260917""}]}}",sports_match_reservation,"{""query"": {""and"": [{""field"": ""sport_team"", ""value"": ""巴塞罗那""}, {""field"": ""sport_time"", ""value"": ""20260917""}]}}",Y,Y,Y,
体育,411,请帮我预约纽约自由人VS多伦多节奏的比赛吧,,,sports_match_reservation,"{""query"": {""field"": ""sport_team"", ""operator"": ""or"", ""values"": [""纽约自由人"", ""多伦多节奏""]}}",sports_match_reservation,"{""query"": {""field"": ""sport_team"", ""operator"": ""or"", ""values"": [""纽约自由人"", ""多伦多节奏""]}}",Y,Y,Y,
体育,416,这场比赛的首发阵容是什么,,,sports_match_lineup_search,,sports_match_lineup_search,,Y,Y,Y,
体育,417,本场比赛双方的首发十一人,,,sports_match_lineup_search,,sports_match_lineup_search,,Y,Y,Y,
体育,410,罗马和国际米兰的球赛帮我预约一下,,,sports_match_reservation,"{""query"": {""field"": ""sport_team"", ""operator"": ""or"", ""values"": [""罗马"", ""国际米兰""]}}",sports_match_reservation,"{""query"": {""field"": ""sport_team"", ""operator"": ""or"", ""values"": [""罗马"", ""国际米兰""]}}",Y,Y,Y,
体育,412,我想看尤文图斯的比赛，请帮我预约,,,sports_match_reservation,"{""query"": {""field"": ""sport_team"", ""value"": ""尤文图斯""}}",sports_match_reservation,"{""query"": {""field"": ""sport_team"", ""value"": ""尤文图斯""}}",Y,Y,Y,
体育,414,记得提醒我观看9月16号皇家马德里的比赛,,,sports_match_reservation,"{""query"": {""and"": [{""field"": ""sport_team"", ""value"": ""皇家马德里""}, {""field"": ""sport_time"", ""value"": ""20260916""}]}}",sports_match_reservation,"{""query"": {""and"": [{""field"": ""sport_team"", ""value"": ""皇家马德里""}, {""field"": ""sport_time"", ""value"": ""20260916""}]}}",Y,Y,Y,
体育,413,提醒我看英超切尔西的比赛,,,sports_match_reservation,"{""query"": {""and"": [{""field"": ""sport_game"", ""value"": ""英超""}, {""field"": ""sport_team"", ""value"": ""切尔西""}]}}",sports_match_reservation,"{""query"": {""and"": [{""field"": ""sport_game"", ""value"": ""英超""}, {""field"": ""sport_team"", ""value"": ""切尔西""}]}}",Y,Y,Y,
体育,419,本场比赛的大名单,,,sports_match_lineup_search,,sports_match_lineup_search,,Y,Y,Y,
体育,418,这场球赛的先发名单,,,sports_match_lineup_search,,sports_match_lineup_search,,Y,Y,Y,
体育,420,这场比赛双方的主力球员,,,sports_match_lineup_search,,sports_match_lineup_search,,Y,Y,Y,
体育,421,本场比赛的替补球员都有谁,,,sports_match_lineup_search,,sports_match_lineup_search,,Y,Y,Y,
体育,422,这场对决的出场阵容,,,sports_match_lineup_search,,sports_match_lineup_search,,Y,Y,Y,
体育,424,本场比赛两队的出战名单,,,sports_match_lineup_search,,sports_match_lineup_search,,Y,Y,Y,
体育,426,本场比赛的先发阵容,,,sports_match_lineup_search,,sports_match_lineup_search,,Y,Y,Y,
体育,428,本场比赛的轮换名单,,,sports_match_lineup_search,,sports_match_lineup_search,,Y,Y,Y,
体育,415,预约里昂和雷恩的球赛，提醒我观看,,,sports_match_reservation,"{""query"": {""field"": ""sport_team"", ""operator"": ""or"", ""values"": [""里昂"", ""雷恩""]}}",sports_match_reservation,"{""query"": {""field"": ""sport_team"", ""operator"": ""or"", ""values"": {""and"": [""里昂"", ""雷恩""]}}}",Y,N,N,"query: gold={""field"": ""sport_team"", ""operator"": ""or"", ""values"": [""里昂"", ""雷恩""]} pred={""field"": ""sport_team"", ""operator"": ""or"", ""values"": {""and"": [""里昂"", ""雷恩""]}}"
体育,429,本场比赛双方的球员大名单,,,sports_match_lineup_search,,sports_match_lineup_search,,Y,Y,Y,
体育,433,本场比赛的人员名单,,,sports_match_lineup_search,,sports_match_lineup_search,,Y,Y,Y,
体育,430,这场比赛的首发都有谁,,,sports_match_lineup_search,,sports_match_lineup_search,,Y,Y,Y,
体育,432,这场足球赛的上场名单,,,sports_match_lineup_search,,sports_match_lineup_search,,Y,Y,Y,
体育,434,这场比赛两队的首发信息,,,sports_match_lineup_search,,sports_match_lineup_search,,Y,Y,Y,
体育,447,双方控球率对比,,,sports_match_statistics_card_search,,execute,,N,Y,N,
体育,437,本场比赛技术统计,,,sports_match_statistics_card_search,,sports_match_statistics_card_search,,Y,Y,Y,
体育,436,这场比赛各项数据,,,sports_match_statistics_card_search,,sports_match_statistics_card_search,,Y,Y,Y,
体育,438,这场球赛的数据统计,,,sports_match_statistics_card_search,,sports_match_statistics_card_search,,Y,Y,Y,
体育,439,本场对决的比赛数据,,,sports_match_statistics_card_search,,sports_match_statistics_card_search,,Y,Y,Y,
体育,440,两队本场比赛数据,,,sports_match_statistics_card_search,,sports_match_statistics_card_search,,Y,Y,Y,
体育,441,这场比赛的赛后数据,,,sports_match_statistics_card_search,,sports_match_statistics_card_search,,Y,Y,Y,
体育,442,本场赛事技术数据,,,sports_match_statistics_card_search,,sports_match_statistics_card_search,,Y,Y,Y,
体育,443,两队交锋的比赛统计,,,sports_match_statistics_card_search,,sports_match_statistics_card_search,,Y,Y,Y,
体育,445,两队控球占比,,,sports_match_statistics_card_search,,sports_match_statistics_card_search,,Y,Y,Y,
体育,446,这场比赛控球情况,,,sports_match_statistics_card_search,,sports_match_statistics_card_search,,Y,Y,Y,
体育,448,本场谁控球更多,,,sports_match_statistics_card_search,,sports_match_statistics_card_search,,Y,Y,Y,
体育,449,两队控球百分比,,,sports_match_statistics_card_search,,sports_match_statistics_card_search,,Y,Y,Y,
体育,450,这场比赛控球数据,,,sports_match_statistics_card_search,,sports_match_statistics_card_search,,Y,Y,Y,
体育,453,这场比赛射门情况,,,sports_match_statistics_card_search,,sports_match_statistics_card_search,,Y,Y,Y,
体育,452,两队射门次数,,,sports_match_statistics_card_search,,sports_match_statistics_card_search,,Y,Y,Y,
体育,451,本场射门数据,,,sports_match_statistics_card_search,,sports_match_statistics_card_search,,Y,Y,Y,
体育,425,这场比赛的主力十一人是谁,,,sports_match_lineup_search,,fan_knowledge_agent,"{""messages"": [{""content"": ""这场比赛的主力十一人是谁"", ""role"": ""user""}], ""riskRespStrategy"": ""all_replace"", ""sceneTypeIntentList"": [{""intent"": ""sports_chat_qa"", ""sceneType"": ""sport_qa""}]}",N,Y,N,
体育,454,双方射门统计,,,sports_match_statistics_card_search,,sports_match_statistics_card_search,,Y,Y,Y,
体育,455,本场射正次数,,,sports_match_statistics_card_search,,sports_match_statistics_card_search,,Y,Y,Y,
体育,457,这场比赛射门相关数据,,,sports_match_statistics_card_search,,sports_match_statistics_card_search,,Y,Y,Y,
体育,459,两队犯规次数,,,sports_match_statistics_card_search,,sports_match_statistics_card_search,,Y,Y,Y,
体育,458,本场传球数据,,,sports_match_statistics_card_search,,sports_match_statistics_card_search,,Y,Y,Y,
体育,427,这场比赛双方派了哪些主力,,,sports_match_lineup_search,,fan_knowledge_agent,"{""messages"": [{""content"": ""这场比赛双方派了哪些主力"", ""role"": ""user""}], ""riskRespStrategy"": ""all_replace"", ""sceneTypeIntentList"": [{""intent"": ""sports_chat_qa"", ""sceneType"": ""sport_qa""}]}",N,Y,N,
体育,460,这场比赛角球数量,,,sports_match_statistics_card_search,,sports_match_statistics_card_search,,Y,Y,Y,
体育,456,两队射门对比,,,sports_match_statistics_card_search,,sports_match_statistics_card_search,,Y,Y,Y,
体育,462,本场扑救数据,,,sports_match_statistics_card_search,,sports_match_statistics_card_search,,Y,Y,Y,
体育,461,双方越位统计,,,sports_match_statistics_card_search,,sports_match_statistics_card_search,,Y,Y,Y,
体育,464,这场比赛的赛况,,,sports_match_event_card_search,,sports_match_event_card_search,,Y,Y,Y,
体育,423,本场比赛哪些球员首发出战,,,sports_match_lineup_search,,fan_knowledge_agent,"{""messages"": [{""content"": ""本场比赛哪些球员首发出战"", ""role"": ""user""}], ""riskRespStrategy"": ""all_replace"", ""sceneTypeIntentList"": [{""intent"": ""sports_match_lineup_search"", ""sceneType"": ""sport_qa""}]}",N,Y,N,
体育,465,比赛情况怎么样,,,sports_match_event_card_search,,sports_match_event_card_search,,Y,Y,Y,
体育,431,本场比赛两队首发都是哪些人,,,sports_match_lineup_search,,fan_knowledge_agent,"{""messages"": [{""content"": ""本场比赛两队首发都是哪些人"", ""role"": ""user""}], ""riskRespStrategy"": ""all_replace"", ""sceneTypeIntentList"": [{""intent"": ""sports_match_lineup_search"", ""sceneType"": ""sport_qa""}]}",N,Y,N,
体育,463,两队黄牌红牌情况,,,sports_match_statistics_card_search,,sports_match_statistics_card_search,,Y,Y,Y,
体育,466,本场比赛战况如何,,,sports_match_event_card_search,,sports_match_event_card_search,,Y,Y,Y,
体育,467,这场球赛的实时赛况,,,sports_match_event_card_search,,sports_match_event_card_search,,Y,Y,Y,
体育,468,两队交锋情况,,,sports_match_event_card_search,,sports_match_event_card_search,,Y,Y,Y,
体育,469,本场比赛进展如何,,,sports_match_event_card_search,,sports_match_event_card_search,,Y,Y,Y,
体育,470,这场对决现在什么情况,,,sports_match_event_card_search,,sports_match_event_card_search,,Y,Y,Y,
体育,471,本场赛事战况,,,sports_match_event_card_search,,sports_match_event_card_search,,Y,Y,Y,
体育,472,这场足球赛的情况,,,sports_match_event_card_search,,sports_match_event_card_search,,Y,Y,Y,
体育,474,本场比赛战报,,,sports_match_event_card_search,,sports_match_event_card_search,,Y,Y,Y,
体育,473,两队比赛目前比分和情况,,,sports_match_event_card_search,,sports_match_event_card_search,,Y,Y,Y,
体育,475,这场比赛战况,,,sports_match_event_card_search,,sports_match_event_card_search,,Y,Y,Y,
体育,444,本场控球率是多少,,,sports_match_statistics_card_search,,fan_knowledge_agent,"{""messages"": [{""content"": ""本场控球率是多少"", ""role"": ""user""}], ""riskRespStrategy"": ""all_replace"", ""sceneTypeIntentList"": [{""sceneType"": ""knowledge_qa""}]}",N,Y,N,
体育,476,本场对决赛况如何,,,sports_match_event_card_search,,sports_match_event_card_search,,Y,Y,Y,
体育,435,本场比赛替补席都有哪些球员,,,sports_match_lineup_search,,fan_knowledge_agent,"{""messages"": [{""content"": ""本场比赛替补席都有哪些球员"", ""role"": ""user""}], ""riskRespStrategy"": ""all_replace"", ""sceneTypeIntentList"": [{""intent"": ""sports_person_search"", ""sceneType"": ""sport_qa""}]}",N,Y,N,
体育,477,球赛现在局势怎么样,,,sports_match_event_card_search,,sports_match_event_card_search,,Y,Y,Y,
体育,478,本场比赛发生了什么,,,sports_match_event_card_search,,sports_match_event_card_search,,Y,Y,Y,
体育,479,两队交手情况如何,,,sports_match_event_card_search,,sports_match_event_card_search,,Y,Y,Y,
体育,480,这场比赛的现场情况,,,sports_match_event_card_search,,sports_match_event_card_search,,Y,Y,Y,
体育,481,本场赛事进展,,,sports_match_event_card_search,,sports_match_event_card_search,,Y,Y,Y,
体育,482,这场足球对决战况,,,sports_match_event_card_search,,sports_match_event_card_search,,Y,Y,Y,
体育,483,本场比赛的实时情况,,,sports_match_event_card_search,,sports_match_event_card_search,,Y,Y,Y,
