域,row,query,intent,是否合理,gold_tool,gold_params,pred_tool,pred_params,tool_ok,param_ok,both_ok,param_diff
少儿,10,6到7岁儿童适合的成长主题动画,confirm_vague_search,不合理,educ_fuzzy_search,"{""query"": ""6到7岁儿童适合的成长主题动画""}",educ_fuzzy_search,"{""query"": ""6到7岁儿童适合的成长主题动画""}",Y,Y,Y,
少儿,12,按我家娃的喜好推荐一些动画,confirm_personalized_recommend,,educ_fuzzy_search,"{""query"": ""按我家娃的喜好推荐一些动画""}",educ_fuzzy_search,"{""query"": ""按我家娃的喜好推荐一些动画""}",Y,Y,Y,
少儿,8,23年以后的动画片,multi_tab_search,,educ_search_all,"{""query"": {""and"": [{""field"": ""content_type"", ""value"": ""动画""}, {""field"": ""release_time"", ""from"": ""20230101"", ""to"": ""20260824""}]}, ""retext"": ""23年以后的动画片""}",educ_search_all,"{""query"": {""and"": [{""field"": ""content_type"", ""value"": ""动画""}, {""field"": ""release_time"", ""from"": ""20230101"", ""to"": ""20260824""}]}, ""retext"": ""23年以后的动画片""}",Y,Y,Y,
少儿,5,2010年到2019年比较火的冒险动画片,multi_tab_search,,educ_search_all,"{""query"": {""and"": [{""field"": ""children_third_genre"", ""value"": ""冒险""}, {""field"": ""content_type"", ""value"": ""动画""}, {""field"": ""release_time"", ""from"": ""20100101"", ""to"": ""20191231""}]}, ""retext"": ""2010年2019年比较火的冒险动画片""}",educ_search_all,"{""query"": {""and"": [{""field"": ""content_type"", ""value"": ""动画""}, {""field"": ""release_time"", ""from"": ""20100101"", ""to"": ""20191231""}, {""field"": ""children_third_genre"", ""value"": ""冒险""}]}, ""retext"": ""2010年到2019年比较火的冒险动画片""}",Y,N,N,"retext: gold=""2010年2019年比较火的冒险动画片"" pred=""2010年到2019年比较火的冒险动画片"""
少儿,3,0到3岁宝宝看的启蒙动画,multi_tab_search,不合理,educ_search,"{""query"": {""and"": [{""field"": ""title"", ""value"": ""启蒙""}, {""field"": ""age_range"", ""from"": 0, ""to"": 3}, {""field"": ""content_type"", ""value"": ""动画""}]}, ""retext"": ""0到3岁宝宝看的启蒙动画""}",educ_search,"{""query"": {""and"": [{""field"": ""title"", ""value"": ""启蒙""}, {""field"": ""content_type"", ""value"": ""动画""}, {""field"": ""age_range"", ""from"": 0, ""to"": 3}]}, ""retext"": ""0到3岁宝宝看的启蒙动画""}",Y,Y,Y,
少儿,7,22年至今播出的科幻冒险动画,multi_tab_search,,educ_search_all,"{""query"": {""and"": [{""field"": ""children_third_genre"", ""value"": ""科幻""}, {""field"": ""children_third_genre"", ""value"": ""冒险""}, {""field"": ""content_type"", ""value"": ""动画""}, {""field"": ""release_time"", ""from"": ""20220101"", ""to"": ""20260824""}]}, ""retext"": ""22年至今播出的科幻冒险动画""}",educ_search_all,"{""query"": {""and"": [{""field"": ""content_type"", ""value"": ""动画""}, {""field"": ""release_time"", ""from"": ""20220101"", ""to"": ""20260824""}, {""field"": ""children_third_genre"", ""value"": ""科幻""}, {""field"": ""children_third_genre"", ""value"": ""冒险""}]}, ""retext"": ""22年至今播出的科幻冒险动画""}",Y,Y,Y,
少儿,6,2025年的免费重生动漫,multi_tab_search,,educ_search_all,"{""query"": {""and"": [{""field"": ""title"", ""value"": ""重生""}, {""field"": ""release_time"", ""from"": ""20250101"", ""to"": ""20251231""}, {""field"": ""children_second_genre"", ""value"": ""动漫""}, {""field"": ""is_fee"", ""value"": 0}]}, ""retext"": ""2025年的免费重生动漫""}",educ_search_all,"{""query"": {""and"": [{""field"": ""title"", ""value"": ""重生""}, {""field"": ""release_time"", ""from"": ""20250101"", ""to"": ""20251231""}, {""field"": ""children_second_genre"", ""value"": ""动漫""}, {""field"": ""is_fee"", ""value"": 0}]}, ""retext"": ""2025年的免费重生动漫""}",Y,Y,Y,
少儿,9,4到5岁逻辑思维启蒙动画,multi_tab_search,不合理,educ_search,"{""query"": {""and"": [{""field"": ""title"", ""value"": ""逻辑思维启蒙""}, {""field"": ""content_type"", ""value"": ""动画""}, {""field"": ""age_range"", ""from"": 4, ""to"": 5}]}, ""retext"": ""4到5岁逻辑思维启蒙动画""}",educ_search,"{""query"": {""and"": [{""field"": ""title"", ""value"": ""逻辑思维启蒙""}, {""field"": ""content_type"", ""value"": ""动画""}, {""field"": ""age_range"", ""from"": 4, ""to"": 5}]}, ""retext"": ""4到5岁逻辑思维启蒙动画""}",Y,Y,Y,
少儿,2,教孩子情绪管理的绘本动画,multi_tab_search,,educ_search_all,"{""query"": {""and"": [{""or"": [{""field"": ""children_third_genre"", ""value"": ""情绪管理""}, {""field"": ""training_objectives"", ""value"": ""情绪管理""}]}, {""field"": ""children_second_genre"", ""value"": ""绘本""}, {""field"": ""content_type"", ""value"": ""动画""}]}, ""retext"": ""教孩子情绪管理的绘本动画""}",educ_search_all,"{""query"": {""and"": [{""or"": [{""field"": ""children_third_genre"", ""value"": ""情绪管理""}, {""field"": ""training_objectives"", ""value"": ""情绪管理""}]}, {""field"": ""children_second_genre"", ""value"": ""绘本""}, {""field"": ""content_type"", ""value"": ""动画""}]}, ""retext"": ""教孩子情绪管理的绘本动画""}",Y,Y,Y,
少儿,18,帮我找《佩奇》。,multi_tab_search,,educ_search,"{""query"": {""field"": ""title"", ""value"": ""小猪佩奇""}, ""retext"": ""帮我找《佩奇》。""}",educ_search,"{""query"": {""field"": ""title"", ""value"": ""小猪佩奇""}, ""retext"": ""帮我找《佩奇》。""}",Y,Y,Y,
少儿,15,帮我搜索2023年推出的动漫作品,multi_tab_search,,educ_search_all,"{""query"": {""and"": [{""field"": ""release_time"", ""from"": ""20230101"", ""to"": ""20231231""}, {""field"": ""children_second_genre"", ""value"": ""动漫""}]}, ""retext"": ""帮我搜索2023年推出的动漫作品""}",educ_search_all,"{""query"": {""and"": [{""field"": ""release_time"", ""from"": ""20230101"", ""to"": ""20231231""}, {""field"": ""children_second_genre"", ""value"": ""动漫""}]}, ""retext"": ""帮我搜索2023年推出的动漫作品""}",Y,Y,Y,
少儿,11,9岁小女孩喜欢看的动画片,multi_tab_search,不合理,educ_search,"{""query"": {""and"": [{""field"": ""content_type"", ""value"": ""动画""}, {""field"": ""gender"", ""value"": ""女""}, {""field"": ""age_range"", ""from"": 9, ""to"": 9}]}, ""retext"": ""9岁小女孩喜欢看的动画""}",educ_search,"{""query"": {""and"": [{""field"": ""content_type"", ""value"": ""动画""}, {""field"": ""gender"", ""value"": ""女""}, {""field"": ""age_range"", ""from"": 9, ""to"": 9}]}, ""retext"": ""9岁小女孩喜欢看的动画片""}",Y,N,N,"retext: gold=""9岁小女孩喜欢看的动画"" pred=""9岁小女孩喜欢看的动画片"""
少儿,13,奥特曼免费的不要钱的,multi_tab_search,,educ_search,"{""query"": {""and"": [{""field"": ""title"", ""value"": ""奥特曼""}, {""field"": ""is_fee"", ""value"": 0}]}, ""retext"": ""奥特曼免费的不要钱的""}",educ_search,"{""query"": {""and"": [{""field"": ""title"", ""value"": ""奥特曼""}, {""field"": ""is_fee"", ""value"": 0}]}, ""retext"": ""奥特曼免费的不要钱的""}",Y,Y,Y,
少儿,14,帮我播放钶龙战记,multi_tab_search,,educ_search,"{""query"": {""field"": ""title"", ""value"": ""钶龙战记""}, ""retext"": ""帮我播放钶龙战记""}",educ_search,"{""query"": {""field"": ""title"", ""value"": ""钶龙战记""}, ""retext"": ""帮我播放钶龙战记""}",Y,Y,Y,
少儿,16,帮我调到免费的长征先锋,multi_tab_search,,educ_search,"{""query"": {""and"": [{""field"": ""title"", ""value"": ""长征先锋""}, {""field"": ""is_fee"", ""value"": 0}]}, ""retext"": ""帮我调到免费的长征先锋""}",educ_search,"{""query"": {""and"": [{""field"": ""title"", ""value"": ""长征先锋""}, {""field"": ""is_fee"", ""value"": 0}]}, ""retext"": ""帮我调到免费的长征先锋""}",Y,Y,Y,
少儿,27,播放宝宝动画片,multi_tab_search,不合理,educ_search,"{""query"": {""field"": ""content_type"", ""value"": ""动画""}, ""retext"": ""播放宝宝动画片""}",educ_search,"{""query"": {""field"": ""content_type"", ""value"": ""动画""}, ""retext"": ""播放宝宝动画片""}",Y,Y,Y,
少儿,17,帮我找一个动画片儿背古诗的,multi_tab_search,不合理,educ_search,"{""query"": {""and"": [{""field"": ""children_third_genre"", ""value"": ""古诗""}, {""field"": ""content_type"", ""value"": ""动画""}]}, ""retext"": ""帮我找一个动画片儿背古诗的""}",educ_search,"{""query"": {""and"": [{""field"": ""content_type"", ""value"": ""动画""}, {""field"": ""children_third_genre"", ""value"": ""古诗""}]}, ""retext"": ""帮我找一个动画片儿背古诗的""}",Y,Y,Y,
少儿,19,芭比系列全部免费,multi_tab_search,,educ_search,"{""query"": {""and"": [{""field"": ""title"", ""value"": ""芭比""}, {""field"": ""is_fee"", ""value"": 0}]}, ""retext"": ""芭比系列全部免费""}",educ_search,"{""query"": {""and"": [{""field"": ""title"", ""value"": ""芭比""}, {""field"": ""is_fee"", ""value"": 0}]}, ""retext"": ""芭比系列全部免费""}",Y,Y,Y,
少儿,20,贝瓦儿歌开始,multi_tab_search,,educ_search,"{""query"": {""field"": ""title"", ""value"": ""贝瓦儿歌""}, ""retext"": ""贝瓦儿歌开始""}",educ_search,"{""query"": {""field"": ""title"", ""value"": ""贝瓦儿歌""}, ""retext"": ""贝瓦儿歌开始""}",Y,Y,Y,
少儿,4,10 到 12 岁儿童的经典卡通,multi_tab_search,,educ_search,"{""query"": {""and"": [{""field"": ""children_second_genre"", ""value"": ""经典""}, {""field"": ""content_type"", ""value"": ""卡通""}, {""field"": ""age_range"", ""from"": 10, ""to"": 12}]}, ""retext"": ""10 到 12 岁儿童的经典卡通""}",educ_search,"{""query"": {""and"": [{""field"": ""content_type"", ""value"": ""卡通""}, {""field"": ""children_second_genre"", ""value"": ""经典""}, {""field"": ""age_range"", ""from"": 10, ""to"": 12}]}, ""retext"": ""10 到 12 岁儿童的经典卡通""}",Y,Y,Y,
少儿,23,播放奥特曼卡片,multi_tab_search,,educ_search,"{""query"": {""field"": ""title"", ""value"": ""奥特曼卡片""}, ""retext"": ""播放奥特曼卡片""}",educ_search,"{""query"": {""field"": ""title"", ""value"": ""奥特曼卡片""}, ""retext"": ""播放奥特曼卡片""}",Y,Y,Y,
少儿,22,播放艾莎公主或安娜公主,multi_tab_search,,educ_search,"{""query"": {""or"": [{""field"": ""role"", ""value"": ""艾莎公主""}, {""field"": ""role"", ""value"": ""安娜公主""}, {""field"": ""title"", ""value"": ""艾莎公主""}, {""field"": ""title"", ""value"": ""安娜公主""}]}, ""retext"": ""播放艾莎公主和安娜公主""}",educ_search,"{""query"": {""or"": [{""field"": ""role"", ""value"": ""艾莎公主""}, {""field"": ""title"", ""value"": ""艾莎公主""}, {""field"": ""role"", ""value"": ""安娜公主""}, {""field"": ""title"", ""value"": ""安娜公主""}]}, ""retext"": ""播放艾莎公主或安娜公主""}",Y,N,N,"retext: gold=""播放艾莎公主和安娜公主"" pred=""播放艾莎公主或安娜公主"""
少儿,21,彼得兔全屏播放,multi_tab_search,存疑,educ_search,"{""query"": {""field"": ""title"", ""value"": ""彼得兔""}, ""retext"": ""彼得兔全屏播放""}",educ_search,"{""query"": {""field"": ""title"", ""value"": ""彼得兔""}, ""retext"": ""彼得兔全屏播放""}",Y,Y,Y,
少儿,24,播放阿拉丁神灯故事,multi_tab_search,,educ_search,"{""query"": {""and"": [{""field"": ""title"", ""value"": ""阿拉丁神灯""}, {""field"": ""children_second_genre"", ""value"": ""故事""}]}, ""retext"": ""播放阿拉丁神灯故事""}",educ_search,"{""query"": {""and"": [{""field"": ""title"", ""value"": ""阿拉丁神灯""}, {""field"": ""children_second_genre"", ""value"": ""故事""}]}, ""retext"": ""播放阿拉丁神灯故事""}",Y,Y,Y,
少儿,29,播放宝贝JOJO之认知启蒙,educ_keyword_search,不合理,educ_search,"{""query"": {""or"": [{""field"": ""title"", ""value"": ""认知启蒙""}, {""field"": ""title"", ""value"": ""超级宝贝jojo""}]}, ""retext"": ""播放宝贝JOJO之认知启蒙""}",educ_search,"{""query"": {""or"": [{""field"": ""title"", ""value"": ""超级宝贝jojo""}, {""field"": ""title"", ""value"": ""认知启蒙""}]}, ""retext"": ""播放宝贝JOJO之认知启蒙""}",Y,Y,Y,
少儿,26,播放宝宝巴士奇妙学古诗,multi_tab_search,,educ_search,"{""query"": {""field"": ""title"", ""value"": ""宝宝巴士奇妙学古诗""}, ""retext"": ""播放宝宝巴士奇妙学古诗""}",educ_search,"{""query"": {""field"": ""title"", ""value"": ""宝宝巴士奇妙学古诗""}, ""retext"": ""播放宝宝巴士奇妙学古诗""}",Y,Y,Y,
少儿,25,播放阿巳与小铃铛的故事,multi_tab_search,,educ_search,"{""query"": {""and"": [{""field"": ""title"", ""value"": ""阿巳与小铃铛""}, {""field"": ""children_second_genre"", ""value"": ""故事""}]}, ""retext"": ""播放阿巳与小铃铛的故事""}",educ_search,"{""query"": {""and"": [{""field"": ""title"", ""value"": ""阿巳与小铃铛""}, {""field"": ""children_second_genre"", ""value"": ""故事""}]}, ""retext"": ""播放阿巳与小铃铛的故事""}",Y,Y,Y,
少儿,28,播放暴暴龙,multi_tab_search,,educ_search,"{""query"": {""or"": [{""field"": ""role"", ""value"": ""暴暴龙""}, {""field"": ""title"", ""value"": ""暴暴龙""}]}, ""retext"": ""播放暴暴龙""}",educ_search,"{""query"": {""or"": [{""field"": ""role"", ""value"": ""暴暴龙""}, {""field"": ""title"", ""value"": ""暴暴龙""}]}, ""retext"": ""播放暴暴龙""}",Y,Y,Y,
少儿,31,播放巴巴爸爸的视频,multi_tab_search,,educ_search,"{""query"": {""field"": ""title"", ""value"": ""巴巴爸爸""}, ""retext"": ""播放巴巴爸爸的视频""}",educ_search,"{""query"": {""field"": ""title"", ""value"": ""巴巴爸爸""}, ""retext"": ""播放巴巴爸爸的视频""}",Y,Y,Y,
少儿,30,播放爆裂飞车二,multi_tab_search,不合理,educ_search,"{""query"": {""field"": ""title"", ""value"": ""爆裂飞车2""}, ""retext"": ""播放爆裂飞车二""}",educ_search,"{""query"": {""field"": ""title"", ""value"": ""爆裂飞车2""}, ""retext"": ""播放爆裂飞车二""}",Y,Y,Y,
少儿,34,播放不要会员的开心锤锤,multi_tab_search,不合理,educ_search,"{""query"": {""and"": [{""field"": ""title"", ""value"": ""开心锤锤""}, {""field"": ""is_fee"", ""value"": 0}]}, ""retext"": ""播放不要会员的开心锤锤""}",educ_search,"{""query"": {""and"": [{""field"": ""title"", ""value"": ""开心锤锤""}, {""field"": ""is_fee"", ""value"": 0}]}, ""retext"": ""播放不要会员的开心锤锤""}",Y,Y,Y,
少儿,33,播放布鲁伊中文版不用会员,multi_tab_search,,educ_search,"{""query"": {""and"": [{""field"": ""title"", ""value"": ""布鲁伊""}, {""field"": ""language"", ""value"": ""中文版""}, {""field"": ""is_fee"", ""value"": 0}]}, ""retext"": ""播放布鲁伊中文版不用会员""}",educ_search,"{""query"": {""and"": [{""field"": ""title"", ""value"": ""布鲁伊""}, {""field"": ""language"", ""value"": ""中文版""}, {""field"": ""is_fee"", ""value"": 0}]}, ""retext"": ""播放布鲁伊中文版不用会员""}",Y,Y,Y,
少儿,35,播放成人动画片开心锤锤免费,multi_tab_search,不合理,educ_search,"{""query"": {""and"": [{""field"": ""title"", ""value"": ""开心锤锤""}, {""field"": ""content_type"", ""value"": ""动画片""}, {""field"": ""is_fee"", ""value"": 0}]}, ""retext"": ""播放成人动画片开心锤锤免费""}",educ_search,"{""query"": {""and"": [{""field"": ""title"", ""value"": ""开心锤锤""}, {""field"": ""content_type"", ""value"": ""动画片""}, {""field"": ""is_fee"", ""value"": 0}]}, ""retext"": ""播放成人动画片开心锤锤免费""}",Y,Y,Y,
少儿,47,播放好饿的毛毛虫,educ_keyword_search,,educ_search,"{""query"": {""field"": ""title"", ""value"": ""好饿的毛毛虫""}, ""retext"": ""播放好饿的毛毛虫""}",educ_search,"{""query"": {""field"": ""title"", ""value"": ""好饿的毛毛虫""}, ""retext"": ""播放好饿的毛毛虫""}",Y,Y,Y,
少儿,38,播放超级宝贝JOJO,multi_tab_search,不合理,educ_search,"{""query"": {""field"": ""title"", ""value"": ""超级宝贝jojo""}, ""retext"": ""播放超级宝贝jojo""}",educ_search,"{""query"": {""field"": ""title"", ""value"": ""超级宝贝jojo""}, ""retext"": ""播放超级宝贝JOJO""}",Y,N,N,"retext: gold=""播放超级宝贝jojo"" pred=""播放超级宝贝JOJO"""
少儿,40,播放斗罗大陆动漫版,multi_tab_search,不合理,educ_search,"{""query"": {""and"": [{""field"": ""title"", ""value"": ""斗罗大陆""}, {""field"": ""children_second_genre"", ""value"": ""动漫""}]}, ""retext"": ""播放斗罗大陆动漫版""}",educ_search,"{""query"": {""and"": [{""field"": ""title"", ""value"": ""斗罗大陆""}, {""field"": ""children_second_genre"", ""value"": ""动漫""}]}, ""retext"": ""播放斗罗大陆动漫版""}",Y,Y,Y,
少儿,37,播放第三集小马宝莉,multi_tab_search,不合理,educ_search,"{""query"": {""field"": ""title"", ""value"": ""小马宝莉""}, ""retext"": ""播放第三集小马宝莉""}",educ_search,"{""query"": {""field"": ""title"", ""value"": ""小马宝莉""}, ""retext"": ""播放第三集小马宝莉""}",Y,Y,Y,
少儿,44,播放国语版汪汪队电影,multi_tab_search,,educ_search,"{""query"": {""and"": [{""field"": ""title"", ""value"": ""汪汪队""}, {""field"": ""children_second_genre"", ""value"": ""电影""}, {""field"": ""language"", ""value"": ""国语版""}]}, ""retext"": ""播放国语版汪汪队电影""}",educ_search,"{""query"": {""and"": [{""field"": ""title"", ""value"": ""汪汪队""}, {""field"": ""language"", ""value"": ""国语版""}, {""field"": ""children_second_genre"", ""value"": ""电影""}]}, ""retext"": ""播放国语版汪汪队电影""}",Y,Y,Y,
少儿,39,播放斗罗大陆动漫版,multi_tab_search,,educ_search,"{""query"": {""and"": [{""field"": ""title"", ""value"": ""斗罗大陆""}, {""field"": ""children_second_genre"", ""value"": ""动漫""}]}, ""retext"": ""播放斗罗大陆动漫版""}",educ_search,"{""query"": {""and"": [{""field"": ""title"", ""value"": ""斗罗大陆""}, {""field"": ""children_second_genre"", ""value"": ""动漫""}]}, ""retext"": ""播放斗罗大陆动漫版""}",Y,Y,Y,
少儿,50,播放积木玩具,multi_tab_search,,educ_search,"{""query"": {""field"": ""title"", ""value"": ""积木玩具""}, ""retext"": ""播放积木玩具""}",educ_search,"{""query"": {""field"": ""title"", ""value"": ""积木玩具""}, ""retext"": ""播放积木玩具""}",Y,Y,Y,
少儿,49,播放旧版的汪汪队,multi_tab_search,,educ_search,"{""query"": {""field"": ""title"", ""value"": ""汪汪队""}, ""retext"": ""播放旧版的汪汪队""}",educ_search,"{""query"": {""field"": ""title"", ""value"": ""汪汪队""}, ""retext"": ""播放旧版的汪汪队""}",Y,Y,Y,
少儿,46,播放海绵宝宝第八季,multi_tab_search,不合理,educ_search,"{""query"": {""and"": [{""field"": ""title"", ""value"": ""海绵宝宝""}, {""field"": ""title"", ""value"": ""第八季""}]}, ""retext"": ""播放海绵宝宝第八季""}",educ_search,"{""query"": {""and"": [{""field"": ""title"", ""value"": ""海绵宝宝""}, {""field"": ""title"", ""value"": ""第八季""}]}, ""retext"": ""播放海绵宝宝第八季""}",Y,Y,Y,
少儿,45,播放海底小纵队第五季立刻播放,multi_tab_search,不合理,educ_search,"{""query"": {""and"": [{""field"": ""title"", ""value"": ""海底小纵队""}, {""field"": ""title"", ""value"": ""第五季""}]}, ""retext"": ""播放海底小纵队第五季立刻播放""}",educ_search,"{""query"": {""and"": [{""field"": ""title"", ""value"": ""海底小纵队""}, {""field"": ""title"", ""value"": ""第五季""}]}, ""retext"": ""播放海底小纵队第五季立刻播放""}",Y,Y,Y,
少儿,51,播放六一儿童节免费动画,,不合理,educ_search,"{""query"": {""and"": [{""field"": ""festival"", ""value"": ""六一儿童节""}, {""field"": ""is_fee"", ""value"": 0}, {""field"": ""content_type"", ""value"": ""动画""}]}, ""retext"": ""播放六一儿童节免费动画""}",educ_search,"{""query"": {""and"": [{""field"": ""content_type"", ""value"": ""动画""}, {""field"": ""festival"", ""value"": ""六一儿童节""}, {""field"": ""is_fee"", ""value"": 0}]}, ""retext"": ""播放六一儿童节免费动画""}",Y,Y,Y,
少儿,42,播放搞笑视频光头强,multi_tab_search,,educ_search,"{""query"": {""and"": [{""or"": [{""field"": ""role"", ""value"": ""光头强""}, {""field"": ""title"", ""value"": ""光头强""}]}, {""field"": ""children_third_genre"", ""value"": ""搞笑""}]}, ""retext"": ""播放搞笑视频光头强""}",educ_search,"{""query"": {""and"": [{""or"": [{""field"": ""role"", ""value"": ""光头强""}, {""field"": ""title"", ""value"": ""光头强""}]}, {""field"": ""children_third_genre"", ""value"": ""搞笑""}]}, ""retext"": ""播放搞笑视频光头强""}",Y,Y,Y,
少儿,48,播放好看的动画片,multi_tab_search,不合理,educ_search,"{""query"": {""field"": ""content_type"", ""value"": ""动画""}, ""retext"": ""播放好看的动画片""}",educ_search,"{""query"": {""field"": ""content_type"", ""value"": ""动画""}, ""retext"": ""播放好看的动画片""}",Y,Y,Y,
少儿,36,播放丑小鸭,multi_tab_search,,educ_search,"{""query"": {""field"": ""title"", ""value"": ""丑小鸭""}, ""retext"": ""播放丑小鸭""}",educ_search,"{""query"": {""field"": ""title"", ""value"": ""丑小鸭""}, ""retext"": ""播放丑小鸭""}",Y,Y,Y,
少儿,53,播放玛莎和熊第七季,multi_tab_search,不合理,educ_search,"{""query"": {""and"": [{""field"": ""title"", ""value"": ""玛莎和熊""}, {""field"": ""title"", ""value"": ""第七季""}]}, ""retext"": ""播放玛莎和熊第七季""}",educ_search,"{""query"": {""and"": [{""field"": ""title"", ""value"": ""玛莎和熊""}, {""field"": ""title"", ""value"": ""第七季""}]}, ""retext"": ""播放玛莎和熊第七季""}",Y,Y,Y,
少儿,43,播放鬼灭之刃普通话版,multi_tab_search,,educ_search,"{""query"": {""and"": [{""field"": ""title"", ""value"": ""鬼灭之刃""}, {""field"": ""language"", ""value"": ""普通话""}]}, ""retext"": ""播放鬼灭之刃普通话版""}",educ_search,"{""query"": {""and"": [{""field"": ""title"", ""value"": ""鬼灭之刃""}, {""field"": ""language"", ""value"": ""普通话""}]}, ""retext"": ""播放鬼灭之刃普通话版""}",Y,Y,Y,
少儿,41,播放儿童消防车,educ_keyword_search,不合理,educ_search,"{""query"": {""field"": ""title"", ""value"": ""消防车""}, ""retext"": ""播放儿童消防车""}",educ_search,"{""query"": {""field"": ""title"", ""value"": ""消防车""}, ""retext"": ""播放儿童消防车""}",Y,Y,Y,
少儿,59,播放免费的搞笑动漫,multi_tab_search,,educ_search,"{""query"": {""and"": [{""field"": ""children_third_genre"", ""value"": ""搞笑""}, {""field"": ""children_second_genre"", ""value"": ""动漫""}, {""field"": ""is_fee"", ""value"": 0}]}, ""retext"": ""播放免费的搞笑动漫""}",educ_search,"{""query"": {""and"": [{""field"": ""children_second_genre"", ""value"": ""动漫""}, {""field"": ""children_third_genre"", ""value"": ""搞笑""}, {""field"": ""is_fee"", ""value"": 0}]}, ""retext"": ""播放免费的搞笑动漫""}",Y,Y,Y,
少儿,54,播放免费宝宝巴士汉字,educ_keyword_search,,educ_search,"{""query"": {""and"": [{""or"": [{""field"": ""title"", ""value"": ""宝宝巴士""}, {""field"": ""children_third_genre"", ""value"": ""汉字""}]}, {""field"": ""is_fee"", ""value"": 0}]}, ""retext"": ""播放免费宝宝巴士汉字""}",educ_search,"{""query"": {""and"": [{""or"": [{""field"": ""title"", ""value"": ""宝宝巴士""}, {""field"": ""children_third_genre"", ""value"": ""汉字""}]}, {""field"": ""is_fee"", ""value"": 0}]}, ""retext"": ""播放免费宝宝巴士汉字""}",Y,Y,Y,
少儿,32,播放爸爸去哪儿的视频,multi_tab_search,,educ_search,"{""query"": {""field"": ""title"", ""value"": ""爸爸去哪儿""}, ""retext"": ""播放爸爸去哪儿的视频""}",vod_fuzzy_search,"{""query"": ""播放爸爸去哪儿的视频""}",N,N,N,"query: gold={""field"": ""title"", ""value"": ""爸爸去哪儿""} pred=""播放爸爸去哪儿的视频""; retext: gold=""播放爸爸去哪儿的视频"" pred="
少儿,56,播放免费的道奇,multi_tab_search,,educ_search,"{""query"": {""and"": [{""or"": [{""field"": ""role"", ""value"": ""道奇""}, {""field"": ""title"", ""value"": ""道奇""}]}, {""field"": ""is_fee"", ""value"": 0}]}, ""retext"": ""播放免费的道奇""}",educ_search,"{""query"": {""and"": [{""or"": [{""field"": ""role"", ""value"": ""道奇""}, {""field"": ""title"", ""value"": ""道奇""}]}, {""field"": ""is_fee"", ""value"": 0}]}, ""retext"": ""播放免费的道奇""}",Y,Y,Y,
少儿,52,播放罗小黑战记二,multi_tab_search,,educ_search,"{""query"": {""field"": ""title"", ""value"": ""罗小黑战记2""}, ""retext"": ""播放罗小黑战记二""}",educ_search,"{""query"": {""field"": ""title"", ""value"": ""罗小黑战记2""}, ""retext"": ""播放罗小黑战记二""}",Y,Y,Y,
少儿,55,播放免费的安娜小公主,multi_tab_search,不合理,educ_search,"{""query"": {""and"": [{""or"": [{""field"": ""role"", ""value"": ""安娜""}, {""field"": ""title"", ""value"": ""小公主""}, {""field"": ""title"", ""value"": ""安娜""}]}, {""field"": ""is_fee"", ""value"": 0}]}, ""retext"": ""播放免费的安娜小公主""}",educ_search,"{""query"": {""and"": [{""or"": [{""field"": ""role"", ""value"": ""安娜""}, {""field"": ""title"", ""value"": ""安娜""}, {""field"": ""title"", ""value"": ""小公主""}]}, {""field"": ""is_fee"", ""value"": 0}]}, ""retext"": ""播放免费的安娜小公主""}",Y,Y,Y,
少儿,58,播放免费的儿童螺丝钉,multi_tab_search,,educ_search,"{""query"": {""and"": [{""field"": ""title"", ""value"": ""螺丝钉""}, {""field"": ""is_fee"", ""value"": 0}]}, ""retext"": ""播放免费的儿童螺丝钉""}",educ_search,"{""query"": {""and"": [{""field"": ""title"", ""value"": ""螺丝钉""}, {""field"": ""is_fee"", ""value"": 0}]}, ""retext"": ""播放免费的儿童螺丝钉""}",Y,Y,Y,
少儿,60,播放免费的迷你特工队全集,educ_keyword_search,,educ_search,"{""query"": {""and"": [{""field"": ""title"", ""value"": ""迷你特工队全集""}, {""field"": ""is_fee"", ""value"": 0}]}, ""retext"": ""播放免费的迷你特工队全集""}",educ_search,"{""query"": {""and"": [{""field"": ""title"", ""value"": ""迷你特工队全集""}, {""field"": ""is_fee"", ""value"": 0}]}, ""retext"": ""播放免费的迷你特工队全集""}",Y,Y,Y,
少儿,64,播放免费动画片消防车,multi_tab_search,不合理,educ_search,"{""query"": {""and"": [{""field"": ""title"", ""value"": ""消防车""}, {""field"": ""content_type"", ""value"": ""动画""}, {""field"": ""is_fee"", ""value"": 0}]}, ""retext"": ""播放免费动画片消防车""}",educ_search,"{""query"": {""and"": [{""field"": ""title"", ""value"": ""消防车""}, {""field"": ""content_type"", ""value"": ""动画""}, {""field"": ""is_fee"", ""value"": 0}]}, ""retext"": ""播放免费动画片消防车""}",Y,Y,Y,
少儿,57,播放免费的第3集的巴啦啦小魔仙,multi_tab_search,不合理,educ_search,"{""query"": {""and"": [{""field"": ""title"", ""value"": ""巴啦啦小魔仙""}, {""field"": ""is_fee"", ""value"": 0}]}, ""retext"": ""播放免费的第3集的巴啦啦小魔仙""}",educ_search,"{""query"": {""and"": [{""field"": ""title"", ""value"": ""巴啦啦小魔仙""}, {""field"": ""is_fee"", ""value"": 0}]}, ""retext"": ""播放免费的第3集的巴啦啦小魔仙""}",Y,Y,Y,
少儿,63,播放免费的熊猫姐姐,educ_keyword_search,,educ_search,"{""query"": {""and"": [{""field"": ""title"", ""value"": ""熊猫姐姐""}, {""field"": ""is_fee"", ""value"": 0}]}, ""retext"": ""播放免费的熊猫姐姐""}",educ_search,"{""query"": {""and"": [{""field"": ""title"", ""value"": ""熊猫姐姐""}, {""field"": ""is_fee"", ""value"": 0}]}, ""retext"": ""播放免费的熊猫姐姐""}",Y,Y,Y,
少儿,61,播放免费的汪汪队大卡车,multi_tab_search,,educ_search,"{""query"": {""and"": [{""or"": [{""field"": ""title"", ""value"": ""大卡车""}, {""field"": ""title"", ""value"": ""汪汪队""}]}, {""field"": ""is_fee"", ""value"": 0}]}, ""retext"": ""播放免费的汪汪队大卡车""}",educ_search,"{""query"": {""and"": [{""or"": [{""field"": ""title"", ""value"": ""汪汪队""}, {""field"": ""title"", ""value"": ""大卡车""}]}, {""field"": ""is_fee"", ""value"": 0}]}, ""retext"": ""播放免费的汪汪队大卡车""}",Y,Y,Y,
少儿,65,播放免费儿童古诗,educ_keyword_search,不合理,educ_search,"{""query"": {""and"": [{""field"": ""children_third_genre"", ""value"": ""古诗""}, {""field"": ""is_fee"", ""value"": 0}]}, ""retext"": ""播放免费儿童古诗""}",educ_search,"{""query"": {""and"": [{""field"": ""children_third_genre"", ""value"": ""古诗""}, {""field"": ""is_fee"", ""value"": 0}]}, ""retext"": ""播放免费儿童古诗""}",Y,Y,Y,
少儿,72,播放卡通动画片,multi_tab_search,不合理,educ_search,"{""query"": {""or"": [{""field"": ""content_type"", ""value"": ""动画片""}, {""field"": ""content_type"", ""value"": ""卡通""}]}, ""retext"": ""播放卡通动画片""}",educ_search,"{""query"": {""or"": [{""field"": ""content_type"", ""value"": ""动画片""}, {""field"": ""content_type"", ""value"": ""卡通""}]}, ""retext"": ""播放卡通动画片""}",Y,Y,Y,
少儿,80,播放我是不白吃日常篇第8集,multi_tab_search,不合理,educ_search,"{""query"": {""field"": ""title"", ""value"": ""我是不白吃日常篇""}, ""retext"": ""播放我是不白吃日常篇第8集""}",educ_search,"{""query"": {""field"": ""title"", ""value"": ""我是不白吃日常篇""}, ""retext"": ""播放我是不白吃日常篇第8集""}",Y,Y,Y,
少儿,73,播放汽车世界之颜色乐园第三季,educ_keyword_search,不合理,educ_search,"{""query"": {""and"": [{""field"": ""title"", ""value"": ""汽车世界之颜色乐园""}, {""field"": ""title"", ""value"": ""第三季""}]}, ""retext"": ""播放汽车世界之颜色乐园第三季""}",educ_search,"{""query"": {""and"": [{""field"": ""title"", ""value"": ""汽车世界之颜色乐园""}, {""field"": ""title"", ""value"": ""第三季""}]}, ""retext"": ""播放汽车世界之颜色乐园第三季""}",Y,Y,Y,
少儿,66,播放免费少儿的恐龙,educ_keyword_search,,educ_search,"{""query"": {""and"": [{""field"": ""children_third_genre"", ""value"": ""恐龙""}, {""field"": ""is_fee"", ""value"": 0}]}, ""retext"": ""播放免费少儿的恐龙""}",educ_search,"{""query"": {""and"": [{""field"": ""children_third_genre"", ""value"": ""恐龙""}, {""field"": ""is_fee"", ""value"": 0}]}, ""retext"": ""播放免费少儿的恐龙""}",Y,Y,Y,
少儿,69,播放哪吒二动画片,multi_tab_search,,educ_search,"{""query"": {""and"": [{""field"": ""title"", ""value"": ""哪吒之魔童闹海""}, {""field"": ""content_type"", ""value"": ""动画""}]}, ""retext"": ""播放哪吒二动画片""}",educ_search,"{""query"": {""and"": [{""field"": ""title"", ""value"": ""哪吒之魔童闹海""}, {""field"": ""content_type"", ""value"": ""动画""}]}, ""retext"": ""播放哪吒二动画片""}",Y,Y,Y,
少儿,71,播放普通话的芭比,multi_tab_search,,educ_search,"{""query"": {""and"": [{""field"": ""title"", ""value"": ""芭比""}, {""field"": ""language"", ""value"": ""普通话""}]}, ""retext"": ""播放普通话的芭比""}",educ_search,"{""query"": {""and"": [{""field"": ""title"", ""value"": ""芭比""}, {""field"": ""language"", ""value"": ""普通话""}]}, ""retext"": ""播放普通话的芭比""}",Y,Y,Y,
少儿,62,播放免费的小羊肖恩的电影,multi_tab_search,,educ_search,"{""query"": {""and"": [{""field"": ""title"", ""value"": ""小羊肖恩""}, {""field"": ""is_fee"", ""value"": 0}, {""field"": ""children_second_genre"", ""value"": ""电影""}]}, ""retext"": ""播放免费的小羊肖恩的电影""}",educ_search,"{""query"": {""and"": [{""field"": ""title"", ""value"": ""小羊肖恩""}, {""field"": ""children_second_genre"", ""value"": ""电影""}, {""field"": ""is_fee"", ""value"": 0}]}, ""retext"": ""播放免费的小羊肖恩的电影""}",Y,Y,Y,
少儿,70,播放尼克狐尼克,multi_tab_search,,educ_search,"{""query"": {""or"": [{""field"": ""role"", ""value"": ""狐尼克""}, {""field"": ""title"", ""value"": ""狐尼克""}]}, ""retext"": ""播放尼克狐尼克""}",educ_search,"{""query"": {""or"": [{""field"": ""role"", ""value"": ""狐尼克""}, {""field"": ""title"", ""value"": ""狐尼克""}]}, ""retext"": ""播放尼克狐尼克""}",Y,Y,Y,
少儿,75,播放汪汪队立大功第四季第2集,multi_tab_search,不合理,educ_search,"{""query"": {""and"": [{""field"": ""title"", ""value"": ""汪汪队立大功""}, {""field"": ""title"", ""value"": ""第四季""}]}, ""retext"": ""播放汪汪队立大功第四季第2集""}",educ_search,"{""query"": {""and"": [{""field"": ""title"", ""value"": ""汪汪队立大功""}, {""field"": ""title"", ""value"": ""第四季""}]}, ""retext"": ""播放汪汪队立大功第四季第2集""}",Y,Y,Y,
少儿,67,播放免费少儿节目小猪佩奇,multi_tab_search,,educ_search,"{""query"": {""and"": [{""field"": ""title"", ""value"": ""小猪佩奇""}, {""field"": ""is_fee"", ""value"": 0}]}, ""retext"": ""播放免费少儿节目小猪佩奇""}",educ_search,"{""query"": {""and"": [{""field"": ""title"", ""value"": ""小猪佩奇""}, {""field"": ""is_fee"", ""value"": 0}]}, ""retext"": ""播放免费少儿节目小猪佩奇""}",Y,Y,Y,
少儿,68,播放奶龙动画片儿,multi_tab_search,,educ_search,"{""query"": {""and"": [{""field"": ""title"", ""value"": ""奶龙""}, {""field"": ""content_type"", ""value"": ""动画""}]}, ""retext"": ""播放奶龙动画片儿""}",educ_search,"{""query"": {""and"": [{""field"": ""title"", ""value"": ""奶龙""}, {""field"": ""content_type"", ""value"": ""动画""}]}, ""retext"": ""播放奶龙动画片儿""}",Y,Y,Y,
少儿,77,播放挖土机系列动画片,multi_tab_search,,educ_search,"{""query"": {""and"": [{""field"": ""title"", ""value"": ""挖土机""}, {""field"": ""content_type"", ""value"": ""动画""}]}, ""retext"": ""播放挖土机系列动画片""}",educ_search,"{""query"": {""and"": [{""field"": ""title"", ""value"": ""挖土机""}, {""field"": ""content_type"", ""value"": ""动画""}]}, ""retext"": ""播放挖土机系列动画片""}",Y,Y,Y,
少儿,76,播放玩具动画片,multi_tab_search,,educ_search,"{""query"": {""and"": [{""field"": ""content_type"", ""value"": ""动画""}, {""field"": ""children_second_genre"", ""value"": ""玩具""}]}, ""retext"": ""播放玩具动画片""}",educ_search,"{""query"": {""and"": [{""field"": ""content_type"", ""value"": ""动画""}, {""field"": ""children_second_genre"", ""value"": ""玩具""}]}, ""retext"": ""播放玩具动画片""}",Y,Y,Y,
少儿,74,播放瑞奇宝宝全集,multi_tab_search,,educ_search,"{""query"": {""field"": ""title"", ""value"": ""瑞奇宝宝""}, ""retext"": ""播放瑞奇宝宝全集""}",educ_search,"{""query"": {""field"": ""title"", ""value"": ""瑞奇宝宝""}, ""retext"": ""播放瑞奇宝宝全集""}",Y,Y,Y,
少儿,78,播放沃福一家英语版,multi_tab_search,,educ_search,"{""query"": {""and"": [{""field"": ""title"", ""value"": ""沃福一家""}, {""field"": ""language"", ""value"": ""英语""}]}, ""retext"": ""播放沃福一家英语版""}",educ_search,"{""query"": {""and"": [{""field"": ""title"", ""value"": ""沃福一家""}, {""field"": ""language"", ""value"": ""英语""}]}, ""retext"": ""播放沃福一家英语版""}",Y,Y,Y,
少儿,81,播放消防车动画片,multi_tab_search,不合理,educ_search,"{""query"": {""and"": [{""field"": ""title"", ""value"": ""消防车""}, {""field"": ""content_type"", ""value"": ""动画""}]}, ""retext"": ""播放消防车动画片""}",educ_search,"{""query"": {""and"": [{""field"": ""title"", ""value"": ""消防车""}, {""field"": ""content_type"", ""value"": ""动画""}]}, ""retext"": ""播放消防车动画片""}",Y,Y,Y,
少儿,82,播放小公主戴安娜免费的英文版,multi_tab_search,存疑,educ_search,"{""query"": {""and"": [{""field"": ""title"", ""value"": ""小公主戴安娜""}, {""field"": ""language"", ""value"": ""英文版""}, {""field"": ""is_fee"", ""value"": 0}]}, ""retext"": ""播放小公主戴安娜免费的英文版""}",educ_search,"{""query"": {""and"": [{""field"": ""title"", ""value"": ""小公主戴安娜""}, {""field"": ""language"", ""value"": ""英文版""}, {""field"": ""is_fee"", ""value"": 0}]}, ""retext"": ""播放小公主戴安娜免费的英文版""}",Y,Y,Y,
少儿,83,播放小恐龙巴布,multi_tab_search,,educ_search,"{""query"": {""field"": ""title"", ""value"": ""小恐龙巴布""}, ""retext"": ""播放小恐龙巴布""}",educ_search,"{""query"": {""field"": ""title"", ""value"": ""小恐龙巴布""}, ""retext"": ""播放小恐龙巴布""}",Y,Y,Y,
少儿,79,播放我没看过的动画片,multi_tab_search,,educ_search,"{""query"": {""field"": ""content_type"", ""value"": ""动画""}, ""retext"": ""播放我没看过的动画片""}",educ_search,"{""query"": {""field"": ""content_type"", ""value"": ""动画""}, ""retext"": ""播放我没看过的动画片""}",Y,Y,Y,
少儿,87,播放细胞总动员,educ_keyword_search,,educ_search,"{""query"": {""field"": ""title"", ""value"": ""细胞总动员""}, ""retext"": ""播放细胞总动员""}",educ_search,"{""query"": {""field"": ""title"", ""value"": ""细胞总动员""}, ""retext"": ""播放细胞总动员""}",Y,Y,Y,
少儿,89,播放英文儿童启蒙动漫,multi_tab_search,,educ_search,"{""query"": {""and"": [{""field"": ""title"", ""value"": ""启蒙""}, {""field"": ""children_second_genre"", ""value"": ""动漫""}, {""field"": ""language"", ""value"": ""英文""}]}, ""retext"": ""播放英文儿童启蒙动漫""}",educ_search,"{""query"": {""and"": [{""field"": ""title"", ""value"": ""启蒙""}, {""field"": ""language"", ""value"": ""英文""}, {""field"": ""children_second_genre"", ""value"": ""动漫""}]}, ""retext"": ""播放英文儿童启蒙动漫""}",Y,Y,Y,
少儿,88,播放影视奶龙,multi_tab_search,,educ_search,"{""query"": {""field"": ""title"", ""value"": ""奶龙""}, ""retext"": ""播放影视奶龙""}",educ_search,"{""query"": {""field"": ""title"", ""value"": ""奶龙""}, ""retext"": ""播放影视奶龙""}",Y,Y,Y,
少儿,84,播放小伶玩具的视频,multi_tab_search,,educ_search,"{""query"": {""field"": ""title"", ""value"": ""小伶玩具""}, ""retext"": ""播放小伶玩具的视频""}",educ_search,"{""query"": {""field"": ""title"", ""value"": ""小伶玩具""}, ""retext"": ""播放小伶玩具的视频""}",Y,Y,Y,
少儿,85,播放小猪佩奇,multi_tab_search,,educ_search,"{""query"": {""field"": ""title"", ""value"": ""小猪佩奇""}, ""retext"": ""播放小猪佩奇""}",educ_search,"{""query"": {""field"": ""title"", ""value"": ""小猪佩奇""}, ""retext"": ""播放小猪佩奇""}",Y,Y,Y,
少儿,91,播放依娜和恰恰第二季,multi_tab_search,不合理,educ_search,"{""query"": {""and"": [{""field"": ""title"", ""value"": ""依娜和恰恰""}, {""field"": ""title"", ""value"": ""第二季""}]}, ""retext"": ""播放依娜和恰恰第二季""}",educ_search,"{""query"": {""and"": [{""field"": ""title"", ""value"": ""依娜和恰恰""}, {""field"": ""title"", ""value"": ""第二季""}]}, ""retext"": ""播放依娜和恰恰第二季""}",Y,Y,Y,
少儿,90,播放英语版jojo,multi_tab_search,,educ_search,"{""query"": {""and"": [{""or"": [{""field"": ""role"", ""value"": ""jojo""}, {""field"": ""title"", ""value"": ""jojo""}]}, {""field"": ""language"", ""value"": ""英语""}]}, ""retext"": ""播放英语版jojo""}",educ_search,"{""query"": {""and"": [{""or"": [{""field"": ""role"", ""value"": ""jojo""}, {""field"": ""title"", ""value"": ""jojo""}]}, {""field"": ""language"", ""value"": ""英语""}]}, ""retext"": ""播放英语版jojo""}",Y,Y,Y,
少儿,92,播放依娜和恰恰第一集开始播放,multi_tab_search,不合理,educ_search,"{""query"": {""field"": ""title"", ""value"": ""依娜和恰恰""}, ""retext"": ""播放依娜和恰恰第一集开始播放""}",educ_search,"{""query"": {""field"": ""title"", ""value"": ""依娜和恰恰""}, ""retext"": ""播放依娜和恰恰第一集开始播放""}",Y,Y,Y,
少儿,93,播放一下米小圈上学记,multi_tab_search,,educ_search,"{""query"": {""field"": ""title"", ""value"": ""米小圈上学记""}, ""retext"": ""播放一下米小圈上学记""}",educ_search,"{""query"": {""field"": ""title"", ""value"": ""米小圈上学记""}, ""retext"": ""播放一下米小圈上学记""}",Y,Y,Y,
少儿,95,播放早教内容,educ_keyword_search,,educ_search,"{""query"": {""field"": ""children_second_genre"", ""value"": ""早教""}, ""retext"": ""播放早教内容""}",educ_search,"{""query"": {""field"": ""children_second_genre"", ""value"": ""早教""}, ""retext"": ""播放早教内容""}",Y,Y,Y,
少儿,103,促进孩子社交智能发展的少儿节目,educ_vague_search,,educ_fuzzy_search,"{""query"": ""促进孩子社交智能发展的少儿节目""}",educ_fuzzy_search,"{""query"": ""促进孩子社交智能发展的少儿节目""}",Y,Y,Y,
少儿,111,打开一周内的少儿历史记录,educ_history,不合理,educ_history,"{""query"": {""field"": ""time"", ""from"": ""2026-08-18 00:00:00"", ""to"": ""2026-08-24 23:59:29""}}",educ_history,"{""query"": {""field"": ""time"", ""from"": ""2026-08-18 00:00:00"", ""to"": ""2026-08-24 23:59:29""}}",Y,Y,Y,
少儿,86,播放小猪佩奇第七季第一集中文版,multi_tab_search,不合理,educ_search,"{""query"": {""and"": [{""field"": ""title"", ""value"": ""小猪佩奇""}, {""field"": ""language"", ""value"": ""中文版""}, {""field"": ""title"", ""value"": ""第七季""}]}, ""retext"": ""播放小猪佩奇第七季第一集中文版""}",educ_search,"{""query"": {""and"": [{""field"": ""title"", ""value"": ""小猪佩奇""}, {""field"": ""title"", ""value"": ""第七季""}, {""field"": ""language"", ""value"": ""中文版""}]}, ""retext"": ""播放小猪佩奇第七季第一集中文版""}",Y,Y,Y,
少儿,94,播放幼儿园跳个舞我长大了,educ_keyword_search,,educ_search,"{""query"": {""and"": [{""field"": ""title"", ""value"": ""我长大了""}, {""field"": ""children_third_genre"", ""value"": ""舞""}]}, ""retext"": ""播放幼儿园跳个舞我长大了""}",educ_search,"{""query"": {""and"": [{""field"": ""title"", ""value"": ""我长大了""}, {""field"": ""children_third_genre"", ""value"": ""舞""}]}, ""retext"": ""播放幼儿园跳个舞我长大了""}",Y,Y,Y,
少儿,96,播放蜘蛛侠少儿,multi_tab_search,,educ_search,"{""query"": {""field"": ""title"", ""value"": ""蜘蛛侠""}, ""retext"": ""播放蜘蛛侠少儿""}",educ_search,"{""query"": {""field"": ""title"", ""value"": ""蜘蛛侠""}, ""retext"": ""播放蜘蛛侠少儿""}",Y,Y,Y,
少儿,98,不掏钱的动物神探队,multi_tab_search,,educ_search,"{""query"": {""and"": [{""field"": ""title"", ""value"": ""动物神探队""}, {""field"": ""is_fee"", ""value"": 0}]}, ""retext"": ""不掏钱的动物神探队""}",educ_search,"{""query"": {""and"": [{""field"": ""title"", ""value"": ""动物神探队""}, {""field"": ""is_fee"", ""value"": 0}]}, ""retext"": ""不掏钱的动物神探队""}",Y,Y,Y,
少儿,97,不带英语的小砾工程家族,multi_tab_search,不合理,educ_search,"{""query"": {""and"": [{""field"": ""title"", ""value"": ""小砾与工程家族""}, {""not"": {""field"": ""language"", ""value"": ""英语""}}]}, ""retext"": ""不带英语的小砾与工程家族""}",educ_search,"{""query"": {""and"": [{""field"": ""title"", ""value"": ""小砾与工程家族""}, {""not"": {""field"": ""language"", ""value"": ""英语""}}]}, ""retext"": ""不带英语的小砾工程家族""}",Y,N,N,"retext: gold=""不带英语的小砾与工程家族"" pred=""不带英语的小砾工程家族"""
少儿,102,从酷喵上播放小品一家人,multi_tab_search,,educ_search,"{""query"": {""field"": ""title"", ""value"": ""小品一家人""}, ""retext"": ""从酷喵上播放小品一家人""}",educ_search,"{""query"": {""field"": ""title"", ""value"": ""小品一家人""}, ""retext"": ""从酷喵上播放小品一家人""}",Y,Y,Y,
少儿,101,查找我的磁力拼搭世界,educ_keyword_search,,educ_search,"{""query"": {""field"": ""title"", ""value"": ""我的磁力拼搭世界""}, ""retext"": ""查找我的磁力拼搭世界""}",educ_search,"{""query"": {""field"": ""title"", ""value"": ""我的磁力拼搭世界""}, ""retext"": ""查找我的磁力拼搭世界""}",Y,Y,Y,
少儿,100,超级宝贝JOJO全屏播放第1集,multi_tab_search,不合理,educ_search,"{""query"": {""field"": ""title"", ""value"": ""超级宝贝jojo""}, ""retext"": ""超级宝贝JOJO全屏播放第1集""}",educ_search,"{""query"": {""field"": ""title"", ""value"": ""超级宝贝jojo""}, ""retext"": ""超级宝贝JOJO全屏播放第1集""}",Y,Y,Y,
少儿,105,打开动画片史努比,multi_tab_search,,educ_search,"{""query"": {""and"": [{""field"": ""title"", ""value"": ""史努比""}, {""field"": ""content_type"", ""value"": ""动画""}]}, ""retext"": ""打开动画片史努比""}",educ_search,"{""query"": {""and"": [{""field"": ""title"", ""value"": ""史努比""}, {""field"": ""content_type"", ""value"": ""动画""}]}, ""retext"": ""打开动画片史努比""}",Y,Y,Y,
少儿,104,打开动画,multi_tab_search,,educ_search,"{""query"": {""field"": ""content_type"", ""value"": ""动画""}, ""retext"": ""打开动画""}",educ_search,"{""query"": {""field"": ""content_type"", ""value"": ""动画""}, ""retext"": ""打开动画""}",Y,Y,Y,
少儿,107,打开恐龙世界看,multi_tab_search,,educ_search,"{""query"": {""field"": ""title"", ""value"": ""恐龙世界""}, ""retext"": ""打开恐龙世界看""}",educ_search,"{""query"": {""field"": ""title"", ""value"": ""恐龙世界""}, ""retext"": ""打开恐龙世界看""}",Y,Y,Y,
少儿,110,打开所有植物大战僵尸的动画片,multi_tab_search,,educ_search,"{""query"": {""and"": [{""field"": ""title"", ""value"": ""植物大战僵尸""}, {""field"": ""content_type"", ""value"": ""动画""}]}, ""retext"": ""打开所有植物大战僵尸的动画片""}",educ_search,"{""query"": {""and"": [{""field"": ""title"", ""value"": ""植物大战僵尸""}, {""field"": ""content_type"", ""value"": ""动画""}]}, ""retext"": ""打开所有植物大战僵尸的动画片""}",Y,Y,Y,
少儿,108,打开免费少儿猫和老鼠,multi_tab_search,,educ_search,"{""query"": {""and"": [{""field"": ""title"", ""value"": ""猫和老鼠""}, {""field"": ""is_fee"", ""value"": 0}]}, ""retext"": ""打开免费少儿猫和老鼠""}",educ_search,"{""query"": {""and"": [{""field"": ""title"", ""value"": ""猫和老鼠""}, {""field"": ""is_fee"", ""value"": 0}]}, ""retext"": ""打开免费少儿猫和老鼠""}",Y,Y,Y,
少儿,106,打开海底小纵队第四季,multi_tab_search,不合理,educ_search,"{""query"": {""and"": [{""field"": ""title"", ""value"": ""海底小纵队""}, {""field"": ""title"", ""value"": ""第四季""}]}, ""retext"": ""打开海底小纵队第四季""}",educ_search,"{""query"": {""and"": [{""field"": ""title"", ""value"": ""海底小纵队""}, {""field"": ""title"", ""value"": ""第四季""}]}, ""retext"": ""打开海底小纵队第四季""}",Y,Y,Y,
少儿,99,不要钱的细菌动画片,multi_tab_search,,educ_search,"{""query"": {""and"": [{""field"": ""title"", ""value"": ""细菌""}, {""field"": ""content_type"", ""value"": ""动画""}, {""field"": ""is_fee"", ""value"": 0}]}, ""retext"": ""不要钱的细菌动画片""}",educ_search,"{""query"": {""and"": [{""field"": ""title"", ""value"": ""细菌""}, {""field"": ""content_type"", ""value"": ""动画""}, {""field"": ""is_fee"", ""value"": 0}]}, ""retext"": ""不要钱的细菌动画片""}",Y,Y,Y,
少儿,109,打开少儿频道宝贝JOJO,multi_tab_search,,educ_search,"{""query"": {""field"": ""title"", ""value"": ""超级宝贝jojo""}, ""retext"": ""打开少儿频道宝贝JOJO""}",educ_search,"{""query"": {""field"": ""title"", ""value"": ""超级宝贝jojo""}, ""retext"": ""打开少儿频道宝贝JOJO""}",Y,Y,Y,
少儿,112,打开植物大战僵尸英文版,multi_tab_search,存疑,educ_search,"{""query"": {""and"": [{""field"": ""title"", ""value"": ""植物大战僵尸""}, {""field"": ""language"", ""value"": ""英文版""}]}, ""retext"": ""打开植物大战僵尸英文版""}",educ_search,"{""query"": {""and"": [{""field"": ""title"", ""value"": ""植物大战僵尸""}, {""field"": ""language"", ""value"": ""英文版""}]}, ""retext"": ""打开植物大战僵尸英文版""}",Y,Y,Y,
少儿,114,第2集免费监狱兔,multi_tab_search,不合理,educ_search,"{""query"": {""and"": [{""field"": ""title"", ""value"": ""监狱兔""}, {""field"": ""is_fee"", ""value"": 0}]}, ""retext"": ""第2集免费监狱兔""}",educ_search,"{""query"": {""and"": [{""field"": ""title"", ""value"": ""监狱兔""}, {""field"": ""is_fee"", ""value"": 0}]}, ""retext"": ""第2集免费监狱兔""}",Y,Y,Y,
少儿,113,大中华寻宝记动画片2,multi_tab_search,,educ_search,"{""query"": {""and"": [{""field"": ""title"", ""value"": ""大中华寻宝记""}, {""field"": ""content_type"", ""value"": ""动画""}]}, ""retext"": ""大中华寻宝记动画片2""}",educ_search,"{""query"": {""and"": [{""field"": ""title"", ""value"": ""大中华寻宝记""}, {""field"": ""content_type"", ""value"": ""动画""}]}, ""retext"": ""大中华寻宝记动画片2""}",Y,Y,Y,
少儿,115,低龄儿童看的动画,multi_tab_search,,educ_search,"{""query"": {""field"": ""content_type"", ""value"": ""动画""}, ""retext"": ""低龄儿童看的动画""}",educ_search,"{""query"": {""field"": ""content_type"", ""value"": ""动画""}, ""retext"": ""低龄儿童看的动画""}",Y,Y,Y,
少儿,119,动画片中文版,multi_tab_search,,educ_search_all,"{""query"": {""and"": [{""field"": ""language"", ""value"": ""中文版""}, {""field"": ""content_type"", ""value"": ""动画""}]}, ""retext"": ""动画片中国版""}",educ_search_all,"{""query"": {""and"": [{""field"": ""language"", ""value"": ""中文版""}, {""field"": ""content_type"", ""value"": ""动画""}]}, ""retext"": ""动画片中文版""}",Y,N,N,"retext: gold=""动画片中国版"" pred=""动画片中文版"""
少儿,116,动画电影,multi_tab_search,,educ_search,"{""query"": {""field"": ""children_second_genre"", ""value"": ""动画电影""}, ""retext"": ""动画电影""}",educ_search,"{""query"": {""field"": ""children_second_genre"", ""value"": ""动画电影""}, ""retext"": ""动画电影""}",Y,Y,Y,
少儿,118,动画片小鸭子,multi_tab_search,,educ_search,"{""query"": {""and"": [{""field"": ""title"", ""value"": ""小鸭子""}, {""field"": ""content_type"", ""value"": ""动画""}]}, ""retext"": ""动画片小鸭子""}",educ_search,"{""query"": {""and"": [{""field"": ""title"", ""value"": ""小鸭子""}, {""field"": ""content_type"", ""value"": ""动画""}]}, ""retext"": ""动画片小鸭子""}",Y,Y,Y,
少儿,117,动画片播放美人鱼,multi_tab_search,,educ_search,"{""query"": {""and"": [{""field"": ""title"", ""value"": ""美人鱼""}, {""field"": ""content_type"", ""value"": ""动画""}]}, ""retext"": ""动画片播放美人鱼""}",educ_search,"{""query"": {""and"": [{""field"": ""title"", ""value"": ""美人鱼""}, {""field"": ""content_type"", ""value"": ""动画""}]}, ""retext"": ""动画片播放美人鱼""}",Y,Y,Y,
少儿,122,哆啦a梦卡通版,multi_tab_search,,educ_search,"{""query"": {""and"": [{""field"": ""title"", ""value"": ""哆啦a梦""}, {""field"": ""content_type"", ""value"": ""卡通""}]}, ""retext"": ""哆啦a梦卡通版""}",educ_search,"{""query"": {""and"": [{""field"": ""title"", ""value"": ""哆啦a梦""}, {""field"": ""content_type"", ""value"": ""卡通""}]}, ""retext"": ""哆啦a梦卡通版""}",Y,Y,Y,
少儿,123,儿童英语卡通,multi_tab_search,存疑,educ_search,"{""query"": {""and"": [{""field"": ""content_type"", ""value"": ""卡通""}, {""field"": ""language"", ""value"": ""英语""}]}, ""retext"": ""儿童英语卡通""}",educ_search,"{""query"": {""and"": [{""field"": ""content_type"", ""value"": ""卡通""}, {""field"": ""language"", ""value"": ""英语""}]}, ""retext"": ""儿童英语卡通""}",Y,Y,Y,
少儿,137,根据我的喜好推荐动画片,confirm_personalized_recommend,,educ_fuzzy_search,"{""query"": ""根据我的喜好推荐动画片""}",educ_fuzzy_search,"{""query"": ""根据我的喜好推荐动画片""}",Y,Y,Y,
少儿,121,豆瓣评分8.0以上的动漫作品,multi_tab_search,,educ_search,"{""query"": {""field"": ""children_second_genre"", ""value"": ""动漫""}, ""retext"": ""豆瓣评分8.0以上的动漫作品""}",educ_search,"{""query"": {""field"": ""children_second_genre"", ""value"": ""动漫""}, ""retext"": ""豆瓣评分8.0以上的动漫作品""}",Y,Y,Y,
少儿,136,给我找一些我爱看的少儿视频,educ_vague_search_personalized_recommend,,educ_fuzzy_search,"{""query"": ""给我找一些我爱看的少儿视频""}",educ_fuzzy_search,"{""query"": ""给我找一些我爱看的少儿视频""}",Y,Y,Y,
少儿,138,跟瑞奇宝宝相似的低幼认知类动画,educ_relate_recommend,不合理,educ_relate_recommend,"{""query"": {""and"": [{""field"": ""title"", ""value"": ""瑞奇宝宝""}, {""field"": ""content_type"", ""value"": ""动画""}]}}",educ_relate_recommend,"{""query"": {""and"": [{""field"": ""title"", ""value"": ""瑞奇宝宝""}, {""field"": ""content_type"", ""value"": ""动画""}]}}",Y,Y,Y,
少儿,140,关于月球的绘本故事,educ_vague_search,,educ_fuzzy_search,"{""query"": ""关于月球的绘本故事""}",educ_fuzzy_search,"{""query"": ""关于月球的绘本故事""}",Y,Y,Y,
少儿,139,跟《闪闪小超人》相似动画推荐给我,multi_tab_relate_recommend,不合理,educ_relate_recommend,"{""query"": {""and"": [{""field"": ""title"", ""value"": ""闪闪小超人""}, {""field"": ""content_type"", ""value"": ""动画""}]}}",educ_relate_recommend,"{""query"": {""and"": [{""field"": ""title"", ""value"": ""闪闪小超人""}, {""field"": ""content_type"", ""value"": ""动画""}]}}",Y,Y,Y,
少儿,125,放百变布鲁可,multi_tab_search,,educ_search,"{""query"": {""field"": ""title"", ""value"": ""百变布鲁可""}, ""retext"": ""放百变布鲁可""}",educ_search,"{""query"": {""field"": ""title"", ""value"": ""百变布鲁可""}, ""retext"": ""放百变布鲁可""}",Y,Y,Y,
少儿,120,动画视频疯狂动物城,multi_tab_search,,educ_search,"{""query"": {""and"": [{""field"": ""title"", ""value"": ""疯狂动物城""}, {""field"": ""content_type"", ""value"": ""动画""}]}, ""retext"": ""动画视频疯狂动物城""}",educ_search,"{""query"": {""and"": [{""field"": ""title"", ""value"": ""疯狂动物城""}, {""field"": ""content_type"", ""value"": ""动画""}]}, ""retext"": ""动画视频疯狂动物城""}",Y,Y,Y,
少儿,128,放卡通电影,multi_tab_search,不合理,educ_search,"{""query"": {""and"": [{""field"": ""content_type"", ""value"": ""卡通""}, {""field"": ""children_second_genre"", ""value"": ""电影""}]}, ""retext"": ""放卡通电影""}",educ_search,"{""query"": {""and"": [{""field"": ""content_type"", ""value"": ""卡通""}, {""field"": ""children_second_genre"", ""value"": ""电影""}]}, ""retext"": ""放卡通电影""}",Y,Y,Y,
少儿,145,和消防员山姆同一类型的动画片,multi_tab_relate_recommend,不合理,educ_relate_recommend,"{""query"": {""and"": [{""field"": ""title"", ""value"": ""消防员山姆""}, {""field"": ""content_type"", ""value"": ""动画""}]}}",educ_relate_recommend,"{""query"": {""and"": [{""field"": ""title"", ""value"": ""消防员山姆""}, {""field"": ""content_type"", ""value"": ""动画""}]}}",Y,Y,Y,
少儿,127,放光头强熊大,multi_tab_search,,educ_search,"{""query"": {""or"": [{""field"": ""role"", ""value"": ""光头强""}, {""field"": ""role"", ""value"": ""熊大""}, {""field"": ""title"", ""value"": ""光头强""}, {""field"": ""title"", ""value"": ""熊大""}]}, ""retext"": ""放光头强熊大""}",educ_search,"{""query"": {""or"": [{""field"": ""role"", ""value"": ""光头强""}, {""field"": ""title"", ""value"": ""光头强""}, {""field"": ""role"", ""value"": ""熊大""}, {""field"": ""title"", ""value"": ""熊大""}]}, ""retext"": ""放光头强熊大""}",Y,Y,Y,
少儿,126,放飞天小女警,multi_tab_search,,educ_search,"{""query"": {""field"": ""title"", ""value"": ""飞天小女警""}, ""retext"": ""放飞天小女警""}",educ_search,"{""query"": {""field"": ""title"", ""value"": ""飞天小女警""}, ""retext"": ""放飞天小女警""}",Y,Y,Y,
少儿,130,愤怒的小鸟的电影,multi_tab_search,,educ_search,"{""query"": {""and"": [{""field"": ""title"", ""value"": ""愤怒的小鸟""}, {""field"": ""children_second_genre"", ""value"": ""电影""}]}, ""retext"": ""愤怒的小鸟的电影""}",educ_search,"{""query"": {""and"": [{""field"": ""title"", ""value"": ""愤怒的小鸟""}, {""field"": ""children_second_genre"", ""value"": ""电影""}]}, ""retext"": ""愤怒的小鸟的电影""}",Y,Y,Y,
少儿,150,讲述戴安娜和哥哥各类趣事的动画片,confirm_vague_search,,educ_fuzzy_search,"{""query"": ""讲述戴安娜和哥哥各类趣事的动画片""}",educ_fuzzy_search,"{""query"": ""讲述戴安娜和哥哥各类趣事的动画片""}",Y,Y,Y,
少儿,124,俄罗斯拍的动画,multi_tab_search,,educ_search_all,"{""query"": {""and"": [{""field"": ""country"", ""value"": ""俄罗斯""}, {""field"": ""content_type"", ""value"": ""动画""}]}, ""retext"": ""俄罗斯拍的动画""}",educ_search_all,"{""query"": {""and"": [{""field"": ""content_type"", ""value"": ""动画""}, {""field"": ""country"", ""value"": ""俄罗斯""}]}, ""retext"": ""俄罗斯拍的动画""}",Y,Y,Y,
少儿,129,凡人修仙传动画,multi_tab_search,,educ_search,"{""query"": {""and"": [{""field"": ""title"", ""value"": ""凡人修仙传""}, {""field"": ""content_type"", ""value"": ""动画""}]}, ""retext"": ""凡人修仙传动画""}",educ_search,"{""query"": {""and"": [{""field"": ""title"", ""value"": ""凡人修仙传""}, {""field"": ""content_type"", ""value"": ""动画""}]}, ""retext"": ""凡人修仙传动画""}",Y,Y,Y,
少儿,131,给我播放适合6岁的小朋友看的绘本,educ_vague_search,不合理,educ_search,"{""query"": {""and"": [{""field"": ""age_range"", ""from"": 6, ""to"": 6}, {""field"": ""children_second_genre"", ""value"": ""绘本""}]}, ""retext"": ""给我播放适合6岁的小朋友看的绘本""}",educ_search,"{""query"": {""and"": [{""field"": ""children_second_genre"", ""value"": ""绘本""}, {""field"": ""age_range"", ""from"": 6, ""to"": 6}]}, ""retext"": ""给我播放适合6岁的小朋友看的绘本""}",Y,Y,Y,
少儿,132,给我放个艾莎公主的故事,multi_tab_search,,educ_search,"{""query"": {""and"": [{""or"": [{""field"": ""role"", ""value"": ""艾莎公主""}, {""field"": ""title"", ""value"": ""艾莎公主""}]}, {""field"": ""children_second_genre"", ""value"": ""故事""}]}, ""retext"": ""给我放个艾莎公主的故事""}",educ_search,"{""query"": {""and"": [{""or"": [{""field"": ""role"", ""value"": ""艾莎公主""}, {""field"": ""title"", ""value"": ""艾莎公主""}]}, {""field"": ""children_second_genre"", ""value"": ""故事""}]}, ""retext"": ""给我放个艾莎公主的故事""}",Y,Y,Y,
少儿,134,给我放一集帮帮龙动画片,multi_tab_search,不合理,educ_search,"{""query"": {""and"": [{""field"": ""title"", ""value"": ""帮帮龙""}, {""field"": ""content_type"", ""value"": ""动画""}]}, ""retext"": ""给我放一集帮帮龙动画片""}",educ_search,"{""query"": {""and"": [{""field"": ""title"", ""value"": ""帮帮龙""}, {""field"": ""content_type"", ""value"": ""动画""}]}, ""retext"": ""给我放一集帮帮龙动画片""}",Y,Y,Y,
少儿,133,给我放免费的猪猪侠之超星萌宠第2集,multi_tab_search,不合理,educ_search,"{""query"": {""and"": [{""field"": ""title"", ""value"": ""猪猪侠之超星萌宠""}, {""field"": ""is_fee"", ""value"": 0}]}, ""retext"": ""给我放免费的猪猪侠之超星萌宠第2集""}",educ_search,"{""query"": {""and"": [{""field"": ""title"", ""value"": ""猪猪侠之超星萌宠""}, {""field"": ""is_fee"", ""value"": 0}]}, ""retext"": ""给我放免费的猪猪侠之超星萌宠第2集""}",Y,Y,Y,
少儿,135,给我看宝宝巴士亲子互动,multi_tab_search,,educ_search,"{""query"": {""field"": ""title"", ""value"": ""宝宝巴士亲子互动""}, ""retext"": ""给我看宝宝巴士亲子互动""}",educ_search,"{""query"": {""field"": ""title"", ""value"": ""宝宝巴士亲子互动""}, ""retext"": ""给我看宝宝巴士亲子互动""}",Y,Y,Y,
少儿,154,记录小学生小品与家人、同学间的搞笑日常的动画片,confirm_vague_search,,educ_fuzzy_search,"{""query"": ""记录小学生小品与家人、同学间的搞笑日常的动画片""}",educ_fuzzy_search,"{""query"": ""记录小学生小品与家人、同学间的搞笑日常的动画片""}",Y,Y,Y,
少儿,155,记录依娜恰恰成长，传递生活知识的动画片,confirm_vague_search,,educ_fuzzy_search,"{""query"": ""记录依娜恰恰成长，传递生活知识的动画片""}",educ_fuzzy_search,"{""query"": ""记录依娜恰恰成长，传递生活知识的动画片""}",Y,Y,Y,
少儿,141,海底小纵队VIP,multi_tab_search,,educ_search,"{""query"": {""and"": [{""field"": ""title"", ""value"": ""海底小纵队""}, {""field"": ""is_fee"", ""value"": 1}]}, ""retext"": ""海底小纵队VIP""}",educ_search,"{""query"": {""and"": [{""field"": ""title"", ""value"": ""海底小纵队""}, {""field"": ""is_fee"", ""value"": 1}]}, ""retext"": ""海底小纵队VIP""}",Y,Y,Y,
少儿,146,还在更新中的动漫,multi_tab_search,,educ_search,"{""query"": {""field"": ""children_second_genre"", ""value"": ""动漫""}, ""retext"": ""还在更新中的动漫""}",educ_search,"{""query"": {""field"": ""children_second_genre"", ""value"": ""动漫""}, ""retext"": ""还在更新中的动漫""}",Y,Y,Y,
少儿,143,海信小聚我要看不花钱的宝贝赳赳,multi_tab_search,,educ_search,"{""query"": {""and"": [{""field"": ""title"", ""value"": ""宝贝赳赳""}, {""field"": ""is_fee"", ""value"": 0}]}, ""retext"": ""海信小聚我要看不花钱的宝贝赳赳""}",educ_search,"{""query"": {""and"": [{""field"": ""title"", ""value"": ""宝贝赳赳""}, {""field"": ""is_fee"", ""value"": 0}]}, ""retext"": ""海信小聚我要看不花钱的宝贝赳赳""}",Y,Y,Y,
少儿,144,好看的亲子卡通推荐,multi_tab_search,,educ_search,"{""query"": {""and"": [{""field"": ""children_third_genre"", ""value"": ""亲子""}, {""field"": ""content_type"", ""value"": ""卡通""}]}, ""retext"": ""好看的亲子卡通推荐""}",educ_search,"{""query"": {""and"": [{""field"": ""content_type"", ""value"": ""卡通""}, {""field"": ""children_third_genre"", ""value"": ""亲子""}]}, ""retext"": ""好看的亲子卡通推荐""}",Y,Y,Y,
少儿,142,海信小聚播放动画片,multi_tab_search,,educ_search,"{""query"": {""field"": ""content_type"", ""value"": ""动画""}, ""retext"": ""海信小聚播放动画片""}",educ_search,"{""query"": {""field"": ""content_type"", ""value"": ""动画""}, ""retext"": ""海信小聚播放动画片""}",Y,Y,Y,
少儿,148,胡巴电影,multi_tab_search,,educ_search,"{""query"": {""and"": [{""or"": [{""field"": ""role"", ""value"": ""胡巴""}, {""field"": ""title"", ""value"": ""胡巴""}]}, {""field"": ""children_second_genre"", ""value"": ""电影""}]}, ""retext"": ""胡巴电影""}",educ_search,"{""query"": {""and"": [{""or"": [{""field"": ""role"", ""value"": ""胡巴""}, {""field"": ""title"", ""value"": ""胡巴""}]}, {""field"": ""children_second_genre"", ""value"": ""电影""}]}, ""retext"": ""胡巴电影""}",Y,Y,Y,
少儿,149,呼叫超级土豆全集播放,multi_tab_search,,educ_search,"{""query"": {""field"": ""title"", ""value"": ""呼叫超级土豆""}, ""retext"": ""呼叫超级土豆全集播放""}",educ_search,"{""query"": {""field"": ""title"", ""value"": ""呼叫超级土豆""}, ""retext"": ""呼叫超级土豆全集播放""}",Y,Y,Y,
少儿,147,获得奖项的动画,multi_tab_search,,educ_search,"{""query"": {""field"": ""content_type"", ""value"": ""动画""}, ""retext"": ""获得奖项的动画""}",educ_search,"{""query"": {""field"": ""content_type"", ""value"": ""动画""}, ""retext"": ""获得奖项的动画""}",Y,Y,Y,
少儿,152,今年播出的国产动画,multi_tab_search,,educ_search_all,"{""query"": {""and"": [{""field"": ""country"", ""value"": ""中国""}, {""field"": ""content_type"", ""value"": ""动画""}, {""field"": ""release_time"", ""from"": ""20260101"", ""to"": ""20261231""}]}, ""retext"": ""今年播出的国产动画""}",educ_search_all,"{""query"": {""and"": [{""field"": ""content_type"", ""value"": ""动画""}, {""field"": ""release_time"", ""from"": ""20260101"", ""to"": ""20261231""}, {""field"": ""country"", ""value"": ""中国""}]}, ""retext"": ""今年播出的国产动画""}",Y,Y,Y,
少儿,151,经典的卡通,multi_tab_search,,educ_search,"{""query"": {""and"": [{""field"": ""children_second_genre"", ""value"": ""经典""}, {""field"": ""content_type"", ""value"": ""卡通""}]}, ""retext"": ""经典的卡通""}",educ_search,"{""query"": {""and"": [{""field"": ""content_type"", ""value"": ""卡通""}, {""field"": ""children_second_genre"", ""value"": ""经典""}]}, ""retext"": ""经典的卡通""}",Y,Y,Y,
少儿,153,今年上映的动画片,multi_tab_search,,educ_search,"{""query"": {""and"": [{""field"": ""content_type"", ""value"": ""动画""}, {""field"": ""release_time"", ""from"": ""20260101"", ""to"": ""20261231""}]}, ""retext"": ""今年上映的动画片""}",educ_search,"{""query"": {""and"": [{""field"": ""content_type"", ""value"": ""动画""}, {""field"": ""release_time"", ""from"": ""20260101"", ""to"": ""20261231""}]}, ""retext"": ""今年上映的动画片""}",Y,Y,Y,
少儿,170,可以根据我喜好推荐的动漫视频吗？,confirm_personalized_recommend,,educ_fuzzy_search,"{""query"": ""可以根据我喜好推荐的动漫视频吗？""}",educ_fuzzy_search,"{""query"": ""可以根据我喜好推荐的动漫视频吗？""}",Y,Y,Y,
少儿,156,继续播放白雪公主,multi_tab_search,存疑,educ_search,"{""query"": {""field"": ""title"", ""value"": ""白雪公主""}, ""retext"": ""继续播放白雪公主""}",educ_search,"{""query"": {""field"": ""title"", ""value"": ""白雪公主""}, ""retext"": ""继续播放白雪公主""}",Y,Y,Y,
少儿,157,继续播放聪明一休,multi_tab_search,存疑,educ_search,"{""query"": {""field"": ""title"", ""value"": ""聪明的一休""}, ""retext"": ""继续播放聪明一休""}",educ_search,"{""query"": {""field"": ""title"", ""value"": ""聪明的一休""}, ""retext"": ""继续播放聪明一休""}",Y,Y,Y,
少儿,172,类似大卫不可以的绘本,educ_relate_recommend,,educ_relate_recommend,"{""query"": {""and"": [{""field"": ""title"", ""value"": ""大卫不可以""}, {""field"": ""children_second_genre"", ""value"": ""绘本""}]}, ""retext"": ""大卫不可以""}",educ_relate_recommend,"{""query"": {""and"": [{""field"": ""title"", ""value"": ""大卫不可以""}, {""field"": ""children_second_genre"", ""value"": ""绘本""}]}}",Y,N,N,"retext: gold=""大卫不可以"" pred="
少儿,173,类似小猪佩奇的动画片,multi_tab_relate_recommend,不合理,educ_relate_recommend,"{""query"": {""and"": [{""field"": ""title"", ""value"": ""小猪佩奇""}, {""field"": ""content_type"", ""value"": ""动画""}]}}",educ_relate_recommend,"{""query"": {""and"": [{""field"": ""title"", ""value"": ""小猪佩奇""}, {""field"": ""content_type"", ""value"": ""动画""}]}}",Y,Y,Y,
少儿,174,类似《土豆逗大话语文》的启蒙视频推荐,educ_relate_recommend,,educ_relate_recommend,"{""query"": {""or"": [{""field"": ""title"", ""value"": ""土豆逗大话语文""}, {""field"": ""title"", ""value"": ""启蒙""}]}}",educ_relate_recommend,"{""query"": {""or"": [{""field"": ""title"", ""value"": ""土豆逗大话语文""}, {""field"": ""title"", ""value"": ""启蒙""}]}}",Y,Y,Y,
少儿,158,继续播放坏蛋联盟二,multi_tab_search,存疑,educ_search,"{""query"": {""field"": ""title"", ""value"": ""坏蛋联盟2""}, ""retext"": ""继续播放坏蛋联盟二""}",educ_search,"{""query"": {""field"": ""title"", ""value"": ""坏蛋联盟2""}, ""retext"": ""继续播放坏蛋联盟二""}",Y,Y,Y,
少儿,159,开始播放第1集萌鸡小队,multi_tab_search,不合理,educ_search,"{""query"": {""field"": ""title"", ""value"": ""萌鸡小队""}, ""retext"": ""开始播放第1集萌鸡小队""}",educ_search,"{""query"": {""field"": ""title"", ""value"": ""萌鸡小队""}, ""retext"": ""开始播放第1集萌鸡小队""}",Y,Y,Y,
少儿,176,猫咪演绎中国历史事件，寓教于乐的动画,confirm_vague_search,,educ_fuzzy_search,"{""query"": ""猫咪演绎中国历史事件，寓教于乐的动画""}",educ_fuzzy_search,"{""query"": ""猫咪演绎中国历史事件，寓教于乐的动画""}",Y,Y,Y,
少儿,179,免费的关于逆袭的动漫,confirm_vague_search,存疑,educ_fuzzy_search,"{""query"": ""免费的关于逆袭的动漫""}",educ_fuzzy_search,"{""query"": ""免费的关于逆袭的动漫""}",Y,Y,Y,
少儿,160,看CCTV14的快乐星猫,multi_tab_search,不合理,educ_search,"{""query"": {""field"": ""title"", ""value"": ""快乐星猫""}, ""retext"": ""看CCTV14的快乐星猫""}",educ_search,"{""query"": {""field"": ""title"", ""value"": ""快乐星猫""}, ""retext"": ""看CCTV14的快乐星猫""}",Y,Y,Y,
少儿,162,看光头强的故事吧,multi_tab_search,,educ_search,"{""query"": {""and"": [{""or"": [{""field"": ""role"", ""value"": ""光头强""}, {""field"": ""title"", ""value"": ""光头强""}]}, {""field"": ""children_second_genre"", ""value"": ""故事""}]}, ""retext"": ""看光头强的故事吧""}",educ_search,"{""query"": {""and"": [{""or"": [{""field"": ""role"", ""value"": ""光头强""}, {""field"": ""title"", ""value"": ""光头强""}]}, {""field"": ""children_second_genre"", ""value"": ""故事""}]}, ""retext"": ""看光头强的故事吧""}",Y,Y,Y,
少儿,161,看第1集娜斯佳,multi_tab_search,不合理,educ_search,"{""query"": {""field"": ""title"", ""value"": ""娜斯佳""}, ""retext"": ""看第1集娜斯佳""}",educ_search,"{""query"": {""field"": ""title"", ""value"": ""娜斯佳""}, ""retext"": ""看第1集娜斯佳""}",Y,Y,Y,
少儿,163,看库洛米的动画片,multi_tab_search,,educ_search,"{""query"": {""and"": [{""field"": ""title"", ""value"": ""库洛米""}, {""field"": ""content_type"", ""value"": ""动画""}]}, ""retext"": ""看库洛米的动画片""}",educ_search,"{""query"": {""and"": [{""field"": ""title"", ""value"": ""库洛米""}, {""field"": ""content_type"", ""value"": ""动画""}]}, ""retext"": ""看库洛米的动画片""}",Y,Y,Y,
少儿,164,看免费的小公主娜吉娅,educ_keyword_search,,educ_search,"{""query"": {""and"": [{""field"": ""title"", ""value"": ""小公主娜吉娅""}, {""field"": ""is_fee"", ""value"": 0}]}, ""retext"": ""看免费的小公主娜吉娅""}",educ_search,"{""query"": {""and"": [{""field"": ""title"", ""value"": ""小公主娜吉娅""}, {""field"": ""is_fee"", ""value"": 0}]}, ""retext"": ""看免费的小公主娜吉娅""}",Y,Y,Y,
少儿,166,看浙江卫视的动画片喜羊羊和灰太狼,multi_tab_search,不合理,educ_search,"{""query"": {""and"": [{""field"": ""title"", ""value"": ""喜羊羊与灰太狼""}, {""field"": ""content_type"", ""value"": ""动画""}]}, ""retext"": ""看浙江卫视的动画片喜羊羊和灰太狼""}",educ_search,"{""query"": {""and"": [{""field"": ""title"", ""value"": ""喜羊羊与灰太狼""}, {""field"": ""content_type"", ""value"": ""动画""}]}, ""retext"": ""看浙江卫视的动画片喜羊羊和灰太狼""}",Y,Y,Y,
少儿,180,免费的海底小纵队不要英语的,multi_tab_search,,educ_search,"{""query"": {""and"": [{""field"": ""title"", ""value"": ""海底小纵队""}, {""not"": {""field"": ""language"", ""value"": ""英语""}}, {""field"": ""is_fee"", ""value"": ""0""}]}, ""retext"": ""免费的海底小纵队不要英语的""}",educ_search,"{""query"": {""and"": [{""field"": ""title"", ""value"": ""海底小纵队""}, {""not"": {""field"": ""language"", ""value"": ""英语""}}, {""field"": ""is_fee"", ""value"": ""0""}]}, ""retext"": ""免费的海底小纵队不要英语的""}",Y,Y,Y,
少儿,165,看宇宙护卫队全集,multi_tab_search,,educ_search,"{""query"": {""field"": ""title"", ""value"": ""宇宙护卫队""}, ""retext"": ""看宇宙护卫队全集""}",educ_search,"{""query"": {""field"": ""title"", ""value"": ""宇宙护卫队""}, ""retext"": ""看宇宙护卫队全集""}",Y,Y,Y,
少儿,167,科幻题材的动画,multi_tab_search,,educ_search,"{""query"": {""and"": [{""field"": ""children_third_genre"", ""value"": ""科幻""}, {""field"": ""content_type"", ""value"": ""动画""}]}, ""retext"": ""科幻题材的动画""}",educ_search,"{""query"": {""and"": [{""field"": ""content_type"", ""value"": ""动画""}, {""field"": ""children_third_genre"", ""value"": ""科幻""}]}, ""retext"": ""科幻题材的动画""}",Y,Y,Y,
少儿,184,奶龙与小七守护村庄，与暴暴龙展开对决的动画片,confirm_vague_search,,educ_fuzzy_search,"{""query"": ""奶龙与小七守护村庄，与暴暴龙展开对决的动画片""}",educ_fuzzy_search,"{""query"": ""奶龙与小七守护村庄，与暴暴龙展开对决的动画片""}",Y,Y,Y,
少儿,168,科普教育类的少儿动画,multi_tab_search,,educ_search,"{""query"": {""and"": [{""field"": ""content_type"", ""value"": ""动画""}, {""field"": ""children_second_genre"", ""value"": ""科普""}]}, ""retext"": ""科普教育类的少儿动画""}",educ_search,"{""query"": {""and"": [{""field"": ""content_type"", ""value"": ""动画""}, {""field"": ""children_second_genre"", ""value"": ""科普""}]}, ""retext"": ""科普教育类的少儿动画""}",Y,Y,Y,
少儿,169,科普类动画片儿,multi_tab_search,,educ_search,"{""query"": {""and"": [{""field"": ""content_type"", ""value"": ""动画""}, {""field"": ""children_second_genre"", ""value"": ""科普""}]}, ""retext"": ""科普类动画片儿""}",educ_search,"{""query"": {""and"": [{""field"": ""content_type"", ""value"": ""动画""}, {""field"": ""children_second_genre"", ""value"": ""科普""}]}, ""retext"": ""科普类动画片儿""}",Y,Y,Y,
少儿,171,恐龙的卡通电影推荐,multi_tab_search,,educ_search,"{""query"": {""and"": [{""field"": ""children_third_genre"", ""value"": ""恐龙""}, {""field"": ""content_type"", ""value"": ""卡通""}, {""field"": ""children_second_genre"", ""value"": ""电影""}]}, ""retext"": ""恐龙的卡通电影推荐""}",educ_search,"{""query"": {""and"": [{""field"": ""content_type"", ""value"": ""卡通""}, {""field"": ""children_second_genre"", ""value"": ""电影""}, {""field"": ""children_third_genre"", ""value"": ""恐龙""}]}, ""retext"": ""恐龙的卡通电影推荐""}",Y,Y,Y,
少儿,192,请播放免费的垃圾车的视频,educ_keyword_search,,educ_search,"{""query"": {""and"": [{""field"": ""title"", ""value"": ""垃圾车""}, {""field"": ""is_fee"", ""value"": 0}]}, ""retext"": ""请播放免费的垃圾车的视频""}",vod_search,"{""action"": ""play"", ""query"": {""field"": ""is_fee"", ""value"": 0}, ""retext"": ""请播放免费的垃圾车的视频""}",N,N,N,"action: gold= pred=""play""; query: gold={""and"": [{""field"": ""is_fee"", ""value"": 0}, {""field"": ""title"", ""value"": ""垃圾车""}]} pred={""field"": ""is_fee"", ""value"": 0}"
少儿,175,螺丝钉全屏,multi_tab_search,,educ_search,"{""query"": {""field"": ""title"", ""value"": ""螺丝钉""}, ""retext"": ""螺丝钉全屏""}",educ_search,"{""query"": {""field"": ""title"", ""value"": ""螺丝钉""}, ""retext"": ""螺丝钉全屏""}",Y,Y,Y,
少儿,177,免费播送妈妈咪鸭,multi_tab_search,,educ_search,"{""query"": {""and"": [{""field"": ""title"", ""value"": ""妈妈咪鸭""}, {""field"": ""is_fee"", ""value"": 0}]}, ""retext"": ""免费播送妈妈咪鸭""}",educ_search,"{""query"": {""and"": [{""field"": ""title"", ""value"": ""妈妈咪鸭""}, {""field"": ""is_fee"", ""value"": 0}]}, ""retext"": ""免费播送妈妈咪鸭""}",Y,Y,Y,
少儿,178,免费的JOJO大全,multi_tab_search,,educ_search,"{""query"": {""and"": [{""or"": [{""field"": ""role"", ""value"": ""jojo""}, {""field"": ""title"", ""value"": ""jojo""}]}, {""field"": ""is_fee"", ""value"": 0}]}, ""retext"": ""免费的JOJO大全""}",educ_search,"{""query"": {""and"": [{""or"": [{""field"": ""role"", ""value"": ""jojo""}, {""field"": ""title"", ""value"": ""jojo""}]}, {""field"": ""is_fee"", ""value"": 0}]}, ""retext"": ""免费的JOJO大全""}",Y,Y,Y,
少儿,200,趣趣知知鸟，接着播放,multi_tab_search,,educ_search,"{""query"": {""field"": ""title"", ""value"": ""趣趣知知鸟""}, ""retext"": ""趣趣知知鸟，接着播放""}",playback_control,"{""device"": """", ""location"": """", ""object"": ""播放控制"", ""operation"": ""播放"", ""value"": """"}",N,N,N,"object: gold= pred=""播放控制""; operation: gold= pred=""播放""; query: gold={""field"": ""title"", ""value"": ""趣趣知知鸟""} pred=; retext: gold=""趣趣知知鸟，接着播放"" pred="
少儿,181,免费高分动画,multi_tab_search,不合理,educ_search,"{""query"": {""and"": [{""field"": ""content_type"", ""value"": ""动画""}, {""field"": ""is_fee"", ""value"": 0}]}, ""retext"": ""免费高分动画""}",educ_search,"{""query"": {""and"": [{""field"": ""content_type"", ""value"": ""动画""}, {""field"": ""is_fee"", ""value"": 0}]}, ""retext"": ""免费高分动画""}",Y,Y,Y,
少儿,183,米奇动画片少儿版,multi_tab_search,,educ_search,"{""query"": {""and"": [{""or"": [{""field"": ""role"", ""value"": ""米奇""}, {""field"": ""title"", ""value"": ""米奇""}]}, {""field"": ""content_type"", ""value"": ""动画""}]}, ""retext"": ""米奇动画片少儿版""}",educ_search,"{""query"": {""and"": [{""or"": [{""field"": ""role"", ""value"": ""米奇""}, {""field"": ""title"", ""value"": ""米奇""}]}, {""field"": ""content_type"", ""value"": ""动画""}]}, ""retext"": ""米奇动画片少儿版""}",Y,Y,Y,
少儿,187,卡通版的狐妖小红娘,multi_tab_search,,educ_search,"{""query"": {""and"": [{""field"": ""title"", ""value"": ""狐妖小红娘""}, {""field"": ""content_type"", ""value"": ""卡通""}]}, ""retext"": ""卡通版的狐妖小红娘""}",educ_search,"{""query"": {""and"": [{""field"": ""title"", ""value"": ""狐妖小红娘""}, {""field"": ""content_type"", ""value"": ""卡通""}]}, ""retext"": ""卡通版的狐妖小红娘""}",Y,Y,Y,
少儿,197,请给我放疯狂动物城故事,multi_tab_search,,educ_search,"{""query"": {""and"": [{""field"": ""title"", ""value"": ""疯狂动物城""}, {""field"": ""children_second_genre"", ""value"": ""故事""}]}, ""retext"": ""请给我放疯狂动物城故事""}",vod_search,"{""action"": ""play"", ""query"": {""field"": ""title"", ""value"": ""疯狂动物城""}, ""retext"": ""请给我放疯狂动物城故事""}",N,N,N,"action: gold= pred=""play""; query: gold={""and"": [{""field"": ""children_second_genre"", ""value"": ""故事""}, {""field"": ""title"", ""value"": ""疯狂动物城""}]} pred={""field"": ""title"", ""value"": ""疯狂动物城""}"
少儿,186,评分在8.5到9分之间的动画片,multi_tab_search,,educ_search,"{""query"": {""field"": ""content_type"", ""value"": ""动画""}, ""retext"": ""评分在8.5到9分之间的动画片""}",educ_search,"{""query"": {""field"": ""content_type"", ""value"": ""动画""}, ""retext"": ""评分在8.5到9分之间的动画片""}",Y,Y,Y,
少儿,185,嗯，神奇宝物找一下吧,multi_tab_search,,educ_search,"{""query"": {""field"": ""title"", ""value"": ""神奇宝物""}, ""retext"": ""嗯，神奇宝物找一下吧""}",educ_search,"{""query"": {""field"": ""title"", ""value"": ""神奇宝物""}, ""retext"": ""嗯，神奇宝物找一下吧""}",Y,Y,Y,
少儿,182,免费少儿节目宝宝巴士,multi_tab_search,,educ_search,"{""query"": {""and"": [{""field"": ""title"", ""value"": ""宝宝巴士""}, {""field"": ""is_fee"", ""value"": 0}]}, ""retext"": ""免费少儿节目宝宝巴士""}",educ_search,"{""query"": {""and"": [{""field"": ""title"", ""value"": ""宝宝巴士""}, {""field"": ""is_fee"", ""value"": 0}]}, ""retext"": ""免费少儿节目宝宝巴士""}",Y,Y,Y,
少儿,189,请帮我播放大耳朵图图的故事,multi_tab_search,,educ_search,"{""query"": {""and"": [{""field"": ""title"", ""value"": ""大耳朵图图""}, {""field"": ""children_second_genre"", ""value"": ""故事""}]}, ""retext"": ""请帮我播放大耳朵图图的故事""}",educ_search,"{""query"": {""and"": [{""field"": ""title"", ""value"": ""大耳朵图图""}, {""field"": ""children_second_genre"", ""value"": ""故事""}]}, ""retext"": ""请帮我播放大耳朵图图的故事""}",Y,Y,Y,
少儿,188,请帮忙找儿童卡通三字经,multi_tab_search,,educ_search,"{""query"": {""and"": [{""field"": ""title"", ""value"": ""三字经""}, {""field"": ""content_type"", ""value"": ""卡通""}]}, ""retext"": ""请帮忙找儿童卡通三字经""}",educ_search,"{""query"": {""and"": [{""field"": ""title"", ""value"": ""三字经""}, {""field"": ""content_type"", ""value"": ""卡通""}]}, ""retext"": ""请帮忙找儿童卡通三字经""}",Y,Y,Y,
少儿,206,上周看的少儿动画片,educ_history,不合理,educ_history,"{""query"": {""field"": ""time"", ""from"": ""2026-08-18 00:00:00"", ""to"": ""2026-08-24 23:59:29""}}",educ_history,"{""query"": {""field"": ""time"", ""from"": ""2026-08-18 00:00:00"", ""to"": ""2026-08-24 23:59:29""}}",Y,Y,Y,
少儿,190,请播放弹珠轨道,educ_keyword_search,,educ_search,"{""query"": {""field"": ""title"", ""value"": ""弹珠轨道""}, ""retext"": ""请播放弹珠轨道""}",educ_search,"{""query"": {""field"": ""title"", ""value"": ""弹珠轨道""}, ""retext"": ""请播放弹珠轨道""}",Y,Y,Y,
少儿,191,请播放电影波妞,multi_tab_search,,educ_search,"{""query"": {""and"": [{""or"": [{""field"": ""role"", ""value"": ""波妞""}, {""field"": ""title"", ""value"": ""波妞""}]}, {""field"": ""children_second_genre"", ""value"": ""电影""}]}, ""retext"": ""请播放电影波妞""}",educ_search,"{""query"": {""and"": [{""or"": [{""field"": ""role"", ""value"": ""波妞""}, {""field"": ""title"", ""value"": ""波妞""}]}, {""field"": ""children_second_genre"", ""value"": ""电影""}]}, ""retext"": ""请播放电影波妞""}",Y,Y,Y,
少儿,193,请播放益智早教,educ_keyword_search,,educ_search,"{""query"": {""and"": [{""field"": ""children_third_genre"", ""value"": ""益智""}, {""field"": ""children_second_genre"", ""value"": ""早教""}]}, ""retext"": ""请播放益智早教""}",educ_search,"{""query"": {""and"": [{""field"": ""children_second_genre"", ""value"": ""早教""}, {""field"": ""children_third_genre"", ""value"": ""益智""}]}, ""retext"": ""请播放益智早教""}",Y,Y,Y,
少儿,211,适合我看的少儿动画,confirm_vague_search,,educ_fuzzy_search,"{""query"": ""适合我看的少儿动画""}",educ_fuzzy_search,"{""query"": ""适合我看的少儿动画""}",Y,Y,Y,
少儿,194,请播放幼儿少儿绘本,educ_keyword_search,,educ_search,"{""query"": {""field"": ""children_second_genre"", ""value"": ""绘本""}, ""retext"": ""请播放幼儿少儿绘本""}",educ_search,"{""query"": {""field"": ""children_second_genre"", ""value"": ""绘本""}, ""retext"": ""请播放幼儿少儿绘本""}",Y,Y,Y,
少儿,196,请给我播放新的汪汪队,multi_tab_search,不合理,educ_search,"{""query"": {""field"": ""title"", ""value"": ""汪汪队""}, ""retext"": ""请给我播放新的汪汪队""}",educ_search,"{""query"": {""field"": ""title"", ""value"": ""汪汪队""}, ""retext"": ""请给我播放新的汪汪队""}",Y,Y,Y,
少儿,195,请放免费的小猴子啵啵,multi_tab_search,,educ_search,"{""query"": {""and"": [{""field"": ""title"", ""value"": ""小猴子啵啵""}, {""field"": ""is_fee"", ""value"": 0}]}, ""retext"": ""请放免费的小猴子啵啵""}",educ_search,"{""query"": {""and"": [{""field"": ""title"", ""value"": ""小猴子啵啵""}, {""field"": ""is_fee"", ""value"": 0}]}, ""retext"": ""请放免费的小猴子啵啵""}",Y,Y,Y,
少儿,212,狮子王中文的也不是vip,multi_tab_search,,educ_search,"{""query"": {""and"": [{""field"": ""title"", ""value"": ""狮子王""}, {""field"": ""language"", ""value"": ""中文""}, {""field"": ""is_fee"", ""value"": 0}]}, ""retext"": ""狮子王中文的也不是vip""}",vod_search_all,"{""action"": ""search"", ""query"": {""field"": ""language"", ""value"": ""普通话""}, ""retext"": ""狮子王中文的也不是vip""}",N,N,N,"action: gold= pred=""search""; query: gold={""and"": [{""field"": ""is_fee"", ""value"": 0}, {""field"": ""language"", ""value"": ""中文""}, {""field"": ""title"", ""value"": ""狮子王""}]} pred={""field"": ""language"", ""value"": ""普通话""}"
少儿,198,请继续播放猪屁登,multi_tab_search,,educ_search,"{""query"": {""field"": ""title"", ""value"": ""猪屁登""}, ""retext"": ""请继续播放猪屁登""}",educ_search,"{""query"": {""field"": ""title"", ""value"": ""猪屁登""}, ""retext"": ""请继续播放猪屁登""}",Y,Y,Y,
少儿,199,汽车星球第3集,multi_tab_search,不合理,educ_search,"{""query"": {""field"": ""title"", ""value"": ""汽车星球""}, ""retext"": ""汽车星球第3集""}",educ_search,"{""query"": {""field"": ""title"", ""value"": ""汽车星球""}, ""retext"": ""汽车星球第3集""}",Y,Y,Y,
少儿,204,日本的卡通动画,multi_tab_search,,educ_search_all,"{""query"": {""and"": [{""field"": ""country"", ""value"": ""日本""}, {""or"": [{""field"": ""content_type"", ""value"": ""动画""}, {""field"": ""content_type"", ""value"": ""卡通""}]}]}, ""retext"": ""日本的卡通动画""}",educ_search_all,"{""query"": {""and"": [{""field"": ""country"", ""value"": ""日本""}, {""or"": [{""field"": ""content_type"", ""value"": ""动画""}, {""field"": ""content_type"", ""value"": ""卡通""}]}]}, ""retext"": ""日本的卡通动画""}",Y,Y,Y,
少儿,205,日本动漫2021年上映的,multi_tab_search,,educ_search_all,"{""query"": {""and"": [{""field"": ""country"", ""value"": ""日本""}, {""field"": ""release_time"", ""from"": ""20210101"", ""to"": ""20211231""}, {""field"": ""children_second_genre"", ""value"": ""动漫""}]}, ""retext"": ""日本动漫2021年上映的""}",educ_search_all,"{""query"": {""and"": [{""field"": ""release_time"", ""from"": ""20210101"", ""to"": ""20211231""}, {""field"": ""country"", ""value"": ""日本""}, {""field"": ""children_second_genre"", ""value"": ""动漫""}]}, ""retext"": ""日本动漫2021年上映的""}",Y,Y,Y,
少儿,201,热播动画片,multi_tab_search,不合理,educ_search,"{""query"": {""field"": ""content_type"", ""value"": ""动画""}, ""retext"": ""热播动画片""}",educ_search,"{""query"": {""field"": ""content_type"", ""value"": ""动画""}, ""retext"": ""热播动画片""}",Y,Y,Y,
少儿,203,热血动漫,multi_tab_search,,educ_search,"{""query"": {""and"": [{""field"": ""children_third_genre"", ""value"": ""热血""}, {""field"": ""children_second_genre"", ""value"": ""动漫""}]}, ""retext"": ""热血动漫""}",educ_search,"{""query"": {""and"": [{""field"": ""children_second_genre"", ""value"": ""动漫""}, {""field"": ""children_third_genre"", ""value"": ""热血""}]}, ""retext"": ""热血动漫""}",Y,Y,Y,
少儿,202,热门动画,multi_tab_search,不合理,educ_search,"{""query"": {""field"": ""content_type"", ""value"": ""动画""}, ""retext"": ""热门动画""}",educ_search,"{""query"": {""field"": ""content_type"", ""value"": ""动画""}, ""retext"": ""热门动画""}",Y,Y,Y,
少儿,208,少儿英语节目,educ_keyword_search,,educ_search,"{""query"": {""field"": ""children_second_genre"", ""value"": ""英语""}, ""retext"": ""少儿英语节目""}",educ_search,"{""query"": {""field"": ""children_second_genre"", ""value"": ""英语""}, ""retext"": ""少儿英语节目""}",Y,Y,Y,
少儿,207,少儿电影,multi_tab_search,,educ_search,"{""query"": {""field"": ""children_second_genre"", ""value"": ""电影""}, ""retext"": ""少儿电影""}",educ_search,"{""query"": {""field"": ""children_second_genre"", ""value"": ""电影""}, ""retext"": ""少儿电影""}",Y,Y,Y,
少儿,209,少儿中文jojo,multi_tab_search,,educ_search,"{""query"": {""and"": [{""or"": [{""field"": ""role"", ""value"": ""jojo""}, {""field"": ""title"", ""value"": ""jojo""}]}, {""field"": ""language"", ""value"": ""中文""}]}, ""retext"": ""少儿中文jojo""}",educ_search,"{""query"": {""and"": [{""or"": [{""field"": ""role"", ""value"": ""jojo""}, {""field"": ""title"", ""value"": ""jojo""}]}, {""field"": ""language"", ""value"": ""中文""}]}, ""retext"": ""少儿中文jojo""}",Y,Y,Y,
少儿,210,适合儿童看的动画,multi_tab_search,不合理,educ_search,,educ_search,"{""retext"": ""适合儿童看的动画""}",Y,Y,Y,
少儿,213,搜索newtv极光里面的泰迦奥特曼,multi_tab_search,不合理,educ_search,"{""query"": {""field"": ""title"", ""value"": ""泰迦奥特曼""}, ""retext"": ""搜索newtv极光里面的泰迦奥特曼""}",educ_search,"{""query"": {""field"": ""title"", ""value"": ""泰迦奥特曼""}, ""retext"": ""搜索newtv极光里面的泰迦奥特曼""}",Y,Y,Y,
少儿,214,搜索newtv极光里面的泰迦奥特曼,multi_tab_search,不合理,educ_search,"{""query"": {""field"": ""title"", ""value"": ""泰迦奥特曼""}, ""retext"": ""搜索newtv极光里面的泰迦奥特曼""}",educ_search,"{""query"": {""field"": ""title"", ""value"": ""泰迦奥特曼""}, ""retext"": ""搜索newtv极光里面的泰迦奥特曼""}",Y,Y,Y,
少儿,216,搜索不要VIP的吞噬星空,multi_tab_search,,educ_search,"{""query"": {""and"": [{""field"": ""title"", ""value"": ""吞噬星空""}, {""field"": ""is_fee"", ""value"": 0}]}, ""retext"": ""搜索不要VIP的吞噬星空""}",educ_search,"{""query"": {""and"": [{""field"": ""title"", ""value"": ""吞噬星空""}, {""field"": ""is_fee"", ""value"": 0}]}, ""retext"": ""搜索不要VIP的吞噬星空""}",Y,Y,Y,
少儿,231,提升孩子口语表达的少儿节目,educ_vague_search,不合理,educ_fuzzy_search,"{""query"": ""提升孩子口语表达的少儿节目""}",educ_fuzzy_search,"{""query"": ""提升孩子口语表达的少儿节目""}",Y,Y,Y,
少儿,232,推荐孩子喜欢的绘本故事,educ_vague_search_personalized_recommend,,educ_fuzzy_search,"{""query"": ""推荐孩子喜欢的绘本故事""}",educ_fuzzy_search,"{""query"": ""推荐孩子喜欢的绘本故事""}",Y,Y,Y,
少儿,219,搜索消防员山姆,multi_tab_search,,educ_search,"{""query"": {""field"": ""title"", ""value"": ""消防员山姆""}, ""retext"": ""搜索消防员山姆""}",educ_search,"{""query"": {""field"": ""title"", ""value"": ""消防员山姆""}, ""retext"": ""搜索消防员山姆""}",Y,Y,Y,
少儿,234,推荐我喜欢的动漫类型,confirm_personalized_recommend,,educ_fuzzy_search,"{""query"": ""推荐我喜欢的动漫类型""}",educ_fuzzy_search,"{""query"": ""推荐我喜欢的动漫类型""}",Y,Y,Y,
少儿,220,搜索小砾工程队,multi_tab_search,,educ_search,"{""query"": {""field"": ""title"", ""value"": ""小砾与工程家族""}, ""retext"": ""搜索小砾工程队""}",educ_search,"{""query"": {""field"": ""title"", ""value"": ""小砾与工程家族""}, ""retext"": ""搜索小砾工程队""}",Y,Y,Y,
少儿,233,推荐汽车星球相似的动画,multi_tab_relate_recommend,不合理,educ_relate_recommend,"{""query"": {""and"": [{""field"": ""title"", ""value"": ""汽车星球""}, {""field"": ""content_type"", ""value"": ""动画""}]}}",educ_relate_recommend,"{""query"": {""and"": [{""field"": ""title"", ""value"": ""汽车星球""}, {""field"": ""content_type"", ""value"": ""动画""}]}}",Y,Y,Y,
少儿,239,为我找符合我偏好的卡通片,confirm_personalized_recommend,,educ_fuzzy_search,"{""query"": ""为我找符合我偏好的卡通片""}",educ_fuzzy_search,"{""query"": ""为我找符合我偏好的卡通片""}",Y,Y,Y,
少儿,240,我今年4岁了，你猜我喜欢看什么,educ_vague_search_personalized_recommend,,educ_fuzzy_search,"{""query"": ""我今年4岁了，你猜我喜欢看什么""}",execute,,N,N,N,"query: gold=""我今年4岁了，你猜我喜欢看什么"" pred="
少儿,217,搜索动画类的电影,multi_tab_search,,educ_search,"{""query"": {""and"": [{""field"": ""content_type"", ""value"": ""动画""}, {""field"": ""children_second_genre"", ""value"": ""电影""}]}, ""retext"": ""搜索动画类的电影""}",educ_search,"{""query"": {""and"": [{""field"": ""content_type"", ""value"": ""动画""}, {""field"": ""children_second_genre"", ""value"": ""电影""}]}, ""retext"": ""搜索动画类的电影""}",Y,Y,Y,
少儿,223,搜索最新的动漫,multi_tab_search,不合理,educ_search,"{""query"": {""field"": ""children_second_genre"", ""value"": ""动漫""}, ""retext"": ""搜索最新的动漫""}",educ_search,"{""query"": {""field"": ""children_second_genre"", ""value"": ""动漫""}, ""retext"": ""搜索最新的动漫""}",Y,Y,Y,
少儿,235,推荐与小品一家人类似题材的少儿视频,educ_relate_recommend,不合理,educ_relate_recommend,"{""query"": {""field"": ""title"", ""value"": ""小品一家人""}}",educ_relate_recommend,"{""query"": {""field"": ""title"", ""value"": ""小品一家人""}}",Y,Y,Y,
少儿,215,搜索宝宝学习自我认知的少儿动画,multi_tab_search,不合理,educ_search,"{""query"": {""field"": ""content_type"", ""value"": ""动画""}, ""retext"": ""搜索宝宝学习自我认知的少儿动画""}",educ_search,"{""query"": {""field"": ""content_type"", ""value"": ""动画""}, ""retext"": ""搜索宝宝学习自我认知的少儿动画""}",Y,Y,Y,
少儿,222,搜索正式版的星卡梦少女视频,multi_tab_search,,educ_search,"{""query"": {""field"": ""title"", ""value"": ""星卡梦少女""}, ""retext"": ""搜索正式版的星卡梦少女视频""}",educ_search,"{""query"": {""field"": ""title"", ""value"": ""星卡梦少女""}, ""retext"": ""搜索正式版的星卡梦少女视频""}",Y,Y,Y,
少儿,218,搜索儿童数学思维相关的动画片,multi_tab_search,存疑,educ_search,"{""query"": {""and"": [{""field"": ""children_second_genre"", ""value"": ""数学""}, {""field"": ""content_type"", ""value"": ""动画""}]}, ""retext"": ""搜索儿童数学思维相关的动画片""}",educ_search,"{""query"": {""and"": [{""field"": ""content_type"", ""value"": ""动画""}, {""field"": ""children_second_genre"", ""value"": ""数学""}]}, ""retext"": ""搜索儿童数学思维相关的动画片""}",Y,Y,Y,
少儿,221,搜索优酷里面的动画片,multi_tab_search,,educ_search,"{""query"": {""and"": [{""field"": ""content_type"", ""value"": ""动画""}, {""field"": ""company"", ""value"": ""优酷""}]}, ""retext"": ""搜索优酷里面的动画片""}",educ_search,"{""query"": {""and"": [{""field"": ""content_type"", ""value"": ""动画""}, {""field"": ""company"", ""value"": ""优酷""}]}, ""retext"": ""搜索优酷里面的动画片""}",Y,Y,Y,
少儿,224,搜益智类的动画片,multi_tab_search,,educ_search,"{""query"": {""and"": [{""field"": ""children_third_genre"", ""value"": ""益智""}, {""field"": ""content_type"", ""value"": ""动画""}]}, ""retext"": ""搜益智类的动画片""}",educ_search,"{""query"": {""and"": [{""field"": ""content_type"", ""value"": ""动画""}, {""field"": ""children_third_genre"", ""value"": ""益智""}]}, ""retext"": ""搜益智类的动画片""}",Y,Y,Y,
少儿,225,搜正在连载中的动画片,multi_tab_search,,educ_search,"{""query"": {""field"": ""content_type"", ""value"": ""动画""}, ""retext"": ""搜正在连载中的动画片""}",educ_search,"{""query"": {""field"": ""content_type"", ""value"": ""动画""}, ""retext"": ""搜正在连载中的动画片""}",Y,Y,Y,
少儿,226,唐老鸭第29集,multi_tab_search,不合理,educ_search,"{""query"": {""field"": ""title"", ""value"": ""唐老鸭""}, ""retext"": ""唐老鸭第29集""}",educ_search,"{""query"": {""field"": ""title"", ""value"": ""唐老鸭""}, ""retext"": ""唐老鸭第29集""}",Y,Y,Y,
少儿,227,腾讯动漫出品的动漫,multi_tab_search,不合理,educ_search,"{""query"": {""field"": ""children_second_genre"", ""value"": ""动漫""}, ""retext"": ""腾讯动漫出品的动漫""}",educ_search,"{""query"": {""field"": ""children_second_genre"", ""value"": ""动漫""}, ""retext"": ""腾讯动漫出品的动漫""}",Y,Y,Y,
少儿,238,为我搜索大鱼海棠,multi_tab_search,,educ_search,"{""query"": {""field"": ""title"", ""value"": ""大鱼海棠""}, ""retext"": ""为我搜索大鱼海棠""}",vod_search,"{""action"": ""search"", ""query"": {""field"": ""title"", ""value"": ""大鱼海棠""}, ""retext"": ""为我搜索大鱼海棠""}",N,N,N,"action: gold= pred=""search"""
少儿,237,为我播放刺猬索尼克,multi_tab_search,,educ_search,"{""query"": {""field"": ""title"", ""value"": ""刺猬索尼克""}, ""retext"": ""为我播放刺猬索尼克""}",vod_search,"{""action"": ""play"", ""query"": {""field"": ""title"", ""value"": ""刺猬索尼克""}, ""retext"": ""为我播放刺猬索尼克""}",N,N,N,"action: gold= pred=""play"""
少儿,230,提高宝宝英语口语的启蒙动画,multi_tab_search,,educ_search,"{""query"": {""and"": [{""field"": ""title"", ""value"": ""启蒙""}, {""field"": ""language"", ""value"": ""英语""}, {""field"": ""content_type"", ""value"": ""动画""}, {""field"": ""training_objectives"", ""value"": ""英语启蒙""}]}, ""retext"": ""提高宝宝英语口语的启蒙动画""}",educ_search,"{""query"": {""and"": [{""field"": ""title"", ""value"": ""启蒙""}, {""field"": ""content_type"", ""value"": ""动画""}, {""field"": ""language"", ""value"": ""英语""}, {""field"": ""training_objectives"", ""value"": ""英语启蒙""}]}, ""retext"": ""提高宝宝英语口语的启蒙动画""}",Y,Y,Y,
少儿,256,我要看和医生有关的动画片,confirm_vague_search,,educ_fuzzy_search,"{""query"": ""我要看和医生有关的动画片""}",educ_fuzzy_search,"{""query"": ""我要看和医生有关的动画片""}",Y,Y,Y,
少儿,228,腾讯视频请搜索免费的奥特曼,multi_tab_search,,educ_search,"{""query"": {""and"": [{""field"": ""title"", ""value"": ""奥特曼""}, {""field"": ""is_fee"", ""value"": 0}]}, ""retext"": ""腾讯视频请搜索免费的奥特曼""}",educ_search,"{""query"": {""and"": [{""field"": ""title"", ""value"": ""奥特曼""}, {""field"": ""is_fee"", ""value"": 0}]}, ""retext"": ""腾讯视频请搜索免费的奥特曼""}",Y,Y,Y,
少儿,229,调一个免费的托马斯火车,multi_tab_search,,educ_search,"{""query"": {""and"": [{""or"": [{""field"": ""role"", ""value"": ""托马斯小火车""}, {""field"": ""title"", ""value"": ""托马斯小火车""}]}, {""field"": ""is_fee"", ""value"": 0}]}, ""retext"": ""调一个免费的托马斯火车""}",educ_search,"{""query"": {""and"": [{""or"": [{""field"": ""role"", ""value"": ""托马斯小火车""}, {""field"": ""title"", ""value"": ""托马斯小火车""}]}, {""field"": ""is_fee"", ""value"": 0}]}, ""retext"": ""调一个免费的托马斯火车""}",Y,Y,Y,
少儿,236,汪汪队小砾工程队不用VIP中文版的,multi_tab_search,不合理/存疑,educ_search,"{""query"": {""and"": [{""or"": [{""field"": ""title"", ""value"": ""汪汪队""}, {""field"": ""title"", ""value"": ""小砾与工程家族""}]}, {""field"": ""language"", ""value"": ""国语版""}, {""field"": ""is_fee"", ""value"": 0}]}, ""retext"": ""汪汪队小砾与工程家族免费国语版的""}",educ_search,"{""query"": {""and"": [{""or"": [{""field"": ""title"", ""value"": ""汪汪队""}, {""field"": ""title"", ""value"": ""小砾与工程家族""}]}, {""field"": ""language"", ""value"": ""国语版""}, {""field"": ""is_fee"", ""value"": 0}]}, ""retext"": ""汪汪队小砾工程队不用VIP中文版的""}",Y,N,N,"retext: gold=""汪汪队小砾与工程家族免费国语版的"" pred=""汪汪队小砾工程队不用VIP中文版的"""
少儿,257,我要看绘本故事,educ_vague_search,存疑,educ_fuzzy_search,"{""query"": ""我要看绘本故事""}",educ_fuzzy_search,"{""query"": ""我要看绘本故事""}",Y,Y,Y,
少儿,258,我要看间谍过家家普通话第一季,multi_tab_search,不合理,educ_search,"{""query"": {""and"": [{""field"": ""title"", ""value"": ""间谍过家家""}, {""field"": ""language"", ""value"": ""普通话""}]}, ""retext"": ""我要看间谍过家家普通话第一季""}",vod_search_all,"{""action"": ""play"", ""query"": {""and"": [{""field"": ""series"", ""value"": 1}, {""field"": ""language"", ""value"": ""普通话""}]}, ""retext"": ""我要看间谍过家家普通话第一季""}",N,N,N,"action: gold= pred=""play""; query: gold={""and"": [{""field"": ""language"", ""value"": ""普通话""}, {""field"": ""title"", ""value"": ""间谍过家家""}]} pred={""and"": [{""field"": ""language"", ""value"": ""普通话""}, {""field"": ""series"", ""value"": 1}]}"
少儿,241,我们要看小魔仙,multi_tab_search,,educ_search,"{""query"": {""field"": ""title"", ""value"": ""巴啦啦小魔仙""}, ""retext"": ""我们要看小魔仙""}",educ_search,"{""query"": {""field"": ""title"", ""value"": ""巴啦啦小魔仙""}, ""retext"": ""我们要看小魔仙""}",Y,Y,Y,
少儿,245,我想看今年新出的动画片,multi_tab_search,,educ_search_all,"{""query"": {""and"": [{""field"": ""content_type"", ""value"": ""动画""}, {""field"": ""release_time"", ""from"": ""20260101"", ""to"": ""20261231""}]}, ""retext"": ""我想看今年新出的动画片""}",educ_search_all,"{""query"": {""and"": [{""field"": ""content_type"", ""value"": ""动画""}, {""field"": ""release_time"", ""from"": ""20260101"", ""to"": ""20261231""}]}, ""retext"": ""我想看今年新出的动画片""}",Y,Y,Y,
少儿,246,我想看美国的超级英雄主题动画,multi_tab_search,,educ_search_all,"{""query"": {""and"": [{""field"": ""title"", ""value"": ""超级英雄""}, {""field"": ""country"", ""value"": ""美国""}, {""field"": ""content_type"", ""value"": ""动画""}]}, ""retext"": ""我想看美国的超级英雄主题动画""}",educ_search_all,"{""query"": {""and"": [{""field"": ""title"", ""value"": ""超级英雄""}, {""field"": ""country"", ""value"": ""美国""}, {""field"": ""content_type"", ""value"": ""动画""}]}, ""retext"": ""我想看美国的超级英雄主题动画""}",Y,Y,Y,
少儿,242,我想看大卫不可以的故事,multi_tab_search,,educ_search,"{""query"": {""and"": [{""field"": ""title"", ""value"": ""大卫不可以""}, {""field"": ""children_second_genre"", ""value"": ""故事""}]}, ""retext"": ""我想看大卫不可以的故事""}",educ_search,"{""query"": {""and"": [{""field"": ""title"", ""value"": ""大卫不可以""}, {""field"": ""children_second_genre"", ""value"": ""故事""}]}, ""retext"": ""我想看大卫不可以的故事""}",Y,Y,Y,
少儿,259,我要看美国的赛车总动员,multi_tab_search,,educ_search_all,"{""query"": {""and"": [{""field"": ""title"", ""value"": ""赛车总动员""}, {""field"": ""country"", ""value"": ""美国""}]}, ""retext"": ""我要看美国的赛车总动员""}",vod_search_all,"{""action"": ""search"", ""query"": {""field"": ""area"", ""value"": ""美国""}, ""retext"": ""我要看美国的赛车总动员""}",N,N,N,"action: gold= pred=""search""; query: gold={""and"": [{""field"": ""country"", ""value"": ""美国""}, {""field"": ""title"", ""value"": ""赛车总动员""}]} pred={""field"": ""area"", ""value"": ""美国""}"
少儿,244,我想看僵小鱼,multi_tab_search,,educ_search,"{""query"": {""or"": [{""field"": ""role"", ""value"": ""僵小鱼""}, {""field"": ""title"", ""value"": ""僵小鱼""}]}, ""retext"": ""我想看僵小鱼""}",educ_search,"{""query"": {""or"": [{""field"": ""role"", ""value"": ""僵小鱼""}, {""field"": ""title"", ""value"": ""僵小鱼""}]}, ""retext"": ""我想看僵小鱼""}",Y,Y,Y,
少儿,243,我想看第三集的汪汪队免费的,multi_tab_search,不合理,educ_search,"{""query"": {""and"": [{""field"": ""title"", ""value"": ""汪汪队""}, {""field"": ""is_fee"", ""value"": 0}]}, ""retext"": ""我想看第三集的汪汪队免费的""}",educ_search,"{""query"": {""and"": [{""field"": ""title"", ""value"": ""汪汪队""}, {""field"": ""is_fee"", ""value"": 0}]}, ""retext"": ""我想看第三集的汪汪队免费的""}",Y,Y,Y,
少儿,247,我想看免费版的汪汪队第2集,multi_tab_search,不合理,educ_search,"{""query"": {""and"": [{""field"": ""title"", ""value"": ""汪汪队""}, {""field"": ""is_fee"", ""value"": 0}]}, ""retext"": ""我想看免费版的汪汪队第2集""}",educ_search,"{""query"": {""and"": [{""field"": ""title"", ""value"": ""汪汪队""}, {""field"": ""is_fee"", ""value"": 0}]}, ""retext"": ""我想看免费版的汪汪队第2集""}",Y,Y,Y,
少儿,248,我想看免费的有天才威的熊出没,multi_tab_search,,educ_search,"{""query"": {""and"": [{""or"": [{""field"": ""role"", ""value"": ""天才威""}, {""field"": ""title"", ""value"": ""天才威""}, {""field"": ""title"", ""value"": ""熊出没""}]}, {""field"": ""is_fee"", ""value"": 0}]}, ""retext"": ""我想看免费的有天才威的熊出没""}",educ_search,"{""query"": {""and"": [{""or"": [{""field"": ""role"", ""value"": ""天才威""}, {""field"": ""title"", ""value"": ""天才威""}, {""field"": ""title"", ""value"": ""熊出没""}]}, {""field"": ""is_fee"", ""value"": 0}]}, ""retext"": ""我想看免费的有天才威的熊出没""}",Y,Y,Y,
少儿,264,我要看少儿免费的动画片大货车,multi_tab_search,,educ_search,"{""query"": {""and"": [{""field"": ""content_type"", ""value"": ""动画""}, {""field"": ""is_fee"", ""value"": ""0""}, {""field"": ""title"", ""value"": ""大货车""}]}, ""retext"": ""我要看少儿免费的动画片大货车""}",educ_search,"{""query"": {""and"": [{""field"": ""content_type"", ""value"": ""动画""}, {""field"": ""is_fee"", ""value"": ""0""}, {""field"": ""title"", ""value"": ""大货车""}]}, ""retext"": ""我要看少儿免费的动画片大货车""}",Y,Y,Y,
少儿,249,我想看正版奶龙,multi_tab_search,,educ_search,"{""query"": {""field"": ""title"", ""value"": ""奶龙""}, ""retext"": ""我想看正版奶龙""}",educ_search,"{""query"": {""field"": ""title"", ""value"": ""奶龙""}, ""retext"": ""我想看正版奶龙""}",Y,Y,Y,
少儿,250,我想要看恐龙救援队,multi_tab_search,,educ_search,"{""query"": {""field"": ""title"", ""value"": ""恐龙救援队""}, ""retext"": ""我想要看恐龙救援队""}",educ_search,"{""query"": {""field"": ""title"", ""value"": ""恐龙救援队""}, ""retext"": ""我想要看恐龙救援队""}",Y,Y,Y,
少儿,261,我要看免费的父与子,educ_keyword_search,,educ_search,"{""query"": {""and"": [{""field"": ""title"", ""value"": ""父与子""}, {""field"": ""is_fee"", ""value"": 0}]}, ""retext"": ""我要看免费的父与子""}",vod_search,"{""action"": ""search"", ""query"": {""field"": ""is_fee"", ""value"": 0}, ""retext"": ""我要看免费的父与子""}",N,N,N,"action: gold= pred=""search""; query: gold={""and"": [{""field"": ""is_fee"", ""value"": 0}, {""field"": ""title"", ""value"": ""父与子""}]} pred={""field"": ""is_fee"", ""value"": 0}"
少儿,251,我要VIP的小猪佩奇,multi_tab_search,,educ_search,"{""query"": {""and"": [{""field"": ""title"", ""value"": ""小猪佩奇""}, {""field"": ""is_fee"", ""value"": 1}]}, ""retext"": ""我要VIP的小猪佩奇""}",educ_search,"{""query"": {""and"": [{""field"": ""title"", ""value"": ""小猪佩奇""}, {""field"": ""is_fee"", ""value"": 1}]}, ""retext"": ""我要VIP的小猪佩奇""}",Y,Y,Y,
少儿,252,我要看宝宝巴士,multi_tab_search,,educ_search,"{""query"": {""field"": ""title"", ""value"": ""宝宝巴士""}, ""retext"": ""我要看宝宝巴士""}",educ_search,"{""query"": {""field"": ""title"", ""value"": ""宝宝巴士""}, ""retext"": ""我要看宝宝巴士""}",Y,Y,Y,
少儿,271,我昨天看过的少儿视频,educ_history,不合理,educ_history,"{""query"": {""field"": ""time"", ""from"": ""2026-08-23 00:00:00"", ""to"": ""2026-08-23 23:59:59""}}",educ_history,"{""query"": {""field"": ""time"", ""from"": ""2026-08-23 00:00:00"", ""to"": ""2026-08-23 23:59:59""}}",Y,Y,Y,
少儿,272,想看来自未来的机器猫，用口袋里的神奇道具帮大雄解决麻烦的动画片,confirm_vague_search,,educ_fuzzy_search,"{""query"": ""想看来自未来的机器猫，用口袋里的神奇道具帮大雄解决麻烦的动画片""}",educ_fuzzy_search,"{""query"": ""想看来自未来的机器猫，用口袋里的神奇道具帮大雄解决麻烦的动画片""}",Y,Y,Y,
少儿,276,"小时候看过的,有一个宝葫芦的动画片叫什么",confirm_vague_search,,educ_fuzzy_search,"{""query"": ""小时候看过的,有一个宝葫芦的动画片叫什么""}",educ_fuzzy_search,"{""query"": ""小时候看过的,有一个宝葫芦的动画片叫什么""}",Y,Y,Y,
少儿,253,我要看大神侦探诸葛99,multi_tab_search,,educ_search,"{""query"": {""field"": ""title"", ""value"": ""大神探诸葛九九""}, ""retext"": ""我要看大神侦探诸葛99""}",educ_search,"{""query"": {""field"": ""title"", ""value"": ""大神探诸葛九九""}, ""retext"": ""我要看大神侦探诸葛99""}",Y,Y,Y,
少儿,254,我要看哆啦A梦日文版,multi_tab_search,不合理,educ_search,"{""query"": {""and"": [{""field"": ""title"", ""value"": ""哆啦a梦""}, {""field"": ""language"", ""value"": ""日语版""}]}, ""retext"": ""我要看哆啦a梦日语版""}",educ_search,"{""query"": {""and"": [{""field"": ""title"", ""value"": ""哆啦a梦""}, {""field"": ""language"", ""value"": ""日语版""}]}, ""retext"": ""我要看哆啦A梦日文版""}",Y,N,N,"retext: gold=""我要看哆啦a梦日语版"" pred=""我要看哆啦A梦日文版"""
少儿,255,我要看海底小纵队的第3分钟,multi_tab_search,不合理,educ_search,"{""query"": {""field"": ""title"", ""value"": ""海底小纵队""}, ""retext"": ""我要看海底小纵队的第3分钟""}",educ_search,"{""query"": {""field"": ""title"", ""value"": ""海底小纵队""}, ""retext"": ""我要看海底小纵队的第3分钟""}",Y,Y,Y,
少儿,278,辛普森一家中文版,multi_tab_search,不合理,educ_search,"{""query"": {""and"": [{""field"": ""title"", ""value"": ""辛普森一家""}, {""field"": ""language"", ""value"": ""国语版""}]}, ""retext"": ""辛普森一家国语版""}",vod_search_all,"{""action"": ""search"", ""query"": {""field"": ""language"", ""value"": ""普通话""}, ""retext"": ""辛普森一家中文版""}",N,N,N,"action: gold= pred=""search""; query: gold={""and"": [{""field"": ""language"", ""value"": ""国语版""}, {""field"": ""title"", ""value"": ""辛普森一家""}]} pred={""field"": ""language"", ""value"": ""普通话""}; retext: gold=""辛普森一家国语版"" pred=""辛普森一家中文版"""
少儿,260,我要看免费的爆笑虫子动画片,multi_tab_search,,educ_search,"{""query"": {""and"": [{""field"": ""title"", ""value"": ""爆笑虫子""}, {""field"": ""content_type"", ""value"": ""动画""}, {""field"": ""is_fee"", ""value"": 0}]}, ""retext"": ""我要看免费的爆笑虫子动画片""}",educ_search,"{""query"": {""and"": [{""field"": ""title"", ""value"": ""爆笑虫子""}, {""field"": ""content_type"", ""value"": ""动画""}, {""field"": ""is_fee"", ""value"": 0}]}, ""retext"": ""我要看免费的爆笑虫子动画片""}",Y,Y,Y,
少儿,263,我要看派大星秀第一季,multi_tab_search,不合理,educ_search,"{""query"": {""and"": [{""field"": ""title"", ""value"": ""派大星秀""}, {""field"": ""title"", ""value"": ""第一季""}]}, ""retext"": ""我要看派大星秀第一季""}",educ_search,"{""query"": {""and"": [{""field"": ""title"", ""value"": ""派大星秀""}, {""field"": ""title"", ""value"": ""第一季""}]}, ""retext"": ""我要看派大星秀第一季""}",Y,Y,Y,
少儿,262,我要看免费猪猪侠和超级飞侠的视频,multi_tab_search,,educ_search,"{""query"": {""and"": [{""or"": [{""field"": ""role"", ""value"": ""猪猪侠""}, {""field"": ""title"", ""value"": ""猪猪侠""}, {""field"": ""title"", ""value"": ""超级飞侠""}]}, {""field"": ""is_fee"", ""value"": 0}]}, ""retext"": ""我要看免费猪猪侠和超级飞侠的视频""}",educ_search,"{""query"": {""and"": [{""or"": [{""field"": ""role"", ""value"": ""猪猪侠""}, {""field"": ""title"", ""value"": ""猪猪侠""}]}, {""field"": ""is_fee"", ""value"": 0}]}, ""retext"": ""我要看免费猪猪侠和超级飞侠的视频""}",Y,N,N,"query: gold={""and"": [{""field"": ""is_fee"", ""value"": 0}, {""or"": [{""field"": ""role"", ""value"": ""猪猪侠""}, {""field"": ""title"", ""value"": ""猪猪侠""}, {""field"": ""title"", ""value"": ""超级飞侠""}]}]} pred={""and"": [{""field"": ""is_fee"", ""value"": 0}, {""or"": [{""field"": ""role"", ""value"": ""猪猪侠""}, {""field"": ""title"", ""value"": ""猪猪侠""}]}]}"
少儿,282,一周内看过的所有动画,multitab_history,不合理,educ_history,"{""query"": {""field"": ""time"", ""from"": ""2026-08-18 00:00:00"", ""to"": ""2026-08-24 23:59:29""}}",educ_history,"{""query"": {""field"": ""time"", ""from"": ""2026-08-18 00:00:00"", ""to"": ""2026-08-24 23:59:29""}}",Y,Y,Y,
少儿,283,有几只小猪踩泥坑，这是哪个动画片,confirm_vague_search,,educ_fuzzy_search,"{""query"": ""有几只小猪踩泥坑，这是哪个动画片""}",educ_fuzzy_search,"{""query"": ""有几只小猪踩泥坑，这是哪个动画片""}",Y,Y,Y,
少儿,265,我要看鲨鱼一家视频,multi_tab_search,,educ_search,"{""query"": {""field"": ""title"", ""value"": ""鲨鱼一家""}, ""retext"": ""我要看鲨鱼一家视频""}",educ_search,"{""query"": {""field"": ""title"", ""value"": ""鲨鱼一家""}, ""retext"": ""我要看鲨鱼一家视频""}",Y,Y,Y,
少儿,285,有没有两只熊和一个伐木工，天天在森林里搞笑打闹的动画片,confirm_vague_search,,educ_fuzzy_search,"{""query"": ""有没有两只熊和一个伐木工，天天在森林里搞笑打闹的动画片""}",educ_fuzzy_search,"{""query"": ""有没有两只熊和一个伐木工，天天在森林里搞笑打闹的动画片""}",Y,Y,Y,
少儿,266,我要看所有非人哉,multi_tab_search,,educ_search,"{""query"": {""field"": ""title"", ""value"": ""非人哉""}, ""retext"": ""我要看所有非人哉""}",educ_search,"{""query"": {""field"": ""title"", ""value"": ""非人哉""}, ""retext"": ""我要看所有非人哉""}",Y,Y,Y,
少儿,267,我要看土豆逗严肃科普,multi_tab_search,,educ_search,"{""query"": {""field"": ""title"", ""value"": ""土豆逗严肃科普""}, ""retext"": ""我要看土豆逗严肃科普""}",educ_search,"{""query"": {""field"": ""title"", ""value"": ""土豆逗严肃科普""}, ""retext"": ""我要看土豆逗严肃科普""}",Y,Y,Y,
少儿,268,我要看兔子警官第2季,multi_tab_search,不合理,educ_search,"{""query"": {""and"": [{""or"": [{""field"": ""role"", ""value"": ""兔子警官""}, {""field"": ""title"", ""value"": ""兔子警官""}]}, {""field"": ""title"", ""value"": ""第2季""}]}, ""retext"": ""我要看兔子警官第2季""}",educ_search,"{""query"": {""and"": [{""or"": [{""field"": ""role"", ""value"": ""兔子警官""}, {""field"": ""title"", ""value"": ""兔子警官""}]}, {""field"": ""title"", ""value"": ""第2季""}]}, ""retext"": ""我要看兔子警官第2季""}",Y,Y,Y,
少儿,269,我要看小丸子,multi_tab_search,,educ_search,"{""query"": {""or"": [{""field"": ""role"", ""value"": ""小丸子""}, {""field"": ""title"", ""value"": ""小丸子""}]}, ""retext"": ""我要看小丸子""}",educ_search,"{""query"": {""or"": [{""field"": ""role"", ""value"": ""小丸子""}, {""field"": ""title"", ""value"": ""小丸子""}]}, ""retext"": ""我要看小丸子""}",Y,Y,Y,
少儿,287,有没有描写友情互助的动画作品,confirm_vague_search,存疑,educ_fuzzy_search,"{""query"": ""有没有描写友情互助的动画作品""}",educ_fuzzy_search,"{""query"": ""有没有描写友情互助的动画作品""}",Y,Y,Y,
少儿,270,我要看樱桃小丸子日语版,multi_tab_search,不合理,educ_search,"{""query"": {""and"": [{""field"": ""title"", ""value"": ""樱桃小丸子""}, {""field"": ""language"", ""value"": ""日语版""}]}, ""retext"": ""我要看樱桃小丸子日语版""}",educ_search,"{""query"": {""and"": [{""field"": ""title"", ""value"": ""樱桃小丸子""}, {""field"": ""language"", ""value"": ""日语版""}]}, ""retext"": ""我要看樱桃小丸子日语版""}",Y,Y,Y,
少儿,273,小聚小聚打开免费的动画片,multi_tab_search,,educ_search,"{""query"": {""and"": [{""field"": ""content_type"", ""value"": ""动画""}, {""field"": ""is_fee"", ""value"": 0}]}, ""retext"": ""小聚小聚打开免费的动画片""}",educ_search,"{""query"": {""and"": [{""field"": ""content_type"", ""value"": ""动画""}, {""field"": ""is_fee"", ""value"": 0}]}, ""retext"": ""小聚小聚打开免费的动画片""}",Y,Y,Y,
少儿,289,有没有亲子温情的动画视频,confirm_vague_search,,educ_fuzzy_search,"{""query"": ""有没有亲子温情的动画视频""}",educ_fuzzy_search,"{""query"": ""有没有亲子温情的动画视频""}",Y,Y,Y,
少儿,274,小聚小聚放一个亚刻奥特曼,multi_tab_search,,educ_search,"{""query"": {""field"": ""title"", ""value"": ""亚刻奥特曼""}, ""retext"": ""小聚小聚放一个亚刻奥特曼""}",educ_search,"{""query"": {""field"": ""title"", ""value"": ""亚刻奥特曼""}, ""retext"": ""小聚小聚放一个亚刻奥特曼""}",Y,Y,Y,
少儿,280,英语动画,multi_tab_search,不合理,educ_search,"{""query"": {""and"": [{""field"": ""content_type"", ""value"": ""动画""}, {""or"": [{""field"": ""language"", ""value"": ""英语""}, {""field"": ""children_second_genre"", ""value"": ""英语""}]}]}, ""retext"": ""英语动画""}",educ_search,"{""query"": {""and"": [{""or"": [{""field"": ""language"", ""value"": ""英语""}, {""field"": ""children_second_genre"", ""value"": ""英语""}]}, {""field"": ""content_type"", ""value"": ""动画""}]}, ""retext"": ""英语动画""}",Y,Y,Y,
少儿,293,有哪些绘本适合情绪管理？,educ_keyword_search,,educ_search_all,,educ_search_all,"{""retext"": ""有哪些绘本适合情绪管理？""}",Y,Y,Y,
少儿,281,英语启蒙动画片,multi_tab_search,,educ_search_all,"{""query"": {""and"": [{""field"": ""training_objectives"", ""value"": ""英语启蒙""}, {""field"": ""content_type"", ""value"": ""动画""}]}, ""retext"": ""英语启蒙动画片""}",educ_search_all,"{""query"": {""and"": [{""field"": ""training_objectives"", ""value"": ""英语启蒙""}, {""field"": ""content_type"", ""value"": ""动画""}]}, ""retext"": ""英语启蒙动画片""}",Y,Y,Y,
少儿,275,小聚小聚我要看萌鸡小队第6集,multi_tab_search,不合理,educ_search,"{""query"": {""field"": ""title"", ""value"": ""萌鸡小队""}, ""retext"": ""小聚小聚我要看萌鸡小队第6集""}",educ_search,"{""query"": {""field"": ""title"", ""value"": ""萌鸡小队""}, ""retext"": ""小聚小聚我要看萌鸡小队第6集""}",Y,Y,Y,
少儿,277,小猪佩奇第6集播放,multi_tab_search,不合理,educ_search,"{""query"": {""field"": ""title"", ""value"": ""小猪佩奇""}, ""retext"": ""小猪佩奇第6集播放""}",educ_search,"{""query"": {""field"": ""title"", ""value"": ""小猪佩奇""}, ""retext"": ""小猪佩奇第6集播放""}",Y,Y,Y,
少儿,292,有没有像小猪佩奇那样语速慢的英文动画,educ_relate_recommend,,educ_relate_recommend,"{""query"": {""and"": [{""field"": ""title"", ""value"": ""小猪佩奇""}, {""field"": ""content_type"", ""value"": ""动画""}, {""field"": ""language"", ""value"": ""英文""}]}}",educ_relate_recommend,"{""query"": {""and"": [{""field"": ""title"", ""value"": ""小猪佩奇""}, {""field"": ""content_type"", ""value"": ""动画""}, {""field"": ""language"", ""value"": ""英文""}]}}",Y,Y,Y,
少儿,279,演免费的小小工程车,multi_tab_search,,educ_search,"{""query"": {""and"": [{""field"": ""title"", ""value"": ""小小工程车""}, {""field"": ""is_fee"", ""value"": 0}]}, ""retext"": ""演免费的小小工程车""}",educ_search,"{""query"": {""and"": [{""field"": ""title"", ""value"": ""小小工程车""}, {""field"": ""is_fee"", ""value"": 0}]}, ""retext"": ""演免费的小小工程车""}",Y,Y,Y,
少儿,286,有没有美国的 3D 动画电影,multi_tab_search,,educ_search_all,"{""query"": {""and"": [{""field"": ""country"", ""value"": ""美国""}, {""field"": ""children_second_genre"", ""value"": ""动画电影""}]}, ""retext"": ""有没有美国的 3D 动画电影""}",educ_search_all,"{""query"": {""and"": [{""field"": ""country"", ""value"": ""美国""}, {""field"": ""children_second_genre"", ""value"": ""动画电影""}]}, ""retext"": ""有没有美国的 3D 动画电影""}",Y,Y,Y,
少儿,288,有没有欧美动漫,multi_tab_search,,educ_search_all,"{""query"": {""and"": [{""field"": ""country"", ""value"": ""欧美""}, {""field"": ""children_second_genre"", ""value"": ""动漫""}]}, ""retext"": ""有没有欧美动漫""}",educ_search_all,"{""query"": {""and"": [{""field"": ""country"", ""value"": ""欧美""}, {""field"": ""children_second_genre"", ""value"": ""动漫""}]}, ""retext"": ""有没有欧美动漫""}",Y,Y,Y,
少儿,302,找符合孩子爱好的少儿启蒙内容推荐给我,educ_vague_search_personalized_recommend,,educ_fuzzy_search,"{""query"": ""找符合孩子爱好的少儿启蒙内容推荐给我""}",educ_fuzzy_search,"{""query"": ""找符合孩子爱好的少儿启蒙内容推荐给我""}",Y,Y,Y,
少儿,303,找几部精准我的喜好的少儿作品,educ_vague_search_personalized_recommend,,educ_fuzzy_search,"{""query"": ""找几部精准我的喜好的少儿作品""}",educ_fuzzy_search,"{""query"": ""找几部精准我的喜好的少儿作品""}",Y,Y,Y,
少儿,291,有没有苏菲亚快乐生活的内容,educ_keyword_search,,educ_search,"{""query"": {""field"": ""title"", ""value"": ""苏菲亚快乐生活""}, ""retext"": ""有没有苏菲亚快乐生活的内容""}",educ_search,"{""query"": {""field"": ""title"", ""value"": ""苏菲亚快乐生活""}, ""retext"": ""有没有苏菲亚快乐生活的内容""}",Y,Y,Y,
少儿,284,有没有超能一家人幕后花絮,multi_tab_search,不合理,educ_search,"{""query"": {""field"": ""title"", ""value"": ""超能一家人""}, ""retext"": ""有没有超能一家人幕后花絮""}",vod_fuzzy_search,"{""query"": ""有没有超能一家人幕后花絮""}",N,N,N,"query: gold={""field"": ""title"", ""value"": ""超能一家人""} pred=""有没有超能一家人幕后花絮""; retext: gold=""有没有超能一家人幕后花絮"" pred="
少儿,305,找兔子警官和狐狸一起在动物城市里查案，打破大家偏见的动画片,confirm_vague_search,,educ_fuzzy_search,"{""query"": ""找兔子警官和狐狸一起在动物城市里查案，打破大家偏见的动画片""}",educ_fuzzy_search,"{""query"": ""找兔子警官和狐狸一起在动物城市里查案，打破大家偏见的动画片""}",Y,Y,Y,
少儿,290,有没有什么好看的动漫,multi_tab_search,,educ_search,"{""query"": {""field"": ""children_second_genre"", ""value"": ""动漫""}, ""retext"": ""有没有什么好看的动漫""}",educ_search,"{""query"": {""field"": ""children_second_genre"", ""value"": ""动漫""}, ""retext"": ""有没有什么好看的动漫""}",Y,Y,Y,
少儿,296,在哔哩哔哩里面看开心锤锤,multi_tab_search,,educ_search,"{""query"": {""field"": ""title"", ""value"": ""开心锤锤""}, ""retext"": ""在哔哩哔哩里面看开心锤锤""}",educ_search,"{""query"": {""field"": ""title"", ""value"": ""开心锤锤""}, ""retext"": ""在哔哩哔哩里面看开心锤锤""}",Y,Y,Y,
少儿,307,这句台词“在学校里总能遇到新鲜事！”是哪个动画片的,confirm_vague_search,,educ_fuzzy_search,"{""query"": ""这句台词“在学校里总能遇到新鲜事！”是哪个动画片的""}",educ_fuzzy_search,"{""query"": ""这句台词“在学校里总能遇到新鲜事！”是哪个动画片的""}",Y,Y,Y,
少儿,294,有什么推荐的动漫,multi_tab_search,,educ_search,"{""query"": {""field"": ""children_second_genre"", ""value"": ""动漫""}, ""retext"": ""有什么推荐的动漫""}",educ_search,"{""query"": {""field"": ""children_second_genre"", ""value"": ""动漫""}, ""retext"": ""有什么推荐的动漫""}",Y,Y,Y,
少儿,297,在哔哩哔哩里面看开心锤锤,multi_tab_search,,educ_search,"{""query"": {""field"": ""title"", ""value"": ""开心锤锤""}, ""retext"": ""在哔哩哔哩里面看开心锤锤""}",educ_search,"{""query"": {""field"": ""title"", ""value"": ""开心锤锤""}, ""retext"": ""在哔哩哔哩里面看开心锤锤""}",Y,Y,Y,
少儿,313,“变身！小小科学家”的动画片,confirm_vague_search,,educ_fuzzy_search,"{""query"": ""“变身！小小科学家”的动画片""}",educ_fuzzy_search,"{""query"": ""“变身！小小科学家”的动画片""}",Y,Y,Y,
少儿,301,找到免费阿奇幼幼园动画片免费的,multi_tab_search,,educ_search,"{""query"": {""and"": [{""field"": ""title"", ""value"": ""阿奇幼幼园""}, {""field"": ""content_type"", ""value"": ""动画""}, {""field"": ""is_fee"", ""value"": 0}]}, ""retext"": ""找到免费阿奇幼幼园动画片免费的""}",educ_search,"{""query"": {""and"": [{""field"": ""title"", ""value"": ""阿奇幼幼园""}, {""field"": ""content_type"", ""value"": ""动画""}, {""field"": ""is_fee"", ""value"": 0}]}, ""retext"": ""找到免费阿奇幼幼园动画片免费的""}",Y,Y,Y,
少儿,315,“大卫，你太淘气了！”是哪个绘本的台词,educ_vague_search,,educ_fuzzy_search,"{""query"": ""“大卫，你太淘气了！”是哪个绘本的台词""}",educ_fuzzy_search,"{""query"": ""“大卫，你太淘气了！”是哪个绘本的台词""}",Y,Y,Y,
少儿,314,“超级飞侠，出发！”的动画电影,confirm_vague_search,,educ_fuzzy_search,"{""query"": ""“超级飞侠，出发！”的动画电影""}",educ_fuzzy_search,"{""query"": ""“超级飞侠，出发！”的动画电影""}",Y,Y,Y,
少儿,298,早教启蒙,educ_keyword_search,,educ_search,"{""query"": {""field"": ""children_second_genre"", ""value"": ""早教""}, ""retext"": ""早教启蒙""}",educ_search,"{""query"": {""field"": ""children_second_genre"", ""value"": ""早教""}, ""retext"": ""早教启蒙""}",Y,Y,Y,
少儿,316,“海底报告，海底报告”是哪部动画,confirm_vague_search,,educ_fuzzy_search,"{""query"": ""“海底报告，海底报告”是哪部动画""}",educ_fuzzy_search,"{""query"": ""“海底报告，海底报告”是哪部动画""}",Y,Y,Y,
少儿,299,咱们裸熊第二季,multi_tab_search,不合理,educ_search,"{""query"": {""and"": [{""field"": ""title"", ""value"": ""咱们裸熊""}, {""field"": ""title"", ""value"": ""第二季""}]}, ""retext"": ""咱们裸熊第二季""}",educ_search,"{""query"": {""and"": [{""field"": ""title"", ""value"": ""咱们裸熊""}, {""field"": ""title"", ""value"": ""第二季""}]}, ""retext"": ""咱们裸熊第二季""}",Y,Y,Y,
少儿,320,“真相只有一个！”是哪部动漫的经典台词,confirm_vague_search,,educ_fuzzy_search,"{""query"": ""“真相只有一个！”是哪部动漫的经典台词""}",educ_fuzzy_search,"{""query"": ""“真相只有一个！”是哪部动漫的经典台词""}",Y,Y,Y,
少儿,317,“你的愿望就是我的命令。”的绘本是哪个,educ_vague_search,,educ_fuzzy_search,"{""query"": ""“你的愿望就是我的命令。”的绘本是哪个""}",educ_fuzzy_search,"{""query"": ""“你的愿望就是我的命令。”的绘本是哪个""}",Y,Y,Y,
少儿,318,“我是乐迪！每时每刻，准时送达！”的动画片是哪个,confirm_vague_search,,educ_fuzzy_search,"{""query"": ""“我是乐迪！每时每刻，准时送达！”的动画片是哪个""}",educ_fuzzy_search,"{""query"": ""“我是乐迪！每时每刻，准时送达！”的动画片是哪个""}",Y,Y,Y,
少儿,295,云视听小电视最火的动漫,multi_tab_search,,educ_search,"{""query"": {""field"": ""children_second_genre"", ""value"": ""动漫""}, ""retext"": ""云视听小电视最火的动漫""}",educ_search,"{""query"": {""field"": ""children_second_genre"", ""value"": ""动漫""}, ""retext"": ""云视听小电视最火的动漫""}",Y,Y,Y,
少儿,319,“我是佩奇，这是我的弟弟乔治” 来自哪部动画,confirm_vague_search,,educ_fuzzy_search,"{""query"": ""“我是佩奇，这是我的弟弟乔治” 来自哪部动画""}",educ_fuzzy_search,"{""query"": ""“我是佩奇，这是我的弟弟乔治” 来自哪部动画""}",Y,Y,Y,
少儿,321,“知识就是力量”是哪个绘本里的,confirm_vague_search,,educ_fuzzy_search,"{""query"": ""“知识就是力量”是哪个绘本里的""}",educ_fuzzy_search,"{""query"": ""“知识就是力量”是哪个绘本里的""}",Y,Y,Y,
少儿,304,找机甲主题的卡通给孩子看,multi_tab_search,,educ_search,"{""query"": {""and"": [{""field"": ""children_third_genre"", ""value"": ""机甲""}, {""field"": ""content_type"", ""value"": ""卡通""}]}, ""retext"": ""找机甲主题的卡通给孩子看""}",educ_search,"{""query"": {""and"": [{""field"": ""content_type"", ""value"": ""卡通""}, {""field"": ""children_third_genre"", ""value"": ""机甲""}]}, ""retext"": ""找机甲主题的卡通给孩子看""}",Y,Y,Y,
少儿,300,找当前最火几部动漫电影,multi_tab_search,不合理,educ_search,"{""query"": {""and"": [{""field"": ""children_second_genre"", ""value"": ""电影""}, {""field"": ""children_second_genre"", ""value"": ""动漫""}]}, ""retext"": ""找当前最火几部动漫电影""}",educ_search,"{""query"": {""and"": [{""field"": ""children_second_genre"", ""value"": ""动漫""}, {""field"": ""children_second_genre"", ""value"": ""电影""}]}, ""retext"": ""找当前最火几部动漫电影""}",Y,Y,Y,
少儿,306,找一些日本的悬疑推理动漫,multi_tab_search,,educ_search_all,"{""query"": {""and"": [{""field"": ""children_third_genre"", ""value"": ""推理""}, {""field"": ""children_third_genre"", ""value"": ""悬疑""}, {""field"": ""country"", ""value"": ""日本""}, {""field"": ""children_second_genre"", ""value"": ""动漫""}]}, ""retext"": ""找一些日本的悬疑推理动漫""}",educ_search_all,"{""query"": {""and"": [{""field"": ""country"", ""value"": ""日本""}, {""field"": ""children_second_genre"", ""value"": ""动漫""}, {""field"": ""children_third_genre"", ""value"": ""推理""}, {""field"": ""children_third_genre"", ""value"": ""悬疑""}]}, ""retext"": ""找一些日本的悬疑推理动漫""}",Y,Y,Y,
少儿,308,直接播放炫卡斗士,multi_tab_search,,educ_search,"{""query"": {""field"": ""title"", ""value"": ""炫卡斗士""}, ""retext"": ""直接播放炫卡斗士""}",educ_search,"{""query"": {""field"": ""title"", ""value"": ""炫卡斗士""}, ""retext"": ""直接播放炫卡斗士""}",Y,Y,Y,
少儿,309,玄机动画出品的动漫,multi_tab_search,,educ_search_all,"{""query"": {""and"": [{""field"": ""company"", ""value"": ""玄机动画""}, {""field"": ""children_second_genre"", ""value"": ""动漫""}]}, ""retext"": ""玄机动画出品的动漫""}",educ_search_all,"{""query"": {""and"": [{""field"": ""company"", ""value"": ""玄机动画""}, {""field"": ""children_second_genre"", ""value"": ""动漫""}]}, ""retext"": ""玄机动画出品的动漫""}",Y,Y,Y,
少儿,311,最近很火的动画,multi_tab_search,不合理,educ_search,"{""query"": {""field"": ""content_type"", ""value"": ""动画""}, ""retext"": ""最近很火的动画""}",educ_search,"{""query"": {""field"": ""content_type"", ""value"": ""动画""}, ""retext"": ""最近很火的动画""}",Y,Y,Y,
少儿,312,最近几年国产动画电影,multi_tab_search,,educ_search_all,"{""query"": {""and"": [{""field"": ""country"", ""value"": ""中国""}, {""field"": ""release_time"", ""from"": ""20240101"", ""to"": ""20261231""}, {""field"": ""children_second_genre"", ""value"": ""动画电影""}]}, ""retext"": ""最近几年国产动画电影""}",educ_search_all,"{""query"": {""and"": [{""field"": ""release_time"", ""from"": ""20240101"", ""to"": ""20261231""}, {""field"": ""country"", ""value"": ""中国""}, {""field"": ""children_second_genre"", ""value"": ""动画电影""}]}, ""retext"": ""最近几年国产动画电影""}",Y,Y,Y,
少儿,310,中央14台的动画片,multi_tab_search,,educ_search,"{""query"": {""field"": ""content_type"", ""value"": ""动画""}, ""retext"": ""中央14台的动画片""}",educ_search,"{""query"": {""field"": ""content_type"", ""value"": ""动画""}, ""retext"": ""中央14台的动画片""}",Y,Y,Y,
少儿,324,给我放一下读绘本,,,educ_search,"{""query"": {""field"": ""children_second_genre"", ""value"": ""绘本""}, ""retext"": ""给我放一下读绘本""}",educ_search,"{""query"": {""field"": ""children_second_genre"", ""value"": ""绘本""}, ""retext"": ""给我放一下读绘本""}",Y,Y,Y,
少儿,323,大卫不可以的绘本,,,educ_search,"{""query"": {""and"": [{""field"": ""title"", ""value"": ""大卫不可以""}, {""field"": ""children_second_genre"", ""value"": ""绘本""}]}, ""retext"": ""大卫不可以的绘本""}",educ_search,"{""query"": {""and"": [{""field"": ""title"", ""value"": ""大卫不可以""}, {""field"": ""children_second_genre"", ""value"": ""绘本""}]}, ""retext"": ""大卫不可以的绘本""}",Y,Y,Y,
少儿,322,9到10岁的免费绘本,,不合理,educ_search,"{""query"": {""and"": [{""field"": ""children_second_genre"", ""value"": ""绘本""}, {""field"": ""age_range"", ""from"": 9, ""to"": 10}, {""field"": ""is_fee"", ""value"": 0}]}, ""retext"": ""9到10岁的免费绘本""}",educ_search,"{""query"": {""and"": [{""field"": ""children_second_genre"", ""value"": ""绘本""}, {""field"": ""age_range"", ""from"": 9, ""to"": 10}, {""field"": ""is_fee"", ""value"": 0}]}, ""retext"": ""9到10岁的免费绘本""}",Y,Y,Y,
少儿,325,播放大卫惹麻烦,,,educ_search,"{""query"": {""field"": ""title"", ""value"": ""大卫惹麻烦""}, ""retext"": ""播放大卫惹麻烦""}",educ_search,"{""query"": {""field"": ""title"", ""value"": ""大卫惹麻烦""}, ""retext"": ""播放大卫惹麻烦""}",Y,Y,Y,
少儿,326,给我讲丑小鸭的故事,,,educ_search,"{""query"": {""and"": [{""field"": ""title"", ""value"": ""丑小鸭""}, {""field"": ""children_second_genre"", ""value"": ""故事""}]}, ""retext"": ""给我讲丑小鸭的故事""}",educ_search,"{""query"": {""and"": [{""field"": ""title"", ""value"": ""丑小鸭""}, {""field"": ""children_second_genre"", ""value"": ""故事""}]}, ""retext"": ""给我讲丑小鸭的故事""}",Y,Y,Y,
少儿,327,直接播放成语故事免费,,,educ_search,"{""query"": {""and"": [{""field"": ""title"", ""value"": ""成语故事""}, {""field"": ""is_fee"", ""value"": 0}]}, ""retext"": ""直接播放成语故事免费""}",educ_search,"{""query"": {""and"": [{""field"": ""title"", ""value"": ""成语故事""}, {""field"": ""is_fee"", ""value"": 0}]}, ""retext"": ""直接播放成语故事免费""}",Y,Y,Y,
少儿,328,找一下科普海洋知识的儿童绘本,,不合理,educ_search,"{""query"": {""and"": [{""field"": ""title"", ""value"": ""海洋知识""}, {""field"": ""children_second_genre"", ""value"": ""科普""}, {""field"": ""children_second_genre"", ""value"": ""绘本""}]}, ""retext"": ""搜索科普海洋知识的儿童绘本""}",educ_search,"{""query"": {""and"": [{""field"": ""title"", ""value"": ""海洋知识""}, {""field"": ""children_second_genre"", ""value"": ""科普""}, {""field"": ""children_second_genre"", ""value"": ""绘本""}]}, ""retext"": ""找一下科普海洋知识的儿童绘本""}",Y,N,N,"retext: gold=""搜索科普海洋知识的儿童绘本"" pred=""找一下科普海洋知识的儿童绘本"""
