组数,业务,轮次,query,pred_tool,pred_params,retext,hit_source,latency_ms,status,error
1,影视,第1轮,有什么谍战剧,vod_search,"{""action"": ""search"", ""query"": {""and"": [{""field"": ""category"", ""value"": ""电视剧""}, {""field"": ""tag"", ""value"": ""谍战""}]}, ""retext"": ""有什么谍战剧""}",有什么谍战剧,fallback,16312.2,OK,
1,影视,第2轮,大家都在看的,vod_personalized_search,"{""retext"": ""大家都在看的""}",大家都在看的,llm_onecall,15602.5,OK,
1,影视,第3轮,免费的有吗,vod_search,"{""action"": ""search"", ""query"": {""and"": [{""field"": ""category"", ""value"": ""电视剧""}, {""field"": ""tag"", ""value"": ""谍战""}, {""field"": ""is_fee"", ""value"": ""0""}]}, ""retext"": ""有什么免费的谍战剧""}",有什么免费的谍战剧,llm_onecall,15146.2,OK,
1,影视,第4轮,能免费看的,vod_search,"{""action"": ""search"", ""query"": {""and"": [{""field"": ""category"", ""value"": ""电视剧""}, {""field"": ""tag"", ""value"": ""谍战""}, {""field"": ""is_fee"", ""value"": ""0""}]}, ""retext"": ""有什么免费的谍战剧""}",有什么免费的谍战剧,llm_onecall,18366.1,OK,
1,影视,第5轮,要近三年拍的,vod_search,"{""action"": ""search"", ""query"": {""and"": [{""field"": ""category"", ""value"": ""电视剧""}, {""field"": ""tag"", ""value"": ""谍战""}, {""field"": ""is_fee"", ""value"": ""0""}, {""field"": ""release_time"", ""from"": ""20220812"", ""to"": ""20250812""}]}, ""retext"": ""有什么近三年拍的免费谍战剧""}",有什么近三年拍的免费谍战剧,llm_onecall,15027.2,OK,
10,影视,第1轮,好看的韩剧,vod_search_all,"{""action"": ""search"", ""query"": {""and"": [{""field"": ""area"", ""value"": ""韩国""}, {""field"": ""category"", ""value"": ""电视剧""}]}, ""retext"": ""好看的韩剧"", ""sort"": {""hot"": {""order"": ""desc""}}}",好看的韩剧,llm_onecall,14415.2,OK,
10,影视,第2轮,不用追更的,vod_search_all,"{""action"": ""search"", ""query"": {""and"": [{""field"": ""area"", ""value"": ""韩国""}, {""field"": ""category"", ""value"": ""电视剧""}, {""field"": ""is_over"", ""value"": ""1""}]}, ""retext"": ""不用追更的韩剧""}",不用追更的韩剧,llm_onecall,16883.2,OK,
10,影视,第3轮,高分的有没有,vod_search_all,"{""action"": ""search"", ""query"": {""and"": [{""field"": ""area"", ""value"": ""韩国""}, {""field"": ""is_over"", ""value"": ""1""}]}, ""retext"": ""高分的不用追更的韩剧"", ""sort"": {""rate"": {""order"": ""desc""}}}",高分的不用追更的韩剧,llm_onecall,15230.5,OK,
10,影视,第4轮,已完结的,vod_search_all,"{""action"": ""search"", ""query"": {""and"": [{""field"": ""area"", ""value"": ""韩国""}, {""field"": ""is_over"", ""value"": ""1""}]}, ""retext"": ""高分的不用追更的已完结韩剧"", ""sort"": {""rate"": {""order"": ""desc""}}}",高分的不用追更的已完结韩剧,llm_onecall,14559.4,OK,
10,影视,第5轮,豆瓣8分以上的,vod_search,"{""action"": ""search"", ""query"": {""field"": ""rate"", ""from"": ""8.0"", ""to"": ""*""}, ""retext"": ""豆瓣8分以上的""}",豆瓣8分以上的,llm_onecall,13670.6,OK,
100,影视,第1轮,最近想看找杨紫演的电视剧,vod_search,"{""action"": ""search"", ""query"": {""and"": [{""field"": ""actor"", ""value"": ""杨紫""}, {""field"": ""category"", ""value"": ""电视剧""}]}, ""retext"": ""最近想看找杨紫演的电视剧"", ""sort"": {""new"": {""order"": ""desc""}}}",最近想看找杨紫演的电视剧,llm_onecall,16406.7,OK,
100,影视,第2轮,票房高一些的,vod_fuzzy_search,"{""retext"": ""最近想看找杨紫演的电视剧票房高一些的""}",最近想看找杨紫演的电视剧票房高一些的,llm_onecall,16856.5,OK,
100,影视,第3轮,评分高一些的,vod_fuzzy_search,"{""retext"": ""最近想看找杨紫演的电视剧票房高一些的评分高一些的""}",最近想看找杨紫演的电视剧票房高一些的评分高一些的,llm_onecall,17136.0,OK,
100,影视,第4轮,最新的有没有,vod_fuzzy_search,"{""retext"": ""最近想看找杨紫演的电视剧票房高一些的评分高一些的最新的有没有""}",最近想看找杨紫演的电视剧票房高一些的评分高一些的最新的有没有,llm_onecall,18047.5,OK,
100,影视,第5轮,新歌的那种,music_song_search,"{""retext"": ""新歌的那种"", ""toplist"": [""新歌""]}",新歌的那种,llm_onecall,15032.1,OK,
1000,体育,第1轮,《流浪地球》讲的什么,fan_knowledge_agent,"{""messages"": [{""content"": ""《流浪地球》讲的什么"", ""role"": ""user""}], ""riskRespStrategy"": ""all_replace"", ""sceneTypeIntentList"": [{""sceneType"": ""knowledge_qa""}]}",《流浪地球》讲的什么,general_rule,13963.7,OK,
1000,体育,第2轮,导演是谁,fan_knowledge_agent,"{""messages"": [{""content"": ""《流浪地球》的导演是谁"", ""role"": ""user""}], ""riskRespStrategy"": ""all_replace"", ""sceneTypeIntentList"": [{""sceneType"": ""video""}]}",《流浪地球》的导演是谁,general_rule,16281.7,OK,
1000,体育,第3轮,票房多少,fan_knowledge_agent,"{""messages"": [{""content"": ""《流浪地球》票房多少"", ""role"": ""user""}], ""riskRespStrategy"": ""all_replace"", ""sceneTypeIntentList"": [{""sceneType"": ""knowledge_qa""}]}",《流浪地球》票房多少,general_rule,15401.7,OK,
1000,体育,第4轮,有续集吗,fan_knowledge_agent,"{""messages"": [{""content"": ""《流浪地球》有续集吗"", ""role"": ""user""}], ""riskRespStrategy"": ""all_replace"", ""sceneTypeIntentList"": [{""sceneType"": ""knowledge_qa""}]}",《流浪地球》有续集吗,general_rule,18096.0,OK,
1000,体育,第5轮,和原著差别大吗,fan_knowledge_agent,"{""messages"": [{""content"": ""《流浪地球》和原著差别大吗"", ""role"": ""user""}], ""riskRespStrategy"": ""all_replace"", ""sceneTypeIntentList"": [{""sceneType"": ""knowledge_qa""}]}",《流浪地球》和原著差别大吗,general_rule,15286.6,OK,
101,影视,第1轮,放谍战剧,vod_search,"{""action"": ""play"", ""query"": {""field"": ""tag"", ""value"": ""谍战""}, ""retext"": ""放谍战剧"", ""sort"": {""hot"": {""order"": ""desc""}}}",放谍战剧,llm_onecall,16165.9,OK,
101,影视,第2轮,近三年的有吗,vod_search,"{""action"": ""play"", ""query"": {""and"": [{""field"": ""category"", ""value"": ""电视剧""}, {""field"": ""tag"", ""value"": ""谍战""}, {""field"": ""release_time"", ""from"": ""20220814"", ""to"": ""20250814""}]}, ""retext"": ""放近三年的谍战剧""}",放近三年的谍战剧,llm_onecall,17441.4,OK,
101,影视,第3轮,能免费看的,vod_search,"{""action"": ""search"", ""query"": {""and"": [{""field"": ""category"", ""value"": ""电视剧""}, {""field"": ""tag"", ""value"": ""谍战""}, {""field"": ""is_fee"", ""value"": ""0""}, {""field"": ""release_time"", ""from"": ""20220814"", ""to"": ""20250814""}]}, ""retext"": ""能免费看的近三年的谍战剧""}",能免费看的近三年的谍战剧,llm_onecall,18642.5,OK,
101,影视,第4轮,播放量高点的,vod_search,"{""action"": ""play"", ""query"": {""and"": [{""field"": ""tag"", ""value"": ""谍战""}, {""field"": ""is_fee"", ""value"": ""0""}, {""field"": ""release_time"", ""from"": ""20220101"", ""to"": ""20241231""}]}, ""retext"": ""播放能免费看的近三年的谍战剧中播放量高点的"", ""sort"": {""play"": {""order"": ""desc""}}}",播放能免费看的近三年的谍战剧中播放量高点的,llm_onecall,18008.8,OK,
101,影视,第5轮,免费的有吗,vod_search,"{""action"": ""search"", ""query"": {""field"": ""is_fee"", ""value"": ""0""}, ""retext"": ""免费的有吗""}",免费的有吗,llm_onecall,13149.7,OK,
102,影视,第1轮,推荐些灾难片,vod_search,"{""action"": ""search"", ""query"": {""and"": [{""field"": ""category"", ""value"": ""电影""}, {""field"": ""tag"", ""value"": ""灾难""}]}, ""retext"": ""推荐些灾难片""}",推荐些灾难片,llm_onecall,16278.8,OK,
102,影视,第2轮,国外的,vod_search_all,"{""action"": ""search"", ""query"": {""and"": [{""field"": ""area"", ""value"": ""国外""}, {""field"": ""category"", ""value"": ""电影""}, {""field"": ""tag"", ""value"": ""灾难""}]}, ""retext"": ""推荐国外的灾难片""}",推荐国外的灾难片,llm_onecall,17115.1,OK,
102,影视,第3轮,近五年上映的,fan_knowledge_agent,"{""messages"": [{""content"": ""推荐近五年上映的国外灾难片"", ""role"": ""user""}], ""riskRespStrategy"": ""all_replace"", ""sceneTypeIntentList"": [{""sceneType"": ""knowledge_qa""}]}",推荐近五年上映的国外灾难片,general_rule,20306.1,OK,
102,影视,第4轮,近五年的有吗,fan_knowledge_agent,"{""messages"": [{""content"": ""近五年上映的国外灾难片"", ""role"": ""user""}], ""riskRespStrategy"": ""all_replace"", ""sceneTypeIntentList"": [{""sceneType"": ""knowledge_qa""}]}",近五年上映的国外灾难片,general_rule,24626.5,OK,
102,影视,第5轮,特效震撼的,fan_knowledge_agent,"{""messages"": [{""content"": ""推荐特效震撼的近五年上映的国外灾难片"", ""role"": ""user""}], ""riskRespStrategy"": ""all_replace"", ""sceneTypeIntentList"": [{""sceneType"": ""knowledge_qa""}]}",推荐特效震撼的近五年上映的国外灾难片,general_rule,20687.6,OK,
103,影视,第1轮,有没有好看的职场剧,vod_search,"{""action"": ""search"", ""query"": {""and"": [{""field"": ""category"", ""value"": ""电视剧""}, {""field"": ""tag"", ""value"": ""职场""}]}, ""retext"": ""有没有好看的职场剧"", ""sort"": {""hot"": {""order"": ""desc""}}}",有没有好看的职场剧,llm_onecall,16648.6,OK,
103,影视,第2轮,要是国产的吗,vod_search_all,"{""action"": ""search"", ""query"": {""and"": [{""field"": ""area"", ""value"": ""国产""}, {""field"": ""category"", ""value"": ""电视剧""}, {""field"": ""tag"", ""value"": ""职场""}]}, ""retext"": ""有没有好看的国产职场剧"", ""sort"": {""hot"": {""order"": ""desc""}}}",有没有好看的国产职场剧,llm_onecall,17265.2,OK,
103,影视,第3轮,要集数别太长,vod_search_all,"{""action"": ""search"", ""query"": {""and"": [{""field"": ""area"", ""value"": ""国产""}, {""field"": ""category"", ""value"": ""电视剧""}, {""field"": ""tag"", ""value"": ""职场""}]}, ""retext"": ""有没有好看的国产职场剧要集数别太长"", ""sort"": {""hot"": {""order"": ""desc""}}}",有没有好看的国产职场剧要集数别太长,llm_onecall,17553.2,OK,
103,影视,第4轮,要评价好点的,vod_search_all,"{""action"": ""search"", ""query"": {""and"": [{""field"": ""area"", ""value"": ""国产""}, {""field"": ""category"", ""value"": ""电视剧""}, {""field"": ""tag"", ""value"": ""职场""}]}, ""retext"": ""有没有好看的国产职场剧要集数别太长评价好点的"", ""sort"": {""hot"": {""order"": ""desc""}, ""rate"": {""order"": ""desc""}}}",有没有好看的国产职场剧要集数别太长评价好点的,llm_onecall,17971.6,OK,
103,影视,第5轮,商战题材的,vod_search_all,"{""action"": ""search"", ""query"": {""and"": [{""field"": ""area"", ""value"": ""国产""}, {""field"": ""category"", ""value"": ""电视剧""}, {""field"": ""tag"", ""value"": ""商战""}, {""field"": ""tag"", ""value"": ""职场""}]}, ""retext"": ""有没有好看的国产职场剧要集数别太长评价好点的商战题材的"", ""sort"": {""hot"": {""order"": ""desc""}, ""rate"": {""order"": ""desc""}}}",有没有好看的国产职场剧要集数别太长评价好点的商战题材的,llm_onecall,16189.4,OK,
104,影视,第1轮,推荐几部年代剧,vod_search,"{""action"": ""search"", ""query"": {""and"": [{""field"": ""category"", ""value"": ""电视剧""}, {""field"": ""tag"", ""value"": ""年代""}]}, ""retext"": ""推荐几部年代剧""}",推荐几部年代剧,llm_onecall,16341.0,OK,
104,影视,第2轮,免费能看的有吗,vod_search,"{""action"": ""search"", ""query"": {""and"": [{""field"": ""category"", ""value"": ""电视剧""}, {""field"": ""tag"", ""value"": ""年代""}, {""field"": ""is_fee"", ""value"": ""0""}]}, ""retext"": ""免费能看的年代剧""}",免费能看的年代剧,llm_onecall,16506.6,OK,
104,影视,第3轮,讲改革开放那会儿的,vod_search,"{""action"": ""search"", ""query"": {""and"": [{""field"": ""category"", ""value"": ""电视剧""}, {""field"": ""tag"", ""value"": ""年代""}, {""field"": ""is_fee"", ""value"": ""0""}]}, ""retext"": ""免费能看的年代剧""}",免费能看的年代剧,llm_onecall,17345.8,OK,
104,影视,第4轮,要卡司强的,vod_search,"{""action"": ""search"", ""query"": {""and"": [{""field"": ""category"", ""value"": ""电视剧""}, {""field"": ""tag"", ""value"": ""年代""}, {""field"": ""is_fee"", ""value"": ""0""}]}, ""retext"": ""免费能看的年代剧；卡司强的""}",免费能看的年代剧；卡司强的,llm_onecall,16808.9,OK,
104,影视,第5轮,八九十年代背景的,vod_search,"{""action"": ""search"", ""query"": {""and"": [{""field"": ""tag"", ""operator"": ""or"", ""values"": [""年代"", ""80年代"", ""90年代""]}, {""field"": ""is_fee"", ""value"": ""0""}]}, ""retext"": ""免费能看的年代剧；卡司强的；八九十年代背景的""}",免费能看的年代剧；卡司强的；八九十年代背景的,llm_onecall,15797.2,OK,
105,影视,第1轮,破案剧,vod_search,"{""action"": ""search"", ""query"": {""and"": [{""field"": ""category"", ""value"": ""电视剧""}, {""field"": ""tag"", ""value"": ""破案""}]}, ""retext"": ""破案剧""}",破案剧,llm_onecall,15631.8,OK,
105,影视,第2轮,真实事件改编的,fan_knowledge_agent,"{""messages"": [{""content"": ""真实事件改编的破案剧"", ""role"": ""user""}], ""riskRespStrategy"": ""all_replace"", ""sceneTypeIntentList"": [{""sceneType"": ""video""}]}",真实事件改编的破案剧,llm_select,24171.9,OK,
105,影视,第3轮,国内的有吗,fan_knowledge_agent,"{""messages"": [{""content"": ""国内的真实事件改编的破案剧"", ""role"": ""user""}], ""riskRespStrategy"": ""all_replace"", ""sceneTypeIntentList"": [{""sceneType"": ""video""}]}",国内的真实事件改编的破案剧,llm_select,28050.3,OK,
105,影视,第4轮,真事改编,fan_knowledge_agent,"{""messages"": [{""content"": ""真实事件改编的破案剧"", ""role"": ""user""}], ""riskRespStrategy"": ""all_replace"", ""sceneTypeIntentList"": [{""sceneType"": ""video""}]}",真实事件改编的破案剧,llm_select,23727.8,OK,
105,影视,第5轮,集数少点的,fan_knowledge_agent,"{""messages"": [{""content"": ""集数少点的真实事件改编的破案剧"", ""role"": ""user""}], ""riskRespStrategy"": ""all_replace"", ""sceneTypeIntentList"": [{""sceneType"": ""video""}]}",集数少点的真实事件改编的破案剧,llm_select,22048.1,OK,
106,影视,第1轮,来点动画片,educ_search,"{""query"": {""field"": ""content_type"", ""value"": ""动画""}, ""retext"": ""来点动画片""}",来点动画片,llm_onecall,16100.6,OK,
106,影视,第2轮,不花钱的有吗,educ_search,"{""query"": {""and"": [{""field"": ""content_type"", ""value"": ""动画""}, {""field"": ""is_fee"", ""value"": ""0""}]}, ""retext"": ""不花钱的动画片""}",不花钱的动画片,llm_onecall,17213.2,OK,
106,影视,第3轮,时长90分的,educ_search,"{""query"": {""field"": ""content_type"", ""value"": ""动画""}, ""retext"": ""时长90分的动画片""}",时长90分的动画片,llm_onecall,20622.9,OK,
106,影视,第4轮,七八岁小孩看的,educ_search,"{""query"": {""and"": [{""field"": ""content_type"", ""value"": ""动画""}, {""field"": ""age_range"", ""from"": ""7"", ""to"": ""8""}]}, ""retext"": ""七八岁小孩看的动画片""}",七八岁小孩看的动画片,llm_onecall,20905.0,OK,
106,影视,第5轮,有教育意义的,educ_search,"{""query"": {""and"": [{""field"": ""content_type"", ""value"": ""动画""}, {""field"": ""training_objectives"", ""value"": ""教育""}]}, ""retext"": ""有教育意义的动画片""}",有教育意义的动画片,llm_onecall,31047.4,OK,
107,影视,第1轮,有什么国产动画电影,educ_search_all,"{""query"": {""and"": [{""field"": ""country"", ""value"": ""中国""}, {""field"": ""children_second_genre"", ""value"": ""动画电影""}]}, ""retext"": ""有什么国产动画电影""}",有什么国产动画电影,llm_onecall,17178.9,OK,
107,影视,第2轮,画风好的,educ_search_all,"{""query"": {""and"": [{""field"": ""country"", ""value"": ""中国""}, {""field"": ""children_second_genre"", ""value"": ""动画电影""}]}, ""retext"": ""画风好的国产动画电影""}",画风好的国产动画电影,llm_onecall,19256.1,OK,
107,影视,第3轮,画面精美的,educ_fuzzy_search,"{""retext"": ""画面精美的""}",画面精美的,llm_onecall,14940.0,OK,
107,影视,第4轮,神话改编的,fan_knowledge_agent,"{""messages"": [{""content"": ""神话改编的"", ""role"": ""user""}], ""riskRespStrategy"": ""all_replace"", ""sceneTypeIntentList"": [{""sceneType"": ""knowledge_qa""}]}",神话改编的,llm_select,18788.8,OK,
107,影视,第5轮,高票房的,fan_knowledge_agent,"{""messages"": [{""content"": ""高票房的"", ""role"": ""user""}], ""riskRespStrategy"": ""all_replace"", ""sceneTypeIntentList"": [{""sceneType"": ""knowledge_qa""}]}",高票房的,general_rule,18224.5,OK,
108,影视,第1轮,恋爱剧,vod_search,"{""action"": ""search"", ""query"": {""and"": [{""field"": ""category"", ""value"": ""电视剧""}, {""field"": ""tag"", ""value"": ""恋爱""}]}, ""retext"": ""恋爱剧""}",恋爱剧,llm_onecall,16195.7,OK,
108,影视,第2轮,女主漂亮的,vod_search,"{""action"": ""search"", ""query"": {""and"": [{""field"": ""tag"", ""value"": ""恋爱""}, {""field"": ""tag"", ""value"": ""女主漂亮""}]}, ""retext"": ""女主漂亮的恋爱剧"", ""sort"": {""hot"": {""order"": ""desc""}}}",女主漂亮的恋爱剧,llm_onecall,31110.2,OK,
108,影视,第3轮,圆满结局的,vod_fuzzy_search,"{""retext"": ""女主漂亮的圆满结局的恋爱剧""}",女主漂亮的圆满结局的恋爱剧,llm_onecall,15438.7,OK,
108,影视,第4轮,甜甜的恋爱那种,vod_fuzzy_search,"{""retext"": ""女主漂亮的圆满结局的甜甜的恋爱那种""}",女主漂亮的圆满结局的甜甜的恋爱那种,llm_onecall,14968.6,OK,
108,影视,第5轮,结局好的有没有,vod_fuzzy_search,"{""retext"": ""女主漂亮的圆满结局的甜甜的恋爱那种结局好的有没有""}",女主漂亮的圆满结局的甜甜的恋爱那种结局好的有没有,llm_onecall,14215.6,OK,
109,影视,第1轮,来几部医疗剧,vod_search,"{""action"": ""search"", ""query"": {""and"": [{""field"": ""category"", ""value"": ""电视剧""}, {""field"": ""tag"", ""value"": ""医疗""}]}, ""retext"": ""来几部医疗剧""}",来几部医疗剧,llm_onecall,15500.9,OK,
109,影视,第2轮,手术戏真实的,vod_search,"{""action"": ""search"", ""query"": {""and"": [{""field"": ""category"", ""value"": ""电视剧""}, {""field"": ""tag"", ""value"": ""医疗""}]}, ""retext"": ""想看手术戏真实的医疗剧""}",想看手术戏真实的医疗剧,llm_onecall,17313.2,OK,
109,影视,第3轮,打分高的有没有,vod_search,"{""action"": ""search"", ""query"": {""field"": ""category"", ""value"": ""电视剧""}, ""retext"": ""搜索手术戏真实的医疗剧""}",搜索手术戏真实的医疗剧,fallback,39198.0,OK,
109,影视,第4轮,集数少点的,vod_search,"{""action"": ""search"", ""query"": {""and"": [{""field"": ""category"", ""value"": ""电视剧""}, {""field"": ""tag"", ""operator"": ""or"", ""values"": [""医疗"", ""手术""]}]}, ""retext"": ""手术戏真实的医疗剧集数少点的""}",手术戏真实的医疗剧集数少点的,llm_onecall,29821.2,OK,
109,影视,第5轮,需要会员吗,vod_search,"{""action"": ""search"", ""query"": {""field"": ""category"", ""value"": ""电视剧""}, ""retext"": ""搜索手术戏真实的医疗剧""}",搜索手术戏真实的医疗剧,fallback,36831.0,OK,
11,影视,第1轮,放几部破案剧,vod_search,"{""action"": ""play"", ""query"": {""and"": [{""field"": ""category"", ""value"": ""电视剧""}, {""field"": ""tag"", ""value"": ""破案""}]}, ""retext"": ""放几部破案剧""}",放几部破案剧,llm_onecall,15237.1,OK,
11,影视,第2轮,评分高的,vod_search,"{""action"": ""search"", ""query"": {""and"": [{""field"": ""category"", ""value"": ""电视剧""}, {""field"": ""tag"", ""value"": ""破案""}]}, ""retext"": ""评分高的破案剧"", ""sort"": {""rate"": {""order"": ""desc""}}}",评分高的破案剧,llm_onecall,16356.6,OK,
11,影视,第3轮,国内的有没有,vod_search_all,"{""action"": ""search"", ""query"": {""and"": [{""field"": ""area"", ""value"": ""国内""}, {""field"": ""category"", ""value"": ""电视剧""}, {""field"": ""tag"", ""value"": ""破案""}]}, ""retext"": ""评分高的国内破案剧"", ""sort"": {""rate"": {""order"": ""desc""}}}",评分高的国内破案剧,llm_onecall,15243.2,OK,
11,影视,第4轮,真事改编,fan_knowledge_agent,"{""messages"": [{""content"": ""评分高的国内真事改编破案剧"", ""role"": ""user""}], ""riskRespStrategy"": ""all_replace"", ""sceneTypeIntentList"": [{""sceneType"": ""video""}]}",评分高的国内真事改编破案剧,llm_select,23101.8,OK,
11,影视,第5轮,评分高点的,fan_knowledge_agent,"{""messages"": [{""content"": ""评分高的国内真事改编破案剧"", ""role"": ""user""}], ""riskRespStrategy"": ""all_replace"", ""sceneTypeIntentList"": [{""sceneType"": ""video""}]}",评分高的国内真事改编破案剧,llm_select,26414.4,OK,
110,影视,第1轮,来一部真人秀综艺,vod_search,"{""action"": ""search"", ""query"": {""and"": [{""field"": ""category"", ""value"": ""综艺""}, {""field"": ""tag"", ""value"": ""真人秀""}]}, ""retext"": ""来一部真人秀综艺""}",来一部真人秀综艺,llm_onecall,16285.5,OK,
110,影视,第2轮,最新一期,vod_search,"{""action"": ""search"", ""query"": {""and"": [{""field"": ""category"", ""value"": ""综艺""}, {""field"": ""tag"", ""value"": ""真人秀""}]}, ""retext"": ""最新一期真人秀综艺"", ""sort"": {""new"": {""order"": ""desc""}}}",最新一期真人秀综艺,llm_onecall,17143.6,OK,
110,影视,第3轮,嘉宾阵容强的,vod_search,"{""action"": ""search"", ""query"": {""and"": [{""field"": ""category"", ""value"": ""综艺""}, {""field"": ""tag"", ""value"": ""真人秀""}]}, ""retext"": ""嘉宾阵容强的最新一期真人秀综艺"", ""sort"": {""new"": {""order"": ""desc""}}}",嘉宾阵容强的最新一期真人秀综艺,llm_onecall,16834.0,OK,
110,影视,第4轮,每周六更的,vod_search,"{""action"": ""search"", ""query"": {""and"": [{""field"": ""category"", ""value"": ""综艺""}, {""field"": ""tag"", ""value"": ""真人秀""}]}, ""retext"": ""嘉宾阵容强的最新一期每周六更新的真人秀综艺"", ""sort"": {""new"": {""order"": ""desc""}}}",嘉宾阵容强的最新一期每周六更新的真人秀综艺,llm_onecall,15385.0,OK,
110,影视,第5轮,最新季的,vod_search,"{""action"": ""search"", ""query"": {""and"": [{""field"": ""category"", ""value"": ""综艺""}, {""field"": ""tag"", ""value"": ""真人秀""}]}, ""retext"": ""嘉宾阵容强的最新一期每周六更新的真人秀综艺最新季的"", ""sort"": {""new"": {""order"": ""desc""}}}",嘉宾阵容强的最新一期每周六更新的真人秀综艺最新季的,llm_onecall,17730.6,OK,
111,影视,第1轮,有什么免费的综艺,vod_search,"{""action"": ""search"", ""query"": {""and"": [{""field"": ""category"", ""value"": ""综艺""}, {""field"": ""is_fee"", ""value"": ""0""}]}, ""retext"": ""有什么免费的综艺""}",有什么免费的综艺,llm_onecall,17127.5,OK,
111,影视,第2轮,要是国产的吗,vod_search_all,"{""action"": ""search"", ""query"": {""and"": [{""field"": ""area"", ""value"": ""国产""}, {""field"": ""category"", ""value"": ""综艺""}, {""field"": ""is_fee"", ""value"": ""0""}]}, ""retext"": ""有什么免费的国产综艺""}",有什么免费的国产综艺,llm_onecall,16841.0,OK,
111,影视,第3轮,人气高一点的,vod_search_all,"{""action"": ""search"", ""query"": {""and"": [{""field"": ""area"", ""value"": ""国产""}, {""field"": ""category"", ""value"": ""综艺""}, {""field"": ""is_fee"", ""value"": ""0""}]}, ""retext"": ""有什么免费的国产综艺人气高一点的"", ""sort"": {""hot"": {""order"": ""desc""}}}",有什么免费的国产综艺人气高一点的,llm_onecall,18402.2,OK,
111,影视,第4轮,评分高一点的,vod_search_all,"{""action"": ""search"", ""query"": {""and"": [{""field"": ""area"", ""value"": ""国产""}, {""field"": ""category"", ""value"": ""综艺""}, {""field"": ""is_fee"", ""value"": ""0""}]}, ""retext"": ""有什么免费的国产综艺评分高一点的"", ""sort"": {""rate"": {""order"": ""desc""}}}",有什么免费的国产综艺评分高一点的,llm_onecall,14744.5,OK,
111,影视,第5轮,播放量高点的,vod_search_all,"{""action"": ""search"", ""query"": {""and"": [{""field"": ""area"", ""value"": ""国产""}, {""field"": ""category"", ""value"": ""综艺""}, {""field"": ""is_fee"", ""value"": ""0""}]}, ""retext"": ""有什么免费的国产综艺播放量高一点的"", ""sort"": {""play"": {""order"": ""desc""}}}",有什么免费的国产综艺播放量高一点的,llm_onecall,16477.1,OK,
112,影视,第1轮,找点悬疑美剧,vod_search_all,"{""action"": ""search"", ""query"": {""and"": [{""field"": ""area"", ""value"": ""美国""}, {""field"": ""category"", ""value"": ""电视剧""}, {""field"": ""tag"", ""value"": ""悬疑""}]}, ""retext"": ""找点悬疑美剧""}",找点悬疑美剧,llm_onecall,16609.0,OK,
112,影视,第2轮,单元案件的,vod_search_all,"{""action"": ""search"", ""query"": {""and"": [{""field"": ""area"", ""value"": ""美国""}, {""field"": ""category"", ""value"": ""电视剧""}, {""field"": ""tag"", ""value"": ""单元案件""}, {""field"": ""tag"", ""value"": ""悬疑""}]}, ""retext"": ""找点单元案件的悬疑美剧""}",找点单元案件的悬疑美剧,llm_onecall,31779.1,OK,
112,影视,第3轮,单元剧形式的,,,,,,ERR,TimeoutError: timed out
112,影视,第4轮,最新一季的,vod_search_all,"{""action"": ""search"", ""query"": {""and"": [{""field"": ""area"", ""value"": ""美国""}, {""field"": ""category"", ""value"": ""电视剧""}, {""field"": ""tag"", ""value"": ""单元剧""}, {""field"": ""tag"", ""value"": ""悬疑""}]}, ""retext"": ""找点单元剧形式的悬疑美剧最新一季的"", ""sort"": {""new"": {""order"": ""desc""}}}",找点单元剧形式的悬疑美剧最新一季的,llm_onecall,33553.7,OK,
112,影视,第5轮,字幕版的有吗,vod_search_all,"{""action"": ""search"", ""query"": {""and"": [{""field"": ""area"", ""value"": ""美国""}, {""field"": ""category"", ""value"": ""电视剧""}, {""field"": ""tag"", ""value"": ""悬疑""}, {""field"": ""tag"", ""value"": ""单元剧""}]}, ""retext"": ""找点单元剧形式的悬疑美剧最新一季的字幕版的"", ""sort"": {""new"": {""order"": ""desc""}}}",找点单元剧形式的悬疑美剧最新一季的字幕版的,llm_onecall,32092.3,OK,
113,影视,第1轮,国产动画电影,educ_search_all,"{""query"": {""and"": [{""field"": ""country"", ""value"": ""中国""}, {""field"": ""children_second_genre"", ""value"": ""动画电影""}]}, ""retext"": ""国产动画电影""}",国产动画电影,llm_onecall,17485.5,OK,
113,影视,第2轮,要卖座的,educ_search_all,"{""query"": {""and"": [{""field"": ""country"", ""value"": ""中国""}, {""field"": ""children_second_genre"", ""value"": ""动画电影""}]}, ""retext"": ""国产动画电影 卖座""}",国产动画电影 卖座,llm_onecall,21551.9,OK,
113,影视,第3轮,神话故事改编的,fan_knowledge_agent,"{""messages"": [{""content"": ""神话故事改编的国产动画电影"", ""role"": ""user""}], ""riskRespStrategy"": ""all_replace"", ""sceneTypeIntentList"": [{""sceneType"": ""child""}]}",神话故事改编的国产动画电影,llm_select,20261.7,OK,
113,影视,第4轮,去年上的,educ_search_all,"{""query"": {""and"": [{""field"": ""country"", ""value"": ""中国""}, {""field"": ""release_time"", ""from"": ""20250101"", ""to"": ""20251231""}, {""field"": ""children_second_genre"", ""value"": ""动画电影""}]}, ""retext"": ""神话故事改编的国产动画电影 去年上映""}",神话故事改编的国产动画电影 去年上映,llm_onecall,32905.5,OK,
113,影视,第5轮,去年上映的,fan_knowledge_agent,"{""messages"": [{""content"": ""去年上映的"", ""role"": ""user""}], ""riskRespStrategy"": ""all_replace"", ""sceneTypeIntentList"": [{""sceneType"": ""knowledge_qa""}]}",去年上映的,general_rule,19223.2,OK,
114,影视,第1轮,好看的历史剧,edu_fuzzy_search,"{""retext"": ""好看的历史剧""}",好看的历史剧,llm_onecall,15173.6,OK,
114,影视,第2轮,服化道好的,edu_fuzzy_search,"{""retext"": ""服化道好的历史剧""}",服化道好的历史剧,llm_onecall,16045.8,OK,
114,影视,第3轮,服化道考究的,edu_fuzzy_search,"{""retext"": ""服化道考究的历史剧""}",服化道考究的历史剧,llm_onecall,13995.4,OK,
114,影视,第4轮,不用追更,edu_fuzzy_search,"{""retext"": ""不用追更的历史剧""}",不用追更的历史剧,llm_onecall,13286.0,OK,
114,影视,第5轮,不用等更新的,edu_fuzzy_search,"{""retext"": ""不用等更新的""}",不用等更新的,llm_onecall,13846.6,OK,
115,影视,第1轮,想看医疗剧,vod_search,"{""action"": ""search"", ""query"": {""and"": [{""field"": ""category"", ""value"": ""电视剧""}, {""field"": ""tag"", ""value"": ""医疗""}]}, ""retext"": ""想看医疗剧""}",想看医疗剧,llm_onecall,16175.5,OK,
115,影视,第2轮,集数少点的,vod_search,"{""action"": ""search"", ""query"": {""and"": [{""field"": ""category"", ""value"": ""电视剧""}, {""field"": ""tag"", ""value"": ""医疗""}]}, ""retext"": ""想看集数少的医疗剧"", ""sort"": {""series"": {""order"": ""asc""}}}",想看集数少的医疗剧,llm_onecall,16828.0,OK,
115,影视,第3轮,打分高的有吗,vod_search,"{""action"": ""search"", ""query"": {""and"": [{""field"": ""category"", ""value"": ""电视剧""}, {""field"": ""tag"", ""value"": ""医疗""}]}, ""retext"": ""想看集数少的医疗剧中打分高的"", ""sort"": {""rate"": {""order"": ""desc""}}}",想看集数少的医疗剧中打分高的,llm_onecall,16739.2,OK,
115,影视,第4轮,手术场面真实的,vod_search,"{""action"": ""search"", ""query"": {""and"": [{""field"": ""category"", ""value"": ""电视剧""}, {""field"": ""tag"", ""value"": ""医疗""}]}, ""retext"": ""想看手术场面真实的集数少的医疗剧中打分高的"", ""sort"": {""rate"": {""order"": ""desc""}}}",想看手术场面真实的集数少的医疗剧中打分高的,llm_onecall,16383.9,OK,
115,影视,第5轮,评分高的有吗,vod_search,"{""action"": ""search"", ""query"": {""and"": [{""field"": ""category"", ""value"": ""电视剧""}, {""field"": ""tag"", ""value"": ""医疗""}]}, ""retext"": ""想看手术场面真实的集数少的医疗剧中打分高的"", ""sort"": {""rate"": {""order"": ""desc""}}}",想看手术场面真实的集数少的医疗剧中打分高的,llm_onecall,14351.0,OK,
116,影视,第1轮,有没有好看的脱口秀节目,vod_search,"{""action"": ""search"", ""query"": {""and"": [{""field"": ""category"", ""value"": ""综艺""}, {""field"": ""tag"", ""value"": ""脱口秀""}]}, ""retext"": ""有没有好看的脱口秀节目"", ""sort"": {""hot"": {""order"": ""desc""}}}",有没有好看的脱口秀节目,llm_onecall,18266.4,OK,
116,影视,第2轮,单口那种,,,,,,ERR,TimeoutError: timed out
116,影视,第3轮,单人的,,,,,,ERR,TimeoutError: timed out
116,影视,第4轮,单口喜剧的,,,,,,ERR,TimeoutError: timed out
116,影视,第5轮,脱口秀大会那种,vod_relate_search,"{""query"": {""field"": ""title"", ""value"": ""脱口秀大会""}}",有没有好看的脱口秀大会那种,llm_onecall,31639.1,OK,
117,影视,第1轮,看看恐怖片,vod_search,"{""action"": ""play"", ""query"": {""and"": [{""field"": ""category"", ""value"": ""电影""}, {""field"": ""tag"", ""value"": ""恐怖""}]}, ""retext"": ""看看恐怖片""}",看看恐怖片,llm_onecall,16033.5,OK,
117,影视,第2轮,高分的有吗,vod_search,"{""action"": ""search"", ""query"": {""and"": [{""field"": ""category"", ""value"": ""电影""}, {""field"": ""tag"", ""value"": ""恐怖""}]}, ""retext"": ""看看高分的恐怖片"", ""sort"": {""rate"": {""order"": ""desc""}}}",看看高分的恐怖片,llm_onecall,16491.4,OK,
117,影视,第3轮,评分高点的有吗,vod_search,"{""action"": ""search"", ""query"": {""and"": [{""field"": ""category"", ""value"": ""电影""}, {""field"": ""tag"", ""value"": ""恐怖""}]}, ""retext"": ""看看高分的恐怖片"", ""sort"": {""rate"": {""order"": ""desc""}}}",看看高分的恐怖片,llm_onecall,14933.1,OK,
117,影视,第4轮,不血腥的,,,,,66.9,OK,
117,影视,第5轮,泰国那种,vod_search_all,"{""action"": ""play"", ""query"": {""and"": [{""field"": ""area"", ""value"": ""泰国""}, {""field"": ""category"", ""value"": ""电影""}, {""field"": ""tag"", ""value"": ""恐怖""}]}, ""retext"": ""看看高分的泰国恐怖片"", ""sort"": {""rate"": {""order"": ""desc""}}}",看看高分的泰国恐怖片,llm_onecall,16722.3,OK,
118,影视,第1轮,找点律政剧,vod_search,"{""action"": ""search"", ""query"": {""and"": [{""field"": ""category"", ""value"": ""电视剧""}, {""field"": ""tag"", ""value"": ""律政""}]}, ""retext"": ""找点律政剧""}",找点律政剧,llm_onecall,15440.9,OK,
118,影视,第2轮,庭审戏精彩,vod_fuzzy_search,"{""retext"": ""找庭审戏精彩的律政剧""}",找庭审戏精彩的律政剧,llm_onecall,15230.9,OK,
118,影视,第3轮,完结的有没有,vod_search,"{""action"": ""search"", ""query"": {""and"": [{""field"": ""category"", ""value"": ""电视剧""}, {""field"": ""is_over"", ""value"": ""1""}]}, ""retext"": ""找庭审戏精彩的完结律政剧""}",找庭审戏精彩的完结律政剧,fallback,18738.1,OK,
118,影视,第4轮,美剧吧,vod_search_all,"{""action"": ""search"", ""query"": {""and"": [{""field"": ""area"", ""value"": ""美国""}, {""field"": ""category"", ""value"": ""电视剧""}, {""field"": ""tag"", ""operator"": ""or"", ""values"": [""律政"", ""庭审""]}, {""field"": ""is_over"", ""value"": ""1""}]}, ""retext"": ""找庭审戏精彩的完结律政剧美剧""}",找庭审戏精彩的完结律政剧美剧,llm_onecall,15980.0,OK,
118,影视,第5轮,美剧优先,vod_search_all,"{""action"": ""search"", ""query"": {""and"": [{""field"": ""area"", ""value"": ""美国""}, {""field"": ""category"", ""value"": ""电视剧""}, {""field"": ""tag"", ""operator"": ""or"", ""values"": [""律政"", ""庭审""]}, {""field"": ""is_over"", ""value"": ""1""}]}, ""retext"": ""找庭审戏精彩的完结律政剧美剧""}",找庭审戏精彩的完结律政剧美剧,llm_onecall,17781.6,OK,
119,影视,第1轮,体育题材电影有哪些,fan_knowledge_agent,"{""messages"": [{""content"": ""体育题材电影有哪些"", ""role"": ""user""}], ""riskRespStrategy"": ""all_replace"", ""sceneTypeIntentList"": [{""intent"": ""sports_chat_qa"", ""sceneType"": ""sport_qa""}]}",体育题材电影有哪些,general_rule,23226.8,OK,
119,影视,第2轮,励志那种,vod_search,"{""action"": ""search"", ""query"": {""and"": [{""field"": ""category"", ""value"": ""电影""}, {""field"": ""tag"", ""value"": ""励志""}]}, ""retext"": ""励志电影""}",励志电影,llm_onecall,14465.7,OK,
119,影视,第3轮,讲篮球的,sports_match_search,"{""query"": {""field"": ""sport_name"", ""value"": ""篮球""}}",讲篮球的,llm_onecall,15593.4,OK,
119,影视,第4轮,有高清版吗,vod_search,"{""action"": ""search"", ""query"": {""and"": [{""field"": ""title"", ""value"": ""讲篮球的""}, {""field"": ""definition"", ""value"": ""is_4k""}]}, ""retext"": ""《讲篮球的》有高清版吗""}",《讲篮球的》有高清版吗,llm_onecall,16876.3,OK,
119,影视,第5轮,免费的有吗,sports_vod_search,"{""query"": {""field"": ""sport_name"", ""value"": ""篮球""}}",《讲篮球的》有免费的吗,llm_onecall,20504.9,OK,
12,影视,第1轮,看看动画片,educ_search,"{""query"": {""field"": ""content_type"", ""value"": ""动画""}, ""retext"": ""看看动画片""}",看看动画片,llm_onecall,15996.8,OK,
12,影视,第2轮,七八岁能看的,educ_search,"{""query"": {""and"": [{""field"": ""content_type"", ""value"": ""动画""}, {""field"": ""age_range"", ""from"": ""7"", ""to"": ""8""}]}, ""retext"": ""七八岁能看的动画片""}",七八岁能看的动画片,llm_onecall,14883.6,OK,
12,影视,第3轮,一个半小时以内的,educ_search,"{""query"": {""and"": [{""field"": ""content_type"", ""value"": ""动画""}, {""field"": ""age_range"", ""from"": ""7"", ""to"": ""8""}, {""field"": ""duration"", ""to"": ""5400""}]}, ""retext"": ""七八岁能看的动画片；时长一个半小时以内的""}",七八岁能看的动画片；时长一个半小时以内的,llm_onecall,14838.1,OK,
12,影视,第4轮,适合七八岁的,educ_fuzzy_search,"{""retext"": ""适合七八岁的""}",适合七八岁的,llm_onecall,13302.2,OK,
12,影视,第5轮,有教育意义的,educ_search,"{""query"": {""and"": [{""field"": ""age_range"", ""from"": ""7"", ""to"": ""8""}, {""field"": ""training_objectives"", ""value"": ""教育""}]}, ""retext"": ""适合七八岁的有教育意义的""}",适合七八岁的有教育意义的,llm_onecall,18724.9,OK,
120,影视,第1轮,推荐几部评分高的电视剧,vod_search,"{""action"": ""search"", ""query"": {""field"": ""category"", ""value"": ""电视剧""}, ""retext"": ""推荐几部评分高的电视剧"", ""sort"": {""rate"": {""order"": ""desc""}}}",推荐几部评分高的电视剧,llm_onecall,15881.1,OK,
120,影视,第2轮,有中文字幕的,vod_search_all,"{""action"": ""search"", ""query"": {""and"": [{""field"": ""language"", ""value"": ""中文字幕""}, {""field"": ""category"", ""value"": ""电视剧""}]}, ""retext"": ""有中文字幕的评分高的电视剧"", ""sort"": {""rate"": {""order"": ""desc""}}}",有中文字幕的评分高的电视剧,llm_onecall,29794.2,OK,
120,影视,第3轮,口碑好的,vod_search_all,"{""action"": ""search"", ""query"": {""and"": [{""field"": ""language"", ""value"": ""中文字幕""}, {""field"": ""category"", ""value"": ""电视剧""}]}, ""retext"": ""有中文字幕的口碑好的电视剧"", ""sort"": {""rate"": {""order"": ""desc""}}}",有中文字幕的口碑好的电视剧,llm_onecall,31567.6,OK,
120,影视,第4轮,不花钱的吗,vod_search,"{""action"": ""search"", ""query"": {""field"": ""is_fee"", ""value"": ""0""}, ""retext"": ""不花钱的吗""}",不花钱的吗,llm_onecall,17052.2,OK,
120,影视,第5轮,国产的有没有,vod_search_all,"{""action"": ""search"", ""query"": {""field"": ""area"", ""value"": ""国产""}, ""retext"": ""国产的有没有""}",国产的有没有,llm_onecall,15583.0,OK,
121,影视,第1轮,放几部武侠剧,vod_search,"{""action"": ""play"", ""query"": {""and"": [{""field"": ""category"", ""value"": ""电视剧""}, {""field"": ""tag"", ""value"": ""武侠""}]}, ""retext"": ""放几部武侠剧""}",放几部武侠剧,llm_onecall,16281.1,OK,
121,影视,第2轮,动作场面好的,vod_fuzzy_search,"{""retext"": ""动作场面好的""}",动作场面好的,llm_onecall,14306.4,OK,
121,影视,第3轮,内地拍的,vod_search_all,"{""action"": ""search"", ""query"": {""and"": [{""field"": ""area"", ""value"": ""内地""}, {""field"": ""category"", ""value"": ""电视剧""}, {""field"": ""tag"", ""value"": ""武侠""}]}, ""retext"": ""内地拍的武侠剧""}",内地拍的武侠剧,llm_onecall,16968.9,OK,
121,影视,第4轮,港版的有没有,vod_search_all,"{""action"": ""search"", ""query"": {""and"": [{""field"": ""area"", ""value"": ""香港""}, {""field"": ""category"", ""value"": ""电视剧""}, {""field"": ""tag"", ""value"": ""武侠""}]}, ""retext"": ""港版的武侠剧""}",港版的武侠剧,llm_onecall,15962.2,OK,
121,影视,第5轮,国产的,vod_search_all,"{""action"": ""search"", ""query"": {""field"": ""area"", ""value"": ""国产""}, ""retext"": ""国产的""}",国产的,llm_onecall,17330.8,OK,
122,影视,第1轮,推荐些年代剧,vod_search,"{""action"": ""search"", ""query"": {""and"": [{""field"": ""category"", ""value"": ""电视剧""}, {""field"": ""tag"", ""value"": ""年代""}]}, ""retext"": ""推荐些年代剧""}",推荐些年代剧,llm_onecall,15542.9,OK,
122,影视,第2轮,集数多点的,vod_search,"{""action"": ""search"", ""query"": {""and"": [{""field"": ""category"", ""value"": ""电视剧""}, {""field"": ""tag"", ""value"": ""年代""}]}, ""retext"": ""推荐集数多的年代剧"", ""sort"": {""series"": {""order"": ""desc""}}}",推荐集数多的年代剧,llm_onecall,15914.0,OK,
122,影视,第3轮,集数多的那种,vod_search,"{""action"": ""search"", ""query"": {""and"": [{""field"": ""category"", ""value"": ""电视剧""}, {""field"": ""tag"", ""value"": ""年代""}]}, ""retext"": ""推荐集数多的年代剧"", ""sort"": {""series"": {""order"": ""desc""}}}",推荐集数多的年代剧,llm_onecall,13860.3,OK,
122,影视,第4轮,收视率高点的,vod_fuzzy_search,"{""retext"": ""推荐集数多且收视率高的年代剧""}",推荐集数多且收视率高的年代剧,llm_onecall,15947.6,OK,
122,影视,第5轮,改革开放题材的,vod_search,"{""action"": ""search"", ""query"": {""and"": [{""field"": ""category"", ""value"": ""电视剧""}, {""field"": ""tag"", ""values"": [""改革开放"", ""年代""]}]}, ""retext"": ""推荐改革开放题材的年代剧""}",推荐改革开放题材的年代剧,llm_onecall,17270.4,OK,
123,影视,第1轮,好看的悬疑美剧,vod_search_all,"{""action"": ""search"", ""query"": {""and"": [{""field"": ""area"", ""value"": ""美国""}, {""field"": ""category"", ""value"": ""电视剧""}, {""field"": ""tag"", ""value"": ""悬疑""}]}, ""retext"": ""好看的悬疑美剧"", ""sort"": {""hot"": {""order"": ""desc""}, ""rate"": {""order"": ""desc""}}}",好看的悬疑美剧,llm_onecall,15123.3,OK,
123,影视,第2轮,最新一季的,vod_search_all,"{""action"": ""search"", ""query"": {""and"": [{""field"": ""area"", ""value"": ""美国""}, {""field"": ""category"", ""value"": ""电视剧""}, {""field"": ""tag"", ""value"": ""悬疑""}]}, ""retext"": ""最新一季的好看的悬疑美剧"", ""sort"": {""hot"": {""order"": ""desc""}, ""new"": {""order"": ""desc""}}}",最新一季的好看的悬疑美剧,llm_onecall,16615.0,OK,
123,影视,第3轮,单元案件的,vod_search_all,"{""action"": ""search"", ""query"": {""and"": [{""field"": ""area"", ""value"": ""美国""}, {""field"": ""category"", ""value"": ""电视剧""}, {""field"": ""tag"", ""values"": [""悬疑"", ""单元案件""]}]}, ""retext"": ""最新一季的好看的悬疑美剧单元案件的"", ""sort"": {""hot"": {""order"": ""desc""}, ""new"": {""order"": ""desc""}}}",最新一季的好看的悬疑美剧单元案件的,llm_onecall,32566.1,OK,
123,影视,第4轮,要最新那一季,vod_search_all,"{""action"": ""search"", ""query"": {""and"": [{""field"": ""area"", ""value"": ""美国""}, {""field"": ""category"", ""value"": ""电视剧""}, {""field"": ""tag"", ""operator"": ""or"", ""values"": [""悬疑"", ""单元案件""]}]}, ""retext"": ""最新一季的好看的悬疑美剧单元案件的"", ""sort"": {""hot"": {""order"": ""desc""}, ""new"": {""order"": ""desc""}}}",最新一季的好看的悬疑美剧单元案件的,llm_onecall,34188.7,OK,
123,影视,第5轮,单元剧形式的,,,,,,ERR,TimeoutError: timed out
124,影视,第1轮,有什么好看的国产动画电影,educ_search_all,"{""query"": {""and"": [{""field"": ""country"", ""value"": ""中国""}, {""field"": ""children_second_genre"", ""value"": ""动画电影""}]}, ""retext"": ""有什么好看的国产动画电影""}",有什么好看的国产动画电影,llm_onecall,16016.0,OK,
124,影视,第2轮,高票房的,fan_knowledge_agent,"{""messages"": [{""content"": ""高票房的国产动画电影"", ""role"": ""user""}], ""riskRespStrategy"": ""all_replace"", ""sceneTypeIntentList"": [{""sceneType"": ""child""}]}",高票房的国产动画电影,general_rule,19020.3,OK,
124,影视,第3轮,去年上的,educ_search_all,"{""query"": {""and"": [{""field"": ""country"", ""value"": ""中国""}, {""field"": ""release_time"", ""from"": ""20250101"", ""to"": ""20251231""}, {""field"": ""children_second_genre"", ""value"": ""动画电影""}]}, ""retext"": ""高票房的国产动画电影去年上映的""}",高票房的国产动画电影去年上映的,llm_onecall,16243.7,OK,
124,影视,第4轮,去年上映的,educ_search_all,"{""query"": {""and"": [{""field"": ""country"", ""value"": ""中国""}, {""field"": ""release_time"", ""from"": ""20250101"", ""to"": ""20251231""}, {""field"": ""children_second_genre"", ""value"": ""动画电影""}]}, ""retext"": ""高票房的国产动画电影去年上映的""}",高票房的国产动画电影去年上映的,llm_onecall,20911.8,OK,
124,影视,第5轮,画风好的,educ_search_all,"{""query"": {""and"": [{""field"": ""country"", ""value"": ""中国""}, {""field"": ""release_time"", ""from"": ""20250101"", ""to"": ""20251231""}, {""field"": ""children_second_genre"", ""value"": ""动画电影""}]}, ""retext"": ""画风好的高票房的国产动画电影去年上映的""}",画风好的高票房的国产动画电影去年上映的,llm_onecall,18157.9,OK,
125,影视,第1轮,有哪些经典老电影,fan_knowledge_agent,"{""messages"": [{""content"": ""有哪些经典老电影"", ""role"": ""user""}], ""riskRespStrategy"": ""all_replace"", ""sceneTypeIntentList"": [{""sceneType"": ""video""}]}",有哪些经典老电影,general_rule,19910.4,OK,
125,影视,第2轮,免费能看吗,vod_search,"{""action"": ""search"", ""query"": {""and"": [{""field"": ""title"", ""value"": ""肖申克的救赎""}, {""field"": ""is_fee"", ""value"": ""免费""}]}, ""retext"": ""《肖申克的救赎》免费能看吗""}",《肖申克的救赎》免费能看吗,llm_onecall,15893.7,OK,
125,影视,第3轮,口碑好的,vod_fuzzy_search,"{""retext"": ""口碑好的""}",口碑好的,llm_onecall,16677.6,OK,
125,影视,第4轮,黑白的那种,vod_fuzzy_search,"{""retext"": ""口碑好的黑白经典老电影""}",口碑好的黑白经典老电影,llm_onecall,17342.8,OK,
125,影视,第5轮,有中文字幕的,vod_fuzzy_search,"{""retext"": ""口碑好的黑白经典老电影有中文字幕的""}",口碑好的黑白经典老电影有中文字幕的,llm_onecall,16236.5,OK,
126,影视,第1轮,放恋爱剧,vod_search,"{""action"": ""play"", ""query"": {""and"": [{""field"": ""category"", ""value"": ""电视剧""}, {""field"": ""tag"", ""value"": ""恋爱""}]}, ""retext"": ""放恋爱剧""}",放恋爱剧,llm_onecall,15669.2,OK,
126,影视,第2轮,不虐的,vod_search,"{""action"": ""search"", ""query"": {""and"": [{""field"": ""category"", ""value"": ""电视剧""}, {""field"": ""tag"", ""operator"": ""not"", ""values"": [""虐恋""]}, {""field"": ""tag"", ""operator"": ""or"", ""values"": [""恋爱"", ""爱情""]}]}, ""retext"": ""想看不虐的恋爱剧""}",想看不虐的恋爱剧,llm_onecall,15351.8,OK,
126,影视,第3轮,结局圆满的有吗,vod_search,"{""action"": ""search"", ""query"": {""and"": [{""field"": ""category"", ""value"": ""电视剧""}, {""field"": ""tag"", ""operator"": ""or"", ""values"": [""不虐"", ""结局圆满""]}, {""field"": ""tag"", ""value"": ""恋爱""}]}, ""retext"": ""想看不虐的恋爱剧；结局圆满的有吗""}",想看不虐的恋爱剧；结局圆满的有吗,llm_onecall,30982.7,OK,
126,影视,第4轮,颜值高的,vod_fuzzy_search,"{""retext"": ""搜索不虐且结局圆满的恋爱剧""}",搜索不虐且结局圆满的恋爱剧,llm_onecall,34469.6,OK,
126,影视,第5轮,女主漂亮点的,vod_fuzzy_search,"{""retext"": ""搜索不虐且结局圆满的恋爱剧；女主漂亮点的""}",搜索不虐且结局圆满的恋爱剧；女主漂亮点的,llm_onecall,18586.1,OK,
127,影视,第1轮,有哪些历史剧,fan_knowledge_agent,"{""messages"": [{""content"": ""有哪些历史剧"", ""role"": ""user""}], ""riskRespStrategy"": ""all_replace"", ""sceneTypeIntentList"": [{""sceneType"": ""video""}]}",有哪些历史剧,general_rule,21081.5,OK,
127,影视,第2轮,不用追更,fan_knowledge_agent,"{""messages"": [{""content"": ""不用追更"", ""role"": ""user""}], ""riskRespStrategy"": ""all_replace"", ""sceneTypeIntentList"": [{""sceneType"": ""knowledge_qa""}]}",不用追更,llm_select,15055.2,OK,
127,影视,第3轮,已完结的有没有,edu_fuzzy_search,"{""retext"": ""有没有已完结的历史剧""}",有没有已完结的历史剧,llm_onecall,16171.9,OK,
127,影视,第4轮,讲唐朝的,edu_fuzzy_search,"{""retext"": ""有没有已完结的讲唐朝的历史剧""}",有没有已完结的讲唐朝的历史剧,llm_onecall,16400.5,OK,
127,影视,第5轮,唐朝背景的,edu_fuzzy_search,"{""retext"": ""有没有已完结的讲唐朝的历史剧""}",有没有已完结的讲唐朝的历史剧,llm_onecall,17291.3,OK,
128,影视,第1轮,看看真人秀综艺,vod_search,"{""action"": ""play"", ""query"": {""and"": [{""field"": ""category"", ""value"": ""综艺""}, {""field"": ""tag"", ""value"": ""真人秀""}]}, ""retext"": ""看看真人秀综艺""}",看看真人秀综艺,llm_onecall,14180.0,OK,
128,影视,第2轮,最新那季,vod_search,"{""action"": ""search"", ""query"": {""and"": [{""field"": ""category"", ""value"": ""综艺""}, {""field"": ""tag"", ""value"": ""真人秀""}]}, ""retext"": ""最新那季真人秀综艺"", ""sort"": {""new"": {""order"": ""desc""}}}",最新那季真人秀综艺,llm_onecall,15160.9,OK,
128,影视,第3轮,嘉宾阵容强的,vod_search,"{""action"": ""search"", ""query"": {""and"": [{""field"": ""category"", ""value"": ""综艺""}, {""field"": ""tag"", ""value"": ""真人秀""}]}, ""retext"": ""嘉宾阵容强的最新那季真人秀综艺"", ""sort"": {""new"": {""order"": ""desc""}}}",嘉宾阵容强的最新那季真人秀综艺,llm_onecall,16757.3,OK,
128,影视,第4轮,最新季的,vod_search,"{""action"": ""search"", ""query"": {""and"": [{""field"": ""category"", ""value"": ""综艺""}, {""field"": ""tag"", ""value"": ""真人秀""}]}, ""retext"": ""嘉宾阵容强的最新那季真人秀综艺"", ""sort"": {""new"": {""order"": ""desc""}}}",嘉宾阵容强的最新那季真人秀综艺,llm_onecall,16658.2,OK,
128,影视,第5轮,每周六更的,vod_search,"{""action"": ""search"", ""query"": {""and"": [{""field"": ""category"", ""value"": ""综艺""}, {""field"": ""tag"", ""value"": ""真人秀""}]}, ""retext"": ""嘉宾阵容强的最新那季真人秀综艺每周六更的"", ""sort"": {""new"": {""order"": ""desc""}}}",嘉宾阵容强的最新那季真人秀综艺每周六更的,llm_onecall,16706.3,OK,
129,影视,第1轮,来一部恐怖片,vod_search,"{""action"": ""search"", ""query"": {""and"": [{""field"": ""category"", ""value"": ""电影""}, {""field"": ""tag"", ""value"": ""恐怖""}]}, ""retext"": ""来一部恐怖片""}",来一部恐怖片,llm_onecall,13842.8,OK,
129,影视,第2轮,评分高点的有吗,vod_search,"{""action"": ""search"", ""query"": {""and"": [{""field"": ""category"", ""value"": ""电影""}, {""field"": ""tag"", ""value"": ""恐怖""}]}, ""retext"": ""评分高点的恐怖片有吗"", ""sort"": {""rate"": {""order"": ""desc""}}}",评分高点的恐怖片有吗,llm_onecall,16095.7,OK,
129,影视,第3轮,惊悚悬疑类,vod_search,"{""action"": ""search"", ""query"": {""field"": ""tag"", ""operator"": ""or"", ""values"": [""惊悚"", ""悬疑""]}, ""retext"": ""想看惊悚悬疑类""}",想看惊悚悬疑类,llm_onecall,16034.8,OK,
129,影视,第4轮,要泰国那种,vod_search_all,"{""action"": ""search"", ""query"": {""and"": [{""field"": ""area"", ""value"": ""泰国""}, {""field"": ""tag"", ""operator"": ""or"", ""values"": [""惊悚"", ""悬疑""]}]}, ""retext"": ""想看泰国惊悚悬疑类""}",想看泰国惊悚悬疑类,llm_onecall,16031.2,OK,
129,影视,第5轮,有国语版的,vod_search_all,"{""action"": ""search"", ""query"": {""and"": [{""field"": ""area"", ""value"": ""泰国""}, {""field"": ""language"", ""value"": ""国语""}, {""field"": ""tag"", ""operator"": ""or"", ""values"": [""惊悚"", ""悬疑""]}]}, ""retext"": ""想看泰国惊悚悬疑类国语版的""}",想看泰国惊悚悬疑类国语版的,llm_onecall,16085.7,OK,
13,影视,第1轮,有啥好看的国产动画电影,educ_search_all,"{""query"": {""and"": [{""field"": ""country"", ""value"": ""中国""}, {""field"": ""children_second_genre"", ""value"": ""动画电影""}]}, ""retext"": ""有啥好看的国产动画电影""}",有啥好看的国产动画电影,llm_onecall,30934.7,OK,
13,影视,第2轮,高票房的,fan_knowledge_agent,"{""messages"": [{""content"": ""高票房的国产动画电影"", ""role"": ""user""}], ""riskRespStrategy"": ""all_replace"", ""sceneTypeIntentList"": [{""sceneType"": ""child""}]}",高票房的国产动画电影,general_rule,20053.1,OK,
13,影视,第3轮,去年上映的,educ_search_all,"{""query"": {""and"": [{""field"": ""country"", ""value"": ""中国""}, {""field"": ""release_time"", ""from"": ""20250101"", ""to"": ""20251231""}, {""field"": ""children_second_genre"", ""value"": ""动画电影""}]}, ""retext"": ""去年上映的高票房的国产动画电影""}",去年上映的高票房的国产动画电影,llm_onecall,16511.5,OK,
13,影视,第4轮,神话故事改编的,fan_knowledge_agent,"{""messages"": [{""content"": ""神话故事改编的"", ""role"": ""user""}], ""riskRespStrategy"": ""all_replace"", ""sceneTypeIntentList"": [{""sceneType"": ""knowledge_qa""}]}",神话故事改编的,llm_select,23621.4,OK,
13,影视,第5轮,画面精美的,fan_knowledge_agent,"{""messages"": [{""content"": ""画面精美的"", ""role"": ""user""}], ""riskRespStrategy"": ""all_replace"", ""sceneTypeIntentList"": [{""sceneType"": ""knowledge_qa""}]}",画面精美的,llm_select,22088.3,OK,
130,影视,第1轮,有没有好看的体育题材电影,,,,,,ERR,TimeoutError: timed out
130,影视,第2轮,励志那种,vod_search,"{""action"": ""search"", ""query"": {""and"": [{""field"": ""category"", ""value"": ""电影""}, {""field"": ""tag"", ""operator"": ""or"", ""values"": [""体育"", ""励志""]}]}, ""retext"": ""有没有好看的体育题材励志电影"", ""sort"": {""hot"": {""order"": ""desc""}}}",有没有好看的体育题材励志电影,llm_onecall,32039.0,OK,
130,影视,第3轮,励志向的,vod_search,"{""action"": ""search"", ""query"": {""and"": [{""field"": ""category"", ""value"": ""电影""}, {""field"": ""tag"", ""operator"": ""or"", ""values"": [""体育"", ""励志""]}]}, ""retext"": ""有没有好看的体育题材励志电影"", ""sort"": {""hot"": {""order"": ""desc""}}}",有没有好看的体育题材励志电影,llm_onecall,30645.2,OK,
130,影视,第4轮,要燃一点的,vod_fuzzy_search,"{""retext"": ""要燃一点的""}",要燃一点的,llm_onecall,12135.6,OK,
130,影视,第5轮,根据真人真事,vod_fuzzy_search,"{""retext"": ""根据真人真事""}",根据真人真事,llm_onecall,13119.2,OK,
131,影视,第1轮,来几部找沈腾主演的剧,fan_knowledge_agent,"{""messages"": [{""content"": ""来几部找沈腾主演的剧"", ""role"": ""user""}], ""riskRespStrategy"": ""all_replace"", ""sceneTypeIntentList"": [{""sceneType"": ""video""}]}",来几部找沈腾主演的剧,general_rule,20234.4,OK,
131,影视,第2轮,新歌,music_song_search,"{""retext"": ""新歌"", ""toplist"": [""新歌""]}",新歌,llm_onecall,15667.1,OK,
131,影视,第3轮,高票房的,fan_knowledge_agent,"{""messages"": [{""content"": ""高票房的"", ""role"": ""user""}], ""riskRespStrategy"": ""all_replace"", ""sceneTypeIntentList"": [{""sceneType"": ""knowledge_qa""}]}",高票房的,general_rule,19006.8,OK,
131,影视,第4轮,卖座的,vod_search,"{""action"": ""search"", ""retext"": ""卖座的"", ""sort"": {""play"": {""order"": ""desc""}}}",卖座的,llm_onecall,16540.0,OK,
131,影视,第5轮,不花钱的吗,vod_search,"{""action"": ""search"", ""query"": {""field"": ""is_fee"", ""value"": ""0""}, ""retext"": ""不花钱的吗""}",不花钱的吗,llm_onecall,15201.7,OK,
132,影视,第1轮,看看谍战剧,vod_search,"{""action"": ""search"", ""query"": {""and"": [{""field"": ""category"", ""value"": ""电视剧""}, {""field"": ""tag"", ""value"": ""谍战""}]}, ""retext"": ""看看谍战剧""}",看看谍战剧,fallback,15090.0,OK,
132,影视,第2轮,热门一点的,vod_search,"{""action"": ""search"", ""query"": {""and"": [{""field"": ""category"", ""value"": ""电视剧""}, {""field"": ""tag"", ""value"": ""谍战""}]}, ""retext"": ""热门谍战剧"", ""sort"": {""hot"": {""order"": ""desc""}}}",热门谍战剧,llm_onecall,16521.3,OK,
132,影视,第3轮,近几年拍的,vod_search,"{""action"": ""search"", ""query"": {""and"": [{""field"": ""category"", ""value"": ""电视剧""}, {""field"": ""tag"", ""value"": ""谍战""}]}, ""retext"": ""近几年拍的热门谍战剧"", ""sort"": {""hot"": {""order"": ""desc""}}}",近几年拍的热门谍战剧,llm_onecall,17114.8,OK,
132,影视,第4轮,要近三年拍的,vod_search,"{""action"": ""search"", ""query"": {""and"": [{""field"": ""category"", ""value"": ""电视剧""}, {""field"": ""tag"", ""value"": ""谍战""}]}, ""retext"": ""近几年拍的热门谍战剧"", ""sort"": {""hot"": {""order"": ""desc""}}}",近几年拍的热门谍战剧,llm_onecall,17158.1,OK,
132,影视,第5轮,免费的有吗,vod_search,"{""action"": ""search"", ""query"": {""and"": [{""field"": ""category"", ""value"": ""电视剧""}, {""field"": ""tag"", ""value"": ""谍战""}, {""field"": ""is_fee"", ""value"": ""0""}, {""field"": ""release_time"", ""from"": ""20210101"", ""to"": ""20260101""}]}, ""retext"": ""近几年拍的热门谍战剧免费的有吗"", ""sort"": {""hot"": {""order"": ""desc""}}}",近几年拍的热门谍战剧免费的有吗,llm_onecall,19273.1,OK,
133,影视,第1轮,有没有好看的年代剧,vod_search,"{""action"": ""search"", ""query"": {""and"": [{""field"": ""category"", ""value"": ""电视剧""}, {""field"": ""tag"", ""value"": ""年代""}]}, ""retext"": ""有没有好看的年代剧"", ""sort"": {""hot"": {""order"": ""desc""}}}",有没有好看的年代剧,llm_onecall,15556.9,OK,
133,影视,第2轮,长篇的,vod_search,"{""action"": ""search"", ""query"": {""and"": [{""field"": ""category"", ""value"": ""电视剧""}, {""field"": ""tag"", ""value"": ""年代""}]}, ""retext"": ""有没有好看的长篇年代剧"", ""sort"": {""hot"": {""order"": ""desc""}}}",有没有好看的长篇年代剧,llm_onecall,16790.4,OK,
133,影视,第3轮,改革开放题材的,vod_search,"{""action"": ""search"", ""query"": {""and"": [{""field"": ""category"", ""value"": ""电视剧""}, {""field"": ""tag"", ""values"": [""改革开放"", ""年代""]}]}, ""retext"": ""有没有好看的长篇改革开放题材年代剧"", ""sort"": {""hot"": {""order"": ""desc""}}}",有没有好看的长篇改革开放题材年代剧,llm_onecall,17474.3,OK,
133,影视,第4轮,讲改革开放那会儿的,vod_search,"{""action"": ""search"", ""query"": {""and"": [{""field"": ""category"", ""value"": ""电视剧""}, {""field"": ""tag"", ""values"": [""改革开放"", ""年代""]}]}, ""retext"": ""有没有好看的长篇改革开放题材年代剧"", ""sort"": {""hot"": {""order"": ""desc""}}}",有没有好看的长篇改革开放题材年代剧,llm_onecall,15253.8,OK,
133,影视,第5轮,收视率高点的,vod_fuzzy_search,"{""retext"": ""有没有好看的长篇改革开放题材年代剧收视率高点的""}",有没有好看的长篇改革开放题材年代剧收视率高点的,llm_onecall,17716.1,OK,
134,影视,第1轮,放动作片,vod_search,"{""action"": ""play"", ""query"": {""field"": ""tag"", ""value"": ""动作""}, ""retext"": ""放动作片""}",放动作片,llm_onecall,14158.7,OK,
134,影视,第2轮,枪战激烈的,vod_search,"{""action"": ""play"", ""query"": {""and"": [{""field"": ""tag"", ""value"": ""动作""}, {""field"": ""tag"", ""value"": ""枪战""}]}, ""retext"": ""放枪战激烈的动作片""}",放枪战激烈的动作片,llm_onecall,16047.8,OK,
134,影视,第3轮,打分高的,vod_search,"{""action"": ""play"", ""query"": {""and"": [{""field"": ""tag"", ""value"": ""动作""}, {""field"": ""tag"", ""value"": ""枪战""}]}, ""retext"": ""播放枪战激烈的动作片""}",播放枪战激烈的动作片,llm_onecall,31760.6,OK,
134,影视,第4轮,配音版的有吗,vod_search,"{""action"": ""play"", ""query"": {""and"": [{""field"": ""tag"", ""value"": ""动作""}, {""field"": ""tag"", ""value"": ""枪战""}]}, ""retext"": ""播放枪战激烈的动作片""}",播放枪战激烈的动作片,llm_onecall,16412.5,OK,
134,影视,第5轮,枪战多的,vod_search,"{""action"": ""play"", ""query"": {""field"": ""tag"", ""value"": ""枪战""}, ""retext"": ""播放枪战多的""}",播放枪战多的,llm_onecall,17389.9,OK,
135,影视,第1轮,推荐些脱口秀节目,vod_search,"{""action"": ""search"", ""query"": {""field"": ""tag"", ""value"": ""脱口秀""}, ""retext"": ""推荐些脱口秀节目""}",推荐些脱口秀节目,llm_onecall,15005.8,OK,
135,影视,第2轮,最近更新的,vod_search,"{""action"": ""search"", ""query"": {""and"": [{""field"": ""category"", ""value"": ""综艺""}, {""field"": ""tag"", ""value"": ""脱口秀""}]}, ""retext"": ""最近更新的脱口秀节目"", ""sort"": {""new"": {""order"": ""desc""}}}",最近更新的脱口秀节目,llm_onecall,16287.5,OK,
135,影视,第3轮,单口喜剧的,,,,,,ERR,TimeoutError: timed out
135,影视,第4轮,要脱口秀大会那种,vod_search,"{""action"": ""search"", ""query"": {""field"": ""title"", ""value"": ""脱口秀大会""}, ""retext"": ""脱口秀大会""}",脱口秀大会,llm_onecall,15284.6,OK,
135,影视,第5轮,单人的,,,,,,ERR,TimeoutError: timed out
136,影视,第1轮,职场剧,vod_search,"{""action"": ""search"", ""query"": {""and"": [{""field"": ""category"", ""value"": ""电视剧""}, {""field"": ""tag"", ""value"": ""职场""}]}, ""retext"": ""职场剧""}",职场剧,llm_onecall,14652.9,OK,
136,影视,第2轮,金融题材的,,,,,,ERR,TimeoutError: timed out
136,影视,第3轮,有字幕版的,vod_search,"{""action"": ""search"", ""query"": {""and"": [{""field"": ""category"", ""value"": ""电视剧""}, {""field"": ""tag"", ""operator"": ""or"", ""values"": [""金融"", ""职场""]}]}, ""retext"": ""金融题材的职场剧有字幕版的""}",金融题材的职场剧有字幕版的,llm_onecall,29239.4,OK,
136,影视,第4轮,有字幕的,vod_search,"{""action"": ""search"", ""query"": {""and"": [{""field"": ""category"", ""value"": ""电视剧""}, {""field"": ""tag"", ""operator"": ""or"", ""values"": [""金融"", ""职场""]}]}, ""retext"": ""金融题材的职场剧有字幕版的""}",金融题材的职场剧有字幕版的,llm_onecall,27461.1,OK,
136,影视,第5轮,集数别太长,vod_search,"{""action"": ""search"", ""query"": {""and"": [{""field"": ""category"", ""value"": ""电视剧""}, {""field"": ""tag"", ""operator"": ""or"", ""values"": [""金融"", ""职场""]}]}, ""retext"": ""金融题材的职场剧有字幕版的集数别太长""}",金融题材的职场剧有字幕版的集数别太长,llm_onecall,28811.1,OK,
137,影视,第1轮,有啥好看的军旅剧,vod_search,"{""action"": ""search"", ""query"": {""and"": [{""field"": ""category"", ""value"": ""电视剧""}, {""field"": ""tag"", ""value"": ""军旅""}]}, ""retext"": ""有啥好看的军旅剧"", ""sort"": {""hot"": {""order"": ""desc""}}}",有啥好看的军旅剧,llm_onecall,15352.4,OK,
137,影视,第2轮,现代背景的,vod_search,"{""action"": ""search"", ""query"": {""and"": [{""field"": ""category"", ""value"": ""电视剧""}, {""field"": ""tag"", ""value"": ""军旅""}, {""field"": ""tag"", ""value"": ""现代""}]}, ""retext"": ""有啥好看的现代背景的军旅剧"", ""sort"": {""hot"": {""order"": ""desc""}}}",有啥好看的现代背景的军旅剧,llm_onecall,18290.2,OK,
137,影视,第3轮,真实事件改编的,vod_search,"{""action"": ""search"", ""query"": {""and"": [{""field"": ""category"", ""value"": ""电视剧""}, {""field"": ""tag"", ""value"": ""军旅""}, {""field"": ""tag"", ""value"": ""现代""}]}, ""retext"": ""有啥好看的现代背景的军旅剧"", ""sort"": {""hot"": {""order"": ""desc""}}}",有啥好看的现代背景的军旅剧,llm_onecall,18188.5,OK,
137,影视,第4轮,有免费片源吗,vod_search,"{""action"": ""search"", ""query"": {""and"": [{""field"": ""category"", ""value"": ""电视剧""}, {""field"": ""tag"", ""operator"": ""or"", ""values"": [""现代"", ""军旅""]}, {""field"": ""is_fee"", ""value"": ""0""}]}, ""retext"": ""有啥好看的现代背景的军旅剧有免费片源吗"", ""sort"": {""hot"": {""order"": ""desc""}}}",有啥好看的现代背景的军旅剧有免费片源吗,llm_onecall,17979.3,OK,
137,影视,第5轮,现代题材的,vod_search,"{""action"": ""search"", ""query"": {""and"": [{""field"": ""category"", ""value"": ""电视剧""}, {""field"": ""tag"", ""value"": ""军旅""}, {""field"": ""tag"", ""value"": ""现代""}]}, ""retext"": ""有啥好看的现代背景的军旅剧"", ""sort"": {""hot"": {""order"": ""desc""}}}",有啥好看的现代背景的军旅剧,llm_onecall,17714.6,OK,
138,影视,第1轮,有没有好看的国产动画电影,educ_search_all,"{""query"": {""and"": [{""field"": ""country"", ""value"": ""中国""}, {""field"": ""children_second_genre"", ""value"": ""动画电影""}]}, ""retext"": ""有没有好看的国产动画电影""}",有没有好看的国产动画电影,llm_onecall,16528.8,OK,
138,影视,第2轮,画面精美的,educ_search_all,"{""query"": {""and"": [{""field"": ""country"", ""value"": ""中国""}, {""field"": ""children_second_genre"", ""value"": ""动画电影""}]}, ""retext"": ""想看画面精美的国产动画电影""}",想看画面精美的国产动画电影,llm_onecall,35404.3,OK,
138,影视,第3轮,神话故事改编的,fan_knowledge_agent,"{""messages"": [{""content"": ""神话故事改编的"", ""role"": ""user""}], ""riskRespStrategy"": ""all_replace"", ""sceneTypeIntentList"": [{""sceneType"": ""knowledge_qa""}]}",神话故事改编的,llm_select,19040.9,OK,
138,影视,第4轮,去年上的,fan_knowledge_agent,"{""messages"": [{""content"": ""去年上映的"", ""role"": ""user""}], ""riskRespStrategy"": ""all_replace"", ""sceneTypeIntentList"": [{""sceneType"": ""knowledge_qa""}]}",去年上映的,general_rule,21067.3,OK,
138,影视,第5轮,画风好的,educ_search_all,"{""query"": {""and"": [{""field"": ""country"", ""value"": ""中国""}, {""field"": ""children_second_genre"", ""value"": ""动画电影""}]}, ""retext"": ""想看画风好的国产动画电影""}",想看画风好的国产动画电影,llm_onecall,29895.9,OK,
139,影视,第1轮,动作片,vod_search,"{""action"": ""search"", ""query"": {""field"": ""tag"", ""value"": ""动作""}, ""retext"": ""动作片""}",动作片,llm_onecall,15503.2,OK,
139,影视,第2轮,美国的,vod_search_all,"{""action"": ""search"", ""query"": {""and"": [{""field"": ""area"", ""value"": ""美国""}, {""field"": ""category"", ""value"": ""电影""}, {""field"": ""tag"", ""value"": ""动作""}]}, ""retext"": ""美国的动作片""}",美国的动作片,llm_onecall,17077.3,OK,
139,影视,第3轮,有中文配音的,vod_search_all,"{""action"": ""search"", ""query"": {""and"": [{""field"": ""area"", ""value"": ""美国""}, {""field"": ""language"", ""value"": ""中文""}, {""field"": ""category"", ""value"": ""电影""}, {""field"": ""tag"", ""value"": ""动作""}, {""field"": ""dubbing"", ""value"": ""中文""}]}, ""retext"": ""有中文配音的美国动作片""}",有中文配音的美国动作片,llm_onecall,17514.5,OK,
139,影视,第4轮,有高清版吗,vod_search_all,"{""action"": ""search"", ""query"": {""and"": [{""field"": ""area"", ""value"": ""美国""}, {""field"": ""category"", ""value"": ""电影""}, {""field"": ""tag"", ""value"": ""动作""}, {""field"": ""definition"", ""value"": ""is_4k""}, {""field"": ""dubbing"", ""value"": ""中文""}]}, ""retext"": ""有中文配音的美国动作片的高清版""}",有中文配音的美国动作片的高清版,llm_onecall,18364.8,OK,
139,影视,第5轮,有中文配音吗,vod_search_all,"{""action"": ""search"", ""query"": {""and"": [{""field"": ""area"", ""value"": ""美国""}, {""field"": ""tag"", ""value"": ""动作""}, {""field"": ""definition"", ""value"": ""is_4k""}, {""field"": ""dubbing"", ""value"": ""中文""}]}, ""retext"": ""有中文配音的美国动作片的高清版有中文配音吗""}",有中文配音的美国动作片的高清版有中文配音吗,llm_onecall,20128.0,OK,
14,影视,第1轮,放几部经典老电影,vod_search,"{""action"": ""play"", ""query"": {""field"": ""tag"", ""value"": ""经典""}, ""retext"": ""放几部经典老电影""}",放几部经典老电影,llm_onecall,59576.8,OK,
14,影视,第2轮,免费能看吗,vod_search,"{""action"": ""search"", ""query"": {""field"": ""is_fee"", ""value"": ""0""}, ""retext"": ""免费能看吗""}",免费能看吗,llm_onecall,16574.2,OK,
14,影视,第3轮,评分高的,vod_search,"{""action"": ""search"", ""query"": {}, ""retext"": ""评分高的"", ""sort"": {""rate"": {""order"": ""desc""}}}",评分高的,llm_onecall,15060.8,OK,
14,影视,第4轮,有中文字幕的,vod_fuzzy_search,"{""retext"": ""有中文字幕的经典老电影""}",有中文字幕的经典老电影,llm_onecall,18909.5,OK,
14,影视,第5轮,有修复版的吗,vod_fuzzy_search,"{""retext"": ""有中文字幕的经典老电影有修复版的吗""}",有中文字幕的经典老电影有修复版的吗,llm_onecall,15189.1,OK,
140,影视,第1轮,放几部恋爱剧,vod_search,"{""action"": ""play"", ""query"": {""and"": [{""field"": ""category"", ""value"": ""电视剧""}, {""field"": ""tag"", ""value"": ""恋爱""}]}, ""retext"": ""放几部恋爱剧""}",放几部恋爱剧,llm_onecall,15733.8,OK,
140,影视,第2轮,高清的,vod_search,"{""action"": ""play"", ""query"": {""and"": [{""field"": ""category"", ""value"": ""电视剧""}, {""field"": ""tag"", ""value"": ""恋爱""}, {""field"": ""definition"", ""value"": ""is_4k""}]}, ""retext"": ""放几部高清的恋爱剧""}",放几部高清的恋爱剧,llm_onecall,17019.6,OK,
140,影视,第3轮,女主漂亮的,vod_search,"{""action"": ""play"", ""query"": {""and"": [{""field"": ""category"", ""value"": ""电视剧""}, {""field"": ""tag"", ""value"": ""恋爱""}, {""field"": ""definition"", ""value"": ""is_4k""}]}, ""retext"": ""放几部女主漂亮的高清恋爱剧""}",放几部女主漂亮的高清恋爱剧,llm_onecall,16154.1,OK,
140,影视,第4轮,高甜不虐的,vod_fuzzy_search,"{""retext"": ""放几部女主漂亮的高清高甜不虐的恋爱剧""}",放几部女主漂亮的高清高甜不虐的恋爱剧,llm_onecall,16323.0,OK,
140,影视,第5轮,大团圆结局的,vod_fuzzy_search,"{""retext"": ""放几部女主漂亮的高清高甜不虐的大团圆结局的恋爱剧""}",放几部女主漂亮的高清高甜不虐的大团圆结局的恋爱剧,llm_onecall,16791.8,OK,
141,影视,第1轮,推荐几部恐怖片,vod_search,"{""action"": ""search"", ""query"": {""and"": [{""field"": ""category"", ""value"": ""电影""}, {""field"": ""tag"", ""value"": ""恐怖""}]}, ""retext"": ""推荐几部恐怖片""}",推荐几部恐怖片,llm_onecall,16695.6,OK,
141,影视,第2轮,东南亚那种,vod_search_all,"{""action"": ""search"", ""query"": {""and"": [{""field"": ""area"", ""value"": ""东南亚""}, {""field"": ""category"", ""value"": ""电影""}, {""field"": ""tag"", ""value"": ""恐怖""}]}, ""retext"": ""推荐东南亚恐怖片""}",推荐东南亚恐怖片,llm_onecall,17505.4,OK,
141,影视,第3轮,有国语版的,vod_search_all,"{""action"": ""search"", ""query"": {""and"": [{""field"": ""area"", ""value"": ""东南亚""}, {""field"": ""language"", ""value"": ""国语""}, {""field"": ""category"", ""value"": ""电影""}, {""field"": ""tag"", ""value"": ""恐怖""}]}, ""retext"": ""推荐东南亚恐怖片的国语版""}",推荐东南亚恐怖片的国语版,llm_onecall,17365.2,OK,
141,影视,第4轮,国语配音的有吗,vod_search_all,"{""action"": ""search"", ""query"": {""and"": [{""field"": ""area"", ""value"": ""东南亚""}, {""field"": ""language"", ""value"": ""国语""}, {""field"": ""category"", ""value"": ""电影""}, {""field"": ""tag"", ""value"": ""恐怖""}]}, ""retext"": ""推荐东南亚恐怖片的国语配音"", ""sort"": {""hot"": {""order"": ""desc""}}}",推荐东南亚恐怖片的国语配音,llm_onecall,17917.7,OK,
141,影视,第5轮,不血腥的,,,,,64.3,OK,
142,影视,第1轮,找黄渤演的电影,vod_search,"{""action"": ""search"", ""query"": {""and"": [{""field"": ""actor"", ""value"": ""黄渤""}, {""field"": ""category"", ""value"": ""电影""}]}, ""retext"": ""找黄渤演的电影""}",找黄渤演的电影,fallback,18545.9,OK,
142,影视,第2轮,最新的有吗,vod_search,"{""action"": ""search"", ""query"": {""and"": [{""field"": ""actor"", ""value"": ""黄渤""}, {""field"": ""category"", ""value"": ""电影""}]}, ""retext"": ""搜索黄渤演的电影""}",搜索黄渤演的电影,llm_onecall,17139.5,OK,
142,影视,第3轮,要口碑好点的,vod_search,"{""action"": ""search"", ""query"": {""and"": [{""field"": ""actor"", ""value"": ""黄渤""}, {""field"": ""category"", ""value"": ""电影""}]}, ""retext"": ""搜索口碑好的黄渤演的电影"", ""sort"": {""rate"": {""order"": ""desc""}}}",搜索口碑好的黄渤演的电影,llm_onecall,16772.2,OK,
142,影视,第4轮,最新那种,vod_search,"{""action"": ""search"", ""query"": {""and"": [{""field"": ""actor"", ""value"": ""黄渤""}, {""field"": ""category"", ""value"": ""电影""}]}, ""retext"": ""搜索口碑好的黄渤演的电影里最新的"", ""sort"": {""new"": {""order"": ""desc""}, ""rate"": {""order"": ""desc""}}}",搜索口碑好的黄渤演的电影里最新的,llm_onecall,18968.0,OK,
142,影视,第5轮,要免费的吗,vod_search,"{""action"": ""search"", ""query"": {""and"": [{""field"": ""actor"", ""value"": ""黄渤""}, {""field"": ""category"", ""value"": ""电影""}, {""field"": ""is_fee"", ""value"": ""免费""}]}, ""retext"": ""搜索口碑好的黄渤演的电影里最新的免费的"", ""sort"": {""new"": {""order"": ""desc""}, ""rate"": {""order"": ""desc""}}}",搜索口碑好的黄渤演的电影里最新的免费的,llm_onecall,17285.0,OK,
143,影视,第1轮,看看灾难片,vod_search,"{""action"": ""play"", ""query"": {""field"": ""tag"", ""value"": ""灾难""}, ""retext"": ""看看灾难片""}",看看灾难片,llm_onecall,16560.9,OK,
143,影视,第2轮,国外的有吗,vod_search_all,"{""action"": ""play"", ""query"": {""and"": [{""field"": ""area"", ""value"": ""国外""}, {""field"": ""category"", ""value"": ""电影""}, {""field"": ""tag"", ""value"": ""灾难""}]}, ""retext"": ""看看国外的灾难片""}",看看国外的灾难片,llm_onecall,16466.7,OK,
143,影视,第3轮,国外的,vod_search_all,"{""action"": ""play"", ""query"": {""and"": [{""field"": ""area"", ""value"": ""国外""}, {""field"": ""category"", ""value"": ""电影""}, {""field"": ""tag"", ""value"": ""灾难""}]}, ""retext"": ""看看国外的灾难片""}",看看国外的灾难片,llm_onecall,17164.7,OK,
143,影视,第4轮,海外的,,,,,,ERR,TimeoutError: timed out
143,影视,第5轮,国语配音的有吗,vod_search_all,"{""action"": ""search"", ""query"": {""and"": [{""field"": ""area"", ""operator"": ""or"", ""values"": [""美国"", ""日本"", ""韩国"", ""英国"", ""法国"", ""德国"", ""加拿大"", ""澳大利亚""]}, {""field"": ""tag"", ""value"": ""灾难""}, {""field"": ""dubbing"", ""value"": ""国语""}]}, ""retext"": ""海外的灾难片有国语配音的吗""}",海外的灾难片有国语配音的吗,llm_onecall,15838.1,OK,
144,影视,第1轮,来一部年代剧,vod_search,"{""action"": ""search"", ""query"": {""and"": [{""field"": ""category"", ""value"": ""电视剧""}, {""field"": ""tag"", ""value"": ""年代""}]}, ""retext"": ""来一部年代剧""}",来一部年代剧,llm_onecall,17005.6,OK,
144,影视,第2轮,集数多的那种,vod_search,"{""action"": ""search"", ""query"": {""and"": [{""field"": ""category"", ""value"": ""电视剧""}, {""field"": ""tag"", ""value"": ""年代""}]}, ""retext"": ""集数多的年代剧"", ""sort"": {""series"": {""order"": ""desc""}}}",集数多的年代剧,llm_onecall,17890.6,OK,
144,影视,第3轮,讲改革开放那会儿的,vod_search,"{""action"": ""search"", ""query"": {""and"": [{""field"": ""category"", ""value"": ""电视剧""}, {""field"": ""tag"", ""value"": ""年代""}]}, ""retext"": ""集数多的年代剧"", ""sort"": {""series"": {""order"": ""desc""}}}",集数多的年代剧,llm_onecall,16635.5,OK,
144,影视,第4轮,免费能看的有吗,vod_search,"{""action"": ""search"", ""query"": {""and"": [{""field"": ""category"", ""value"": ""电视剧""}, {""field"": ""tag"", ""value"": ""年代""}, {""field"": ""is_fee"", ""value"": ""0""}]}, ""retext"": ""集数多的年代剧免费能看的有吗"", ""sort"": {""series"": {""order"": ""desc""}}}",集数多的年代剧免费能看的有吗,llm_onecall,19427.8,OK,
144,影视,第5轮,卡司强的,vod_search,"{""action"": ""search"", ""query"": {""and"": [{""field"": ""category"", ""value"": ""电视剧""}, {""field"": ""tag"", ""value"": ""年代""}, {""field"": ""is_fee"", ""value"": ""0""}]}, ""retext"": ""卡司强的集数多的年代剧免费能看的""}",卡司强的集数多的年代剧免费能看的,llm_onecall,16265.2,OK,
145,影视,第1轮,来点讲亲情的剧,vod_fuzzy_search,"{""retext"": ""来点讲亲情的剧""}",来点讲亲情的剧,llm_onecall,16718.8,OK,
145,影视,第2轮,高清的,vod_search,"{""action"": ""search"", ""query"": {""and"": [{""field"": ""category"", ""value"": ""电视剧""}, {""field"": ""tag"", ""value"": ""亲情""}, {""field"": ""definition"", ""value"": ""is_4k""}]}, ""retext"": ""高清的讲亲情的剧""}",高清的讲亲情的剧,llm_onecall,17346.5,OK,
145,影视,第3轮,亲情题材的,vod_search,"{""action"": ""search"", ""query"": {""field"": ""tag"", ""value"": ""亲情""}, ""retext"": ""亲情题材的""}",亲情题材的,llm_onecall,16314.5,OK,
145,影视,第4轮,高清版,vod_search,"{""action"": ""search"", ""query"": {""field"": ""definition"", ""value"": ""is_hd""}, ""retext"": ""高清版""}",高清版,llm_onecall,31510.0,OK,
145,影视,第5轮,不要会员的,vod_search,"{""action"": ""search"", ""query"": {""field"": ""is_fee"", ""value"": ""0""}, ""retext"": ""不要会员的""}",不要会员的,llm_onecall,14803.2,OK,
146,影视,第1轮,来点韩剧,vod_search_all,"{""action"": ""search"", ""query"": {""field"": ""area"", ""value"": ""韩国""}, ""retext"": ""来点韩剧""}",来点韩剧,llm_onecall,15629.5,OK,
146,影视,第2轮,不用追更的,vod_search_all,"{""action"": ""search"", ""query"": {""and"": [{""field"": ""area"", ""value"": ""韩国""}, {""field"": ""is_over"", ""value"": ""1""}]}, ""retext"": ""不用追更的韩剧""}",不用追更的韩剧,llm_onecall,17375.1,OK,
146,影视,第3轮,悬疑题材的,vod_search_all,"{""action"": ""search"", ""query"": {""and"": [{""field"": ""area"", ""value"": ""韩国""}, {""field"": ""category"", ""value"": ""电视剧""}, {""field"": ""tag"", ""value"": ""悬疑""}]}, ""retext"": ""想看悬疑韩剧""}",想看悬疑韩剧,llm_onecall,16373.5,OK,
146,影视,第4轮,豆瓣8分以上的,vod_search_all,"{""action"": ""search"", ""query"": {""and"": [{""field"": ""area"", ""value"": ""韩国""}, {""field"": ""category"", ""value"": ""电视剧""}, {""field"": ""tag"", ""value"": ""悬疑""}, {""field"": ""rate"", ""from"": ""8.0"", ""to"": ""*""}]}, ""retext"": ""想看豆瓣8分以上的悬疑韩剧""}",想看豆瓣8分以上的悬疑韩剧,llm_onecall,17918.9,OK,
146,影视,第5轮,有中文字幕吗,vod_search_all,"{""action"": ""search"", ""query"": {""and"": [{""field"": ""area"", ""value"": ""韩国""}, {""field"": ""category"", ""value"": ""电视剧""}, {""field"": ""tag"", ""value"": ""悬疑""}, {""field"": ""rate"", ""from"": ""8.0"", ""to"": ""*""}]}, ""retext"": ""搜索豆瓣8分以上的悬疑韩剧""}",搜索豆瓣8分以上的悬疑韩剧,llm_onecall,34350.6,OK,
147,影视,第1轮,动画片有哪些,fan_knowledge_agent,"{""messages"": [{""content"": ""动画片有哪些"", ""role"": ""user""}], ""riskRespStrategy"": ""all_replace"", ""sceneTypeIntentList"": [{""sceneType"": ""child""}]}",动画片有哪些,general_rule,17051.9,OK,
147,影视,第2轮,涨知识的,vod_fuzzy_search,"{""retext"": ""想看涨知识的""}",想看涨知识的,llm_onecall,15764.7,OK,
147,影视,第3轮,有教育意义的,vod_fuzzy_search,"{""retext"": ""想看有教育意义的""}",想看有教育意义的,llm_onecall,16224.5,OK,
147,影视,第4轮,适合上小学的,edu_search,"{""query"": {""and"": [{""field"": ""figures"", ""value"": ""小学""}, {""field"": ""k12_category"", ""operator"": ""or"", ""values"": [""同步课"", ""同步拓展课""]}]}}",想看适合上小学的,llm_onecall,17318.1,OK,
147,影视,第5轮,七八岁小孩看的,educ_search,"{""query"": {""field"": ""age_range"", ""from"": ""7"", ""to"": ""8""}, ""retext"": ""想看适合七八岁小孩看的""}",想看适合七八岁小孩看的,llm_onecall,16475.9,OK,
148,影视,第1轮,我想看国产动画电影,educ_search_all,"{""query"": {""and"": [{""field"": ""country"", ""value"": ""中国""}, {""field"": ""children_second_genre"", ""value"": ""动画电影""}]}, ""retext"": ""我想看国产动画电影""}",我想看国产动画电影,llm_onecall,34259.6,OK,
148,影视,第2轮,画风好的,educ_search_all,"{""query"": {""and"": [{""field"": ""country"", ""value"": ""中国""}, {""field"": ""children_second_genre"", ""value"": ""动画电影""}]}, ""retext"": ""画风好的国产动画电影""}",画风好的国产动画电影,llm_onecall,18277.8,OK,
148,影视,第3轮,要神话故事改编的,fan_knowledge_agent,"{""messages"": [{""content"": ""画风好的神话故事改编的国产动画电影"", ""role"": ""user""}], ""riskRespStrategy"": ""all_replace"", ""sceneTypeIntentList"": [{""sceneType"": ""child""}]}",画风好的神话故事改编的国产动画电影,llm_select,17835.2,OK,
148,影视,第4轮,去年出的,fan_knowledge_agent,"{""messages"": [{""content"": ""画风好的神话故事改编的国产动画电影去年出的"", ""role"": ""user""}], ""riskRespStrategy"": ""all_replace"", ""sceneTypeIntentList"": [{""sceneType"": ""child""}]}",画风好的神话故事改编的国产动画电影去年出的,llm_select,19525.8,OK,
148,影视,第5轮,根据神话改编,fan_knowledge_agent,"{""messages"": [{""content"": ""画风好的神话故事改编的国产动画电影"", ""role"": ""user""}], ""riskRespStrategy"": ""all_replace"", ""sceneTypeIntentList"": [{""sceneType"": ""child""}]}",画风好的神话故事改编的国产动画电影,llm_select,17796.5,OK,
149,影视,第1轮,好看的经典老电影,vod_fuzzy_search,"{""retext"": ""好看的经典老电影""}",好看的经典老电影,llm_onecall,14905.1,OK,
149,影视,第2轮,口碑好的,vod_fuzzy_search,"{""retext"": ""口碑好的""}",口碑好的,llm_onecall,16175.5,OK,
149,影视,第3轮,4K修复版,vod_fuzzy_search,"{""retext"": ""好看的经典老电影口碑好的4K修复版""}",好看的经典老电影口碑好的4K修复版,llm_onecall,17581.4,OK,
149,影视,第4轮,修复版的有没有,vod_fuzzy_search,"{""retext"": ""好看的经典老电影口碑好的4K修复版""}",好看的经典老电影口碑好的4K修复版,llm_onecall,17350.0,OK,
149,影视,第5轮,老黑白片,vod_fuzzy_search,"{""retext"": ""老黑白片""}",老黑白片,llm_onecall,15518.1,OK,
15,影视,第1轮,推荐几部动作片,vod_search,"{""action"": ""search"", ""query"": {""and"": [{""field"": ""category"", ""value"": ""电影""}, {""field"": ""tag"", ""value"": ""动作""}]}, ""retext"": ""推荐几部动作片""}",推荐几部动作片,badcase,15755.2,OK,
15,影视,第2轮,枪战激烈的,vod_fuzzy_search,"{""retext"": ""推荐枪战激烈的动作片""}",推荐枪战激烈的动作片,llm_onecall,15399.7,OK,
15,影视,第3轮,美国大片的那种,vod_search_all,"{""action"": ""search"", ""query"": {""and"": [{""field"": ""area"", ""value"": ""美国""}, {""field"": ""category"", ""value"": ""电影""}, {""field"": ""tag"", ""value"": ""动作""}]}, ""retext"": ""推荐美国枪战激烈的动作片""}",推荐美国枪战激烈的动作片,llm_onecall,14515.5,OK,
15,影视,第4轮,好莱坞的,vod_search_all,"{""action"": ""search"", ""query"": {""and"": [{""field"": ""area"", ""value"": ""好莱坞""}, {""field"": ""category"", ""value"": ""电影""}, {""field"": ""tag"", ""value"": ""动作""}]}, ""retext"": ""推荐好莱坞枪战激烈的动作片""}",推荐好莱坞枪战激烈的动作片,llm_onecall,32356.9,OK,
15,影视,第5轮,口碑好点的,vod_search_all,"{""action"": ""search"", ""query"": {""and"": [{""field"": ""area"", ""value"": ""好莱坞""}, {""field"": ""category"", ""value"": ""电影""}, {""field"": ""tag"", ""value"": ""枪战""}, {""field"": ""tag"", ""value"": ""动作""}]}, ""retext"": ""推荐口碑好的好莱坞枪战激烈的动作片"", ""sort"": {""rate"": {""order"": ""desc""}}}",推荐口碑好的好莱坞枪战激烈的动作片,llm_onecall,34053.9,OK,
150,影视,第1轮,有哪些恐怖片,fan_knowledge_agent,"{""messages"": [{""content"": ""有哪些恐怖片"", ""role"": ""user""}], ""riskRespStrategy"": ""all_replace"", ""sceneTypeIntentList"": [{""sceneType"": ""knowledge_qa""}]}",有哪些恐怖片,general_rule,19287.4,OK,
150,影视,第2轮,评分高点的有吗,vod_search,"{""action"": ""search"", ""query"": {""and"": [{""field"": ""title"", ""operator"": ""or"", ""values"": [""我们埋葬死者"", ""请求救援"", ""绿液惊魂"", ""暗黑新娘！"", ""凶门忌开"", ""恶魔附身2"", ""冰淇淋人"", ""逃出布迪秀"", ""灵魂伴侣"", ""Werwulf"", ""招魂3"", ""寂静之地2"", ""电锯惊魂9"", ""孤儿怨2"", ""月光光心慌慌""]}, {""field"": ""category"", ""value"": ""电影""}, {""field"": ""tag"", ""value"": ""恐怖""}]}, ""retext"": ""《我们埋葬死者》《请求救援》《绿液惊魂》《暗黑新娘！》《凶门忌开》《恶魔附身2》《冰淇淋人》《逃出布迪秀》《灵魂伴侣》《Werwulf》《招魂3》《寂静之地2》《电锯惊魂9》《孤儿怨2》《月光光心慌慌》中评分高的恐怖片"", ""sort"": {""rate"": {""order"": ""desc""}}}",《我们埋葬死者》《请求救援》《绿液惊魂》《暗黑新娘！》《凶门忌开》《恶魔附身2》《冰淇淋人》《逃出布迪秀》《灵魂伴侣》《Werwulf》《招魂3》《寂静之地2》《电锯惊魂9》《孤儿怨2》《月光光心慌慌》中评分高的恐怖片,llm_onecall,24241.3,OK,
150,影视,第3轮,东南亚的,vod_search_all,"{""action"": ""search"", ""query"": {""and"": [{""field"": ""area"", ""value"": ""东南亚""}, {""field"": ""category"", ""value"": ""电影""}, {""field"": ""tag"", ""value"": ""恐怖""}]}, ""retext"": ""东南亚的恐怖片""}",东南亚的恐怖片,llm_onecall,16454.7,OK,
150,影视,第4轮,不血腥的,,,,,45.4,OK,
150,影视,第5轮,东南亚那种,vod_search_all,"{""action"": ""search"", ""query"": {""and"": [{""field"": ""area"", ""value"": ""东南亚""}, {""field"": ""category"", ""value"": ""电影""}, {""field"": ""tag"", ""value"": ""恐怖""}]}, ""retext"": ""东南亚的恐怖片""}",东南亚的恐怖片,llm_onecall,16766.4,OK,
151,影视,第1轮,推荐些国产动画电影,educ_search_all,"{""query"": {""and"": [{""field"": ""country"", ""value"": ""中国""}, {""field"": ""children_second_genre"", ""value"": ""动画电影""}]}, ""retext"": ""推荐些国产动画电影""}",推荐些国产动画电影,llm_onecall,34535.8,OK,
151,影视,第2轮,神话题材的,educ_search_all,"{""query"": {""and"": [{""field"": ""country"", ""value"": ""中国""}, {""field"": ""children_third_genre"", ""value"": ""神话""}, {""field"": ""children_second_genre"", ""value"": ""动画电影""}]}, ""retext"": ""推荐神话题材的国产动画电影""}",推荐神话题材的国产动画电影,llm_onecall,15831.7,OK,
151,影视,第3轮,去年出的,educ_search_all,"{""query"": {""and"": [{""field"": ""country"", ""value"": ""中国""}, {""field"": ""release_time"", ""from"": ""20250101"", ""to"": ""20251231""}, {""field"": ""children_third_genre"", ""value"": ""神话""}, {""field"": ""children_second_genre"", ""value"": ""动画电影""}]}, ""retext"": ""去年出的神话题材的国产动画电影""}",去年出的神话题材的国产动画电影,llm_onecall,17431.2,OK,
151,影视,第4轮,神话故事改编的,fan_knowledge_agent,"{""messages"": [{""content"": ""神话故事改编的"", ""role"": ""user""}], ""riskRespStrategy"": ""all_replace"", ""sceneTypeIntentList"": [{""sceneType"": ""knowledge_qa""}]}",神话故事改编的,llm_select,16178.4,OK,
151,影视,第5轮,神话改编的,fan_knowledge_agent,"{""messages"": [{""content"": ""神话改编的"", ""role"": ""user""}], ""riskRespStrategy"": ""all_replace"", ""sceneTypeIntentList"": [{""sceneType"": ""knowledge_qa""}]}",神话改编的,llm_select,17955.3,OK,
152,影视,第1轮,有没有好看的动作片,vod_search,"{""action"": ""search"", ""query"": {""and"": [{""field"": ""category"", ""value"": ""电影""}, {""field"": ""tag"", ""value"": ""动作""}]}, ""retext"": ""有没有好看的动作片"", ""sort"": {""hot"": {""order"": ""desc""}}}",有没有好看的动作片,llm_onecall,15951.1,OK,
152,影视,第2轮,火力全开的,vod_search,"{""action"": ""search"", ""query"": {""field"": ""title"", ""value"": ""火力全开""}, ""retext"": ""火力全开的""}",火力全开的,llm_onecall,18730.4,OK,
152,影视,第3轮,枪战激烈的,vod_search,"{""action"": ""search"", ""query"": {""field"": ""title"", ""value"": ""火力全开""}, ""retext"": ""火力全开的""}",火力全开的,llm_onecall,14158.6,OK,
152,影视,第4轮,好莱坞的,vod_search_all,"{""action"": ""search"", ""query"": {""and"": [{""field"": ""area"", ""value"": ""好莱坞""}, {""field"": ""category"", ""value"": ""电影""}, {""field"": ""tag"", ""value"": ""动作""}]}, ""retext"": ""有没有好莱坞的动作片""}",有没有好莱坞的动作片,llm_onecall,28888.7,OK,
152,影视,第5轮,好莱坞那种,,,,,,ERR,TimeoutError: timed out
153,影视,第1轮,有啥好看的历史剧,edu_fuzzy_search,"{""retext"": ""有啥好看的历史剧""}",有啥好看的历史剧,llm_onecall,15016.7,OK,
153,影视,第2轮,不用追更,edu_fuzzy_search,"{""retext"": ""不用追更""}",不用追更,llm_onecall,16561.9,OK,
153,影视,第3轮,国产的有没有,edu_fuzzy_search,"{""retext"": ""有没有国产的历史剧""}",有没有国产的历史剧,llm_onecall,13129.6,OK,
153,影视,第4轮,制作精良的,edu_fuzzy_search,"{""retext"": ""制作精良的""}",制作精良的,llm_onecall,14409.1,OK,
153,影视,第5轮,不用等更新的,edu_fuzzy_search,"{""retext"": ""不用等更新的""}",不用等更新的,llm_onecall,13834.8,OK,
154,影视,第1轮,脱口秀节目,vod_search,"{""action"": ""search"", ""query"": {""and"": [{""field"": ""category"", ""value"": ""综艺""}, {""field"": ""tag"", ""value"": ""脱口秀""}]}, ""retext"": ""脱口秀节目""}",脱口秀节目,llm_onecall,16853.8,OK,
154,影视,第2轮,最近更新的,vod_search,"{""action"": ""search"", ""query"": {""and"": [{""field"": ""category"", ""value"": ""综艺""}, {""field"": ""tag"", ""value"": ""脱口秀""}]}, ""retext"": ""最近更新的脱口秀节目"", ""sort"": {""new"": {""order"": ""desc""}}}",最近更新的脱口秀节目,llm_onecall,19885.6,OK,
154,影视,第3轮,要单口喜剧的,,,,,,ERR,TimeoutError: timed out
154,影视,第4轮,单口那种,,,,,,ERR,TimeoutError: timed out
154,影视,第5轮,脱口秀大会那种,vod_search,"{""action"": ""search"", ""query"": {""and"": [{""field"": ""title"", ""value"": ""脱口秀大会""}, {""field"": ""tag"", ""value"": ""脱口秀""}]}, ""retext"": ""想看脱口秀大会""}",想看脱口秀大会,llm_onecall,16875.9,OK,
155,影视,第1轮,年代剧有哪些,fan_knowledge_agent,"{""messages"": [{""content"": ""年代剧有哪些"", ""role"": ""user""}], ""riskRespStrategy"": ""all_replace"", ""sceneTypeIntentList"": [{""sceneType"": ""video""}]}",年代剧有哪些,general_rule,21734.0,OK,
155,影视,第2轮,演员阵容豪华的,vod_search,"{""action"": ""search"", ""query"": {""and"": [{""field"": ""tag"", ""value"": ""年代""}, {""field"": ""tag"", ""value"": ""豪华阵容""}]}, ""retext"": ""年代剧演员阵容豪华的""}",年代剧演员阵容豪华的,llm_onecall,31208.7,OK,
155,影视,第3轮,卡司强的,vod_fuzzy_search,"{""retext"": ""卡司强的""}",卡司强的,llm_onecall,14901.5,OK,
155,影视,第4轮,集数多点的,vod_search,"{""action"": ""search"", ""query"": {""and"": [{""field"": ""category"", ""value"": ""电视剧""}, {""field"": ""tag"", ""value"": ""年代""}]}, ""retext"": ""年代剧演员阵容豪华的集数多点的"", ""sort"": {""hot"": {""order"": ""desc""}}}",年代剧演员阵容豪华的集数多点的,llm_onecall,14337.0,OK,
155,影视,第5轮,收视率高点的,vod_fuzzy_search,"{""retext"": ""年代剧演员阵容豪华的集数多点收视率高点的""}",年代剧演员阵容豪华的集数多点收视率高点的,llm_onecall,16269.0,OK,
156,影视,第1轮,我想看真人秀综艺,vod_search,"{""action"": ""search"", ""query"": {""and"": [{""field"": ""category"", ""value"": ""综艺""}, {""field"": ""tag"", ""value"": ""真人秀""}]}, ""retext"": ""我想看真人秀综艺""}",我想看真人秀综艺,llm_onecall,15922.1,OK,
156,影视,第2轮,户外挑战类的,,,,,,ERR,TimeoutError: timed out
156,影视,第3轮,要明星多的,vod_search,"{""action"": ""search"", ""query"": {""and"": [{""field"": ""category"", ""value"": ""综艺""}, {""field"": ""tag"", ""operator"": ""or"", ""values"": [""户外"", ""挑战"", ""真人秀""]}]}, ""retext"": ""我想看户外挑战类真人秀综艺要明星多的""}",我想看户外挑战类真人秀综艺要明星多的,llm_onecall,31176.2,OK,
156,影视,第4轮,周六那期,vod_search,"{""action"": ""search"", ""query"": {""and"": [{""field"": ""category"", ""value"": ""综艺""}, {""field"": ""tag"", ""value"": ""户外挑战""}, {""field"": ""tag"", ""value"": ""真人秀""}]}, ""retext"": ""我想看周六那期户外挑战类真人秀综艺""}",我想看周六那期户外挑战类真人秀综艺,llm_onecall,33635.6,OK,
156,影视,第5轮,野外真人秀,,,,,,ERR,TimeoutError: timed out
157,影视,第1轮,体育题材电影,,,,,,ERR,TimeoutError: timed out
157,影视,第2轮,真事改编的,fan_knowledge_agent,"{""messages"": [{""content"": ""真事改编的体育题材电影"", ""role"": ""user""}], ""riskRespStrategy"": ""all_replace"", ""sceneTypeIntentList"": [{""intent"": ""sports_chat_qa"", ""sceneType"": ""sport_qa""}]}",真事改编的体育题材电影,llm_select,19167.3,OK,
157,影视,第3轮,真实事件改编的,fan_knowledge_agent,"{""messages"": [{""content"": ""真实事件改编的"", ""role"": ""user""}], ""riskRespStrategy"": ""all_replace"", ""sceneTypeIntentList"": [{""sceneType"": ""knowledge_qa""}]}",真实事件改编的,llm_select,20706.1,OK,
157,影视,第4轮,燃一点的,fan_knowledge_agent,"{""messages"": [{""content"": ""真实事件改编的体育题材电影燃一点的"", ""role"": ""user""}], ""riskRespStrategy"": ""all_replace"", ""sceneTypeIntentList"": [{""intent"": ""sports_chat_qa"", ""sceneType"": ""sport_qa""}]}",真实事件改编的体育题材电影燃一点的,llm_select,20736.1,OK,
157,影视,第5轮,励志的,fan_knowledge_agent,"{""messages"": [{""content"": ""真实事件改编的体育题材电影燃一点的励志的"", ""role"": ""user""}], ""riskRespStrategy"": ""all_replace"", ""sceneTypeIntentList"": [{""intent"": ""sports_chat_qa"", ""sceneType"": ""sport_qa""}]}",真实事件改编的体育题材电影燃一点的励志的,llm_select,20736.5,OK,
158,影视,第1轮,好看的灾难片,vod_search,"{""action"": ""search"", ""query"": {""and"": [{""field"": ""category"", ""value"": ""电影""}, {""field"": ""tag"", ""value"": ""灾难""}]}, ""retext"": ""好看的灾难片"", ""sort"": {""hot"": {""order"": ""desc""}}}",好看的灾难片,llm_onecall,19463.4,OK,
158,影视,第2轮,国外的有吗,vod_search_all,"{""action"": ""search"", ""query"": {""and"": [{""field"": ""area"", ""value"": ""国外""}, {""field"": ""category"", ""value"": ""电影""}, {""field"": ""tag"", ""value"": ""灾难""}]}, ""retext"": ""国外的好看的灾难片"", ""sort"": {""hot"": {""order"": ""desc""}}}",国外的好看的灾难片,llm_onecall,17092.6,OK,
158,影视,第3轮,评分高一些的,edu_fuzzy_search,"{""retext"": ""国外的好看的灾难片评分高一些的""}",国外的好看的灾难片评分高一些的,llm_onecall,15740.1,OK,
158,影视,第4轮,近五年的,edu_fuzzy_search,"{""retext"": ""国外的好看的灾难片评分高一些的近五年的""}",国外的好看的灾难片评分高一些的近五年的,llm_onecall,12776.5,OK,
158,影视,第5轮,有国语版的,edu_fuzzy_search,"{""retext"": ""国外的好看的灾难片评分高一些的近五年的有国语版的""}",国外的好看的灾难片评分高一些的近五年的有国语版的,llm_onecall,12431.7,OK,
159,影视,第1轮,找点恋爱剧,vod_search,"{""action"": ""search"", ""query"": {""and"": [{""field"": ""category"", ""value"": ""电视剧""}, {""field"": ""tag"", ""value"": ""恋爱""}]}, ""retext"": ""找点恋爱剧""}",找点恋爱剧,llm_onecall,19141.0,OK,
159,影视,第2轮,圆满结局的,vod_search,"{""action"": ""search"", ""query"": {""and"": [{""field"": ""category"", ""value"": ""电视剧""}, {""field"": ""tag"", ""operator"": ""or"", ""values"": [""恋爱"", ""圆满结局""]}]}, ""retext"": ""找点圆满结局的恋爱剧""}",找点圆满结局的恋爱剧,llm_onecall,31842.1,OK,
159,影视,第3轮,大团圆结局的,vod_fuzzy_search,"{""retext"": ""找点大团圆结局的恋爱剧""}",找点大团圆结局的恋爱剧,llm_onecall,12962.8,OK,
159,影视,第4轮,高清版的,vod_search,"{""action"": ""search"", ""query"": {""and"": [{""field"": ""category"", ""value"": ""电视剧""}, {""field"": ""tag"", ""values"": [""大团圆"", ""恋爱""]}, {""field"": ""definition"", ""value"": ""is_4k""}]}, ""retext"": ""找点高清版的大团圆结局的恋爱剧""}",找点高清版的大团圆结局的恋爱剧,llm_onecall,27612.9,OK,
159,影视,第5轮,甜宠的,vod_search,"{""action"": ""search"", ""query"": {""and"": [{""field"": ""category"", ""value"": ""电视剧""}, {""field"": ""tag"", ""values"": [""大团圆结局"", ""甜宠"", ""恋爱""]}, {""field"": ""definition"", ""value"": ""is_4k""}]}, ""retext"": ""找点高清版的大团圆结局的甜宠恋爱剧""}",找点高清版的大团圆结局的甜宠恋爱剧,llm_onecall,32280.1,OK,
16,影视,第1轮,恋爱剧有哪些,fan_knowledge_agent,"{""messages"": [{""content"": ""恋爱剧有哪些"", ""role"": ""user""}], ""riskRespStrategy"": ""all_replace"", ""sceneTypeIntentList"": [{""sceneType"": ""video""}]}",恋爱剧有哪些,general_rule,24159.0,OK,
16,影视,第2轮,女主好看的,fan_knowledge_agent,"{""messages"": [{""content"": ""魏哲鸣和郑合惠子主演的《你是迟来的欢喜》的女主好看"", ""role"": ""user""}], ""riskRespStrategy"": ""all_replace"", ""sceneTypeIntentList"": [{""sceneType"": ""video""}]}",魏哲鸣和郑合惠子主演的《你是迟来的欢喜》的女主好看,general_rule,18893.7,OK,
16,影视,第3轮,圆满结局的,vod_search,"{""action"": ""search"", ""query"": {""field"": ""title"", ""value"": ""你是迟来的欢喜""}, ""retext"": ""《你是迟来的欢喜》""}",《你是迟来的欢喜》,llm_onecall,14119.4,OK,
16,影视,第4轮,颜值高的,fan_knowledge_agent,"{""messages"": [{""content"": ""魏哲鸣和郑合惠子主演的《你是迟来的欢喜》的女主好看"", ""role"": ""user""}], ""riskRespStrategy"": ""all_replace"", ""sceneTypeIntentList"": [{""sceneType"": ""video""}]}",魏哲鸣和郑合惠子主演的《你是迟来的欢喜》的女主好看,general_rule,27202.5,OK,
16,影视,第5轮,要甜甜的恋爱那种,vod_search,"{""action"": ""search"", ""query"": {""and"": [{""field"": ""category"", ""value"": ""电视剧""}, {""field"": ""tag"", ""value"": ""甜甜的恋爱""}]}, ""retext"": ""想看甜甜的恋爱剧""}",想看甜甜的恋爱剧,llm_onecall,32482.7,OK,
160,影视,第1轮,有没有好看的历史剧,edu_fuzzy_search,"{""retext"": ""有没有好看的历史剧""}",有没有好看的历史剧,llm_onecall,14982.7,OK,
160,影视,第2轮,不用等更新的,edu_fuzzy_search,"{""retext"": ""不用等更新的""}",不用等更新的,llm_onecall,13779.1,OK,
160,影视,第3轮,服化道好的,edu_fuzzy_search,"{""retext"": ""服化道好的历史剧""}",服化道好的历史剧,llm_onecall,15819.0,OK,
160,影视,第4轮,完结的,edu_fuzzy_search,"{""retext"": ""完结的""}",完结的,llm_onecall,11717.0,OK,
160,影视,第5轮,大唐题材的,edu_fuzzy_search,"{""retext"": ""大唐题材的历史剧""}",大唐题材的历史剧,llm_onecall,12940.6,OK,
161,影视,第1轮,有啥好看的真人秀综艺,vod_fuzzy_search,"{""retext"": ""有啥好看的真人秀综艺""}",有啥好看的真人秀综艺,llm_onecall,15137.3,OK,
161,影视,第2轮,最新一期,vod_search,"{""action"": ""search"", ""query"": {""and"": [{""field"": ""category"", ""value"": ""综艺""}, {""field"": ""tag"", ""value"": ""真人秀""}]}, ""retext"": ""最新一期好看的真人秀综艺"", ""sort"": {""hot"": {""order"": ""desc""}, ""new"": {""order"": ""desc""}}}",最新一期好看的真人秀综艺,llm_onecall,16191.7,OK,
161,影视,第3轮,最新那季的那种,vod_search,"{""action"": ""search"", ""query"": {""and"": [{""field"": ""category"", ""value"": ""综艺""}, {""field"": ""tag"", ""value"": ""真人秀""}]}, ""retext"": ""最新一期好看的真人秀综艺"", ""sort"": {""hot"": {""order"": ""desc""}, ""new"": {""order"": ""desc""}}}",最新一期好看的真人秀综艺,llm_onecall,15739.3,OK,
161,影视,第4轮,户外挑战类的,,,,,,ERR,TimeoutError: timed out
161,影视,第5轮,户外的那种,vod_search,"{""action"": ""search"", ""query"": {""and"": [{""field"": ""category"", ""value"": ""综艺""}, {""field"": ""tag"", ""value"": ""户外挑战""}]}, ""retext"": ""最新一期好看的户外挑战类真人秀综艺"", ""sort"": {""hot"": {""order"": ""desc""}, ""new"": {""order"": ""desc""}}}",最新一期好看的户外挑战类真人秀综艺,llm_onecall,30953.2,OK,
162,影视,第1轮,来一部体育题材电影,,,,,,ERR,TimeoutError: timed out
162,影视,第2轮,励志的,vod_search,"{""action"": ""search"", ""query"": {""and"": [{""field"": ""category"", ""value"": ""电影""}, {""field"": ""tag"", ""value"": ""励志""}, {""field"": ""tag"", ""value"": ""体育""}]}, ""retext"": ""想看励志体育电影""}",想看励志体育电影,llm_onecall,30743.0,OK,
162,影视,第3轮,励志向的,vod_personalized_search,"{""tag"": ""励志""}",励志向的,llm_onecall,16041.7,OK,
162,影视,第4轮,励志那种,vod_search,"{""action"": ""search"", ""query"": {""and"": [{""field"": ""category"", ""value"": ""电影""}, {""field"": ""tag"", ""value"": ""励志""}, {""field"": ""tag"", ""value"": ""体育""}]}, ""retext"": ""想看励志体育电影""}",想看励志体育电影,llm_onecall,29933.4,OK,
162,影视,第5轮,有高清版吗,vod_search,"{""action"": ""search"", ""query"": {""and"": [{""field"": ""category"", ""value"": ""电影""}, {""field"": ""tag"", ""operator"": ""or"", ""values"": [""励志"", ""体育""]}, {""field"": ""definition"", ""value"": ""is_4k""}]}, ""retext"": ""想看励志体育电影的高清版""}",想看励志体育电影的高清版,llm_onecall,29451.4,OK,
163,影视,第1轮,有哪些最新的综艺,fan_knowledge_agent,"{""messages"": [{""content"": ""有哪些最新的综艺"", ""role"": ""user""}], ""riskRespStrategy"": ""all_replace"", ""sceneTypeIntentList"": [{""sceneType"": ""video""}]}",有哪些最新的综艺,general_rule,18784.4,OK,
163,影视,第2轮,新歌,music_song_search,"{""retext"": ""播放新歌""}",播放新歌,llm_onecall,13819.4,OK,
163,影视,第3轮,最新的,fan_knowledge_agent,"{""messages"": [{""content"": ""有哪些最新的综艺"", ""role"": ""user""}], ""riskRespStrategy"": ""all_replace"", ""sceneTypeIntentList"": [{""sceneType"": ""video""}]}",有哪些最新的综艺,general_rule,19697.1,OK,
163,影视,第4轮,不花钱的有没有,fan_knowledge_agent,"{""messages"": [{""content"": ""不花钱的综艺有哪些"", ""role"": ""user""}], ""riskRespStrategy"": ""all_replace"", ""sceneTypeIntentList"": [{""sceneType"": ""video""}]}",不花钱的综艺有哪些,general_rule,18287.1,OK,
163,影视,第5轮,热门一点的,fan_knowledge_agent,"{""messages"": [{""content"": ""热门一点的"", ""role"": ""user""}], ""riskRespStrategy"": ""all_replace"", ""sceneTypeIntentList"": [{""sceneType"": ""knowledge_qa""}]}",热门一点的,llm_select,18494.5,OK,
164,影视,第1轮,找吴京主演的剧,fan_knowledge_agent,"{""messages"": [{""content"": ""找吴京主演的剧"", ""role"": ""user""}], ""riskRespStrategy"": ""all_replace"", ""sceneTypeIntentList"": [{""sceneType"": ""video""}]}",找吴京主演的剧,general_rule,19010.4,OK,
164,影视,第2轮,最新的,vod_search,"{""action"": ""search"", ""query"": {""field"": ""title"", ""value"": ""镖人：风起大漠""}, ""retext"": ""《镖人：风起大漠》""}",《镖人：风起大漠》,llm_onecall,15711.3,OK,
164,影视,第3轮,最新那种,vod_search,"{""action"": ""search"", ""query"": {""field"": ""title"", ""value"": ""镖人：风起大漠""}, ""retext"": ""《镖人：风起大漠》""}",《镖人：风起大漠》,llm_onecall,13129.8,OK,
164,影视,第4轮,要评价好点的,vod_search,"{""action"": ""search"", ""query"": {""field"": ""title"", ""value"": ""镖人：风起大漠""}, ""retext"": ""《镖人：风起大漠》""}",《镖人：风起大漠》,llm_onecall,13050.4,OK,
164,影视,第5轮,评分高一点的,edu_fuzzy_search,"{""retext"": ""《镖人：风起大漠》评分高一点的""}",《镖人：风起大漠》评分高一点的,llm_onecall,14480.0,OK,
165,影视,第1轮,灾难片,vod_search,"{""action"": ""search"", ""query"": {""field"": ""tag"", ""value"": ""灾难""}, ""retext"": ""灾难片""}",灾难片,llm_onecall,13397.2,OK,
165,影视,第2轮,最近五年上映的,fan_knowledge_agent,"{""messages"": [{""content"": ""最近五年上映的灾难片"", ""role"": ""user""}], ""riskRespStrategy"": ""all_replace"", ""sceneTypeIntentList"": [{""sceneType"": ""knowledge_qa""}]}",最近五年上映的灾难片,general_rule,19247.2,OK,
165,影视,第3轮,国外的,fan_knowledge_agent,"{""messages"": [{""content"": ""最近五年上映的国外灾难片"", ""role"": ""user""}], ""riskRespStrategy"": ""all_replace"", ""sceneTypeIntentList"": [{""sceneType"": ""knowledge_qa""}]}",最近五年上映的国外灾难片,general_rule,20236.8,OK,
165,影视,第4轮,近五年的,fan_knowledge_agent,"{""messages"": [{""content"": ""最近五年上映的国外灾难片"", ""role"": ""user""}], ""riskRespStrategy"": ""all_replace"", ""sceneTypeIntentList"": [{""sceneType"": ""knowledge_qa""}]}",最近五年上映的国外灾难片,general_rule,17063.5,OK,
165,影视,第5轮,近五年上映的,fan_knowledge_agent,"{""messages"": [{""content"": ""近五年上映的灾难片"", ""role"": ""user""}], ""riskRespStrategy"": ""all_replace"", ""sceneTypeIntentList"": [{""sceneType"": ""knowledge_qa""}]}",近五年上映的灾难片,general_rule,21552.4,OK,
166,影视,第1轮,有什么武侠剧,vod_search,"{""action"": ""search"", ""query"": {""and"": [{""field"": ""category"", ""value"": ""电视剧""}, {""field"": ""tag"", ""value"": ""武侠""}]}, ""retext"": ""有什么武侠剧""}",有什么武侠剧,llm_onecall,15982.1,OK,
166,影视,第2轮,画质清楚点的,vod_search,"{""action"": ""search"", ""query"": {""and"": [{""field"": ""category"", ""value"": ""电视剧""}, {""field"": ""tag"", ""value"": ""武侠""}, {""field"": ""definition"", ""value"": ""is_4k""}]}, ""retext"": ""画质清楚点的武侠剧""}",画质清楚点的武侠剧,llm_onecall,14460.5,OK,
166,影视,第3轮,打戏好看的,vod_search,"{""action"": ""search"", ""query"": {""and"": [{""field"": ""category"", ""value"": ""电视剧""}, {""field"": ""tag"", ""operator"": ""or"", ""values"": [""武侠"", ""动作""]}]}, ""retext"": ""画质清楚点打戏好看的武侠剧"", ""sort"": {""hot"": {""order"": ""desc""}}}",画质清楚点打戏好看的武侠剧,llm_onecall,14506.8,OK,
166,影视,第4轮,内地拍的,vod_search_all,"{""action"": ""search"", ""query"": {""and"": [{""field"": ""area"", ""value"": ""内地""}, {""field"": ""category"", ""value"": ""电视剧""}, {""field"": ""tag"", ""operator"": ""or"", ""values"": [""武侠"", ""打戏""]}]}, ""retext"": ""画质清楚点打戏好看的内地武侠剧"", ""sort"": {""hot"": {""order"": ""desc""}}}",画质清楚点打戏好看的内地武侠剧,llm_onecall,29871.1,OK,
166,影视,第5轮,动作场面好的,vod_search_all,"{""action"": ""search"", ""query"": {""and"": [{""field"": ""area"", ""value"": ""内地""}, {""field"": ""category"", ""value"": ""电视剧""}, {""field"": ""tag"", ""operator"": ""or"", ""values"": [""武侠"", ""动作""]}]}, ""retext"": ""画质清楚点打戏好看的内地武侠剧动作场面好的"", ""sort"": {""hot"": {""order"": ""desc""}, ""rate"": {""order"": ""desc""}}}",画质清楚点打戏好看的内地武侠剧动作场面好的,llm_onecall,18293.5,OK,
167,影视,第1轮,有什么年代剧,vod_search,"{""action"": ""search"", ""query"": {""and"": [{""field"": ""category"", ""value"": ""电视剧""}, {""field"": ""tag"", ""value"": ""年代""}]}, ""retext"": ""有什么年代剧""}",有什么年代剧,llm_onecall,14693.0,OK,
167,影视,第2轮,长篇的,vod_search,"{""action"": ""search"", ""query"": {""and"": [{""field"": ""category"", ""value"": ""电视剧""}, {""field"": ""tag"", ""value"": ""年代""}]}, ""retext"": ""有什么长篇年代剧""}",有什么长篇年代剧,llm_onecall,12915.5,OK,
167,影视,第3轮,要演员阵容豪华的,vod_fuzzy_search,"{""retext"": ""有什么演员阵容豪华的长篇年代剧""}",有什么演员阵容豪华的长篇年代剧,llm_onecall,13830.3,OK,
167,影视,第4轮,年代感强的,vod_search,"{""action"": ""search"", ""query"": {""and"": [{""field"": ""category"", ""value"": ""电视剧""}, {""field"": ""tag"", ""value"": ""年代""}]}, ""retext"": ""有什么年代感强的长篇年代剧""}",有什么年代感强的长篇年代剧,llm_onecall,15214.7,OK,
167,影视,第5轮,大卡司的,vod_fuzzy_search,"{""retext"": ""有什么大卡司的长篇年代剧""}",有什么大卡司的长篇年代剧,llm_onecall,14412.2,OK,
168,影视,第1轮,想看讲亲情的剧,vod_search,"{""action"": ""search"", ""query"": {""and"": [{""field"": ""category"", ""value"": ""电视剧""}, {""field"": ""tag"", ""value"": ""亲情""}]}, ""retext"": ""想看讲亲情的剧""}",想看讲亲情的剧,llm_onecall,15403.7,OK,
168,影视,第2轮,家庭剧那种,vod_search,"{""action"": ""search"", ""query"": {""and"": [{""field"": ""category"", ""value"": ""电视剧""}, {""field"": ""tag"", ""value"": ""家庭""}]}, ""retext"": ""想看家庭剧""}",想看家庭剧,llm_onecall,13834.9,OK,
168,影视,第3轮,1080P的,,,,,,ERR,TimeoutError: timed out
168,影视,第4轮,大团圆结局的,vod_search,"{""action"": ""search"", ""query"": {""and"": [{""field"": ""category"", ""value"": ""电视剧""}, {""field"": ""tag"", ""value"": ""大团圆""}, {""field"": ""tag"", ""value"": ""家庭""}, {""field"": ""definition"", ""value"": ""is_1080p""}]}, ""retext"": ""想看1080P的大团圆结局的家庭剧""}",想看1080P的大团圆结局的家庭剧,llm_onecall,29101.1,OK,
168,影视,第5轮,结局好的,vod_fuzzy_search,"{""retext"": ""想看结局好的家庭剧""}",想看结局好的家庭剧,llm_onecall,15016.5,OK,
169,影视,第1轮,我想看动画片,educ_search,"{""query"": {""field"": ""content_type"", ""value"": ""动画""}, ""retext"": ""我想看动画片""}",我想看动画片,llm_onecall,28803.5,OK,
169,影视,第2轮,90分钟左右的,educ_search,"{""query"": {""and"": [{""field"": ""content_type"", ""value"": ""动画""}, {""field"": ""duration"", ""from"": ""5400"", ""to"": ""5400""}]}, ""retext"": ""时长90分钟左右的动画片""}",时长90分钟左右的动画片,llm_onecall,13767.8,OK,
169,影视,第3轮,适合七八岁的,educ_search,"{""query"": {""and"": [{""field"": ""age_range"", ""from"": ""7"", ""to"": ""8""}, {""field"": ""content_type"", ""value"": ""动画""}]}, ""retext"": ""适合七八岁的动画片""}",适合七八岁的动画片,llm_onecall,15962.6,OK,
169,影视,第4轮,有点教育意义的,educ_fuzzy_search,"{""retext"": ""适合七八岁的动画片有点教育意义的""}",适合七八岁的动画片有点教育意义的,llm_onecall,14454.2,OK,
169,影视,第5轮,涨知识的,educ_fuzzy_search,"{""retext"": ""适合七八岁的动画片有点教育意义的涨知识的""}",适合七八岁的动画片有点教育意义的涨知识的,llm_onecall,15343.4,OK,
17,影视,第1轮,我想看历史剧,edu_fuzzy_search,"{""retext"": ""我想看历史剧""}",我想看历史剧,llm_onecall,13995.0,OK,
17,影视,第2轮,要唐朝背景的,edu_fuzzy_search,"{""retext"": ""我想看唐朝背景的历史剧""}",我想看唐朝背景的历史剧,llm_onecall,14078.1,OK,
17,影视,第3轮,不用追更,edu_fuzzy_search,"{""retext"": ""我想看唐朝背景的历史剧不用追更""}",我想看唐朝背景的历史剧不用追更,llm_onecall,15639.0,OK,
17,影视,第4轮,咱们自己拍的有吗,edu_fuzzy_search,"{""retext"": ""我想看唐朝背景的历史剧不用追更咱们自己拍的有吗""}",我想看唐朝背景的历史剧不用追更咱们自己拍的有吗,llm_onecall,15718.4,OK,
17,影视,第5轮,国产的有吗,edu_fuzzy_search,"{""retext"": ""我想看唐朝背景的历史剧不用追更咱们自己拍的有吗""}",我想看唐朝背景的历史剧不用追更咱们自己拍的有吗,llm_onecall,17456.9,OK,
170,影视,第1轮,来点历史剧,edu_fuzzy_search,"{""retext"": ""来点历史剧""}",来点历史剧,llm_onecall,14079.4,OK,
170,影视,第2轮,口碑好的有吗,edu_fuzzy_search,"{""retext"": ""口碑好的历史剧""}",口碑好的历史剧,llm_onecall,13123.1,OK,
170,影视,第3轮,不用追更,edu_fuzzy_search,"{""retext"": ""口碑好的历史剧不用追更""}",口碑好的历史剧不用追更,llm_onecall,13939.7,OK,
170,影视,第4轮,已完结的有没有,edu_fuzzy_search,"{""retext"": ""口碑好的历史剧不用追更已完结的有没有""}",口碑好的历史剧不用追更已完结的有没有,llm_onecall,15079.9,OK,
170,影视,第5轮,国产的有没有,edu_fuzzy_search,"{""retext"": ""口碑好的历史剧不用追更已完结的国产的有没有""}",口碑好的历史剧不用追更已完结的国产的有没有,llm_onecall,13731.0,OK,
171,影视,第1轮,真人秀综艺,vod_search,"{""action"": ""search"", ""query"": {""and"": [{""field"": ""category"", ""value"": ""综艺""}, {""field"": ""tag"", ""value"": ""真人秀""}]}, ""retext"": ""真人秀综艺""}",真人秀综艺,llm_onecall,13454.7,OK,
171,影视,第2轮,要户外的那种,,,,,,ERR,TimeoutError: timed out
171,影视,第3轮,嘉宾阵容强的,vod_search,"{""action"": ""search"", ""query"": {""and"": [{""field"": ""category"", ""value"": ""综艺""}, {""field"": ""tag"", ""value"": ""户外真人秀""}]}, ""retext"": ""想看嘉宾阵容强的户外真人秀综艺""}",想看嘉宾阵容强的户外真人秀综艺,llm_onecall,29904.4,OK,
171,影视,第4轮,野外真人秀,,,,,,ERR,TimeoutError: timed out
171,影视,第5轮,明星多的,vod_search,"{""action"": ""search"", ""query"": {""and"": [{""field"": ""category"", ""value"": ""综艺""}, {""field"": ""tag"", ""operator"": ""or"", ""values"": [""户外"", ""野外"", ""真人秀""]}]}, ""retext"": ""想看明星多的户外野外真人秀综艺""}",想看明星多的户外野外真人秀综艺,llm_onecall,33818.6,OK,
172,影视,第1轮,有哪些律政剧,fan_knowledge_agent,"{""messages"": [{""content"": ""有哪些律政剧"", ""role"": ""user""}], ""riskRespStrategy"": ""all_replace"", ""sceneTypeIntentList"": [{""sceneType"": ""video""}]}",有哪些律政剧,general_rule,19348.3,OK,
172,影视,第2轮,完结了的有吗,fan_knowledge_agent,"{""messages"": [{""content"": ""有哪些完结了的律政剧"", ""role"": ""user""}], ""riskRespStrategy"": ""all_replace"", ""sceneTypeIntentList"": [{""sceneType"": ""video""}]}",有哪些完结了的律政剧,general_rule,19468.5,OK,
172,影视,第3轮,法庭辩论多的,fan_knowledge_agent,"{""messages"": [{""content"": ""有哪些完结了的律政剧；法庭辩论多的"", ""role"": ""user""}], ""riskRespStrategy"": ""all_replace"", ""sceneTypeIntentList"": [{""sceneType"": ""video""}]}",有哪些完结了的律政剧；法庭辩论多的,general_rule,20327.5,OK,
172,影视,第4轮,要辩论多的,fan_knowledge_agent,"{""messages"": [{""content"": ""有哪些完结了的律政剧；法庭辩论多的"", ""role"": ""user""}], ""riskRespStrategy"": ""all_replace"", ""sceneTypeIntentList"": [{""sceneType"": ""video""}]}",有哪些完结了的律政剧；法庭辩论多的,general_rule,21307.8,OK,
172,影视,第5轮,有中文字幕的吗,vod_search_all,"{""action"": ""search"", ""query"": {""and"": [{""field"": ""language"", ""value"": ""中文字幕""}, {""field"": ""category"", ""value"": ""电视剧""}, {""field"": ""tag"", ""value"": ""律政""}]}, ""retext"": ""有中文字幕的律政剧""}",有中文字幕的律政剧,llm_onecall,31327.1,OK,
173,影视,第1轮,我想看灾难片,vod_search,"{""action"": ""search"", ""query"": {""and"": [{""field"": ""category"", ""value"": ""电影""}, {""field"": ""tag"", ""value"": ""灾难""}]}, ""retext"": ""我想看灾难片""}",我想看灾难片,llm_onecall,13263.7,OK,
173,影视,第2轮,近五年的有吗,vod_search,"{""action"": ""play"", ""query"": {""and"": [{""field"": ""category"", ""value"": ""电影""}, {""field"": ""tag"", ""value"": ""灾难""}, {""field"": ""release_time"", ""from"": ""20200101"", ""to"": ""20250812""}]}, ""retext"": ""我想看近五年的灾难片""}",我想看近五年的灾难片,llm_onecall,14982.6,OK,
173,影视,第3轮,国外的有吗,vod_search_all,"{""action"": ""search"", ""query"": {""and"": [{""field"": ""area"", ""value"": ""国外""}, {""field"": ""category"", ""value"": ""电影""}, {""field"": ""tag"", ""value"": ""灾难""}, {""field"": ""release_time"", ""from"": ""20200101"", ""to"": ""20241231""}]}, ""retext"": ""我想看近五年的国外的灾难片""}",我想看近五年的国外的灾难片,llm_onecall,16269.7,OK,
173,影视,第4轮,有国语配音的,vod_search_all,"{""action"": ""play"", ""query"": {""and"": [{""field"": ""area"", ""value"": ""国外""}, {""field"": ""tag"", ""value"": ""灾难""}, {""field"": ""release_time"", ""from"": ""20200101"", ""to"": ""20241231""}, {""field"": ""dubbing"", ""value"": ""国语""}]}, ""retext"": ""我想看近五年的国外的灾难片有国语配音的""}",我想看近五年的国外的灾难片有国语配音的,llm_onecall,16238.0,OK,
173,影视,第5轮,最近五年上映的,vod_search_all,"{""action"": ""play"", ""query"": {""and"": [{""field"": ""area"", ""value"": ""国外""}, {""field"": ""language"", ""value"": ""国语""}, {""field"": ""tag"", ""value"": ""灾难""}, {""field"": ""release_time"", ""from"": ""20200101"", ""to"": ""20241231""}]}, ""retext"": ""我想看近五年的国外的灾难片有国语配音的""}",我想看近五年的国外的灾难片有国语配音的,llm_onecall,16685.5,OK,
174,影视,第1轮,有哪些年代剧,fan_knowledge_agent,"{""messages"": [{""content"": ""有哪些年代剧"", ""role"": ""user""}], ""riskRespStrategy"": ""all_replace"", ""sceneTypeIntentList"": [{""sceneType"": ""video""}]}",有哪些年代剧,general_rule,18063.0,OK,
174,影视,第2轮,改革开放题材的,vod_search,"{""action"": ""search"", ""query"": {""and"": [{""field"": ""category"", ""value"": ""电视剧""}, {""field"": ""tag"", ""value"": ""改革开放""}]}, ""retext"": ""想看改革开放题材的电视剧""}",想看改革开放题材的电视剧,llm_onecall,15615.0,OK,
174,影视,第3轮,免费能看的有吗,vod_search,"{""action"": ""search"", ""query"": {""and"": [{""field"": ""category"", ""value"": ""电视剧""}, {""field"": ""tag"", ""value"": ""改革开放""}, {""field"": ""is_fee"", ""value"": ""免费""}]}, ""retext"": ""想看改革开放题材的电视剧免费能看的有吗""}",想看改革开放题材的电视剧免费能看的有吗,llm_onecall,14658.6,OK,
174,影视,第4轮,集数多的那种,vod_search,"{""action"": ""search"", ""query"": {""and"": [{""field"": ""category"", ""value"": ""电视剧""}, {""field"": ""tag"", ""value"": ""改革开放""}, {""field"": ""is_fee"", ""value"": ""免费""}]}, ""retext"": ""想看改革开放题材的电视剧免费能看的有吗；集数多的那种""}",想看改革开放题材的电视剧免费能看的有吗；集数多的那种,llm_onecall,17398.4,OK,
174,影视,第5轮,大卡司的,vod_search,"{""action"": ""search"", ""query"": {""and"": [{""field"": ""category"", ""value"": ""电视剧""}, {""field"": ""tag"", ""value"": ""改革开放""}]}, ""retext"": ""搜索改革开放题材的电视剧""}",搜索改革开放题材的电视剧,llm_onecall,58940.2,OK,
175,影视,第1轮,有什么好看的悬疑美剧,vod_search_all,"{""action"": ""search"", ""query"": {""and"": [{""field"": ""area"", ""value"": ""美国""}, {""field"": ""category"", ""value"": ""电视剧""}, {""field"": ""tag"", ""value"": ""悬疑""}]}, ""retext"": ""有什么好看的悬疑美剧"", ""sort"": {""hot"": {""order"": ""desc""}}}",有什么好看的悬疑美剧,llm_onecall,14031.6,OK,
175,影视,第2轮,要最新那一季,vod_search_all,"{""action"": ""search"", ""query"": {""and"": [{""field"": ""area"", ""value"": ""美国""}, {""field"": ""category"", ""value"": ""电视剧""}, {""field"": ""tag"", ""value"": ""悬疑""}]}, ""retext"": ""最新一季好看的悬疑美剧"", ""sort"": {""hot"": {""order"": ""desc""}, ""new"": {""order"": ""desc""}}}",最新一季好看的悬疑美剧,llm_onecall,16436.5,OK,
175,影视,第3轮,最新一季的,vod_search_all,"{""action"": ""search"", ""query"": {""and"": [{""field"": ""area"", ""value"": ""美国""}, {""field"": ""category"", ""value"": ""电视剧""}, {""field"": ""tag"", ""value"": ""悬疑""}]}, ""retext"": ""最新一季好看的悬疑美剧"", ""sort"": {""hot"": {""order"": ""desc""}, ""new"": {""order"": ""desc""}}}",最新一季好看的悬疑美剧,llm_onecall,15225.6,OK,
175,影视,第4轮,一季破一个案子的,vod_fuzzy_search,"{""retext"": ""最新一季好看的悬疑美剧一季破一个案子的""}",最新一季好看的悬疑美剧一季破一个案子的,llm_onecall,15174.2,OK,
175,影视,第5轮,单元案件的,vod_search_all,"{""action"": ""search"", ""query"": {""and"": [{""field"": ""area"", ""value"": ""美国""}, {""field"": ""category"", ""value"": ""电视剧""}, {""field"": ""tag"", ""values"": [""悬疑"", ""单元案件""]}]}, ""retext"": ""最新一季好看的悬疑美剧一季破一个案子的单元案件的"", ""sort"": {""hot"": {""order"": ""desc""}, ""new"": {""order"": ""desc""}}}",最新一季好看的悬疑美剧一季破一个案子的单元案件的,llm_onecall,31471.8,OK,
176,影视,第1轮,来一部军旅剧,vod_search,"{""action"": ""search"", ""query"": {""and"": [{""field"": ""category"", ""value"": ""电视剧""}, {""field"": ""tag"", ""value"": ""军旅""}]}, ""retext"": ""来一部军旅剧""}",来一部军旅剧,llm_onecall,13354.2,OK,
176,影视,第2轮,人气高一些的,edu_fuzzy_search,"{""retext"": ""来一部人气高一些的军旅剧""}",来一部人气高一些的军旅剧,llm_onecall,13902.3,OK,
176,影视,第3轮,根据真实事件改编,fan_knowledge_agent,"{""messages"": [{""content"": ""来一部根据真实事件改编的人气高一些的军旅剧"", ""role"": ""user""}], ""riskRespStrategy"": ""all_replace"", ""sceneTypeIntentList"": [{""sceneType"": ""video""}]}",来一部根据真实事件改编的人气高一些的军旅剧,llm_select,18995.9,OK,
176,影视,第4轮,现代背景的,vod_search,"{""action"": ""search"", ""query"": {""and"": [{""field"": ""category"", ""value"": ""电视剧""}, {""field"": ""tag"", ""value"": ""军旅""}, {""field"": ""tag"", ""value"": ""现代""}]}, ""retext"": ""现代背景的军旅剧""}",现代背景的军旅剧,llm_onecall,17261.0,OK,
176,影视,第5轮,真实事件改编的,fan_knowledge_agent,"{""messages"": [{""content"": ""真实事件改编的"", ""role"": ""user""}], ""riskRespStrategy"": ""all_replace"", ""sceneTypeIntentList"": [{""sceneType"": ""knowledge_qa""}]}",真实事件改编的,llm_select,20948.9,OK,
177,影视,第1轮,有哪些破案剧,fan_knowledge_agent,"{""messages"": [{""content"": ""有哪些破案剧"", ""role"": ""user""}], ""riskRespStrategy"": ""all_replace"", ""sceneTypeIntentList"": [{""sceneType"": ""video""}]}",有哪些破案剧,general_rule,20801.8,OK,
177,影视,第2轮,真实事件改编的,fan_knowledge_agent,"{""messages"": [{""content"": ""真实事件改编的破案剧"", ""role"": ""user""}], ""riskRespStrategy"": ""all_replace"", ""sceneTypeIntentList"": [{""sceneType"": ""video""}]}",真实事件改编的破案剧,llm_select,21075.7,OK,
177,影视,第3轮,国内的有没有,fan_knowledge_agent,"{""messages"": [{""content"": ""国内真实事件改编的破案剧"", ""role"": ""user""}], ""riskRespStrategy"": ""all_replace"", ""sceneTypeIntentList"": [{""sceneType"": ""video""}]}",国内真实事件改编的破案剧,llm_select,25242.7,OK,
177,影视,第4轮,都市题材的,vod_search,"{""action"": ""search"", ""query"": {""and"": [{""field"": ""category"", ""value"": ""电视剧""}, {""field"": ""tag"", ""operator"": ""or"", ""values"": [""都市"", ""破案""]}]}, ""retext"": ""都市题材的破案剧""}",都市题材的破案剧,llm_onecall,15910.6,OK,
177,影视,第5轮,都市那种,vod_search,"{""action"": ""search"", ""query"": {""and"": [{""field"": ""category"", ""value"": ""电视剧""}, {""field"": ""tag"", ""operator"": ""or"", ""values"": [""都市"", ""破案""]}]}, ""retext"": ""都市题材的破案剧""}",都市题材的破案剧,llm_onecall,15117.4,OK,
178,影视,第1轮,最近想看动画片,educ_search,"{""query"": {""field"": ""content_type"", ""value"": ""动画""}, ""retext"": ""最近想看动画片""}",最近想看动画片,llm_onecall,29781.4,OK,
178,影视,第2轮,一个半小时左右的,educ_fuzzy_search,"{""retext"": ""时长约一个半小时的动画片""}",时长约一个半小时的动画片,llm_onecall,14875.9,OK,
178,影视,第3轮,不花钱的有吗,educ_search,"{""query"": {""and"": [{""field"": ""content_type"", ""value"": ""动画""}, {""field"": ""is_fee"", ""value"": ""0""}]}, ""retext"": ""不花钱的动画片""}",不花钱的动画片,llm_onecall,16450.5,OK,
178,影视,第4轮,小学生能看的,educ_search,"{""query"": {""and"": [{""field"": ""content_type"", ""value"": ""动画""}, {""field"": ""age_range"", ""from"": ""6"", ""to"": ""12""}]}, ""retext"": ""小学生能看的动画片""}",小学生能看的动画片,llm_onecall,16059.3,OK,
178,影视,第5轮,适合小学生看的,edu_fuzzy_search,"{""retext"": ""适合小学生看的""}",适合小学生看的,llm_onecall,15167.6,OK,
179,影视,第1轮,推荐些经典老电影,vod_fuzzy_search,"{""retext"": ""推荐些经典老电影""}",推荐些经典老电影,llm_onecall,14077.8,OK,
179,影视,第2轮,黑白的那种,vod_fuzzy_search,"{""retext"": ""推荐黑白经典老电影""}",推荐黑白经典老电影,llm_onecall,13831.2,OK,
179,影视,第3轮,老黑白片,vod_fuzzy_search,"{""retext"": ""推荐黑白经典老电影""}",推荐黑白经典老电影,llm_onecall,16028.4,OK,
179,影视,第4轮,黑白老电影,vod_fuzzy_search,"{""retext"": ""推荐黑白老电影""}",推荐黑白老电影,llm_onecall,14685.2,OK,
179,影视,第5轮,黑白的,vod_fuzzy_search,"{""retext"": ""推荐黑白老电影""}",推荐黑白老电影,llm_onecall,14317.6,OK,
18,影视,第1轮,我想看医疗剧,vod_search,"{""action"": ""search"", ""query"": {""and"": [{""field"": ""category"", ""value"": ""电视剧""}, {""field"": ""tag"", ""value"": ""医疗""}]}, ""retext"": ""我想看医疗剧""}",我想看医疗剧,llm_onecall,15273.9,OK,
18,影视,第2轮,打分高的有吗,vod_search,"{""action"": ""search"", ""query"": {""and"": [{""field"": ""category"", ""value"": ""电视剧""}, {""field"": ""tag"", ""value"": ""医疗""}]}, ""retext"": ""我想看医疗剧；打分高的有吗"", ""sort"": {""rate"": {""order"": ""desc""}}}",我想看医疗剧；打分高的有吗,llm_onecall,16635.4,OK,
18,影视,第3轮,手术戏真实的,vod_search,"{""action"": ""search"", ""query"": {""and"": [{""field"": ""category"", ""value"": ""电视剧""}, {""field"": ""tag"", ""value"": ""医疗""}]}, ""retext"": ""搜索医疗剧""}",搜索医疗剧,llm_onecall,33023.4,OK,
18,影视,第4轮,手术场面真实的,vod_fuzzy_search,"{""retext"": ""手术场面真实的""}",手术场面真实的,llm_onecall,15507.5,OK,
18,影视,第5轮,专业度高的,vod_personalized_search,,专业度高的,llm_onecall,17081.5,OK,
180,影视,第1轮,来点恋爱剧,vod_search,"{""action"": ""search"", ""query"": {""and"": [{""field"": ""category"", ""value"": ""电视剧""}, {""field"": ""tag"", ""value"": ""恋爱""}]}, ""retext"": ""来点恋爱剧""}",来点恋爱剧,llm_onecall,14272.6,OK,
180,影视,第2轮,不要钱的,vod_search,"{""action"": ""search"", ""query"": {""field"": ""is_fee"", ""value"": ""0""}, ""retext"": ""不要钱的""}",不要钱的,llm_onecall,13861.0,OK,
180,影视,第3轮,蓝光版的,vod_search,"{""action"": ""search"", ""query"": {""and"": [{""field"": ""tag"", ""value"": ""恋爱""}, {""field"": ""is_fee"", ""value"": ""0""}, {""field"": ""definition"", ""value"": ""is_4k""}]}, ""retext"": ""来点恋爱剧不要钱的蓝光版的""}",来点恋爱剧不要钱的蓝光版的,llm_onecall,16455.7,OK,
180,影视,第4轮,女主好看的,vod_fuzzy_search,"{""retext"": ""女主好看""}",女主好看,llm_onecall,14509.1,OK,
180,影视,第5轮,高甜不虐的,vod_fuzzy_search,"{""retext"": ""高甜不虐的""}",高甜不虐的,llm_onecall,14068.3,OK,
181,影视,第1轮,来一部灾难片,vod_search,"{""action"": ""search"", ""query"": {""field"": ""tag"", ""value"": ""灾难""}, ""retext"": ""来一部灾难片""}",来一部灾难片,llm_onecall,14060.8,OK,
181,影视,第2轮,近五年的有吗,vod_search,"{""action"": ""search"", ""query"": {""and"": [{""field"": ""category"", ""value"": ""电影""}, {""field"": ""tag"", ""value"": ""灾难""}, {""field"": ""release_time"", ""from"": ""20200101"", ""to"": ""20250812""}]}, ""retext"": ""近五年的灾难片""}",近五年的灾难片,llm_onecall,15574.9,OK,
181,影视,第3轮,要评分高的,vod_search,"{""action"": ""search"", ""query"": {""and"": [{""field"": ""category"", ""value"": ""电影""}, {""field"": ""tag"", ""value"": ""灾难""}, {""field"": ""release_time"", ""from"": ""20200101"", ""to"": ""20241231""}]}, ""retext"": ""近五年的灾难片；评分高的"", ""sort"": {""rate"": {""order"": ""desc""}}}",近五年的灾难片；评分高的,llm_onecall,18181.5,OK,
181,影视,第4轮,国外的有吗,vod_search_all,"{""action"": ""search"", ""query"": {""and"": [{""field"": ""area"", ""value"": ""国外""}, {""field"": ""category"", ""value"": ""电影""}, {""field"": ""tag"", ""value"": ""灾难""}, {""field"": ""release_time"", ""from"": ""20200101"", ""to"": ""20241231""}]}, ""retext"": ""近五年的国外的灾难片""}",近五年的国外的灾难片,llm_onecall,17809.2,OK,
181,影视,第5轮,海外的,vod_search_all,"{""action"": ""search"", ""query"": {""and"": [{""field"": ""area"", ""value"": ""国外""}, {""field"": ""category"", ""value"": ""电影""}, {""field"": ""tag"", ""value"": ""灾难""}, {""field"": ""release_time"", ""from"": ""20200101"", ""to"": ""20241231""}]}, ""retext"": ""近五年的国外的灾难片""}",近五年的国外的灾难片,llm_onecall,17222.6,OK,
182,影视,第1轮,讲亲情的剧有哪些,fan_knowledge_agent,"{""messages"": [{""content"": ""讲亲情的剧有哪些"", ""role"": ""user""}], ""riskRespStrategy"": ""all_replace"", ""sceneTypeIntentList"": [{""sceneType"": ""video""}]}",讲亲情的剧有哪些,general_rule,19045.1,OK,
182,影视,第2轮,1080P的,,,,,,ERR,TimeoutError: timed out
182,影视,第3轮,国产的,vod_search_all,"{""action"": ""search"", ""query"": {""and"": [{""field"": ""area"", ""value"": ""国产""}, {""field"": ""category"", ""value"": ""电视剧""}, {""field"": ""tag"", ""value"": ""亲情""}, {""field"": ""definition"", ""value"": ""is_1080p""}]}, ""retext"": ""推荐1080P的国产亲情题材电视剧""}",推荐1080P的国产亲情题材电视剧,llm_onecall,32419.9,OK,
182,影视,第4轮,家庭题材的,vod_search_all,"{""action"": ""search"", ""query"": {""and"": [{""field"": ""area"", ""value"": ""国产""}, {""field"": ""category"", ""value"": ""电视剧""}, {""field"": ""tag"", ""value"": ""家庭""}, {""field"": ""definition"", ""value"": ""is_1080p""}]}, ""retext"": ""推荐1080P的国产家庭题材电视剧""}",推荐1080P的国产家庭题材电视剧,llm_onecall,32858.5,OK,
182,影视,第5轮,HE结局的,,,,,,ERR,TimeoutError: timed out
183,影视,第1轮,最近想看真人秀综艺,vod_search,"{""action"": ""search"", ""query"": {""and"": [{""field"": ""category"", ""value"": ""综艺""}, {""field"": ""tag"", ""value"": ""真人秀""}]}, ""retext"": ""最近想看真人秀综艺"", ""sort"": {""new"": {""order"": ""desc""}}}",最近想看真人秀综艺,llm_onecall,14341.3,OK,
183,影视,第2轮,野外真人秀,,,,,,ERR,TimeoutError: timed out
183,影视,第3轮,要户外挑战类的,,,,,,ERR,TimeoutError: timed out
183,影视,第4轮,户外的那种,vod_search,"{""action"": ""search"", ""query"": {""and"": [{""field"": ""category"", ""value"": ""真人秀""}, {""field"": ""tag"", ""operator"": ""or"", ""values"": [""户外挑战"", ""野外""]}]}, ""retext"": ""想看户外挑战类野外真人秀""}",想看户外挑战类野外真人秀,llm_onecall,30016.7,OK,
183,影视,第5轮,周六更新的,vod_search,"{""action"": ""search"", ""query"": {""and"": [{""field"": ""category"", ""value"": ""真人秀""}, {""field"": ""tag"", ""value"": ""户外挑战""}, {""field"": ""tag"", ""value"": ""野外""}]}, ""retext"": ""周六更新的户外挑战类野外真人秀"", ""sort"": {""new"": {""order"": ""desc""}}}",周六更新的户外挑战类野外真人秀,llm_onecall,34804.0,OK,
184,影视,第1轮,推荐几部谍战剧,vod_fuzzy_search,"{""retext"": ""推荐几部谍战剧""}",推荐几部谍战剧,fallback,16406.9,OK,
184,影视,第2轮,近几年拍的,vod_search,"{""action"": ""search"", ""query"": {""and"": [{""field"": ""category"", ""value"": ""电视剧""}, {""field"": ""tag"", ""value"": ""谍战""}, {""field"": ""release_time"", ""from"": ""20210101"", ""to"": ""20260101""}]}, ""retext"": ""推荐近几年拍的谍战剧""}",推荐近几年拍的谍战剧,llm_onecall,17837.0,OK,
184,影视,第3轮,完结了的有吗,vod_search,"{""action"": ""search"", ""query"": {""and"": [{""field"": ""category"", ""value"": ""电视剧""}, {""field"": ""tag"", ""value"": ""谍战""}, {""field"": ""is_over"", ""value"": ""1""}, {""field"": ""release_time"", ""from"": ""20210101"", ""to"": ""20260812""}]}, ""retext"": ""推荐近几年拍的完结的谍战剧""}",推荐近几年拍的完结的谍战剧,llm_onecall,19462.0,OK,
184,影视,第4轮,不花钱能看吗,vod_search,"{""action"": ""search"", ""query"": {""field"": ""is_fee"", ""value"": ""0""}, ""retext"": ""不花钱能看吗""}",不花钱能看吗,llm_onecall,14223.1,OK,
184,影视,第5轮,近三年的有吗,vod_search,"{""action"": ""search"", ""query"": {""and"": [{""field"": ""category"", ""value"": ""电视剧""}, {""field"": ""tag"", ""value"": ""谍战""}, {""field"": ""is_over"", ""value"": ""1""}, {""field"": ""release_time"", ""from"": ""20220101"", ""to"": ""20241231""}]}, ""retext"": ""推荐近三年的完结的谍战剧""}",推荐近三年的完结的谍战剧,llm_onecall,16065.7,OK,
185,影视,第1轮,推荐几部讲亲情的剧,vod_fuzzy_search,"{""retext"": ""推荐几部讲亲情的剧""}",推荐几部讲亲情的剧,llm_onecall,14357.5,OK,
185,影视,第2轮,结局好的,vod_fuzzy_search,"{""retext"": ""推荐结局好的亲情剧""}",推荐结局好的亲情剧,llm_onecall,15758.3,OK,
185,影视,第3轮,1080P的,vod_fuzzy_search,"{""retext"": ""推荐结局好的亲情剧""}",推荐结局好的亲情剧,llm_onecall,15864.9,OK,
185,影视,第4轮,圆满结局的,vod_fuzzy_search,"{""retext"": ""推荐结局好的亲情剧""}",推荐结局好的亲情剧,llm_onecall,15486.7,OK,
185,影视,第5轮,大团圆结局的,vod_fuzzy_search,"{""retext"": ""推荐结局好的亲情剧""}",推荐结局好的亲情剧,llm_onecall,13891.6,OK,
186,影视,第1轮,来点破案剧,vod_search,"{""action"": ""search"", ""query"": {""and"": [{""field"": ""category"", ""value"": ""电视剧""}, {""field"": ""tag"", ""value"": ""破案""}]}, ""retext"": ""来点破案剧""}",来点破案剧,llm_onecall,15341.9,OK,
186,影视,第2轮,城市背景的,vod_search,"{""action"": ""search"", ""query"": {""and"": [{""field"": ""category"", ""value"": ""电视剧""}, {""field"": ""tag"", ""operator"": ""or"", ""values"": [""破案"", ""都市""]}]}, ""retext"": ""想看城市背景的破案剧""}",想看城市背景的破案剧,llm_onecall,16705.0,OK,
186,影视,第3轮,评分高一点的,edu_fuzzy_search,"{""retext"": ""想看评分高一点的城市背景的破案剧""}",想看评分高一点的城市背景的破案剧,llm_onecall,14939.7,OK,
186,影视,第4轮,都市题材的,edu_fuzzy_search,"{""retext"": ""想看评分高一点的城市背景的破案剧""}",想看评分高一点的城市背景的破案剧,llm_onecall,15971.7,OK,
186,影视,第5轮,国内的有没有,edu_fuzzy_search,"{""retext"": ""想看评分高一点的城市背景的破案剧""}",想看评分高一点的城市背景的破案剧,llm_onecall,13512.2,OK,
187,影视,第1轮,来一部国产动画电影,educ_search_all,"{""query"": {""and"": [{""field"": ""country"", ""value"": ""中国""}, {""field"": ""children_second_genre"", ""value"": ""动画电影""}]}, ""retext"": ""来一部国产动画电影""}",来一部国产动画电影,llm_onecall,15905.4,OK,
187,影视,第2轮,去年出的,educ_search_all,"{""query"": {""and"": [{""field"": ""country"", ""value"": ""中国""}, {""field"": ""release_time"", ""from"": ""20250101"", ""to"": ""20251231""}, {""field"": ""children_second_genre"", ""value"": ""动画电影""}]}, ""retext"": ""去年出的国产动画电影""}",去年出的国产动画电影,llm_onecall,17272.3,OK,
187,影视,第3轮,作画精良的,educ_fuzzy_search,"{""retext"": ""去年出的国产动画电影作画精良""}",去年出的国产动画电影作画精良,llm_onecall,16142.8,OK,
187,影视,第4轮,要卖座的,educ_fuzzy_search,"{""retext"": ""去年出的国产动画电影作画精良卖座的""}",去年出的国产动画电影作画精良卖座的,llm_onecall,16618.8,OK,
187,影视,第5轮,神话改编的,fan_knowledge_agent,"{""messages"": [{""content"": ""去年出的国产动画电影作画精良卖座的神话改编的"", ""role"": ""user""}], ""riskRespStrategy"": ""all_replace"", ""sceneTypeIntentList"": [{""sceneType"": ""child""}]}",去年出的国产动画电影作画精良卖座的神话改编的,llm_select,17107.0,OK,
188,影视,第1轮,有什么好看的真人秀综艺,vod_search,"{""action"": ""search"", ""query"": {""and"": [{""field"": ""category"", ""value"": ""综艺""}, {""field"": ""tag"", ""value"": ""真人秀""}]}, ""retext"": ""有什么好看的真人秀综艺"", ""sort"": {""hot"": {""order"": ""desc""}}}",有什么好看的真人秀综艺,llm_onecall,16295.0,OK,
188,影视,第2轮,最新一期,vod_search,"{""action"": ""search"", ""query"": {""and"": [{""field"": ""category"", ""value"": ""综艺""}, {""field"": ""tag"", ""value"": ""真人秀""}]}, ""retext"": ""最新一期好看的真人秀综艺"", ""sort"": {""hot"": {""order"": ""desc""}, ""new"": {""order"": ""desc""}}}",最新一期好看的真人秀综艺,llm_onecall,16733.8,OK,
188,影视,第3轮,户外挑战类的,,,,,,ERR,TimeoutError: timed out
188,影视,第4轮,野外真人秀,,,,,,ERR,TimeoutError: timed out
188,影视,第5轮,周六那期的那种,,,,,,ERR,TimeoutError: timed out
189,影视,第1轮,来一部治愈系的剧,fan_knowledge_agent,"{""messages"": [{""content"": ""来一部治愈系的剧"", ""role"": ""user""}], ""riskRespStrategy"": ""all_replace"", ""sceneTypeIntentList"": [{""sceneType"": ""video""}]}",来一部治愈系的剧,general_rule,18070.4,OK,
189,影视,第2轮,画面精美的,fan_knowledge_agent,"{""messages"": [{""content"": ""推荐画面精美的治愈系剧"", ""role"": ""user""}], ""riskRespStrategy"": ""all_replace"", ""sceneTypeIntentList"": [{""sceneType"": ""video""}]}",推荐画面精美的治愈系剧,general_rule,23880.2,OK,
189,影视,第3轮,日版的,fan_knowledge_agent,"{""messages"": [{""content"": ""日版治愈系剧"", ""role"": ""user""}], ""riskRespStrategy"": ""all_replace"", ""sceneTypeIntentList"": [{""sceneType"": ""video""}]}",日版治愈系剧,general_rule,22780.5,OK,
189,影视,第4轮,日本拍的,fan_knowledge_agent,"{""messages"": [{""content"": ""日本拍的"", ""role"": ""user""}], ""riskRespStrategy"": ""all_replace"", ""sceneTypeIntentList"": [{""sceneType"": ""knowledge_qa""}]}",日本拍的,llm_select,14914.6,OK,
189,影视,第5轮,时长两小时内的,fan_knowledge_agent,"{""messages"": [{""content"": ""时长两小时内的"", ""role"": ""user""}], ""riskRespStrategy"": ""all_replace"", ""sceneTypeIntentList"": [{""sceneType"": ""knowledge_qa""}]}",时长两小时内的,llm_select,15990.2,OK,
19,影视,第1轮,真人秀综艺有哪些,fan_knowledge_agent,"{""messages"": [{""content"": ""真人秀综艺有哪些"", ""role"": ""user""}], ""riskRespStrategy"": ""all_replace"", ""sceneTypeIntentList"": [{""sceneType"": ""video""}]}",真人秀综艺有哪些,general_rule,23572.0,OK,
19,影视,第2轮,有明星嘉宾的,vod_search,"{""action"": ""search"", ""query"": {""and"": [{""field"": ""category"", ""value"": ""综艺""}, {""field"": ""tag"", ""value"": ""真人秀""}]}, ""retext"": ""有明星嘉宾的真人秀综艺""}",有明星嘉宾的真人秀综艺,llm_onecall,15401.0,OK,
19,影视,第3轮,周六播的,vod_search,"{""action"": ""search"", ""query"": {""and"": [{""field"": ""category"", ""value"": ""综艺""}, {""field"": ""tag"", ""value"": ""真人秀""}]}, ""retext"": ""周六播的有明星嘉宾的真人秀综艺"", ""sort"": {""new"": {""order"": ""desc""}}}",周六播的有明星嘉宾的真人秀综艺,llm_onecall,16129.4,OK,
19,影视,第4轮,明星多的,vod_search,"{""action"": ""search"", ""query"": {""and"": [{""field"": ""category"", ""value"": ""综艺""}, {""field"": ""tag"", ""value"": ""真人秀""}]}, ""retext"": ""周六播的有明星嘉宾的真人秀综艺"", ""sort"": {""new"": {""order"": ""desc""}}}",周六播的有明星嘉宾的真人秀综艺,llm_onecall,18467.9,OK,
19,影视,第5轮,最新那季,vod_search,"{""action"": ""search"", ""query"": {""and"": [{""field"": ""category"", ""value"": ""综艺""}, {""field"": ""tag"", ""value"": ""真人秀""}]}, ""retext"": ""周六播的有明星嘉宾的真人秀综艺最新那季"", ""sort"": {""new"": {""order"": ""desc""}}}",周六播的有明星嘉宾的真人秀综艺最新那季,llm_onecall,17071.2,OK,
190,影视,第1轮,看看讲亲情的剧,vod_fuzzy_search,"{""retext"": ""看看讲亲情的剧""}",看看讲亲情的剧,llm_onecall,16270.4,OK,
190,影视,第2轮,要画质好的,vod_fuzzy_search,"{""retext"": ""看看讲亲情的剧""}",看看讲亲情的剧,llm_onecall,16327.3,OK,
190,影视,第3轮,家庭题材的,vod_search,"{""action"": ""search"", ""query"": {""and"": [{""field"": ""category"", ""value"": ""电视剧""}, {""field"": ""tag"", ""value"": ""家庭""}]}, ""retext"": ""想看家庭题材的剧""}",想看家庭题材的剧,llm_onecall,16625.1,OK,
190,影视,第4轮,不要会员的有没有,vod_search,"{""action"": ""search"", ""query"": {""and"": [{""field"": ""tag"", ""value"": ""家庭""}, {""field"": ""is_fee"", ""value"": ""0""}]}, ""retext"": ""不要会员的家庭题材剧""}",不要会员的家庭题材剧,llm_onecall,14794.5,OK,
190,影视,第5轮,圆满结局的,vod_search,"{""action"": ""search"", ""query"": {""and"": [{""field"": ""category"", ""value"": ""电视剧""}, {""field"": ""tag"", ""value"": ""家庭""}, {""field"": ""tag"", ""value"": ""圆满结局""}]}, ""retext"": ""想看圆满结局的家庭题材剧""}",想看圆满结局的家庭题材剧,llm_onecall,27936.8,OK,
191,影视,第1轮,好看的动画片,educ_search,"{""query"": {""field"": ""content_type"", ""value"": ""动画""}, ""retext"": ""好看的动画片""}",好看的动画片,llm_onecall,32095.0,OK,
191,影视,第2轮,有点教育意义的,educ_search,"{""query"": {""and"": [{""field"": ""content_type"", ""value"": ""动画""}, {""field"": ""training_objectives"", ""value"": ""教育""}]}, ""retext"": ""好看的有教育意义的动画片""}",好看的有教育意义的动画片,llm_onecall,29812.8,OK,
191,影视,第3轮,寓教于乐的,vod_fuzzy_search,"{""retext"": ""寓教于乐的""}",寓教于乐的,llm_onecall,14081.0,OK,
191,影视,第4轮,一个半小时以内的,vod_fuzzy_search,"{""retext"": ""一个半小时以内的""}",一个半小时以内的,llm_onecall,14178.3,OK,
191,影视,第5轮,时长90分的,vod_fuzzy_search,"{""retext"": ""时长90分的""}",时长90分的,llm_onecall,13525.8,OK,
192,影视,第1轮,来几部国产动画电影,educ_search_all,"{""query"": {""and"": [{""field"": ""country"", ""value"": ""中国""}, {""field"": ""children_second_genre"", ""value"": ""动画电影""}]}, ""retext"": ""来几部国产动画电影""}",来几部国产动画电影,llm_onecall,16081.2,OK,
192,影视,第2轮,画风好的,educ_search_all,"{""query"": {""and"": [{""field"": ""country"", ""value"": ""中国""}, {""field"": ""children_second_genre"", ""value"": ""动画电影""}]}, ""retext"": ""画风好的国产动画电影""}",画风好的国产动画电影,llm_onecall,17400.5,OK,
192,影视,第3轮,票房高点的,fan_knowledge_agent,"{""messages"": [{""content"": ""画风好的国产动画电影票房高点"", ""role"": ""user""}], ""riskRespStrategy"": ""all_replace"", ""sceneTypeIntentList"": [{""sceneType"": ""child""}]}",画风好的国产动画电影票房高点,general_rule,18656.2,OK,
192,影视,第4轮,神话故事改编的,fan_knowledge_agent,"{""messages"": [{""content"": ""神话故事改编的"", ""role"": ""user""}], ""riskRespStrategy"": ""all_replace"", ""sceneTypeIntentList"": [{""sceneType"": ""knowledge_qa""}]}",神话故事改编的,llm_select,15707.6,OK,
192,影视,第5轮,去年上的,fan_knowledge_agent,"{""messages"": [{""content"": ""去年上映的"", ""role"": ""user""}], ""riskRespStrategy"": ""all_replace"", ""sceneTypeIntentList"": [{""sceneType"": ""knowledge_qa""}]}",去年上映的,general_rule,21123.8,OK,
193,影视,第1轮,最近想看经典老电影,vod_fuzzy_search,"{""retext"": ""最近想看经典老电影""}",最近想看经典老电影,llm_onecall,16049.8,OK,
193,影视,第2轮,评分高一点的,vod_fuzzy_search,"{""retext"": ""想看评分高一点的经典老电影""}",想看评分高一点的经典老电影,llm_onecall,15513.9,OK,
193,影视,第3轮,老黑白片,edu_fuzzy_search,"{""retext"": ""想看评分高一点的经典老黑白片""}",想看评分高一点的经典老黑白片,llm_onecall,14407.6,OK,
193,影视,第4轮,打分高的,edu_fuzzy_search,"{""retext"": ""想看评分高一点的经典老黑白片""}",想看评分高一点的经典老黑白片,llm_onecall,12846.8,OK,
193,影视,第5轮,要黑白老电影,vod_fuzzy_search,"{""retext"": ""想看黑白老电影""}",想看黑白老电影,llm_onecall,14527.4,OK,
194,影视,第1轮,有什么好看的恋爱剧,vod_search,"{""action"": ""search"", ""query"": {""and"": [{""field"": ""category"", ""value"": ""电视剧""}, {""field"": ""tag"", ""value"": ""恋爱""}]}, ""retext"": ""有什么好看的恋爱剧"", ""sort"": {""hot"": {""order"": ""desc""}}}",有什么好看的恋爱剧,llm_onecall,16716.3,OK,
194,影视,第2轮,不花钱的,vod_search,"{""action"": ""search"", ""query"": {""field"": ""is_fee"", ""value"": ""0""}, ""retext"": ""不花钱的""}",不花钱的,llm_onecall,16012.6,OK,
194,影视,第3轮,免费的有没有的那种,vod_search,"{""action"": ""search"", ""query"": {""field"": ""is_fee"", ""value"": ""0""}, ""retext"": ""免费的有没有的那种""}",免费的有没有的那种,llm_onecall,13234.0,OK,
194,影视,第4轮,女主漂亮的,vod_fuzzy_search,"{""retext"": ""有什么好看的免费的恋爱剧女主漂亮的""}",有什么好看的免费的恋爱剧女主漂亮的,llm_onecall,14383.8,OK,
194,影视,第5轮,高清的,vod_search,"{""action"": ""search"", ""query"": {""and"": [{""field"": ""category"", ""value"": ""电视剧""}, {""field"": ""tag"", ""value"": ""恋爱""}, {""field"": ""is_fee"", ""value"": ""0""}, {""field"": ""definition"", ""value"": ""is_4k""}]}, ""retext"": ""有什么好看的免费的恋爱剧女主漂亮的高清的"", ""sort"": {""hot"": {""order"": ""desc""}}}",有什么好看的免费的恋爱剧女主漂亮的高清的,llm_onecall,16726.3,OK,
195,影视,第1轮,来几部真人秀综艺,vod_search,"{""action"": ""search"", ""query"": {""and"": [{""field"": ""category"", ""value"": ""综艺""}, {""field"": ""tag"", ""value"": ""真人秀""}]}, ""retext"": ""来几部真人秀综艺""}",来几部真人秀综艺,llm_onecall,16170.2,OK,
195,影视,第2轮,要野外真人秀,,,,,,ERR,TimeoutError: timed out
195,影视,第3轮,明星多的,vod_search,"{""action"": ""search"", ""query"": {""and"": [{""field"": ""category"", ""value"": ""综艺""}, {""field"": ""tag"", ""operator"": ""or"", ""values"": [""真人秀"", ""野外""]}]}, ""retext"": ""要野外真人秀明星多的"", ""sort"": {""hot"": {""order"": ""desc""}}}",要野外真人秀明星多的,llm_onecall,33020.3,OK,
195,影视,第4轮,有大牌嘉宾的,vod_fuzzy_search,"{""retext"": ""有大牌嘉宾的""}",有大牌嘉宾的,llm_onecall,16027.9,OK,
195,影视,第5轮,周六更新的,vod_search,"{""action"": ""search"", ""query"": {""field"": ""release_time"", ""from"": ""20260808"", ""to"": ""20260808""}, ""retext"": ""周六更新的"", ""sort"": {""new"": {""order"": ""desc""}}}",周六更新的,llm_onecall,15546.3,OK,
196,影视,第1轮,恐怖片有哪些,fan_knowledge_agent,"{""messages"": [{""content"": ""恐怖片有哪些"", ""role"": ""user""}], ""riskRespStrategy"": ""all_replace"", ""sceneTypeIntentList"": [{""sceneType"": ""knowledge_qa""}]}",恐怖片有哪些,general_rule,20204.9,OK,
196,影视,第2轮,泰国拍的,vod_search_all,"{""action"": ""search"", ""query"": {""and"": [{""field"": ""area"", ""value"": ""泰国""}, {""field"": ""category"", ""value"": ""电影""}, {""field"": ""tag"", ""value"": ""恐怖""}]}, ""retext"": ""泰国拍的恐怖片""}",泰国拍的恐怖片,llm_onecall,13612.8,OK,
196,影视,第3轮,微恐的,,,,,,ERR,TimeoutError: timed out
196,影视,第4轮,别太吓人的,vod_search_all,"{""action"": ""search"", ""query"": {""and"": [{""field"": ""area"", ""value"": ""泰国""}, {""field"": ""category"", ""value"": ""电影""}, {""field"": ""tag"", ""operator"": ""or"", ""values"": [""微恐"", ""恐怖""]}]}, ""retext"": ""泰国拍的微恐恐怖片别太吓人的""}",泰国拍的微恐恐怖片别太吓人的,llm_onecall,31292.8,OK,
196,影视,第5轮,惊悚悬疑类,vod_search,"{""action"": ""search"", ""query"": {""field"": ""tag"", ""operator"": ""or"", ""values"": [""惊悚"", ""悬疑""]}, ""retext"": ""惊悚悬疑类""}",惊悚悬疑类,llm_onecall,14922.3,OK,
197,影视,第1轮,找点治愈系的剧,fan_knowledge_agent,"{""messages"": [{""content"": ""找点治愈系的剧"", ""role"": ""user""}], ""riskRespStrategy"": ""all_replace"", ""sceneTypeIntentList"": [{""sceneType"": ""video""}]}",找点治愈系的剧,general_rule,20377.4,OK,
197,影视,第2轮,画面好看点的,fan_knowledge_agent,"{""messages"": [{""content"": ""找画面好看的治愈系剧"", ""role"": ""user""}], ""riskRespStrategy"": ""all_replace"", ""sceneTypeIntentList"": [{""sceneType"": ""video""}]}",找画面好看的治愈系剧,general_rule,22184.2,OK,
197,影视,第3轮,打分高一点的,edu_fuzzy_search,"{""retext"": ""《去有风的地方》《我的阿勒泰》《灿烂的风和海》《三悦有了新工作》《天气好的话，我会去找你》中评分高一点的""}",《去有风的地方》《我的阿勒泰》《灿烂的风和海》《三悦有了新工作》《天气好的话，我会去找你》中评分高一点的,llm_onecall,17812.4,OK,
197,影视,第4轮,片长两小时内的,vod_search,"{""action"": ""search"", ""query"": {""or"": [{""field"": ""title"", ""value"": ""去有风的地方""}, {""field"": ""title"", ""value"": ""我的阿勒泰""}, {""field"": ""title"", ""value"": ""灿烂的风和海""}, {""field"": ""title"", ""value"": ""三悦有了新工作""}, {""field"": ""title"", ""value"": ""天气好的话，我会去找你""}]}, ""retext"": ""《去有风的地方》《我的阿勒泰》《灿烂的风和海》《三悦有了新工作》《天气好的话，我会去找你》中片长两小时内的""}",《去有风的地方》《我的阿勒泰》《灿烂的风和海》《三悦有了新工作》《天气好的话，我会去找你》中片长两小时内的,llm_onecall,21553.5,OK,
197,影视,第5轮,画面好的,solve_picture_sound_problem_control,"{""intent"": ""good_picture_quality""}",我会去找你》中画面好的,llm_onecall,18037.4,OK,
198,影视,第1轮,有啥好看的动画片,educ_search,"{""query"": {""field"": ""content_type"", ""value"": ""动画""}, ""retext"": ""有啥好看的动画片""}",有啥好看的动画片,llm_onecall,16045.6,OK,
198,影视,第2轮,七八岁小孩看的,educ_search,"{""query"": {""and"": [{""field"": ""content_type"", ""value"": ""动画""}, {""field"": ""age_range"", ""from"": ""7"", ""to"": ""8""}]}, ""retext"": ""七八岁小孩看的动画片""}",七八岁小孩看的动画片,llm_onecall,14437.5,OK,
198,影视,第3轮,寓教于乐的,educ_fuzzy_search,"{""retext"": ""寓教于乐的""}",寓教于乐的,llm_onecall,13246.0,OK,
198,影视,第4轮,适合七八岁的,educ_search,"{""query"": {""and"": [{""field"": ""content_type"", ""value"": ""动画""}, {""field"": ""age_range"", ""from"": ""7"", ""to"": ""8""}]}, ""retext"": ""适合七八岁小孩看的动画片""}",适合七八岁小孩看的动画片,llm_onecall,16653.7,OK,
198,影视,第5轮,涨知识的,educ_search,"{""query"": {""and"": [{""field"": ""content_type"", ""value"": ""动画""}, {""field"": ""age_range"", ""from"": ""7"", ""to"": ""8""}, {""field"": ""training_objectives"", ""value"": ""涨知识""}]}, ""retext"": ""适合七八岁小孩看的涨知识动画片""}",适合七八岁小孩看的涨知识动画片,llm_onecall,17371.7,OK,
199,影视,第1轮,最近想看动作片,vod_search,"{""action"": ""search"", ""query"": {""and"": [{""field"": ""category"", ""value"": ""电影""}, {""field"": ""tag"", ""value"": ""动作""}]}, ""retext"": ""最近想看动作片"", ""sort"": {""new"": {""order"": ""desc""}}}",最近想看动作片,llm_onecall,16168.8,OK,
199,影视,第2轮,要口碑好点的,vod_search,"{""action"": ""search"", ""query"": {""and"": [{""field"": ""category"", ""value"": ""电影""}, {""field"": ""tag"", ""value"": ""动作""}]}, ""retext"": ""最近想看口碑好的动作片"", ""sort"": {""new"": {""order"": ""desc""}, ""rate"": {""order"": ""desc""}}}",最近想看口碑好的动作片,llm_onecall,14216.5,OK,
199,影视,第3轮,美国大片,vod_search_all,"{""action"": ""search"", ""query"": {""and"": [{""field"": ""area"", ""value"": ""美国""}, {""field"": ""category"", ""value"": ""电影""}, {""field"": ""tag"", ""value"": ""动作""}]}, ""retext"": ""想看美国动作片""}",想看美国动作片,llm_onecall,15491.4,OK,
199,影视,第4轮,要好莱坞那种,,,,,,ERR,TimeoutError: timed out
199,影视,第5轮,枪战多的,vod_search_all,"{""action"": ""search"", ""query"": {""and"": [{""field"": ""area"", ""value"": ""好莱坞""}, {""field"": ""category"", ""value"": ""电影""}, {""field"": ""tag"", ""value"": ""枪战""}, {""field"": ""tag"", ""value"": ""动作""}]}, ""retext"": ""想看枪战多的好莱坞动作片""}",想看枪战多的好莱坞动作片,llm_onecall,31839.8,OK,
2,影视,第1轮,来点灾难片,vod_search,"{""action"": ""search"", ""query"": {""field"": ""tag"", ""value"": ""灾难""}, ""retext"": ""来点灾难片""}",来点灾难片,llm_onecall,14546.0,OK,
2,影视,第2轮,特效大片那种,,,,,,ERR,TimeoutError: timed out
2,影视,第3轮,要视效震撼的,vod_fuzzy_search,"{""retext"": ""想看视效震撼的电影""}",想看视效震撼的电影,llm_onecall,16418.2,OK,
2,影视,第4轮,海外的,,,,,,ERR,TimeoutError: timed out
2,影视,第5轮,国外的有吗,vod_search_all,"{""action"": ""search"", ""query"": {""and"": [{""field"": ""area"", ""operator"": ""or"", ""values"": [""海外""]}, {""field"": ""category"", ""value"": ""电影""}]}, ""retext"": ""想看海外的视效震撼的电影""}",想看海外的视效震撼的电影,llm_onecall,35016.9,OK,
20,影视,第1轮,有什么脱口秀节目,vod_search,"{""action"": ""search"", ""query"": {""and"": [{""field"": ""category"", ""value"": ""综艺""}, {""field"": ""tag"", ""value"": ""脱口秀""}]}, ""retext"": ""有什么脱口秀节目""}",有什么脱口秀节目,llm_onecall,15329.2,OK,
20,影视,第2轮,要有字幕的,vod_search,"{""action"": ""search"", ""query"": {""and"": [{""field"": ""category"", ""value"": ""综艺""}, {""field"": ""tag"", ""value"": ""脱口秀""}]}, ""retext"": ""有什么带字幕的脱口秀节目""}",有什么带字幕的脱口秀节目,llm_onecall,14930.6,OK,
20,影视,第3轮,要脱口秀大会那种,vod_search,"{""action"": ""search"", ""query"": {""and"": [{""field"": ""title"", ""value"": ""脱口秀大会""}, {""field"": ""tag"", ""value"": ""脱口秀""}]}, ""retext"": ""有什么脱口秀大会""}",有什么脱口秀大会,llm_onecall,15318.6,OK,
20,影视,第4轮,单人的,vod_search,"{""action"": ""search"", ""query"": {""and"": [{""field"": ""title"", ""value"": ""脱口秀大会""}, {""field"": ""tag"", ""value"": ""脱口秀""}]}, ""retext"": ""有什么单人的脱口秀大会""}",有什么单人的脱口秀大会,llm_onecall,17950.0,OK,
20,影视,第5轮,高分的有吗,vod_search,"{""action"": ""search"", ""query"": {""and"": [{""field"": ""title"", ""value"": ""脱口秀大会""}, {""field"": ""tag"", ""value"": ""单人脱口秀""}]}, ""retext"": ""有什么高分的单人脱口秀大会"", ""sort"": {""rate"": {""order"": ""desc""}}}",有什么高分的单人脱口秀大会,llm_onecall,32090.4,OK,
200,影视,第1轮,推荐几部历史剧,edu_fuzzy_search,"{""retext"": ""推荐几部历史剧""}",推荐几部历史剧,llm_onecall,15567.6,OK,
200,影视,第2轮,不用等更新的,edu_fuzzy_search,"{""retext"": ""不用等更新的""}",不用等更新的,llm_onecall,12641.8,OK,
200,影视,第3轮,服化道好的,edu_fuzzy_search,"{""retext"": ""推荐服化道好的历史剧""}",推荐服化道好的历史剧,llm_onecall,13932.7,OK,
200,影视,第4轮,唐朝背景的,edu_fuzzy_search,"{""retext"": ""推荐唐朝背景的历史剧""}",推荐唐朝背景的历史剧,llm_onecall,15427.2,OK,
200,影视,第5轮,完结的,edu_fuzzy_search,"{""retext"": ""推荐唐朝背景完结的历史剧""}",推荐唐朝背景完结的历史剧,llm_onecall,15412.8,OK,
201,影视,第1轮,有哪些真人秀综艺,fan_knowledge_agent,"{""messages"": [{""content"": ""有哪些真人秀综艺"", ""role"": ""user""}], ""riskRespStrategy"": ""all_replace"", ""sceneTypeIntentList"": [{""sceneType"": ""video""}]}",有哪些真人秀综艺,general_rule,20224.5,OK,
201,影视,第2轮,周六播的,vod_search,"{""action"": ""search"", ""query"": {""and"": [{""field"": ""category"", ""value"": ""综艺""}, {""field"": ""tag"", ""value"": ""真人秀""}]}, ""retext"": ""周六播出的真人秀综艺"", ""sort"": {""release_time"": {""order"": ""desc""}}}",周六播出的真人秀综艺,llm_onecall,14974.6,OK,
201,影视,第3轮,要周六更新的,vod_search,"{""action"": ""search"", ""query"": {""and"": [{""field"": ""category"", ""value"": ""综艺""}, {""field"": ""tag"", ""value"": ""真人秀""}]}, ""retext"": ""周六更新的真人秀综艺"", ""sort"": {""new"": {""order"": ""desc""}}}",周六更新的真人秀综艺,llm_onecall,14697.0,OK,
201,影视,第4轮,最新那季,vod_search,"{""action"": ""search"", ""query"": {""and"": [{""field"": ""category"", ""value"": ""综艺""}, {""field"": ""tag"", ""value"": ""真人秀""}]}, ""retext"": ""周六更新的真人秀综艺最新那季"", ""sort"": {""new"": {""order"": ""desc""}}}",周六更新的真人秀综艺最新那季,llm_onecall,17914.1,OK,
201,影视,第5轮,最新季的,vod_search,"{""action"": ""search"", ""query"": {""and"": [{""field"": ""category"", ""value"": ""综艺""}, {""field"": ""tag"", ""value"": ""真人秀""}]}, ""retext"": ""周六更新的真人秀综艺最新那季"", ""sort"": {""new"": {""order"": ""desc""}}}",周六更新的真人秀综艺最新那季,llm_onecall,17940.2,OK,
202,影视,第1轮,最近想看破案剧,vod_search,"{""action"": ""search"", ""query"": {""and"": [{""field"": ""category"", ""value"": ""电视剧""}, {""field"": ""tag"", ""value"": ""破案""}]}, ""retext"": ""最近想看破案剧"", ""sort"": {""new"": {""order"": ""desc""}}}",最近想看破案剧,llm_onecall,13915.5,OK,
202,影视,第2轮,都市背景的,vod_search,"{""action"": ""search"", ""query"": {""and"": [{""field"": ""category"", ""value"": ""电视剧""}, {""field"": ""tag"", ""operator"": ""or"", ""values"": [""都市"", ""破案""]}]}, ""retext"": ""最近想看都市背景的破案剧"", ""sort"": {""new"": {""order"": ""desc""}}}",最近想看都市背景的破案剧,llm_onecall,15340.9,OK,
202,影视,第3轮,真事改编,fan_knowledge_agent,"{""messages"": [{""content"": ""最近想看都市背景的破案剧真事改编"", ""role"": ""user""}], ""riskRespStrategy"": ""all_replace"", ""sceneTypeIntentList"": [{""sceneType"": ""video""}]}",最近想看都市背景的破案剧真事改编,llm_select,26013.6,OK,
202,影视,第4轮,都市题材的,vod_search,"{""action"": ""search"", ""query"": {""and"": [{""field"": ""category"", ""value"": ""电视剧""}, {""field"": ""tag"", ""operator"": ""or"", ""values"": [""都市"", ""破案""]}]}, ""retext"": ""最近想看都市背景的破案剧"", ""sort"": {""new"": {""order"": ""desc""}}}",最近想看都市背景的破案剧,llm_onecall,16612.1,OK,
202,影视,第5轮,都市那种,vod_search,"{""action"": ""search"", ""query"": {""and"": [{""field"": ""category"", ""value"": ""电视剧""}, {""field"": ""tag"", ""operator"": ""or"", ""values"": [""都市"", ""破案""]}]}, ""retext"": ""最近想看都市背景的破案剧"", ""sort"": {""new"": {""order"": ""desc""}}}",最近想看都市背景的破案剧,llm_onecall,17552.9,OK,
203,影视,第1轮,有哪些体育题材电影,fan_knowledge_agent,"{""messages"": [{""content"": ""有哪些体育题材电影"", ""role"": ""user""}], ""riskRespStrategy"": ""all_replace"", ""sceneTypeIntentList"": [{""intent"": ""sports_chat_qa"", ""sceneType"": ""sport_qa""}]}",有哪些体育题材电影,general_rule,14432.6,OK,
203,影视,第2轮,要励志的,vod_search,"{""action"": ""search"", ""query"": {""and"": [{""field"": ""category"", ""value"": ""电影""}, {""field"": ""tag"", ""operator"": ""or"", ""values"": [""励志"", ""体育""]}]}, ""retext"": ""想看励志体育题材电影""}",想看励志体育题材电影,llm_onecall,30693.7,OK,
203,影视,第3轮,不要钱的有没有,vod_search,"{""action"": ""search"", ""query"": {""and"": [{""field"": ""category"", ""value"": ""电影""}, {""field"": ""tag"", ""operator"": ""or"", ""values"": [""励志"", ""体育""]}]}, ""retext"": ""想看励志体育题材电影""}",想看励志体育题材电影,llm_onecall,32271.4,OK,
203,影视,第4轮,燃一点的,vod_search,"{""action"": ""search"", ""query"": {""and"": [{""field"": ""category"", ""value"": ""电影""}, {""field"": ""tag"", ""operator"": ""or"", ""values"": [""励志"", ""体育""]}]}, ""retext"": ""想看燃一点的励志体育题材电影""}",想看燃一点的励志体育题材电影,llm_onecall,33751.6,OK,
203,影视,第5轮,真事改编的,vod_fuzzy_search,"{""retext"": ""想看真事改编的燃一点的励志体育题材电影""}",想看真事改编的燃一点的励志体育题材电影,llm_onecall,16497.2,OK,
204,影视,第1轮,推荐几部动画片,educ_search,"{""query"": {""field"": ""content_type"", ""value"": ""动画""}, ""retext"": ""推荐几部动画片""}",推荐几部动画片,llm_onecall,13451.7,OK,
204,影视,第2轮,适合上小学的,educ_search,"{""query"": {""and"": [{""field"": ""age_range"", ""from"": ""6"", ""to"": ""12""}, {""field"": ""content_type"", ""value"": ""动画""}]}, ""retext"": ""推荐适合上小学的动画片""}",推荐适合上小学的动画片,llm_onecall,15486.7,OK,
204,影视,第3轮,7到8岁能看的,educ_search,"{""query"": {""and"": [{""field"": ""content_type"", ""value"": ""动画""}, {""field"": ""age_range"", ""from"": ""7"", ""to"": ""8""}]}, ""retext"": ""推荐适合7到8岁看的动画片""}",推荐适合7到8岁看的动画片,llm_onecall,17389.8,OK,
204,影视,第4轮,适合七八岁的,educ_search,"{""query"": {""and"": [{""field"": ""content_type"", ""value"": ""动画""}, {""field"": ""age_range"", ""from"": ""7"", ""to"": ""8""}]}, ""retext"": ""推荐适合7到8岁看的动画片""}",推荐适合7到8岁看的动画片,llm_onecall,16774.5,OK,
204,影视,第5轮,适合小学生看的,educ_fuzzy_search,"{""retext"": ""推荐适合小学生看的动画片""}",推荐适合小学生看的动画片,llm_onecall,15469.5,OK,
205,影视,第1轮,最近想看恋爱剧,vod_search,"{""action"": ""search"", ""query"": {""and"": [{""field"": ""category"", ""value"": ""电视剧""}, {""field"": ""tag"", ""value"": ""恋爱""}]}, ""retext"": ""最近想看恋爱剧"", ""sort"": {""new"": {""order"": ""desc""}}}",最近想看恋爱剧,llm_onecall,13814.6,OK,
205,影视,第2轮,女主漂亮的,vod_search,"{""action"": ""search"", ""query"": {""and"": [{""field"": ""category"", ""value"": ""电视剧""}, {""field"": ""tag"", ""value"": ""恋爱""}]}, ""retext"": ""最近想看女主漂亮的恋爱剧"", ""sort"": {""new"": {""order"": ""desc""}}}",最近想看女主漂亮的恋爱剧,llm_onecall,16540.9,OK,
205,影视,第3轮,颜值高的,vod_search,"{""action"": ""search"", ""query"": {""and"": [{""field"": ""category"", ""value"": ""电视剧""}, {""field"": ""tag"", ""value"": ""恋爱""}]}, ""retext"": ""最近想看女主漂亮的恋爱剧"", ""sort"": {""new"": {""order"": ""desc""}}}",最近想看女主漂亮的恋爱剧,llm_onecall,16669.6,OK,
205,影视,第4轮,不虐的,vod_search,"{""action"": ""search"", ""query"": {""and"": [{""field"": ""category"", ""value"": ""电视剧""}, {""field"": ""tag"", ""operator"": ""or"", ""values"": [""恋爱"", ""不虐""]}]}, ""retext"": ""最近想看女主漂亮的不虐的恋爱剧"", ""sort"": {""new"": {""order"": ""desc""}}}",最近想看女主漂亮的不虐的恋爱剧,llm_onecall,32006.8,OK,
205,影视,第5轮,高清的,,,,,,ERR,TimeoutError: timed out
206,影视,第1轮,放几部找马丽演的电影,vod_search,"{""action"": ""play"", ""query"": {""and"": [{""field"": ""actor"", ""value"": ""马丽""}, {""field"": ""category"", ""value"": ""电影""}]}, ""retext"": ""放几部找马丽演的电影""}",放几部找马丽演的电影,llm_onecall,16057.4,OK,
206,影视,第2轮,最新的有没有,vod_search,"{""action"": ""search"", ""query"": {""and"": [{""field"": ""actor"", ""value"": ""马丽""}, {""field"": ""category"", ""value"": ""电影""}]}, ""retext"": ""找马丽演的电影最新的有没有"", ""sort"": {""new"": {""order"": ""desc""}}}",找马丽演的电影最新的有没有,llm_onecall,14653.8,OK,
206,影视,第3轮,不要会员的吗,vod_search,"{""action"": ""search"", ""query"": {""and"": [{""field"": ""actor"", ""value"": ""马丽""}, {""field"": ""category"", ""value"": ""电影""}, {""field"": ""is_fee"", ""value"": ""0""}]}, ""retext"": ""找马丽演的电影不要会员的""}",找马丽演的电影不要会员的,llm_onecall,18055.6,OK,
206,影视,第4轮,口碑好一点的,vod_search,"{""action"": ""search"", ""query"": {""field"": ""actor"", ""value"": ""马丽""}, ""retext"": ""找马丽演的口碑好一点的"", ""sort"": {""rate"": {""order"": ""desc""}}}",找马丽演的口碑好一点的,llm_onecall,16793.9,OK,
206,影视,第5轮,不花钱的有没有,vod_search,"{""action"": ""search"", ""query"": {""and"": [{""field"": ""actor"", ""value"": ""马丽""}, {""field"": ""is_fee"", ""value"": ""0""}]}, ""retext"": ""找马丽演的口碑好一点的不要会员的"", ""sort"": {""rate"": {""order"": ""desc""}}}",找马丽演的口碑好一点的不要会员的,llm_onecall,17874.0,OK,
207,影视,第1轮,有没有好看的治愈系的剧,fan_knowledge_agent,"{""messages"": [{""content"": ""有没有好看的治愈系的剧"", ""role"": ""user""}], ""riskRespStrategy"": ""all_replace"", ""sceneTypeIntentList"": [{""sceneType"": ""video""}]}",有没有好看的治愈系的剧,general_rule,18536.5,OK,
207,影视,第2轮,两个小时内的,fan_knowledge_agent,"{""messages"": [{""content"": ""时长小于2小时的治愈系电视剧"", ""role"": ""user""}], ""riskRespStrategy"": ""all_replace"", ""sceneTypeIntentList"": [{""sceneType"": ""video""}]}",时长小于2小时的治愈系电视剧,general_rule,19767.3,OK,
207,影视,第3轮,日本拍的,fan_knowledge_agent,"{""messages"": [{""content"": ""日本拍的时长小于2小时的治愈系电视剧"", ""role"": ""user""}], ""riskRespStrategy"": ""all_replace"", ""sceneTypeIntentList"": [{""sceneType"": ""video""}]}",日本拍的时长小于2小时的治愈系电视剧,general_rule,21191.4,OK,
207,影视,第4轮,画面好的,fan_knowledge_agent,"{""messages"": [{""content"": ""画面好的日本拍的时长小于2小时的治愈系电视剧"", ""role"": ""user""}], ""riskRespStrategy"": ""all_replace"", ""sceneTypeIntentList"": [{""sceneType"": ""video""}]}",画面好的日本拍的时长小于2小时的治愈系电视剧,general_rule,27939.7,OK,
207,影视,第5轮,不花钱能看吗,fan_knowledge_agent,"{""messages"": [{""content"": ""不花钱能看吗"", ""role"": ""user""}], ""riskRespStrategy"": ""all_replace"", ""sceneTypeIntentList"": [{""sceneType"": ""knowledge_qa""}]}",不花钱能看吗,general_rule,20569.3,OK,
208,影视,第1轮,推荐些动画片,educ_search,"{""query"": {""field"": ""content_type"", ""value"": ""动画""}, ""retext"": ""推荐些动画片""}",推荐些动画片,llm_onecall,28641.9,OK,
208,影视,第2轮,有教育意义的,educ_search,"{""query"": {""and"": [{""field"": ""content_type"", ""value"": ""动画""}, {""field"": ""training_objectives"", ""value"": ""教育""}]}, ""retext"": ""推荐有教育意义的动画片""}",推荐有教育意义的动画片,llm_onecall,17509.7,OK,
208,影视,第3轮,一个半小时左右的,educ_fuzzy_search,"{""retext"": ""推荐时长一个半小时左右的有教育意义的动画片""}",推荐时长一个半小时左右的有教育意义的动画片,llm_onecall,15383.8,OK,
208,影视,第4轮,七八岁小孩看的,educ_search,"{""query"": {""and"": [{""field"": ""content_type"", ""value"": ""动画""}, {""field"": ""age_range"", ""from"": ""7"", ""to"": ""8""}]}, ""retext"": ""推荐七八岁小孩看的动画片""}",推荐七八岁小孩看的动画片,llm_onecall,15916.6,OK,
208,影视,第5轮,要90分钟左右的,educ_search,"{""query"": {""and"": [{""field"": ""content_type"", ""value"": ""动画""}, {""field"": ""training_objectives"", ""value"": ""教育""}]}, ""retext"": ""推荐时长90分钟左右的有教育意义的动画片""}",推荐时长90分钟左右的有教育意义的动画片,llm_onecall,32322.3,OK,
209,影视,第1轮,有什么律政剧,vod_search,"{""action"": ""search"", ""query"": {""field"": ""category"", ""value"": ""电视剧""}, ""retext"": ""有什么律政剧""}",有什么律政剧,fallback,16576.9,OK,
209,影视,第2轮,要庭审戏精彩,vod_search,"{""action"": ""search"", ""query"": {""and"": [{""field"": ""category"", ""value"": ""电视剧""}, {""field"": ""tag"", ""operator"": ""or"", ""values"": [""律政"", ""庭审""]}]}, ""retext"": ""要庭审戏精彩的律政剧""}",要庭审戏精彩的律政剧,llm_onecall,32908.5,OK,
209,影视,第3轮,美国拍的优先,vod_search_all,"{""action"": ""search"", ""query"": {""and"": [{""field"": ""area"", ""value"": ""美国""}, {""field"": ""category"", ""value"": ""电视剧""}, {""field"": ""tag"", ""operator"": ""or"", ""values"": [""律政"", ""庭审""]}]}, ""retext"": ""要庭审戏精彩的律政剧；美国拍的优先""}",要庭审戏精彩的律政剧；美国拍的优先,llm_onecall,34170.0,OK,
209,影视,第4轮,法庭戏多的,vod_fuzzy_search,"{""retext"": ""要庭审戏精彩的律政剧；美国拍的优先；法庭戏多的""}",要庭审戏精彩的律政剧；美国拍的优先；法庭戏多的,llm_onecall,18304.1,OK,
209,影视,第5轮,法庭辩论多的,vod_fuzzy_search,"{""retext"": ""要庭审戏精彩的律政剧；美国拍的优先；法庭戏多的；法庭辩论多的""}",要庭审戏精彩的律政剧；美国拍的优先；法庭戏多的；法庭辩论多的,llm_onecall,15645.6,OK,
21,影视,第1轮,我想看恐怖片,vod_search,"{""action"": ""search"", ""query"": {""and"": [{""field"": ""category"", ""value"": ""电影""}, {""field"": ""tag"", ""value"": ""恐怖""}]}, ""retext"": ""我想看恐怖片""}",我想看恐怖片,llm_onecall,14907.2,OK,
21,影视,第2轮,东南亚的,vod_search_all,"{""action"": ""search"", ""query"": {""and"": [{""field"": ""area"", ""value"": ""东南亚""}, {""field"": ""category"", ""value"": ""电影""}, {""field"": ""tag"", ""value"": ""恐怖""}]}, ""retext"": ""我想看东南亚恐怖片""}",我想看东南亚恐怖片,llm_onecall,14578.4,OK,
21,影视,第3轮,别太吓人的,vod_search_all,"{""action"": ""search"", ""query"": {""and"": [{""field"": ""area"", ""value"": ""东南亚""}, {""field"": ""category"", ""value"": ""电影""}, {""field"": ""tag"", ""value"": ""恐怖""}]}, ""retext"": ""我想看东南亚恐怖片""}",我想看东南亚恐怖片,llm_onecall,15253.8,OK,
21,影视,第4轮,国语配音的有吗,vod_search_all,"{""action"": ""search"", ""query"": {""and"": [{""field"": ""area"", ""value"": ""东南亚""}, {""field"": ""language"", ""value"": ""国语""}, {""field"": ""category"", ""value"": ""电影""}, {""field"": ""tag"", ""value"": ""恐怖""}]}, ""retext"": ""我想看国语配音的东南亚恐怖片""}",我想看国语配音的东南亚恐怖片,llm_onecall,19136.5,OK,
21,影视,第5轮,不太吓人的,vod_search_all,"{""action"": ""search"", ""query"": {""and"": [{""field"": ""area"", ""value"": ""东南亚""}, {""field"": ""language"", ""value"": ""国语""}, {""field"": ""tag"", ""value"": ""恐怖""}]}, ""retext"": ""我想看不太吓人的国语配音的东南亚恐怖片""}",我想看不太吓人的国语配音的东南亚恐怖片,llm_onecall,17356.8,OK,
210,影视,第1轮,武侠剧有哪些,fan_knowledge_agent,"{""messages"": [{""content"": ""武侠剧有哪些"", ""role"": ""user""}], ""riskRespStrategy"": ""all_replace"", ""sceneTypeIntentList"": [{""sceneType"": ""video""}]}",武侠剧有哪些,general_rule,24037.7,OK,
210,影视,第2轮,画质好的,vod_search,"{""action"": ""search"", ""query"": {""and"": [{""field"": ""category"", ""value"": ""电视剧""}, {""field"": ""tag"", ""value"": ""武侠""}, {""field"": ""definition"", ""value"": ""is_4k""}]}, ""retext"": ""画质好的武侠剧""}",画质好的武侠剧,llm_onecall,17475.3,OK,
210,影视,第3轮,内地的有吗,vod_search_all,"{""action"": ""search"", ""query"": {""and"": [{""field"": ""area"", ""value"": ""内地""}, {""field"": ""category"", ""value"": ""电视剧""}, {""field"": ""tag"", ""value"": ""武侠""}, {""field"": ""definition"", ""value"": ""is_4k""}]}, ""retext"": ""画质好的内地武侠剧""}",画质好的内地武侠剧,llm_onecall,18147.9,OK,
210,影视,第4轮,内地拍的,vod_search_all,"{""action"": ""search"", ""query"": {""and"": [{""field"": ""area"", ""value"": ""内地""}, {""field"": ""category"", ""value"": ""电视剧""}, {""field"": ""tag"", ""value"": ""武侠""}, {""field"": ""definition"", ""value"": ""is_4k""}]}, ""retext"": ""画质好的内地武侠剧""}",画质好的内地武侠剧,llm_onecall,17337.1,OK,
210,影视,第5轮,动作场面好的,vod_search_all,"{""action"": ""search"", ""query"": {""and"": [{""field"": ""area"", ""value"": ""内地""}, {""field"": ""category"", ""value"": ""电视剧""}, {""field"": ""tag"", ""operator"": ""or"", ""values"": [""武侠"", ""动作""]}, {""field"": ""definition"", ""value"": ""is_4k""}]}, ""retext"": ""画质好的内地武侠剧动作场面好的""}",画质好的内地武侠剧动作场面好的,llm_onecall,16931.8,OK,
211,影视,第1轮,推荐些悬疑美剧,vod_search_all,"{""action"": ""search"", ""query"": {""and"": [{""field"": ""area"", ""value"": ""美国""}, {""field"": ""category"", ""value"": ""电视剧""}, {""field"": ""tag"", ""value"": ""悬疑""}]}, ""retext"": ""推荐些悬疑美剧""}",推荐些悬疑美剧,llm_onecall,15200.8,OK,
211,影视,第2轮,要最新那一季,vod_search_all,"{""action"": ""search"", ""query"": {""and"": [{""field"": ""area"", ""value"": ""美国""}, {""field"": ""category"", ""value"": ""电视剧""}, {""field"": ""tag"", ""value"": ""悬疑""}]}, ""retext"": ""推荐悬疑美剧""}",推荐悬疑美剧,llm_onecall,32766.4,OK,
211,影视,第3轮,最新一季的,vod_search,"{""action"": ""search"", ""query"": {""and"": [{""field"": ""title"", ""value"": ""狂飙""}, {""field"": ""series"", ""value"": ""2""}]}, ""retext"": ""《狂飙》最新一季"", ""sort"": {""new"": {""order"": ""desc""}}}",《狂飙》最新一季,llm_onecall,18068.4,OK,
211,影视,第4轮,字幕版的有吗,vod_search,"{""action"": ""search"", ""query"": {""and"": [{""field"": ""title"", ""value"": ""狂飙""}, {""field"": ""series"", ""value"": ""2""}]}, ""retext"": ""《狂飙》最新一季字幕版的有吗"", ""sort"": {""new"": {""order"": ""desc""}}}",《狂飙》最新一季字幕版的有吗,llm_onecall,17432.2,OK,
211,影视,第5轮,要单元剧形式的,,,,,,ERR,TimeoutError: timed out
212,影视,第1轮,来点恐怖片,vod_search,"{""action"": ""search"", ""query"": {""field"": ""tag"", ""value"": ""恐怖""}, ""retext"": ""来点恐怖片""}",来点恐怖片,llm_onecall,13705.1,OK,
212,影视,第2轮,泰国那种,vod_search_all,"{""action"": ""search"", ""query"": {""and"": [{""field"": ""area"", ""value"": ""泰国""}, {""field"": ""category"", ""value"": ""电影""}, {""field"": ""tag"", ""value"": ""恐怖""}]}, ""retext"": ""想看泰国的恐怖片""}",想看泰国的恐怖片,llm_onecall,17706.5,OK,
212,影视,第3轮,带悬疑的,vod_search_all,"{""action"": ""search"", ""query"": {""and"": [{""field"": ""area"", ""value"": ""泰国""}, {""field"": ""category"", ""value"": ""电影""}, {""field"": ""tag"", ""operator"": ""or"", ""values"": [""悬疑"", ""恐怖""]}]}, ""retext"": ""想看泰国的悬疑恐怖片""}",想看泰国的悬疑恐怖片,llm_onecall,16143.4,OK,
212,影视,第4轮,有国语配音的,vod_search_all,"{""action"": ""search"", ""query"": {""and"": [{""field"": ""area"", ""value"": ""泰国""}, {""field"": ""category"", ""value"": ""电影""}, {""field"": ""tag"", ""operator"": ""or"", ""values"": [""悬疑"", ""恐怖""]}, {""field"": ""dubbing"", ""value"": ""国语""}]}, ""retext"": ""想看泰国的悬疑恐怖片有国语配音的""}",想看泰国的悬疑恐怖片有国语配音的,llm_onecall,18319.7,OK,
212,影视,第5轮,别太吓人的,vod_search_all,"{""action"": ""search"", ""query"": {""and"": [{""field"": ""area"", ""value"": ""泰国""}, {""field"": ""tag"", ""operator"": ""or"", ""values"": [""悬疑"", ""恐怖""]}, {""field"": ""dubbing"", ""value"": ""国语""}]}, ""retext"": ""想看泰国的悬疑恐怖片有国语配音的别太吓人的""}",想看泰国的悬疑恐怖片有国语配音的别太吓人的,llm_onecall,17233.5,OK,
213,影视,第1轮,推荐些武侠剧,vod_search,"{""action"": ""search"", ""query"": {""and"": [{""field"": ""category"", ""value"": ""电视剧""}, {""field"": ""tag"", ""value"": ""武侠""}]}, ""retext"": ""推荐些武侠剧""}",推荐些武侠剧,llm_onecall,16475.9,OK,
213,影视,第2轮,打斗精彩的,vod_search,"{""action"": ""search"", ""query"": {""and"": [{""field"": ""category"", ""value"": ""电视剧""}, {""field"": ""tag"", ""value"": ""武侠""}]}, ""retext"": ""推荐打斗精彩的武侠剧""}",推荐打斗精彩的武侠剧,llm_onecall,16858.8,OK,
213,影视,第3轮,咱们自己拍的,vod_search_all,"{""action"": ""search"", ""query"": {""and"": [{""field"": ""area"", ""value"": ""国产""}, {""field"": ""category"", ""value"": ""电视剧""}, {""field"": ""tag"", ""value"": ""武侠""}]}, ""retext"": ""推荐打斗精彩的国产武侠剧"", ""sort"": {""hot"": {""order"": ""desc""}}}",推荐打斗精彩的国产武侠剧,llm_onecall,17973.0,OK,
213,影视,第4轮,画质清楚点的,vod_search_all,"{""action"": ""search"", ""query"": {""and"": [{""field"": ""area"", ""value"": ""国产""}, {""field"": ""category"", ""value"": ""电视剧""}, {""field"": ""tag"", ""value"": ""武侠""}]}, ""retext"": ""推荐画质清楚的打斗精彩的国产武侠剧"", ""sort"": {""hot"": {""order"": ""desc""}}}",推荐画质清楚的打斗精彩的国产武侠剧,llm_onecall,19052.6,OK,
213,影视,第5轮,武打戏好的,vod_search,"{""action"": ""search"", ""query"": {""and"": [{""field"": ""tag"", ""value"": ""武侠""}, {""field"": ""tag"", ""value"": ""武打""}]}, ""retext"": ""推荐武打戏好的武侠剧"", ""sort"": {""rate"": {""order"": ""desc""}}}",推荐武打戏好的武侠剧,llm_onecall,15432.8,OK,
214,影视,第1轮,来几部动作片,vod_search,"{""action"": ""search"", ""query"": {""and"": [{""field"": ""category"", ""value"": ""电影""}, {""field"": ""tag"", ""value"": ""动作""}]}, ""retext"": ""来几部动作片""}",来几部动作片,llm_onecall,16454.0,OK,
214,影视,第2轮,美国大片,vod_search_all,"{""action"": ""search"", ""query"": {""and"": [{""field"": ""area"", ""value"": ""美国""}, {""field"": ""category"", ""value"": ""电影""}]}, ""retext"": ""美国大片""}",美国大片,llm_onecall,15474.0,OK,
214,影视,第3轮,枪战激烈的,vod_fuzzy_search,"{""retext"": ""枪战激烈的""}",枪战激烈的,llm_onecall,16687.3,OK,
214,影视,第4轮,美国的,vod_search_all,"{""action"": ""search"", ""query"": {""field"": ""area"", ""value"": ""美国""}, ""retext"": ""美国的""}",美国的,llm_onecall,15875.2,OK,
214,影视,第5轮,有高清版吗,vod_search,"{""action"": ""search"", ""query"": {""field"": ""definition"", ""value"": ""is_4k""}, ""retext"": ""有高清版吗""}",有高清版吗,llm_onecall,15280.1,OK,
215,影视,第1轮,好看的武侠剧,vod_search,"{""action"": ""search"", ""query"": {""and"": [{""field"": ""category"", ""value"": ""电视剧""}, {""field"": ""tag"", ""value"": ""武侠""}]}, ""retext"": ""好看的武侠剧"", ""sort"": {""hot"": {""order"": ""desc""}}}",好看的武侠剧,llm_onecall,17098.3,OK,
215,影视,第2轮,咱们自己拍的,vod_search_all,"{""action"": ""search"", ""query"": {""and"": [{""field"": ""area"", ""value"": ""国产""}, {""field"": ""category"", ""value"": ""电视剧""}, {""field"": ""tag"", ""value"": ""武侠""}]}, ""retext"": ""好看的国产武侠剧"", ""sort"": {""hot"": {""order"": ""desc""}}}",好看的国产武侠剧,llm_onecall,16440.5,OK,
215,影视,第3轮,高清的,vod_search_all,"{""action"": ""search"", ""query"": {""and"": [{""field"": ""area"", ""value"": ""国产""}, {""field"": ""category"", ""value"": ""电视剧""}, {""field"": ""tag"", ""value"": ""武侠""}, {""field"": ""definition"", ""value"": ""is_4k""}]}, ""retext"": ""高清的国产武侠剧""}",高清的国产武侠剧,llm_onecall,17846.1,OK,
215,影视,第4轮,动作场面好的,vod_search_all,"{""action"": ""search"", ""query"": {""and"": [{""field"": ""area"", ""value"": ""国产""}, {""field"": ""category"", ""value"": ""电视剧""}, {""field"": ""tag"", ""value"": ""武侠""}]}, ""retext"": ""动作场面好的高清国产武侠剧"", ""sort"": {""hot"": {""order"": ""desc""}}}",动作场面好的高清国产武侠剧,llm_onecall,16185.0,OK,
215,影视,第5轮,港版的有没有,vod_search_all,"{""action"": ""search"", ""query"": {""and"": [{""field"": ""area"", ""value"": ""香港""}, {""field"": ""category"", ""value"": ""电视剧""}, {""field"": ""tag"", ""value"": ""武侠""}]}, ""retext"": ""有没有港版的动作场面好的高清国产武侠剧""}",有没有港版的动作场面好的高清国产武侠剧,llm_onecall,17227.7,OK,
216,影视,第1轮,看看动作片,vod_search,"{""action"": ""play"", ""query"": {""field"": ""tag"", ""value"": ""动作""}, ""retext"": ""看看动作片""}",看看动作片,llm_onecall,15642.2,OK,
216,影视,第2轮,好莱坞那种,,,,,,ERR,TimeoutError: timed out
216,影视,第3轮,枪战多的,vod_search_all,"{""action"": ""search"", ""query"": {""and"": [{""field"": ""area"", ""value"": ""好莱坞""}, {""field"": ""category"", ""value"": ""电影""}, {""field"": ""tag"", ""value"": ""枪战""}, {""field"": ""tag"", ""value"": ""动作""}]}, ""retext"": ""想看枪战多的好莱坞动作片""}",想看枪战多的好莱坞动作片,llm_onecall,32130.1,OK,
216,影视,第4轮,火力全开的,vod_search,"{""action"": ""search"", ""query"": {""field"": ""title"", ""value"": ""火力全开""}, ""retext"": ""想看火力全开的""}",想看火力全开的,llm_onecall,15536.2,OK,
216,影视,第5轮,美国的,vod_search_all,"{""action"": ""search"", ""query"": {""and"": [{""field"": ""title"", ""value"": ""火力全开""}, {""field"": ""area"", ""value"": ""美国""}, {""field"": ""category"", ""value"": ""电影""}, {""field"": ""tag"", ""value"": ""动作""}]}, ""retext"": ""想看火力全开的美国动作片""}",想看火力全开的美国动作片,llm_onecall,17689.1,OK,
217,影视,第1轮,最近想看恐怖片,vod_search,"{""action"": ""search"", ""query"": {""field"": ""tag"", ""value"": ""恐怖""}, ""retext"": ""最近想看恐怖片"", ""sort"": {""new"": {""order"": ""desc""}}}",最近想看恐怖片,llm_onecall,15988.5,OK,
217,影视,第2轮,国语配音的有吗,vod_search,"{""action"": ""search"", ""query"": {""and"": [{""field"": ""category"", ""value"": ""电影""}, {""field"": ""tag"", ""value"": ""恐怖""}]}, ""retext"": ""搜索最近的恐怖片"", ""sort"": {""new"": {""order"": ""desc""}}}",搜索最近的恐怖片,llm_onecall,37343.2,OK,
217,影视,第3轮,带悬疑的,vod_search,"{""action"": ""search"", ""query"": {""and"": [{""field"": ""category"", ""value"": ""电影""}, {""field"": ""tag"", ""operator"": ""or"", ""values"": [""悬疑"", ""恐怖""]}]}, ""retext"": ""想看带悬疑的恐怖片""}",想看带悬疑的恐怖片,llm_onecall,18717.0,OK,
217,影视,第4轮,别太吓人的,vod_search,"{""action"": ""search"", ""query"": {""and"": [{""field"": ""category"", ""value"": ""电影""}, {""field"": ""tag"", ""operator"": ""or"", ""values"": [""悬疑"", ""恐怖""]}]}, ""retext"": ""想看带悬疑的恐怖片""}",想看带悬疑的恐怖片,llm_onecall,15440.9,OK,
217,影视,第5轮,悬疑惊悚的,vod_search,"{""action"": ""search"", ""query"": {""and"": [{""field"": ""category"", ""value"": ""电影""}, {""field"": ""tag"", ""operator"": ""or"", ""values"": [""悬疑"", ""惊悚""]}]}, ""retext"": ""想看悬疑惊悚电影""}",想看悬疑惊悚电影,llm_onecall,14643.3,OK,
218,影视,第1轮,有什么好看的年代剧,vod_search,"{""action"": ""search"", ""query"": {""and"": [{""field"": ""category"", ""value"": ""电视剧""}, {""field"": ""tag"", ""value"": ""年代""}]}, ""retext"": ""有什么好看的年代剧"", ""sort"": {""hot"": {""order"": ""desc""}}}",有什么好看的年代剧,llm_onecall,17242.8,OK,
218,影视,第2轮,集数多点的,vod_search,"{""action"": ""search"", ""query"": {""and"": [{""field"": ""category"", ""value"": ""电视剧""}, {""field"": ""tag"", ""value"": ""年代""}]}, ""retext"": ""集数多的年代剧"", ""sort"": {""series"": {""order"": ""desc""}}}",集数多的年代剧,llm_onecall,17052.0,OK,
218,影视,第3轮,大卡司的,vod_search,"{""action"": ""search"", ""query"": {""and"": [{""field"": ""category"", ""value"": ""电视剧""}, {""field"": ""tag"", ""value"": ""年代""}]}, ""retext"": ""集数多的大卡司年代剧""}",集数多的大卡司年代剧,llm_onecall,16835.2,OK,
218,影视,第4轮,演员阵容豪华的,vod_search,"{""action"": ""search"", ""query"": {""and"": [{""field"": ""category"", ""value"": ""电视剧""}, {""field"": ""tag"", ""value"": ""年代""}]}, ""retext"": ""集数多的大卡司年代剧""}",集数多的大卡司年代剧,llm_onecall,16916.0,OK,
218,影视,第5轮,要演员阵容强的,vod_search,"{""action"": ""search"", ""query"": {""and"": [{""field"": ""category"", ""value"": ""电视剧""}, {""field"": ""tag"", ""value"": ""年代""}]}, ""retext"": ""集数多的大卡司年代剧""}",集数多的大卡司年代剧,llm_onecall,16044.2,OK,
219,影视,第1轮,放几部治愈系的剧,fan_knowledge_agent,"{""messages"": [{""content"": ""放几部治愈系的剧"", ""role"": ""user""}], ""riskRespStrategy"": ""all_replace"", ""sceneTypeIntentList"": [{""sceneType"": ""video""}]}",放几部治愈系的剧,general_rule,22200.3,OK,
219,影视,第2轮,画面好的,fan_knowledge_agent,"{""messages"": [{""content"": ""推荐画面好的治愈系剧"", ""role"": ""user""}], ""riskRespStrategy"": ""all_replace"", ""sceneTypeIntentList"": [{""sceneType"": ""video""}]}",推荐画面好的治愈系剧,general_rule,25772.8,OK,
219,影视,第3轮,颜值高的,fan_knowledge_agent,"{""messages"": [{""content"": ""推荐颜值高的治愈系剧"", ""role"": ""user""}], ""riskRespStrategy"": ""all_replace"", ""sceneTypeIntentList"": [{""sceneType"": ""video""}]}",推荐颜值高的治愈系剧,general_rule,24069.8,OK,
219,影视,第4轮,日本拍的,fan_knowledge_agent,"{""messages"": [{""content"": ""推荐日本拍的治愈系剧"", ""role"": ""user""}], ""riskRespStrategy"": ""all_replace"", ""sceneTypeIntentList"": [{""sceneType"": ""video""}]}",推荐日本拍的治愈系剧,general_rule,21352.9,OK,
219,影视,第5轮,两个小时内的,fan_knowledge_agent,"{""messages"": [{""content"": ""推荐两个小时内的日本拍的治愈系剧"", ""role"": ""user""}], ""riskRespStrategy"": ""all_replace"", ""sceneTypeIntentList"": [{""sceneType"": ""video""}]}",推荐两个小时内的日本拍的治愈系剧,general_rule,24719.0,OK,
22,影视,第1轮,律政剧,vod_search,"{""action"": ""search"", ""query"": {""and"": [{""field"": ""category"", ""value"": ""电视剧""}, {""field"": ""tag"", ""value"": ""律政""}]}, ""retext"": ""律政剧""}",律政剧,llm_onecall,14634.5,OK,
22,影视,第2轮,美剧吧,vod_search_all,"{""action"": ""search"", ""query"": {""and"": [{""field"": ""area"", ""value"": ""美国""}, {""field"": ""category"", ""value"": ""电视剧""}, {""field"": ""tag"", ""value"": ""律政""}]}, ""retext"": ""想看律政剧的美剧""}",想看律政剧的美剧,llm_onecall,16039.8,OK,
22,影视,第3轮,不用追更的,vod_search_all,"{""action"": ""search"", ""query"": {""and"": [{""field"": ""area"", ""value"": ""美国""}, {""field"": ""category"", ""value"": ""电视剧""}, {""field"": ""tag"", ""value"": ""律政""}, {""field"": ""is_over"", ""value"": ""1""}]}, ""retext"": ""想看律政剧的美剧不用追更的""}",想看律政剧的美剧不用追更的,llm_onecall,17042.9,OK,
22,影视,第4轮,完结的有没有,vod_search_all,"{""action"": ""search"", ""query"": {""and"": [{""field"": ""area"", ""value"": ""美国""}, {""field"": ""category"", ""value"": ""电视剧""}, {""field"": ""tag"", ""value"": ""律政""}, {""field"": ""is_over"", ""value"": ""1""}]}, ""retext"": ""想看完结的律政剧美剧""}",想看完结的律政剧美剧,llm_onecall,18309.6,OK,
22,影视,第5轮,美剧优先,vod_search_all,"{""action"": ""search"", ""query"": {""and"": [{""field"": ""area"", ""value"": ""美国""}, {""field"": ""category"", ""value"": ""电视剧""}, {""field"": ""tag"", ""value"": ""律政""}, {""field"": ""is_over"", ""value"": ""1""}]}, ""retext"": ""想看完结的律政剧美剧""}",想看完结的律政剧美剧,llm_onecall,19225.7,OK,
220,影视,第1轮,来一部讲亲情的剧,vod_fuzzy_search,"{""retext"": ""来一部讲亲情的剧""}",来一部讲亲情的剧,llm_onecall,14716.7,OK,
220,影视,第2轮,高清版,vod_search,"{""action"": ""search"", ""query"": {""and"": [{""field"": ""category"", ""value"": ""电视剧""}, {""field"": ""tag"", ""value"": ""亲情""}, {""field"": ""definition"", ""value"": ""is_hd""}]}, ""retext"": ""来一部讲亲情的剧的高清版""}",来一部讲亲情的剧的高清版,llm_onecall,32584.6,OK,
220,影视,第3轮,画质好的,vod_search,"{""action"": ""search"", ""query"": {""field"": ""definition"", ""value"": ""is_4k""}, ""retext"": ""画质好的""}",画质好的,llm_onecall,15775.9,OK,
220,影视,第4轮,不花钱的,vod_search,"{""action"": ""search"", ""query"": {""field"": ""is_fee"", ""value"": ""0""}, ""retext"": ""不花钱的""}",不花钱的,llm_onecall,14282.7,OK,
220,影视,第5轮,国产的,vod_search_all,"{""action"": ""search"", ""query"": {""and"": [{""field"": ""area"", ""value"": ""国产""}, {""field"": ""category"", ""value"": ""电视剧""}, {""field"": ""tag"", ""value"": ""亲情""}, {""field"": ""is_fee"", ""value"": ""0""}, {""field"": ""definition"", ""value"": ""is_4k""}]}, ""retext"": ""来一部讲亲情的剧的高清版画质好的不花钱的国产的""}",来一部讲亲情的剧的高清版画质好的不花钱的国产的,llm_onecall,17088.0,OK,
221,影视,第1轮,有什么好看的经典老电影,vod_fuzzy_search,"{""retext"": ""有什么好看的经典老电影""}",有什么好看的经典老电影,llm_onecall,15780.2,OK,
221,影视,第2轮,免费能看吗,vod_search,"{""action"": ""search"", ""query"": {""and"": [{""field"": ""tag"", ""value"": ""经典""}, {""field"": ""is_fee"", ""value"": ""免费""}]}, ""retext"": ""有什么好看的经典老电影免费能看吗"", ""sort"": {""hot"": {""order"": ""desc""}}}",有什么好看的经典老电影免费能看吗,llm_onecall,16888.5,OK,
221,影视,第3轮,要评分高点的,vod_search,"{""action"": ""search"", ""query"": {""and"": [{""field"": ""category"", ""value"": ""电影""}, {""field"": ""tag"", ""value"": ""经典""}, {""field"": ""is_fee"", ""value"": ""0""}]}, ""retext"": ""有什么好看的经典老电影免费能看吗；评分高点的"", ""sort"": {""hot"": {""order"": ""desc""}, ""rate"": {""order"": ""desc""}}}",有什么好看的经典老电影免费能看吗；评分高点的,llm_onecall,16502.5,OK,
221,影视,第4轮,4K修复版,vod_search,"{""action"": ""search"", ""query"": {""and"": [{""field"": ""tag"", ""value"": ""经典""}, {""field"": ""is_fee"", ""value"": ""0""}, {""field"": ""definition"", ""value"": ""is_4k""}]}, ""retext"": ""有什么好看的经典老电影免费能看吗；评分高点的；4k修复版"", ""sort"": {""hot"": {""order"": ""desc""}, ""rate"": {""order"": ""desc""}}}",有什么好看的经典老电影免费能看吗；评分高点的；4k修复版,llm_onecall,19350.2,OK,
221,影视,第5轮,打分高的,vod_search,"{""action"": ""search"", ""query"": {""and"": [{""field"": ""tag"", ""value"": ""经典""}, {""field"": ""is_fee"", ""value"": ""0""}, {""field"": ""definition"", ""value"": ""is_4k""}]}, ""retext"": ""有什么好看的经典老电影免费能看吗；评分高点的；4k修复版"", ""sort"": {""hot"": {""order"": ""desc""}, ""rate"": {""order"": ""desc""}}}",有什么好看的经典老电影免费能看吗；评分高点的；4k修复版,llm_onecall,17498.1,OK,
222,影视,第1轮,来几部恐怖片,vod_search,"{""action"": ""search"", ""query"": {""and"": [{""field"": ""category"", ""value"": ""电影""}, {""field"": ""tag"", ""value"": ""恐怖""}]}, ""retext"": ""来几部恐怖片""}",来几部恐怖片,llm_onecall,18264.5,OK,
222,影视,第2轮,高分那种,vod_search,"{""action"": ""search"", ""query"": {""and"": [{""field"": ""category"", ""value"": ""电影""}, {""field"": ""tag"", ""value"": ""恐怖""}]}, ""retext"": ""高分那种恐怖片"", ""sort"": {""rate"": {""order"": ""desc""}}}",高分那种恐怖片,llm_onecall,17471.7,OK,
222,影视,第3轮,不太吓人的,vod_search,"{""action"": ""search"", ""query"": {""and"": [{""field"": ""category"", ""value"": ""电影""}, {""field"": ""tag"", ""value"": ""恐怖""}]}, ""retext"": ""不太吓人的高分恐怖片"", ""sort"": {""rate"": {""order"": ""desc""}}}",不太吓人的高分恐怖片,llm_onecall,17836.2,OK,
222,影视,第4轮,惊悚悬疑类,vod_search,"{""action"": ""search"", ""query"": {""field"": ""tag"", ""operator"": ""or"", ""values"": [""惊悚"", ""悬疑""]}, ""retext"": ""惊悚悬疑类""}",惊悚悬疑类,llm_onecall,15474.1,OK,
222,影视,第5轮,微恐的,,,,,,ERR,TimeoutError: timed out
223,影视,第1轮,来一部武侠剧,vod_search,"{""action"": ""search"", ""query"": {""field"": ""tag"", ""value"": ""武侠""}, ""retext"": ""来一部武侠剧""}",来一部武侠剧,llm_onecall,16067.9,OK,
223,影视,第2轮,打戏好看的,vod_fuzzy_search,"{""retext"": ""想看打戏好看的武侠剧""}",想看打戏好看的武侠剧,llm_onecall,17191.0,OK,
223,影视,第3轮,内地拍的,vod_search_all,"{""action"": ""search"", ""query"": {""and"": [{""field"": ""area"", ""value"": ""内地""}, {""field"": ""category"", ""value"": ""电视剧""}, {""field"": ""tag"", ""value"": ""武侠""}]}, ""retext"": ""想看打戏好看的内地拍的武侠剧"", ""sort"": {""hot"": {""order"": ""desc""}}}",想看打戏好看的内地拍的武侠剧,llm_onecall,18111.2,OK,
223,影视,第4轮,免费能看的,vod_search_all,"{""action"": ""search"", ""query"": {""and"": [{""field"": ""area"", ""value"": ""内地""}, {""field"": ""tag"", ""value"": ""武侠""}, {""field"": ""is_fee"", ""value"": ""免费""}]}, ""retext"": ""想看打戏好看的内地拍的武侠剧免费能看的"", ""sort"": {""hot"": {""order"": ""desc""}}}",想看打戏好看的内地拍的武侠剧免费能看的,llm_onecall,16155.9,OK,
223,影视,第5轮,画质清楚的,vod_search_all,"{""action"": ""search"", ""query"": {""and"": [{""field"": ""area"", ""value"": ""内地""}, {""field"": ""category"", ""value"": ""电视剧""}, {""field"": ""tag"", ""operator"": ""or"", ""values"": [""武侠"", ""打戏""]}, {""field"": ""is_fee"", ""value"": ""免费""}, {""field"": ""definition"", ""value"": ""is_4k""}]}, ""retext"": ""想看打戏好看的内地拍的武侠剧免费能看的画质清楚的"", ""sort"": {""hot"": {""order"": ""desc""}}}",想看打戏好看的内地拍的武侠剧免费能看的画质清楚的,llm_onecall,17030.1,OK,
224,影视,第1轮,放恐怖片,vod_search,"{""action"": ""play"", ""query"": {""and"": [{""field"": ""category"", ""value"": ""电影""}, {""field"": ""tag"", ""value"": ""恐怖""}]}, ""retext"": ""放恐怖片""}",放恐怖片,llm_onecall,16902.1,OK,
224,影视,第2轮,高分有没有,vod_search,"{""action"": ""search"", ""query"": {""and"": [{""field"": ""category"", ""value"": ""电影""}, {""field"": ""tag"", ""value"": ""恐怖""}]}, ""retext"": ""有没有高分恐怖片"", ""sort"": {""rate"": {""order"": ""desc""}}}",有没有高分恐怖片,llm_onecall,16264.8,OK,
224,影视,第3轮,不太吓人的,vod_search,"{""action"": ""search"", ""query"": {""and"": [{""field"": ""tag"", ""value"": ""恐怖""}, {""field"": ""tag"", ""value"": ""惊悚""}]}, ""retext"": ""有没有不太吓人的恐怖片""}",有没有不太吓人的恐怖片,llm_onecall,15927.9,OK,
224,影视,第4轮,有国语配音的,vod_search,"{""action"": ""search"", ""query"": {""and"": [{""field"": ""tag"", ""value"": ""恐怖""}, {""field"": ""tag"", ""operator"": ""not"", ""values"": [""惊悚"", ""恐怖""]}]}, ""retext"": ""有没有不太吓人的恐怖片""}",有没有不太吓人的恐怖片,llm_onecall,16491.4,OK,
224,影视,第5轮,要微恐的,,,,,,ERR,TimeoutError: timed out
225,影视,第1轮,来点找周迅演的电视剧,vod_search,"{""action"": ""search"", ""query"": {""and"": [{""field"": ""actor"", ""value"": ""周迅""}, {""field"": ""category"", ""value"": ""电视剧""}]}, ""retext"": ""来点找周迅演的电视剧""}",来点找周迅演的电视剧,llm_onecall,16240.9,OK,
225,影视,第2轮,最新的,vod_search,"{""action"": ""search"", ""query"": {""and"": [{""field"": ""actor"", ""value"": ""周迅""}, {""field"": ""category"", ""value"": ""电视剧""}]}, ""retext"": ""找周迅演的电视剧中最新的"", ""sort"": {""new"": {""order"": ""desc""}}}",找周迅演的电视剧中最新的,llm_onecall,17902.2,OK,
225,影视,第3轮,评分高一些的,vod_search,"{""action"": ""search"", ""query"": {""and"": [{""field"": ""actor"", ""value"": ""周迅""}, {""field"": ""category"", ""value"": ""电视剧""}]}, ""retext"": ""找周迅演的电视剧中评分高一些的"", ""sort"": {""rate"": {""order"": ""desc""}}}",找周迅演的电视剧中评分高一些的,llm_onecall,16286.4,OK,
225,影视,第4轮,不花钱的,vod_search,"{""action"": ""search"", ""query"": {""and"": [{""field"": ""actor"", ""value"": ""周迅""}, {""field"": ""category"", ""value"": ""电视剧""}, {""field"": ""is_fee"", ""value"": ""0""}]}, ""retext"": ""找周迅演的电视剧中评分高一些的且免费的"", ""sort"": {""rate"": {""order"": ""desc""}}}",找周迅演的电视剧中评分高一些的且免费的,llm_onecall,17384.3,OK,
225,影视,第5轮,不花钱的吗,vod_search,"{""action"": ""search"", ""query"": {""and"": [{""field"": ""actor"", ""value"": ""周迅""}, {""field"": ""category"", ""value"": ""电视剧""}, {""field"": ""is_fee"", ""value"": ""0""}]}, ""retext"": ""找周迅演的电视剧中评分高一些的且免费的"", ""sort"": {""rate"": {""order"": ""desc""}}}",找周迅演的电视剧中评分高一些的且免费的,llm_onecall,17516.1,OK,
226,影视,第1轮,有什么好看的破案剧,vod_search,"{""action"": ""search"", ""query"": {""and"": [{""field"": ""category"", ""value"": ""电视剧""}, {""field"": ""tag"", ""value"": ""破案""}]}, ""retext"": ""有什么好看的破案剧"", ""sort"": {""hot"": {""order"": ""desc""}}}",有什么好看的破案剧,llm_onecall,17491.7,OK,
226,影视,第2轮,真实案件改编的,fan_knowledge_agent,"{""messages"": [{""content"": ""真实案件改编的破案剧"", ""role"": ""user""}], ""riskRespStrategy"": ""all_replace"", ""sceneTypeIntentList"": [{""sceneType"": ""video""}]}",真实案件改编的破案剧,llm_select,29640.9,OK,
226,影视,第3轮,真事改编,fan_knowledge_agent,"{""messages"": [{""content"": ""真实案件改编的破案剧"", ""role"": ""user""}], ""riskRespStrategy"": ""all_replace"", ""sceneTypeIntentList"": [{""sceneType"": ""video""}]}",真实案件改编的破案剧,llm_select,24343.1,OK,
226,影视,第4轮,国内的有没有,fan_knowledge_agent,"{""messages"": [{""content"": ""国内的真实案件改编的破案剧"", ""role"": ""user""}], ""riskRespStrategy"": ""all_replace"", ""sceneTypeIntentList"": [{""sceneType"": ""video""}]}",国内的真实案件改编的破案剧,llm_select,24883.9,OK,
226,影视,第5轮,要真实事件改编的,fan_knowledge_agent,"{""messages"": [{""content"": ""真实事件改编的"", ""role"": ""user""}], ""riskRespStrategy"": ""all_replace"", ""sceneTypeIntentList"": [{""sceneType"": ""knowledge_qa""}]}",真实事件改编的,llm_select,21777.8,OK,
227,影视,第1轮,有什么恐怖片,vod_search,"{""action"": ""search"", ""query"": {""and"": [{""field"": ""category"", ""value"": ""电影""}, {""field"": ""tag"", ""value"": ""恐怖""}]}, ""retext"": ""有什么恐怖片""}",有什么恐怖片,llm_onecall,16050.2,OK,
227,影视,第2轮,东南亚的,vod_search_all,"{""action"": ""search"", ""query"": {""and"": [{""field"": ""area"", ""value"": ""东南亚""}, {""field"": ""category"", ""value"": ""电影""}, {""field"": ""tag"", ""value"": ""恐怖""}]}, ""retext"": ""东南亚恐怖片""}",东南亚恐怖片,llm_onecall,17219.6,OK,
227,影视,第3轮,泰国拍的,vod_search_all,"{""action"": ""search"", ""query"": {""and"": [{""field"": ""area"", ""value"": ""泰国""}, {""field"": ""category"", ""value"": ""电影""}, {""field"": ""tag"", ""value"": ""恐怖""}]}, ""retext"": ""泰国拍的东南亚恐怖片""}",泰国拍的东南亚恐怖片,llm_onecall,16530.5,OK,
227,影视,第4轮,悬疑惊悚那种,vod_search_all,"{""action"": ""search"", ""query"": {""and"": [{""field"": ""area"", ""value"": ""泰国""}, {""field"": ""category"", ""value"": ""电影""}, {""field"": ""tag"", ""operator"": ""or"", ""values"": [""悬疑"", ""惊悚"", ""恐怖""]}]}, ""retext"": ""泰国拍的东南亚悬疑惊悚恐怖片""}",泰国拍的东南亚悬疑惊悚恐怖片,llm_onecall,16382.6,OK,
227,影视,第5轮,东南亚那种,vod_search_all,"{""action"": ""search"", ""query"": {""and"": [{""field"": ""area"", ""value"": ""泰国""}, {""field"": ""category"", ""value"": ""电影""}, {""field"": ""tag"", ""operator"": ""or"", ""values"": [""悬疑"", ""惊悚"", ""恐怖""]}]}, ""retext"": ""泰国拍的东南亚悬疑惊悚恐怖片""}",泰国拍的东南亚悬疑惊悚恐怖片,llm_onecall,16334.1,OK,
228,影视,第1轮,看看年代剧,vod_search,"{""action"": ""play"", ""query"": {""and"": [{""field"": ""category"", ""value"": ""电视剧""}, {""field"": ""tag"", ""value"": ""年代""}]}, ""retext"": ""看看年代剧""}",看看年代剧,llm_onecall,15611.8,OK,
228,影视,第2轮,改革开放题材的,vod_search,"{""action"": ""search"", ""query"": {""and"": [{""field"": ""category"", ""value"": ""电视剧""}, {""field"": ""tag"", ""values"": [""改革开放"", ""年代""]}]}, ""retext"": ""想看改革开放题材的年代剧""}",想看改革开放题材的年代剧,llm_onecall,15636.0,OK,
228,影视,第3轮,年代感强的,vod_search,"{""action"": ""search"", ""query"": {""and"": [{""field"": ""category"", ""value"": ""电视剧""}, {""field"": ""tag"", ""operator"": ""or"", ""values"": [""改革开放"", ""年代""]}]}, ""retext"": ""想看年代感强的改革开放题材年代剧""}",想看年代感强的改革开放题材年代剧,llm_onecall,17265.2,OK,
228,影视,第4轮,要大卡司的,vod_search,"{""action"": ""search"", ""query"": {""and"": [{""field"": ""category"", ""value"": ""电视剧""}, {""field"": ""tag"", ""values"": [""改革开放"", ""年代""]}]}, ""retext"": ""想看大卡司的改革开放题材年代剧""}",想看大卡司的改革开放题材年代剧,llm_onecall,16488.9,OK,
228,影视,第5轮,收视率高点的,vod_fuzzy_search,"{""retext"": ""想看收视率高点的改革开放题材年代剧""}",想看收视率高点的改革开放题材年代剧,llm_onecall,17373.0,OK,
229,影视,第1轮,有什么治愈系的剧,fan_knowledge_agent,"{""messages"": [{""content"": ""有什么治愈系的剧"", ""role"": ""user""}], ""riskRespStrategy"": ""all_replace"", ""sceneTypeIntentList"": [{""sceneType"": ""video""}]}",有什么治愈系的剧,general_rule,23603.3,OK,
229,影视,第2轮,日本拍的,fan_knowledge_agent,"{""messages"": [{""content"": ""日本拍的治愈系剧"", ""role"": ""user""}], ""riskRespStrategy"": ""all_replace"", ""sceneTypeIntentList"": [{""sceneType"": ""video""}]}",日本拍的治愈系剧,general_rule,21994.5,OK,
229,影视,第3轮,要画面精美的,fan_knowledge_agent,"{""messages"": [{""content"": ""画面精美的治愈系日剧"", ""role"": ""user""}], ""riskRespStrategy"": ""all_replace"", ""sceneTypeIntentList"": [{""sceneType"": ""video""}]}",画面精美的治愈系日剧,general_rule,21270.1,OK,
229,影视,第4轮,片长两小时内的,fan_knowledge_agent,"{""messages"": [{""content"": ""画面精美的治愈系日剧；片长两小时内的"", ""role"": ""user""}], ""riskRespStrategy"": ""all_replace"", ""sceneTypeIntentList"": [{""sceneType"": ""video""}]}",画面精美的治愈系日剧；片长两小时内的,general_rule,22554.0,OK,
229,影视,第5轮,画面好看点的,fan_knowledge_agent,"{""messages"": [{""content"": ""画面精美的治愈系日剧"", ""role"": ""user""}], ""riskRespStrategy"": ""all_replace"", ""sceneTypeIntentList"": [{""sceneType"": ""video""}]}",画面精美的治愈系日剧,general_rule,22329.9,OK,
23,影视,第1轮,推荐些体育题材电影,,,,,,ERR,TimeoutError: timed out
23,影视,第2轮,真事改编的,vod_search_all,"{""action"": ""search"", ""query"": {""and"": [{""field"": ""category"", ""value"": ""电影""}, {""field"": ""tag"", ""value"": ""体育""}, {""field"": ""creation_source"", ""value"": ""真事改编""}]}, ""retext"": ""推荐真事改编的体育题材电影""}",推荐真事改编的体育题材电影,llm_onecall,31937.2,OK,
23,影视,第3轮,免费的有没有,fan_knowledge_agent,"{""messages"": [{""content"": ""有没有免费的"", ""role"": ""user""}], ""riskRespStrategy"": ""all_replace"", ""sceneTypeIntentList"": [{""sceneType"": ""knowledge_qa""}]}",有没有免费的,general_rule,14893.0,OK,
23,影视,第4轮,免费的,fan_knowledge_agent,"{""messages"": [{""content"": ""有没有免费的"", ""role"": ""user""}], ""riskRespStrategy"": ""all_replace"", ""sceneTypeIntentList"": [{""sceneType"": ""knowledge_qa""}]}",有没有免费的,general_rule,22928.1,OK,
23,影视,第5轮,不收费的有吗,vod_search_all,"{""action"": ""search"", ""query"": {""and"": [{""field"": ""category"", ""value"": ""电影""}, {""field"": ""tag"", ""value"": ""体育""}, {""field"": ""is_fee"", ""value"": ""0""}, {""field"": ""creation_source"", ""value"": ""真事改编""}]}, ""retext"": ""有没有不收费的真事改编的体育题材电影""}",有没有不收费的真事改编的体育题材电影,llm_onecall,19562.0,OK,
230,影视,第1轮,有没有好看的恋爱剧,vod_search,"{""action"": ""search"", ""query"": {""and"": [{""field"": ""category"", ""value"": ""电视剧""}, {""field"": ""tag"", ""value"": ""恋爱""}]}, ""retext"": ""有没有好看的恋爱剧"", ""sort"": {""hot"": {""order"": ""desc""}}}",有没有好看的恋爱剧,llm_onecall,17518.5,OK,
230,影视,第2轮,甜甜的恋爱那种,vod_search,"{""action"": ""search"", ""query"": {""and"": [{""field"": ""category"", ""value"": ""电视剧""}, {""field"": ""tag"", ""value"": ""甜甜的恋爱""}]}, ""retext"": ""想看甜甜的恋爱剧""}",想看甜甜的恋爱剧,llm_onecall,31998.2,OK,
230,影视,第3轮,要1080P的,,,,,,ERR,TimeoutError: timed out
230,影视,第4轮,高清版的,vod_search,"{""action"": ""search"", ""query"": {""and"": [{""field"": ""category"", ""value"": ""电视剧""}, {""field"": ""tag"", ""value"": ""甜甜的恋爱""}, {""field"": ""definition"", ""value"": ""is_1080p""}]}, ""retext"": ""想看甜甜的恋爱剧要1080P的高清版的""}",想看甜甜的恋爱剧要1080P的高清版的,llm_onecall,32379.5,OK,
230,影视,第5轮,要高甜不虐的,vod_fuzzy_search,"{""retext"": ""想看高甜不虐的甜甜的恋爱剧""}",想看高甜不虐的甜甜的恋爱剧,llm_onecall,15567.4,OK,
231,影视,第1轮,好看的年代剧,vod_search,"{""action"": ""search"", ""query"": {""and"": [{""field"": ""category"", ""value"": ""电视剧""}, {""field"": ""tag"", ""value"": ""年代""}]}, ""retext"": ""好看的年代剧"", ""sort"": {""hot"": {""order"": ""desc""}}}",好看的年代剧,llm_onecall,15382.3,OK,
231,影视,第2轮,演员阵容豪华的,vod_search,"{""action"": ""search"", ""query"": {""and"": [{""field"": ""category"", ""value"": ""电视剧""}, {""field"": ""tag"", ""value"": ""年代""}]}, ""retext"": ""演员阵容豪华的年代剧""}",演员阵容豪华的年代剧,llm_onecall,17411.2,OK,
231,影视,第3轮,卡司强的,vod_fuzzy_search,"{""retext"": ""卡司强的""}",卡司强的,llm_onecall,14434.2,OK,
231,影视,第4轮,改革开放题材的,vod_search,"{""action"": ""search"", ""query"": {""field"": ""tag"", ""value"": ""改革开放""}, ""retext"": ""改革开放题材的""}",改革开放题材的,llm_onecall,16811.0,OK,
231,影视,第5轮,演员阵容强的,vod_fuzzy_search,"{""retext"": ""演员阵容强的""}",演员阵容强的,llm_onecall,14081.0,OK,
232,影视,第1轮,最近想看治愈系的剧,fan_knowledge_agent,"{""messages"": [{""content"": ""最近想看治愈系的剧"", ""role"": ""user""}], ""riskRespStrategy"": ""all_replace"", ""sceneTypeIntentList"": [{""sceneType"": ""video""}]}",最近想看治愈系的剧,general_rule,19818.2,OK,
232,影视,第2轮,两个小时内的,vod_search,"{""action"": ""search"", ""query"": {""and"": [{""field"": ""category"", ""value"": ""电视剧""}, {""field"": ""tag"", ""value"": ""治愈""}, {""field"": ""release_time"", ""from"": ""20260812140000"", ""to"": ""20260812160000""}]}, ""retext"": ""最近两小时内上映的治愈系电视剧"", ""sort"": {""new"": {""order"": ""desc""}}}",最近两小时内上映的治愈系电视剧,llm_onecall,16850.6,OK,
232,影视,第3轮,日本的,vod_search_all,"{""action"": ""search"", ""query"": {""and"": [{""field"": ""area"", ""value"": ""日本""}, {""field"": ""category"", ""value"": ""电视剧""}, {""field"": ""tag"", ""value"": ""治愈系""}, {""field"": ""release_time"", ""from"": ""20260812140000"", ""to"": ""20260812160000""}]}, ""retext"": ""最近两小时内上映的治愈系日本电视剧"", ""sort"": {""new"": {""order"": ""desc""}}}",最近两小时内上映的治愈系日本电视剧,llm_onecall,17619.4,OK,
232,影视,第4轮,画面好看点的,vod_search_all,"{""action"": ""search"", ""query"": {""and"": [{""field"": ""area"", ""value"": ""日本""}, {""field"": ""category"", ""value"": ""电视剧""}, {""field"": ""tag"", ""value"": ""治愈系""}, {""field"": ""release_time"", ""from"": ""20260812140000"", ""to"": ""20260812160000""}]}, ""retext"": ""最近两小时内上映的治愈系日本电视剧画面好看点的"", ""sort"": {""hot"": {""order"": ""desc""}, ""new"": {""order"": ""desc""}}}",最近两小时内上映的治愈系日本电视剧画面好看点的,llm_onecall,17820.7,OK,
232,影视,第5轮,不花钱能看吗,vod_search_all,"{""action"": ""search"", ""query"": {""and"": [{""field"": ""area"", ""value"": ""日本""}, {""field"": ""category"", ""value"": ""电视剧""}, {""field"": ""tag"", ""value"": ""治愈系""}, {""field"": ""release_time"", ""from"": ""20260812080000"", ""to"": ""20260812100000""}]}, ""retext"": ""搜索最近两小时内上映的治愈系日本电视剧"", ""sort"": {""new"": {""order"": ""desc""}}}",搜索最近两小时内上映的治愈系日本电视剧,llm_onecall,37788.6,OK,
233,影视,第1轮,推荐几部悬疑美剧,vod_search_all,"{""action"": ""search"", ""query"": {""and"": [{""field"": ""area"", ""value"": ""美国""}, {""field"": ""category"", ""value"": ""电视剧""}, {""field"": ""tag"", ""value"": ""悬疑""}]}, ""retext"": ""推荐几部悬疑美剧""}",推荐几部悬疑美剧,llm_onecall,16966.6,OK,
233,影视,第2轮,有中文字幕版,vod_search_all,"{""action"": ""search"", ""query"": {""and"": [{""field"": ""area"", ""value"": ""美国""}, {""field"": ""category"", ""value"": ""电视剧""}, {""field"": ""tag"", ""value"": ""悬疑""}, {""field"": ""subtitles"", ""value"": ""中文字幕""}]}, ""retext"": ""推荐有中文字幕版的悬疑美剧""}",推荐有中文字幕版的悬疑美剧,llm_onecall,16210.0,OK,
233,影视,第3轮,字幕版的有吗,vod_search_all,"{""action"": ""search"", ""query"": {""and"": [{""field"": ""area"", ""value"": ""美国""}, {""field"": ""category"", ""value"": ""电视剧""}, {""field"": ""tag"", ""value"": ""悬疑""}, {""field"": ""subtitles"", ""value"": ""中文字幕""}]}, ""retext"": ""推荐有中文字幕版的悬疑美剧""}",推荐有中文字幕版的悬疑美剧,llm_onecall,17169.3,OK,
233,影视,第4轮,单元剧形式的,vod_fuzzy_search,"{""retext"": ""推荐单元剧形式的悬疑美剧""}",推荐单元剧形式的悬疑美剧,fallback,18338.3,OK,
233,影视,第5轮,最新那部,vod_search_all,"{""action"": ""search"", ""query"": {""and"": [{""field"": ""title"", ""value"": ""单元剧""}, {""field"": ""area"", ""value"": ""美国""}, {""field"": ""language"", ""value"": ""中文字幕""}, {""field"": ""category"", ""value"": ""电视剧""}, {""field"": ""tag"", ""value"": ""悬疑""}]}, ""retext"": ""推荐最新单元剧形式的有中文字幕版的悬疑美剧"", ""sort"": {""new"": {""order"": ""desc""}}}",推荐最新单元剧形式的有中文字幕版的悬疑美剧,llm_onecall,33961.3,OK,
234,影视,第1轮,有什么好看的讲亲情的剧,vod_search,"{""action"": ""search"", ""query"": {""and"": [{""field"": ""category"", ""value"": ""电视剧""}, {""field"": ""tag"", ""value"": ""亲情""}]}, ""retext"": ""有什么好看的讲亲情的剧"", ""sort"": {""hot"": {""order"": ""desc""}}}",有什么好看的讲亲情的剧,llm_onecall,16469.5,OK,
234,影视,第2轮,国产的,vod_search_all,"{""action"": ""search"", ""query"": {""and"": [{""field"": ""area"", ""value"": ""国产""}, {""field"": ""category"", ""value"": ""电视剧""}, {""field"": ""tag"", ""value"": ""亲情""}]}, ""retext"": ""有什么好看的讲亲情的国产剧"", ""sort"": {""hot"": {""order"": ""desc""}}}",有什么好看的讲亲情的国产剧,llm_onecall,16162.5,OK,
234,影视,第3轮,家庭题材的,vod_search_all,"{""action"": ""search"", ""query"": {""and"": [{""field"": ""area"", ""value"": ""国产""}, {""field"": ""category"", ""value"": ""电视剧""}, {""field"": ""tag"", ""value"": ""亲情""}]}, ""retext"": ""有什么好看的讲亲情的国产剧"", ""sort"": {""hot"": {""order"": ""desc""}}}",有什么好看的讲亲情的国产剧,llm_onecall,15767.5,OK,
234,影视,第4轮,讲家庭的,vod_search_all,"{""action"": ""search"", ""query"": {""and"": [{""field"": ""area"", ""value"": ""国产""}, {""field"": ""category"", ""value"": ""电视剧""}, {""field"": ""tag"", ""value"": ""家庭""}]}, ""retext"": ""有什么好看的讲家庭的国产剧"", ""sort"": {""hot"": {""order"": ""desc""}}}",有什么好看的讲家庭的国产剧,llm_onecall,15727.3,OK,
234,影视,第5轮,高清版,vod_search_all,"{""action"": ""search"", ""query"": {""and"": [{""field"": ""area"", ""value"": ""国产""}, {""field"": ""category"", ""value"": ""电视剧""}, {""field"": ""tag"", ""value"": ""家庭""}]}, ""retext"": ""有什么好看的讲家庭的国产剧"", ""sort"": {""hot"": {""order"": ""desc""}}}",有什么好看的讲家庭的国产剧,llm_onecall,16133.4,OK,
235,影视,第1轮,军旅剧,vod_search,"{""action"": ""search"", ""query"": {""and"": [{""field"": ""category"", ""value"": ""电视剧""}, {""field"": ""tag"", ""value"": ""军旅""}]}, ""retext"": ""军旅剧""}",军旅剧,llm_onecall,15239.2,OK,
235,影视,第2轮,现代背景的,vod_search,"{""action"": ""search"", ""query"": {""and"": [{""field"": ""category"", ""value"": ""电视剧""}, {""field"": ""tag"", ""value"": ""军旅""}, {""field"": ""tag"", ""value"": ""现代""}]}, ""retext"": ""现代背景的军旅剧""}",现代背景的军旅剧,llm_onecall,15844.9,OK,
235,影视,第3轮,现代题材的,vod_search,"{""action"": ""search"", ""query"": {""and"": [{""field"": ""category"", ""value"": ""电视剧""}, {""field"": ""tag"", ""value"": ""军旅""}, {""field"": ""tag"", ""value"": ""现代""}]}, ""retext"": ""现代背景的军旅剧""}",现代背景的军旅剧,llm_onecall,15724.2,OK,
235,影视,第4轮,真事改编的,vod_search,"{""action"": ""search"", ""query"": {""and"": [{""field"": ""category"", ""value"": ""电视剧""}, {""field"": ""tag"", ""value"": ""军旅""}, {""field"": ""tag"", ""value"": ""现代""}]}, ""retext"": ""现代背景的军旅剧""}",现代背景的军旅剧,llm_onecall,15034.6,OK,
235,影视,第5轮,现代戏,vod_search,"{""action"": ""search"", ""query"": {""and"": [{""field"": ""category"", ""value"": ""电视剧""}, {""field"": ""tag"", ""value"": ""军旅""}, {""field"": ""tag"", ""value"": ""现代""}]}, ""retext"": ""现代背景的军旅剧""}",现代背景的军旅剧,llm_onecall,16681.2,OK,
236,影视,第1轮,有什么好看的灾难片,vod_search,"{""action"": ""search"", ""query"": {""and"": [{""field"": ""category"", ""value"": ""电影""}, {""field"": ""tag"", ""value"": ""灾难""}]}, ""retext"": ""有什么好看的灾难片"", ""sort"": {""hot"": {""order"": ""desc""}}}",有什么好看的灾难片,llm_onecall,16275.2,OK,
236,影视,第2轮,近五年的有吗,vod_search,"{""action"": ""search"", ""query"": {""and"": [{""field"": ""category"", ""value"": ""电影""}, {""field"": ""tag"", ""value"": ""灾难""}, {""field"": ""release_time"", ""from"": ""20200101"", ""to"": ""20241231""}]}, ""retext"": ""近五年的好看的灾难片"", ""sort"": {""hot"": {""order"": ""desc""}}}",近五年的好看的灾难片,llm_onecall,19076.6,OK,
236,影视,第3轮,近五年的,vod_search,"{""action"": ""search"", ""query"": {""and"": [{""field"": ""category"", ""value"": ""电影""}, {""field"": ""tag"", ""value"": ""灾难""}, {""field"": ""release_time"", ""from"": ""20200101"", ""to"": ""20241231""}]}, ""retext"": ""近五年的好看的灾难片"", ""sort"": {""hot"": {""order"": ""desc""}}}",近五年的好看的灾难片,llm_onecall,18547.2,OK,
236,影视,第4轮,外国拍的,vod_search_all,"{""action"": ""search"", ""query"": {""and"": [{""field"": ""area"", ""value"": ""外国""}, {""field"": ""tag"", ""value"": ""灾难""}, {""field"": ""release_time"", ""from"": ""20200101"", ""to"": ""20241231""}]}, ""retext"": ""近五年的好看的灾难片外国拍的"", ""sort"": {""hot"": {""order"": ""desc""}}}",近五年的好看的灾难片外国拍的,llm_onecall,16405.7,OK,
236,影视,第5轮,口碑好一点的,vod_search_all,"{""action"": ""search"", ""query"": {""and"": [{""field"": ""area"", ""value"": ""外国""}, {""field"": ""tag"", ""value"": ""灾难""}, {""field"": ""release_time"", ""from"": ""20200101"", ""to"": ""20241231""}]}, ""retext"": ""近五年的好看的灾难片外国拍的口碑好一点的"", ""sort"": {""hot"": {""order"": ""desc""}, ""rate"": {""order"": ""desc""}}}",近五年的好看的灾难片外国拍的口碑好一点的,llm_onecall,19882.2,OK,
237,影视,第1轮,有啥好看的动作片,vod_fuzzy_search,"{""retext"": ""有啥好看的动作片""}",有啥好看的动作片,llm_onecall,15260.1,OK,
237,影视,第2轮,好莱坞的,vod_search_all,"{""action"": ""search"", ""query"": {""and"": [{""field"": ""area"", ""value"": ""好莱坞""}, {""field"": ""category"", ""value"": ""电影""}, {""field"": ""tag"", ""value"": ""动作""}]}, ""retext"": ""有啥好看的好莱坞动作片"", ""sort"": {""hot"": {""order"": ""desc""}}}",有啥好看的好莱坞动作片,llm_onecall,33444.4,OK,
237,影视,第3轮,有高清版吗,vod_search_all,"{""action"": ""search"", ""query"": {""and"": [{""field"": ""area"", ""value"": ""好莱坞""}, {""field"": ""category"", ""value"": ""电影""}, {""field"": ""tag"", ""value"": ""动作""}, {""field"": ""definition"", ""value"": ""is_4k""}]}, ""retext"": ""有啥好看的好莱坞动作片有高清版吗"", ""sort"": {""hot"": {""order"": ""desc""}}}",有啥好看的好莱坞动作片有高清版吗,llm_onecall,33595.8,OK,
237,影视,第4轮,有中文配音的,vod_search_all,"{""action"": ""search"", ""query"": {""and"": [{""field"": ""area"", ""value"": ""好莱坞""}, {""field"": ""category"", ""value"": ""电影""}, {""field"": ""tag"", ""value"": ""动作""}, {""field"": ""definition"", ""value"": ""is_4k""}, {""field"": ""dubbing"", ""value"": ""中文""}]}, ""retext"": ""有啥好看的好莱坞动作片有高清版有中文配音的"", ""sort"": {""hot"": {""order"": ""desc""}}}",有啥好看的好莱坞动作片有高清版有中文配音的,llm_onecall,34971.4,OK,
237,影视,第5轮,配音版的有吗,vod_search_all,"{""action"": ""search"", ""query"": {""and"": [{""field"": ""area"", ""value"": ""好莱坞""}, {""field"": ""category"", ""value"": ""电影""}, {""field"": ""tag"", ""value"": ""动作""}, {""field"": ""definition"", ""value"": ""is_4k""}, {""field"": ""dubbing"", ""value"": ""中文""}]}, ""retext"": ""有啥好看的好莱坞动作片有高清版有中文配音的"", ""sort"": {""hot"": {""order"": ""desc""}}}",有啥好看的好莱坞动作片有高清版有中文配音的,llm_onecall,32140.7,OK,
238,影视,第1轮,好看的谍战剧,vod_search,"{""action"": ""search"", ""query"": {""and"": [{""field"": ""category"", ""value"": ""电视剧""}, {""field"": ""tag"", ""value"": ""谍战""}]}, ""retext"": ""好看的谍战剧"", ""sort"": {""hot"": {""order"": ""desc""}}}",好看的谍战剧,llm_onecall,14657.3,OK,
238,影视,第2轮,烧脑一点的,vod_fuzzy_search,"{""retext"": ""烧脑一点的""}",烧脑一点的,llm_onecall,15096.5,OK,
238,影视,第3轮,近三年拍的,vod_search,"{""action"": ""search"", ""query"": {""and"": [{""field"": ""category"", ""value"": ""电视剧""}, {""field"": ""tag"", ""value"": ""谍战""}, {""field"": ""release_time"", ""from"": ""20220812"", ""to"": ""20250812""}]}, ""retext"": ""近三年拍的烧脑一点的谍战剧""}",近三年拍的烧脑一点的谍战剧,llm_onecall,18313.5,OK,
238,影视,第4轮,人气高点的,vod_search,"{""action"": ""search"", ""query"": {""and"": [{""field"": ""tag"", ""value"": ""谍战""}, {""field"": ""release_time"", ""from"": ""20220812"", ""to"": ""20250812""}]}, ""retext"": ""近三年拍的烧脑一点的谍战剧人气高点的"", ""sort"": {""hot"": {""order"": ""desc""}}}",近三年拍的烧脑一点的谍战剧人气高点的,llm_onecall,16592.8,OK,
238,影视,第5轮,有《暗算》那种的吗,,,,,,ERR,TimeoutError: timed out
239,影视,第1轮,治愈系的剧,fan_knowledge_agent,"{""messages"": [{""content"": ""治愈系的剧"", ""role"": ""user""}], ""riskRespStrategy"": ""all_replace"", ""sceneTypeIntentList"": [{""sceneType"": ""video""}]}",治愈系的剧,general_rule,23583.6,OK,
239,影视,第2轮,日版的,fan_knowledge_agent,"{""messages"": [{""content"": ""日版的治愈系剧"", ""role"": ""user""}], ""riskRespStrategy"": ""all_replace"", ""sceneTypeIntentList"": [{""sceneType"": ""video""}]}",日版的治愈系剧,general_rule,22711.2,OK,
239,影视,第3轮,口碑好一点的,fan_knowledge_agent,"{""messages"": [{""content"": ""口碑好的日版治愈系剧"", ""role"": ""user""}], ""riskRespStrategy"": ""all_replace"", ""sceneTypeIntentList"": [{""sceneType"": ""video""}]}",口碑好的日版治愈系剧,general_rule,22544.3,OK,
239,影视,第4轮,两小时以内的,fan_knowledge_agent,"{""messages"": [{""content"": ""口碑好的日版治愈系剧时长两小时以内的"", ""role"": ""user""}], ""riskRespStrategy"": ""all_replace"", ""sceneTypeIntentList"": [{""sceneType"": ""video""}]}",口碑好的日版治愈系剧时长两小时以内的,general_rule,24818.2,OK,
239,影视,第5轮,片长两小时内的,fan_knowledge_agent,"{""messages"": [{""content"": ""口碑好的日版治愈系剧片长两小时内的"", ""role"": ""user""}], ""riskRespStrategy"": ""all_replace"", ""sceneTypeIntentList"": [{""sceneType"": ""video""}]}",口碑好的日版治愈系剧片长两小时内的,general_rule,21267.0,OK,
24,影视,第1轮,放好看的电影,vod_search,"{""action"": ""play"", ""query"": {""field"": ""category"", ""value"": ""电影""}, ""retext"": ""放好看的电影"", ""sort"": {""hot"": {""order"": ""desc""}}}",放好看的电影,llm_onecall,13871.7,OK,
24,影视,第2轮,国产的有没有,vod_search_all,"{""action"": ""search"", ""query"": {""and"": [{""field"": ""area"", ""value"": ""内地""}, {""field"": ""category"", ""value"": ""电影""}]}, ""retext"": ""想看国产电影""}",想看国产电影,llm_onecall,15910.0,OK,
24,影视,第3轮,打分高一些的,vod_search_all,"{""action"": ""search"", ""query"": {""and"": [{""field"": ""area"", ""value"": ""中国""}, {""field"": ""category"", ""value"": ""电影""}]}, ""retext"": ""想看打分高一些的国产电影"", ""sort"": {""rate"": {""order"": ""desc""}}}",想看打分高一些的国产电影,llm_onecall,16871.1,OK,
24,影视,第4轮,人气高一些的,vod_search_all,"{""action"": ""search"", ""query"": {""and"": [{""field"": ""area"", ""value"": ""国内""}, {""field"": ""category"", ""value"": ""电影""}]}, ""retext"": ""想看人气高一些的国产电影"", ""sort"": {""hot"": {""order"": ""desc""}}}",想看人气高一些的国产电影,llm_onecall,16931.5,OK,
24,影视,第5轮,播放量高点的,vod_search_all,"{""action"": ""search"", ""query"": {""and"": [{""field"": ""area"", ""value"": ""国产""}, {""field"": ""category"", ""value"": ""电影""}]}, ""retext"": ""想看播放量高一些的国产电影"", ""sort"": {""play"": {""order"": ""desc""}}}",想看播放量高一些的国产电影,llm_onecall,15952.8,OK,
240,影视,第1轮,看看恋爱剧,vod_search,"{""action"": ""search"", ""query"": {""and"": [{""field"": ""category"", ""value"": ""电视剧""}, {""field"": ""tag"", ""value"": ""恋爱""}]}, ""retext"": ""看看恋爱剧""}",看看恋爱剧,llm_onecall,14963.0,OK,
240,影视,第2轮,结局圆满的有吗,vod_search,"{""action"": ""search"", ""query"": {""and"": [{""field"": ""category"", ""value"": ""电视剧""}, {""field"": ""tag"", ""operator"": ""or"", ""values"": [""恋爱"", ""结局圆满""]}]}, ""retext"": ""看看结局圆满的恋爱剧""}",看看结局圆满的恋爱剧,llm_onecall,29362.3,OK,
240,影视,第3轮,高清版的,vod_search,"{""action"": ""play"", ""query"": {""and"": [{""field"": ""category"", ""value"": ""电视剧""}, {""field"": ""tag"", ""operator"": ""or"", ""values"": [""恋爱"", ""结局圆满""]}, {""field"": ""definition"", ""value"": ""is_4k""}]}, ""retext"": ""看看高清版的结局圆满的恋爱剧""}",看看高清版的结局圆满的恋爱剧,llm_onecall,33293.9,OK,
240,影视,第4轮,1080P的,,,,,,ERR,TimeoutError: timed out
240,影视,第5轮,女主好看的,vod_search,"{""action"": ""search"", ""query"": {""and"": [{""field"": ""category"", ""value"": ""电视剧""}, {""field"": ""tag"", ""operator"": ""or"", ""values"": [""结局圆满"", ""恋爱""]}, {""field"": ""definition"", ""value"": ""is_1080p""}]}, ""retext"": ""看看女主好看的1080P版的结局圆满的恋爱剧"", ""sort"": {""hot"": {""order"": ""desc""}}}",看看女主好看的1080P版的结局圆满的恋爱剧,llm_onecall,34033.6,OK,
241,影视,第1轮,放真人秀综艺,vod_search,"{""action"": ""play"", ""query"": {""and"": [{""field"": ""category"", ""value"": ""综艺""}, {""field"": ""tag"", ""value"": ""真人秀""}]}, ""retext"": ""放真人秀综艺""}",放真人秀综艺,llm_onecall,18416.1,OK,
241,影视,第2轮,野外真人秀,,,,,,ERR,TimeoutError: timed out
241,影视,第3轮,最新一期,vod_search,"{""action"": ""search"", ""query"": {""and"": [{""field"": ""category"", ""value"": ""综艺""}, {""field"": ""tag"", ""value"": ""野外""}, {""field"": ""tag"", ""value"": ""真人秀""}]}, ""retext"": ""最新一期野外真人秀"", ""sort"": {""new"": {""order"": ""desc""}}}",最新一期野外真人秀,llm_onecall,31604.1,OK,
241,影视,第4轮,每周六更的,vod_search,"{""action"": ""search"", ""query"": {""and"": [{""field"": ""category"", ""value"": ""综艺""}, {""field"": ""tag"", ""value"": ""野外""}]}, ""retext"": ""每周六更新的野外真人秀"", ""sort"": {""new"": {""order"": ""desc""}}}",每周六更新的野外真人秀,llm_onecall,31075.4,OK,
241,影视,第5轮,要户外挑战类的,,,,,,ERR,TimeoutError: timed out
242,影视,第1轮,找点恐怖片,vod_search,"{""action"": ""search"", ""query"": {""and"": [{""field"": ""category"", ""value"": ""电影""}, {""field"": ""tag"", ""value"": ""恐怖""}]}, ""retext"": ""找点恐怖片""}",找点恐怖片,llm_onecall,16029.3,OK,
242,影视,第2轮,不太吓人的,vod_search,"{""action"": ""search"", ""query"": {""and"": [{""field"": ""tag"", ""value"": ""恐怖""}, {""field"": ""tag"", ""value"": ""惊悚""}, {""field"": ""tag"", ""value"": ""悬疑""}]}, ""retext"": ""找点不太吓人的恐怖片""}",找点不太吓人的恐怖片,llm_onecall,17499.5,OK,
242,影视,第3轮,有国语版的,vod_search_all,"{""action"": ""search"", ""query"": {""and"": [{""field"": ""language"", ""value"": ""国语""}, {""field"": ""tag"", ""value"": ""恐怖""}]}, ""retext"": ""找点不太吓人的恐怖片有国语版的""}",找点不太吓人的恐怖片有国语版的,llm_onecall,17134.4,OK,
242,影视,第4轮,微恐的,,,,,,ERR,TimeoutError: timed out
242,影视,第5轮,东南亚的,vod_search_all,"{""action"": ""search"", ""query"": {""and"": [{""field"": ""area"", ""value"": ""东南亚""}, {""field"": ""tag"", ""operator"": ""or"", ""values"": [""微恐"", ""恐怖""]}]}, ""retext"": ""找点微恐的恐怖片有东南亚的""}",找点微恐的恐怖片有东南亚的,llm_onecall,31397.9,OK,
243,影视,第1轮,想看谍战剧,vod_search,"{""action"": ""search"", ""query"": {""and"": [{""field"": ""category"", ""value"": ""电视剧""}, {""field"": ""tag"", ""value"": ""谍战""}]}, ""retext"": ""想看谍战剧""}",想看谍战剧,llm_onecall,15253.6,OK,
243,影视,第2轮,有《黎明之前》那种的吗,,,,,,ERR,TimeoutError: timed out
243,影视,第3轮,近几年拍的,vod_relate_search,"{""query"": {""and"": [{""field"": ""title"", ""value"": ""黎明之前""}, {""field"": ""release_time"", ""from"": ""20210101"", ""to"": ""20260101""}]}}",近几年拍的《黎明之前》那种的,llm_onecall,33933.2,OK,
243,影视,第4轮,免费版有吗,vod_search,"{""action"": ""search"", ""query"": {""and"": [{""field"": ""is_fee"", ""value"": ""0""}, {""field"": ""release_time"", ""from"": ""20210101"", ""to"": ""20251231""}]}, ""retext"": ""近几年拍的有免费版吗""}",近几年拍的有免费版吗,llm_onecall,17355.3,OK,
243,影视,第5轮,能免费看的,vod_search,"{""action"": ""search"", ""query"": {""and"": [{""field"": ""is_fee"", ""value"": ""0""}, {""field"": ""release_time"", ""from"": ""20210101"", ""to"": ""20251231""}]}, ""retext"": ""近几年拍的有免费版吗""}",近几年拍的有免费版吗,llm_onecall,14334.4,OK,
244,影视,第1轮,最近想看讲亲情的剧,vod_search,"{""action"": ""search"", ""query"": {""and"": [{""field"": ""category"", ""value"": ""电视剧""}, {""field"": ""tag"", ""value"": ""亲情""}]}, ""retext"": ""最近想看讲亲情的剧"", ""sort"": {""new"": {""order"": ""desc""}}}",最近想看讲亲情的剧,llm_onecall,15740.7,OK,
244,影视,第2轮,画质好的,vod_search,"{""action"": ""search"", ""query"": {""field"": ""definition"", ""value"": ""is_4k""}, ""retext"": ""画质好的""}",画质好的,llm_onecall,15924.7,OK,
244,影视,第3轮,要1080P的,,,,,,ERR,TimeoutError: timed out
244,影视,第4轮,国产的,vod_search_all,"{""action"": ""search"", ""query"": {""and"": [{""field"": ""area"", ""value"": ""国产""}, {""field"": ""category"", ""value"": ""电视剧""}, {""field"": ""tag"", ""value"": ""亲情""}, {""field"": ""definition"", ""value"": ""is_1080p""}]}, ""retext"": ""最近想看讲亲情的剧画质好的要1080P的国产的"", ""sort"": {""new"": {""order"": ""desc""}}}",最近想看讲亲情的剧画质好的要1080P的国产的,llm_onecall,33753.2,OK,
244,影视,第5轮,家庭题材的,vod_search_all,"{""action"": ""search"", ""query"": {""and"": [{""field"": ""area"", ""value"": ""国产""}, {""field"": ""category"", ""value"": ""电视剧""}, {""field"": ""tag"", ""value"": ""亲情""}, {""field"": ""definition"", ""value"": ""is_1080p""}]}, ""retext"": ""最近想看讲亲情的剧画质好的要1080P的国产的家庭题材的"", ""sort"": {""new"": {""order"": ""desc""}}}",最近想看讲亲情的剧画质好的要1080P的国产的家庭题材的,llm_onecall,31895.2,OK,
245,影视,第1轮,放几部动画片,educ_search,"{""query"": {""field"": ""content_type"", ""value"": ""动画""}, ""retext"": ""放几部动画片""}",放几部动画片,llm_onecall,31281.4,OK,
245,影视,第2轮,7到8岁能看的,,,,,43204.2,OK,
245,影视,第3轮,七八岁能看的,educ_search,"{""query"": {""field"": ""age_range"", ""from"": ""7"", ""to"": ""8""}, ""retext"": ""适合7到8岁的""}",适合7到8岁的,llm_onecall,17269.6,OK,
245,影视,第4轮,适合小学生看的,edu_fuzzy_search,"{""retext"": ""适合小学生看的""}",适合小学生看的,llm_onecall,14427.4,OK,
245,影视,第5轮,涨知识的,edu_fuzzy_search,"{""retext"": ""涨知识的""}",涨知识的,llm_onecall,16166.5,OK,
246,影视,第1轮,想看灾难片,vod_search,"{""action"": ""search"", ""query"": {""and"": [{""field"": ""category"", ""value"": ""电影""}, {""field"": ""tag"", ""value"": ""灾难""}]}, ""retext"": ""想看灾难片""}",想看灾难片,llm_onecall,16060.6,OK,
246,影视,第2轮,近五年的,vod_search,"{""action"": ""search"", ""query"": {""and"": [{""field"": ""category"", ""value"": ""电影""}, {""field"": ""tag"", ""value"": ""灾难""}, {""field"": ""release_time"", ""from"": ""20200101"", ""to"": ""20241231""}]}, ""retext"": ""想看近五年的灾难片""}",想看近五年的灾难片,llm_onecall,15848.8,OK,
246,影视,第3轮,海外的,,,,,,ERR,TimeoutError: timed out
246,影视,第4轮,近五年上映的,vod_search_all,"{""action"": ""search"", ""query"": {""and"": [{""field"": ""area"", ""value"": ""海外""}, {""field"": ""category"", ""value"": ""电影""}, {""field"": ""tag"", ""value"": ""灾难""}, {""field"": ""release_time"", ""from"": ""20200101"", ""to"": ""20241231""}]}, ""retext"": ""想看近五年的海外的灾难片""}",想看近五年的海外的灾难片,llm_onecall,35822.9,OK,
246,影视,第5轮,国语配音的有吗,vod_search_all,"{""action"": ""search"", ""query"": {""and"": [{""field"": ""area"", ""value"": ""海外""}, {""field"": ""tag"", ""value"": ""灾难""}, {""field"": ""release_time"", ""from"": ""20200101"", ""to"": ""20241231""}, {""field"": ""dubbing"", ""value"": ""国语""}]}, ""retext"": ""想看近五年的海外的灾难片国语配音的有吗""}",想看近五年的海外的灾难片国语配音的有吗,llm_onecall,29791.4,OK,
247,影视,第1轮,有啥好看的年代剧,vod_search,"{""action"": ""search"", ""query"": {""and"": [{""field"": ""category"", ""value"": ""电视剧""}, {""field"": ""tag"", ""value"": ""年代""}]}, ""retext"": ""有啥好看的年代剧"", ""sort"": {""hot"": {""order"": ""desc""}}}",有啥好看的年代剧,llm_onecall,17049.6,OK,
247,影视,第2轮,长篇的,vod_search,"{""action"": ""search"", ""query"": {""and"": [{""field"": ""category"", ""value"": ""电视剧""}, {""field"": ""tag"", ""value"": ""年代""}]}, ""retext"": ""长篇的年代剧""}",长篇的年代剧,llm_onecall,14726.8,OK,
247,影视,第3轮,演员阵容强的,vod_search,"{""action"": ""search"", ""query"": {""and"": [{""field"": ""category"", ""value"": ""电视剧""}, {""field"": ""tag"", ""value"": ""年代""}]}, ""retext"": ""长篇的年代剧演员阵容强的"", ""sort"": {""hot"": {""order"": ""desc""}}}",长篇的年代剧演员阵容强的,llm_onecall,16403.2,OK,
247,影视,第4轮,集数多点的,vod_search,"{""action"": ""search"", ""query"": {""and"": [{""field"": ""category"", ""value"": ""电视剧""}, {""field"": ""tag"", ""value"": ""年代""}]}, ""retext"": ""长篇的年代剧演员阵容强的集数多点的""}",长篇的年代剧演员阵容强的集数多点的,llm_onecall,18156.7,OK,
247,影视,第5轮,免费能看的有吗,vod_search,"{""action"": ""search"", ""query"": {""and"": [{""field"": ""category"", ""value"": ""电视剧""}, {""field"": ""tag"", ""value"": ""年代""}, {""field"": ""is_fee"", ""value"": ""0""}]}, ""retext"": ""长篇的年代剧演员阵容强的集数多点的免费能看的有吗""}",长篇的年代剧演员阵容强的集数多点的免费能看的有吗,llm_onecall,18178.2,OK,
248,影视,第1轮,推荐些历史剧,edu_fuzzy_search,"{""retext"": ""推荐些历史剧""}",推荐些历史剧,llm_onecall,14858.4,OK,
248,影视,第2轮,口碑好的有吗,edu_fuzzy_search,"{""retext"": ""口碑好的历史剧""}",口碑好的历史剧,llm_onecall,14574.8,OK,
248,影视,第3轮,已完结的有没有,edu_fuzzy_search,"{""retext"": ""口碑好的已完结历史剧""}",口碑好的已完结历史剧,llm_onecall,16862.7,OK,
248,影视,第4轮,要服化道精致的,edu_fuzzy_search,"{""retext"": ""口碑好的已完结历史剧中服化道精致的""}",口碑好的已完结历史剧中服化道精致的,llm_onecall,16858.3,OK,
248,影视,第5轮,服化道好的,edu_fuzzy_search,"{""retext"": ""口碑好的已完结历史剧中服化道精致的""}",口碑好的已完结历史剧中服化道精致的,llm_onecall,16086.7,OK,
249,影视,第1轮,有啥好看的律政剧,vod_search,"{""action"": ""search"", ""query"": {""and"": [{""field"": ""category"", ""value"": ""电视剧""}, {""field"": ""tag"", ""value"": ""律政""}]}, ""retext"": ""有啥好看的律政剧"", ""sort"": {""hot"": {""order"": ""desc""}}}",有啥好看的律政剧,llm_onecall,16374.7,OK,
249,影视,第2轮,法庭戏多的,vod_fuzzy_search,"{""retext"": ""有啥好看的律政剧法庭戏多的""}",有啥好看的律政剧法庭戏多的,llm_onecall,16976.0,OK,
249,影视,第3轮,美剧优先,vod_search_all,"{""action"": ""search"", ""query"": {""and"": [{""field"": ""area"", ""value"": ""美国""}, {""field"": ""tag"", ""operator"": ""or"", ""values"": [""律政"", ""法庭戏""]}]}, ""retext"": ""有啥好看的律政剧法庭戏多的；美剧优先"", ""sort"": {""hot"": {""order"": ""desc""}}}",有啥好看的律政剧法庭戏多的；美剧优先,llm_onecall,33535.9,OK,
249,影视,第4轮,法庭辩论多的,vod_search_all,"{""action"": ""search"", ""query"": {""and"": [{""field"": ""area"", ""value"": ""美剧""}, {""field"": ""tag"", ""operator"": ""or"", ""values"": [""律政"", ""法庭戏"", ""法庭辩论""]}]}, ""retext"": ""有啥好看的律政剧法庭戏多的；美剧优先；法庭辩论多的"", ""sort"": {""hot"": {""order"": ""desc""}}}",有啥好看的律政剧法庭戏多的；美剧优先；法庭辩论多的,llm_onecall,35044.2,OK,
249,影视,第5轮,辩论多的,vod_search_all,"{""action"": ""search"", ""query"": {""and"": [{""field"": ""area"", ""value"": ""美剧""}, {""field"": ""tag"", ""operator"": ""or"", ""values"": [""律政"", ""法庭戏"", ""法庭辩论""]}]}, ""retext"": ""有啥好看的律政剧法庭戏多的；美剧优先；法庭辩论多的"", ""sort"": {""hot"": {""order"": ""desc""}}}",有啥好看的律政剧法庭戏多的；美剧优先；法庭辩论多的,llm_onecall,32282.6,OK,
25,影视,第1轮,有什么评分高的电影,vod_search,"{""action"": ""search"", ""query"": {""field"": ""category"", ""value"": ""电影""}, ""retext"": ""有什么评分高的电影"", ""sort"": {""rate"": {""order"": ""desc""}}}",有什么评分高的电影,llm_onecall,14385.1,OK,
25,影视,第2轮,评分高的,vod_search,"{""action"": ""search"", ""query"": {""field"": ""category"", ""value"": ""电影""}, ""retext"": ""有什么评分高的电影"", ""sort"": {""rate"": {""order"": ""desc""}}}",有什么评分高的电影,llm_onecall,15042.6,OK,
25,影视,第3轮,国产的有吗,vod_search_all,"{""action"": ""search"", ""query"": {""and"": [{""field"": ""area"", ""value"": ""国产""}, {""field"": ""category"", ""value"": ""电影""}]}, ""retext"": ""评分高的国产电影"", ""sort"": {""rate"": {""order"": ""desc""}}}",评分高的国产电影,llm_onecall,18399.7,OK,
25,影视,第4轮,打分高点的,vod_search_all,"{""action"": ""search"", ""query"": {""and"": [{""field"": ""area"", ""value"": ""国产""}, {""field"": ""category"", ""value"": ""电影""}]}, ""retext"": ""评分高的国产电影"", ""sort"": {""rate"": {""order"": ""desc""}}}",评分高的国产电影,llm_onecall,18019.4,OK,
25,影视,第5轮,不收费的有吗,vod_search_all,"{""action"": ""search"", ""query"": {""and"": [{""field"": ""area"", ""value"": ""国产""}, {""field"": ""category"", ""value"": ""电影""}, {""field"": ""is_fee"", ""value"": ""0""}]}, ""retext"": ""不收费的评分高的国产电影"", ""sort"": {""rate"": {""order"": ""desc""}}}",不收费的评分高的国产电影,llm_onecall,19036.4,OK,
250,影视,第1轮,有没有好看的医疗剧,vod_search,"{""action"": ""search"", ""query"": {""and"": [{""field"": ""category"", ""value"": ""电视剧""}, {""field"": ""tag"", ""value"": ""医疗""}]}, ""retext"": ""有没有好看的医疗剧"", ""sort"": {""hot"": {""order"": ""desc""}}}",有没有好看的医疗剧,llm_onecall,15481.2,OK,
250,影视,第2轮,打分高的有没有,vod_search,"{""action"": ""search"", ""query"": {""and"": [{""field"": ""category"", ""value"": ""电视剧""}, {""field"": ""tag"", ""value"": ""医疗""}]}, ""retext"": ""打分高的医疗剧"", ""sort"": {""rate"": {""order"": ""desc""}}}",打分高的医疗剧,llm_onecall,16845.0,OK,
250,影视,第3轮,打分高的有吗,vod_search,"{""action"": ""search"", ""query"": {""and"": [{""field"": ""category"", ""value"": ""电视剧""}, {""field"": ""tag"", ""value"": ""医疗""}]}, ""retext"": ""打分高的医疗剧"", ""sort"": {""rate"": {""order"": ""desc""}}}",打分高的医疗剧,llm_onecall,17426.7,OK,
250,影视,第4轮,要咱们自己拍的,vod_search_all,"{""action"": ""search"", ""query"": {""and"": [{""field"": ""area"", ""value"": ""中国""}, {""field"": ""category"", ""value"": ""电视剧""}, {""field"": ""tag"", ""value"": ""医疗""}]}, ""retext"": ""打分高的中国医疗剧"", ""sort"": {""rate"": {""order"": ""desc""}}}",打分高的中国医疗剧,llm_onecall,16032.4,OK,
250,影视,第5轮,手术场面真实的,vod_fuzzy_search,"{""retext"": ""打分高的中国医疗剧中手术场面真实的""}",打分高的中国医疗剧中手术场面真实的,llm_onecall,15829.2,OK,
251,影视,第1轮,看看破案剧,vod_search,"{""action"": ""search"", ""query"": {""and"": [{""field"": ""category"", ""value"": ""电视剧""}, {""field"": ""tag"", ""value"": ""破案""}]}, ""retext"": ""看看破案剧""}",看看破案剧,llm_onecall,16218.1,OK,
251,影视,第2轮,国内的有没有,vod_search_all,"{""action"": ""play"", ""query"": {""and"": [{""field"": ""area"", ""value"": ""国内""}, {""field"": ""category"", ""value"": ""电视剧""}, {""field"": ""tag"", ""value"": ""破案""}]}, ""retext"": ""看看国内的破案剧""}",看看国内的破案剧,llm_onecall,17034.8,OK,
251,影视,第3轮,城市背景的,vod_search_all,"{""action"": ""search"", ""query"": {""and"": [{""field"": ""area"", ""value"": ""国内""}, {""field"": ""category"", ""value"": ""电视剧""}, {""field"": ""tag"", ""values"": [""破案"", ""都市""]}]}, ""retext"": ""看看城市背景的国内破案剧"", ""sort"": {""hot"": {""order"": ""desc""}}}",看看城市背景的国内破案剧,llm_onecall,18545.0,OK,
251,影视,第4轮,都市题材的,vod_search_all,"{""action"": ""play"", ""query"": {""and"": [{""field"": ""area"", ""value"": ""国内""}, {""field"": ""tag"", ""operator"": ""or"", ""values"": [""都市"", ""破案""]}]}, ""retext"": ""看看都市题材的国内破案剧""}",看看都市题材的国内破案剧,llm_onecall,16678.1,OK,
251,影视,第5轮,都市那种,vod_search_all,"{""action"": ""play"", ""query"": {""and"": [{""field"": ""area"", ""value"": ""国内""}, {""field"": ""tag"", ""operator"": ""or"", ""values"": [""都市"", ""破案""]}]}, ""retext"": ""看看都市题材的国内破案剧""}",看看都市题材的国内破案剧,llm_onecall,17004.7,OK,
252,影视,第1轮,来一部经典老电影,vod_fuzzy_search,"{""retext"": ""来一部经典老电影""}",来一部经典老电影,llm_onecall,15277.7,OK,
252,影视,第2轮,4K修复版,vod_search,"{""action"": ""search"", ""query"": {""field"": ""definition"", ""value"": ""is_4k""}, ""retext"": ""4K修复版""}",4K修复版,llm_onecall,15965.0,OK,
252,影视,第3轮,老黑白片,vod_fuzzy_search,"{""retext"": ""来一部经典老电影4K修复版老黑白片""}",来一部经典老电影4K修复版老黑白片,llm_onecall,17751.0,OK,
252,影视,第4轮,免费能看吗,vod_search,"{""action"": ""search"", ""query"": {""field"": ""is_fee"", ""value"": ""0""}, ""retext"": ""免费能看吗""}",免费能看吗,llm_onecall,15479.4,OK,
252,影视,第5轮,黑白的那种,vod_fuzzy_search,"{""retext"": ""黑白的那种""}",黑白的那种,llm_onecall,15183.1,OK,
253,影视,第1轮,想看恐怖片,vod_search,"{""action"": ""search"", ""query"": {""and"": [{""field"": ""category"", ""value"": ""电影""}, {""field"": ""tag"", ""value"": ""恐怖""}]}, ""retext"": ""想看恐怖片""}",想看恐怖片,llm_onecall,16056.6,OK,
253,影视,第2轮,国语版的有没有,vod_search_all,"{""action"": ""search"", ""query"": {""and"": [{""field"": ""language"", ""value"": ""国语""}, {""field"": ""category"", ""value"": ""电影""}, {""field"": ""tag"", ""value"": ""恐怖""}]}, ""retext"": ""想看国语版恐怖片""}",想看国语版恐怖片,llm_onecall,17272.0,OK,
253,影视,第3轮,悬疑惊悚的,vod_search,"{""action"": ""search"", ""query"": {""and"": [{""field"": ""category"", ""value"": ""电影""}, {""field"": ""tag"", ""operator"": ""or"", ""values"": [""悬疑"", ""惊悚""]}]}, ""retext"": ""想看悬疑惊悚电影""}",想看悬疑惊悚电影,llm_onecall,17148.5,OK,
253,影视,第4轮,要别太吓人的,vod_search,"{""action"": ""search"", ""query"": {""and"": [{""field"": ""category"", ""value"": ""电影""}, {""field"": ""tag"", ""operator"": ""or"", ""values"": [""悬疑"", ""惊悚""]}]}, ""retext"": ""想看悬疑惊悚电影""}",想看悬疑惊悚电影,llm_onecall,16285.4,OK,
253,影视,第5轮,有国语版的,vod_search_all,"{""action"": ""search"", ""query"": {""and"": [{""field"": ""language"", ""value"": ""国语""}, {""field"": ""category"", ""value"": ""电影""}, {""field"": ""tag"", ""operator"": ""or"", ""values"": [""悬疑"", ""惊悚""]}]}, ""retext"": ""想看国语版悬疑惊悚电影""}",想看国语版悬疑惊悚电影,llm_onecall,18099.9,OK,
254,影视,第1轮,最近想看武侠剧,vod_search,"{""action"": ""search"", ""query"": {""and"": [{""field"": ""category"", ""value"": ""电视剧""}, {""field"": ""tag"", ""value"": ""武侠""}]}, ""retext"": ""最近想看武侠剧"", ""sort"": {""new"": {""order"": ""desc""}}}",最近想看武侠剧,llm_onecall,16177.6,OK,
254,影视,第2轮,画质清楚点的,vod_search,"{""action"": ""search"", ""query"": {""field"": ""definition"", ""value"": ""is_4k""}, ""retext"": ""画质清楚点的""}",画质清楚点的,llm_onecall,16363.5,OK,
254,影视,第3轮,内地的有吗,vod_search_all,"{""action"": ""search"", ""query"": {""and"": [{""field"": ""area"", ""value"": ""内地""}, {""field"": ""category"", ""value"": ""电视剧""}, {""field"": ""tag"", ""value"": ""武侠""}]}, ""retext"": ""内地的武侠剧""}",内地的武侠剧,llm_onecall,16964.5,OK,
254,影视,第4轮,免费能看的,vod_search,"{""action"": ""search"", ""query"": {""field"": ""is_fee"", ""value"": ""0""}, ""retext"": ""免费能看的""}",免费能看的,llm_onecall,14471.9,OK,
254,影视,第5轮,内地拍的,vod_search_all,"{""action"": ""search"", ""query"": {""field"": ""area"", ""value"": ""内地""}, ""retext"": ""内地拍的""}",内地拍的,llm_onecall,15922.8,OK,
255,影视,第1轮,来几部动画片,educ_search,"{""query"": {""field"": ""content_type"", ""value"": ""动画""}, ""retext"": ""来几部动画片""}",来几部动画片,llm_onecall,35612.7,OK,
255,影视,第2轮,时长90分的,educ_search,"{""query"": {""and"": [{""field"": ""content_type"", ""value"": ""动画""}, {""field"": ""duration"", ""value"": ""5400""}]}, ""retext"": ""时长90分钟的动画片""}",时长90分钟的动画片,llm_onecall,15761.4,OK,
255,影视,第3轮,涨知识的,educ_fuzzy_search,"{""retext"": ""涨知识的""}",涨知识的,llm_onecall,14418.7,OK,
255,影视,第4轮,不花钱的有吗,educ_search,"{""query"": {""and"": [{""field"": ""content_type"", ""value"": ""动画""}, {""field"": ""is_fee"", ""value"": ""0""}, {""field"": ""training_objectives"", ""value"": ""涨知识""}]}, ""retext"": ""时长90分钟的动画片；时长90分钟的动画片；涨知识的；不花钱的有吗""}",时长90分钟的动画片；时长90分钟的动画片；涨知识的；不花钱的有吗,llm_onecall,21218.9,OK,
255,影视,第5轮,要七八岁小孩看的,educ_search,"{""query"": {""field"": ""age_range"", ""from"": ""7"", ""to"": ""8""}, ""retext"": ""要七八岁小孩看的""}",要七八岁小孩看的,llm_onecall,18261.7,OK,
256,影视,第1轮,放几部律政剧,vod_search,"{""action"": ""play"", ""query"": {""and"": [{""field"": ""category"", ""value"": ""电视剧""}, {""field"": ""tag"", ""value"": ""律政""}]}, ""retext"": ""放几部律政剧""}",放几部律政剧,llm_onecall,16907.5,OK,
256,影视,第2轮,法庭戏多的,vod_search,"{""action"": ""search"", ""query"": {""and"": [{""field"": ""category"", ""value"": ""电视剧""}, {""field"": ""tag"", ""value"": ""律政""}]}, ""retext"": ""想看法庭戏多的律政剧""}",想看法庭戏多的律政剧,llm_onecall,18252.9,OK,
256,影视,第3轮,完结了的有吗,vod_search,"{""action"": ""search"", ""query"": {""and"": [{""field"": ""category"", ""value"": ""电视剧""}, {""field"": ""tag"", ""operator"": ""or"", ""values"": [""律政"", ""法庭""]}, {""field"": ""is_over"", ""value"": ""1""}]}, ""retext"": ""想看法庭戏多的完结律政剧""}",想看法庭戏多的完结律政剧,llm_onecall,17899.3,OK,
256,影视,第4轮,最好是美剧,fan_knowledge_agent,"{""messages"": [{""content"": ""想看法庭戏多的完结律政剧；最好是美剧"", ""role"": ""user""}], ""riskRespStrategy"": ""all_replace"", ""sceneTypeIntentList"": [{""sceneType"": ""video""}]}",想看法庭戏多的完结律政剧；最好是美剧,llm_select,20475.6,OK,
256,影视,第5轮,美国拍的优先,fan_knowledge_agent,"{""messages"": [{""content"": ""想看法庭戏多的完结律政剧；最好是美剧；美国拍的优先"", ""role"": ""user""}], ""riskRespStrategy"": ""all_replace"", ""sceneTypeIntentList"": [{""sceneType"": ""video""}]}",想看法庭戏多的完结律政剧；最好是美剧；美国拍的优先,llm_select,25003.8,OK,
257,影视,第1轮,来一部悬疑美剧,vod_search_all,"{""action"": ""search"", ""query"": {""and"": [{""field"": ""area"", ""value"": ""美国""}, {""field"": ""category"", ""value"": ""电视剧""}, {""field"": ""tag"", ""value"": ""悬疑""}]}, ""retext"": ""来一部悬疑美剧""}",来一部悬疑美剧,llm_onecall,17342.9,OK,
257,影视,第2轮,有中文字幕的那种,vod_search_all,"{""action"": ""search"", ""query"": {""and"": [{""field"": ""area"", ""value"": ""美国""}, {""field"": ""language"", ""value"": ""中文字幕""}, {""field"": ""category"", ""value"": ""电视剧""}, {""field"": ""tag"", ""value"": ""悬疑""}]}, ""retext"": ""来一部有中文字幕的悬疑美剧""}",来一部有中文字幕的悬疑美剧,llm_onecall,31286.9,OK,
257,影视,第3轮,一季破一个案子的,vod_search_all,"{""action"": ""search"", ""query"": {""and"": [{""field"": ""area"", ""value"": ""美国""}, {""field"": ""language"", ""value"": ""中文字幕""}, {""field"": ""category"", ""value"": ""电视剧""}, {""field"": ""tag"", ""value"": ""悬疑""}]}, ""retext"": ""来一部一季破一个案子的有中文字幕的悬疑美剧""}",来一部一季破一个案子的有中文字幕的悬疑美剧,llm_onecall,31984.7,OK,
257,影视,第4轮,最新那部,vod_search_all,"{""action"": ""search"", ""query"": {""and"": [{""field"": ""area"", ""value"": ""美国""}, {""field"": ""language"", ""value"": ""中文字幕""}, {""field"": ""category"", ""value"": ""电视剧""}, {""field"": ""tag"", ""value"": ""悬疑""}]}, ""retext"": ""最新一季破一个案子的有中文字幕的悬疑美剧"", ""sort"": {""new"": {""order"": ""desc""}}}",最新一季破一个案子的有中文字幕的悬疑美剧,llm_onecall,32467.4,OK,
257,影视,第5轮,最新季的有没有,vod_search_all,"{""action"": ""search"", ""query"": {""and"": [{""field"": ""area"", ""value"": ""美国""}, {""field"": ""language"", ""value"": ""中文字幕""}, {""field"": ""category"", ""value"": ""电视剧""}, {""field"": ""tag"", ""value"": ""悬疑""}]}, ""retext"": ""最新一季破一个案子的有中文字幕的悬疑美剧"", ""sort"": {""new"": {""order"": ""desc""}}}",最新一季破一个案子的有中文字幕的悬疑美剧,llm_onecall,31159.9,OK,
258,影视,第1轮,有什么好看的律政剧,vod_search,"{""action"": ""search"", ""query"": {""and"": [{""field"": ""category"", ""value"": ""电视剧""}, {""field"": ""tag"", ""value"": ""律政""}]}, ""retext"": ""有什么好看的律政剧"", ""sort"": {""hot"": {""order"": ""desc""}}}",有什么好看的律政剧,llm_onecall,17166.3,OK,
258,影视,第2轮,辩论多的,vod_search,"{""action"": ""search"", ""query"": {""and"": [{""field"": ""category"", ""value"": ""电视剧""}, {""field"": ""tag"", ""value"": ""律政""}]}, ""retext"": ""有什么好看的律政剧"", ""sort"": {""hot"": {""order"": ""desc""}}}",有什么好看的律政剧,llm_onecall,16663.4,OK,
258,影视,第3轮,法庭戏多的,vod_search,"{""action"": ""search"", ""query"": {""and"": [{""field"": ""category"", ""value"": ""电视剧""}, {""field"": ""tag"", ""values"": [""律政"", ""法庭戏""]}]}, ""retext"": ""有什么好看的律政剧法庭戏多的"", ""sort"": {""hot"": {""order"": ""desc""}}}",有什么好看的律政剧法庭戏多的,llm_onecall,32608.1,OK,
258,影视,第4轮,最好是美剧,fan_knowledge_agent,"{""messages"": [{""content"": ""有什么好看的律政剧法庭戏多的最好是美剧"", ""role"": ""user""}], ""riskRespStrategy"": ""all_replace"", ""sceneTypeIntentList"": [{""sceneType"": ""video""}]}",有什么好看的律政剧法庭戏多的最好是美剧,general_rule,25054.2,OK,
258,影视,第5轮,要已完结的,fan_knowledge_agent,"{""messages"": [{""content"": ""有什么好看的律政剧法庭戏多的最好是美剧要已完结的"", ""role"": ""user""}], ""riskRespStrategy"": ""all_replace"", ""sceneTypeIntentList"": [{""sceneType"": ""video""}]}",有什么好看的律政剧法庭戏多的最好是美剧要已完结的,general_rule,24960.1,OK,
259,影视,第1轮,放几部年代剧,vod_search,"{""action"": ""play"", ""query"": {""and"": [{""field"": ""category"", ""value"": ""电视剧""}, {""field"": ""tag"", ""value"": ""年代""}]}, ""retext"": ""放几部年代剧""}",放几部年代剧,llm_onecall,17681.0,OK,
259,影视,第2轮,大卡司的,vod_search,"{""action"": ""play"", ""query"": {""and"": [{""field"": ""category"", ""value"": ""电视剧""}, {""field"": ""tag"", ""value"": ""年代""}]}, ""retext"": ""放几部大卡司的年代剧""}",放几部大卡司的年代剧,llm_onecall,15934.6,OK,
259,影视,第3轮,集数多点的,vod_search,"{""action"": ""search"", ""query"": {""and"": [{""field"": ""category"", ""value"": ""电视剧""}, {""field"": ""tag"", ""value"": ""年代""}]}, ""retext"": ""集数多点的年代剧"", ""sort"": {""series"": {""order"": ""desc""}}}",集数多点的年代剧,llm_onecall,17051.3,OK,
259,影视,第4轮,免费能看的有吗,vod_search,"{""action"": ""search"", ""query"": {""and"": [{""field"": ""category"", ""value"": ""电视剧""}, {""field"": ""tag"", ""value"": ""年代""}, {""field"": ""is_fee"", ""value"": ""0""}]}, ""retext"": ""免费能看的年代剧""}",免费能看的年代剧,llm_onecall,17993.7,OK,
259,影视,第5轮,要八九十年代背景的,vod_fuzzy_search,"{""retext"": ""要八九十年代背景的""}",要八九十年代背景的,llm_onecall,14586.5,OK,
26,影视,第1轮,推荐几部热门的电影,vod_search,"{""action"": ""search"", ""query"": {""field"": ""category"", ""value"": ""电影""}, ""retext"": ""推荐几部热门的电影"", ""sort"": {""hot"": {""order"": ""desc""}}}",推荐几部热门的电影,llm_onecall,14249.6,OK,
26,影视,第2轮,免费的吗,vod_search,"{""action"": ""search"", ""query"": {""field"": ""category"", ""value"": ""电影""}, ""retext"": ""推荐几部热门的电影"", ""sort"": {""hot"": {""order"": ""desc""}}}",推荐几部热门的电影,llm_onecall,36772.6,OK,
26,影视,第3轮,评分高点的,vod_search,"{""action"": ""search"", ""query"": {""field"": ""title"", ""value"": ""流浪地球""}, ""retext"": ""《流浪地球》评分高点的"", ""sort"": {""rate"": {""order"": ""desc""}}}",《流浪地球》评分高点的,llm_onecall,14687.9,OK,
26,影视,第4轮,口碑不错的,vod_fuzzy_search,"{""retext"": ""口碑不错的""}",口碑不错的,llm_onecall,16466.9,OK,
26,影视,第5轮,人气高一点的,edu_fuzzy_search,"{""retext"": ""口碑不错人气高一点的""}",口碑不错人气高一点的,llm_onecall,16345.9,OK,
260,影视,第1轮,来一部动画片,educ_search,"{""query"": {""field"": ""content_type"", ""value"": ""动画""}, ""retext"": ""来一部动画片""}",来一部动画片,llm_onecall,33788.6,OK,
260,影视,第2轮,适合小学生看的,educ_search,"{""query"": {""and"": [{""field"": ""content_type"", ""value"": ""动画""}, {""field"": ""age_range"", ""from"": ""6"", ""to"": ""12""}]}, ""retext"": ""适合小学生看的动画片""}",适合小学生看的动画片,llm_onecall,15925.1,OK,
260,影视,第3轮,一个半小时左右的,educ_fuzzy_search,"{""retext"": ""时长约一个半小时的动画片""}",时长约一个半小时的动画片,llm_onecall,16269.2,OK,
260,影视,第4轮,七八岁能看的,educ_search,"{""query"": {""and"": [{""field"": ""content_type"", ""value"": ""动画""}, {""field"": ""age_range"", ""from"": ""7"", ""to"": ""8""}]}, ""retext"": ""七八岁能看的动画片""}",七八岁能看的动画片,llm_onecall,16736.3,OK,
260,影视,第5轮,90分钟左右的,educ_search,"{""query"": {""and"": [{""field"": ""content_type"", ""value"": ""动画""}, {""field"": ""duration"", ""from"": ""5400"", ""to"": 5400}]}, ""retext"": ""时长约90分钟的动画片""}",时长约90分钟的动画片,llm_onecall,16180.8,OK,
261,影视,第1轮,推荐些恐怖片,vod_search,"{""action"": ""search"", ""query"": {""and"": [{""field"": ""category"", ""value"": ""电影""}, {""field"": ""tag"", ""value"": ""恐怖""}]}, ""retext"": ""推荐些恐怖片"", ""sort"": {""hot"": {""order"": ""desc""}}}",推荐些恐怖片,llm_onecall,15955.9,OK,
261,影视,第2轮,惊悚悬疑类,vod_search,"{""action"": ""search"", ""query"": {""field"": ""tag"", ""operator"": ""or"", ""values"": [""惊悚"", ""悬疑""]}, ""retext"": ""推荐惊悚悬疑类""}",推荐惊悚悬疑类,llm_onecall,16297.1,OK,
261,影视,第3轮,微恐的,,,,,,ERR,TimeoutError: timed out
261,影视,第4轮,评分高点的有吗,vod_search,"{""action"": ""search"", ""query"": {""and"": [{""field"": ""category"", ""value"": ""电影""}, {""field"": ""tag"", ""value"": ""微恐""}]}, ""retext"": ""推荐微恐电影""}",推荐微恐电影,llm_onecall,25714.2,OK,
261,影视,第5轮,泰国拍的,vod_search_all,"{""action"": ""search"", ""query"": {""and"": [{""field"": ""area"", ""value"": ""泰国""}, {""field"": ""category"", ""value"": ""电影""}, {""field"": ""tag"", ""value"": ""微恐""}]}, ""retext"": ""推荐泰国拍的微恐电影""}",推荐泰国拍的微恐电影,llm_onecall,25447.1,OK,
262,影视,第1轮,找点军旅剧,vod_search,"{""action"": ""search"", ""query"": {""and"": [{""field"": ""category"", ""value"": ""电视剧""}, {""field"": ""tag"", ""value"": ""军旅""}]}, ""retext"": ""找点军旅剧""}",找点军旅剧,llm_onecall,16194.7,OK,
262,影视,第2轮,有免费片源吗,vod_search,"{""action"": ""search"", ""query"": {""and"": [{""field"": ""tag"", ""value"": ""军旅""}, {""field"": ""is_fee"", ""value"": ""0""}]}, ""retext"": ""找点军旅剧有免费片源吗""}",找点军旅剧有免费片源吗,llm_onecall,16747.8,OK,
262,影视,第3轮,现代背景的,vod_search,"{""action"": ""search"", ""query"": {""and"": [{""field"": ""category"", ""value"": ""电视剧""}, {""field"": ""tag"", ""operator"": ""or"", ""values"": [""现代"", ""军旅""]}]}, ""retext"": ""找点现代背景的军旅剧""}",找点现代背景的军旅剧,llm_onecall,17128.3,OK,
262,影视,第4轮,现代戏,vod_search,"{""action"": ""search"", ""query"": {""and"": [{""field"": ""category"", ""value"": ""电视剧""}, {""field"": ""tag"", ""operator"": ""or"", ""values"": [""现代"", ""军旅""]}]}, ""retext"": ""找点现代背景的军旅剧""}",找点现代背景的军旅剧,llm_onecall,16535.3,OK,
262,影视,第5轮,现代题材的,vod_search,"{""action"": ""search"", ""query"": {""and"": [{""field"": ""category"", ""value"": ""电视剧""}, {""field"": ""tag"", ""operator"": ""or"", ""values"": [""现代"", ""军旅""]}]}, ""retext"": ""找点现代背景的军旅剧""}",找点现代背景的军旅剧,llm_onecall,16577.5,OK,
263,影视,第1轮,来一部破案剧,vod_search,"{""action"": ""search"", ""query"": {""and"": [{""field"": ""category"", ""value"": ""电视剧""}, {""field"": ""tag"", ""value"": ""破案""}]}, ""retext"": ""来一部破案剧""}",来一部破案剧,llm_onecall,15595.7,OK,
263,影视,第2轮,都市那种,vod_search,"{""action"": ""search"", ""query"": {""and"": [{""field"": ""category"", ""value"": ""电视剧""}, {""field"": ""tag"", ""value"": [""都市"", ""破案""]}]}, ""retext"": ""来一部都市破案剧"", ""sort"": {""hot"": {""order"": ""desc""}}}",来一部都市破案剧,llm_onecall,17337.2,OK,
263,影视,第3轮,真事改编,fan_knowledge_agent,"{""messages"": [{""content"": ""来一部都市破案剧真事改编"", ""role"": ""user""}], ""riskRespStrategy"": ""all_replace"", ""sceneTypeIntentList"": [{""sceneType"": ""video""}]}",来一部都市破案剧真事改编,llm_select,23688.8,OK,
263,影视,第4轮,都市题材的,vod_search,"{""action"": ""search"", ""query"": {""and"": [{""field"": ""category"", ""value"": ""电视剧""}, {""field"": ""tag"", ""value"": [""都市"", ""破案""]}]}, ""retext"": ""来一部都市破案剧"", ""sort"": {""hot"": {""order"": ""desc""}}}",来一部都市破案剧,llm_onecall,15951.2,OK,
263,影视,第5轮,根据真实案件的,fan_knowledge_agent,"{""messages"": [{""content"": ""来一部都市破案剧根据真实案件的"", ""role"": ""user""}], ""riskRespStrategy"": ""all_replace"", ""sceneTypeIntentList"": [{""sceneType"": ""video""}]}",来一部都市破案剧根据真实案件的,llm_select,22236.7,OK,
264,影视,第1轮,武侠剧,vod_search,"{""action"": ""search"", ""query"": {""and"": [{""field"": ""category"", ""value"": ""电视剧""}, {""field"": ""tag"", ""value"": ""武侠""}]}, ""retext"": ""武侠剧""}",武侠剧,llm_onecall,16382.6,OK,
264,影视,第2轮,打戏好看的,vod_fuzzy_search,"{""retext"": ""打戏好看的武侠剧""}",打戏好看的武侠剧,llm_onecall,16295.2,OK,
264,影视,第3轮,内地的有吗,vod_search_all,"{""action"": ""search"", ""query"": {""and"": [{""field"": ""area"", ""value"": ""内地""}, {""field"": ""tag"", ""value"": ""武侠""}]}, ""retext"": ""内地的打戏好看的武侠剧"", ""sort"": {""hot"": {""order"": ""desc""}}}",内地的打戏好看的武侠剧,llm_onecall,18067.1,OK,
264,影视,第4轮,免费能看的,vod_search_all,"{""action"": ""search"", ""query"": {""and"": [{""field"": ""area"", ""value"": ""内地""}, {""field"": ""category"", ""value"": ""电视剧""}, {""field"": ""tag"", ""value"": ""武侠""}, {""field"": ""is_fee"", ""value"": ""0""}]}, ""retext"": ""内地的打戏好看的武侠剧免费能看的"", ""sort"": {""hot"": {""order"": ""desc""}}}",内地的打戏好看的武侠剧免费能看的,llm_onecall,17415.1,OK,
264,影视,第5轮,画质清楚点的,vod_search_all,"{""action"": ""search"", ""query"": {""and"": [{""field"": ""area"", ""value"": ""内地""}, {""field"": ""category"", ""value"": ""电视剧""}, {""field"": ""tag"", ""value"": ""武侠""}, {""field"": ""is_fee"", ""value"": ""0""}]}, ""retext"": ""画质清楚点的内地的打戏好看的武侠剧免费能看的"", ""sort"": {""hot"": {""order"": ""desc""}}}",画质清楚点的内地的打戏好看的武侠剧免费能看的,llm_onecall,19024.0,OK,
265,影视,第1轮,有哪些动画片,fan_knowledge_agent,"{""messages"": [{""content"": ""有哪些动画片"", ""role"": ""user""}], ""riskRespStrategy"": ""all_replace"", ""sceneTypeIntentList"": [{""sceneType"": ""child""}]}",有哪些动画片,general_rule,18066.4,OK,
265,影视,第2轮,适合小学生看的,educ_search,"{""query"": {""and"": [{""field"": ""content_type"", ""value"": ""动画""}, {""field"": ""age_range"", ""from"": ""6"", ""to"": ""12""}]}, ""retext"": ""适合小学生看的动画片""}",适合小学生看的动画片,llm_onecall,15632.3,OK,
265,影视,第3轮,七八岁能看的,educ_search,"{""query"": {""and"": [{""field"": ""content_type"", ""value"": ""动画""}, {""field"": ""age_range"", ""from"": ""7"", ""to"": ""8""}]}, ""retext"": ""适合七八岁小学生看的动画片""}",适合七八岁小学生看的动画片,llm_onecall,17001.8,OK,
265,影视,第4轮,适合上小学的,edu_fuzzy_search,"{""retext"": ""适合上小学的""}",适合上小学的,llm_onecall,14465.0,OK,
265,影视,第5轮,一个半小时左右的,edu_fuzzy_search,"{""retext"": ""时长约一个半小时的""}",时长约一个半小时的,llm_onecall,15284.3,OK,
266,影视,第1轮,放动画片,educ_search,"{""query"": {""field"": ""content_type"", ""value"": ""动画""}, ""retext"": ""放动画片""}",放动画片,llm_onecall,15540.9,OK,
266,影视,第2轮,寓教于乐的,educ_search,"{""query"": {""and"": [{""field"": ""training_objectives"", ""value"": ""寓教于乐""}, {""field"": ""content_type"", ""value"": ""动画""}]}, ""retext"": ""想看寓教于乐的动画片""}",想看寓教于乐的动画片,llm_onecall,32870.0,OK,
266,影视,第3轮,一个半小时以内的,educ_search,"{""query"": {""and"": [{""field"": ""training_objectives"", ""value"": ""寓教于乐""}, {""field"": ""content_type"", ""value"": ""动画""}]}, ""retext"": ""想看寓教于乐的动画片；时长一个半小时以内的""}",想看寓教于乐的动画片；时长一个半小时以内的,llm_onecall,16511.0,OK,
266,影视,第4轮,小学生能看的,edu_fuzzy_search,"{""retext"": ""小学生能看的""}",小学生能看的,llm_onecall,14009.5,OK,
266,影视,第5轮,90分钟左右的,educ_search,"{""query"": {""and"": [{""field"": ""content_type"", ""value"": ""动画""}, {""field"": ""training_objectives"", ""value"": ""寓教于乐""}, {""field"": ""age_range"", ""from"": ""6"", ""to"": ""12""}]}, ""retext"": ""想看寓教于乐的动画片；时长一个半小时以内的；小学生能看的；时长90分钟左右的""}",想看寓教于乐的动画片；时长一个半小时以内的；小学生能看的；时长90分钟左右的,llm_onecall,15490.7,OK,
267,影视,第1轮,职场剧有哪些,fan_knowledge_agent,"{""messages"": [{""content"": ""职场剧有哪些"", ""role"": ""user""}], ""riskRespStrategy"": ""all_replace"", ""sceneTypeIntentList"": [{""sceneType"": ""video""}]}",职场剧有哪些,general_rule,21512.3,OK,
267,影视,第2轮,讲金融的那那种,vod_search,"{""action"": ""search"", ""query"": {""and"": [{""field"": ""category"", ""value"": ""电视剧""}, {""field"": ""tag"", ""value"": ""金融""}]}, ""retext"": ""金融题材的电视剧""}",金融题材的电视剧,llm_onecall,31400.1,OK,
267,影视,第3轮,集数别太多,vod_search,"{""action"": ""search"", ""query"": {""and"": [{""field"": ""category"", ""value"": ""电视剧""}, {""field"": ""tag"", ""value"": ""金融""}]}, ""retext"": ""金融题材的电视剧集数别太多""}",金融题材的电视剧集数别太多,llm_onecall,30253.7,OK,
267,影视,第4轮,短一点的,vod_search,"{""action"": ""search"", ""query"": {""and"": [{""field"": ""category"", ""value"": ""电视剧""}, {""field"": ""tag"", ""value"": ""金融""}]}, ""retext"": ""金融题材的电视剧集数别太多""}",金融题材的电视剧集数别太多,llm_onecall,32400.1,OK,
267,影视,第5轮,商战题材的,vod_search,"{""action"": ""search"", ""query"": {""field"": ""tag"", ""value"": ""商战""}, ""retext"": ""商战题材的""}",商战题材的,llm_onecall,13150.9,OK,
268,影视,第1轮,最近想看悬疑美剧,vod_search_all,"{""action"": ""search"", ""query"": {""and"": [{""field"": ""area"", ""value"": ""美国""}, {""field"": ""category"", ""value"": ""电视剧""}, {""field"": ""tag"", ""value"": ""悬疑""}]}, ""retext"": ""最近想看悬疑美剧"", ""sort"": {""new"": {""order"": ""desc""}}}",最近想看悬疑美剧,llm_onecall,16398.4,OK,
268,影视,第2轮,最新那部,vod_search_all,"{""action"": ""search"", ""query"": {""and"": [{""field"": ""area"", ""value"": ""美国""}, {""field"": ""category"", ""value"": ""电视剧""}, {""field"": ""tag"", ""value"": ""悬疑""}]}, ""retext"": ""最近想看悬疑美剧的最新那部"", ""sort"": {""new"": {""order"": ""desc""}}}",最近想看悬疑美剧的最新那部,llm_onecall,16805.8,OK,
268,影视,第3轮,单元剧形式的,,,,,,ERR,TimeoutError: timed out
268,影视,第4轮,字幕版的有吗,vod_search_all,"{""action"": ""search"", ""query"": {""and"": [{""field"": ""area"", ""value"": ""美国""}, {""field"": ""category"", ""value"": ""电视剧""}, {""field"": ""tag"", ""value"": ""悬疑""}]}, ""retext"": ""最近想看悬疑美剧的最新那部单元剧形式的字幕版的有吗"", ""sort"": {""new"": {""order"": ""desc""}}}",最近想看悬疑美剧的最新那部单元剧形式的字幕版的有吗,llm_onecall,13921.5,OK,
268,影视,第5轮,有中文字幕版,vod_search_all,"{""action"": ""search"", ""query"": {""and"": [{""field"": ""area"", ""value"": ""美国""}, {""field"": ""language"", ""value"": ""中文字幕""}, {""field"": ""tag"", ""value"": ""悬疑""}]}, ""retext"": ""最近想看悬疑美剧的最新那部单元剧形式的有中文字幕版"", ""sort"": {""new"": {""order"": ""desc""}}}",最近想看悬疑美剧的最新那部单元剧形式的有中文字幕版,llm_onecall,23747.3,OK,
269,影视,第1轮,有什么动画片,educ_search,"{""query"": {""field"": ""content_type"", ""value"": ""动画""}, ""retext"": ""有什么动画片""}",有什么动画片,llm_onecall,17234.1,OK,
269,影视,第2轮,要时长90分的,educ_search,"{""query"": {""and"": [{""field"": ""content_type"", ""value"": ""动画""}, {""field"": ""duration"", ""value"": ""5400""}]}, ""retext"": ""时长90分钟的动画片""}",时长90分钟的动画片,llm_onecall,15036.8,OK,
269,影视,第3轮,要适合小学生看的,educ_search,"{""query"": {""and"": [{""field"": ""content_type"", ""value"": ""动画""}, {""field"": ""age_range"", ""from"": ""6"", ""to"": ""12""}]}, ""retext"": ""时长90分钟的动画片要适合小学生看的""}",时长90分钟的动画片要适合小学生看的,llm_onecall,17430.9,OK,
269,影视,第4轮,小学生看的那种,educ_search,"{""query"": {""and"": [{""field"": ""content_type"", ""value"": ""动画""}, {""field"": ""age_range"", ""from"": ""6"", ""to"": ""12""}]}, ""retext"": ""时长90分钟的动画片要适合小学生看的""}",时长90分钟的动画片要适合小学生看的,llm_onecall,16708.6,OK,
269,影视,第5轮,7到8岁能看的,educ_search,"{""query"": {""and"": [{""field"": ""content_type"", ""value"": ""动画""}, {""field"": ""age_range"", ""from"": ""7"", ""to"": ""8""}]}, ""retext"": ""时长90分钟的动画片要适合小学生看的7到8岁能看的""}",时长90分钟的动画片要适合小学生看的7到8岁能看的,llm_onecall,15754.2,OK,
27,影视,第1轮,我想看最新的电影,vod_search,"{""action"": ""search"", ""query"": {""field"": ""category"", ""value"": ""电影""}, ""retext"": ""我想看最新的电影"", ""sort"": {""new"": {""order"": ""desc""}}}",我想看最新的电影,llm_onecall,14842.2,OK,
27,影视,第2轮,评分高点的,vod_search,"{""action"": ""search"", ""query"": {""field"": ""category"", ""value"": ""电影""}, ""retext"": ""想看评分高的电影"", ""sort"": {""rate"": {""order"": ""desc""}}}",想看评分高的电影,llm_onecall,14680.4,OK,
27,影视,第3轮,咱们自己拍的有吗,vod_search_all,"{""action"": ""search"", ""query"": {""and"": [{""field"": ""area"", ""value"": ""国产""}, {""field"": ""category"", ""value"": ""电影""}]}, ""retext"": ""想看国产评分高的电影"", ""sort"": {""rate"": {""order"": ""desc""}}}",想看国产评分高的电影,llm_onecall,18992.9,OK,
27,影视,第4轮,是国产的吗,vod_search_all,"{""action"": ""search"", ""query"": {""and"": [{""field"": ""area"", ""value"": ""国产""}, {""field"": ""category"", ""value"": ""电影""}]}, ""retext"": ""想看国产评分高的电影"", ""sort"": {""rate"": {""order"": ""desc""}}}",想看国产评分高的电影,llm_onecall,15728.5,OK,
27,影视,第5轮,打分高点的,vod_search,"{""action"": ""search"", ""query"": {""field"": ""category"", ""value"": ""电影""}, ""retext"": ""想看评分高的电影"", ""sort"": {""rate"": {""order"": ""desc""}}}",想看评分高的电影,llm_onecall,17171.1,OK,
270,影视,第1轮,推荐几部治愈系的剧,fan_knowledge_agent,"{""messages"": [{""content"": ""推荐几部治愈系的剧"", ""role"": ""user""}], ""riskRespStrategy"": ""all_replace"", ""sceneTypeIntentList"": [{""sceneType"": ""video""}]}",推荐几部治愈系的剧,general_rule,23853.0,OK,
270,影视,第2轮,画面好的,fan_knowledge_agent,"{""messages"": [{""content"": ""推荐画面好的治愈系剧"", ""role"": ""user""}], ""riskRespStrategy"": ""all_replace"", ""sceneTypeIntentList"": [{""sceneType"": ""video""}]}",推荐画面好的治愈系剧,general_rule,19656.1,OK,
270,影视,第3轮,画面好看点的,fan_knowledge_agent,"{""messages"": [{""content"": ""推荐画面好的治愈系剧"", ""role"": ""user""}], ""riskRespStrategy"": ""all_replace"", ""sceneTypeIntentList"": [{""sceneType"": ""video""}]}",推荐画面好的治愈系剧,general_rule,23645.6,OK,
270,影视,第4轮,片长两小时内的,playback_control,"{""device"": """", ""location"": """", ""object"": """", ""operation"": ""搜索"", ""value"": ""治愈系剧""}",推荐画面好的治愈系剧,llm_onecall,13595.2,OK,
270,影视,第5轮,日版的,playback_control,"{""device"": """", ""location"": """", ""object"": """", ""operation"": ""搜索"", ""value"": """"}",推荐画面好的治愈系剧,llm_onecall,16337.8,OK,
271,影视,第1轮,好看的真人秀综艺,vod_search,"{""action"": ""search"", ""query"": {""and"": [{""field"": ""category"", ""value"": ""综艺""}, {""field"": ""tag"", ""value"": ""真人秀""}]}, ""retext"": ""好看的真人秀综艺"", ""sort"": {""hot"": {""order"": ""desc""}}}",好看的真人秀综艺,llm_onecall,17296.0,OK,
271,影视,第2轮,周六那期,vod_search,"{""action"": ""search"", ""query"": {""and"": [{""field"": ""category"", ""value"": ""综艺""}, {""field"": ""tag"", ""value"": ""真人秀""}]}, ""retext"": ""周六那期好看的真人秀综艺"", ""sort"": {""hot"": {""order"": ""desc""}, ""rate"": {""order"": ""desc""}}}",周六那期好看的真人秀综艺,llm_onecall,16488.9,OK,
271,影视,第3轮,明星多的,vod_search,"{""action"": ""search"", ""query"": {""and"": [{""field"": ""category"", ""value"": ""综艺""}, {""field"": ""tag"", ""operator"": ""or"", ""values"": [""真人秀""]}, {""field"": ""release_time"", ""from"": ""20260110"", ""to"": ""20260110""}]}, ""retext"": ""周六那期好看的真人秀综艺明星多的"", ""sort"": {""hot"": {""order"": ""desc""}}}",周六那期好看的真人秀综艺明星多的,llm_onecall,18493.8,OK,
271,影视,第4轮,有明星嘉宾的,vod_search,"{""action"": ""search"", ""query"": {""and"": [{""field"": ""category"", ""value"": ""综艺""}, {""field"": ""tag"", ""operator"": ""or"", ""values"": [""真人秀""]}, {""field"": ""release_time"", ""from"": ""20260110"", ""to"": ""20260110""}]}, ""retext"": ""周六那期好看的真人秀综艺明星多的"", ""sort"": {""hot"": {""order"": ""desc""}}}",周六那期好看的真人秀综艺明星多的,llm_onecall,15869.0,OK,
271,影视,第5轮,周六更新的,vod_search,"{""action"": ""search"", ""query"": {""field"": ""category"", ""value"": ""综艺""}, ""retext"": ""周六更新的好看的真人秀综艺"", ""sort"": {""hot"": {""order"": ""desc""}, ""new"": {""order"": ""desc""}}}",周六更新的好看的真人秀综艺,llm_onecall,15734.3,OK,
272,影视,第1轮,想看悬疑美剧,vod_search_all,"{""action"": ""search"", ""query"": {""and"": [{""field"": ""area"", ""value"": ""美国""}, {""field"": ""category"", ""value"": ""电视剧""}, {""field"": ""tag"", ""value"": ""悬疑""}]}, ""retext"": ""想看悬疑美剧""}",想看悬疑美剧,llm_onecall,17607.9,OK,
272,影视,第2轮,最新季的有没有,vod_search_all,"{""action"": ""search"", ""query"": {""and"": [{""field"": ""area"", ""value"": ""美国""}, {""field"": ""category"", ""value"": ""电视剧""}, {""field"": ""tag"", ""value"": ""悬疑""}]}, ""retext"": ""想看最新季的悬疑美剧"", ""sort"": {""new"": {""order"": ""desc""}}}",想看最新季的悬疑美剧,llm_onecall,15938.9,OK,
272,影视,第3轮,要一季破一个案子的,vod_search_all,"{""action"": ""search"", ""query"": {""and"": [{""field"": ""area"", ""value"": ""美国""}, {""field"": ""category"", ""value"": ""电视剧""}, {""field"": ""tag"", ""value"": ""悬疑""}]}, ""retext"": ""想看最新季的一季破一个案子的悬疑美剧"", ""sort"": {""new"": {""order"": ""desc""}}}",想看最新季的一季破一个案子的悬疑美剧,llm_onecall,18454.9,OK,
272,影视,第4轮,完结了的有吗,vod_search_all,"{""action"": ""search"", ""query"": {""and"": [{""field"": ""area"", ""value"": ""美国""}, {""field"": ""category"", ""value"": ""电视剧""}, {""field"": ""tag"", ""value"": ""悬疑""}, {""field"": ""is_over"", ""value"": ""1""}]}, ""retext"": ""想看完结了的最新季的一季破一个案子的悬疑美剧"", ""sort"": {""new"": {""order"": ""desc""}}}",想看完结了的最新季的一季破一个案子的悬疑美剧,llm_onecall,16070.4,OK,
272,影视,第5轮,一案一集的,vod_search_all,"{""action"": ""search"", ""query"": {""and"": [{""field"": ""area"", ""value"": ""美国""}, {""field"": ""category"", ""value"": ""电视剧""}, {""field"": ""tag"", ""value"": ""悬疑""}, {""field"": ""is_over"", ""value"": ""1""}]}, ""retext"": ""想看完结了的最新季的一季破一个案子的悬疑美剧"", ""sort"": {""new"": {""order"": ""desc""}}}",想看完结了的最新季的一季破一个案子的悬疑美剧,llm_onecall,18782.4,OK,
273,影视,第1轮,来几部恋爱剧,vod_search,"{""action"": ""search"", ""query"": {""and"": [{""field"": ""category"", ""value"": ""电视剧""}, {""field"": ""tag"", ""value"": ""恋爱""}]}, ""retext"": ""来几部恋爱剧""}",来几部恋爱剧,llm_onecall,16915.8,OK,
273,影视,第2轮,不虐的,vod_fuzzy_search,"{""retext"": ""不虐的""}",不虐的,llm_onecall,14964.1,OK,
273,影视,第3轮,女主好看的,vod_fuzzy_search,"{""retext"": ""女主好看的不虐的恋爱剧""}",女主好看的不虐的恋爱剧,llm_onecall,17019.3,OK,
273,影视,第4轮,高甜不虐的,vod_fuzzy_search,"{""retext"": ""高甜不虐的""}",高甜不虐的,llm_onecall,14154.4,OK,
273,影视,第5轮,女主漂亮的,vod_fuzzy_search,"{""retext"": ""女主漂亮的高甜不虐的恋爱剧""}",女主漂亮的高甜不虐的恋爱剧,llm_onecall,16986.9,OK,
274,影视,第1轮,放灾难片,vod_search,"{""action"": ""play"", ""query"": {""field"": ""tag"", ""value"": ""灾难""}, ""retext"": ""放灾难片"", ""sort"": {""hot"": {""order"": ""desc""}}}",放灾难片,llm_onecall,15030.6,OK,
274,影视,第2轮,海外的,,,,,,ERR,TimeoutError: timed out
274,影视,第3轮,特效大片那种,,,,,,ERR,TimeoutError: timed out
274,影视,第4轮,国外的,vod_search_all,"{""action"": ""play"", ""query"": {""and"": [{""field"": ""area"", ""value"": ""国外""}, {""field"": ""category"", ""value"": ""电影""}, {""field"": ""tag"", ""value"": ""特效""}]}, ""retext"": ""放国外的特效大片""}",放国外的特效大片,llm_onecall,30032.9,OK,
274,影视,第5轮,有国语配音的,vod_search_all,"{""action"": ""play"", ""query"": {""field"": ""language"", ""value"": ""国语""}, ""retext"": ""放有国语配音的""}",放有国语配音的,llm_onecall,11762.6,OK,
275,影视,第1轮,来点谍战剧,vod_search,"{""action"": ""search"", ""query"": {""and"": [{""field"": ""category"", ""value"": ""电视剧""}, {""field"": ""tag"", ""value"": ""谍战""}]}, ""retext"": ""来点谍战剧""}",来点谍战剧,llm_onecall,15605.7,OK,
275,影视,第2轮,完结的有没有的那种,vod_search,"{""action"": ""search"", ""query"": {""and"": [{""field"": ""category"", ""value"": ""电视剧""}, {""field"": ""tag"", ""value"": ""谍战""}, {""field"": ""is_over"", ""value"": ""1""}]}, ""retext"": ""想看完结的谍战剧""}",想看完结的谍战剧,llm_onecall,16545.8,OK,
275,影视,第3轮,烧脑一点的,vod_search,"{""action"": ""search"", ""query"": {""and"": [{""field"": ""category"", ""value"": ""电视剧""}, {""field"": ""tag"", ""value"": ""谍战""}, {""field"": ""tag"", ""value"": ""烧脑""}, {""field"": ""is_over"", ""value"": ""1""}]}, ""retext"": ""想看烧脑的完结谍战剧""}",想看烧脑的完结谍战剧,llm_onecall,16282.4,OK,
275,影视,第4轮,近三年上映的,fan_knowledge_agent,"{""messages"": [{""content"": ""想看近三年上映的烧脑的完结谍战剧"", ""role"": ""user""}], ""riskRespStrategy"": ""all_replace"", ""sceneTypeIntentList"": [{""sceneType"": ""video""}]}",想看近三年上映的烧脑的完结谍战剧,general_rule,22219.3,OK,
275,影视,第5轮,人气高一点的,audio_search,"{""action"": ""search"", ""query"": ""想看近三年上映的烧脑的完结谍战剧人气高一点的""}",想看近三年上映的烧脑的完结谍战剧人气高一点的,general_rule,16330.4,OK,
276,影视,第1轮,有啥好看的职场剧,vod_search,"{""action"": ""search"", ""query"": {""and"": [{""field"": ""category"", ""value"": ""电视剧""}, {""field"": ""tag"", ""value"": ""职场""}]}, ""retext"": ""有啥好看的职场剧"", ""sort"": {""hot"": {""order"": ""desc""}}}",有啥好看的职场剧,llm_onecall,16583.0,OK,
276,影视,第2轮,讲金融的那那种,vod_fuzzy_search,"{""retext"": ""讲金融的那种职场剧""}",讲金融的那种职场剧,llm_onecall,14947.6,OK,
276,影视,第3轮,带字幕的,vod_fuzzy_search,"{""retext"": ""讲金融的那种职场剧带字幕的""}",讲金融的那种职场剧带字幕的,llm_onecall,13419.8,OK,
276,影视,第4轮,要商战题材的,vod_search,"{""action"": ""search"", ""query"": {""and"": [{""field"": ""category"", ""value"": ""电视剧""}, {""field"": ""tag"", ""operator"": ""or"", ""values"": [""商战"", ""职场""]}]}, ""retext"": ""讲金融的那种职场剧带字幕的；要商战题材的""}",讲金融的那种职场剧带字幕的；要商战题材的,llm_onecall,15981.6,OK,
276,影视,第5轮,有字幕的,vod_search,"{""action"": ""search"", ""query"": {""and"": [{""field"": ""category"", ""value"": ""电视剧""}, {""field"": ""tag"", ""operator"": ""or"", ""values"": [""商战"", ""职场""]}]}, ""retext"": ""讲金融的那种职场剧带字幕的；要商战题材的""}",讲金融的那种职场剧带字幕的；要商战题材的,llm_onecall,15170.2,OK,
277,影视,第1轮,看看国产动画电影,educ_search_all,"{""query"": {""and"": [{""field"": ""country"", ""value"": ""中国""}, {""field"": ""children_second_genre"", ""value"": ""动画电影""}]}, ""retext"": ""看看国产动画电影""}",看看国产动画电影,llm_onecall,17322.1,OK,
277,影视,第2轮,去年出的,educ_search_all,"{""query"": {""and"": [{""field"": ""country"", ""value"": ""中国""}, {""field"": ""release_time"", ""from"": ""20250101"", ""to"": ""20251231""}, {""field"": ""children_second_genre"", ""value"": ""动画电影""}]}, ""retext"": ""去年出的国产动画电影""}",去年出的国产动画电影,llm_onecall,29640.6,OK,
277,影视,第3轮,要神话故事改编的,fan_knowledge_agent,"{""messages"": [{""content"": ""想看神话故事改编的"", ""role"": ""user""}], ""riskRespStrategy"": ""all_replace"", ""sceneTypeIntentList"": [{""sceneType"": ""knowledge_qa""}]}",想看神话故事改编的,llm_select,18019.9,OK,
277,影视,第4轮,去年上映的,fan_knowledge_agent,"{""messages"": [{""content"": ""去年上映的"", ""role"": ""user""}], ""riskRespStrategy"": ""all_replace"", ""sceneTypeIntentList"": [{""sceneType"": ""knowledge_qa""}]}",去年上映的,general_rule,16970.7,OK,
277,影视,第5轮,去年的,fan_knowledge_agent,"{""messages"": [{""content"": ""去年的"", ""role"": ""user""}], ""riskRespStrategy"": ""all_replace"", ""sceneTypeIntentList"": [{""sceneType"": ""knowledge_qa""}]}",去年的,llm_select,12657.9,OK,
278,影视,第1轮,我想看谍战剧,vod_search,"{""action"": ""search"", ""query"": {""and"": [{""field"": ""category"", ""value"": ""电视剧""}, {""field"": ""tag"", ""value"": ""谍战""}]}, ""retext"": ""我想看谍战剧""}",我想看谍战剧,llm_onecall,16239.5,OK,
278,影视,第2轮,要近三年拍的,vod_search,"{""action"": ""search"", ""query"": {""and"": [{""field"": ""category"", ""value"": ""电视剧""}, {""field"": ""tag"", ""value"": ""谍战""}, {""field"": ""release_time"", ""from"": ""20220812"", ""to"": ""20250811""}]}, ""retext"": ""我想看近三年拍的谍战剧""}",我想看近三年拍的谍战剧,llm_onecall,16574.4,OK,
278,影视,第3轮,近三年的有吗,vod_search,"{""action"": ""search"", ""query"": {""and"": [{""field"": ""category"", ""value"": ""电视剧""}, {""field"": ""tag"", ""value"": ""谍战""}, {""field"": ""release_time"", ""from"": ""20220812"", ""to"": ""20250811""}]}, ""retext"": ""我想看近三年拍的谍战剧""}",我想看近三年拍的谍战剧,llm_onecall,16578.4,OK,
278,影视,第4轮,人气高的,vod_search,"{""action"": ""search"", ""query"": {""and"": [{""field"": ""category"", ""value"": ""电视剧""}, {""field"": ""tag"", ""value"": ""谍战""}, {""field"": ""release_time"", ""from"": ""20220812"", ""to"": ""20250812""}]}, ""retext"": ""我想看近三年拍的谍战剧人气高的"", ""sort"": {""hot"": {""order"": ""desc""}}}",我想看近三年拍的谍战剧人气高的,llm_onecall,15688.0,OK,
278,影视,第5轮,要近几年拍的,vod_search,"{""action"": ""search"", ""query"": {""and"": [{""field"": ""category"", ""value"": ""电视剧""}, {""field"": ""tag"", ""value"": ""谍战""}, {""field"": ""release_time"", ""from"": ""20200101"", ""to"": ""20241231""}]}, ""retext"": ""我想看近几年拍的谍战剧""}",我想看近几年拍的谍战剧,llm_onecall,13611.6,OK,
279,影视,第1轮,放讲亲情的剧,vod_search,"{""action"": ""play"", ""query"": {""and"": [{""field"": ""category"", ""value"": ""电视剧""}, {""field"": ""tag"", ""value"": ""亲情""}]}, ""retext"": ""放讲亲情的剧""}",放讲亲情的剧,llm_onecall,16060.5,OK,
279,影视,第2轮,HE结局的,vod_fuzzy_search,"{""retext"": ""想看HE结局的剧""}",想看HE结局的剧,llm_onecall,13758.3,OK,
279,影视,第3轮,亲情题材的,vod_search,"{""action"": ""search"", ""query"": {""and"": [{""field"": ""category"", ""value"": ""电视剧""}, {""field"": ""tag"", ""value"": ""亲情""}]}, ""retext"": ""想看亲情题材的剧""}",想看亲情题材的剧,llm_onecall,15806.3,OK,
279,影视,第4轮,家庭剧那种,vod_search,"{""action"": ""search"", ""query"": {""and"": [{""field"": ""category"", ""value"": ""电视剧""}, {""field"": ""tag"", ""value"": ""家庭""}]}, ""retext"": ""想看家庭剧""}",想看家庭剧,llm_onecall,14927.1,OK,
279,影视,第5轮,不要会员的有没有,vod_search,"{""action"": ""search"", ""query"": {""field"": ""is_fee"", ""value"": ""0""}, ""retext"": ""不要会员的有没有""}",不要会员的有没有,llm_onecall,13297.4,OK,
28,影视,第1轮,来点经典的电影,vod_search,"{""action"": ""search"", ""query"": {""field"": ""category"", ""value"": ""电影""}, ""retext"": ""来点经典的电影""}",来点经典的电影,llm_onecall,12962.0,OK,
28,影视,第2轮,口碑好点的,vod_fuzzy_search,"{""retext"": ""口碑好点的经典电影""}",口碑好点的经典电影,llm_onecall,14349.0,OK,
28,影视,第3轮,热门一点的,vod_search,"{""action"": ""search"", ""query"": {""and"": [{""field"": ""category"", ""value"": ""电影""}, {""field"": ""tag"", ""value"": ""经典""}]}, ""retext"": ""热门一点的经典电影"", ""sort"": {""hot"": {""order"": ""desc""}}}",热门一点的经典电影,llm_onecall,32981.0,OK,
28,影视,第4轮,打分高点的,vod_search,"{""action"": ""search"", ""query"": {}, ""retext"": ""打分高点的"", ""sort"": {""rate"": {""order"": ""desc""}}}",打分高点的,llm_onecall,17566.3,OK,
28,影视,第5轮,人气高点的,vod_personalized_search,"{""sort"": {""hot"": {""order"": ""desc""}}}",人气高点的,llm_onecall,13932.3,OK,
280,影视,第1轮,有哪些恋爱剧,fan_knowledge_agent,"{""messages"": [{""content"": ""有哪些恋爱剧"", ""role"": ""user""}], ""riskRespStrategy"": ""all_replace"", ""sceneTypeIntentList"": [{""sceneType"": ""video""}]}",有哪些恋爱剧,general_rule,21526.2,OK,
280,影视,第2轮,结局圆满的有吗,fan_knowledge_agent,"{""messages"": [{""content"": ""有哪些结局圆满的恋爱剧"", ""role"": ""user""}], ""riskRespStrategy"": ""all_replace"", ""sceneTypeIntentList"": [{""sceneType"": ""video""}]}",有哪些结局圆满的恋爱剧,general_rule,17438.8,OK,
280,影视,第3轮,甜宠的,fan_knowledge_agent,"{""messages"": [{""content"": ""有哪些甜宠的恋爱剧"", ""role"": ""user""}], ""riskRespStrategy"": ""all_replace"", ""sceneTypeIntentList"": [{""sceneType"": ""video""}]}",有哪些甜宠的恋爱剧,general_rule,20954.9,OK,
280,影视,第4轮,女主好看的,vod_search,"{""action"": ""search"", ""query"": {""and"": [{""field"": ""tag"", ""operator"": ""or"", ""values"": [""恋爱"", ""好看""]}, {""field"": ""gender"", ""value"": ""女""}]}, ""retext"": ""女主好看的恋爱剧"", ""sort"": {""hot"": {""order"": ""desc""}}}",女主好看的恋爱剧,llm_onecall,25209.4,OK,
280,影视,第5轮,高清版的,vod_fuzzy_search,"{""retext"": ""女主好看的高清版""}",女主好看的高清版,llm_onecall,12555.1,OK,
281,影视,第1轮,有啥好看的经典老电影,vod_fuzzy_search,"{""retext"": ""有啥好看的经典老电影""}",有啥好看的经典老电影,llm_onecall,16377.8,OK,
281,影视,第2轮,修复版的有没有,vod_fuzzy_search,"{""retext"": ""有啥好看的经典老电影修复版的""}",有啥好看的经典老电影修复版的,llm_onecall,13138.7,OK,
281,影视,第3轮,黑白的,vod_fuzzy_search,"{""retext"": ""有啥好看的经典老电影修复版的黑白的""}",有啥好看的经典老电影修复版的黑白的,llm_onecall,16940.7,OK,
281,影视,第4轮,黑白的那种,vod_fuzzy_search,"{""retext"": ""有啥好看的经典老电影修复版的黑白的""}",有啥好看的经典老电影修复版的黑白的,llm_onecall,15276.7,OK,
281,影视,第5轮,要评分高的,vod_search,"{""action"": ""search"", ""query"": {""and"": [{""field"": ""tag"", ""values"": [""经典"", ""黑白""]}, {""field"": ""definition"", ""value"": ""is_4k""}]}, ""retext"": ""有啥好看的经典老电影修复版的黑白的评分高的"", ""sort"": {""hot"": {""order"": ""desc""}, ""rate"": {""order"": ""desc""}}}",有啥好看的经典老电影修复版的黑白的评分高的,llm_onecall,26161.2,OK,
282,影视,第1轮,我想看讲亲情的剧,vod_search,"{""action"": ""search"", ""query"": {""and"": [{""field"": ""category"", ""value"": ""电视剧""}, {""field"": ""tag"", ""value"": ""亲情""}]}, ""retext"": ""我想看讲亲情的剧""}",我想看讲亲情的剧,llm_onecall,17309.6,OK,
282,影视,第2轮,家庭剧那种,vod_search,"{""action"": ""search"", ""query"": {""and"": [{""field"": ""category"", ""value"": ""电视剧""}, {""field"": ""tag"", ""value"": ""家庭""}]}, ""retext"": ""我想看家庭剧""}",我想看家庭剧,llm_onecall,13921.7,OK,
282,影视,第3轮,高清版,vod_search,"{""action"": ""search"", ""query"": {""and"": [{""field"": ""category"", ""value"": ""电视剧""}, {""field"": ""tag"", ""value"": ""家庭""}, {""field"": ""definition"", ""value"": ""is_4k""}]}, ""retext"": ""我想看高清版家庭剧""}",我想看高清版家庭剧,llm_onecall,17362.4,OK,
282,影视,第4轮,画质好的,vod_search,"{""action"": ""search"", ""query"": {""and"": [{""field"": ""category"", ""value"": ""电视剧""}, {""field"": ""tag"", ""value"": ""家庭""}]}, ""retext"": ""我想看画质好的家庭剧""}",我想看画质好的家庭剧,llm_onecall,14026.1,OK,
282,影视,第5轮,家庭题材的,vod_search,"{""action"": ""search"", ""query"": {""field"": ""tag"", ""value"": ""家庭""}, ""retext"": ""我想看家庭题材的""}",我想看家庭题材的,llm_onecall,12150.0,OK,
283,影视,第1轮,我想看军旅剧,vod_search,"{""action"": ""search"", ""query"": {""and"": [{""field"": ""category"", ""value"": ""电视剧""}, {""field"": ""tag"", ""value"": ""军旅""}]}, ""retext"": ""我想看军旅剧""}",我想看军旅剧,llm_onecall,15700.2,OK,
283,影视,第2轮,现代军旅的,vod_search,"{""action"": ""search"", ""query"": {""and"": [{""field"": ""category"", ""value"": ""电视剧""}, {""field"": ""tag"", ""value"": ""军旅""}, {""field"": ""tag"", ""value"": ""现代""}]}, ""retext"": ""我想看现代军旅剧""}",我想看现代军旅剧,llm_onecall,14108.3,OK,
283,影视,第3轮,根据真实事件改编,fan_knowledge_agent,"{""messages"": [{""content"": ""我想看根据真实事件改编的现代军旅剧"", ""role"": ""user""}], ""riskRespStrategy"": ""all_replace"", ""sceneTypeIntentList"": [{""sceneType"": ""video""}]}",我想看根据真实事件改编的现代军旅剧,llm_select,21811.7,OK,
283,影视,第4轮,真实故事改编的,fan_knowledge_agent,"{""messages"": [{""content"": ""我想看根据真实事件改编的现代军旅剧"", ""role"": ""user""}], ""riskRespStrategy"": ""all_replace"", ""sceneTypeIntentList"": [{""sceneType"": ""video""}]}",我想看根据真实事件改编的现代军旅剧,llm_select,18162.5,OK,
283,影视,第5轮,现代背景的,vod_search,"{""action"": ""search"", ""query"": {""and"": [{""field"": ""category"", ""value"": ""电视剧""}, {""field"": ""tag"", ""value"": ""军旅""}, {""field"": ""tag"", ""value"": ""现代""}]}, ""retext"": ""我想看现代背景的军旅剧""}",我想看现代背景的军旅剧,llm_onecall,12093.1,OK,
284,影视,第1轮,动作片有哪些,fan_knowledge_agent,"{""messages"": [{""content"": ""动作片有哪些"", ""role"": ""user""}], ""riskRespStrategy"": ""all_replace"", ""sceneTypeIntentList"": [{""sceneType"": ""knowledge_qa""}]}",动作片有哪些,general_rule,13116.0,OK,
284,影视,第2轮,中文配音版,vod_search_all,"{""action"": ""search"", ""query"": {""and"": [{""field"": ""title"", ""operator"": ""or"", ""values"": [""战狼"", ""红海行动"", ""湄公河行动""]}, {""field"": ""area"", ""value"": ""中国""}, {""field"": ""tag"", ""value"": ""动作""}, {""field"": ""dubbing"", ""value"": ""中文""}]}, ""retext"": ""《战狼》《红海行动》《湄公河行动》等国产动作片的中文配音版""}",《战狼》《红海行动》《湄公河行动》等国产动作片的中文配音版,llm_onecall,18110.6,OK,
284,影视,第3轮,枪战激烈的,vod_fuzzy_search,"{""retext"": ""枪战激烈的""}",枪战激烈的,llm_onecall,12856.1,OK,
284,影视,第4轮,配音版的有吗,vod_search_all,"{""action"": ""search"", ""query"": {""and"": [{""field"": ""title"", ""operator"": ""or"", ""values"": [""战狼"", ""红海行动"", ""湄公河行动""]}, {""field"": ""area"", ""value"": ""中国""}, {""field"": ""tag"", ""value"": ""动作""}, {""field"": ""dubbing"", ""value"": ""中文""}]}, ""retext"": ""《战狼》《红海行动》《湄公河行动》等国产动作片的中文配音版""}",《战狼》《红海行动》《湄公河行动》等国产动作片的中文配音版,llm_onecall,16312.8,OK,
284,影视,第5轮,有中文配音的,vod_search_all,"{""action"": ""search"", ""query"": {""and"": [{""field"": ""title"", ""operator"": ""or"", ""values"": [""战狼"", ""红海行动"", ""湄公河行动""]}, {""field"": ""area"", ""value"": ""中国""}, {""field"": ""tag"", ""value"": ""动作""}, {""field"": ""dubbing"", ""value"": ""中文""}]}, ""retext"": ""《战狼》《红海行动》《湄公河行动》等国产动作片的中文配音版""}",《战狼》《红海行动》《湄公河行动》等国产动作片的中文配音版,llm_onecall,14993.7,OK,
285,影视,第1轮,有哪些职场剧,fan_knowledge_agent,"{""messages"": [{""content"": ""有哪些职场剧"", ""role"": ""user""}], ""riskRespStrategy"": ""all_replace"", ""sceneTypeIntentList"": [{""sceneType"": ""video""}]}",有哪些职场剧,general_rule,17683.7,OK,
285,影视,第2轮,有字幕版的,fan_knowledge_agent,"{""messages"": [{""content"": ""有字幕版的"", ""role"": ""user""}], ""riskRespStrategy"": ""all_replace"", ""sceneTypeIntentList"": [{""sceneType"": ""knowledge_qa""}]}",有字幕版的,llm_select,19982.3,OK,
285,影视,第3轮,集数别太长,vod_search,"{""action"": ""search"", ""query"": {""and"": [{""field"": ""category"", ""value"": ""电视剧""}, {""field"": ""tag"", ""value"": ""职场""}]}, ""retext"": ""职场剧集数别太长""}",职场剧集数别太长,llm_onecall,14790.1,OK,
285,影视,第4轮,短一点的,fan_knowledge_agent,"{""messages"": [{""content"": ""有哪些职场剧；有字幕版的；职场剧集数别太长"", ""role"": ""user""}], ""riskRespStrategy"": ""all_replace"", ""sceneTypeIntentList"": [{""sceneType"": ""video""}]}",有哪些职场剧；有字幕版的；职场剧集数别太长,general_rule,19109.2,OK,
285,影视,第5轮,金融题材的,,,,,,ERR,TimeoutError: timed out
286,影视,第1轮,有什么历史剧,edu_fuzzy_search,"{""retext"": ""有什么历史剧""}",有什么历史剧,llm_onecall,12279.0,OK,
286,影视,第2轮,服化道考究的,edu_fuzzy_search,"{""retext"": ""服化道考究的历史剧""}",服化道考究的历史剧,llm_onecall,15780.0,OK,
286,影视,第3轮,唐代的,edu_fuzzy_search,"{""retext"": ""服化道考究的唐代历史剧""}",服化道考究的唐代历史剧,llm_onecall,14180.5,OK,
286,影视,第4轮,制作精良的,edu_fuzzy_search,"{""retext"": ""服化道考究的唐代历史剧制作精良""}",服化道考究的唐代历史剧制作精良,llm_onecall,11553.5,OK,
286,影视,第5轮,服化道精致的,edu_fuzzy_search,"{""retext"": ""服化道考究的唐代历史剧制作精良""}",服化道考究的唐代历史剧制作精良,llm_onecall,11734.0,OK,
287,影视,第1轮,有啥好看的讲亲情的剧,vod_fuzzy_search,"{""retext"": ""有啥好看的讲亲情的剧""}",有啥好看的讲亲情的剧,llm_onecall,12761.9,OK,
287,影视,第2轮,讲家庭的,vod_fuzzy_search,"{""retext"": ""有啥好看的讲家庭的剧""}",有啥好看的讲家庭的剧,llm_onecall,16316.8,OK,
287,影视,第3轮,高清版,vod_fuzzy_search,"{""retext"": ""有啥好看的讲家庭的剧""}",有啥好看的讲家庭的剧,llm_onecall,15531.1,OK,
287,影视,第4轮,家庭剧那种,vod_fuzzy_search,"{""retext"": ""有啥好看的讲家庭的剧""}",有啥好看的讲家庭的剧,llm_onecall,11909.1,OK,
287,影视,第5轮,结局好的,vod_fuzzy_search,"{""retext"": ""有啥好看的结局好的讲家庭的剧""}",有啥好看的结局好的讲家庭的剧,llm_onecall,10916.5,OK,
288,影视,第1轮,有哪些脱口秀节目,fan_knowledge_agent,"{""messages"": [{""content"": ""有哪些脱口秀节目"", ""role"": ""user""}], ""riskRespStrategy"": ""all_replace"", ""sceneTypeIntentList"": [{""sceneType"": ""knowledge_qa""}]}",有哪些脱口秀节目,general_rule,19737.7,OK,
288,影视,第2轮,脱口秀大会那种,vod_search,"{""action"": ""search"", ""query"": {""and"": [{""field"": ""title"", ""value"": ""脱口秀大会""}, {""field"": ""tag"", ""value"": ""脱口秀""}]}, ""retext"": ""想看脱口秀大会""}",想看脱口秀大会,llm_onecall,15898.5,OK,
288,影视,第3轮,要单口那种,,,,,,ERR,TimeoutError: timed out
288,影视,第4轮,高分的有没有的那种,vod_search,"{""action"": ""search"", ""query"": {""and"": [{""field"": ""tag"", ""value"": ""单口""}, {""field"": ""tag"", ""value"": ""脱口秀""}]}, ""retext"": ""想看高分单口脱口秀"", ""sort"": {""rate"": {""order"": ""desc""}}}",想看高分单口脱口秀,llm_onecall,27512.7,OK,
288,影视,第5轮,最近更新的,vod_search,"{""action"": ""search"", ""query"": {""and"": [{""field"": ""category"", ""value"": ""综艺""}, {""field"": ""tag"", ""value"": ""单口脱口秀""}]}, ""retext"": ""想看高分单口脱口秀最近更新的"", ""sort"": {""new"": {""order"": ""desc""}, ""rate"": {""order"": ""desc""}}}",想看高分单口脱口秀最近更新的,llm_onecall,28459.6,OK,
289,影视,第1轮,有没有好看的找肖战演的电视剧,vod_search,"{""action"": ""search"", ""query"": {""and"": [{""field"": ""actor"", ""value"": ""肖战""}, {""field"": ""category"", ""value"": ""电视剧""}]}, ""retext"": ""有没有好看的找肖战演的电视剧"", ""sort"": {""hot"": {""order"": ""desc""}}}",有没有好看的找肖战演的电视剧,llm_onecall,15913.8,OK,
289,影视,第2轮,免费的有没有的那种,vod_search,"{""action"": ""search"", ""query"": {""and"": [{""field"": ""actor"", ""value"": ""肖战""}, {""field"": ""category"", ""value"": ""电视剧""}, {""field"": ""is_fee"", ""value"": ""0""}]}, ""retext"": ""有没有免费的找肖战演的电视剧""}",有没有免费的找肖战演的电视剧,llm_onecall,14392.1,OK,
289,影视,第3轮,评价好的,vod_search,"{""action"": ""search"", ""query"": {""and"": [{""field"": ""actor"", ""value"": ""肖战""}, {""field"": ""category"", ""value"": ""电视剧""}]}, ""retext"": ""评价好的找肖战演的电视剧"", ""sort"": {""rate"": {""order"": ""desc""}}}",评价好的找肖战演的电视剧,llm_onecall,12539.0,OK,
289,影视,第4轮,不花钱的,vod_search,"{""action"": ""search"", ""query"": {""and"": [{""field"": ""actor"", ""value"": ""肖战""}, {""field"": ""category"", ""value"": ""电视剧""}, {""field"": ""is_fee"", ""value"": ""0""}]}, ""retext"": ""不花钱的找肖战演的电视剧""}",不花钱的找肖战演的电视剧,llm_onecall,12799.3,OK,
289,影视,第5轮,要票房高点的,fan_knowledge_agent,"{""messages"": [{""content"": ""要票房高点的"", ""role"": ""user""}], ""riskRespStrategy"": ""all_replace"", ""sceneTypeIntentList"": [{""sceneType"": ""knowledge_qa""}]}",要票房高点的,general_rule,14000.5,OK,
29,影视,第1轮,推荐几部免费的电影,vod_search,"{""action"": ""search"", ""query"": {""and"": [{""field"": ""category"", ""value"": ""电影""}, {""field"": ""is_fee"", ""value"": ""0""}]}, ""retext"": ""推荐几部免费的电影""}",推荐几部免费的电影,llm_onecall,13925.1,OK,
29,影视,第2轮,国产的有没有,vod_search_all,"{""action"": ""search"", ""query"": {""and"": [{""field"": ""area"", ""value"": ""国产""}, {""field"": ""category"", ""value"": ""电影""}, {""field"": ""is_fee"", ""value"": ""0""}]}, ""retext"": ""推荐几部免费的国产电影""}",推荐几部免费的国产电影,llm_onecall,16238.3,OK,
29,影视,第3轮,播放量高的,vod_search_all,"{""action"": ""search"", ""query"": {""and"": [{""field"": ""area"", ""value"": ""国产""}, {""field"": ""category"", ""value"": ""电影""}, {""field"": ""is_fee"", ""value"": ""0""}]}, ""retext"": ""推荐播放量高的免费国产电影"", ""sort"": {""play"": {""order"": ""desc""}}}",推荐播放量高的免费国产电影,llm_onecall,18233.7,OK,
29,影视,第4轮,免费的吗,vod_search_all,"{""action"": ""search"", ""query"": {""and"": [{""field"": ""area"", ""value"": ""国产""}, {""field"": ""category"", ""value"": ""电影""}, {""field"": ""is_fee"", ""value"": ""0""}]}, ""retext"": ""推荐播放量高的免费国产电影"", ""sort"": {""play"": {""order"": ""desc""}}}",推荐播放量高的免费国产电影,llm_onecall,15398.9,OK,
29,影视,第5轮,不要钱的有没有,vod_search,"{""action"": ""search"", ""query"": {""and"": [{""field"": ""category"", ""value"": ""电影""}, {""field"": ""is_fee"", ""value"": ""0""}]}, ""retext"": ""推荐免费的电影""}",推荐免费的电影,llm_onecall,18125.8,OK,
290,影视,第1轮,推荐些谍战剧,vod_search,"{""action"": ""search"", ""query"": {""and"": [{""field"": ""category"", ""value"": ""电视剧""}, {""field"": ""tag"", ""value"": ""谍战""}]}, ""retext"": ""推荐些谍战剧""}",推荐些谍战剧,llm_onecall,16009.2,OK,
290,影视,第2轮,能免费看的,vod_search,"{""action"": ""search"", ""query"": {""and"": [{""field"": ""category"", ""value"": ""电视剧""}, {""field"": ""tag"", ""value"": ""谍战""}, {""field"": ""is_fee"", ""value"": ""0""}]}, ""retext"": ""推荐些能免费看的谍战剧""}",推荐些能免费看的谍战剧,llm_onecall,15932.9,OK,
290,影视,第3轮,人气高一些的,edu_fuzzy_search,"{""retext"": ""推荐些人气高一些的能免费看的谍战剧""}",推荐些人气高一些的能免费看的谍战剧,llm_onecall,12130.9,OK,
290,影视,第4轮,近三年的有吗,edu_fuzzy_search,"{""retext"": ""推荐些近三年人气高一些的能免费看的谍战剧""}",推荐些近三年人气高一些的能免费看的谍战剧,llm_onecall,11945.4,OK,
290,影视,第5轮,近三年上映的,edu_fuzzy_search,"{""retext"": ""推荐些近三年人气高一些的能免费看的谍战剧""}",推荐些近三年人气高一些的能免费看的谍战剧,llm_onecall,12384.4,OK,
291,影视,第1轮,有什么好看的韩剧,vod_search_all,"{""action"": ""search"", ""query"": {""and"": [{""field"": ""area"", ""value"": ""韩国""}, {""field"": ""category"", ""value"": ""电视剧""}]}, ""retext"": ""有什么好看的韩剧"", ""sort"": {""hot"": {""order"": ""desc""}}}",有什么好看的韩剧,llm_onecall,16456.2,OK,
291,影视,第2轮,有中文字幕吗,vod_search_all,"{""action"": ""search"", ""query"": {""and"": [{""field"": ""area"", ""value"": ""韩国""}, {""field"": ""category"", ""value"": ""电视剧""}]}, ""retext"": ""有什么好看的韩剧有中文字幕吗"", ""sort"": {""hot"": {""order"": ""desc""}}}",有什么好看的韩剧有中文字幕吗,llm_onecall,15627.3,OK,
291,影视,第3轮,高分的有没有,vod_search_all,"{""action"": ""search"", ""query"": {""and"": [{""field"": ""area"", ""value"": ""韩国""}, {""field"": ""category"", ""value"": ""电视剧""}]}, ""retext"": ""搜索高分韩剧"", ""sort"": {""rate"": {""order"": ""desc""}}}",搜索高分韩剧,llm_onecall,26490.0,OK,
291,影视,第4轮,要已完结的,vod_search,"{""action"": ""search"", ""query"": {""and"": [{""field"": ""title"", ""value"": ""黑暗荣耀""}, {""field"": ""is_over"", ""value"": ""1""}]}, ""retext"": ""《黑暗荣耀》要已完结的""}",《黑暗荣耀》要已完结的,llm_onecall,12762.6,OK,
291,影视,第5轮,悬疑题材的,vod_search,"{""action"": ""search"", ""query"": {""field"": ""tag"", ""value"": ""悬疑""}, ""retext"": ""悬疑题材的""}",悬疑题材的,llm_onecall,12142.4,OK,
292,影视,第1轮,有部剧男主是法医，叫啥来着,vod_fuzzy_search,"{""retext"": ""有部剧男主是法医，叫啥来着""}",有部剧男主是法医，叫啥来着,llm_onecall,13848.1,OK,
292,影视,第2轮,就是去年播的那部,vod_search,"{""action"": ""search"", ""query"": {""and"": [{""field"": ""category"", ""value"": ""电视剧""}, {""field"": ""release_time"", ""from"": ""20250101"", ""to"": ""20251231""}, {""field"": ""role"", ""value"": ""法医""}]}, ""retext"": ""去年播出的男主是法医的电视剧""}",去年播出的男主是法医的电视剧,llm_onecall,15456.3,OK,
292,影视,第3轮,女主是谁演的,fan_knowledge_agent,"{""messages"": [{""content"": ""《法医秦明》的女主是谁演的"", ""role"": ""user""}], ""riskRespStrategy"": ""all_replace"", ""sceneTypeIntentList"": [{""sceneType"": ""video""}]}",《法医秦明》的女主是谁演的,general_rule,16502.7,OK,
292,影视,第4轮,结局是啥,fan_knowledge_agent,"{""messages"": [{""content"": ""《法医秦明》的结局是啥"", ""role"": ""user""}], ""riskRespStrategy"": ""all_replace"", ""sceneTypeIntentList"": [{""sceneType"": ""knowledge_qa""}]}",《法医秦明》的结局是啥,llm_select,18694.8,OK,
292,影视,第5轮,播放第一个,music_song_search,"{""ip"": [""法医秦明""], ""retext"": ""播放《法医秦明》""}",播放《法医秦明》,llm_onecall,12866.0,OK,
293,影视,第1轮,想找小时候看过的那部狮子动画片,educ_fuzzy_search,"{""retext"": ""想找小时候看过的那部狮子动画片""}",想找小时候看过的那部狮子动画片,llm_onecall,13487.1,OK,
293,影视,第2轮,是迪士尼的那版吧,educ_fuzzy_search,"{""retext"": ""想找小时候看过的那部狮子动画片""}",想找小时候看过的那部狮子动画片,llm_onecall,12826.8,OK,
293,影视,第3轮,一共出了几部,educ_search,"{""query"": {""field"": ""title"", ""value"": ""狮子""}, ""retext"": ""想找小时候看过的那部狮子动画片一共出了几部""}",想找小时候看过的那部狮子动画片一共出了几部,llm_onecall,13727.1,OK,
293,影视,第4轮,现在还能看吗,educ_fuzzy_search,"{""retext"": ""想找小时候看过的那部狮子动画片""}",想找小时候看过的那部狮子动画片,llm_onecall,11328.6,OK,
293,影视,第5轮,播放第二部,vod_search,"{""action"": ""play"", ""query"": {""and"": [{""field"": ""title"", ""value"": ""神探包星星""}, {""field"": ""series"", ""value"": ""1""}]}, ""retext"": ""播放《神探包星星 第1季》""}",播放《神探包星星 第1季》,llm_onecall,11982.5,OK,
294,影视,第1轮,有没有金庸改编的电视剧,vod_search_all,"{""action"": ""search"", ""query"": {""and"": [{""field"": ""category"", ""value"": ""电视剧""}, {""field"": ""writer"", ""value"": ""金庸""}, {""field"": ""creation_source"", ""value"": ""小说改编""}]}, ""retext"": ""有没有金庸改编的电视剧""}",有没有金庸改编的电视剧,llm_onecall,14474.3,OK,
294,影视,第2轮,港版的,fan_knowledge_agent,"{""messages"": [{""content"": ""有没有金庸改编的港版电视剧"", ""role"": ""user""}], ""riskRespStrategy"": ""all_replace"", ""sceneTypeIntentList"": [{""sceneType"": ""video""}]}",有没有金庸改编的港版电视剧,general_rule,19925.2,OK,
294,影视,第3轮,笑傲江湖那部,vod_search,"{""action"": ""search"", ""query"": {""field"": ""title"", ""value"": ""笑傲江湖""}, ""retext"": ""《笑傲江湖》""}",《笑傲江湖》,llm_onecall,10952.7,OK,
294,影视,第4轮,打斗好看的,vod_search,"{""action"": ""search"", ""query"": {""field"": ""title"", ""value"": ""笑傲江湖""}, ""retext"": ""打斗好看的《笑傲江湖》"", ""sort"": {""hot"": {""order"": ""desc""}}}",打斗好看的《笑傲江湖》,llm_onecall,11354.6,OK,
294,影视,第5轮,评分高点的,vod_search,"{""action"": ""search"", ""query"": {""field"": ""title"", ""value"": ""笑傲江湖""}, ""retext"": ""打斗好看的《笑傲江湖》评分高点"", ""sort"": {""hot"": {""order"": ""desc""}, ""rate"": {""order"": ""desc""}}}",打斗好看的《笑傲江湖》评分高点,llm_onecall,12569.5,OK,
295,影视,第1轮,想看沈腾的喜剧片,vod_search,"{""action"": ""search"", ""query"": {""and"": [{""field"": ""actor"", ""value"": ""沈腾""}, {""field"": ""category"", ""value"": ""电影""}, {""field"": ""tag"", ""value"": ""喜剧""}]}, ""retext"": ""想看沈腾的喜剧片""}",想看沈腾的喜剧片,llm_onecall,15378.3,OK,
295,影视,第2轮,近三年上映的,fan_knowledge_agent,"{""messages"": [{""content"": ""想看近三年上映的沈腾的喜剧片"", ""role"": ""user""}], ""riskRespStrategy"": ""all_replace"", ""sceneTypeIntentList"": [{""sceneType"": ""video""}]}",想看近三年上映的沈腾的喜剧片,general_rule,15477.6,OK,
295,影视,第3轮,票房高的,fan_knowledge_agent,"{""messages"": [{""content"": ""想看近三年上映的沈腾的喜剧片中票房高的"", ""role"": ""user""}], ""riskRespStrategy"": ""all_replace"", ""sceneTypeIntentList"": [{""sceneType"": ""video""}]}",想看近三年上映的沈腾的喜剧片中票房高的,general_rule,18486.6,OK,
295,影视,第4轮,一家人能看的,fan_knowledge_agent,"{""messages"": [{""content"": ""想看近三年上映的沈腾的喜剧片中票房高的一家人能看的"", ""role"": ""user""}], ""riskRespStrategy"": ""all_replace"", ""sceneTypeIntentList"": [{""sceneType"": ""video""}]}",想看近三年上映的沈腾的喜剧片中票房高的一家人能看的,general_rule,16671.0,OK,
295,影视,第5轮,免费的有吗,fan_knowledge_agent,"{""messages"": [{""content"": ""想看近三年上映的沈腾的喜剧片中票房高的一家人能看的免费的"", ""role"": ""user""}], ""riskRespStrategy"": ""all_replace"", ""sceneTypeIntentList"": [{""sceneType"": ""video""}]}",想看近三年上映的沈腾的喜剧片中票房高的一家人能看的免费的,general_rule,15813.0,OK,
296,影视,第1轮,胡歌演的年代剧有哪些,fan_knowledge_agent,"{""messages"": [{""content"": ""胡歌演的年代剧有哪些"", ""role"": ""user""}], ""riskRespStrategy"": ""all_replace"", ""sceneTypeIntentList"": [{""sceneType"": ""video""}]}",胡歌演的年代剧有哪些,general_rule,19450.0,OK,
296,影视,第2轮,古装的不算,fan_knowledge_agent,"{""messages"": [{""content"": ""胡歌演的年代剧有哪些；古装的不算"", ""role"": ""user""}], ""riskRespStrategy"": ""all_replace"", ""sceneTypeIntentList"": [{""sceneType"": ""video""}]}",胡歌演的年代剧有哪些；古装的不算,general_rule,17588.6,OK,
296,影视,第3轮,收视率高的,fan_knowledge_agent,"{""messages"": [{""content"": ""胡歌演的年代剧有哪些；古装的不算；收视率高的"", ""role"": ""user""}], ""riskRespStrategy"": ""all_replace"", ""sceneTypeIntentList"": [{""sceneType"": ""video""}]}",胡歌演的年代剧有哪些；古装的不算；收视率高的,general_rule,19349.1,OK,
296,影视,第4轮,画面质感好的,fan_knowledge_agent,"{""messages"": [{""content"": ""胡歌演的年代剧有哪些；古装的不算；收视率高的；画面质感好的"", ""role"": ""user""}], ""riskRespStrategy"": ""all_replace"", ""sceneTypeIntentList"": [{""sceneType"": ""video""}]}",胡歌演的年代剧有哪些；古装的不算；收视率高的；画面质感好的,general_rule,18096.7,OK,
296,影视,第5轮,我要看高清版,fan_knowledge_agent,"{""messages"": [{""content"": ""我要看高清版"", ""role"": ""user""}], ""riskRespStrategy"": ""all_replace"", ""sceneTypeIntentList"": [{""sceneType"": ""knowledge_qa""}]}",我要看高清版,llm_select,16110.9,OK,
297,影视,第1轮,最近新上的电影有哪些,fan_knowledge_agent,"{""messages"": [{""content"": ""最近新上的电影有哪些"", ""role"": ""user""}], ""riskRespStrategy"": ""all_replace"", ""sceneTypeIntentList"": [{""sceneType"": ""video""}]}",最近新上的电影有哪些,general_rule,18100.5,OK,
297,影视,第2轮,科幻的,vod_search,"{""action"": ""search"", ""query"": {""and"": [{""field"": ""category"", ""value"": ""电影""}, {""field"": ""tag"", ""value"": ""科幻""}]}, ""retext"": ""想看科幻电影""}",想看科幻电影,llm_onecall,13356.5,OK,
297,影视,第3轮,豆瓣7分以上的,vod_search,"{""action"": ""search"", ""query"": {""and"": [{""field"": ""category"", ""value"": ""电影""}, {""field"": ""tag"", ""value"": ""科幻""}, {""field"": ""rate"", ""from"": ""7.0"", ""to"": ""*""}]}, ""retext"": ""想看豆瓣7分以上的科幻电影""}",想看豆瓣7分以上的科幻电影,llm_onecall,14327.2,OK,
297,影视,第4轮,片长两小时内的,vod_search,"{""action"": ""search"", ""query"": {""and"": [{""field"": ""category"", ""value"": ""电影""}, {""field"": ""tag"", ""value"": ""科幻""}, {""field"": ""rate"", ""from"": ""7.0"", ""to"": ""*""}]}, ""retext"": ""想看豆瓣7分以上的科幻电影片长两小时内的""}",想看豆瓣7分以上的科幻电影片长两小时内的,llm_onecall,12723.3,OK,
297,影视,第5轮,有国语配音的,vod_search_all,"{""action"": ""search"", ""query"": {""and"": [{""field"": ""category"", ""value"": ""电影""}, {""field"": ""tag"", ""value"": ""科幻""}, {""field"": ""rate"", ""from"": ""7.0"", ""to"": ""*""}, {""field"": ""dubbing"", ""value"": ""国语""}]}, ""retext"": ""想看豆瓣7分以上的科幻电影片长两小时内的有国语配音的""}",想看豆瓣7分以上的科幻电影片长两小时内的有国语配音的,llm_onecall,14334.9,OK,
298,影视,第1轮,《三体》讲什么,fan_knowledge_agent,"{""messages"": [{""content"": ""《三体》讲什么"", ""role"": ""user""}], ""riskRespStrategy"": ""all_replace"", ""sceneTypeIntentList"": [{""sceneType"": ""knowledge_qa""}]}",《三体》讲什么,general_rule,16912.8,OK,
298,影视,第2轮,作者是谁,fan_knowledge_agent,"{""messages"": [{""content"": ""《三体》的作者是谁"", ""role"": ""user""}], ""riskRespStrategy"": ""all_replace"", ""sceneTypeIntentList"": [{""sceneType"": ""knowledge_qa""}]}",《三体》的作者是谁,general_rule,12219.8,OK,
298,影视,第3轮,结局是什么,fan_knowledge_agent,"{""messages"": [{""content"": ""《三体》的结局是什么"", ""role"": ""user""}], ""riskRespStrategy"": ""all_replace"", ""sceneTypeIntentList"": [{""sceneType"": ""knowledge_qa""}]}",《三体》的结局是什么,general_rule,15923.3,OK,
298,影视,第4轮,有电视剧版吗,vod_search,"{""action"": ""search"", ""query"": {""and"": [{""field"": ""title"", ""value"": ""三体""}, {""field"": ""category"", ""value"": ""电视剧""}]}, ""retext"": ""《三体》有电视剧版吗""}",《三体》有电视剧版吗,llm_onecall,10851.7,OK,
298,影视,第5轮,第二部叫什么,vod_search,"{""action"": ""search"", ""query"": {""and"": [{""field"": ""title"", ""value"": ""三体""}, {""field"": ""series"", ""value"": ""2""}]}, ""retext"": ""《三体》第二部叫什么""}",《三体》第二部叫什么,llm_onecall,13346.1,OK,
299,影视,第1轮,红楼梦作者是谁,fan_knowledge_agent,"{""messages"": [{""content"": ""红楼梦作者是谁"", ""role"": ""user""}], ""riskRespStrategy"": ""all_replace"", ""sceneTypeIntentList"": [{""sceneType"": ""knowledge_qa""}]}",红楼梦作者是谁,general_rule,14273.9,OK,
299,影视,第2轮,讲什么的,fan_knowledge_agent,"{""messages"": [{""content"": ""《红楼梦》讲了什么"", ""role"": ""user""}], ""riskRespStrategy"": ""all_replace"", ""sceneTypeIntentList"": [{""sceneType"": ""knowledge_qa""}]}",《红楼梦》讲了什么,general_rule,13393.2,OK,
299,影视,第3轮,主角有哪些,fan_knowledge_agent,"{""messages"": [{""content"": ""《红楼梦》主角有哪些"", ""role"": ""user""}], ""riskRespStrategy"": ""all_replace"", ""sceneTypeIntentList"": [{""sceneType"": ""knowledge_qa""}]}",《红楼梦》主角有哪些,general_rule,15562.0,OK,
299,影视,第4轮,有改编的电视剧吗,fan_knowledge_agent,"{""messages"": [{""content"": ""《红楼梦》有改编的电视剧吗"", ""role"": ""user""}], ""riskRespStrategy"": ""all_replace"", ""sceneTypeIntentList"": [{""sceneType"": ""video""}]}",《红楼梦》有改编的电视剧吗,general_rule,16096.0,OK,
299,影视,第5轮,哪个版本最经典,fan_knowledge_agent,"{""messages"": [{""content"": ""《红楼梦》哪个版本最经典"", ""role"": ""user""}], ""riskRespStrategy"": ""all_replace"", ""sceneTypeIntentList"": [{""sceneType"": ""knowledge_qa""}]}",《红楼梦》哪个版本最经典,llm_select,17724.9,OK,
3,影视,第1轮,来点武侠剧,vod_search,"{""action"": ""search"", ""query"": {""and"": [{""field"": ""category"", ""value"": ""电视剧""}, {""field"": ""tag"", ""value"": ""武侠""}]}, ""retext"": ""来点武侠剧""}",来点武侠剧,llm_onecall,14637.0,OK,
3,影视,第2轮,要内地拍的,vod_search_all,"{""action"": ""search"", ""query"": {""and"": [{""field"": ""area"", ""value"": ""内地""}, {""field"": ""category"", ""value"": ""电视剧""}, {""field"": ""tag"", ""value"": ""武侠""}]}, ""retext"": ""要内地拍的武侠剧""}",要内地拍的武侠剧,llm_onecall,16733.4,OK,
3,影视,第3轮,武打戏好的,vod_search,"{""action"": ""search"", ""query"": {""and"": [{""field"": ""category"", ""value"": ""电视剧""}, {""field"": ""tag"", ""value"": ""武侠""}]}, ""retext"": ""想看武打戏好的武侠剧"", ""sort"": {""hot"": {""order"": ""desc""}}}",想看武打戏好的武侠剧,llm_onecall,15200.3,OK,
3,影视,第4轮,评分高的,vod_search_all,"{""action"": ""search"", ""query"": {""and"": [{""field"": ""area"", ""value"": ""内地""}, {""field"": ""category"", ""value"": ""电视剧""}, {""field"": ""tag"", ""value"": ""武侠""}]}, ""retext"": ""想看武打戏好的内地拍的武侠剧评分高的"", ""sort"": {""rate"": {""order"": ""desc""}}}",想看武打戏好的内地拍的武侠剧评分高的,llm_onecall,17262.4,OK,
3,影视,第5轮,画质清楚的,vod_search_all,"{""action"": ""search"", ""query"": {""and"": [{""field"": ""area"", ""value"": ""内地""}, {""field"": ""category"", ""value"": ""电视剧""}, {""field"": ""tag"", ""value"": ""武侠""}]}, ""retext"": ""想看武打戏好的内地拍的武侠剧评分高的画质清楚的"", ""sort"": {""rate"": {""order"": ""desc""}}}",想看武打戏好的内地拍的武侠剧评分高的画质清楚的,llm_onecall,15667.6,OK,
30,影视,第1轮,有哪些好看的电视剧,fan_knowledge_agent,"{""messages"": [{""content"": ""有哪些好看的电视剧"", ""role"": ""user""}], ""riskRespStrategy"": ""all_replace"", ""sceneTypeIntentList"": [{""sceneType"": ""video""}]}",有哪些好看的电视剧,general_rule,20104.9,OK,
30,影视,第2轮,打分高点的,vod_search,"{""action"": ""search"", ""query"": {""or"": [{""field"": ""title"", ""value"": ""花开锦绣""}, {""field"": ""title"", ""value"": ""蝉""}, {""field"": ""title"", ""value"": ""重器""}]}, ""retext"": ""《花开锦绣》《蝉》《重器》中评分最高的"", ""sort"": {""rate"": {""order"": ""desc""}}}",《花开锦绣》《蝉》《重器》中评分最高的,llm_onecall,21113.3,OK,
30,影视,第3轮,口碑不错的,vod_fuzzy_search,"{""retext"": ""口碑不错的""}",口碑不错的,llm_onecall,14482.1,OK,
30,影视,第4轮,大家都在看的,vod_personalized_search,"{""retext"": ""大家都在看的""}",大家都在看的,llm_onecall,16122.6,OK,
30,影视,第5轮,是国产的吗,vod_fuzzy_search,"{""retext"": ""搜索花开锦绣蝉重器中评分最高口碑不错大家都在看的""}",搜索《花开锦绣》《蝉》《重器》中评分最高口碑不错大家都在看的,fallback,37385.5,OK,
300,影视,第1轮,《流浪地球》讲的什么,fan_knowledge_agent,"{""messages"": [{""content"": ""《流浪地球》讲的什么"", ""role"": ""user""}], ""riskRespStrategy"": ""all_replace"", ""sceneTypeIntentList"": [{""sceneType"": ""knowledge_qa""}]}",《流浪地球》讲的什么,general_rule,15492.4,OK,
300,影视,第2轮,导演是谁,fan_knowledge_agent,"{""messages"": [{""content"": ""《流浪地球》的导演是谁"", ""role"": ""user""}], ""riskRespStrategy"": ""all_replace"", ""sceneTypeIntentList"": [{""sceneType"": ""video""}]}",《流浪地球》的导演是谁,general_rule,13499.8,OK,
300,影视,第3轮,票房多少,fan_knowledge_agent,"{""messages"": [{""content"": ""《流浪地球》票房多少"", ""role"": ""user""}], ""riskRespStrategy"": ""all_replace"", ""sceneTypeIntentList"": [{""sceneType"": ""knowledge_qa""}]}",《流浪地球》票房多少,general_rule,14127.6,OK,
300,影视,第4轮,有续集吗,fan_knowledge_agent,"{""messages"": [{""content"": ""《流浪地球》有续集吗"", ""role"": ""user""}], ""riskRespStrategy"": ""all_replace"", ""sceneTypeIntentList"": [{""sceneType"": ""knowledge_qa""}]}",《流浪地球》有续集吗,general_rule,15201.5,OK,
300,影视,第5轮,和原著差别大吗,fan_knowledge_agent,"{""messages"": [{""content"": ""《流浪地球》和原著差别大吗"", ""role"": ""user""}], ""riskRespStrategy"": ""all_replace"", ""sceneTypeIntentList"": [{""sceneType"": ""knowledge_qa""}]}",《流浪地球》和原著差别大吗,general_rule,15943.2,OK,
301,少儿,第1轮,有适合小孩学英语的动画吗,educ_search,"{""query"": {""and"": [{""field"": ""children_second_genre"", ""value"": ""英语""}, {""field"": ""content_type"", ""value"": ""动画""}]}, ""retext"": ""有适合小孩学英语的动画吗""}",有适合小孩学英语的动画吗,badcase,30266.8,OK,
301,少儿,第2轮,要中文的有没有,educ_search,"{""query"": {""and"": [{""field"": ""training_objectives"", ""value"": ""英语""}, {""field"": ""content_type"", ""value"": ""动画""}, {""field"": ""language"", ""value"": ""中文""}]}, ""retext"": ""有适合小孩学英语的中文动画""}",有适合小孩学英语的中文动画,llm_onecall,33948.5,OK,
301,少儿,第3轮,不收费的有吗,educ_search,"{""query"": {""field"": ""is_fee"", ""value"": ""0""}, ""retext"": ""不收费的有吗""}",不收费的有吗,llm_onecall,17545.0,OK,
301,少儿,第4轮,学龄前的,educ_search,"{""query"": {""and"": [{""field"": ""content_type"", ""value"": ""动画""}, {""field"": ""training_objectives"", ""value"": ""英语""}, {""field"": ""language"", ""value"": ""中文""}, {""field"": ""age_range"", ""from"": ""0"", ""to"": ""6""}]}, ""retext"": ""有适合学龄前小孩学英语的中文动画""}",有适合学龄前小孩学英语的中文动画,llm_onecall,18809.2,OK,
301,少儿,第5轮,3到6岁的,educ_search,"{""query"": {""and"": [{""field"": ""content_type"", ""value"": ""动画""}, {""field"": ""age_range"", ""from"": ""3"", ""to"": ""6""}, {""or"": [{""field"": ""language"", ""value"": ""英语""}, {""field"": ""children_second_genre"", ""value"": ""英语""}]}, {""field"": ""language"", ""value"": ""中文""}]}, ""retext"": ""有适合3到6岁小孩学英语的中文动画""}",有适合3到6岁小孩学英语的中文动画,llm_onecall,19717.4,OK,
302,少儿,第1轮,好看的3岁小孩听的儿歌,educ_search,"{""query"": {""and"": [{""field"": ""content_type"", ""value"": ""儿歌""}, {""field"": ""age_range"", ""from"": ""3"", ""to"": ""3""}]}, ""retext"": ""好看的3岁小孩听的儿歌""}",好看的3岁小孩听的儿歌,llm_onecall,18202.0,OK,
302,少儿,第2轮,带跟唱的,educ_search,"{""query"": {""and"": [{""field"": ""content_type"", ""value"": ""儿歌""}, {""field"": ""age_range"", ""from"": ""3"", ""to"": ""3""}, {""field"": ""features"", ""value"": ""跟唱""}]}, ""retext"": ""带跟唱的3岁小孩听的儿歌""}",带跟唱的3岁小孩听的儿歌,llm_onecall,17940.7,OK,
302,少儿,第3轮,免费的,educ_search,"{""query"": {""and"": [{""field"": ""children_second_genre"", ""value"": ""儿歌""}, {""field"": ""age_range"", ""from"": ""3"", ""to"": ""3""}, {""field"": ""is_fee"", ""value"": ""0""}]}, ""retext"": ""免费的带跟唱的3岁小孩听的儿歌""}",免费的带跟唱的3岁小孩听的儿歌,llm_onecall,18604.5,OK,
302,少儿,第4轮,免费的有吗,educ_search,"{""query"": {""and"": [{""field"": ""children_second_genre"", ""value"": ""儿歌""}, {""field"": ""age_range"", ""from"": ""3"", ""to"": ""3""}, {""field"": ""is_fee"", ""value"": ""0""}]}, ""retext"": ""免费的带跟唱的3岁小孩听的儿歌""}",免费的带跟唱的3岁小孩听的儿歌,llm_onecall,16669.0,OK,
302,少儿,第5轮,去年那种,educ_search_all,"{""query"": {""and"": [{""field"": ""release_time"", ""from"": ""20250812"", ""to"": ""20260812""}, {""field"": ""is_fee"", ""value"": ""0""}, {""field"": ""age_range"", ""from"": ""3"", ""to"": ""3""}, {""field"": ""content_type"", ""value"": ""儿歌""}]}, ""retext"": ""去年免费的带跟唱的3岁小孩听的儿歌""}",去年免费的带跟唱的3岁小孩听的儿歌,llm_onecall,20384.3,OK,
303,少儿,第1轮,推荐些恐龙科普动画,educ_search,"{""query"": {""and"": [{""field"": ""children_third_genre"", ""value"": ""恐龙""}, {""field"": ""content_type"", ""value"": ""动画""}, {""field"": ""children_second_genre"", ""value"": ""科普""}]}, ""retext"": ""推荐些恐龙科普动画""}",推荐些恐龙科普动画,llm_onecall,34401.5,OK,
303,少儿,第2轮,适合八岁孩子的,educ_search,"{""query"": {""and"": [{""field"": ""children_third_genre"", ""value"": ""恐龙""}, {""field"": ""content_type"", ""value"": ""动画""}, {""field"": ""children_second_genre"", ""value"": ""科普""}, {""field"": ""age_range"", ""from"": ""8"", ""to"": ""8""}]}, ""retext"": ""推荐适合八岁孩子的恐龙科普动画""}",推荐适合八岁孩子的恐龙科普动画,llm_onecall,18198.3,OK,
303,少儿,第3轮,八岁男孩看的,educ_search,"{""query"": {""and"": [{""field"": ""children_third_genre"", ""value"": ""恐龙""}, {""field"": ""content_type"", ""value"": ""动画""}, {""field"": ""children_second_genre"", ""value"": ""科普""}, {""field"": ""age_range"", ""from"": ""8"", ""to"": ""8""}]}, ""retext"": ""推荐适合八岁孩子的恐龙科普动画""}",推荐适合八岁孩子的恐龙科普动画,llm_onecall,15965.8,OK,
303,少儿,第4轮,来点别的类型,educ_search,"{""query"": {""field"": ""content_type"", ""value"": ""动画""}, ""retext"": ""推荐其他类型的动画""}",推荐其他类型的动画,llm_onecall,16732.0,OK,
303,少儿,第5轮,多季的,educ_search,"{""query"": {""and"": [{""field"": ""children_third_genre"", ""value"": ""恐龙""}, {""field"": ""content_type"", ""value"": ""动画""}, {""field"": ""children_second_genre"", ""value"": ""科普""}]}, ""retext"": ""推荐多季的恐龙科普动画""}",推荐多季的恐龙科普动画,llm_onecall,31567.5,OK,
304,少儿,第1轮,我想看双语绘本,educ_fuzzy_search,"{""query"": ""搜索双语绘本""}",我想看双语绘本,badcase,12923.5,OK,
304,少儿,第2轮,睡前听的,audio_search,"{""action"": ""search"", ""query"": ""睡前听的""}",睡前听的,general_rule,11155.2,OK,
304,少儿,第3轮,换个故事吧,educ_fuzzy_search,"{""query"": ""搜索双语绘本""}",我想看双语绘本,badcase,10630.7,OK,
304,少儿,第4轮,换个别的,educ_fuzzy_search,"{""query"": ""搜索双语绘本""}",我想看双语绘本,badcase,12475.1,OK,
304,少儿,第5轮,女声的,educ_search,"{""query"": {""field"": ""gender"", ""value"": ""女""}, ""retext"": ""女声的""}",女声的,llm_onecall,15282.8,OK,
305,少儿,第1轮,最近想看教小孩安全知识的动画,educ_search,"{""query"": {""and"": [{""field"": ""training_objectives"", ""value"": ""安全知识""}, {""field"": ""content_type"", ""value"": ""动画""}]}, ""retext"": ""最近想看教小孩安全知识的动画""}",最近想看教小孩安全知识的动画,llm_onecall,30710.3,OK,
305,少儿,第2轮,讲交通安全的,educ_search,"{""query"": {""and"": [{""field"": ""training_objectives"", ""value"": ""安全知识""}, {""field"": ""content_type"", ""value"": ""动画""}]}, ""retext"": ""最近想看教小孩安全知识的动画""}",最近想看教小孩安全知识的动画,llm_onecall,28929.2,OK,
305,少儿,第3轮,有免费版的没有,educ_search,"{""query"": {""and"": [{""field"": ""children_third_genre"", ""value"": ""交通安全""}, {""field"": ""content_type"", ""value"": ""动画""}, {""field"": ""is_fee"", ""value"": ""0""}]}, ""retext"": ""有没有免费版的讲交通安全的动画""}",有没有免费版的讲交通安全的动画,llm_onecall,20352.4,OK,
305,少儿,第4轮,咱们自己拍的有吗,educ_search,"{""query"": {""and"": [{""field"": ""children_third_genre"", ""value"": ""交通安全""}, {""field"": ""content_type"", ""value"": ""动画""}, {""field"": ""is_fee"", ""value"": ""0""}]}, ""retext"": ""有没有免费版的讲交通安全的动画""}",有没有免费版的讲交通安全的动画,llm_onecall,17596.7,OK,
305,少儿,第5轮,不要会员的那种,educ_search,"{""query"": {""and"": [{""field"": ""children_third_genre"", ""value"": ""交通安全""}, {""field"": ""content_type"", ""value"": ""动画""}, {""field"": ""is_fee"", ""value"": ""0""}]}, ""retext"": ""有没有免费版的讲交通安全的动画""}",有没有免费版的讲交通安全的动画,llm_onecall,19009.9,OK,
306,少儿,第1轮,有啥好看的小男孩的动画片,educ_search,"{""query"": {""and"": [{""field"": ""content_type"", ""value"": ""动画""}, {""field"": ""gender"", ""value"": ""男""}]}, ""retext"": ""有啥好看的小男孩的动画片""}",有啥好看的小男孩的动画片,llm_onecall,33918.1,OK,
306,少儿,第2轮,温和点的,educ_fuzzy_search,"{""retext"": ""温和点的""}",温和点的,llm_onecall,13222.8,OK,
306,少儿,第3轮,打斗别太暴力的,educ_fuzzy_search,"{""retext"": ""温和点的""}",温和点的,llm_onecall,10673.1,OK,
306,少儿,第4轮,别太暴力的,educ_search,"{""query"": {""and"": [{""field"": ""content_type"", ""value"": ""动画""}, {""field"": ""gender"", ""value"": ""男""}]}, ""retext"": ""有啥好看的小男孩的动画片；温和点的；别太暴力的""}",有啥好看的小男孩的动画片；温和点的；别太暴力的,llm_onecall,17858.3,OK,
306,少儿,第5轮,咱们自己拍的有吗,educ_search_all,"{""query"": {""field"": ""country"", ""value"": ""中国""}, ""retext"": ""咱们自己拍的有吗""}",咱们自己拍的有吗,llm_onecall,16954.1,OK,
307,少儿,第1轮,有教拼音的动画吗,educ_search,"{""query"": {""and"": [{""field"": ""training_objectives"", ""value"": ""拼音""}, {""field"": ""content_type"", ""value"": ""动画""}]}, ""retext"": ""有教拼音的动画吗""}",有教拼音的动画吗,llm_onecall,34197.7,OK,
307,少儿,第2轮,幼儿园大班能看的,educ_search,"{""query"": {""and"": [{""field"": ""training_objectives"", ""value"": ""拼音""}, {""field"": ""content_type"", ""value"": ""动画""}]}, ""retext"": ""有教拼音的动画吗""}",有教拼音的动画吗,llm_onecall,33911.8,OK,
307,少儿,第3轮,每集别太长,educ_search,"{""query"": {""and"": [{""field"": ""title"", ""value"": ""拼音""}, {""field"": ""training_objectives"", ""value"": ""拼音""}, {""field"": ""age_range"", ""from"": ""5"", ""to"": ""6""}, {""field"": ""content_type"", ""value"": ""动画""}]}, ""retext"": ""幼儿园大班能看的教拼音的动画每集别太长""}",幼儿园大班能看的教拼音的动画每集别太长,llm_onecall,17719.8,OK,
307,少儿,第4轮,大班能看的,educ_search,"{""query"": {""field"": ""age_range"", ""from"": ""5"", ""to"": ""6""}, ""retext"": ""大班能看的""}",大班能看的,llm_onecall,18019.6,OK,
307,少儿,第5轮,有免费的吗,educ_search,"{""query"": {""and"": [{""or"": [{""field"": ""children_third_genre"", ""value"": ""拼音""}, {""field"": ""training_objectives"", ""value"": ""拼音""}]}, {""field"": ""content_type"", ""value"": ""动画""}, {""field"": ""is_fee"", ""value"": ""0""}]}, ""retext"": ""大班能看的教拼音的动画每集别太长有免费的吗""}",大班能看的教拼音的动画每集别太长有免费的吗,llm_onecall,19291.4,OK,
308,少儿,第1轮,我想看给孩子听睡前故事,audio_search,"{""action"": ""play"", ""query"": ""我想看给孩子听睡前故事""}",我想看给孩子听睡前故事,general_rule,14111.8,OK,
308,少儿,第2轮,中国传统故事,audio_search,"{""action"": ""search"", ""query"": ""我想看中国传统故事""}",我想看中国传统故事,general_rule,10815.6,OK,
308,少儿,第3轮,民俗故事,audio_search,"{""action"": ""search"", ""query"": ""我想看民俗故事""}",我想看民俗故事,general_rule,12124.4,OK,
308,少儿,第4轮,男声版,audio_search,"{""action"": ""search"", ""query"": ""我想看男声版的民俗故事""}",我想看男声版的民俗故事,general_rule,12459.2,OK,
308,少儿,第5轮,民间故事,vod_search,"{""action"": ""search"", ""query"": {""field"": ""tag"", ""value"": ""民间故事""}, ""retext"": ""我想看民间故事""}",我想看民间故事,llm_onecall,26300.8,OK,
309,少儿,第1轮,最近想看启蒙数学的动画片,educ_search,"{""query"": {""and"": [{""field"": ""children_second_genre"", ""value"": ""数学""}, {""field"": ""training_objectives"", ""value"": ""启蒙""}, {""field"": ""content_type"", ""value"": ""动画""}]}, ""retext"": ""最近想看启蒙数学的动画片""}",最近想看启蒙数学的动画片,llm_onecall,34881.0,OK,
309,少儿,第2轮,算术启蒙的,educ_search,"{""query"": {""and"": [{""field"": ""training_objectives"", ""value"": ""算术启蒙""}, {""field"": ""content_type"", ""value"": ""动画""}]}, ""retext"": ""想看算术启蒙的动画片""}",想看算术启蒙的动画片,llm_onecall,35117.4,OK,
309,少儿,第3轮,四岁的,educ_search,"{""query"": {""and"": [{""field"": ""training_objectives"", ""value"": ""算术启蒙""}, {""field"": ""content_type"", ""value"": ""动画""}]}, ""retext"": ""想看算术启蒙的动画片""}",想看算术启蒙的动画片,llm_onecall,31265.3,OK,
309,少儿,第4轮,颜色鲜艳的,educ_search,"{""query"": {""and"": [{""field"": ""training_objectives"", ""value"": ""算术启蒙""}, {""field"": ""content_type"", ""value"": ""动画""}]}, ""retext"": ""想看颜色鲜艳的算术启蒙动画片""}",想看颜色鲜艳的算术启蒙动画片,llm_onecall,19479.0,OK,
309,少儿,第5轮,画面活泼的,educ_search,"{""query"": {""and"": [{""field"": ""title"", ""value"": ""算术""}, {""field"": ""training_objectives"", ""value"": ""启蒙""}, {""field"": ""content_type"", ""value"": ""动画""}]}, ""retext"": ""想看画面活泼的算术启蒙动画片""}",想看画面活泼的算术启蒙动画片,llm_onecall,18536.5,OK,
31,影视,第1轮,放评分高的电视剧,vod_search,"{""action"": ""play"", ""query"": {""field"": ""category"", ""value"": ""电视剧""}, ""retext"": ""放评分高的电视剧"", ""sort"": {""rate"": {""order"": ""desc""}}}",放评分高的电视剧,llm_onecall,14956.7,OK,
31,影视,第2轮,高清的有吗,vod_search,"{""action"": ""play"", ""query"": {""field"": ""category"", ""value"": ""电视剧""}, ""retext"": ""放评分高的电视剧"", ""sort"": {""rate"": {""order"": ""desc""}}}",放评分高的电视剧,llm_onecall,16171.2,OK,
31,影视,第3轮,口碑好的,vod_search,"{""action"": ""play"", ""query"": {""field"": ""category"", ""value"": ""电视剧""}, ""retext"": ""放口碑好的电视剧"", ""sort"": {""rate"": {""order"": ""desc""}}}",放口碑好的电视剧,llm_onecall,18109.6,OK,
31,影视,第4轮,不要钱的有没有,vod_search,"{""action"": ""search"", ""query"": {""and"": [{""field"": ""category"", ""value"": ""电视剧""}, {""field"": ""is_fee"", ""value"": ""0""}]}, ""retext"": ""有没有不要钱的电视剧""}",有没有不要钱的电视剧,llm_onecall,15766.8,OK,
31,影视,第5轮,国产的有吗,vod_search_all,"{""action"": ""search"", ""query"": {""and"": [{""field"": ""area"", ""value"": ""国产""}, {""field"": ""category"", ""value"": ""电视剧""}, {""field"": ""is_fee"", ""value"": ""0""}]}, ""retext"": ""有没有不要钱的国产电视剧""}",有没有不要钱的国产电视剧,llm_onecall,17784.2,OK,
310,少儿,第1轮,儿童科普节目有哪些,fan_knowledge_agent,"{""messages"": [{""content"": ""儿童科普节目有哪些"", ""role"": ""user""}], ""riskRespStrategy"": ""all_replace"", ""sceneTypeIntentList"": [{""sceneType"": ""knowledge_qa""}]}",儿童科普节目有哪些,general_rule,14845.1,OK,
310,少儿,第2轮,1080P的,educ_search,"{""query"": {""field"": ""children_second_genre"", ""value"": ""科普""}, ""retext"": ""1080P的儿童科普节目""}",1080P的儿童科普节目,llm_onecall,16371.7,OK,
310,少儿,第3轮,高清1080的,educ_search,"{""query"": {""field"": ""children_second_genre"", ""value"": ""科普""}, ""retext"": ""高清1080P的儿童科普节目""}",高清1080P的儿童科普节目,llm_onecall,17135.8,OK,
310,少儿,第4轮,讲太空的,educ_search,"{""query"": {""and"": [{""field"": ""children_second_genre"", ""value"": ""科普""}, {""field"": ""title"", ""value"": ""太空""}]}, ""retext"": ""1080P的儿童科普节目讲太空""}",1080P的儿童科普节目讲太空,llm_onecall,18494.6,OK,
310,少儿,第5轮,小学生能看的,edu_fuzzy_search,"{""retext"": ""小学生能看的""}",小学生能看的,llm_onecall,13590.7,OK,
311,少儿,第1轮,有少儿舞蹈教学视频吗,edu_fuzzy_search,"{""retext"": ""有少儿舞蹈教学视频吗""}",有少儿舞蹈教学视频吗,llm_onecall,10646.5,OK,
311,少儿,第2轮,基本功的,edu_fuzzy_search,"{""retext"": ""有少儿舞蹈基本功教学视频吗""}",有少儿舞蹈基本功教学视频吗,llm_onecall,11663.0,OK,
311,少儿,第3轮,适合六岁的,edu_fuzzy_search,"{""retext"": ""适合六岁的少儿舞蹈基本功教学视频""}",适合六岁的少儿舞蹈基本功教学视频,llm_onecall,13731.5,OK,
311,少儿,第4轮,适合6岁女孩的,edu_fuzzy_search,"{""retext"": ""适合6岁女孩的少儿舞蹈基本功教学视频""}",适合6岁女孩的少儿舞蹈基本功教学视频,llm_onecall,13059.8,OK,
311,少儿,第5轮,六岁女孩看的,edu_fuzzy_search,"{""retext"": ""适合6岁女孩的少儿舞蹈基本功教学视频""}",适合6岁女孩的少儿舞蹈基本功教学视频,llm_onecall,13802.9,OK,
312,少儿,第1轮,来一部幼儿识字动画,educ_search,"{""query"": {""and"": [{""field"": ""training_objectives"", ""value"": ""识字""}, {""field"": ""content_type"", ""value"": ""动画""}]}, ""retext"": ""来一部幼儿识字动画""}",来一部幼儿识字动画,llm_onecall,32012.5,OK,
312,少儿,第2轮,先教常用字,edu_fuzzy_search,"{""retext"": ""先教常用字""}",先教常用字,llm_onecall,12782.4,OK,
312,少儿,第3轮,单集教一两个,edu_fuzzy_search,"{""retext"": ""先教常用字；单集教一两个""}",先教常用字；单集教一两个,llm_onecall,14025.2,OK,
312,少儿,第4轮,是付费的吗,educ_search,"{""query"": {""field"": ""title"", ""value"": ""宝宝巴士识字""}, ""retext"": ""《宝宝巴士识字》是付费的吗""}",《宝宝巴士识字》是付费的吗,llm_onecall,17966.9,OK,
312,少儿,第5轮,适合3到6岁的有没有,educ_search,"{""query"": {""field"": ""age_range"", ""from"": ""3"", ""to"": ""6""}, ""retext"": ""适合3到6岁的""}",适合3到6岁的,llm_onecall,19579.9,OK,
313,少儿,第1轮,推荐些找儿童益智游戏视频,educ_search,"{""query"": {""and"": [{""field"": ""children_third_genre"", ""value"": ""益智""}, {""field"": ""content_type"", ""value"": ""游戏""}]}, ""retext"": ""推荐些找儿童益智游戏视频""}",推荐些找儿童益智游戏视频,llm_onecall,15823.9,OK,
313,少儿,第2轮,咱们自己拍的有吗,educ_search,"{""query"": {""and"": [{""field"": ""children_third_genre"", ""value"": ""益智""}, {""field"": ""content_type"", ""value"": ""游戏""}]}, ""retext"": ""推荐些找儿童益智游戏视频""}",推荐些找儿童益智游戏视频,llm_onecall,17994.3,OK,
313,少儿,第3轮,拼图那种,educ_fuzzy_search,"{""retext"": ""推荐些找儿童益智游戏视频；拼图那种""}",推荐些找儿童益智游戏视频；拼图那种,llm_onecall,12914.4,OK,
313,少儿,第4轮,无广告的,educ_search,"{""query"": {""and"": [{""field"": ""children_third_genre"", ""value"": ""益智""}, {""field"": ""children_third_genre"", ""value"": ""拼图""}, {""field"": ""is_fee"", ""value"": ""0""}]}, ""retext"": ""推荐些找儿童益智游戏视频；拼图那种；无广告的""}",推荐些找儿童益智游戏视频；拼图那种；无广告的,llm_onecall,19672.1,OK,
313,少儿,第5轮,拼图类的,educ_search,"{""query"": {""and"": [{""field"": ""children_third_genre"", ""value"": ""益智""}, {""field"": ""children_third_genre"", ""value"": ""拼图""}, {""field"": ""is_fee"", ""value"": ""0""}]}, ""retext"": ""推荐些找儿童益智游戏视频；拼图那种；无广告的；拼图类的""}",推荐些找儿童益智游戏视频；拼图那种；无广告的；拼图类的,llm_onecall,18584.1,OK,
314,少儿,第1轮,有什么两岁宝宝看的动画,educ_search,"{""query"": {""and"": [{""field"": ""age_range"", ""from"": ""2"", ""to"": ""2""}, {""field"": ""content_type"", ""value"": ""动画""}]}, ""retext"": ""有什么两岁宝宝看的动画""}",有什么两岁宝宝看的动画,llm_onecall,14360.7,OK,
314,少儿,第2轮,不打斗的,educ_search,"{""query"": {""and"": [{""field"": ""age_range"", ""from"": ""2"", ""to"": ""2""}, {""field"": ""content_type"", ""value"": ""动画""}, {""field"": ""children_second_genre"", ""value"": ""不打斗""}]}, ""retext"": ""有什么两岁宝宝看的动画不打斗""}",有什么两岁宝宝看的动画不打斗,llm_onecall,17879.7,OK,
314,少儿,第3轮,要单集五分钟的,educ_search,"{""query"": {""and"": [{""field"": ""age_range"", ""from"": ""2"", ""to"": ""2""}, {""field"": ""content_type"", ""value"": ""动画""}, {""field"": ""video_index"", ""value"": ""5""}]}, ""retext"": ""有什么两岁宝宝看的动画不打斗；要单集五分钟的""}",有什么两岁宝宝看的动画不打斗；要单集五分钟的,llm_onecall,17590.4,OK,
314,少儿,第4轮,画面慢一点的,educ_fuzzy_search,"{""retext"": ""有什么两岁宝宝看的动画不打斗；要单集五分钟的；画面慢一点的""}",有什么两岁宝宝看的动画不打斗；要单集五分钟的；画面慢一点的,llm_onecall,14864.7,OK,
314,少儿,第5轮,不用花钱的有吗,educ_search,"{""query"": {""and"": [{""field"": ""age_range"", ""from"": ""2"", ""to"": ""2""}, {""field"": ""content_type"", ""value"": ""动画""}, {""field"": ""is_fee"", ""value"": ""0""}, {""field"": ""video_index"", ""value"": ""5""}]}, ""retext"": ""有什么两岁宝宝看的动画不打斗；要单集五分钟的；画面慢一点的；不用花钱的有吗""}",有什么两岁宝宝看的动画不打斗；要单集五分钟的；画面慢一点的；不用花钱的有吗,llm_onecall,21045.5,OK,
315,少儿,第1轮,有没有好看的3岁小孩听的儿歌,educ_search,"{""query"": {""and"": [{""field"": ""age_range"", ""from"": ""3"", ""to"": ""3""}, {""field"": ""content_type"", ""value"": ""儿歌""}]}, ""retext"": ""有没有好看的3岁小孩听的儿歌""}",有没有好看的3岁小孩听的儿歌,llm_onecall,16361.8,OK,
315,少儿,第2轮,五岁六岁能看的,educ_search,"{""query"": {""field"": ""age_range"", ""from"": ""5"", ""to"": ""6""}, ""retext"": ""有没有好看的五岁六岁能看的""}",有没有好看的五岁六岁能看的,llm_onecall,18104.1,OK,
315,少儿,第3轮,去年的有吗,educ_search_all,"{""query"": {""and"": [{""field"": ""age_range"", ""from"": ""5"", ""to"": ""6""}, {""field"": ""release_time"", ""from"": ""20250101"", ""to"": ""20251231""}]}, ""retext"": ""有没有好看的五岁六岁能看的去年的""}",有没有好看的五岁六岁能看的去年的,llm_onecall,19027.1,OK,
315,少儿,第4轮,五到六岁的,educ_search,"{""query"": {""field"": ""age_range"", ""from"": ""5"", ""to"": ""6""}, ""retext"": ""有没有好看的五到六岁能看的""}",有没有好看的五到六岁能看的,llm_onecall,19461.9,OK,
315,少儿,第5轮,免费的,educ_search_all,"{""query"": {""and"": [{""field"": ""age_range"", ""from"": ""5"", ""to"": ""6""}, {""field"": ""release_time"", ""from"": ""20250101"", ""to"": ""20251231""}, {""field"": ""is_fee"", ""value"": ""0""}]}, ""retext"": ""有没有好看的五到六岁能看的去年的免费的""}",有没有好看的五到六岁能看的去年的免费的,llm_onecall,16521.9,OK,
316,少儿,第1轮,有什么好看的恐龙科普动画,educ_search,"{""query"": {""and"": [{""field"": ""content_type"", ""value"": ""动画""}, {""field"": ""children_third_genre"", ""value"": ""恐龙""}, {""field"": ""children_second_genre"", ""value"": ""科普""}]}, ""retext"": ""有什么好看的恐龙科普动画""}",有什么好看的恐龙科普动画,llm_onecall,33981.4,OK,
316,少儿,第2轮,季数多的,educ_search,"{""query"": {""and"": [{""field"": ""content_type"", ""value"": ""动画""}, {""field"": ""children_third_genre"", ""value"": ""恐龙""}, {""field"": ""children_second_genre"", ""value"": ""科普""}]}, ""retext"": ""季数多的恐龙科普动画"", ""sort"": ""series:desc""}",季数多的恐龙科普动画,llm_onecall,15025.0,OK,
316,少儿,第3轮,来点别的类型,educ_search,"{""query"": {""and"": [{""field"": ""content_type"", ""value"": ""动画""}, {""field"": ""children_third_genre"", ""value"": ""恐龙""}, {""field"": ""children_second_genre"", ""value"": ""科普""}]}, ""retext"": ""有什么好看的恐龙科普动画""}",有什么好看的恐龙科普动画,llm_onecall,32813.0,OK,
316,少儿,第4轮,8岁能看的,educ_search,"{""query"": {""field"": ""age_range"", ""from"": ""8"", ""to"": ""8""}, ""retext"": ""8岁能看的""}",8岁能看的,llm_onecall,19239.3,OK,
316,少儿,第5轮,有国产的吗,educ_search_all,"{""query"": {""and"": [{""field"": ""country"", ""value"": ""中国""}, {""field"": ""children_third_genre"", ""value"": ""恐龙""}, {""field"": ""children_second_genre"", ""value"": ""科普""}, {""field"": ""content_type"", ""value"": ""动画""}]}, ""retext"": ""有国产的恐龙科普动画""}",有国产的恐龙科普动画,llm_onecall,33669.8,OK,
317,少儿,第1轮,我想看教小孩安全知识的动画,educ_search,"{""query"": {""and"": [{""field"": ""training_objectives"", ""value"": ""安全知识""}, {""field"": ""content_type"", ""value"": ""动画""}]}, ""retext"": ""我想看教小孩安全知识的动画""}",我想看教小孩安全知识的动画,llm_onecall,27696.0,OK,
317,少儿,第2轮,国产的有没有,educ_search_all,"{""query"": {""and"": [{""field"": ""country"", ""value"": ""中国""}, {""field"": ""training_objectives"", ""value"": ""安全知识""}, {""field"": ""content_type"", ""value"": ""动画""}]}, ""retext"": ""我想看国产的教小孩安全知识的动画""}",我想看国产的教小孩安全知识的动画,llm_onecall,34704.3,OK,
317,少儿,第3轮,有字幕的吗,educ_search_all,"{""query"": {""and"": [{""field"": ""country"", ""value"": ""中国""}, {""field"": ""training_objectives"", ""value"": ""安全知识""}, {""field"": ""content_type"", ""value"": ""动画""}]}, ""retext"": ""我想看国产的教小孩安全知识的动画有字幕的吗""}",我想看国产的教小孩安全知识的动画有字幕的吗,llm_onecall,38986.0,OK,
317,少儿,第4轮,国产的有吗,educ_search_all,"{""query"": {""and"": [{""field"": ""country"", ""value"": ""中国""}, {""field"": ""training_objectives"", ""value"": ""安全知识""}, {""field"": ""content_type"", ""value"": ""动画""}]}, ""retext"": ""我想看国产的教小孩安全知识的动画""}",我想看国产的教小孩安全知识的动画,llm_onecall,33542.5,OK,
317,少儿,第5轮,免费的那种,educ_search_all,"{""query"": {""and"": [{""field"": ""country"", ""value"": ""中国""}, {""field"": ""training_objectives"", ""value"": ""安全知识""}, {""field"": ""content_type"", ""value"": ""动画""}, {""field"": ""is_fee"", ""value"": ""0""}]}, ""retext"": ""我想看免费国产的教小孩安全知识的动画""}",我想看免费国产的教小孩安全知识的动画,llm_onecall,16071.9,OK,
318,少儿,第1轮,来一部小男孩的动画片,educ_search,"{""query"": {""and"": [{""field"": ""gender"", ""value"": ""男""}, {""field"": ""content_type"", ""value"": ""动画""}]}, ""retext"": ""来一部小男孩的动画片""}",来一部小男孩的动画片,llm_onecall,34179.2,OK,
318,少儿,第2轮,咱们自己拍的有吗,educ_search_all,"{""query"": {""and"": [{""field"": ""gender"", ""value"": ""男""}, {""field"": ""country"", ""value"": ""中国""}, {""field"": ""content_type"", ""value"": ""动画""}]}, ""retext"": ""来一部小男孩的动画片；咱们自己拍的有吗""}",来一部小男孩的动画片；咱们自己拍的有吗,llm_onecall,19436.9,OK,
318,少儿,第3轮,国产的有吗,educ_search_all,"{""query"": {""and"": [{""field"": ""gender"", ""value"": ""男""}, {""field"": ""country"", ""value"": ""中国""}, {""field"": ""content_type"", ""value"": ""动画""}]}, ""retext"": ""来一部小男孩的动画片；咱们自己拍的有吗""}",来一部小男孩的动画片；咱们自己拍的有吗,llm_onecall,17859.5,OK,
318,少儿,第4轮,别太暴力的,educ_search_all,"{""query"": {""and"": [{""field"": ""gender"", ""value"": ""男""}, {""field"": ""country"", ""value"": ""中国""}]}, ""retext"": ""来一部小男孩的动画片；咱们自己拍的有吗；别太暴力的""}",来一部小男孩的动画片；咱们自己拍的有吗；别太暴力的,llm_onecall,15823.4,OK,
318,少儿,第5轮,国产的有没有,educ_search_all,"{""query"": {""and"": [{""field"": ""country"", ""value"": ""中国""}, {""field"": ""content_type"", ""value"": ""动画""}, {""field"": ""gender"", ""value"": ""男""}]}, ""retext"": ""来一部小男孩的动画片；咱们自己拍的有吗；别太暴力的；国产的有没有""}",来一部小男孩的动画片；咱们自己拍的有吗；别太暴力的；国产的有没有,llm_onecall,36442.8,OK,
319,少儿,第1轮,放几部给孩子听睡前故事,audio_search,"{""action"": ""play"", ""query"": ""放几部给孩子听睡前故事""}",放几部给孩子听睡前故事,general_rule,11908.5,OK,
319,少儿,第2轮,不用付费的有没有,audio_search,"{""action"": ""search"", ""query"": ""不用付费的《米小圈睡前故事|好听的故事都在这》有没有""}",不用付费的《米小圈睡前故事|好听的故事都在这》有没有,general_rule,13839.5,OK,
319,少儿,第3轮,10分钟左右的,audio_search,"{""action"": ""search"", ""query"": ""不用付费的《米小圈睡前故事|好听的故事都在这》有没有""}",不用付费的《米小圈睡前故事|好听的故事都在这》有没有,general_rule,13834.9,OK,
319,少儿,第4轮,换个故事吧,audio_search,"{""action"": ""search"", ""query"": ""换个故事""}",换个故事,general_rule,11970.2,OK,
319,少儿,第5轮,换个别的,audio_search,"{""action"": ""search"", ""query"": ""换个别的""}",换个别的,general_rule,12146.3,OK,
32,影视,第1轮,推荐几部热门的电视剧,vod_search,"{""action"": ""search"", ""query"": {""field"": ""category"", ""value"": ""电视剧""}, ""retext"": ""推荐几部热门的电视剧"", ""sort"": {""hot"": {""order"": ""desc""}}}",推荐几部热门的电视剧,llm_onecall,15548.8,OK,
32,影视,第2轮,国产的有吗,vod_search_all,"{""action"": ""search"", ""query"": {""and"": [{""field"": ""area"", ""value"": ""国产""}, {""field"": ""category"", ""value"": ""电视剧""}]}, ""retext"": ""推荐几部热门的国产电视剧"", ""sort"": {""hot"": {""order"": ""desc""}}}",推荐几部热门的国产电视剧,llm_onecall,16278.5,OK,
32,影视,第3轮,人气高点的,vod_search_all,"{""action"": ""search"", ""query"": {""and"": [{""field"": ""area"", ""value"": ""国产""}, {""field"": ""category"", ""value"": ""电视剧""}]}, ""retext"": ""推荐几部人气高的国产电视剧"", ""sort"": {""hot"": {""order"": ""desc""}}}",推荐几部人气高的国产电视剧,llm_onecall,17715.3,OK,
32,影视,第4轮,咱们自己拍的有吗,vod_search_all,"{""action"": ""search"", ""query"": {""and"": [{""field"": ""area"", ""value"": ""国产""}, {""field"": ""category"", ""value"": ""电视剧""}]}, ""retext"": ""推荐几部人气高的国产电视剧"", ""sort"": {""hot"": {""order"": ""desc""}}}",推荐几部人气高的国产电视剧,llm_onecall,16377.5,OK,
32,影视,第5轮,免费的有没有,vod_search_all,"{""action"": ""search"", ""query"": {""and"": [{""field"": ""area"", ""value"": ""国产""}, {""field"": ""category"", ""value"": ""电视剧""}, {""field"": ""is_fee"", ""value"": ""0""}]}, ""retext"": ""推荐几部人气高的国产免费电视剧"", ""sort"": {""hot"": {""order"": ""desc""}}}",推荐几部人气高的国产免费电视剧,llm_onecall,18242.7,OK,
320,少儿,第1轮,放启蒙数学的动画片,educ_search,"{""query"": {""and"": [{""field"": ""children_second_genre"", ""value"": ""数学""}, {""field"": ""training_objectives"", ""value"": ""启蒙""}, {""field"": ""content_type"", ""value"": ""动画""}]}, ""retext"": ""放启蒙数学的动画片""}",放启蒙数学的动画片,llm_onecall,35312.1,OK,
320,少儿,第2轮,颜色鲜艳的,educ_search,"{""query"": {""and"": [{""field"": ""title"", ""value"": ""启蒙""}, {""field"": ""children_second_genre"", ""value"": ""数学""}, {""field"": ""content_type"", ""value"": ""动画""}]}, ""retext"": ""播放颜色鲜艳的启蒙数学动画片""}",播放颜色鲜艳的启蒙数学动画片,llm_onecall,31278.7,OK,
320,少儿,第3轮,4岁能看的,educ_search,"{""query"": {""field"": ""age_range"", ""from"": ""4"", ""to"": ""4""}, ""retext"": ""4岁能看的""}",4岁能看的,llm_onecall,17412.3,OK,
320,少儿,第4轮,四岁的,educ_search,"{""query"": {""field"": ""age_range"", ""from"": ""4"", ""to"": ""4""}, ""retext"": ""4岁能看的""}",4岁能看的,llm_onecall,18753.8,OK,
320,少儿,第5轮,生动的,educ_search,"{""query"": {""and"": [{""field"": ""title"", ""value"": ""启蒙""}, {""field"": ""children_second_genre"", ""value"": ""数学""}, {""field"": ""content_type"", ""value"": ""动画""}]}, ""retext"": ""播放生动的启蒙数学动画片""}",播放生动的启蒙数学动画片,llm_onecall,32391.4,OK,
321,少儿,第1轮,想看儿童科普节目,educ_search,"{""query"": {""field"": ""children_second_genre"", ""value"": ""科普""}, ""retext"": ""想看儿童科普节目""}",想看儿童科普节目,llm_onecall,16483.7,OK,
321,少儿,第2轮,宇宙的,vod_search,"{""action"": ""search"", ""query"": {""and"": [{""field"": ""category"", ""value"": ""综艺""}, {""field"": ""tag"", ""value"": ""宇宙""}]}, ""retext"": ""想看宇宙科普节目""}",想看宇宙科普节目,llm_onecall,14142.8,OK,
321,少儿,第3轮,适合小学生看的,edu_fuzzy_search,"{""retext"": ""适合小学生看的""}",适合小学生看的,llm_onecall,11945.6,OK,
321,少儿,第4轮,要1080P的,,,,,,ERR,TimeoutError: timed out
321,少儿,第5轮,适合上小学的,edu_fuzzy_search,"{""retext"": ""适合上小学的""}",适合上小学的,llm_onecall,16992.8,OK,
322,少儿,第1轮,有什么幼儿识字动画,educ_search,"{""query"": {""and"": [{""field"": ""content_type"", ""value"": ""动画""}, {""field"": ""training_objectives"", ""value"": ""识字""}]}, ""retext"": ""有什么幼儿识字动画""}",有什么幼儿识字动画,llm_onecall,37394.5,OK,
322,少儿,第2轮,收费吗,educ_search,"{""query"": {""and"": [{""field"": ""content_type"", ""value"": ""动画""}, {""field"": ""training_objectives"", ""value"": ""识字""}]}, ""retext"": ""幼儿识字动画收费吗""}",幼儿识字动画收费吗,llm_onecall,33916.6,OK,
322,少儿,第3轮,要常用字优先,educ_search,"{""query"": {""and"": [{""field"": ""content_type"", ""value"": ""动画""}, {""field"": ""training_objectives"", ""value"": ""识字""}, {""field"": ""children_third_genre"", ""value"": ""常用字""}]}, ""retext"": ""幼儿识字动画要常用字优先""}",幼儿识字动画要常用字优先,llm_onecall,28093.8,OK,
322,少儿,第4轮,每集认一两个字的,educ_search,"{""query"": {""and"": [{""field"": ""content_type"", ""value"": ""动画""}, {""field"": ""training_objectives"", ""value"": ""识字""}]}, ""retext"": ""幼儿识字动画每集认一两个字的""}",幼儿识字动画每集认一两个字的,llm_onecall,18576.7,OK,
322,少儿,第5轮,是付费的吗,educ_search,"{""query"": {""and"": [{""field"": ""content_type"", ""value"": ""动画""}, {""field"": ""training_objectives"", ""value"": ""识字""}]}, ""retext"": ""幼儿识字动画收费吗""}",幼儿识字动画收费吗,llm_onecall,29680.3,OK,
323,少儿,第1轮,我想看找儿童益智游戏视频,educ_search,"{""query"": {""and"": [{""field"": ""children_third_genre"", ""value"": ""益智""}, {""field"": ""content_type"", ""value"": ""游戏""}]}, ""retext"": ""我想看找儿童益智游戏视频""}",我想看找儿童益智游戏视频,llm_onecall,17794.8,OK,
323,少儿,第2轮,拼图类的,educ_search,"{""query"": {""and"": [{""field"": ""children_third_genre"", ""value"": ""拼图""}, {""field"": ""training_objectives"", ""value"": ""益智""}]}, ""retext"": ""我想看找儿童益智游戏视频；拼图类的""}",我想看找儿童益智游戏视频；拼图类的,llm_onecall,19370.0,OK,
323,少儿,第3轮,拼图益智的,educ_search,"{""query"": {""and"": [{""field"": ""children_third_genre"", ""value"": ""拼图""}, {""field"": ""training_objectives"", ""value"": ""益智""}]}, ""retext"": ""我想看找儿童益智游戏视频；拼图类的""}",我想看找儿童益智游戏视频；拼图类的,llm_onecall,17828.1,OK,
323,少儿,第4轮,国产的有没有,educ_search_all,"{""query"": {""and"": [{""field"": ""children_third_genre"", ""value"": ""拼图""}, {""field"": ""country"", ""value"": ""中国""}]}, ""retext"": ""我想看找儿童益智游戏视频；拼图类的；国产的有没有""}",我想看找儿童益智游戏视频；拼图类的；国产的有没有,llm_onecall,14858.5,OK,
323,少儿,第5轮,国产的有吗,educ_search_all,"{""query"": {""and"": [{""field"": ""children_third_genre"", ""value"": ""拼图""}, {""field"": ""country"", ""value"": ""中国""}]}, ""retext"": ""我想看找儿童益智游戏视频；拼图类的；国产的有没有""}",我想看找儿童益智游戏视频；拼图类的；国产的有没有,llm_onecall,16955.9,OK,
324,少儿,第1轮,找点两岁宝宝看的动画,educ_search,"{""query"": {""and"": [{""field"": ""age_range"", ""from"": ""2"", ""to"": ""2""}, {""field"": ""content_type"", ""value"": ""动画""}]}, ""retext"": ""找点两岁宝宝看的动画""}",找点两岁宝宝看的动画,llm_onecall,15740.2,OK,
324,少儿,第2轮,每集五分钟,educ_search,"{""query"": {""and"": [{""field"": ""age_range"", ""from"": ""2"", ""to"": ""2""}, {""field"": ""content_type"", ""value"": ""动画""}, {""field"": ""video_index"", ""value"": ""5""}]}, ""retext"": ""找每集五分钟的两岁宝宝看的动画""}",找每集五分钟的两岁宝宝看的动画,llm_onecall,20439.3,OK,
324,少儿,第3轮,不打斗的,educ_search,"{""query"": {""and"": [{""field"": ""age_range"", ""from"": ""2"", ""to"": ""2""}, {""field"": ""content_type"", ""value"": ""动画""}, {""field"": ""video_index"", ""value"": ""5""}]}, ""retext"": ""找每集五分钟的两岁宝宝看的动画不打斗的""}",找每集五分钟的两岁宝宝看的动画不打斗的,llm_onecall,19860.0,OK,
324,少儿,第4轮,5分钟一集,educ_search,"{""query"": {""and"": [{""field"": ""age_range"", ""from"": ""2"", ""to"": ""2""}, {""field"": ""content_type"", ""value"": ""动画""}, {""field"": ""video_index"", ""value"": ""5""}]}, ""retext"": ""找每集五分钟的两岁宝宝看的动画不打斗的""}",找每集五分钟的两岁宝宝看的动画不打斗的,llm_onecall,17750.4,OK,
324,少儿,第5轮,要画面慢一点的,educ_search,"{""query"": {""and"": [{""field"": ""age_range"", ""from"": ""2"", ""to"": ""2""}, {""field"": ""content_type"", ""value"": ""动画""}, {""field"": ""video_index"", ""value"": ""5""}]}, ""retext"": ""找每集五分钟的两岁宝宝看的动画不打斗的画面慢一点的""}",找每集五分钟的两岁宝宝看的动画不打斗的画面慢一点的,llm_onecall,20307.6,OK,
325,少儿,第1轮,来点3岁小孩听的儿歌,educ_search,"{""query"": {""and"": [{""field"": ""content_type"", ""value"": ""儿歌""}, {""field"": ""age_range"", ""from"": ""3"", ""to"": ""3""}]}, ""retext"": ""来点3岁小孩听的儿歌""}",来点3岁小孩听的儿歌,llm_onecall,17023.6,OK,
325,少儿,第2轮,中文的那版,educ_search,"{""query"": {""and"": [{""field"": ""age_range"", ""from"": ""3"", ""to"": ""3""}, {""field"": ""content_type"", ""value"": ""儿歌""}]}, ""retext"": ""播放3岁小孩听的儿歌""}",播放3岁小孩听的儿歌,llm_onecall,17136.3,OK,
325,少儿,第3轮,去年的有吗,educ_search_all,"{""query"": {""and"": [{""field"": ""release_time"", ""from"": ""20250812"", ""to"": ""20260812""}, {""field"": ""content_type"", ""value"": ""儿歌""}, {""field"": ""age_range"", ""from"": ""3"", ""to"": ""3""}]}, ""retext"": ""播放3岁小孩听的儿歌去年的""}",播放3岁小孩听的儿歌去年的,llm_onecall,18422.5,OK,
325,少儿,第4轮,中文版的,educ_search_all,"{""query"": {""and"": [{""field"": ""release_time"", ""from"": ""20260101"", ""to"": ""20261231""}, {""field"": ""content_type"", ""value"": ""儿歌""}, {""field"": ""language"", ""value"": ""中文版""}, {""field"": ""age_range"", ""from"": ""3"", ""to"": ""3""}]}, ""retext"": ""播放3岁小孩听的儿歌去年的中文版的""}",播放3岁小孩听的儿歌去年的中文版的,llm_onecall,19975.9,OK,
325,少儿,第5轮,5-6岁的,educ_search,"{""query"": {""and"": [{""field"": ""content_type"", ""value"": ""儿歌""}, {""field"": ""age_range"", ""from"": ""5"", ""to"": ""6""}]}, ""retext"": ""播放5-6岁小孩听的儿歌""}",播放5-6岁小孩听的儿歌,llm_onecall,18739.6,OK,
326,少儿,第1轮,放恐龙科普动画,educ_search,"{""query"": {""and"": [{""field"": ""content_type"", ""value"": ""动画""}, {""field"": ""children_third_genre"", ""value"": ""恐龙""}, {""field"": ""children_second_genre"", ""value"": ""科普""}]}, ""retext"": ""放恐龙科普动画""}",放恐龙科普动画,llm_onecall,36380.0,OK,
326,少儿,第2轮,换一个其他类型的,educ_fuzzy_search,"{""retext"": ""换一个其他类型的""}",换一个其他类型的,llm_onecall,14202.5,OK,
326,少儿,第3轮,要季数多的,educ_search,"{""query"": {""and"": [{""field"": ""content_type"", ""value"": ""动画""}, {""field"": ""children_third_genre"", ""value"": ""恐龙""}, {""field"": ""children_second_genre"", ""value"": ""科普""}]}, ""retext"": ""恐龙科普动画""}",恐龙科普动画,llm_onecall,30309.8,OK,
326,少儿,第4轮,有国产的吗,educ_search_all,"{""query"": {""and"": [{""field"": ""country"", ""value"": ""中国""}, {""field"": ""children_third_genre"", ""value"": ""恐龙""}, {""field"": ""children_second_genre"", ""value"": ""科普""}, {""field"": ""content_type"", ""value"": ""动画""}]}, ""retext"": ""有国产的恐龙科普动画吗""}",有国产的恐龙科普动画吗,llm_onecall,33130.6,OK,
326,少儿,第5轮,一季以上的那种,educ_search_all,"{""query"": {""and"": [{""field"": ""country"", ""value"": ""中国""}, {""field"": ""children_third_genre"", ""value"": ""恐龙""}, {""field"": ""children_second_genre"", ""value"": ""科普""}, {""field"": ""content_type"", ""value"": ""动画""}, {""field"": ""series"", ""value"": ""1""}]}, ""retext"": ""有国产的恐龙科普动画吗；一季以上的那种""}",有国产的恐龙科普动画吗；一季以上的那种,llm_onecall,18115.3,OK,
327,少儿,第1轮,想看教小孩安全知识的动画,educ_search,"{""query"": {""and"": [{""field"": ""title"", ""value"": ""安全知识""}, {""field"": ""content_type"", ""value"": ""动画""}]}, ""retext"": ""想看教小孩安全知识的动画""}",想看教小孩安全知识的动画,llm_onecall,31410.1,OK,
327,少儿,第2轮,是国产的吗,educ_search_all,"{""query"": {""and"": [{""field"": ""title"", ""value"": ""教小孩安全知识的动画""}, {""field"": ""country"", ""value"": ""中国""}]}, ""retext"": ""《教小孩安全知识的动画》是国产的吗""}",《教小孩安全知识的动画》是国产的吗,llm_onecall,18697.3,OK,
327,少儿,第3轮,咱们自己拍的有吗,educ_search_all,"{""query"": {""and"": [{""field"": ""title"", ""value"": ""教小孩安全知识的动画""}, {""field"": ""country"", ""value"": ""中国""}]}, ""retext"": ""《教小孩安全知识的动画》是国产的吗""}",《教小孩安全知识的动画》是国产的吗,llm_onecall,19035.4,OK,
327,少儿,第4轮,有免费版的没有,educ_search,"{""query"": {""and"": [{""field"": ""title"", ""value"": ""安全知识""}, {""field"": ""content_type"", ""value"": ""动画""}, {""field"": ""is_fee"", ""value"": ""0""}]}, ""retext"": ""《教小孩安全知识的动画》有免费版的没有""}",《教小孩安全知识的动画》有免费版的没有,llm_onecall,18039.2,OK,
327,少儿,第5轮,过马路安全的,educ_fuzzy_search,"{""retext"": ""过马路安全的""}",过马路安全的,llm_onecall,12529.8,OK,
328,少儿,第1轮,好看的给孩子听睡前故事,audio_search,"{""action"": ""play"", ""query"": ""好看的给孩子听睡前故事""}",好看的给孩子听睡前故事,general_rule,14125.3,OK,
328,少儿,第2轮,男的读的,fan_knowledge_agent,"{""messages"": [{""content"": ""《米小圈睡前故事|好听的故事都在这》男的读的"", ""role"": ""user""}], ""riskRespStrategy"": ""all_replace"", ""sceneTypeIntentList"": [{""sceneType"": ""knowledge_qa""}]}",《米小圈睡前故事|好听的故事都在这》男的读的,llm_select,19130.6,OK,
328,少儿,第3轮,民间故事,audio_search,"{""action"": ""search"", ""query"": ""民间故事""}",民间故事,general_rule,14049.9,OK,
328,少儿,第4轮,男声版,fan_knowledge_agent,"{""messages"": [{""content"": ""《米小圈睡前故事|好听的故事都在这》男声版"", ""role"": ""user""}], ""riskRespStrategy"": ""all_replace"", ""sceneTypeIntentList"": [{""sceneType"": ""knowledge_qa""}]}",《米小圈睡前故事|好听的故事都在这》男声版,llm_select,16565.1,OK,
328,少儿,第5轮,男声朗读的,audio_search,"{""action"": ""search"", ""query"": ""《米小圈睡前故事|好听的故事都在这》男声朗读的""}",《米小圈睡前故事|好听的故事都在这》男声朗读的,general_rule,14808.3,OK,
329,少儿,第1轮,有啥好看的启蒙数学的动画片,educ_search,"{""query"": {""and"": [{""field"": ""children_second_genre"", ""value"": ""数学""}, {""field"": ""training_objectives"", ""value"": ""启蒙""}, {""field"": ""content_type"", ""value"": ""动画""}]}, ""retext"": ""有啥好看的启蒙数学的动画片""}",有啥好看的启蒙数学的动画片,llm_onecall,19742.3,OK,
329,少儿,第2轮,适合四岁宝宝,educ_search,"{""query"": {""and"": [{""field"": ""title"", ""value"": ""启蒙""}, {""field"": ""children_second_genre"", ""value"": ""数学""}, {""field"": ""age_range"", ""from"": ""4"", ""to"": ""4""}, {""field"": ""content_type"", ""value"": ""动画""}]}, ""retext"": ""适合四岁宝宝的启蒙数学动画片""}",适合四岁宝宝的启蒙数学动画片,llm_onecall,19265.9,OK,
329,少儿,第3轮,4岁能看的,educ_search,"{""query"": {""and"": [{""field"": ""title"", ""value"": ""启蒙""}, {""field"": ""children_second_genre"", ""value"": ""数学""}, {""field"": ""age_range"", ""from"": ""4"", ""to"": ""4""}, {""field"": ""content_type"", ""value"": ""动画""}]}, ""retext"": ""适合四岁宝宝的启蒙数学动画片""}",适合四岁宝宝的启蒙数学动画片,llm_onecall,13194.6,OK,
329,少儿,第4轮,四岁的,educ_search,"{""query"": {""and"": [{""field"": ""title"", ""value"": ""启蒙""}, {""field"": ""children_second_genre"", ""value"": ""数学""}, {""field"": ""age_range"", ""from"": ""4"", ""to"": ""4""}, {""field"": ""content_type"", ""value"": ""动画""}]}, ""retext"": ""适合四岁宝宝的启蒙数学动画片""}",适合四岁宝宝的启蒙数学动画片,llm_onecall,17653.7,OK,
329,少儿,第5轮,讲加减法的,educ_search,"{""query"": {""and"": [{""field"": ""title"", ""value"": ""启蒙""}, {""field"": ""children_second_genre"", ""value"": ""数学""}, {""field"": ""age_range"", ""from"": ""4"", ""to"": ""4""}, {""field"": ""content_type"", ""value"": ""动画""}]}, ""retext"": ""适合四岁宝宝的启蒙数学动画片""}",适合四岁宝宝的启蒙数学动画片,llm_onecall,19761.7,OK,
33,影视,第1轮,最近想看最新的电视剧,vod_search,"{""action"": ""search"", ""query"": {""field"": ""category"", ""value"": ""电视剧""}, ""retext"": ""最近想看最新的电视剧"", ""sort"": {""new"": {""order"": ""desc""}}}",最近想看最新的电视剧,llm_onecall,15276.6,OK,
33,影视,第2轮,大家都在看的,vod_personalized_search,"{""retext"": ""大家都在看的""}",大家都在看的,llm_onecall,16453.7,OK,
33,影视,第3轮,免费的有没有的那种,vod_search,"{""action"": ""search"", ""query"": {""and"": [{""field"": ""category"", ""value"": ""电视剧""}, {""field"": ""is_fee"", ""value"": ""0""}]}, ""retext"": ""最近想看最新的电视剧；大家都在看的；免费的有没有的那种"", ""sort"": {""hot"": {""order"": ""desc""}, ""new"": {""order"": ""desc""}}}",最近想看最新的电视剧；大家都在看的；免费的有没有的那种,llm_onecall,16471.4,OK,
33,影视,第4轮,国产的有吗,vod_search_all,"{""action"": ""search"", ""query"": {""and"": [{""field"": ""area"", ""value"": ""国产""}, {""field"": ""category"", ""value"": ""电视剧""}, {""field"": ""is_fee"", ""value"": ""0""}]}, ""retext"": ""最近想看最新的电视剧；大家都在看的；免费的有没有的那种；国产的有吗"", ""sort"": {""hot"": {""order"": ""desc""}, ""new"": {""order"": ""desc""}}}",最近想看最新的电视剧；大家都在看的；免费的有没有的那种；国产的有吗,llm_onecall,17786.4,OK,
33,影视,第5轮,免费的吗,vod_search_all,"{""action"": ""search"", ""query"": {""and"": [{""field"": ""area"", ""value"": ""国产""}, {""field"": ""category"", ""value"": ""电视剧""}, {""field"": ""is_fee"", ""value"": ""0""}]}, ""retext"": ""最近想看最新的电视剧；大家都在看的；免费的有没有的那种；国产的有吗；免费的吗"", ""sort"": {""hot"": {""order"": ""desc""}, ""new"": {""order"": ""desc""}}}",最近想看最新的电视剧；大家都在看的；免费的有没有的那种；国产的有吗；免费的吗,llm_onecall,18919.4,OK,
330,少儿,第1轮,有没有好看的儿童科普节目,educ_search,"{""query"": {""and"": [{""field"": ""children_second_genre"", ""value"": ""科普""}, {""field"": ""content_type"", ""value"": ""节目""}]}, ""retext"": ""有没有好看的儿童科普节目""}",有没有好看的儿童科普节目,llm_onecall,19425.4,OK,
330,少儿,第2轮,1080P那种,educ_search,"{""query"": {""and"": [{""field"": ""children_second_genre"", ""value"": ""科普""}, {""field"": ""content_type"", ""value"": ""节目""}]}, ""retext"": ""有没有好看的儿童科普节目""}",有没有好看的儿童科普节目,llm_onecall,19465.6,OK,
330,少儿,第3轮,不收费的有吗,educ_search,"{""query"": {""and"": [{""field"": ""children_second_genre"", ""value"": ""科普""}, {""field"": ""is_fee"", ""value"": ""0""}]}, ""retext"": ""不收费的儿童科普节目""}",不收费的儿童科普节目,llm_onecall,17964.4,OK,
330,少儿,第4轮,要中文字幕版,educ_search,"{""query"": {""and"": [{""field"": ""children_second_genre"", ""value"": ""科普""}, {""field"": ""is_fee"", ""value"": ""0""}, {""field"": ""language"", ""value"": ""中文字幕""}]}, ""retext"": ""不收费的儿童科普节目要中文字幕版""}",不收费的儿童科普节目要中文字幕版,llm_onecall,20155.1,OK,
330,少儿,第5轮,航天知识,fan_knowledge_agent,"{""messages"": [{""content"": ""航天知识"", ""role"": ""user""}], ""riskRespStrategy"": ""all_replace"", ""sceneTypeIntentList"": [{""sceneType"": ""knowledge_qa""}]}",航天知识,llm_select,16694.0,OK,
331,少儿,第1轮,放幼儿识字动画,educ_search,"{""query"": {""and"": [{""field"": ""training_objectives"", ""value"": ""识字""}, {""field"": ""content_type"", ""value"": ""动画""}]}, ""retext"": ""放幼儿识字动画""}",放幼儿识字动画,llm_onecall,19942.7,OK,
331,少儿,第2轮,先学常用字的,educ_search,"{""query"": {""and"": [{""field"": ""training_objectives"", ""value"": ""识字""}, {""field"": ""content_type"", ""value"": ""动画""}]}, ""retext"": ""播放幼儿识字动画""}",播放幼儿识字动画,llm_onecall,31286.7,OK,
331,少儿,第3轮,是付费的吗,fan_knowledge_agent,"{""messages"": [{""content"": ""《先学常用字的》是付费的吗"", ""role"": ""user""}], ""riskRespStrategy"": ""all_replace"", ""sceneTypeIntentList"": [{""sceneType"": ""knowledge_qa""}]}",《先学常用字的》是付费的吗,general_rule,20676.3,OK,
331,少儿,第4轮,适合3到6岁的有没有,educ_search,"{""query"": {""and"": [{""field"": ""title"", ""value"": ""识字""}, {""field"": ""content_type"", ""value"": ""动画""}, {""field"": ""age_range"", ""from"": ""3"", ""to"": ""6""}]}, ""retext"": ""适合3到6岁的幼儿识字动画""}",适合3到6岁的幼儿识字动画,llm_onecall,18844.1,OK,
331,少儿,第5轮,常用字那种,educ_search,"{""query"": {""and"": [{""field"": ""title"", ""value"": ""识字""}, {""field"": ""content_type"", ""value"": ""动画""}, {""field"": ""age_range"", ""from"": ""3"", ""to"": ""6""}]}, ""retext"": ""适合3到6岁的幼儿识字动画""}",适合3到6岁的幼儿识字动画,llm_onecall,15069.8,OK,
332,少儿,第1轮,推荐几部找儿童益智游戏视频,educ_search,"{""query"": {""and"": [{""field"": ""children_third_genre"", ""value"": ""益智""}, {""field"": ""children_third_genre"", ""value"": ""游戏""}]}, ""retext"": ""推荐几部找儿童益智游戏视频""}",推荐几部找儿童益智游戏视频,llm_onecall,19757.1,OK,
332,少儿,第2轮,国产的有没有,educ_search_all,"{""query"": {""and"": [{""field"": ""country"", ""value"": ""中国""}, {""field"": ""children_third_genre"", ""value"": ""益智""}, {""field"": ""children_second_genre"", ""value"": ""游戏""}]}, ""retext"": ""推荐国产儿童益智游戏视频""}",推荐国产儿童益智游戏视频,llm_onecall,19673.8,OK,
332,少儿,第3轮,不用付费的有吗,educ_search_all,"{""query"": {""and"": [{""field"": ""country"", ""value"": ""中国""}, {""field"": ""children_third_genre"", ""value"": ""益智""}, {""field"": ""is_fee"", ""value"": ""0""}]}, ""retext"": ""推荐国产儿童益智游戏视频不用付费的有吗""}",推荐国产儿童益智游戏视频不用付费的有吗,llm_onecall,19770.3,OK,
332,少儿,第4轮,拼图游戏的,educ_search_all,"{""query"": {""and"": [{""field"": ""country"", ""value"": ""中国""}, {""field"": ""children_third_genre"", ""value"": ""益智""}, {""field"": ""is_fee"", ""value"": ""0""}]}, ""retext"": ""推荐国产儿童益智游戏视频不用付费的有吗""}",推荐国产儿童益智游戏视频不用付费的有吗,llm_onecall,18556.1,OK,
332,少儿,第5轮,没广告的,educ_search_all,"{""query"": {""and"": [{""field"": ""country"", ""value"": ""中国""}, {""field"": ""children_third_genre"", ""value"": ""益智""}, {""field"": ""is_fee"", ""value"": ""0""}]}, ""retext"": ""推荐国产儿童益智游戏视频不用付费的有吗没广告的""}",推荐国产儿童益智游戏视频不用付费的有吗没广告的,llm_onecall,17861.5,OK,
333,少儿,第1轮,有没有好看的两岁宝宝看的动画,educ_search,"{""query"": {""and"": [{""field"": ""age_range"", ""from"": ""2"", ""to"": ""2""}, {""field"": ""content_type"", ""value"": ""动画""}]}, ""retext"": ""有没有好看的两岁宝宝看的动画""}",有没有好看的两岁宝宝看的动画,llm_onecall,17888.1,OK,
333,少儿,第2轮,每集五分钟,educ_search,"{""query"": {""and"": [{""field"": ""age_range"", ""from"": ""2"", ""to"": ""2""}, {""field"": ""content_type"", ""value"": ""动画""}, {""field"": ""video_index"", ""value"": ""5""}]}, ""retext"": ""有没有好看的两岁宝宝看的动画每集五分钟""}",有没有好看的两岁宝宝看的动画每集五分钟,llm_onecall,19586.2,OK,
333,少儿,第3轮,单集5分钟内,educ_search,"{""query"": {""and"": [{""field"": ""age_range"", ""from"": ""2"", ""to"": ""2""}, {""field"": ""content_type"", ""value"": ""动画""}, {""field"": ""video_index"", ""value"": ""5""}]}, ""retext"": ""有没有好看的两岁宝宝看的动画每集五分钟""}",有没有好看的两岁宝宝看的动画每集五分钟,llm_onecall,19951.9,OK,
333,少儿,第4轮,要节奏慢点的,educ_search,"{""query"": {""and"": [{""field"": ""age_range"", ""from"": ""2"", ""to"": ""2""}, {""field"": ""content_type"", ""value"": ""动画""}, {""field"": ""video_index"", ""value"": ""5""}]}, ""retext"": ""有没有好看的两岁宝宝看的动画每集五分钟节奏慢点的""}",有没有好看的两岁宝宝看的动画每集五分钟节奏慢点的,llm_onecall,18697.8,OK,
333,少儿,第5轮,没有打斗的,educ_search,"{""query"": {""and"": [{""field"": ""age_range"", ""from"": ""2"", ""to"": ""2""}, {""field"": ""content_type"", ""value"": ""动画""}, {""field"": ""video_index"", ""value"": ""5""}]}, ""retext"": ""有没有好看的两岁宝宝看的动画每集五分钟节奏慢点的没有打斗的""}",有没有好看的两岁宝宝看的动画每集五分钟节奏慢点的没有打斗的,llm_onecall,16117.6,OK,
334,少儿,第1轮,推荐些3岁小孩听的儿歌,educ_search,"{""query"": {""and"": [{""field"": ""content_type"", ""value"": ""儿歌""}, {""field"": ""age_range"", ""from"": ""3"", ""to"": ""3""}]}, ""retext"": ""推荐些3岁小孩听的儿歌""}",推荐些3岁小孩听的儿歌,llm_onecall,18476.0,OK,
334,少儿,第2轮,去年的,educ_search,"{""query"": {""and"": [{""field"": ""content_type"", ""value"": ""儿歌""}, {""field"": ""age_range"", ""from"": ""3"", ""to"": ""3""}]}, ""retext"": ""推荐些3岁小孩听的儿歌""}",推荐些3岁小孩听的儿歌,llm_onecall,19974.0,OK,
334,少儿,第3轮,免费的有吗,educ_search,"{""query"": {""and"": [{""field"": ""children_second_genre"", ""value"": ""儿歌""}, {""field"": ""age_range"", ""from"": ""3"", ""to"": ""3""}, {""field"": ""is_fee"", ""value"": ""0""}]}, ""retext"": ""推荐些3岁小孩听的儿歌免费的有吗""}",推荐些3岁小孩听的儿歌免费的有吗,llm_onecall,20188.3,OK,
334,少儿,第4轮,要五岁六岁能看的,educ_search,"{""query"": {""field"": ""age_range"", ""from"": ""5"", ""to"": ""6""}, ""retext"": ""推荐些五岁六岁能看的""}",推荐些五岁六岁能看的,llm_onecall,20218.9,OK,
334,少儿,第5轮,要免费的有没有,educ_search,"{""query"": {""and"": [{""field"": ""children_second_genre"", ""value"": ""儿歌""}, {""field"": ""age_range"", ""from"": ""3"", ""to"": ""3""}, {""field"": ""is_fee"", ""value"": ""0""}]}, ""retext"": ""推荐些3岁小孩听的儿歌免费的有吗""}",推荐些3岁小孩听的儿歌免费的有吗,llm_onecall,15477.9,OK,
335,少儿,第1轮,看看恐龙科普动画,educ_search,"{""query"": {""and"": [{""field"": ""content_type"", ""value"": ""动画""}, {""field"": ""children_third_genre"", ""value"": ""恐龙""}, {""field"": ""children_second_genre"", ""value"": ""科普""}]}, ""retext"": ""看看恐龙科普动画""}",看看恐龙科普动画,llm_onecall,35553.3,OK,
335,少儿,第2轮,有国产的吗,educ_search_all,"{""query"": {""and"": [{""field"": ""country"", ""value"": ""中国""}, {""field"": ""children_third_genre"", ""value"": ""恐龙""}, {""field"": ""children_second_genre"", ""value"": ""科普""}, {""field"": ""content_type"", ""value"": ""动画""}]}, ""retext"": ""看看国产恐龙科普动画""}",看看国产恐龙科普动画,llm_onecall,38612.4,OK,
335,少儿,第3轮,换个类型的,educ_fuzzy_search,"{""retext"": ""换个类型的""}",换个类型的,llm_onecall,12973.1,OK,
335,少儿,第4轮,8岁能看的,educ_search,"{""query"": {""field"": ""age_range"", ""from"": ""8"", ""to"": ""8""}, ""retext"": ""8岁能看的""}",8岁能看的,llm_onecall,16565.3,OK,
335,少儿,第5轮,要季数多的,educ_search,"{""query"": {}, ""retext"": ""要季数多的""}",要季数多的,llm_onecall,16728.9,OK,
336,少儿,第1轮,好看的教小孩安全知识的动画,educ_search,"{""query"": {""and"": [{""field"": ""title"", ""value"": ""安全知识""}, {""field"": ""content_type"", ""value"": ""动画""}]}, ""retext"": ""好看的教小孩安全知识的动画""}",好看的教小孩安全知识的动画,llm_onecall,17498.7,OK,
336,少儿,第2轮,带字幕的有没有,educ_search,"{""query"": {""and"": [{""field"": ""title"", ""value"": ""安全知识""}, {""field"": ""content_type"", ""value"": ""动画""}]}, ""retext"": ""好看的教小孩安全知识的动画带字幕""}",好看的教小孩安全知识的动画带字幕,llm_onecall,35003.4,OK,
336,少儿,第3轮,免费版有吗,educ_search,"{""query"": {""and"": [{""field"": ""title"", ""value"": ""安全知识""}, {""field"": ""content_type"", ""value"": ""动画""}, {""field"": ""is_fee"", ""value"": ""0""}]}, ""retext"": ""好看的教小孩安全知识的动画带字幕免费版有吗""}",好看的教小孩安全知识的动画带字幕免费版有吗,llm_onecall,19715.1,OK,
336,少儿,第4轮,三到六岁的,educ_search,"{""query"": {""and"": [{""field"": ""title"", ""value"": ""安全知识""}, {""field"": ""content_type"", ""value"": ""动画""}, {""field"": ""age_range"", ""from"": ""3"", ""to"": ""6""}, {""field"": ""is_fee"", ""value"": ""0""}]}, ""retext"": ""好看的教小孩安全知识的动画带字幕免费版有吗三到六岁的""}",好看的教小孩安全知识的动画带字幕免费版有吗三到六岁的,llm_onecall,16822.3,OK,
336,少儿,第5轮,国产的有吗,educ_search_all,"{""query"": {""and"": [{""or"": [{""field"": ""children_third_genre"", ""value"": ""安全知识""}, {""field"": ""training_objectives"", ""value"": ""安全知识""}]}, {""field"": ""country"", ""value"": ""中国""}, {""field"": ""age_range"", ""from"": ""3"", ""to"": ""6""}, {""field"": ""content_type"", ""value"": ""动画""}, {""field"": ""is_fee"", ""value"": ""0""}]}, ""retext"": ""好看的教小孩安全知识的动画带字幕免费版有吗三到六岁的国产的有吗""}",好看的教小孩安全知识的动画带字幕免费版有吗三到六岁的国产的有吗,llm_onecall,19143.6,OK,
337,少儿,第1轮,给孩子听睡前故事有哪些,fan_knowledge_agent,"{""messages"": [{""content"": ""给孩子听睡前故事有哪些"", ""role"": ""user""}], ""riskRespStrategy"": ""all_replace"", ""sceneTypeIntentList"": [{""sceneType"": ""knowledge_qa""}]}",给孩子听睡前故事有哪些,general_rule,17643.9,OK,
337,少儿,第2轮,男声版,educ_fuzzy_search,"{""retext"": ""男声版睡前故事""}",男声版睡前故事,llm_onecall,13346.7,OK,
337,少儿,第3轮,男的读的,audio_search,"{""action"": ""search"", ""query"": ""男的读的睡前故事""}",男的读的睡前故事,general_rule,15228.2,OK,
337,少儿,第4轮,十分钟的,audio_search,"{""action"": ""search"", ""query"": ""男的读的睡前故事""}",男的读的睡前故事,general_rule,14288.6,OK,
337,少儿,第5轮,民间故事,audio_search,"{""action"": ""search"", ""query"": ""民间故事""}",民间故事,general_rule,12471.4,OK,
338,少儿,第1轮,来点启蒙数学的动画片,educ_search,"{""query"": {""and"": [{""field"": ""title"", ""value"": ""启蒙""}, {""field"": ""children_second_genre"", ""value"": ""数学""}, {""field"": ""content_type"", ""value"": ""动画""}]}, ""retext"": ""来点启蒙数学的动画片""}",来点启蒙数学的动画片,llm_onecall,37297.9,OK,
338,少儿,第2轮,画面活泼的,educ_search,"{""query"": {""and"": [{""field"": ""children_second_genre"", ""value"": ""数学""}, {""field"": ""training_objectives"", ""value"": ""启蒙""}, {""field"": ""content_type"", ""value"": ""动画""}]}, ""retext"": ""想看画面活泼的启蒙数学动画片""}",想看画面活泼的启蒙数学动画片,llm_onecall,18503.1,OK,
338,少儿,第3轮,4岁能看的,educ_search,"{""query"": {""and"": [{""field"": ""title"", ""value"": ""启蒙数学""}, {""field"": ""content_type"", ""value"": ""动画""}, {""field"": ""age_range"", ""from"": ""4"", ""to"": ""4""}]}, ""retext"": ""4岁能看的画面活泼的启蒙数学动画片""}",4岁能看的画面活泼的启蒙数学动画片,llm_onecall,16743.8,OK,
338,少儿,第4轮,要算术启蒙的,educ_search,"{""query"": {""field"": ""training_objectives"", ""value"": ""算术启蒙""}, ""retext"": ""要算术启蒙的""}",要算术启蒙的,llm_onecall,17128.6,OK,
338,少儿,第5轮,颜色鲜艳的,educ_search,"{""query"": {""and"": [{""field"": ""title"", ""value"": ""启蒙数学""}, {""field"": ""content_type"", ""value"": ""动画""}, {""field"": ""age_range"", ""from"": ""4"", ""to"": ""4""}]}, ""retext"": ""4岁能看的画面活泼的启蒙数学动画片颜色鲜艳的""}",4岁能看的画面活泼的启蒙数学动画片颜色鲜艳的,llm_onecall,18855.7,OK,
339,少儿,第1轮,推荐些幼儿识字动画,educ_search,"{""query"": {""and"": [{""field"": ""training_objectives"", ""value"": ""识字""}, {""field"": ""content_type"", ""value"": ""动画""}]}, ""retext"": ""推荐些幼儿识字动画""}",推荐些幼儿识字动画,llm_onecall,33775.5,OK,
339,少儿,第2轮,适合3到6岁的有没有,educ_search,"{""query"": {""and"": [{""field"": ""title"", ""value"": ""识字""}, {""field"": ""content_type"", ""value"": ""动画""}, {""field"": ""age_range"", ""from"": ""3"", ""to"": ""6""}]}, ""retext"": ""推荐适合3到6岁的幼儿识字动画""}",推荐适合3到6岁的幼儿识字动画,llm_onecall,18840.8,OK,
339,少儿,第3轮,一次认一两个,educ_search,"{""query"": {""and"": [{""field"": ""title"", ""value"": ""识字""}, {""field"": ""age_range"", ""from"": ""3"", ""to"": ""6""}, {""field"": ""content_type"", ""value"": ""动画""}]}, ""retext"": ""推荐适合3到6岁的幼儿识字动画；一次认一两个""}",推荐适合3到6岁的幼儿识字动画；一次认一两个,llm_onecall,18038.1,OK,
339,少儿,第4轮,单集教一两个,educ_search,"{""query"": {""and"": [{""field"": ""title"", ""value"": ""识字""}, {""field"": ""age_range"", ""from"": ""3"", ""to"": ""6""}, {""field"": ""content_type"", ""value"": ""动画""}]}, ""retext"": ""推荐适合3到6岁的幼儿识字动画；一次认一两个""}",推荐适合3到6岁的幼儿识字动画；一次认一两个,llm_onecall,17715.0,OK,
339,少儿,第5轮,是付费的吗,educ_search,"{""query"": {""and"": [{""field"": ""title"", ""value"": ""动画识字11""}, {""field"": ""is_fee"", ""value"": ""1""}]}, ""retext"": ""《动画识字11》是付费的吗""}",《动画识字11》是付费的吗,llm_onecall,17964.1,OK,
34,影视,第1轮,来一部经典的电视剧,vod_search,"{""action"": ""search"", ""query"": {""field"": ""category"", ""tag"": ""经典"", ""value"": ""电视剧""}, ""retext"": ""来一部经典的电视剧""}",来一部经典的电视剧,llm_onecall,15885.7,OK,
34,影视,第2轮,评价好点的,vod_search,"{""action"": ""search"", ""query"": {""and"": [{""field"": ""category"", ""value"": ""电视剧""}, {""field"": ""tag"", ""value"": ""经典""}]}, ""retext"": ""评价好点的经典电视剧"", ""sort"": {""rate"": {""order"": ""desc""}}}",评价好点的经典电视剧,llm_onecall,32359.1,OK,
34,影视,第3轮,播放量高点的,vod_search,"{""action"": ""search"", ""retext"": ""播放量高点的"", ""sort"": {""play"": {""order"": ""desc""}}}",播放量高点的,llm_onecall,17431.8,OK,
34,影视,第4轮,要评分高点的,vod_search,"{""action"": ""search"", ""retext"": ""要评分高点的"", ""sort"": {""rate"": {""order"": ""desc""}}}",要评分高点的,llm_onecall,15253.1,OK,
34,影视,第5轮,口碑不错的,vod_fuzzy_search,"{""retext"": ""口碑不错的""}",口碑不错的,llm_onecall,15461.1,OK,
340,少儿,第1轮,放找儿童益智游戏视频,educ_search,"{""query"": {""and"": [{""field"": ""children_third_genre"", ""value"": ""益智""}, {""field"": ""children_third_genre"", ""value"": ""游戏""}]}, ""retext"": ""放找儿童益智游戏视频""}",放找儿童益智游戏视频,llm_onecall,13371.1,OK,
340,少儿,第2轮,拼图游戏的,educ_search,"{""query"": {""field"": ""children_third_genre"", ""value"": ""益智""}, ""retext"": ""放找儿童益智游戏视频""}",放找儿童益智游戏视频,llm_onecall,18859.1,OK,
340,少儿,第3轮,拼图那种,educ_search,"{""query"": {""and"": [{""field"": ""children_third_genre"", ""value"": ""益智""}, {""field"": ""children_third_genre"", ""value"": ""游戏""}]}, ""retext"": ""放找儿童益智游戏视频""}",放找儿童益智游戏视频,llm_onecall,20174.0,OK,
340,少儿,第4轮,是国产的吗,educ_search,"{""query"": {""and"": [{""field"": ""children_third_genre"", ""value"": ""益智""}, {""field"": ""children_third_genre"", ""value"": ""游戏""}]}, ""retext"": ""找儿童益智游戏视频""}",找儿童益智游戏视频,llm_onecall,36314.3,OK,
340,少儿,第5轮,没有广告,music_song_search,"{""retext"": ""《晓鹿老师 小小音乐课》没有广告"", ""song"": [""晓鹿老师 小小音乐课""]}",《晓鹿老师 小小音乐课》没有广告,llm_onecall,18937.0,OK,
341,少儿,第1轮,想看3岁小孩听的儿歌,educ_search,"{""query"": {""and"": [{""field"": ""content_type"", ""value"": ""儿歌""}, {""field"": ""age_range"", ""from"": ""3"", ""to"": ""3""}]}, ""retext"": ""想看3岁小孩听的儿歌""}",想看3岁小孩听的儿歌,llm_onecall,17315.6,OK,
341,少儿,第2轮,带跟唱的,educ_search,"{""query"": {""and"": [{""field"": ""content_type"", ""value"": ""儿歌""}, {""field"": ""age_range"", ""from"": ""3"", ""to"": ""3""}, {""field"": ""features"", ""value"": ""跟唱""}]}, ""retext"": ""想看3岁小孩听的带跟唱的儿歌""}",想看3岁小孩听的带跟唱的儿歌,llm_onecall,19842.6,OK,
341,少儿,第3轮,中文配音的,educ_search,"{""query"": {""and"": [{""field"": ""content_type"", ""value"": ""儿歌""}, {""field"": ""language"", ""value"": ""中文""}, {""field"": ""age_range"", ""from"": ""3"", ""to"": ""3""}, {""field"": ""features"", ""value"": ""跟唱""}]}, ""retext"": ""想看3岁小孩听的带跟唱的中文配音儿歌""}",想看3岁小孩听的带跟唱的中文配音儿歌,llm_onecall,19975.2,OK,
341,少儿,第4轮,去年出的,educ_search_all,"{""query"": {""and"": [{""field"": ""content_type"", ""value"": ""儿歌""}, {""field"": ""language"", ""value"": ""中文""}, {""field"": ""release_time"", ""from"": ""20250101"", ""to"": ""20251231""}, {""field"": ""age_range"", ""from"": ""3"", ""to"": ""3""}]}, ""retext"": ""想看3岁小孩听的带跟唱的中文配音儿歌去年出的""}",想看3岁小孩听的带跟唱的中文配音儿歌去年出的,llm_onecall,16822.8,OK,
341,少儿,第5轮,免费的,educ_search_all,"{""query"": {""and"": [{""field"": ""content_type"", ""value"": ""儿歌""}, {""field"": ""age_range"", ""from"": ""3"", ""to"": ""3""}, {""field"": ""language"", ""value"": ""中文""}, {""field"": ""release_time"", ""from"": ""20260101"", ""to"": ""20261231""}, {""field"": ""is_fee"", ""value"": ""0""}]}, ""retext"": ""想看3岁小孩听的带跟唱的中文配音儿歌去年出的免费的""}",想看3岁小孩听的带跟唱的中文配音儿歌去年出的免费的,llm_onecall,20891.7,OK,
342,少儿,第1轮,推荐几部恐龙科普动画,educ_search,"{""query"": {""and"": [{""field"": ""children_third_genre"", ""value"": ""恐龙""}, {""field"": ""content_type"", ""value"": ""动画""}, {""field"": ""children_second_genre"", ""value"": ""科普""}]}, ""retext"": ""推荐几部恐龙科普动画""}",推荐几部恐龙科普动画,llm_onecall,17644.3,OK,
342,少儿,第2轮,有国产的吗,educ_search_all,"{""query"": {""and"": [{""field"": ""country"", ""value"": ""中国""}, {""field"": ""children_third_genre"", ""value"": ""恐龙""}, {""field"": ""children_second_genre"", ""value"": ""科普""}, {""field"": ""content_type"", ""value"": ""动画""}]}, ""retext"": ""推荐几部国产恐龙科普动画""}",推荐几部国产恐龙科普动画,llm_onecall,35037.0,OK,
342,少儿,第3轮,换个类型的,educ_search,"{""query"": {""and"": [{""field"": ""children_third_genre"", ""value"": ""恐龙""}, {""field"": ""content_type"", ""value"": ""动画""}, {""field"": ""children_second_genre"", ""value"": ""科普""}]}, ""retext"": ""推荐几部恐龙科普动画""}",推荐几部恐龙科普动画,llm_onecall,14922.6,OK,
342,少儿,第4轮,讲太空的有没有,vod_fuzzy_search,"{""retext"": ""有没有讲太空的""}",有没有讲太空的,llm_onecall,16129.8,OK,
342,少儿,第5轮,多季的,educ_search,"{""query"": {""and"": [{""field"": ""children_third_genre"", ""value"": ""恐龙""}, {""field"": ""content_type"", ""value"": ""动画""}, {""field"": ""children_second_genre"", ""value"": ""科普""}]}, ""retext"": ""推荐多季的恐龙科普动画""}",推荐多季的恐龙科普动画,llm_onecall,33219.5,OK,
343,少儿,第1轮,我想看启蒙数学的动画片,educ_search,"{""query"": {""and"": [{""field"": ""children_second_genre"", ""value"": ""数学""}, {""field"": ""training_objectives"", ""value"": ""启蒙""}, {""field"": ""content_type"", ""value"": ""动画""}]}, ""retext"": ""我想看启蒙数学的动画片""}",我想看启蒙数学的动画片,llm_onecall,37354.2,OK,
343,少儿,第2轮,适合4岁的,educ_search,"{""query"": {""and"": [{""field"": ""title"", ""value"": ""启蒙数学""}, {""field"": ""age_range"", ""from"": ""4"", ""to"": ""4""}, {""field"": ""content_type"", ""value"": ""动画""}]}, ""retext"": ""我想看适合4岁的启蒙数学动画片""}",我想看适合4岁的启蒙数学动画片,llm_onecall,17308.3,OK,
343,少儿,第3轮,适合四岁宝宝,educ_search,"{""query"": {""and"": [{""field"": ""title"", ""value"": ""启蒙数学""}, {""field"": ""age_range"", ""from"": ""4"", ""to"": ""4""}, {""field"": ""content_type"", ""value"": ""动画""}]}, ""retext"": ""我想看适合4岁的启蒙数学动画片""}",我想看适合4岁的启蒙数学动画片,llm_onecall,16687.6,OK,
343,少儿,第4轮,生动的,educ_search,"{""query"": {""and"": [{""field"": ""title"", ""value"": ""启蒙数学""}, {""field"": ""age_range"", ""from"": ""4"", ""to"": ""4""}, {""field"": ""content_type"", ""value"": ""动画""}]}, ""retext"": ""我想看生动的适合4岁的启蒙数学动画片""}",我想看生动的适合4岁的启蒙数学动画片,llm_onecall,17910.6,OK,
343,少儿,第5轮,四岁的,educ_search,"{""query"": {""and"": [{""field"": ""title"", ""value"": ""启蒙数学""}, {""field"": ""age_range"", ""from"": ""4"", ""to"": ""4""}, {""field"": ""content_type"", ""value"": ""动画""}]}, ""retext"": ""我想看生动的适合4岁的启蒙数学动画片""}",我想看生动的适合4岁的启蒙数学动画片,llm_onecall,16860.4,OK,
344,少儿,第1轮,推荐几部两岁宝宝看的动画,educ_search,"{""query"": {""and"": [{""field"": ""age_range"", ""from"": ""2"", ""to"": ""2""}, {""field"": ""content_type"", ""value"": ""动画""}]}, ""retext"": ""推荐几部两岁宝宝看的动画""}",推荐几部两岁宝宝看的动画,llm_onecall,15547.8,OK,
344,少儿,第2轮,不用花钱的有吗,educ_search,"{""query"": {""and"": [{""field"": ""age_range"", ""from"": ""2"", ""to"": ""2""}, {""field"": ""content_type"", ""value"": ""动画""}, {""field"": ""is_fee"", ""value"": ""0""}]}, ""retext"": ""推荐几部两岁宝宝看的动画；不用花钱的有吗""}",推荐几部两岁宝宝看的动画；不用花钱的有吗,llm_onecall,20533.4,OK,
344,少儿,第3轮,画面舒缓的,educ_search,"{""query"": {""and"": [{""field"": ""age_range"", ""from"": ""2"", ""to"": ""2""}, {""field"": ""content_type"", ""value"": ""动画""}, {""field"": ""is_fee"", ""value"": ""0""}, {""field"": ""features"", ""value"": ""画面舒缓""}]}, ""retext"": ""推荐几部两岁宝宝看的动画；不用花钱的有吗；画面舒缓的""}",推荐几部两岁宝宝看的动画；不用花钱的有吗；画面舒缓的,llm_onecall,15532.2,OK,
344,少儿,第4轮,温和的,educ_fuzzy_search,"{""retext"": ""推荐几部两岁宝宝看的动画；不用花钱的有吗；画面舒缓的；温和的""}",推荐几部两岁宝宝看的动画；不用花钱的有吗；画面舒缓的；温和的,llm_onecall,17925.3,OK,
344,少儿,第5轮,每集五分钟,educ_search,"{""query"": {""and"": [{""field"": ""age_range"", ""from"": ""2"", ""to"": ""2""}, {""field"": ""content_type"", ""value"": ""动画""}, {""field"": ""is_fee"", ""value"": ""0""}, {""field"": ""voice_start_pos"", ""value"": ""300""}]}, ""retext"": ""推荐几部两岁宝宝看的动画；不用花钱的有吗；画面舒缓的；温和的；每集五分钟""}",推荐几部两岁宝宝看的动画；不用花钱的有吗；画面舒缓的；温和的；每集五分钟,llm_onecall,19080.4,OK,
345,少儿,第1轮,有啥好看的3岁小孩听的儿歌,educ_search,"{""query"": {""and"": [{""field"": ""content_type"", ""value"": ""儿歌""}, {""field"": ""age_range"", ""from"": ""3"", ""to"": ""3""}]}, ""retext"": ""有啥好看的3岁小孩听的儿歌""}",有啥好看的3岁小孩听的儿歌,llm_onecall,21448.3,OK,
345,少儿,第2轮,能跟着唱的,educ_search,"{""query"": {""and"": [{""field"": ""content_type"", ""value"": ""儿歌""}, {""field"": ""age_range"", ""from"": ""3"", ""to"": ""3""}]}, ""retext"": ""能跟着唱的3岁小孩听的儿歌""}",能跟着唱的3岁小孩听的儿歌,llm_onecall,19288.2,OK,
345,少儿,第3轮,可以跟唱的,educ_search,"{""query"": {""and"": [{""field"": ""content_type"", ""value"": ""儿歌""}, {""field"": ""age_range"", ""from"": ""3"", ""to"": ""3""}]}, ""retext"": ""能跟着唱的3岁小孩听的儿歌""}",能跟着唱的3岁小孩听的儿歌,llm_onecall,18996.4,OK,
345,少儿,第4轮,不收费的有吗,educ_search,"{""query"": {""and"": [{""field"": ""content_type"", ""value"": ""儿歌""}, {""field"": ""age_range"", ""from"": ""3"", ""to"": ""3""}, {""field"": ""is_fee"", ""value"": ""0""}]}, ""retext"": ""能跟着唱的3岁小孩听的儿歌不收费的有吗""}",能跟着唱的3岁小孩听的儿歌不收费的有吗,llm_onecall,18282.5,OK,
345,少儿,第5轮,去年的有吗,educ_search_all,"{""query"": {""and"": [{""field"": ""release_time"", ""from"": ""20260101"", ""to"": ""20261231""}, {""field"": ""age_range"", ""from"": ""3"", ""to"": ""3""}, {""field"": ""content_type"", ""value"": ""儿歌""}, {""field"": ""is_fee"", ""value"": ""0""}]}, ""retext"": ""去年的能跟着唱的3岁小孩听的儿歌不收费的有吗""}",去年的能跟着唱的3岁小孩听的儿歌不收费的有吗,llm_onecall,20480.4,OK,
346,少儿,第1轮,放几部恐龙科普动画,educ_search,"{""query"": {""and"": [{""field"": ""content_type"", ""value"": ""动画""}, {""field"": ""children_third_genre"", ""value"": ""恐龙""}, {""field"": ""children_second_genre"", ""value"": ""科普""}]}, ""retext"": ""放几部恐龙科普动画""}",放几部恐龙科普动画,llm_onecall,20981.9,OK,
346,少儿,第2轮,多季的,educ_search,"{""query"": {""and"": [{""field"": ""content_type"", ""value"": ""动画""}, {""field"": ""children_third_genre"", ""value"": ""恐龙""}, {""field"": ""children_second_genre"", ""value"": ""科普""}]}, ""retext"": ""播放多季的恐龙科普动画""}",播放多季的恐龙科普动画,llm_onecall,20732.9,OK,
346,少儿,第3轮,来点别的类型,educ_fuzzy_search,"{""retext"": ""来点别的类型""}",来点别的类型,llm_onecall,12311.3,OK,
346,少儿,第4轮,适合8岁男孩的,educ_search,"{""query"": {""and"": [{""field"": ""age_range"", ""from"": ""8"", ""to"": ""8""}, {""field"": ""gender"", ""value"": ""男""}]}, ""retext"": ""适合8岁男孩""}",适合8岁男孩,llm_onecall,19332.3,OK,
346,少儿,第5轮,换个类型的,educ_fuzzy_search,"{""retext"": ""换个类型的""}",换个类型的,llm_onecall,16681.1,OK,
347,少儿,第1轮,教小孩安全知识的动画有哪些,fan_knowledge_agent,"{""messages"": [{""content"": ""教小孩安全知识的动画有哪些"", ""role"": ""user""}], ""riskRespStrategy"": ""all_replace"", ""sceneTypeIntentList"": [{""sceneType"": ""child""}]}",教小孩安全知识的动画有哪些,general_rule,19140.7,OK,
347,少儿,第2轮,3-6岁的,educ_search,"{""query"": {""and"": [{""field"": ""title"", ""value"": ""安全知识""}, {""field"": ""content_type"", ""value"": ""动画""}, {""field"": ""age_range"", ""from"": ""3"", ""to"": ""6""}]}, ""retext"": ""教3-6岁小孩安全知识的动画""}",教3-6岁小孩安全知识的动画,llm_onecall,17835.7,OK,
347,少儿,第3轮,适合3到6岁的,educ_search,"{""query"": {""and"": [{""field"": ""title"", ""value"": ""安全知识""}, {""field"": ""content_type"", ""value"": ""动画""}, {""field"": ""age_range"", ""from"": ""3"", ""to"": ""6""}]}, ""retext"": ""适合3到6岁小孩安全知识的动画""}",适合3到6岁小孩安全知识的动画,llm_onecall,18221.4,OK,
347,少儿,第4轮,要讲交通安全的,educ_search,"{""query"": {""and"": [{""field"": ""title"", ""value"": ""交通安全""}, {""field"": ""content_type"", ""value"": ""动画""}, {""field"": ""age_range"", ""from"": ""3"", ""to"": ""6""}]}, ""retext"": ""适合3到6岁小孩交通安全的动画""}",适合3到6岁小孩交通安全的动画,llm_onecall,18140.8,OK,
347,少儿,第5轮,要交通规则的,educ_search,"{""query"": {""and"": [{""field"": ""title"", ""value"": ""交通安全""}, {""field"": ""content_type"", ""value"": ""动画""}, {""field"": ""age_range"", ""from"": ""3"", ""to"": ""6""}]}, ""retext"": ""适合3到6岁小孩交通安全的动画""}",适合3到6岁小孩交通安全的动画,llm_onecall,17598.5,OK,
348,少儿,第1轮,最近想看儿童科普节目,educ_search,"{""query"": {""field"": ""children_second_genre"", ""value"": ""科普""}, ""retext"": ""最近想看儿童科普节目""}",最近想看儿童科普节目,llm_onecall,18126.4,OK,
348,少儿,第2轮,太空那种,educ_search,"{""query"": {""and"": [{""field"": ""title"", ""value"": ""太空""}, {""field"": ""children_second_genre"", ""value"": ""科普""}]}, ""retext"": ""想看太空儿童科普节目""}",想看太空儿童科普节目,llm_onecall,16340.2,OK,
348,少儿,第3轮,要1080P的,educ_search,"{""query"": {""and"": [{""field"": ""children_second_genre"", ""value"": ""科普""}, {""field"": ""title"", ""value"": ""太空""}]}, ""retext"": ""想看1080P的太空儿童科普节目""}",想看1080P的太空儿童科普节目,llm_onecall,17018.0,OK,
348,少儿,第4轮,不收费的有吗,educ_search,"{""query"": {""and"": [{""field"": ""title"", ""value"": ""太空""}, {""field"": ""children_second_genre"", ""value"": ""科普""}, {""field"": ""is_fee"", ""value"": ""0""}]}, ""retext"": ""不收费的1080P太空儿童科普节目""}",不收费的1080P太空儿童科普节目,llm_onecall,18062.1,OK,
348,少儿,第5轮,要免费的有没有,educ_search,"{""query"": {""field"": ""is_fee"", ""value"": ""0""}, ""retext"": ""要免费的有没有""}",要免费的有没有,llm_onecall,15770.3,OK,
349,少儿,第1轮,来几部找儿童益智游戏视频,educ_search,"{""query"": {""and"": [{""field"": ""children_third_genre"", ""value"": ""益智""}, {""field"": ""children_third_genre"", ""value"": ""游戏""}]}, ""retext"": ""来几部找儿童益智游戏视频""}",来几部找儿童益智游戏视频,llm_onecall,18517.7,OK,
349,少儿,第2轮,适合学龄前的,educ_search,"{""query"": {""and"": [{""field"": ""children_third_genre"", ""value"": ""益智""}, {""field"": ""content_type"", ""value"": ""游戏""}]}, ""retext"": ""适合学龄前的儿童益智游戏视频""}",适合学龄前的儿童益智游戏视频,llm_onecall,14715.0,OK,
349,少儿,第3轮,国产的有没有,educ_search_all,"{""query"": {""and"": [{""field"": ""country"", ""value"": ""中国""}, {""field"": ""children_third_genre"", ""value"": ""益智""}]}, ""retext"": ""适合学龄前的儿童益智游戏视频；国产的有没有""}",适合学龄前的儿童益智游戏视频；国产的有没有,llm_onecall,18311.2,OK,
349,少儿,第4轮,纯净水的那种,educ_search_all,"{""query"": {""and"": [{""field"": ""country"", ""value"": ""中国""}, {""field"": ""children_third_genre"", ""value"": ""益智""}, {""field"": ""children_second_genre"", ""value"": ""游戏""}]}, ""retext"": ""搜索适合学龄前儿童的国产益智游戏视频""}",搜索适合学龄前儿童的国产益智游戏视频,llm_onecall,20307.4,OK,
349,少儿,第5轮,不用付费的有吗,educ_search_all,"{""query"": {""and"": [{""field"": ""country"", ""value"": ""中国""}, {""field"": ""children_third_genre"", ""value"": ""益智""}, {""field"": ""age_range"", ""from"": ""0"", ""to"": ""6""}]}, ""retext"": ""搜索适合学龄前儿童的国产益智游戏视频""}",搜索适合学龄前儿童的国产益智游戏视频,llm_onecall,18459.8,OK,
35,影视,第1轮,放免费的电视剧,vod_search,"{""action"": ""play"", ""query"": {""and"": [{""field"": ""category"", ""value"": ""电视剧""}, {""field"": ""is_fee"", ""value"": ""0""}]}, ""retext"": ""放免费的电视剧""}",放免费的电视剧,llm_onecall,15256.2,OK,
35,影视,第2轮,播放量高点的,vod_search,"{""action"": ""play"", ""query"": {""and"": [{""field"": ""category"", ""value"": ""电视剧""}, {""field"": ""is_fee"", ""value"": ""0""}]}, ""retext"": ""播放免费的电视剧""}",播放免费的电视剧,llm_onecall,17534.3,OK,
35,影视,第3轮,咱们自己拍的有吗,vod_search_all,"{""action"": ""play"", ""query"": {""and"": [{""field"": ""area"", ""value"": ""国产""}, {""field"": ""category"", ""value"": ""电视剧""}]}, ""retext"": ""播放国产电视剧""}",播放国产电视剧,llm_onecall,16626.4,OK,
35,影视,第4轮,不要会员的,vod_search,"{""action"": ""play"", ""query"": {""and"": [{""field"": ""category"", ""value"": ""电视剧""}, {""field"": ""is_fee"", ""value"": ""0""}]}, ""retext"": ""播放不要会员的电视剧""}",播放不要会员的电视剧,llm_onecall,18656.3,OK,
35,影视,第5轮,人气高点的,vod_search,"{""action"": ""play"", ""query"": {""field"": ""category"", ""value"": ""电视剧""}, ""retext"": ""播放人气高的电视剧"", ""sort"": {""hot"": {""order"": ""desc""}}}",播放人气高的电视剧,llm_onecall,15115.2,OK,
350,少儿,第1轮,来一部两岁宝宝看的动画,educ_search,"{""query"": {""and"": [{""field"": ""age_range"", ""from"": ""2"", ""to"": ""2""}, {""field"": ""content_type"", ""value"": ""动画""}]}, ""retext"": ""来一部两岁宝宝看的动画""}",来一部两岁宝宝看的动画,llm_onecall,17826.2,OK,
350,少儿,第2轮,没有暴力画面,educ_fuzzy_search,"{""retext"": ""《小猪一家亲》没有暴力画面""}",《小猪一家亲》没有暴力画面,llm_onecall,12954.8,OK,
350,少儿,第3轮,单集五分钟的,educ_search,"{""query"": {""and"": [{""field"": ""title"", ""value"": ""小猪一家亲""}, {""field"": ""voice_start_pos"", ""value"": ""300""}]}, ""retext"": ""《小猪一家亲》单集五分钟""}",《小猪一家亲》单集五分钟,llm_onecall,17925.2,OK,
350,少儿,第4轮,画面舒缓的,educ_fuzzy_search,"{""retext"": ""画面舒缓的""}",画面舒缓的,llm_onecall,17512.1,OK,
350,少儿,第5轮,不用花钱的有吗,educ_search,"{""query"": {""field"": ""is_fee"", ""value"": ""0""}, ""retext"": ""不用花钱的有吗""}",不用花钱的有吗,llm_onecall,14831.5,OK,
351,少儿,第1轮,放几部3岁小孩听的儿歌,educ_search,"{""query"": {""and"": [{""field"": ""age_range"", ""from"": ""3"", ""to"": ""3""}, {""field"": ""content_type"", ""value"": ""儿歌""}]}, ""retext"": ""放几部3岁小孩听的儿歌""}",放几部3岁小孩听的儿歌,llm_onecall,17543.1,OK,
351,少儿,第2轮,五到六岁的,educ_search,"{""query"": {""and"": [{""field"": ""age_range"", ""from"": ""5"", ""to"": ""6""}, {""field"": ""content_type"", ""value"": ""儿歌""}]}, ""retext"": ""放几部五到六岁小孩听的儿歌""}",放几部五到六岁小孩听的儿歌,llm_onecall,17262.0,OK,
351,少儿,第3轮,不花钱的有没有,educ_search,"{""query"": {""field"": ""is_fee"", ""value"": ""0""}, ""retext"": ""不花钱的有没有""}",不花钱的有没有,llm_onecall,17782.0,OK,
351,少儿,第4轮,能跟唱的,fan_knowledge_agent,"{""messages"": [{""content"": ""能跟唱的"", ""role"": ""user""}], ""riskRespStrategy"": ""all_replace"", ""sceneTypeIntentList"": [{""sceneType"": ""knowledge_qa""}]}",能跟唱的,llm_select,21312.9,OK,
351,少儿,第5轮,带跟唱的,fan_knowledge_agent,"{""messages"": [{""content"": ""能跟唱的"", ""role"": ""user""}], ""riskRespStrategy"": ""all_replace"", ""sceneTypeIntentList"": [{""sceneType"": ""knowledge_qa""}]}",能跟唱的,llm_select,17528.6,OK,
352,少儿,第1轮,有啥好看的恐龙科普动画,educ_search,"{""query"": {""and"": [{""field"": ""children_third_genre"", ""value"": ""恐龙""}, {""field"": ""content_type"", ""value"": ""动画""}, {""field"": ""children_second_genre"", ""value"": ""科普""}]}, ""retext"": ""有啥好看的恐龙科普动画""}",有啥好看的恐龙科普动画,llm_onecall,32334.4,OK,
352,少儿,第2轮,一季以上,educ_search,"{""query"": {""and"": [{""field"": ""series"", ""value"": ""1""}, {""field"": ""children_third_genre"", ""value"": ""恐龙""}, {""field"": ""children_second_genre"", ""value"": ""科普""}, {""field"": ""content_type"", ""value"": ""动画""}]}, ""retext"": ""一季以上的恐龙科普动画""}",一季以上的恐龙科普动画,llm_onecall,17370.3,OK,
352,少儿,第3轮,换一种的,educ_search,"{""query"": {""and"": [{""field"": ""series"", ""value"": ""1""}, {""field"": ""children_third_genre"", ""value"": ""恐龙""}, {""field"": ""children_second_genre"", ""value"": ""科普""}, {""field"": ""content_type"", ""value"": ""动画""}]}, ""retext"": ""一季以上的恐龙科普动画""}",一季以上的恐龙科普动画,llm_onecall,17105.9,OK,
352,少儿,第4轮,适合8岁男孩的,educ_search,"{""query"": {""and"": [{""field"": ""title"", ""value"": ""恐龙""}, {""field"": ""content_type"", ""value"": ""动画""}, {""field"": ""children_second_genre"", ""value"": ""科普""}, {""field"": ""age_range"", ""from"": ""8"", ""to"": ""8""}, {""field"": ""gender"", ""value"": ""男""}]}, ""retext"": ""适合8岁男孩的恐龙科普动画""}",适合8岁男孩的恐龙科普动画,llm_onecall,15977.1,OK,
352,少儿,第5轮,来点别的类型,educ_fuzzy_search,"{""retext"": ""来点别的类型""}",来点别的类型,llm_onecall,12759.1,OK,
353,少儿,第1轮,来点给孩子听睡前故事,audio_search,"{""action"": ""play"", ""query"": ""来点给孩子听睡前故事""}",来点给孩子听睡前故事,general_rule,14161.3,OK,
353,少儿,第2轮,换一个故事,educ_fuzzy_search,"{""retext"": ""换一个睡前故事""}",换一个睡前故事,llm_onecall,14229.5,OK,
353,少儿,第3轮,男的读的,fan_knowledge_agent,"{""messages"": [{""content"": ""《米小圈睡前故事|好听的故事都在这》男的读的"", ""role"": ""user""}], ""riskRespStrategy"": ""all_replace"", ""sceneTypeIntentList"": [{""sceneType"": ""knowledge_qa""}]}",《米小圈睡前故事|好听的故事都在这》男的读的,llm_select,19665.8,OK,
353,少儿,第4轮,换个故事吧,educ_fuzzy_search,"{""retext"": ""换一个睡前故事""}",换一个睡前故事,llm_onecall,15071.0,OK,
353,少儿,第5轮,中国民间故事的,audio_search,"{""action"": ""search"", ""query"": ""中国民间故事""}",中国民间故事,general_rule,14389.9,OK,
354,少儿,第1轮,最近想看幼儿识字动画,educ_search,"{""query"": {""and"": [{""field"": ""training_objectives"", ""value"": ""识字""}, {""field"": ""content_type"", ""value"": ""动画""}]}, ""retext"": ""最近想看幼儿识字动画""}",最近想看幼儿识字动画,llm_onecall,33836.0,OK,
354,少儿,第2轮,一次认一两个,educ_search,"{""action"": ""search"", ""query"": {""field"": ""training_objectives"", ""value"": ""认知启蒙""}, ""retext"": ""一次认一两个""}",一次认一两个,llm_onecall,17177.8,OK,
354,少儿,第3轮,要钱吗,fan_knowledge_agent,"{""messages"": [{""content"": ""《智象识字学前版》要钱吗"", ""role"": ""user""}], ""riskRespStrategy"": ""all_replace"", ""sceneTypeIntentList"": [{""sceneType"": ""knowledge_qa""}]}",《智象识字学前版》要钱吗,general_rule,21292.0,OK,
354,少儿,第4轮,先学常用字的,edu_fuzzy_search,"{""retext"": ""先学常用字的""}",先学常用字的,llm_onecall,13659.5,OK,
354,少儿,第5轮,每集认一两个字的,educ_fuzzy_search,"{""retext"": ""每集认一两个字的""}",每集认一两个字的,llm_onecall,12801.0,OK,
355,少儿,第1轮,放两岁宝宝看的动画,educ_search,"{""query"": {""and"": [{""field"": ""age_range"", ""from"": ""2"", ""to"": ""2""}, {""field"": ""content_type"", ""value"": ""动画""}]}, ""retext"": ""放两岁宝宝看的动画""}",放两岁宝宝看的动画,llm_onecall,13520.4,OK,
355,少儿,第2轮,画面慢一点的,educ_search,"{""query"": {""field"": ""title"", ""value"": ""小猪一家亲""}, ""retext"": ""《小猪一家亲》""}",《小猪一家亲》,llm_onecall,18272.5,OK,
355,少儿,第3轮,慢节奏的,vod_fuzzy_search,"{""retext"": ""想看慢节奏的""}",想看慢节奏的,llm_onecall,17037.0,OK,
355,少儿,第4轮,单集5分钟内的那种,vod_search,"{""action"": ""search"", ""query"": {""field"": ""category"", ""value"": ""短视频""}, ""retext"": ""单集5分钟内的那种""}",单集5分钟内的那种,llm_onecall,14420.1,OK,
355,少儿,第5轮,没有打斗的,vod_fuzzy_search,"{""retext"": ""没有打斗的""}",没有打斗的,llm_onecall,11520.7,OK,
356,少儿,第1轮,来一部3岁小孩听的儿歌,educ_search,"{""query"": {""and"": [{""field"": ""content_type"", ""value"": ""儿歌""}, {""field"": ""age_range"", ""from"": ""3"", ""to"": ""3""}]}, ""retext"": ""来一部3岁小孩听的儿歌""}",来一部3岁小孩听的儿歌,llm_onecall,18354.2,OK,
356,少儿,第2轮,不收费的有吗,educ_search,"{""query"": {""and"": [{""field"": ""content_type"", ""value"": ""儿歌""}, {""field"": ""age_range"", ""from"": ""3"", ""to"": ""3""}, {""field"": ""is_fee"", ""value"": ""0""}]}, ""retext"": ""不收费的3岁小孩听的儿歌""}",不收费的3岁小孩听的儿歌,llm_onecall,17431.7,OK,
356,少儿,第3轮,要去年那种,educ_history,"{""time"": ""20260101000000 TO 20261231235959""}",去年那种,llm_onecall,17160.1,OK,
356,少儿,第4轮,5-6岁的,educ_search,"{""query"": {""and"": [{""field"": ""content_type"", ""value"": ""儿歌""}, {""field"": ""age_range"", ""from"": ""5"", ""to"": ""6""}]}, ""retext"": ""5-6岁小孩听的儿歌""}",5-6岁小孩听的儿歌,llm_onecall,16460.2,OK,
356,少儿,第5轮,免费的,educ_search,"{""query"": {""field"": ""is_fee"", ""value"": ""0""}, ""retext"": ""免费的""}",免费的,llm_onecall,13439.3,OK,
357,少儿,第1轮,有没有好看的恐龙科普动画,educ_search,"{""query"": {""and"": [{""field"": ""content_type"", ""value"": ""动画""}, {""field"": ""children_third_genre"", ""value"": ""恐龙""}, {""field"": ""children_second_genre"", ""value"": ""科普""}]}, ""retext"": ""有没有好看的恐龙科普动画""}",有没有好看的恐龙科普动画,llm_onecall,31506.2,OK,
357,少儿,第2轮,一季以上,educ_search,"{""query"": {""and"": [{""field"": ""content_type"", ""value"": ""动画""}, {""field"": ""children_third_genre"", ""value"": ""恐龙""}, {""field"": ""children_second_genre"", ""value"": ""科普""}, {""field"": ""series"", ""value"": ""1""}]}, ""retext"": ""一季以上的恐龙科普动画""}",一季以上的恐龙科普动画,llm_onecall,19898.0,OK,
357,少儿,第3轮,来点别的类型的那种,educ_search,"{""query"": {""and"": [{""field"": ""series"", ""value"": ""1""}, {""field"": ""children_third_genre"", ""value"": ""恐龙""}, {""field"": ""children_second_genre"", ""value"": ""科普""}, {""field"": ""content_type"", ""value"": ""动画""}]}, ""retext"": ""一季以上的恐龙科普动画""}",一季以上的恐龙科普动画,llm_onecall,16058.7,OK,
357,少儿,第4轮,换个类型的,educ_fuzzy_search,"{""retext"": ""换个类型的""}",换个类型的,llm_onecall,13853.3,OK,
357,少儿,第5轮,适合八岁孩子的,educ_search,"{""query"": {""field"": ""age_range"", ""from"": ""8"", ""to"": ""8""}, ""retext"": ""适合八岁孩子的""}",适合八岁孩子的,llm_onecall,13685.2,OK,
358,少儿,第1轮,来一部教小孩安全知识的动画,educ_search,"{""query"": {""and"": [{""field"": ""children_third_genre"", ""value"": ""安全知识""}, {""field"": ""content_type"", ""value"": ""动画""}]}, ""retext"": ""来一部教小孩安全知识的动画""}",来一部教小孩安全知识的动画,llm_onecall,15503.8,OK,
358,少儿,第2轮,有字幕的吗,educ_search,"{""query"": {""and"": [{""or"": [{""field"": ""children_third_genre"", ""value"": ""安全知识""}, {""field"": ""training_objectives"", ""value"": ""安全知识""}]}, {""field"": ""content_type"", ""value"": ""动画""}]}, ""retext"": ""有字幕的教小孩安全知识的动画""}",有字幕的教小孩安全知识的动画,llm_onecall,33122.8,OK,
358,少儿,第3轮,是国产的吗,educ_search_all,"{""query"": {""and"": [{""field"": ""title"", ""value"": ""安全知识""}, {""field"": ""country"", ""value"": ""中国""}, {""field"": ""content_type"", ""value"": ""动画""}]}, ""retext"": ""有字幕的教小孩安全知识的动画是国产的吗""}",有字幕的教小孩安全知识的动画是国产的吗,llm_onecall,29841.1,OK,
358,少儿,第4轮,交通安全那种,educ_search,"{""query"": {""and"": [{""field"": ""children_third_genre"", ""value"": ""交通安全""}, {""field"": ""content_type"", ""value"": ""动画""}]}, ""retext"": ""教小孩交通安全知识的动画""}",教小孩交通安全知识的动画,llm_onecall,25037.9,OK,
358,少儿,第5轮,三到六岁的,educ_search,"{""query"": {""field"": ""age_range"", ""from"": ""3"", ""to"": ""6""}, ""retext"": ""三到六岁的""}",三到六岁的,llm_onecall,12054.7,OK,
359,少儿,第1轮,我想看小男孩的动画片,educ_search,"{""query"": {""and"": [{""field"": ""gender"", ""value"": ""男""}, {""field"": ""content_type"", ""value"": ""动画""}]}, ""retext"": ""我想看小男孩的动画片""}",我想看小男孩的动画片,llm_onecall,33629.6,OK,
359,少儿,第2轮,一季以上的有没有,music_song_search,"{""album"": [""幼儿教育儿童歌曲系列之五""], ""retext"": ""《幼儿教育儿童歌曲系列之五》一季以上的有没有"", ""tag"": [""一季以上""]}",《幼儿教育儿童歌曲系列之五》一季以上的有没有,llm_onecall,17690.5,OK,
359,少儿,第3轮,奶龙这种类型的,educ_search,"{""query"": {""field"": ""title"", ""value"": ""奶龙""}, ""retext"": ""想看奶龙""}",想看奶龙,llm_onecall,14243.8,OK,
359,少儿,第4轮,国产的有没有的那种,educ_search,"{""query"": {""field"": ""title"", ""value"": ""奶龙""}, ""retext"": ""想看奶龙""}",想看奶龙,llm_onecall,14663.3,OK,
359,少儿,第5轮,不暴力的,educ_search,"{""query"": {""and"": [{""field"": ""title"", ""value"": ""奶龙""}, {""not"": {""field"": ""children_third_genre"", ""value"": ""暴力""}}]}, ""retext"": ""想看奶龙不暴力的""}",想看奶龙不暴力的,llm_onecall,13900.0,OK,
36,影视,第1轮,放几部好看的综艺,vod_search,"{""action"": ""play"", ""query"": {""field"": ""category"", ""value"": ""综艺""}, ""retext"": ""放几部好看的综艺"", ""sort"": {""hot"": {""order"": ""desc""}}}",放几部好看的综艺,llm_onecall,16263.1,OK,
36,影视,第2轮,高清的有吗,vod_search,"{""action"": ""play"", ""query"": {""field"": ""category"", ""value"": ""综艺""}, ""retext"": ""放高清好看的综艺"", ""sort"": {""hot"": {""order"": ""desc""}}}",放高清好看的综艺,llm_onecall,17399.1,OK,
36,影视,第3轮,好看的,vod_search,"{""action"": ""play"", ""query"": {""field"": ""category"", ""value"": ""综艺""}, ""retext"": ""放高清好看的综艺"", ""sort"": {""hot"": {""order"": ""desc""}}}",放高清好看的综艺,llm_onecall,17628.7,OK,
36,影视,第4轮,是国产的吗,vod_search,"{""action"": ""search"", ""query"": {""and"": [{""field"": ""category"", ""value"": ""综艺""}, {""field"": ""definition"", ""value"": ""is_4k""}]}, ""retext"": ""搜索高清好看的综艺"", ""sort"": {""hot"": {""order"": ""desc""}}}",搜索高清好看的综艺,llm_onecall,32042.5,OK,
36,影视,第5轮,评分高的,vod_search,"{""action"": ""search"", ""query"": {""and"": [{""field"": ""title"", ""value"": ""奔跑吧""}, {""field"": ""category"", ""value"": ""综艺""}]}, ""retext"": ""《奔跑吧》评分高的"", ""sort"": {""rate"": {""order"": ""desc""}}}",《奔跑吧》评分高的,llm_onecall,14641.8,OK,
360,少儿,第1轮,最近想看给孩子听睡前故事,audio_search,"{""action"": ""play"", ""query"": ""最近想看给孩子听睡前故事""}",最近想看给孩子听睡前故事,general_rule,17849.7,OK,
360,少儿,第2轮,不用付费的有没有,audio_search,"{""action"": ""search"", ""query"": ""不用付费的《米小圈睡前故事|好听的故事都在这》有没有""}",不用付费的《米小圈睡前故事|好听的故事都在这》有没有,general_rule,18109.2,OK,
360,少儿,第3轮,十分钟左右的,fan_knowledge_agent,"{""messages"": [{""content"": ""《米小圈睡前故事|好听的故事都在这》十分钟左右的"", ""role"": ""user""}], ""riskRespStrategy"": ""all_replace"", ""sceneTypeIntentList"": [{""sceneType"": ""knowledge_qa""}]}",《米小圈睡前故事|好听的故事都在这》十分钟左右的,llm_select,22039.4,OK,
360,少儿,第4轮,换一篇,fan_knowledge_agent,"{""messages"": [{""content"": ""换一篇"", ""role"": ""user""}], ""riskRespStrategy"": ""all_replace"", ""sceneTypeIntentList"": [{""sceneType"": ""knowledge_qa""}]}",换一篇,llm_select,16242.8,OK,
360,少儿,第5轮,中国传统故事,audio_search,"{""action"": ""search"", ""query"": ""中国传统故事""}",中国传统故事,general_rule,13664.4,OK,
361,少儿,第1轮,看看启蒙数学的动画片,educ_search,"{""query"": {""and"": [{""field"": ""title"", ""value"": ""启蒙""}, {""field"": ""children_second_genre"", ""value"": ""数学""}, {""field"": ""content_type"", ""value"": ""动画""}]}, ""retext"": ""看看启蒙数学的动画片""}",看看启蒙数学的动画片,llm_onecall,36429.3,OK,
361,少儿,第2轮,一季以上的有吗,educ_search,"{""query"": {""and"": [{""field"": ""training_objectives"", ""value"": ""数学启蒙""}, {""field"": ""content_type"", ""value"": ""动画""}, {""field"": ""series"", ""value"": ""1""}]}, ""retext"": ""看看启蒙数学的动画片中一季以上的有吗""}",看看启蒙数学的动画片中一季以上的有吗,llm_onecall,16203.0,OK,
361,少儿,第3轮,4岁能看的,educ_search,"{""query"": {""and"": [{""field"": ""title"", ""value"": ""启蒙数学""}, {""field"": ""content_type"", ""value"": ""动画""}, {""field"": ""series"", ""value"": ""1""}, {""field"": ""age_range"", ""from"": ""4"", ""to"": ""4""}]}, ""retext"": ""看看启蒙数学的动画片中一季以上的有吗；4岁能看的""}",看看启蒙数学的动画片中一季以上的有吗；4岁能看的,llm_onecall,15177.7,OK,
361,少儿,第4轮,要颜色鲜艳的,educ_search,"{""query"": {""and"": [{""field"": ""title"", ""value"": ""启蒙数学""}, {""field"": ""content_type"", ""value"": ""动画""}, {""field"": ""age_range"", ""from"": ""4"", ""to"": ""4""}, {""field"": ""series"", ""value"": ""1""}]}, ""retext"": ""看看启蒙数学的动画片中一季以上的有吗；4岁能看的；要颜色鲜艳的""}",看看启蒙数学的动画片中一季以上的有吗；4岁能看的；要颜色鲜艳的,llm_onecall,15026.5,OK,
361,少儿,第5轮,数数算术的,educ_fuzzy_search,"{""retext"": ""看看数数算术的""}",看看数数算术的,llm_onecall,13449.8,OK,
362,少儿,第1轮,找点儿童科普节目,educ_search,"{""query"": {""field"": ""children_second_genre"", ""value"": ""科普""}, ""retext"": ""找点儿童科普节目""}",找点儿童科普节目,llm_onecall,17583.5,OK,
362,少儿,第2轮,1080P的,educ_search,"{""query"": {""field"": ""children_second_genre"", ""value"": ""科普""}, ""retext"": ""找1080P的儿童科普节目""}",找1080P的儿童科普节目,llm_onecall,16817.1,OK,
362,少儿,第3轮,要1080P的,educ_search,"{""query"": {""field"": ""children_second_genre"", ""value"": ""科普""}, ""retext"": ""找1080P的儿童科普节目""}",找1080P的儿童科普节目,llm_onecall,16686.4,OK,
362,少儿,第4轮,免费的,educ_search,"{""query"": {""and"": [{""field"": ""children_second_genre"", ""value"": ""科普""}, {""field"": ""is_fee"", ""value"": ""0""}]}, ""retext"": ""找免费的1080P儿童科普节目""}",找免费的1080P儿童科普节目,llm_onecall,14001.6,OK,
362,少儿,第5轮,1080P那种,educ_search,"{""query"": {""and"": [{""field"": ""children_second_genre"", ""value"": ""科普""}, {""field"": ""is_fee"", ""value"": ""0""}]}, ""retext"": ""找免费的1080P儿童科普节目""}",找免费的1080P儿童科普节目,llm_onecall,13543.4,OK,
363,少儿,第1轮,有啥好看的幼儿识字动画,educ_search,"{""query"": {""and"": [{""field"": ""content_type"", ""value"": ""动画""}, {""field"": ""training_objectives"", ""value"": ""识字""}]}, ""retext"": ""有啥好看的幼儿识字动画""}",有啥好看的幼儿识字动画,llm_onecall,17411.3,OK,
363,少儿,第2轮,每集一两个字,educ_search,"{""query"": {""field"": ""title"", ""value"": ""智象识字学前版""}, ""retext"": ""《智象识字学前版》""}",《智象识字学前版》,llm_onecall,18975.8,OK,
363,少儿,第3轮,要先学常用字的,educ_search,"{""query"": {""and"": [{""field"": ""title"", ""value"": ""智象识字学前版""}, {""field"": ""training_objectives"", ""value"": ""常用字""}]}, ""retext"": ""《智象识字学前版》要先学常用字的""}",《智象识字学前版》要先学常用字的,llm_onecall,17444.2,OK,
363,少儿,第4轮,常用字优先,educ_search,"{""query"": {""and"": [{""field"": ""title"", ""value"": ""智象识字学前版""}, {""field"": ""training_objectives"", ""value"": ""常用字""}]}, ""retext"": ""《智象识字学前版》要先学常用字的""}",《智象识字学前版》要先学常用字的,llm_onecall,16376.1,OK,
363,少儿,第5轮,每集认一两个字的,educ_search,"{""query"": {""and"": [{""field"": ""title"", ""value"": ""智象识字学前版""}, {""field"": ""training_objectives"", ""value"": ""识字""}]}, ""retext"": ""《智象识字学前版》每集认一两个字的""}",《智象识字学前版》每集认一两个字的,llm_onecall,15392.4,OK,
364,少儿,第1轮,有没有好看的找儿童益智游戏视频,educ_search,"{""query"": {""and"": [{""field"": ""children_third_genre"", ""value"": ""益智""}, {""field"": ""children_second_genre"", ""value"": ""游戏""}]}, ""retext"": ""有没有好看的找儿童益智游戏视频""}",有没有好看的找儿童益智游戏视频,llm_onecall,17861.4,OK,
364,少儿,第2轮,要无广告的,educ_search,"{""query"": {""and"": [{""field"": ""children_third_genre"", ""value"": ""益智""}, {""field"": ""children_third_genre"", ""value"": ""游戏""}]}, ""retext"": ""找无广告的儿童益智游戏视频""}",找无广告的儿童益智游戏视频,llm_onecall,18196.5,OK,
364,少儿,第3轮,国产的有吗,educ_search_all,"{""query"": {""and"": [{""field"": ""country"", ""value"": ""中国""}, {""field"": ""children_third_genre"", ""value"": ""益智""}, {""field"": ""children_third_genre"", ""value"": ""游戏""}]}, ""retext"": ""找国产无广告的儿童益智游戏视频""}",找国产无广告的儿童益智游戏视频,llm_onecall,16226.2,OK,
364,少儿,第4轮,拼图游戏的,educ_search_all,"{""query"": {""and"": [{""field"": ""country"", ""value"": ""中国""}, {""field"": ""children_third_genre"", ""value"": ""益智""}, {""field"": ""children_third_genre"", ""value"": ""拼图""}, {""field"": ""children_third_genre"", ""value"": ""游戏""}]}, ""retext"": ""找国产无广告的儿童益智游戏视频拼图游戏的""}",找国产无广告的儿童益智游戏视频拼图游戏的,llm_onecall,15952.9,OK,
364,少儿,第5轮,不用付费的有吗,educ_search_all,"{""query"": {""and"": [{""field"": ""country"", ""value"": ""中国""}, {""field"": ""children_third_genre"", ""value"": ""益智""}, {""field"": ""children_third_genre"", ""value"": ""拼图""}, {""field"": ""children_third_genre"", ""value"": ""游戏""}, {""field"": ""is_fee"", ""value"": ""0""}]}, ""retext"": ""找国产无广告的儿童益智游戏视频拼图游戏的不用付费的""}",找国产无广告的儿童益智游戏视频拼图游戏的不用付费的,llm_onecall,15511.3,OK,
365,少儿,第1轮,我想看两岁宝宝看的动画,educ_search,"{""query"": {""and"": [{""field"": ""age_range"", ""from"": ""2"", ""to"": ""2""}, {""field"": ""content_type"", ""value"": ""动画""}]}, ""retext"": ""我想看两岁宝宝看的动画""}",我想看两岁宝宝看的动画,llm_onecall,17059.1,OK,
365,少儿,第2轮,单集5分钟内,educ_search,"{""query"": {""and"": [{""field"": ""content_type"", ""value"": ""动画""}, {""field"": ""voice_start_pos"", ""value"": 300}]}, ""retext"": ""单集5分钟内的动画""}",单集5分钟内的动画,llm_onecall,15883.4,OK,
365,少儿,第3轮,中文的有吗,educ_search,"{""query"": {""and"": [{""field"": ""age_range"", ""from"": ""2"", ""to"": ""2""}, {""field"": ""content_type"", ""value"": ""动画""}, {""field"": ""language"", ""value"": ""中文""}]}, ""retext"": ""我想看两岁宝宝看的动画；单集5分钟内的动画；中文的有吗""}",我想看两岁宝宝看的动画；单集5分钟内的动画；中文的有吗,llm_onecall,14795.7,OK,
365,少儿,第4轮,画面舒缓的,educ_fuzzy_search,"{""retext"": ""画面舒缓的""}",画面舒缓的,llm_onecall,11576.5,OK,
365,少儿,第5轮,每集五分钟,educ_search,"{""action"": ""search"", ""query"": {""field"": ""voice_start_pos"", ""value"": ""300""}, ""retext"": ""每集五分钟""}",每集五分钟,llm_onecall,12740.4,OK,
366,少儿,第1轮,有没有好看的给孩子听睡前故事,audio_search,"{""action"": ""play"", ""query"": ""有没有好看的给孩子听睡前故事""}",有没有好看的给孩子听睡前故事,general_rule,18002.7,OK,
366,少儿,第2轮,男声朗读的,audio_search,"{""action"": ""search"", ""query"": ""《米小圈睡前故事|好听的故事都在这》男声朗读""}",《米小圈睡前故事|好听的故事都在这》男声朗读,general_rule,15322.3,OK,
366,少儿,第3轮,要十分钟的,audio_search,"{""action"": ""search"", ""query"": ""《米小圈睡前故事|好听的故事都在这》男声朗读""}",《米小圈睡前故事|好听的故事都在这》男声朗读,general_rule,15058.7,OK,
366,少儿,第4轮,民俗故事,fan_knowledge_agent,"{""messages"": [{""content"": ""《米小圈睡前故事|好听的故事都在这》民俗故事"", ""role"": ""user""}], ""riskRespStrategy"": ""all_replace"", ""sceneTypeIntentList"": [{""sceneType"": ""knowledge_qa""}]}",《米小圈睡前故事|好听的故事都在这》民俗故事,llm_select,17234.3,OK,
366,少儿,第5轮,不用付费的有没有,audio_search,"{""action"": ""search"", ""query"": ""《米小圈睡前故事|好听的故事都在这》男声朗读不用付费的有没有""}",《米小圈睡前故事|好听的故事都在这》男声朗读不用付费的有没有,general_rule,14117.1,OK,
367,少儿,第1轮,推荐些启蒙数学的动画片,educ_search,"{""query"": {""and"": [{""field"": ""children_second_genre"", ""value"": ""数学""}, {""field"": ""training_objectives"", ""value"": ""启蒙""}, {""field"": ""content_type"", ""value"": ""动画""}]}, ""retext"": ""推荐些启蒙数学的动画片""}",推荐些启蒙数学的动画片,llm_onecall,34257.2,OK,
367,少儿,第2轮,讲加减法的,educ_search,"{""query"": {""and"": [{""field"": ""training_objectives"", ""value"": ""加减法""}, {""field"": ""content_type"", ""value"": ""动画""}]}, ""retext"": ""推荐讲加减法的动画片""}",推荐讲加减法的动画片,llm_onecall,13636.7,OK,
367,少儿,第3轮,一季以上的有吗,educ_search,"{""query"": {""and"": [{""field"": ""training_objectives"", ""value"": ""加减法""}, {""field"": ""series"", ""value"": ""2""}]}, ""retext"": ""推荐讲加减法的动画片；一季以上的有吗""}",推荐讲加减法的动画片；一季以上的有吗,llm_onecall,13077.7,OK,
367,少儿,第4轮,要画面活泼的,educ_fuzzy_search,"{""retext"": ""推荐讲加减法的动画片；一季以上的有吗；要画面活泼的""}",推荐讲加减法的动画片；一季以上的有吗；要画面活泼的,llm_onecall,13208.6,OK,
367,少儿,第5轮,四岁的,educ_fuzzy_search,"{""retext"": ""推荐讲加减法的动画片；一季以上的有吗；要画面活泼的；适合四岁""}",推荐讲加减法的动画片；一季以上的有吗；要画面活泼的；适合四岁,llm_onecall,14020.5,OK,
368,少儿,第1轮,来几部幼儿识字动画,educ_search,"{""query"": {""and"": [{""field"": ""content_type"", ""value"": ""动画""}, {""field"": ""training_objectives"", ""value"": ""识字""}]}, ""retext"": ""来几部幼儿识字动画""}",来几部幼儿识字动画,llm_onecall,32476.6,OK,
368,少儿,第2轮,每集一两个字,music_song_search,"{""retext"": ""《晓鹿老师 小小音乐课》每集一两个字"", ""song"": [""晓鹿老师小小音乐课每集一两个字""]}",《晓鹿老师 小小音乐课》每集一两个字,llm_onecall,14221.0,OK,
368,少儿,第3轮,是付费的吗,music_song_search,"{""retext"": ""《晓鹿老师 小小音乐课》是付费的吗"", ""song"": [""晓鹿老师小小音乐课""]}",《晓鹿老师 小小音乐课》是付费的吗,llm_onecall,13046.7,OK,
368,少儿,第4轮,常用字优先,music_song_search,"{""album"": [""晓鹿老师小小音乐课""], ""retext"": ""《晓鹿老师 小小音乐课》常用字优先""}",《晓鹿老师 小小音乐课》常用字优先,llm_onecall,14140.3,OK,
368,少儿,第5轮,要钱吗,music_song_search,"{""retext"": ""《晓鹿老师 小小音乐课》是付费的吗"", ""song"": [""晓鹿老师小小音乐课""]}",《晓鹿老师 小小音乐课》是付费的吗,llm_onecall,12112.4,OK,
369,少儿,第1轮,想看找儿童益智游戏视频,educ_search,"{""query"": {""and"": [{""field"": ""children_third_genre"", ""value"": ""益智""}, {""field"": ""children_third_genre"", ""value"": ""游戏""}]}, ""retext"": ""想看找儿童益智游戏视频""}",想看找儿童益智游戏视频,llm_onecall,16303.6,OK,
369,少儿,第2轮,拼图类的,educ_search,"{""query"": {""and"": [{""field"": ""children_third_genre"", ""value"": ""拼图""}, {""field"": ""children_third_genre"", ""value"": ""益智""}]}, ""retext"": ""想看找儿童益智游戏视频拼图类的""}",想看找儿童益智游戏视频拼图类的,llm_onecall,15744.4,OK,
369,少儿,第3轮,纯净水的那种,educ_search,"{""query"": {""and"": [{""field"": ""children_third_genre"", ""value"": ""拼图""}, {""field"": ""children_second_genre"", ""value"": ""益智""}]}, ""retext"": ""想看找儿童益智游戏视频拼图类的""}",想看找儿童益智游戏视频拼图类的,llm_onecall,15162.8,OK,
369,少儿,第4轮,不用付费的有吗,educ_search,"{""query"": {""and"": [{""field"": ""children_third_genre"", ""value"": ""拼图""}, {""field"": ""children_third_genre"", ""value"": ""益智""}, {""field"": ""is_fee"", ""value"": ""0""}]}, ""retext"": ""想看找儿童益智游戏视频拼图类的不用付费的有吗""}",想看找儿童益智游戏视频拼图类的不用付费的有吗,llm_onecall,14810.2,OK,
369,少儿,第5轮,没广告的,educ_search,"{""query"": {""and"": [{""field"": ""children_second_genre"", ""value"": ""益智""}, {""field"": ""children_third_genre"", ""value"": ""拼图""}, {""field"": ""is_fee"", ""value"": ""0""}]}, ""retext"": ""想看找儿童益智游戏视频拼图类的不用付费的有吗没广告的""}",想看找儿童益智游戏视频拼图类的不用付费的有吗没广告的,llm_onecall,14027.2,OK,
37,影视,第1轮,推荐几部评分高的综艺,vod_search,"{""action"": ""search"", ""query"": {""field"": ""category"", ""value"": ""综艺""}, ""retext"": ""推荐几部评分高的综艺"", ""sort"": {""rate"": {""order"": ""desc""}}}",推荐几部评分高的综艺,llm_onecall,17470.1,OK,
37,影视,第2轮,人气高点的,vod_search,"{""action"": ""search"", ""query"": {""field"": ""category"", ""value"": ""综艺""}, ""retext"": ""推荐人气高的综艺"", ""sort"": {""hot"": {""order"": ""desc""}}}",推荐人气高的综艺,llm_onecall,15535.2,OK,
37,影视,第3轮,高清的有吗,vod_search,"{""action"": ""search"", ""query"": {""field"": ""category"", ""value"": ""综艺""}, ""retext"": ""推荐人气高的综艺"", ""sort"": {""hot"": {""order"": ""desc""}}}",推荐人气高的综艺,llm_onecall,35977.9,OK,
37,影视,第4轮,热门一点的,vod_search,"{""action"": ""search"", ""query"": {""field"": ""category"", ""value"": ""综艺""}, ""retext"": ""推荐热门综艺"", ""sort"": {""hot"": {""order"": ""desc""}}}",推荐热门综艺,llm_onecall,13711.0,OK,
37,影视,第5轮,口碑好点的,vod_fuzzy_search,"{""retext"": ""推荐口碑好的综艺""}",推荐口碑好的综艺,llm_onecall,13458.2,OK,
370,少儿,第1轮,有哪些两岁宝宝看的动画,fan_knowledge_agent,"{""messages"": [{""content"": ""有哪些两岁宝宝看的动画"", ""role"": ""user""}], ""riskRespStrategy"": ""all_replace"", ""sceneTypeIntentList"": [{""sceneType"": ""child""}]}",有哪些两岁宝宝看的动画,general_rule,21631.1,OK,
370,少儿,第2轮,画面慢一点的,numeric_adjust,"{""device"": """", ""location"": """", ""object"": ""倍速"", ""operation"": ""降低"", ""value"": """"}",画面慢一点的,llm_onecall,12188.7,OK,
370,少儿,第3轮,不用花钱的有吗,fan_knowledge_agent,"{""messages"": [{""content"": ""有哪些两岁宝宝看的动画；画面慢一点的；不用花钱的有吗"", ""role"": ""user""}], ""riskRespStrategy"": ""all_replace"", ""sceneTypeIntentList"": [{""sceneType"": ""child""}]}",有哪些两岁宝宝看的动画；画面慢一点的；不用花钱的有吗,general_rule,16166.3,OK,
370,少儿,第4轮,单集五分钟的,fan_knowledge_agent,"{""messages"": [{""content"": ""有哪些两岁宝宝看的动画；画面慢一点的；不用花钱的有吗；单集五分钟的"", ""role"": ""user""}], ""riskRespStrategy"": ""all_replace"", ""sceneTypeIntentList"": [{""sceneType"": ""child""}]}",有哪些两岁宝宝看的动画；画面慢一点的；不用花钱的有吗；单集五分钟的,general_rule,15797.6,OK,
370,少儿,第5轮,每集五分钟,fan_knowledge_agent,"{""messages"": [{""content"": ""有哪些两岁宝宝看的动画；画面慢一点的；不用花钱的有吗；单集五分钟的"", ""role"": ""user""}], ""riskRespStrategy"": ""all_replace"", ""sceneTypeIntentList"": [{""sceneType"": ""child""}]}",有哪些两岁宝宝看的动画；画面慢一点的；不用花钱的有吗；单集五分钟的,general_rule,15437.2,OK,
371,少儿,第1轮,有什么好看的3岁小孩听的儿歌,educ_search,"{""query"": {""and"": [{""field"": ""age_range"", ""from"": ""3"", ""to"": ""3""}, {""field"": ""content_type"", ""value"": ""儿歌""}]}, ""retext"": ""有什么好看的3岁小孩听的儿歌""}",有什么好看的3岁小孩听的儿歌,llm_onecall,16192.4,OK,
371,少儿,第2轮,可以跟唱的,educ_search,"{""query"": {""and"": [{""field"": ""age_range"", ""from"": ""3"", ""to"": ""3""}, {""field"": ""content_type"", ""value"": ""儿歌""}]}, ""retext"": ""有什么好看的3岁小孩听的可以跟唱的儿歌""}",有什么好看的3岁小孩听的可以跟唱的儿歌,llm_onecall,15928.1,OK,
371,少儿,第3轮,去年那种,educ_history,"{""time"": ""20260101 00:00:00 TO 20261231 23:59:59""}",去年那种,llm_onecall,14205.0,OK,
371,少儿,第4轮,中文配音的,educ_search,"{""query"": {""and"": [{""field"": ""age_range"", ""from"": ""3"", ""to"": ""3""}, {""field"": ""language"", ""value"": ""中文""}, {""field"": ""content_type"", ""value"": ""儿歌""}]}, ""retext"": ""有什么好看的3岁小孩听的可以跟唱的中文配音的儿歌""}",有什么好看的3岁小孩听的可以跟唱的中文配音的儿歌,llm_onecall,14978.0,OK,
371,少儿,第5轮,五到六岁的,educ_search,"{""query"": {""and"": [{""field"": ""children_second_genre"", ""value"": ""儿歌""}, {""field"": ""age_range"", ""from"": ""5"", ""to"": ""6""}, {""field"": ""language"", ""value"": ""中文配音""}]}, ""retext"": ""有什么好看的5到6岁小孩听的可以跟唱的中文配音的儿歌""}",有什么好看的5到6岁小孩听的可以跟唱的中文配音的儿歌,llm_onecall,13809.0,OK,
372,少儿,第1轮,恐龙科普动画有哪些,fan_knowledge_agent,"{""messages"": [{""content"": ""恐龙科普动画有哪些"", ""role"": ""user""}], ""riskRespStrategy"": ""all_replace"", ""sceneTypeIntentList"": [{""sceneType"": ""child""}]}",恐龙科普动画有哪些,general_rule,19421.4,OK,
372,少儿,第2轮,换一个其他类型的,fan_knowledge_agent,"{""messages"": [{""content"": ""想看其他类型的"", ""role"": ""user""}], ""riskRespStrategy"": ""all_replace"", ""sceneTypeIntentList"": [{""sceneType"": ""knowledge_qa""}]}",想看其他类型的,llm_select,17745.4,OK,
372,少儿,第3轮,来点别的类型,fan_knowledge_agent,"{""messages"": [{""content"": ""想看其他类型的"", ""role"": ""user""}], ""riskRespStrategy"": ""all_replace"", ""sceneTypeIntentList"": [{""sceneType"": ""knowledge_qa""}]}",想看其他类型的,llm_select,14832.2,OK,
372,少儿,第4轮,换一种的,fan_knowledge_agent,"{""messages"": [{""content"": ""想看其他类型的"", ""role"": ""user""}], ""riskRespStrategy"": ""all_replace"", ""sceneTypeIntentList"": [{""sceneType"": ""knowledge_qa""}]}",想看其他类型的,llm_select,15717.9,OK,
372,少儿,第5轮,换个类型的,fan_knowledge_agent,"{""messages"": [{""content"": ""想看其他类型的"", ""role"": ""user""}], ""riskRespStrategy"": ""all_replace"", ""sceneTypeIntentList"": [{""sceneType"": ""knowledge_qa""}]}",想看其他类型的,llm_select,18494.3,OK,
373,少儿,第1轮,有啥好看的给孩子听睡前故事,audio_search,"{""action"": ""play"", ""query"": ""有啥好看的给孩子听睡前故事""}",有啥好看的给孩子听睡前故事,general_rule,15215.2,OK,
373,少儿,第2轮,民间故事,audio_search,"{""action"": ""search"", ""query"": ""民间故事""}",民间故事,general_rule,12350.1,OK,
373,少儿,第3轮,10分钟左右的,audio_search,"{""action"": ""search"", ""query"": ""民间故事""}",民间故事,general_rule,13797.5,OK,
373,少儿,第4轮,中国民间故事的,audio_search,"{""action"": ""search"", ""query"": ""中国民间故事""}",中国民间故事,general_rule,12655.3,OK,
373,少儿,第5轮,换一个故事,audio_search,"{""action"": ""search"", ""query"": ""换一个中国民间故事""}",换一个中国民间故事,general_rule,12841.1,OK,
374,少儿,第1轮,好看的儿童科普节目,educ_search,"{""query"": {""and"": [{""field"": ""children_second_genre"", ""value"": ""科普""}, {""field"": ""content_type"", ""value"": ""节目""}]}, ""retext"": ""好看的儿童科普节目""}",好看的儿童科普节目,llm_onecall,14409.1,OK,
374,少儿,第2轮,字幕版,educ_search,"{""query"": {""and"": [{""field"": ""children_second_genre"", ""value"": ""科普""}, {""field"": ""language"", ""value"": ""字幕版""}]}, ""retext"": ""好看的儿童科普节目字幕版""}",好看的儿童科普节目字幕版,llm_onecall,14888.2,OK,
374,少儿,第3轮,小学生能看的,edu_fuzzy_search,"{""retext"": ""小学生能看的""}",小学生能看的,llm_onecall,11888.3,OK,
374,少儿,第4轮,讲太空的,fan_knowledge_agent,"{""messages"": [{""content"": ""讲太空的"", ""role"": ""user""}], ""riskRespStrategy"": ""all_replace"", ""sceneTypeIntentList"": [{""sceneType"": ""knowledge_qa""}]}",讲太空的,llm_select,16221.0,OK,
374,少儿,第5轮,要1080P的,fan_knowledge_agent,"{""messages"": [{""content"": ""要1080P的"", ""role"": ""user""}], ""riskRespStrategy"": ""all_replace"", ""sceneTypeIntentList"": [{""sceneType"": ""knowledge_qa""}]}",要1080P的,llm_select,15930.5,OK,
375,少儿,第1轮,推荐些两岁宝宝看的动画,educ_search,"{""query"": {""and"": [{""field"": ""age_range"", ""from"": ""2"", ""to"": ""2""}, {""field"": ""content_type"", ""value"": ""动画""}]}, ""retext"": ""推荐些两岁宝宝看的动画""}",推荐些两岁宝宝看的动画,llm_onecall,14909.0,OK,
375,少儿,第2轮,画面舒缓的,educ_search,"{""query"": {""and"": [{""field"": ""age_range"", ""from"": ""2"", ""to"": ""2""}, {""field"": ""content_type"", ""value"": ""动画""}]}, ""retext"": ""推荐画面舒缓的两岁宝宝看的动画""}",推荐画面舒缓的两岁宝宝看的动画,llm_onecall,15538.3,OK,
375,少儿,第3轮,温和的,educ_search,"{""query"": {""and"": [{""field"": ""age_range"", ""from"": ""2"", ""to"": ""2""}, {""field"": ""content_type"", ""value"": ""动画""}]}, ""retext"": ""推荐画面温和的两岁宝宝看的动画""}",推荐画面温和的两岁宝宝看的动画,llm_onecall,14593.4,OK,
375,少儿,第4轮,中文的有吗,educ_search,"{""query"": {""and"": [{""field"": ""age_range"", ""from"": ""2"", ""to"": ""2""}, {""field"": ""language"", ""value"": ""中文""}, {""field"": ""content_type"", ""value"": ""动画""}]}, ""retext"": ""推荐画面温和的两岁宝宝看的中文动画""}",推荐画面温和的两岁宝宝看的中文动画,llm_onecall,12594.4,OK,
375,少儿,第5轮,节奏慢点的,educ_search,"{""query"": {""and"": [{""field"": ""age_range"", ""from"": ""2"", ""to"": ""2""}, {""field"": ""language"", ""value"": ""中文""}, {""field"": ""content_type"", ""value"": ""动画""}]}, ""retext"": ""推荐节奏慢点的画面温和的两岁宝宝看的中文动画""}",推荐节奏慢点的画面温和的两岁宝宝看的中文动画,llm_onecall,13683.3,OK,
376,少儿,第1轮,我想看恐龙科普动画,educ_search,"{""query"": {""and"": [{""field"": ""content_type"", ""value"": ""动画""}, {""field"": ""children_third_genre"", ""value"": ""科普恐龙""}]}, ""retext"": ""我想看恐龙科普动画""}",我想看恐龙科普动画,llm_onecall,28871.6,OK,
376,少儿,第2轮,要适合8岁男孩的,educ_search,"{""query"": {""and"": [{""field"": ""gender"", ""value"": ""男""}, {""field"": ""age_range"", ""from"": ""8"", ""to"": ""8""}]}, ""retext"": ""适合8岁男孩的""}",适合8岁男孩的,llm_onecall,13657.3,OK,
376,少儿,第3轮,适合八岁孩子的,educ_search,"{""query"": {""field"": ""age_range"", ""from"": ""8"", ""to"": ""8""}, ""retext"": ""适合八岁孩子的""}",适合八岁孩子的,llm_onecall,13879.7,OK,
376,少儿,第4轮,一季以上,educ_search,"{""query"": {""field"": ""series"", ""from"": ""1"", ""to"": ""*""}, ""retext"": ""一季以上""}",一季以上,llm_onecall,12117.0,OK,
376,少儿,第5轮,季数多的,educ_search,"{""query"": {""and"": [{""field"": ""title"", ""value"": ""恐龙""}, {""field"": ""children_second_genre"", ""value"": ""科普""}, {""field"": ""content_type"", ""value"": ""动画""}, {""field"": ""age_range"", ""from"": ""8"", ""to"": ""8""}, {""field"": ""gender"", ""value"": ""男""}, {""field"": ""series"", ""from"": ""1"", ""to"": ""*""}]}, ""retext"": ""我想看恐龙科普动画；适合8岁男孩的；适合八岁孩子的；一季以上；季数多的""}",我想看恐龙科普动画；适合8岁男孩的；适合八岁孩子的；一季以上；季数多的,llm_onecall,16511.6,OK,
377,少儿,第1轮,有哪些教小孩安全知识的动画,fan_knowledge_agent,"{""messages"": [{""content"": ""有哪些教小孩安全知识的动画"", ""role"": ""user""}], ""riskRespStrategy"": ""all_replace"", ""sceneTypeIntentList"": [{""sceneType"": ""child""}]}",有哪些教小孩安全知识的动画,general_rule,16134.7,OK,
377,少儿,第2轮,3-6岁的,fan_knowledge_agent,"{""messages"": [{""content"": ""有哪些适合3-6岁小孩的安全知识动画"", ""role"": ""user""}], ""riskRespStrategy"": ""all_replace"", ""sceneTypeIntentList"": [{""sceneType"": ""child""}]}",有哪些适合3-6岁小孩的安全知识动画,general_rule,17803.1,OK,
377,少儿,第3轮,交通安全那种,fan_knowledge_agent,"{""messages"": [{""content"": ""有哪些教小孩交通安全知识的动画"", ""role"": ""user""}], ""riskRespStrategy"": ""all_replace"", ""sceneTypeIntentList"": [{""sceneType"": ""child""}]}",有哪些教小孩交通安全知识的动画,general_rule,15240.2,OK,
377,少儿,第4轮,有免费版的没有,vod_search,"{""action"": ""search"", ""query"": {""and"": [{""field"": ""title"", ""value"": ""危险远离我""}, {""field"": ""is_fee"", ""value"": ""0""}]}, ""retext"": ""《危险远离我》有免费版的吗""}",《危险远离我》有免费版的吗,llm_onecall,13369.8,OK,
377,少儿,第5轮,带字幕的有没有,vod_search,"{""action"": ""search"", ""query"": {""field"": ""title"", ""value"": ""危险远离我""}, ""retext"": ""《危险远离我》有带字幕的版本吗""}",《危险远离我》有带字幕的版本吗,llm_onecall,12237.4,OK,
378,少儿,第1轮,来一部给孩子听睡前故事,audio_search,"{""action"": ""play"", ""query"": ""来一部给孩子听睡前故事""}",来一部给孩子听睡前故事,general_rule,13237.4,OK,
378,少儿,第2轮,男声的,fan_knowledge_agent,"{""messages"": [{""content"": ""《米小圈睡前故事|好听的故事都在这》男声"", ""role"": ""user""}], ""riskRespStrategy"": ""all_replace"", ""sceneTypeIntentList"": [{""sceneType"": ""knowledge_qa""}]}",《米小圈睡前故事|好听的故事都在这》男声,llm_select,19465.5,OK,
378,少儿,第3轮,十分钟左右的,fan_knowledge_agent,"{""messages"": [{""content"": ""《米小圈睡前故事|好听的故事都在这》男声"", ""role"": ""user""}], ""riskRespStrategy"": ""all_replace"", ""sceneTypeIntentList"": [{""sceneType"": ""knowledge_qa""}]}",《米小圈睡前故事|好听的故事都在这》男声,llm_select,15872.1,OK,
378,少儿,第4轮,10分钟左右的,fan_knowledge_agent,"{""messages"": [{""content"": ""《米小圈睡前故事|好听的故事都在这》"", ""role"": ""user""}], ""riskRespStrategy"": ""all_replace"", ""sceneTypeIntentList"": [{""sceneType"": ""knowledge_qa""}]}",《米小圈睡前故事|好听的故事都在这》,llm_select,15950.5,OK,
378,少儿,第5轮,换个故事吧,fan_knowledge_agent,"{""messages"": [{""content"": ""《米小圈睡前故事|好听的故事都在这》"", ""role"": ""user""}], ""riskRespStrategy"": ""all_replace"", ""sceneTypeIntentList"": [{""sceneType"": ""knowledge_qa""}]}",《米小圈睡前故事|好听的故事都在这》,llm_select,19194.9,OK,
379,少儿,第1轮,3岁小孩听的儿歌有哪些,educ_search,"{""query"": {""and"": [{""field"": ""content_type"", ""value"": ""儿歌""}, {""field"": ""age_range"", ""from"": ""3"", ""to"": ""3""}]}, ""retext"": ""3岁小孩听的儿歌有哪些""}",3岁小孩听的儿歌有哪些,llm_onecall,14264.8,OK,
379,少儿,第2轮,带跟唱的,music_ksong_search,"{""retext"": ""带跟唱的儿歌"", ""tag"": [""儿童歌曲""]}",带跟唱的儿歌,llm_onecall,14121.9,OK,
379,少儿,第3轮,中文配音的,music_ksong_search,"{""retext"": ""带跟唱的儿歌"", ""tag"": [""儿童歌曲""]}",带跟唱的儿歌,llm_onecall,12794.4,OK,
379,少儿,第4轮,中文的那版,music_ksong_search,"{""retext"": ""带跟唱的儿歌的中文版"", ""tag"": [""儿童歌曲""], ""version"": [""中文版""]}",带跟唱的儿歌的中文版,llm_onecall,12942.5,OK,
379,少儿,第5轮,5-6岁的,music_ksong_search,"{""retext"": ""带跟唱的儿歌的中文版"", ""tag"": [""儿童歌曲""], ""version"": [""中文版""]}",带跟唱的儿歌的中文版,llm_onecall,12761.0,OK,
38,影视,第1轮,有什么好看的热门的综艺,vod_search,"{""action"": ""search"", ""query"": {""field"": ""category"", ""value"": ""综艺""}, ""retext"": ""有什么好看的热门的综艺"", ""sort"": {""hot"": {""order"": ""desc""}}}",有什么好看的热门的综艺,llm_onecall,18019.0,OK,
38,影视,第2轮,大家都在看的,vod_personalized_search,"{""retext"": ""大家都在看的""}",大家都在看的,llm_onecall,16826.6,OK,
38,影视,第3轮,咱们自己拍的有吗,vod_personalized_search,"{""retext"": ""咱们自己拍的有吗""}",咱们自己拍的有吗,llm_onecall,17289.0,OK,
38,影视,第4轮,要人气高点的,vod_search,"{""action"": ""search"", ""retext"": ""要人气高点的"", ""sort"": {""hot"": {""order"": ""desc""}}}",要人气高点的,llm_onecall,14550.2,OK,
38,影视,第5轮,免费的,vod_search,"{""action"": ""search"", ""query"": {""field"": ""is_fee"", ""value"": ""0""}, ""retext"": ""免费的""}",免费的,llm_onecall,13994.1,OK,
380,少儿,第1轮,想看小男孩的动画片,educ_search,"{""query"": {""and"": [{""field"": ""content_type"", ""value"": ""动画""}, {""field"": ""gender"", ""value"": ""男""}]}, ""retext"": ""想看小男孩的动画片""}",想看小男孩的动画片,llm_onecall,27000.4,OK,
380,少儿,第2轮,是国产的吗,music_song_search,"{""album"": [""幼儿教育儿童歌曲系列之五""], ""retext"": ""《幼儿教育儿童歌曲系列之五》是国产的吗""}",《幼儿教育儿童歌曲系列之五》是国产的吗,llm_onecall,13898.5,OK,
380,少儿,第3轮,奶龙这种类型的,educ_search,"{""query"": {""field"": ""title"", ""value"": ""奶龙""}, ""retext"": ""想看奶龙""}",想看奶龙,llm_onecall,10805.3,OK,
380,少儿,第4轮,打斗别太暴力的,educ_fuzzy_search,"{""retext"": ""想看打斗别太暴力的""}",想看打斗别太暴力的,llm_onecall,13431.7,OK,
380,少儿,第5轮,不暴力的,educ_fuzzy_search,"{""retext"": ""想看打斗别太暴力的""}",想看打斗别太暴力的,llm_onecall,13086.1,OK,
381,少儿,第1轮,有什么好看的幼儿识字动画,educ_search,"{""query"": {""and"": [{""field"": ""content_type"", ""value"": ""动画""}, {""field"": ""training_objectives"", ""value"": ""识字""}]}, ""retext"": ""有什么好看的幼儿识字动画""}",有什么好看的幼儿识字动画,llm_onecall,29109.5,OK,
381,少儿,第2轮,适合3到6岁的有没有,educ_search,"{""query"": {""and"": [{""field"": ""title"", ""value"": ""识字""}, {""field"": ""content_type"", ""value"": ""动画""}, {""field"": ""age_range"", ""from"": ""3"", ""to"": ""6""}]}, ""retext"": ""有什么好看的适合3到6岁的幼儿识字动画""}",有什么好看的适合3到6岁的幼儿识字动画,llm_onecall,14240.4,OK,
381,少儿,第3轮,常用字那种,educ_search,"{""query"": {""and"": [{""field"": ""title"", ""value"": ""识字""}, {""field"": ""content_type"", ""value"": ""动画""}, {""field"": ""age_range"", ""from"": ""3"", ""to"": ""6""}]}, ""retext"": ""有什么好看的适合3到6岁的幼儿识字动画""}",有什么好看的适合3到6岁的幼儿识字动画,llm_onecall,13955.2,OK,
381,少儿,第4轮,每集认一两个字的,educ_search,"{""query"": {""field"": ""title"", ""value"": ""动画识字11""}, ""retext"": ""《动画识字11》""}",《动画识字11》,llm_onecall,14121.4,OK,
381,少儿,第5轮,先教常用字,educ_search,"{""query"": {""and"": [{""field"": ""title"", ""value"": ""动画识字11""}, {""field"": ""training_objectives"", ""value"": ""识字""}]}, ""retext"": ""《动画识字11》先教常用字""}",《动画识字11》先教常用字,llm_onecall,14881.1,OK,
382,少儿,第1轮,有哪些3岁小孩听的儿歌,educ_search,"{""query"": {""and"": [{""field"": ""content_type"", ""value"": ""儿歌""}, {""field"": ""age_range"", ""from"": ""3"", ""to"": ""3""}]}, ""retext"": ""有哪些3岁小孩听的儿歌""}",有哪些3岁小孩听的儿歌,llm_onecall,14597.6,OK,
382,少儿,第2轮,五到六岁的,educ_search,"{""query"": {""and"": [{""field"": ""content_type"", ""value"": ""儿歌""}, {""field"": ""age_range"", ""from"": ""5"", ""to"": ""6""}]}, ""retext"": ""有哪些五到六岁小孩听的儿歌""}",有哪些五到六岁小孩听的儿歌,llm_onecall,15239.9,OK,
382,少儿,第3轮,带跟唱的,educ_search,"{""query"": {""and"": [{""field"": ""content_type"", ""value"": ""儿歌""}, {""field"": ""age_range"", ""from"": ""5"", ""to"": ""6""}, {""field"": ""features"", ""value"": ""跟唱""}]}, ""retext"": ""有哪些五到六岁小孩听的带跟唱的儿歌""}",有哪些五到六岁小孩听的带跟唱的儿歌,llm_onecall,15201.3,OK,
382,少儿,第4轮,免费的有没有,educ_search,"{""query"": {""and"": [{""field"": ""content_type"", ""value"": ""儿歌""}, {""field"": ""age_range"", ""from"": ""5"", ""to"": ""6""}, {""field"": ""is_fee"", ""value"": ""0""}]}, ""retext"": ""有哪些五到六岁小孩听的带跟唱的免费的儿歌""}",有哪些五到六岁小孩听的带跟唱的免费的儿歌,llm_onecall,14931.7,OK,
382,少儿,第5轮,能跟着唱的,educ_search,"{""query"": {""and"": [{""field"": ""content_type"", ""value"": ""儿歌""}, {""field"": ""age_range"", ""from"": ""5"", ""to"": ""6""}, {""field"": ""is_fee"", ""value"": ""0""}]}, ""retext"": ""有哪些五到六岁小孩听的带跟唱的免费的儿歌""}",有哪些五到六岁小孩听的带跟唱的免费的儿歌,llm_onecall,15875.2,OK,
383,少儿,第1轮,有什么教小孩安全知识的动画,educ_search,"{""query"": {""and"": [{""field"": ""title"", ""value"": ""安全知识""}, {""field"": ""content_type"", ""value"": ""动画""}]}, ""retext"": ""有什么教小孩安全知识的动画""}",有什么教小孩安全知识的动画,llm_onecall,27090.7,OK,
383,少儿,第2轮,有免费版的没有,educ_search,"{""query"": {""and"": [{""field"": ""title"", ""value"": ""安全知识""}, {""field"": ""content_type"", ""value"": ""动画""}]}, ""retext"": ""有什么教小孩安全知识的动画""}",有什么教小孩安全知识的动画,llm_onecall,26252.0,OK,
383,少儿,第3轮,学龄前的,educ_search,"{""query"": {""and"": [{""field"": ""title"", ""value"": ""安全知识""}, {""field"": ""content_type"", ""value"": ""动画""}]}, ""retext"": ""有什么教小孩安全知识的动画""}",有什么教小孩安全知识的动画,llm_onecall,28587.2,OK,
383,少儿,第4轮,带字幕的,educ_search,"{""query"": {""and"": [{""field"": ""title"", ""value"": ""安全知识""}, {""field"": ""children_third_genre"", ""value"": ""安全知识""}, {""field"": ""training_objectives"", ""value"": ""安全知识""}, {""field"": ""age_range"", ""from"": ""0"", ""to"": ""6""}, {""field"": ""content_type"", ""value"": ""动画""}]}, ""retext"": ""有什么学龄前带字幕的教小孩安全知识的动画""}",有什么学龄前带字幕的教小孩安全知识的动画,llm_onecall,16604.6,OK,
383,少儿,第5轮,3-6岁的,educ_search,"{""query"": {""and"": [{""field"": ""title"", ""value"": ""安全知识""}, {""field"": ""age_range"", ""from"": ""3"", ""to"": ""6""}, {""field"": ""content_type"", ""value"": ""动画""}]}, ""retext"": ""有什么3-6岁学龄前带字幕的教小孩安全知识的动画""}",有什么3-6岁学龄前带字幕的教小孩安全知识的动画,llm_onecall,18146.6,OK,
384,少儿,第1轮,推荐些给孩子听睡前故事,audio_search,"{""action"": ""play"", ""query"": ""推荐些给孩子听睡前故事""}",推荐些给孩子听睡前故事,general_rule,13899.3,OK,
384,少儿,第2轮,换一个故事,audio_search,"{""action"": ""play"", ""query"": ""推荐些给孩子听睡前故事""}",推荐些给孩子听睡前故事,general_rule,12247.4,OK,
384,少儿,第3轮,民俗故事,audio_search,"{""action"": ""play"", ""query"": ""推荐些给孩子听睡前故事民俗故事""}",推荐些给孩子听睡前故事民俗故事,general_rule,13492.7,OK,
384,少儿,第4轮,中国传统故事,audio_search,"{""action"": ""play"", ""query"": ""推荐些给孩子听睡前故事民俗故事中国传统故事""}",推荐些给孩子听睡前故事民俗故事中国传统故事,general_rule,12827.9,OK,
384,少儿,第5轮,十分钟左右的,audio_search,"{""action"": ""play"", ""query"": ""推荐些给孩子听睡前故事民俗故事中国传统故事十分钟左右的""}",推荐些给孩子听睡前故事民俗故事中国传统故事十分钟左右的,general_rule,14496.3,OK,
385,少儿,第1轮,放几部儿童科普节目,educ_search,"{""query"": {""field"": ""children_second_genre"", ""value"": ""科普""}, ""retext"": ""放几部儿童科普节目""}",放几部儿童科普节目,llm_onecall,12248.2,OK,
385,少儿,第2轮,航天知识,edu_fuzzy_search,"{""retext"": ""想看航天知识""}",想看航天知识,llm_onecall,12434.0,OK,
385,少儿,第3轮,1080P的,edu_fuzzy_search,"{""retext"": ""想看航天知识""}",想看航天知识,llm_onecall,11769.8,OK,
385,少儿,第4轮,太空那种,vod_search,"{""action"": ""search"", ""query"": {""field"": ""tag"", ""value"": ""太空""}, ""retext"": ""想看太空知识""}",想看太空知识,llm_onecall,14176.0,OK,
385,少儿,第5轮,免费的有没有,vod_search,"{""action"": ""search"", ""query"": {""field"": ""is_fee"", ""value"": ""0""}, ""retext"": ""免费的有没有""}",免费的有没有,llm_onecall,13378.4,OK,
386,少儿,第1轮,来点幼儿识字动画,educ_search,"{""query"": {""and"": [{""field"": ""training_objectives"", ""value"": ""识字""}, {""field"": ""content_type"", ""value"": ""动画""}]}, ""retext"": ""来点幼儿识字动画""}",来点幼儿识字动画,llm_onecall,27240.6,OK,
386,少儿,第2轮,发音标准的,music_song_search,"{""retext"": ""《晓鹿老师 小小音乐课》发音标准的"", ""song"": [""晓鹿老师小小音乐课""]}",《晓鹿老师 小小音乐课》发音标准的,llm_onecall,11795.7,OK,
386,少儿,第3轮,先教常用字,music_song_search,"{""retext"": ""《晓鹿老师 小小音乐课》先教常用字"", ""song"": [""晓鹿老师小小音乐课先教常用字""]}",《晓鹿老师 小小音乐课》先教常用字,llm_onecall,13749.9,OK,
386,少儿,第4轮,一次认一两个,music_song_semantic_search,"{""retext"": ""《晓鹿老师 小小音乐课》一次认一两个""}",《晓鹿老师 小小音乐课》一次认一两个,llm_onecall,15360.4,OK,
386,少儿,第5轮,要付费吗,music_song_search,"{""retext"": ""《晓鹿老师 小小音乐课》要付费吗"", ""song"": [""晓鹿老师 小小音乐课""]}",《晓鹿老师 小小音乐课》要付费吗,llm_onecall,16277.2,OK,
387,少儿,第1轮,看看给孩子听睡前故事,audio_search,"{""action"": ""play"", ""query"": ""看看给孩子听睡前故事""}",看看给孩子听睡前故事,general_rule,13109.4,OK,
387,少儿,第2轮,十分钟的,fan_knowledge_agent,"{""messages"": [{""content"": ""《米小圈睡前故事|好听的故事都在这》"", ""role"": ""user""}], ""riskRespStrategy"": ""all_replace"", ""sceneTypeIntentList"": [{""sceneType"": ""knowledge_qa""}]}",《米小圈睡前故事|好听的故事都在这》,llm_select,17201.1,OK,
387,少儿,第3轮,换一篇,audio_search,"{""action"": ""play"", ""query"": ""播放《米小圈睡前故事|好听的故事都在这》""}",播放《米小圈睡前故事|好听的故事都在这》,general_rule,14833.4,OK,
387,少儿,第4轮,要民俗故事,vod_fuzzy_search,"{""retext"": ""播放民俗故事""}",播放民俗故事,llm_onecall,13859.3,OK,
387,少儿,第5轮,中国民间故事的,vod_search,"{""action"": ""play"", ""query"": {""field"": ""title"", ""value"": ""中国民间故事""}, ""retext"": ""播放中国民间故事""}",播放中国民间故事,llm_onecall,15078.1,OK,
388,少儿,第1轮,找点启蒙数学的动画片,educ_search,"{""query"": {""and"": [{""field"": ""title"", ""value"": ""启蒙""}, {""field"": ""children_second_genre"", ""value"": ""数学""}, {""field"": ""content_type"", ""value"": ""动画""}]}, ""retext"": ""找点启蒙数学的动画片""}",找点启蒙数学的动画片,llm_onecall,25660.0,OK,
388,少儿,第2轮,适合4岁的,educ_search,"{""query"": {""and"": [{""field"": ""title"", ""value"": ""橙宝数学启蒙""}, {""field"": ""age_range"", ""from"": ""4"", ""to"": ""5""}]}, ""retext"": ""《橙宝数学启蒙(4-5岁)》""}",《橙宝数学启蒙(4-5岁)》,llm_onecall,15780.9,OK,
388,少儿,第3轮,4岁能看的,educ_search,"{""query"": {""and"": [{""field"": ""title"", ""value"": ""橙宝数学启蒙""}, {""field"": ""age_range"", ""from"": ""4"", ""to"": ""5""}]}, ""retext"": ""《橙宝数学启蒙(4-5岁)》""}",《橙宝数学启蒙(4-5岁)》,llm_onecall,15907.3,OK,
388,少儿,第4轮,适合四岁宝宝,educ_search,"{""query"": {""and"": [{""field"": ""title"", ""value"": ""橙宝数学启蒙(4-5岁)""}, {""field"": ""age_range"", ""from"": ""4"", ""to"": ""4""}]}, ""retext"": ""适合四岁宝宝的《橙宝数学启蒙(4-5岁)》""}",适合四岁宝宝的《橙宝数学启蒙(4-5岁)》,llm_onecall,15864.7,OK,
388,少儿,第5轮,加减法那种,educ_search,"{""query"": {""and"": [{""field"": ""title"", ""value"": ""橙宝数学启蒙(4-5岁)""}, {""field"": ""children_third_genre"", ""value"": ""加减法""}, {""field"": ""age_range"", ""from"": ""4"", ""to"": ""4""}]}, ""retext"": ""适合四岁宝宝的《橙宝数学启蒙(4-5岁)》加减法""}",适合四岁宝宝的《橙宝数学启蒙(4-5岁)》加减法,llm_onecall,18366.7,OK,
389,少儿,第1轮,放几部教小孩安全知识的动画,educ_search,"{""query"": {""and"": [{""field"": ""children_third_genre"", ""value"": ""安全知识""}, {""field"": ""content_type"", ""value"": ""动画""}]}, ""retext"": ""放几部教小孩安全知识的动画""}",放几部教小孩安全知识的动画,llm_onecall,27140.5,OK,
389,少儿,第2轮,免费的那种,educ_search,"{""query"": {""field"": ""is_fee"", ""value"": ""0""}, ""retext"": ""免费的那种""}",免费的那种,llm_onecall,12966.6,OK,
389,少儿,第3轮,学龄前的,educ_search,"{""query"": {""and"": [{""field"": ""children_third_genre"", ""value"": ""安全知识""}, {""field"": ""content_type"", ""value"": ""动画""}]}, ""retext"": ""放几部教小孩安全知识的动画""}",放几部教小孩安全知识的动画,llm_onecall,28109.1,OK,
389,少儿,第4轮,是国产的吗,educ_search,"{""query"": {""or"": [{""field"": ""title"", ""value"": ""幼儿教育儿童歌曲系列之五""}, {""field"": ""title"", ""value"": ""小猪一家亲""}, {""field"": ""title"", ""value"": ""开心学园-综合训练营""}, {""field"": ""title"", ""value"": ""超级飞侠""}, {""field"": ""title"", ""value"": ""组合全集测试1111哈哈哈哈111""}, {""field"": ""title"", ""value"": ""动画识字11""}]}, ""retext"": ""《幼儿教育儿童歌曲系列之五》《小猪一家亲》《开心学园-综合训练营》《超级飞侠 第5季》《组合全集测试1111哈哈哈哈111》《动画识字11》是国产的吗""}",《幼儿教育儿童歌曲系列之五》《小猪一家亲》《开心学园-综合训练营》《超级飞侠 第5季》《组合全集测试1111哈哈哈哈111》《动画识字11》是国产的吗,llm_onecall,23510.9,OK,
389,少儿,第5轮,有免费版吗,educ_search,"{""query"": {""and"": [{""or"": [{""field"": ""title"", ""value"": ""幼儿教育儿童歌曲系列之五""}, {""field"": ""title"", ""value"": ""小猪一家亲""}, {""field"": ""title"", ""value"": ""开心学园-综合训练营""}, {""field"": ""title"", ""value"": ""超级飞侠""}, {""field"": ""title"", ""value"": ""组合全集测试1111哈哈哈哈111""}, {""field"": ""title"", ""value"": ""动画识字11""}]}, {""field"": ""is_fee"", ""value"": ""0""}]}, ""retext"": ""《幼儿教育儿童歌曲系列之五》《小猪一家亲》《开心学园-综合训练营》《超级飞侠 第5季》《组合全集测试1111哈哈哈哈111》《动画识字11》有免费版吗""}",《幼儿教育儿童歌曲系列之五》《小猪一家亲》《开心学园-综合训练营》《超级飞侠 第5季》《组合全集测试1111哈哈哈哈111》《动画识字11》有免费版吗,llm_onecall,24276.6,OK,
39,影视,第1轮,放最新的综艺,vod_search,"{""action"": ""play"", ""query"": {""field"": ""category"", ""value"": ""综艺""}, ""retext"": ""放最新的综艺"", ""sort"": {""new"": {""order"": ""desc""}}}",放最新的综艺,llm_onecall,16039.2,OK,
39,影视,第2轮,评分高点的,vod_search,"{""action"": ""play"", ""query"": {""field"": ""category"", ""value"": ""综艺""}, ""retext"": ""放评分高的综艺"", ""sort"": {""rate"": {""order"": ""desc""}}}",放评分高的综艺,llm_onecall,19134.0,OK,
39,影视,第3轮,评价好点的,vod_search,"{""action"": ""play"", ""query"": {""field"": ""category"", ""value"": ""综艺""}, ""retext"": ""放评分高的综艺"", ""sort"": {""rate"": {""order"": ""desc""}}}",放评分高的综艺,llm_onecall,16148.9,OK,
39,影视,第4轮,免费的,vod_search,"{""action"": ""play"", ""query"": {""and"": [{""field"": ""category"", ""value"": ""综艺""}, {""field"": ""is_fee"", ""value"": ""0""}]}, ""retext"": ""放免费的综艺""}",放免费的综艺,llm_onecall,13414.4,OK,
39,影视,第5轮,要口碑不错的,vod_search,"{""action"": ""play"", ""query"": {""field"": ""category"", ""value"": ""综艺""}, ""retext"": ""放口碑不错的综艺"", ""sort"": {""rate"": {""order"": ""desc""}}}",放口碑不错的综艺,llm_onecall,14213.3,OK,
390,少儿,第1轮,推荐几部给孩子听睡前故事,audio_search,"{""action"": ""play"", ""query"": ""推荐几部给孩子听睡前故事""}",推荐几部给孩子听睡前故事,general_rule,13077.0,OK,
390,少儿,第2轮,换个别的,audio_search,"{""action"": ""play"", ""query"": ""推荐几部给孩子听睡前故事""}",推荐几部给孩子听睡前故事,general_rule,12562.2,OK,
390,少儿,第3轮,十来分钟的,fan_knowledge_agent,"{""messages"": [{""content"": ""《米小圈睡前故事|好听的故事都在这》"", ""role"": ""user""}], ""riskRespStrategy"": ""all_replace"", ""sceneTypeIntentList"": [{""sceneType"": ""knowledge_qa""}]}",《米小圈睡前故事|好听的故事都在这》,llm_select,18461.8,OK,
390,少儿,第4轮,十分钟的,fan_knowledge_agent,"{""messages"": [{""content"": ""《米小圈睡前故事|好听的故事都在这》"", ""role"": ""user""}], ""riskRespStrategy"": ""all_replace"", ""sceneTypeIntentList"": [{""sceneType"": ""knowledge_qa""}]}",《米小圈睡前故事|好听的故事都在这》,llm_select,18023.1,OK,
390,少儿,第5轮,民间故事,audio_search,"{""action"": ""search"", ""query"": ""民间故事""}",民间故事,general_rule,15899.3,OK,
391,少儿,第1轮,找点幼儿识字动画,educ_search,"{""query"": {""and"": [{""field"": ""training_objectives"", ""value"": ""识字""}, {""field"": ""content_type"", ""value"": ""动画""}]}, ""retext"": ""找点幼儿识字动画""}",找点幼儿识字动画,llm_onecall,27174.5,OK,
391,少儿,第2轮,收费吗,music_song_search,"{""retext"": ""《晓鹿老师 小小音乐课》收费吗"", ""song"": [""晓鹿老师小小音乐课""]}",《晓鹿老师 小小音乐课》收费吗,llm_onecall,15057.3,OK,
391,少儿,第3轮,发音标准的,music_song_search,"{""retext"": ""《晓鹿老师 小小音乐课》发音标准的"", ""song"": [""晓鹿老师 小小音乐课""]}",《晓鹿老师 小小音乐课》发音标准的,llm_onecall,14428.0,OK,
391,少儿,第4轮,适合3到6岁的有没有,educ_search,"{""query"": {""and"": [{""field"": ""title"", ""value"": ""识字""}, {""field"": ""content_type"", ""value"": ""动画""}, {""field"": ""age_range"", ""from"": ""3"", ""to"": ""6""}]}, ""retext"": ""适合3到6岁的幼儿识字动画""}",适合3到6岁的幼儿识字动画,llm_onecall,15652.7,OK,
391,少儿,第5轮,要一次认一两个,educ_search,"{""query"": {""and"": [{""field"": ""title"", ""value"": ""识字""}, {""field"": ""age_range"", ""from"": ""3"", ""to"": ""6""}, {""field"": ""content_type"", ""value"": ""动画""}]}, ""retext"": ""适合3到6岁的幼儿识字动画要一次认一两个""}",适合3到6岁的幼儿识字动画要一次认一两个,llm_onecall,18606.6,OK,
392,少儿,第1轮,有哪些给孩子听睡前故事,fan_knowledge_agent,"{""messages"": [{""content"": ""有哪些给孩子听睡前故事"", ""role"": ""user""}], ""riskRespStrategy"": ""all_replace"", ""sceneTypeIntentList"": [{""sceneType"": ""knowledge_qa""}]}",有哪些给孩子听睡前故事,general_rule,15420.9,OK,
392,少儿,第2轮,10分钟左右的,educ_fuzzy_search,"{""retext"": ""时长10分钟左右的睡前故事""}",时长10分钟左右的睡前故事,llm_onecall,12440.4,OK,
392,少儿,第3轮,男声版,educ_search,"{""query"": {""and"": [{""field"": ""children_second_genre"", ""value"": ""睡前故事""}, {""field"": ""voice_start_pos"", ""value"": ""600""}, {""field"": ""gender"", ""value"": ""男""}]}, ""retext"": ""时长10分钟左右的睡前故事男声版""}",时长10分钟左右的睡前故事男声版,llm_onecall,15287.0,OK,
392,少儿,第4轮,换一个故事,educ_search_all,"{""query"": {""and"": [{""field"": ""children_second_genre"", ""value"": ""睡前故事""}, {""field"": ""gender"", ""value"": ""男""}, {""field"": ""release_time"", ""from"": ""20260101"", ""to"": ""20260101""}]}, ""retext"": ""换一个时长10分钟左右的睡前故事男声版""}",换一个时长10分钟左右的睡前故事男声版,llm_onecall,17023.4,OK,
392,少儿,第5轮,换个故事吧,educ_search,"{""query"": {""and"": [{""field"": ""children_second_genre"", ""value"": ""睡前故事""}, {""field"": ""voice_start_pos"", ""value"": 600}, {""field"": ""gender"", ""value"": ""男""}]}, ""retext"": ""换一个时长10分钟左右的睡前故事男声版""}",换一个时长10分钟左右的睡前故事男声版,llm_onecall,17832.3,OK,
393,少儿,第1轮,放儿童科普节目,educ_search,"{""query"": {""and"": [{""field"": ""children_second_genre"", ""value"": ""科普""}, {""field"": ""content_type"", ""value"": ""节目""}]}, ""retext"": ""放儿童科普节目""}",放儿童科普节目,llm_onecall,13665.4,OK,
393,少儿,第2轮,要1080P的,educ_fuzzy_search,"{""retext"": ""要1080P的""}",要1080P的,llm_onecall,13554.1,OK,
393,少儿,第3轮,要中文字幕版,educ_fuzzy_search,"{""retext"": ""要中文字幕版""}",要中文字幕版,llm_onecall,11947.2,OK,
393,少儿,第4轮,太空那种,educ_fuzzy_search,"{""action"": ""search"", ""retext"": ""太空那种""}",太空那种,llm_onecall,11320.8,OK,
393,少儿,第5轮,带中文字幕,educ_search,"{""action"": ""search"", ""query"": {""field"": ""language"", ""value"": ""中文字幕""}, ""retext"": ""带中文字幕""}",带中文字幕,llm_onecall,15184.4,OK,
394,少儿,第1轮,有什么给孩子听睡前故事,audio_search,"{""action"": ""play"", ""query"": ""有什么给孩子听睡前故事""}",有什么给孩子听睡前故事,general_rule,12716.7,OK,
394,少儿,第2轮,男的读的,fan_knowledge_agent,"{""messages"": [{""content"": ""《米小圈睡前故事|好听的故事都在这》男的读的"", ""role"": ""user""}], ""riskRespStrategy"": ""all_replace"", ""sceneTypeIntentList"": [{""sceneType"": ""knowledge_qa""}]}",《米小圈睡前故事|好听的故事都在这》男的读的,llm_select,15165.5,OK,
394,少儿,第3轮,十来分钟的,fan_knowledge_agent,"{""messages"": [{""content"": ""《米小圈睡前故事|好听的故事都在这》时长十来分钟的"", ""role"": ""user""}], ""riskRespStrategy"": ""all_replace"", ""sceneTypeIntentList"": [{""sceneType"": ""knowledge_qa""}]}",《米小圈睡前故事|好听的故事都在这》时长十来分钟的,llm_select,19686.0,OK,
394,少儿,第4轮,换一篇,fan_knowledge_agent,"{""messages"": [{""content"": ""换一篇"", ""role"": ""user""}], ""riskRespStrategy"": ""all_replace"", ""sceneTypeIntentList"": [{""sceneType"": ""knowledge_qa""}]}",换一篇,llm_select,14553.3,OK,
394,少儿,第5轮,中国传统故事,audio_search,"{""action"": ""search"", ""query"": ""中国传统故事""}",中国传统故事,general_rule,15605.9,OK,
395,少儿,第1轮,有哪些儿童科普节目,fan_knowledge_agent,"{""messages"": [{""content"": ""有哪些儿童科普节目"", ""role"": ""user""}], ""riskRespStrategy"": ""all_replace"", ""sceneTypeIntentList"": [{""sceneType"": ""knowledge_qa""}]}",有哪些儿童科普节目,general_rule,15202.5,OK,
395,少儿,第2轮,小学生能看的,educ_search,"{""query"": {""and"": [{""field"": ""children_second_genre"", ""value"": ""科普""}, {""field"": ""age_range"", ""from"": ""6"", ""to"": ""12""}]}, ""retext"": ""小学生能看的儿童科普节目""}",小学生能看的儿童科普节目,llm_onecall,14298.7,OK,
395,少儿,第3轮,高清1080的,educ_search,"{""query"": {""and"": [{""field"": ""children_second_genre"", ""value"": ""科普""}, {""field"": ""age_range"", ""from"": ""6"", ""to"": ""12""}]}, ""retext"": ""小学生能看的儿童科普节目；高清1080的""}",小学生能看的儿童科普节目；高清1080的,llm_onecall,15911.7,OK,
395,少儿,第4轮,宇宙的,educ_search,"{""query"": {""and"": [{""field"": ""children_second_genre"", ""value"": ""科普""}, {""field"": ""title"", ""value"": ""宇宙""}]}, ""retext"": ""小学生能看的儿童科普节目；高清1080的；宇宙的""}",小学生能看的儿童科普节目；高清1080的；宇宙的,llm_onecall,15207.7,OK,
395,少儿,第5轮,免费的有没有,educ_search,"{""query"": {""and"": [{""field"": ""children_second_genre"", ""value"": ""科普""}, {""field"": ""title"", ""value"": ""宇宙""}, {""field"": ""is_fee"", ""value"": ""0""}]}, ""retext"": ""小学生能看的儿童科普节目；高清1080的；宇宙的；免费的有没有""}",小学生能看的儿童科普节目；高清1080的；宇宙的；免费的有没有,llm_onecall,17114.2,OK,
396,少儿,第1轮,好看的小男孩的动画片,educ_search,"{""query"": {""and"": [{""field"": ""gender"", ""value"": ""男""}, {""field"": ""content_type"", ""value"": ""动画""}]}, ""retext"": ""好看的小男孩的动画片""}",好看的小男孩的动画片,llm_onecall,25531.2,OK,
396,少儿,第2轮,别太暴力的,educ_fuzzy_search,"{""retext"": ""别太暴力的""}",别太暴力的,llm_onecall,13219.1,OK,
396,少儿,第3轮,打斗别太暴力的,educ_fuzzy_search,"{""retext"": ""打斗别太暴力的""}",打斗别太暴力的,llm_onecall,14908.8,OK,
396,少儿,第4轮,不要会员能看的吗,educ_history,"{""retext"": ""不要会员能看的吗""}",不要会员能看的吗,llm_onecall,15103.0,OK,
396,少儿,第5轮,一季以上的有没有,educ_search,"{""query"": {""field"": ""series"", ""from"": ""2""}, ""retext"": ""一季以上的有没有""}",一季以上的有没有,llm_onecall,16970.6,OK,
397,少儿,第1轮,来一部儿童科普节目,educ_search,"{""query"": {""field"": ""children_second_genre"", ""value"": ""科普""}, ""retext"": ""来一部儿童科普节目""}",来一部儿童科普节目,llm_onecall,12666.7,OK,
397,少儿,第2轮,适合小学生看的,edu_fuzzy_search,"{""retext"": ""适合小学生看的""}",适合小学生看的,llm_onecall,13233.8,OK,
397,少儿,第3轮,航天知识,edu_fuzzy_search,"{""retext"": ""适合小学生看的航天知识""}",适合小学生看的航天知识,llm_onecall,13225.4,OK,
397,少儿,第4轮,免费的有吗,edu_fuzzy_search,"{""retext"": ""适合小学生看的航天知识免费的有吗""}",适合小学生看的航天知识免费的有吗,llm_onecall,13993.1,OK,
397,少儿,第5轮,小学生看的那种,edu_fuzzy_search,"{""retext"": ""适合小学生看的航天知识""}",适合小学生看的航天知识,llm_onecall,14931.0,OK,
398,少儿,第1轮,找点找儿童益智游戏视频,educ_search,"{""query"": {""and"": [{""field"": ""children_third_genre"", ""value"": ""益智""}, {""field"": ""children_third_genre"", ""value"": ""游戏""}]}, ""retext"": ""找点找儿童益智游戏视频""}",找点找儿童益智游戏视频,llm_onecall,13213.0,OK,
398,少儿,第2轮,适合学龄前的,educ_fuzzy_search,"{""retext"": ""适合学龄前的""}",适合学龄前的,llm_onecall,14059.8,OK,
398,少儿,第3轮,拼图游戏的,educ_search,"{""query"": {""and"": [{""field"": ""age_range"", ""from"": ""0"", ""to"": ""6""}, {""field"": ""children_second_genre"", ""value"": ""拼图""}]}, ""retext"": ""适合学龄前的拼图游戏""}",适合学龄前的拼图游戏,llm_onecall,15952.1,OK,
398,少儿,第4轮,无广告的,educ_search,"{""query"": {""and"": [{""field"": ""age_range"", ""from"": ""0"", ""to"": ""6""}, {""field"": ""children_second_genre"", ""value"": ""拼图""}, {""field"": ""is_fee"", ""value"": ""0""}]}, ""retext"": ""适合学龄前的拼图游戏无广告的""}",适合学龄前的拼图游戏无广告的,llm_onecall,16604.7,OK,
398,少儿,第5轮,不用付费的有吗,educ_search,"{""query"": {""and"": [{""field"": ""age_range"", ""from"": ""0"", ""to"": ""6""}, {""field"": ""children_second_genre"", ""value"": ""拼图""}, {""field"": ""is_fee"", ""value"": ""0""}]}, ""retext"": ""适合学龄前的拼图游戏无广告的不用付费的""}",适合学龄前的拼图游戏无广告的不用付费的,llm_onecall,18193.1,OK,
399,少儿,第1轮,找点恐龙科普动画,educ_search,"{""query"": {""and"": [{""field"": ""content_type"", ""value"": ""动画""}, {""field"": ""children_third_genre"", ""value"": ""恐龙""}, {""field"": ""children_second_genre"", ""value"": ""科普""}]}, ""retext"": ""找点恐龙科普动画""}",找点恐龙科普动画,llm_onecall,27426.6,OK,
399,少儿,第2轮,换一种的,educ_fuzzy_search,"{""action"": ""search"", ""query"": {}, ""retext"": ""换一种""}",换一种,llm_onecall,14202.9,OK,
399,少儿,第3轮,有国产的吗,educ_search_all,"{""query"": {""and"": [{""field"": ""country"", ""value"": ""中国""}, {""field"": ""content_type"", ""value"": ""动画""}]}, ""retext"": ""有国产的动画片吗""}",有国产的动画片吗,llm_onecall,15950.0,OK,
399,少儿,第4轮,8岁能看的,educ_search,"{""query"": {""field"": ""age_range"", ""from"": ""8"", ""to"": ""8""}, ""retext"": ""8岁能看的""}",8岁能看的,llm_onecall,17134.2,OK,
399,少儿,第5轮,适合八岁孩子的,educ_search,"{""query"": {""field"": ""age_range"", ""from"": ""8"", ""to"": ""8""}, ""retext"": ""适合八岁孩子的""}",适合八岁孩子的,llm_onecall,18209.2,OK,
4,影视,第1轮,我想看职场剧,vod_search,"{""action"": ""search"", ""query"": {""and"": [{""field"": ""category"", ""value"": ""电视剧""}, {""field"": ""tag"", ""value"": ""职场""}]}, ""retext"": ""我想看职场剧""}",我想看职场剧,llm_onecall,15402.5,OK,
4,影视,第2轮,金融题材的,,,,,,ERR,TimeoutError: timed out
4,影视,第3轮,带字幕的,vod_search,"{""action"": ""search"", ""query"": {""and"": [{""field"": ""category"", ""value"": ""电视剧""}, {""field"": ""tag"", ""operator"": ""or"", ""values"": [""金融"", ""职场""]}]}, ""retext"": ""我想看带字幕的金融题材的职场剧""}",我想看带字幕的金融题材的职场剧,llm_onecall,31832.9,OK,
4,影视,第4轮,有字幕的,vod_search,"{""action"": ""search"", ""query"": {""and"": [{""field"": ""category"", ""value"": ""电视剧""}, {""field"": ""tag"", ""operator"": ""or"", ""values"": [""金融"", ""职场""]}]}, ""retext"": ""我想看带字幕的金融题材的职场剧""}",我想看带字幕的金融题材的职场剧,llm_onecall,34691.1,OK,
4,影视,第5轮,集数少点的,vod_search,"{""action"": ""search"", ""query"": {""and"": [{""field"": ""category"", ""value"": ""电视剧""}, {""field"": ""tag"", ""operator"": ""or"", ""values"": [""金融"", ""职场""]}]}, ""retext"": ""我想看集数少的带字幕的金融题材的职场剧""}",我想看集数少的带字幕的金融题材的职场剧,llm_onecall,26333.5,OK,
40,影视,第1轮,推荐些经典的综艺,,,,,,ERR,TimeoutError: timed out
40,影视,第2轮,免费的吗,vod_search,"{""action"": ""search"", ""query"": {""and"": [{""field"": ""category"", ""value"": ""综艺""}, {""field"": ""tag"", ""value"": ""经典""}]}, ""retext"": ""推荐经典的综艺""}",推荐经典的综艺,llm_onecall,37514.3,OK,
40,影视,第3轮,经典的,,,,,,ERR,TimeoutError: timed out
40,影视,第4轮,免费的有没有,vod_search,"{""action"": ""search"", ""query"": {""and"": [{""field"": ""category"", ""value"": ""综艺""}, {""field"": ""tag"", ""value"": ""经典""}, {""field"": ""is_fee"", ""value"": ""0""}]}, ""retext"": ""免费的经典的综艺""}",免费的经典的综艺,llm_onecall,15861.1,OK,
40,影视,第5轮,是国产的吗,fan_knowledge_agent,"{""messages"": [{""content"": ""《奔跑吧》是国产的吗"", ""role"": ""user""}], ""riskRespStrategy"": ""all_replace"", ""sceneTypeIntentList"": [{""sceneType"": ""knowledge_qa""}]}",《奔跑吧》是国产的吗,general_rule,20352.9,OK,
400,少儿,第1轮,放教小孩安全知识的动画,educ_search,"{""query"": {""and"": [{""field"": ""training_objectives"", ""value"": ""安全知识""}, {""field"": ""content_type"", ""value"": ""动画""}]}, ""retext"": ""放教小孩安全知识的动画""}",放教小孩安全知识的动画,llm_onecall,28623.7,OK,
400,少儿,第2轮,适合3到6岁的,educ_search,"{""query"": {""field"": ""age_range"", ""from"": ""3"", ""to"": ""6""}, ""retext"": ""适合3到6岁的""}",适合3到6岁的,llm_onecall,14923.2,OK,
400,少儿,第3轮,带字幕的有没有,educ_fuzzy_search,"{""retext"": ""带字幕的""}",带字幕的,llm_onecall,15020.3,OK,
400,少儿,第4轮,不要钱的那种,educ_search,"{""query"": {""field"": ""is_fee"", ""value"": ""0""}, ""retext"": ""免费""}",免费,llm_onecall,17072.9,OK,
400,少儿,第5轮,讲交通安全的,vod_fuzzy_search,"{""retext"": ""《VR01》讲交通安全""}",《VR01》讲交通安全,llm_onecall,18014.2,OK,
401,少儿,第1轮,找点给孩子听睡前故事,audio_search,"{""action"": ""play"", ""query"": ""找点给孩子听睡前故事""}",找点给孩子听睡前故事,general_rule,13040.9,OK,
401,少儿,第2轮,要中国传统故事,audio_search,"{""action"": ""play"", ""query"": ""找点中国传统故事给孩子听""}",找点中国传统故事给孩子听,general_rule,14094.9,OK,
401,少儿,第3轮,换一篇,audio_search,"{""action"": ""search"", ""query"": ""换一篇""}",换一篇,general_rule,14080.9,OK,
401,少儿,第4轮,10分钟左右的,audio_search,"{""action"": ""search"", ""query"": ""找点10分钟左右的睡前故事""}",找点10分钟左右的睡前故事,general_rule,16946.2,OK,
401,少儿,第5轮,民俗故事,audio_search,"{""action"": ""play"", ""query"": ""找点民俗故事给孩子听""}",找点民俗故事给孩子听,general_rule,17380.2,OK,
402,少儿,第1轮,好看的幼儿识字动画,educ_search,"{""query"": {""and"": [{""field"": ""training_objectives"", ""value"": ""识字""}, {""field"": ""content_type"", ""value"": ""动画""}]}, ""retext"": ""好看的幼儿识字动画""}",好看的幼儿识字动画,llm_onecall,28437.6,OK,
402,少儿,第2轮,每集认一两个字的,educ_search,"{""query"": {""field"": ""title"", ""value"": ""智象识字学前版""}, ""retext"": ""《智象识字学前版》""}",《智象识字学前版》,llm_onecall,14575.7,OK,
402,少儿,第3轮,要付费吗,fan_knowledge_agent,"{""messages"": [{""content"": ""《智象识字学前版》要付费吗"", ""role"": ""user""}], ""riskRespStrategy"": ""all_replace"", ""sceneTypeIntentList"": [{""sceneType"": ""knowledge_qa""}]}",《智象识字学前版》要付费吗,general_rule,18571.5,OK,
402,少儿,第4轮,先教常用字,educ_search,"{""query"": {""and"": [{""field"": ""title"", ""value"": ""智象识字学前版""}, {""field"": ""training_objectives"", ""value"": ""常用字""}]}, ""retext"": ""《智象识字学前版》先教常用字""}",《智象识字学前版》先教常用字,llm_onecall,17925.4,OK,
402,少儿,第5轮,每集一两个字,educ_search,"{""query"": {""and"": [{""field"": ""title"", ""value"": ""智象识字学前版""}, {""field"": ""video_index"", ""value"": ""1""}]}, ""retext"": ""《智象识字学前版》每集一两个字""}",《智象识字学前版》每集一两个字,llm_onecall,20892.4,OK,
403,少儿,第1轮,我想看3岁小孩听的儿歌,educ_search,"{""query"": {""and"": [{""field"": ""age_range"", ""from"": ""3"", ""to"": ""3""}, {""field"": ""content_type"", ""value"": ""儿歌""}]}, ""retext"": ""我想看3岁小孩听的儿歌""}",我想看3岁小孩听的儿歌,llm_onecall,13782.3,OK,
403,少儿,第2轮,去年的有吗,educ_search_all,"{""query"": {""and"": [{""field"": ""release_time"", ""from"": ""20250812"", ""to"": ""20250812""}, {""field"": ""content_type"", ""value"": ""儿歌""}, {""field"": ""age_range"", ""from"": ""3"", ""to"": ""3""}]}, ""retext"": ""去年的3岁小孩听的儿歌""}",去年的3岁小孩听的儿歌,llm_onecall,17288.6,OK,
403,少儿,第3轮,中文版的,music_song_search,"{""retext"": ""《晓鹿老师 小小音乐课》中文版"", ""song"": [""晓鹿老师 小小音乐课""], ""version"": [""中文版""]}",《晓鹿老师 小小音乐课》中文版,llm_onecall,15322.6,OK,
403,少儿,第4轮,要中文那版,music_song_search,"{""retext"": ""《晓鹿老师 小小音乐课》中文版"", ""song"": [""晓鹿老师 小小音乐课""], ""version"": [""中文版""]}",《晓鹿老师 小小音乐课》中文版,llm_onecall,17173.9,OK,
403,少儿,第5轮,5-6岁的,educ_search,"{""query"": {""and"": [{""field"": ""content_type"", ""value"": ""儿歌""}, {""field"": ""age_range"", ""from"": ""5"", ""to"": ""6""}]}, ""retext"": ""5-6岁小孩听的儿歌""}",5-6岁小孩听的儿歌,llm_onecall,16735.7,OK,
404,少儿,第1轮,我想看幼儿识字动画,educ_search,"{""query"": {""and"": [{""field"": ""training_objectives"", ""value"": ""识字""}, {""field"": ""content_type"", ""value"": ""动画""}]}, ""retext"": ""我想看幼儿识字动画""}",我想看幼儿识字动画,llm_onecall,28321.8,OK,
404,少儿,第2轮,常用字那种,educ_fuzzy_search,"{""retext"": ""我想看幼儿识字动画中常用字那种""}",我想看幼儿识字动画中常用字那种,llm_onecall,14615.9,OK,
404,少儿,第3轮,要钱吗,music_song_search,"{""retext"": ""《晓鹿老师 小小音乐课》要钱吗"", ""song"": [""晓鹿老师小小音乐课""]}",《晓鹿老师 小小音乐课》要钱吗,llm_onecall,16299.7,OK,
404,少儿,第4轮,常用字优先,educ_fuzzy_search,"{""retext"": ""我想看幼儿识字动画中常用字那种""}",我想看幼儿识字动画中常用字那种,llm_onecall,15664.7,OK,
404,少儿,第5轮,适合3到6岁的有吗,educ_search,"{""query"": {""and"": [{""field"": ""title"", ""value"": ""常用字""}, {""field"": ""content_type"", ""value"": ""动画""}, {""field"": ""age_range"", ""from"": ""3"", ""to"": ""6""}]}, ""retext"": ""我想看幼儿识字动画中常用字那种；适合3到6岁的有吗""}",我想看幼儿识字动画中常用字那种；适合3到6岁的有吗,llm_onecall,19984.4,OK,
405,少儿,第1轮,看看找儿童益智游戏视频,educ_search,"{""query"": {""and"": [{""field"": ""children_third_genre"", ""value"": ""益智""}, {""field"": ""children_third_genre"", ""value"": ""游戏""}]}, ""retext"": ""看看找儿童益智游戏视频""}",看看找儿童益智游戏视频,llm_onecall,13541.6,OK,
405,少儿,第2轮,适合学龄前的,educ_fuzzy_search,"{""retext"": ""适合学龄前的""}",适合学龄前的,llm_onecall,13317.9,OK,
405,少儿,第3轮,没有广告,educ_search,"{""query"": {""and"": [{""field"": ""age_range"", ""from"": ""0"", ""to"": ""6""}, {""field"": ""is_fee"", ""value"": ""0""}]}, ""retext"": ""适合学龄前的没有广告""}",适合学龄前的没有广告,llm_onecall,15196.1,OK,
405,少儿,第4轮,拼图类的,educ_search,"{""query"": {""and"": [{""field"": ""children_third_genre"", ""value"": ""益智""}, {""field"": ""children_third_genre"", ""value"": ""拼图""}, {""field"": ""is_fee"", ""value"": ""0""}, {""field"": ""age_range"", ""from"": ""0"", ""to"": ""6""}]}, ""retext"": ""看看找儿童益智游戏视频适合学龄前的没有广告拼图类的""}",看看找儿童益智游戏视频适合学龄前的没有广告拼图类的,llm_onecall,17999.7,OK,
405,少儿,第5轮,拼图那种,educ_search,"{""query"": {""and"": [{""field"": ""children_third_genre"", ""value"": ""益智""}, {""field"": ""children_third_genre"", ""value"": ""拼图""}, {""field"": ""is_fee"", ""value"": ""0""}, {""field"": ""age_range"", ""from"": ""0"", ""to"": ""6""}]}, ""retext"": ""看看找儿童益智游戏视频适合学龄前的没有广告拼图类的""}",看看找儿童益智游戏视频适合学龄前的没有广告拼图类的,llm_onecall,18412.8,OK,
406,少儿,第1轮,有哪些幼儿识字动画,fan_knowledge_agent,"{""messages"": [{""content"": ""有哪些幼儿识字动画"", ""role"": ""user""}], ""riskRespStrategy"": ""all_replace"", ""sceneTypeIntentList"": [{""sceneType"": ""child""}]}",有哪些幼儿识字动画,general_rule,17550.7,OK,
406,少儿,第2轮,要适合3到6岁的有没有,educ_search,"{""query"": {""and"": [{""field"": ""title"", ""value"": ""识字""}, {""field"": ""content_type"", ""value"": ""动画""}, {""field"": ""age_range"", ""from"": ""3"", ""to"": ""6""}]}, ""retext"": ""适合3到6岁的幼儿识字动画""}",适合3到6岁的幼儿识字动画,llm_onecall,15430.5,OK,
406,少儿,第3轮,要发音标准的,educ_search,"{""query"": {""and"": [{""field"": ""title"", ""value"": ""识字""}, {""field"": ""content_type"", ""value"": ""动画""}, {""field"": ""age_range"", ""from"": ""3"", ""to"": ""6""}]}, ""retext"": ""适合3到6岁的幼儿识字动画""}",适合3到6岁的幼儿识字动画,llm_onecall,15842.6,OK,
406,少儿,第4轮,先学常用字的,educ_search,"{""query"": {""and"": [{""field"": ""title"", ""value"": ""动画识字11""}, {""field"": ""training_objectives"", ""value"": ""先学常用字""}]}, ""retext"": ""《动画识字11》先学常用字的""}",《动画识字11》先学常用字的,llm_onecall,16987.7,OK,
406,少儿,第5轮,一次认一两个,educ_search,"{""query"": {""field"": ""title"", ""value"": ""动画识字11""}, ""retext"": ""《动画识字11》一次认一两个""}",《动画识字11》一次认一两个,llm_onecall,17747.5,OK,
407,少儿,第1轮,有没有好看的教小孩安全知识的动画,educ_search,"{""query"": {""and"": [{""field"": ""children_third_genre"", ""value"": ""安全知识""}, {""field"": ""content_type"", ""value"": ""动画""}]}, ""retext"": ""有没有好看的教小孩安全知识的动画""}",有没有好看的教小孩安全知识的动画,llm_onecall,27451.0,OK,
407,少儿,第2轮,讲交通安全的,educ_search,"{""query"": {""and"": [{""field"": ""children_third_genre"", ""value"": ""安全知识""}, {""field"": ""content_type"", ""value"": ""动画""}]}, ""retext"": ""有没有好看的教小孩安全知识的动画""}",有没有好看的教小孩安全知识的动画,llm_onecall,33269.3,OK,
407,少儿,第3轮,不要会员的那种,vod_search,"{""action"": ""search"", ""query"": {""and"": [{""field"": ""tag"", ""value"": ""交通安全""}, {""field"": ""is_fee"", ""value"": ""0""}]}, ""retext"": ""讲交通安全的不要会员的那种""}",讲交通安全的不要会员的那种,llm_onecall,16964.9,OK,
407,少儿,第4轮,有免费版吗,vod_search,"{""action"": ""search"", ""query"": {""and"": [{""field"": ""tag"", ""value"": ""交通安全""}, {""field"": ""is_fee"", ""value"": ""0""}]}, ""retext"": ""讲交通安全的不要会员的那种""}",讲交通安全的不要会员的那种,llm_onecall,18585.2,OK,
407,少儿,第5轮,三到六岁的,educ_search,"{""query"": {""and"": [{""field"": ""training_objectives"", ""value"": ""交通安全""}, {""field"": ""age_range"", ""from"": ""3"", ""to"": ""6""}, {""field"": ""is_fee"", ""value"": ""0""}]}, ""retext"": ""讲交通安全的不要会员的那种适合三到六岁的""}",讲交通安全的不要会员的那种适合三到六岁的,llm_onecall,16614.0,OK,
408,少儿,第1轮,我想看儿童科普节目,educ_search,"{""query"": {""field"": ""children_second_genre"", ""value"": ""科普""}, ""retext"": ""我想看儿童科普节目""}",我想看儿童科普节目,llm_onecall,14693.6,OK,
408,少儿,第2轮,航天知识,edu_fuzzy_search,"{""retext"": ""想看航天知识""}",想看航天知识,llm_onecall,14559.5,OK,
408,少儿,第3轮,宇宙的,vod_search,"{""action"": ""search"", ""query"": {""field"": ""title"", ""value"": ""宇宙""}, ""retext"": ""想看宇宙""}",想看宇宙,llm_onecall,16328.4,OK,
408,少儿,第4轮,适合小学生看的,edu_fuzzy_search,"{""retext"": ""适合小学生看的""}",适合小学生看的,llm_onecall,16206.3,OK,
408,少儿,第5轮,1080P的,educ_search,"{""query"": {""field"": ""children_second_genre"", ""value"": ""科普""}, ""retext"": ""想看1080P的儿童科普节目""}",想看1080P的儿童科普节目,llm_onecall,19081.0,OK,
409,少儿,第1轮,有啥好看的两岁宝宝看的动画,educ_search,"{""query"": {""and"": [{""field"": ""age_range"", ""from"": ""2"", ""to"": ""2""}, {""field"": ""content_type"", ""value"": ""动画""}]}, ""retext"": ""有啥好看的两岁宝宝看的动画""}",有啥好看的两岁宝宝看的动画,llm_onecall,15008.9,OK,
409,少儿,第2轮,5分钟一集,educ_search,"{""query"": {""field"": ""title"", ""value"": ""小猪一家亲""}, ""retext"": ""《小猪一家亲》""}",《小猪一家亲》,llm_onecall,13535.5,OK,
409,少儿,第3轮,不用花钱的有吗,educ_search,"{""query"": {""and"": [{""field"": ""title"", ""value"": ""小猪一家亲""}, {""field"": ""is_fee"", ""value"": ""0""}]}, ""retext"": ""《小猪一家亲》不用花钱的有吗""}",《小猪一家亲》不用花钱的有吗,llm_onecall,17443.9,OK,
409,少儿,第4轮,不打斗的,educ_search,"{""query"": {""and"": [{""field"": ""title"", ""value"": ""小猪一家亲""}, {""field"": ""training_objectives"", ""value"": ""不打斗""}]}, ""retext"": ""《小猪一家亲》不打斗""}",《小猪一家亲》不打斗,llm_onecall,18077.4,OK,
409,少儿,第5轮,温和的,educ_fuzzy_search,"{""retext"": ""《小猪一家亲》温和的""}",《小猪一家亲》温和的,llm_onecall,19183.3,OK,
41,影视,第1轮,放好看的纪录片,vod_search,"{""action"": ""play"", ""query"": {""field"": ""category"", ""value"": ""纪录片""}, ""retext"": ""放好看的纪录片"", ""sort"": {""hot"": {""order"": ""desc""}}}",放好看的纪录片,llm_onecall,16526.0,OK,
41,影视,第2轮,要播放量高点的,vod_search,"{""action"": ""play"", ""query"": {""field"": ""category"", ""value"": ""纪录片""}, ""retext"": ""播放播放量高的纪录片"", ""sort"": {""play"": {""order"": ""desc""}}}",播放播放量高的纪录片,llm_onecall,17390.8,OK,
41,影视,第3轮,免费的吗,vod_search,"{""action"": ""play"", ""query"": {""field"": ""category"", ""value"": ""纪录片""}, ""retext"": ""播放播放量高的纪录片"", ""sort"": {""play"": {""order"": ""desc""}}}",播放播放量高的纪录片,llm_onecall,31521.4,OK,
41,影视,第4轮,不花钱的有没有,vod_search,"{""action"": ""play"", ""query"": {""field"": ""category"", ""value"": ""纪录片""}, ""retext"": ""播放播放量高的纪录片"", ""sort"": {""play"": {""order"": ""desc""}}}",播放播放量高的纪录片,llm_onecall,39123.3,OK,
41,影视,第5轮,国产的有没有的那种,vod_search_all,"{""action"": ""play"", ""query"": {""and"": [{""field"": ""area"", ""value"": ""国产""}, {""field"": ""category"", ""value"": ""纪录片""}, {""field"": ""is_fee"", ""value"": ""0""}]}, ""retext"": ""播放免费的国产纪录片""}",播放免费的国产纪录片,llm_onecall,17536.6,OK,
410,少儿,第1轮,有啥好看的教小孩安全知识的动画,educ_search,"{""query"": {""and"": [{""field"": ""title"", ""value"": ""安全知识""}, {""field"": ""content_type"", ""value"": ""动画""}]}, ""retext"": ""有啥好看的教小孩安全知识的动画""}",有啥好看的教小孩安全知识的动画,llm_onecall,29465.5,OK,
410,少儿,第2轮,带字幕的,educ_fuzzy_search,"{""retext"": ""带字幕的""}",带字幕的,llm_onecall,15821.4,OK,
410,少儿,第3轮,免费版有吗,educ_search,"{""query"": {""and"": [{""or"": [{""field"": ""children_third_genre"", ""value"": ""安全知识""}, {""field"": ""training_objectives"", ""value"": ""安全知识""}]}, {""field"": ""content_type"", ""value"": ""动画""}, {""field"": ""is_fee"", ""value"": ""0""}]}, ""retext"": ""有啥好看的教小孩安全知识的动画带字幕的免费版有吗""}",有啥好看的教小孩安全知识的动画带字幕的免费版有吗,llm_onecall,18102.5,OK,
410,少儿,第4轮,学龄前的,educ_search,"{""query"": {""and"": [{""or"": [{""field"": ""children_third_genre"", ""value"": ""安全知识""}, {""field"": ""training_objectives"", ""value"": ""安全知识""}]}, {""field"": ""content_type"", ""value"": ""动画""}, {""field"": ""is_fee"", ""value"": ""0""}, {""field"": ""age_range"", ""from"": ""0"", ""to"": ""6""}]}, ""retext"": ""有啥好看的教小孩安全知识的动画带字幕的免费版有吗；学龄前的""}",有啥好看的教小孩安全知识的动画带字幕的免费版有吗；学龄前的,llm_onecall,19864.7,OK,
410,少儿,第5轮,交通安全那种,educ_search,"{""query"": {""and"": [{""or"": [{""field"": ""children_third_genre"", ""value"": ""交通安全""}, {""field"": ""training_objectives"", ""value"": ""安全知识""}]}, {""field"": ""content_type"", ""value"": ""动画""}, {""field"": ""is_fee"", ""value"": ""0""}, {""field"": ""age_range"", ""from"": ""0"", ""to"": ""6""}]}, ""retext"": ""有啥好看的教小孩安全知识的动画带字幕的免费版有吗；学龄前的；交通安全那种""}",有啥好看的教小孩安全知识的动画带字幕的免费版有吗；学龄前的；交通安全那种,llm_onecall,16999.4,OK,
411,少儿,第1轮,推荐几部启蒙数学的动画片,educ_search,"{""query"": {""and"": [{""field"": ""children_second_genre"", ""value"": ""数学""}, {""field"": ""training_objectives"", ""value"": ""启蒙""}, {""field"": ""content_type"", ""value"": ""动画""}]}, ""retext"": ""推荐几部启蒙数学的动画片""}",推荐几部启蒙数学的动画片,llm_onecall,14853.3,OK,
411,少儿,第2轮,算术启蒙的,educ_search,"{""query"": {""and"": [{""field"": ""training_objectives"", ""value"": ""算术启蒙""}, {""field"": ""content_type"", ""value"": ""动画""}]}, ""retext"": ""推荐几部算术启蒙的动画片""}",推荐几部算术启蒙的动画片,llm_onecall,15310.9,OK,
411,少儿,第3轮,生动的,educ_search,"{""query"": {""and"": [{""field"": ""training_objectives"", ""value"": ""算术启蒙""}, {""field"": ""content_type"", ""value"": ""动画""}]}, ""retext"": ""推荐几部生动的算术启蒙动画片""}",推荐几部生动的算术启蒙动画片,llm_onecall,16923.0,OK,
411,少儿,第4轮,加减法那种,educ_search,"{""query"": {""and"": [{""field"": ""training_objectives"", ""value"": ""算术启蒙""}, {""field"": ""content_type"", ""value"": ""动画""}]}, ""retext"": ""推荐几部生动的算术启蒙动画片""}",推荐几部生动的算术启蒙动画片,llm_onecall,18044.4,OK,
411,少儿,第5轮,颜色鲜艳的,educ_fuzzy_search,"{""retext"": ""推荐几部颜色鲜艳的算术启蒙动画片""}",推荐几部颜色鲜艳的算术启蒙动画片,llm_onecall,17046.7,OK,
412,少儿,第1轮,幼儿识字动画有哪些,fan_knowledge_agent,"{""messages"": [{""content"": ""幼儿识字动画有哪些"", ""role"": ""user""}], ""riskRespStrategy"": ""all_replace"", ""sceneTypeIntentList"": [{""sceneType"": ""child""}]}",幼儿识字动画有哪些,general_rule,15478.0,OK,
412,少儿,第2轮,单集教一两个,educ_search,"{""query"": {""and"": [{""field"": ""content_type"", ""value"": ""动画""}, {""field"": ""training_objectives"", ""value"": ""识字""}, {""field"": ""video_index"", ""value"": ""1""}]}, ""retext"": ""单集教一两个字的幼儿识字动画""}",单集教一两个字的幼儿识字动画,llm_onecall,15751.3,OK,
412,少儿,第3轮,发音标准的,educ_fuzzy_search,"{""retext"": ""发音标准的""}",发音标准的,llm_onecall,15164.6,OK,
412,少儿,第4轮,先学常用字的,edu_fuzzy_search,"{""retext"": ""先学常用字的""}",先学常用字的,llm_onecall,16495.6,OK,
412,少儿,第5轮,常用字那种,edu_fuzzy_search,"{""retext"": ""先学常用字的""}",先学常用字的,llm_onecall,17196.9,OK,
413,少儿,第1轮,有什么好看的找儿童益智游戏视频,educ_search,"{""query"": {""and"": [{""field"": ""children_third_genre"", ""value"": ""益智""}, {""field"": ""children_third_genre"", ""value"": ""游戏""}]}, ""retext"": ""有什么好看的找儿童益智游戏视频""}",有什么好看的找儿童益智游戏视频,llm_onecall,14787.6,OK,
413,少儿,第2轮,拼图那种,educ_search,"{""query"": {""and"": [{""field"": ""children_third_genre"", ""value"": ""益智""}, {""field"": ""children_third_genre"", ""value"": ""游戏""}]}, ""retext"": ""有什么好看的找儿童益智游戏视频""}",有什么好看的找儿童益智游戏视频,llm_onecall,15347.2,OK,
413,少儿,第3轮,无广告的,educ_search,"{""query"": {""and"": [{""field"": ""children_third_genre"", ""value"": ""益智""}, {""field"": ""content_type"", ""value"": ""游戏""}]}, ""retext"": ""找无广告的儿童益智游戏视频""}",找无广告的儿童益智游戏视频,llm_onecall,16877.5,OK,
413,少儿,第4轮,拼图类的,educ_search,"{""query"": {""and"": [{""field"": ""children_third_genre"", ""value"": ""益智""}, {""field"": ""content_type"", ""value"": ""游戏""}]}, ""retext"": ""找无广告的儿童益智游戏视频""}",找无广告的儿童益智游戏视频,llm_onecall,18630.5,OK,
413,少儿,第5轮,没有广告,educ_search,"{""query"": {""and"": [{""field"": ""children_third_genre"", ""value"": ""益智""}, {""field"": ""content_type"", ""value"": ""游戏""}]}, ""retext"": ""找无广告的儿童益智游戏视频""}",找无广告的儿童益智游戏视频,llm_onecall,17798.2,OK,
414,少儿,第1轮,看看两岁宝宝看的动画,educ_search,"{""query"": {""and"": [{""field"": ""age_range"", ""from"": ""2"", ""to"": ""2""}, {""field"": ""content_type"", ""value"": ""动画""}]}, ""retext"": ""看看两岁宝宝看的动画""}",看看两岁宝宝看的动画,llm_onecall,15397.5,OK,
414,少儿,第2轮,单集五分钟的,educ_search,"{""query"": {""and"": [{""field"": ""title"", ""value"": ""小猪一家亲""}, {""field"": ""voice_start_pos"", ""value"": ""300""}]}, ""retext"": ""《小猪一家亲》单集五分钟""}",《小猪一家亲》单集五分钟,llm_onecall,17026.4,OK,
414,少儿,第3轮,节奏慢点的,educ_search,"{""query"": {""and"": [{""field"": ""age_range"", ""from"": ""2"", ""to"": ""2""}, {""field"": ""content_type"", ""value"": ""动画""}]}, ""retext"": ""看看节奏慢点的两岁宝宝看的动画""}",看看节奏慢点的两岁宝宝看的动画,llm_onecall,18271.9,OK,
414,少儿,第4轮,不打斗的,educ_search,"{""query"": {""and"": [{""field"": ""age_range"", ""from"": ""2"", ""to"": ""2""}, {""field"": ""content_type"", ""value"": ""动画""}]}, ""retext"": ""看看不打斗的两岁宝宝看的动画""}",看看不打斗的两岁宝宝看的动画,llm_onecall,18949.2,OK,
414,少儿,第5轮,要慢节奏的,educ_search,"{""query"": {""and"": [{""field"": ""age_range"", ""from"": ""2"", ""to"": ""2""}, {""field"": ""content_type"", ""value"": ""动画""}]}, ""retext"": ""看看慢节奏的两岁宝宝看的动画""}",看看慢节奏的两岁宝宝看的动画,llm_onecall,17456.7,OK,
415,少儿,第1轮,好看的启蒙数学的动画片,educ_search,"{""query"": {""and"": [{""field"": ""title"", ""value"": ""启蒙""}, {""field"": ""children_second_genre"", ""value"": ""数学""}, {""field"": ""content_type"", ""value"": ""动画""}]}, ""retext"": ""好看的启蒙数学的动画片""}",好看的启蒙数学的动画片,llm_onecall,15230.5,OK,
415,少儿,第2轮,适合4岁的,educ_search,"{""query"": {""and"": [{""field"": ""title"", ""value"": ""宝宝巴士之启蒙教育游戏123""}, {""field"": ""age_range"", ""from"": ""4"", ""to"": ""4""}]}, ""retext"": ""《宝宝巴士之启蒙教育游戏123》适合4岁的""}",《宝宝巴士之启蒙教育游戏123》适合4岁的,llm_onecall,17760.6,OK,
415,少儿,第3轮,加减法那种,educ_fuzzy_search,"{""retext"": ""《宝宝巴士之启蒙教育游戏123》是加减法那种""}",《宝宝巴士之启蒙教育游戏123》是加减法那种,llm_onecall,17717.8,OK,
415,少儿,第4轮,一季以上的有吗,educ_search,"{""query"": {""and"": [{""field"": ""title"", ""value"": ""宝宝巴士之启蒙教育游戏123""}, {""field"": ""series"", ""from"": ""2""}]}, ""retext"": ""《宝宝巴士之启蒙教育游戏123》一季以上的有吗""}",《宝宝巴士之启蒙教育游戏123》一季以上的有吗,llm_onecall,20342.1,OK,
415,少儿,第5轮,生动的,educ_fuzzy_search,"{""retext"": ""生动的""}",生动的,llm_onecall,15158.9,OK,
416,少儿,第1轮,找点教小孩安全知识的动画,educ_search,"{""query"": {""and"": [{""field"": ""title"", ""value"": ""安全知识""}, {""field"": ""content_type"", ""value"": ""动画""}]}, ""retext"": ""找点教小孩安全知识的动画""}",找点教小孩安全知识的动画,llm_onecall,32450.7,OK,
416,少儿,第2轮,免费版有吗,music_song_search,"{""retext"": ""《晓鹿老师 小小音乐课》有免费版吗"", ""singer"": [""晓鹿老师""], ""song"": [""小小音乐课""], ""version"": [""免费版""]}",《晓鹿老师 小小音乐课》有免费版吗,llm_onecall,17249.2,OK,
416,少儿,第3轮,交通安全那种,educ_search,"{""query"": {""and"": [{""field"": ""children_third_genre"", ""value"": ""交通安全""}, {""field"": ""content_type"", ""value"": ""动画""}]}, ""retext"": ""找点教小孩交通安全知识的动画""}",找点教小孩交通安全知识的动画,llm_onecall,32073.4,OK,
416,少儿,第4轮,带字幕的,educ_search,"{""query"": {""and"": [{""field"": ""children_third_genre"", ""value"": ""交通安全""}, {""field"": ""content_type"", ""value"": ""动画""}]}, ""retext"": ""找点教小孩交通安全知识的动画""}",找点教小孩交通安全知识的动画,llm_onecall,31003.0,OK,
416,少儿,第5轮,过马路安全的,educ_search,"{""query"": {""and"": [{""field"": ""children_third_genre"", ""value"": ""交通安全""}, {""field"": ""content_type"", ""value"": ""动画""}]}, ""retext"": ""找点教小孩过马路安全的动画""}",找点教小孩过马路安全的动画,llm_onecall,30723.7,OK,
417,少儿,第1轮,推荐些儿童科普节目,educ_search,"{""query"": {""field"": ""children_second_genre"", ""value"": ""科普""}, ""retext"": ""推荐些儿童科普节目""}",推荐些儿童科普节目,llm_onecall,16269.3,OK,
417,少儿,第2轮,小学生看的那种,educ_search,"{""query"": {""and"": [{""field"": ""children_second_genre"", ""value"": ""科普""}, {""field"": ""children_second_genre"", ""value"": ""节目""}]}, ""retext"": ""推荐小学生看的儿童科普节目""}",推荐小学生看的儿童科普节目,llm_onecall,18263.1,OK,
417,少儿,第3轮,高清1080的,educ_search,"{""query"": {""and"": [{""field"": ""children_second_genre"", ""value"": ""科普""}, {""field"": ""age_range"", ""from"": ""6"", ""to"": ""12""}]}, ""retext"": ""推荐小学生看的儿童科普节目；高清1080的""}",推荐小学生看的儿童科普节目；高清1080的,llm_onecall,19896.1,OK,
417,少儿,第4轮,1080P的,educ_search,"{""query"": {""and"": [{""field"": ""children_second_genre"", ""value"": ""科普""}, {""field"": ""age_range"", ""from"": ""6"", ""to"": ""12""}]}, ""retext"": ""推荐小学生看的儿童科普节目；高清1080的""}",推荐小学生看的儿童科普节目；高清1080的,llm_onecall,18666.9,OK,
417,少儿,第5轮,免费的有吗,educ_search,"{""query"": {""and"": [{""field"": ""children_second_genre"", ""value"": ""科普""}, {""field"": ""age_range"", ""from"": ""6"", ""to"": ""12""}]}, ""retext"": ""推荐小学生看的儿童科普节目""}",推荐小学生看的儿童科普节目,llm_onecall,53479.5,OK,
418,少儿,第1轮,有什么好看的两岁宝宝看的动画,educ_search,"{""query"": {""and"": [{""field"": ""age_range"", ""from"": ""2"", ""to"": ""2""}, {""field"": ""content_type"", ""value"": ""动画""}]}, ""retext"": ""有什么好看的两岁宝宝看的动画""}",有什么好看的两岁宝宝看的动画,llm_onecall,16666.3,OK,
418,少儿,第2轮,节奏慢点的,educ_fuzzy_search,"{""retext"": ""节奏慢点的""}",节奏慢点的,llm_onecall,14943.8,OK,
418,少儿,第3轮,慢节奏的,educ_search,"{""query"": {""and"": [{""field"": ""age_range"", ""from"": ""2"", ""to"": ""2""}, {""field"": ""content_type"", ""value"": ""动画""}]}, ""retext"": ""有什么好看的两岁宝宝看的动画；节奏慢点的""}",有什么好看的两岁宝宝看的动画；节奏慢点的,llm_onecall,20486.9,OK,
418,少儿,第4轮,中文的有吗,educ_search,"{""query"": {""and"": [{""field"": ""age_range"", ""from"": ""2"", ""to"": ""2""}, {""field"": ""content_type"", ""value"": ""动画""}, {""field"": ""language"", ""value"": ""中文""}]}, ""retext"": ""有什么好看的两岁宝宝看的动画；节奏慢点的；中文的有吗""}",有什么好看的两岁宝宝看的动画；节奏慢点的；中文的有吗,llm_onecall,15758.1,OK,
418,少儿,第5轮,不打斗的,educ_search,"{""query"": {""and"": [{""field"": ""content_type"", ""value"": ""动画""}, {""field"": ""age_range"", ""from"": ""2"", ""to"": ""2""}, {""field"": ""language"", ""value"": ""中文""}]}, ""retext"": ""有什么好看的两岁宝宝看的动画；节奏慢点的；中文的有吗；不打斗的""}",有什么好看的两岁宝宝看的动画；节奏慢点的；中文的有吗；不打斗的,llm_onecall,18069.2,OK,
419,少儿,第1轮,推荐几部教小孩安全知识的动画,educ_search,"{""query"": {""and"": [{""field"": ""children_third_genre"", ""value"": ""安全知识""}, {""field"": ""content_type"", ""value"": ""动画""}]}, ""retext"": ""推荐几部教小孩安全知识的动画""}",推荐几部教小孩安全知识的动画,llm_onecall,17666.2,OK,
419,少儿,第2轮,适合3到6岁的,educ_search,"{""query"": {""and"": [{""field"": ""content_type"", ""value"": ""动画""}, {""field"": ""age_range"", ""from"": ""3"", ""to"": ""6""}]}, ""retext"": ""推荐适合3到6岁看的动画片""}",推荐适合3到6岁看的动画片,llm_onecall,15983.1,OK,
419,少儿,第3轮,交通规则的,educ_search,"{""query"": {""and"": [{""field"": ""title"", ""value"": ""交通规则""}, {""field"": ""content_type"", ""value"": ""动画""}, {""field"": ""age_range"", ""from"": ""3"", ""to"": ""6""}]}, ""retext"": ""推荐适合3到6岁看的动画片交通规则""}",推荐适合3到6岁看的动画片交通规则,llm_onecall,20187.5,OK,
419,少儿,第4轮,3-6岁的,educ_search,"{""query"": {""and"": [{""field"": ""title"", ""value"": ""交通规则""}, {""field"": ""content_type"", ""value"": ""动画""}, {""field"": ""age_range"", ""from"": ""3"", ""to"": ""6""}]}, ""retext"": ""推荐适合3到6岁看的动画片交通规则""}",推荐适合3到6岁看的动画片交通规则,llm_onecall,16536.6,OK,
419,少儿,第5轮,过马路安全的,educ_search,"{""query"": {""and"": [{""field"": ""content_type"", ""value"": ""动画""}, {""field"": ""training_objectives"", ""value"": ""交通规则过马路安全""}, {""field"": ""age_range"", ""from"": ""3"", ""to"": ""6""}]}, ""retext"": ""推荐适合3到6岁看的动画片交通规则过马路安全的""}",推荐适合3到6岁看的动画片交通规则过马路安全的,llm_onecall,17234.1,OK,
42,影视,第1轮,推荐几部评分高的纪录片,vod_personalized_search,"{""query"": {""and"": [{""field"": ""category"", ""value"": ""纪录片""}, {""field"": ""rate"", ""from"": ""8"", ""to"": ""*""}]}}",推荐几部评分高的纪录片,llm_onecall,17932.7,OK,
42,影视,第2轮,免费的有没有,vod_search,"{""action"": ""search"", ""query"": {""and"": [{""field"": ""category"", ""value"": ""纪录片""}, {""field"": ""is_fee"", ""value"": ""0""}]}, ""retext"": ""有没有免费的评分高的纪录片"", ""sort"": {""rate"": {""order"": ""desc""}}}",有没有免费的评分高的纪录片,llm_onecall,15631.6,OK,
42,影视,第3轮,打分高点的,vod_search,"{""action"": ""search"", ""query"": {""and"": [{""field"": ""category"", ""value"": ""纪录片""}, {""field"": ""is_fee"", ""value"": ""0""}]}, ""retext"": ""有没有免费的评分高的纪录片"", ""sort"": {""rate"": {""order"": ""desc""}}}",有没有免费的评分高的纪录片,llm_onecall,15785.3,OK,
42,影视,第4轮,打分高的,vod_search,"{""action"": ""search"", ""query"": {""and"": [{""field"": ""category"", ""value"": ""纪录片""}, {""field"": ""is_fee"", ""value"": ""0""}]}, ""retext"": ""有没有免费的评分高的纪录片"", ""sort"": {""rate"": {""order"": ""desc""}}}",有没有免费的评分高的纪录片,llm_onecall,14430.4,OK,
42,影视,第5轮,评分高一些的,vod_search,"{""action"": ""search"", ""query"": {""and"": [{""field"": ""category"", ""value"": ""纪录片""}, {""field"": ""is_fee"", ""value"": ""0""}]}, ""retext"": ""有没有免费的评分高的纪录片"", ""sort"": {""rate"": {""order"": ""desc""}}}",有没有免费的评分高的纪录片,llm_onecall,17790.6,OK,
420,少儿,第1轮,来几部儿童科普节目,educ_search,"{""query"": {""field"": ""children_second_genre"", ""value"": ""科普""}, ""retext"": ""来几部儿童科普节目""}",来几部儿童科普节目,llm_onecall,16429.7,OK,
420,少儿,第2轮,太空那种,educ_search,"{""query"": {""and"": [{""field"": ""title"", ""value"": ""太空""}, {""field"": ""children_second_genre"", ""value"": ""科普""}]}, ""retext"": ""想看太空儿童科普节目""}",想看太空儿童科普节目,llm_onecall,17788.6,OK,
420,少儿,第3轮,小学生能看的,educ_search,"{""query"": {""and"": [{""field"": ""children_second_genre"", ""value"": ""科普""}, {""field"": ""title"", ""value"": ""太空""}]}, ""retext"": ""小学生能看的太空儿童科普节目""}",小学生能看的太空儿童科普节目,llm_onecall,17559.9,OK,
420,少儿,第4轮,宇宙的,educ_fuzzy_search,"{""retext"": ""宇宙的""}",宇宙的,llm_onecall,13726.7,OK,
420,少儿,第5轮,高清1080的,educ_fuzzy_search,"{""retext"": ""高清1080的""}",高清1080的,llm_onecall,14579.7,OK,
421,少儿,第1轮,来点教小孩安全知识的动画,educ_search,"{""query"": {""and"": [{""field"": ""children_third_genre"", ""value"": ""安全知识""}, {""field"": ""content_type"", ""value"": ""动画""}]}, ""retext"": ""来点教小孩安全知识的动画""}",来点教小孩安全知识的动画,llm_onecall,35385.2,OK,
421,少儿,第2轮,讲交通安全的,vod_fuzzy_search,"{""retext"": ""讲交通安全的""}",讲交通安全的,llm_onecall,16950.5,OK,
421,少儿,第3轮,免费的那种,vod_search,"{""action"": ""search"", ""query"": {""field"": ""is_fee"", ""value"": ""0""}, ""retext"": ""免费的那种""}",免费的那种,llm_onecall,14600.8,OK,
421,少儿,第4轮,过马路安全的,educ_search,"{""query"": {""and"": [{""or"": [{""field"": ""children_third_genre"", ""value"": ""交通安全""}, {""field"": ""training_objectives"", ""value"": ""交通安全""}]}, {""field"": ""content_type"", ""value"": ""动画""}]}, ""retext"": ""教小孩交通安全过马路安全的动画""}",教小孩交通安全过马路安全的动画,llm_onecall,30193.7,OK,
421,少儿,第5轮,有免费版吗,educ_search,"{""query"": {""and"": [{""or"": [{""field"": ""children_third_genre"", ""value"": ""交通安全""}, {""field"": ""training_objectives"", ""value"": ""交通安全""}]}, {""field"": ""content_type"", ""value"": ""动画""}, {""field"": ""is_fee"", ""value"": ""0""}]}, ""retext"": ""教小孩交通安全过马路安全的动画有免费版吗""}",教小孩交通安全过马路安全的动画有免费版吗,llm_onecall,17247.1,OK,
422,少儿,第1轮,推荐几部3岁小孩听的儿歌,educ_search,"{""query"": {""and"": [{""field"": ""age_range"", ""from"": ""3"", ""to"": ""3""}, {""field"": ""content_type"", ""value"": ""儿歌""}]}, ""retext"": ""推荐几部3岁小孩听的儿歌""}",推荐几部3岁小孩听的儿歌,llm_onecall,17664.0,OK,
422,少儿,第2轮,要可以跟唱的,educ_search,"{""query"": {""and"": [{""field"": ""age_range"", ""from"": ""3"", ""to"": ""3""}, {""field"": ""content_type"", ""value"": ""儿歌""}, {""field"": ""training_objectives"", ""value"": ""跟唱""}]}, ""retext"": ""推荐几部3岁小孩听的可以跟唱的儿歌""}",推荐几部3岁小孩听的可以跟唱的儿歌,llm_onecall,20171.0,OK,
422,少儿,第3轮,不要钱的,educ_search,"{""query"": {""and"": [{""field"": ""age_range"", ""from"": ""3"", ""to"": ""3""}, {""field"": ""content_type"", ""value"": ""儿歌""}, {""field"": ""training_objectives"", ""value"": ""跟唱""}]}, ""retext"": ""推荐几部3岁小孩听的可以跟唱的儿歌""}",推荐几部3岁小孩听的可以跟唱的儿歌,llm_onecall,17448.1,OK,
422,少儿,第4轮,去年的有吗,educ_search_all,"{""query"": {""and"": [{""field"": ""release_time"", ""from"": ""20260101"", ""to"": ""20261231""}, {""field"": ""age_range"", ""from"": ""3"", ""to"": ""3""}, {""field"": ""content_type"", ""value"": ""儿歌""}]}, ""retext"": ""去年的3岁小孩听的可以跟唱的儿歌""}",去年的3岁小孩听的可以跟唱的儿歌,llm_onecall,19037.7,OK,
422,少儿,第5轮,能跟着唱的,educ_search_all,"{""query"": {""and"": [{""field"": ""release_time"", ""from"": ""20260101"", ""to"": ""20261231""}, {""field"": ""age_range"", ""from"": ""3"", ""to"": ""3""}, {""field"": ""content_type"", ""value"": ""儿歌""}]}, ""retext"": ""去年的3岁小孩听的可以跟唱的儿歌""}",去年的3岁小孩听的可以跟唱的儿歌,llm_onecall,16980.0,OK,
423,少儿,第1轮,来几部启蒙数学的动画片,educ_search,"{""query"": {""and"": [{""field"": ""children_second_genre"", ""value"": ""数学""}, {""field"": ""training_objectives"", ""value"": ""启蒙""}, {""field"": ""content_type"", ""value"": ""动画""}]}, ""retext"": ""来几部启蒙数学的动画片""}",来几部启蒙数学的动画片,llm_onecall,16780.7,OK,
423,少儿,第2轮,适合四岁宝宝,educ_search,"{""query"": {""and"": [{""field"": ""age_range"", ""from"": ""4"", ""to"": ""4""}, {""field"": ""content_type"", ""value"": ""动画""}]}, ""retext"": ""适合四岁宝宝的动画片""}",适合四岁宝宝的动画片,llm_onecall,19260.3,OK,
423,少儿,第3轮,颜色鲜艳的,educ_search,"{""query"": {""and"": [{""field"": ""age_range"", ""from"": ""4"", ""to"": ""4""}, {""field"": ""content_type"", ""value"": ""动画""}]}, ""retext"": ""适合四岁宝宝的动画片""}",适合四岁宝宝的动画片,llm_onecall,16942.7,OK,
423,少儿,第4轮,要4岁能看的,educ_search,"{""query"": {""and"": [{""field"": ""age_range"", ""from"": ""4"", ""to"": ""4""}, {""field"": ""content_type"", ""value"": ""动画""}]}, ""retext"": ""适合四岁宝宝的动画片""}",适合四岁宝宝的动画片,llm_onecall,17290.0,OK,
423,少儿,第5轮,算术启蒙的,educ_search,"{""query"": {""and"": [{""field"": ""training_objectives"", ""value"": ""算术启蒙""}, {""field"": ""content_type"", ""value"": ""动画""}]}, ""retext"": ""想看算术启蒙的动画片""}",想看算术启蒙的动画片,llm_onecall,29753.2,OK,
424,少儿,第1轮,来一部恐龙科普动画,educ_search,"{""query"": {""and"": [{""field"": ""content_type"", ""value"": ""动画""}, {""field"": ""children_third_genre"", ""value"": ""恐龙""}, {""field"": ""children_second_genre"", ""value"": ""科普""}]}, ""retext"": ""来一部恐龙科普动画""}",来一部恐龙科普动画,llm_onecall,34293.8,OK,
424,少儿,第2轮,多季的,educ_search,"{""query"": {}, ""retext"": ""多季的""}",多季的,llm_onecall,15174.9,OK,
424,少儿,第3轮,8岁能看的,educ_search,"{""query"": {""and"": [{""field"": ""content_type"", ""value"": ""动画""}, {""field"": ""children_third_genre"", ""value"": ""恐龙""}, {""field"": ""children_second_genre"", ""value"": ""科普""}, {""field"": ""age_range"", ""from"": ""8"", ""to"": ""8""}]}, ""retext"": ""8岁能看的恐龙科普动画""}",8岁能看的恐龙科普动画,llm_onecall,16542.9,OK,
424,少儿,第4轮,换一个其他类型的,educ_fuzzy_search,"{""retext"": ""换一个其他类型的""}",换一个其他类型的,llm_onecall,14760.7,OK,
424,少儿,第5轮,季数多的,educ_search,"{""query"": {}, ""retext"": ""季数多的""}",季数多的,llm_onecall,13699.5,OK,
425,少儿,第1轮,有没有好看的幼儿识字动画,educ_search,"{""query"": {""and"": [{""field"": ""training_objectives"", ""value"": ""识字""}, {""field"": ""content_type"", ""value"": ""动画""}]}, ""retext"": ""有没有好看的幼儿识字动画""}",有没有好看的幼儿识字动画,llm_onecall,16990.6,OK,
425,少儿,第2轮,收费吗,music_song_search,"{""retext"": ""《晓鹿老师 小小音乐课》收费吗"", ""song"": [""晓鹿老师小小音乐课""]}",《晓鹿老师 小小音乐课》收费吗,llm_onecall,19349.5,OK,
425,少儿,第3轮,每集一两个字,music_song_search,"{""retext"": ""《晓鹿老师 小小音乐课》每集一两个字"", ""song"": [""晓鹿老师 小小音乐课""]}",《晓鹿老师 小小音乐课》每集一两个字,llm_onecall,14794.8,OK,
425,少儿,第4轮,要付费吗,music_song_search,"{""retext"": ""《晓鹿老师 小小音乐课》收费吗"", ""song"": [""晓鹿老师小小音乐课""]}",《晓鹿老师 小小音乐课》收费吗,llm_onecall,15897.6,OK,
425,少儿,第5轮,常用字那种,music_song_search,"{""album"": [""晓鹿老师小小音乐课""], ""retext"": ""《晓鹿老师 小小音乐课》常用字"", ""song"": [""常用字""]}",《晓鹿老师 小小音乐课》常用字,llm_onecall,15572.5,OK,
426,少儿,第1轮,最近想看两岁宝宝看的动画,educ_search,"{""query"": {""and"": [{""field"": ""age_range"", ""from"": ""2"", ""to"": ""2""}, {""field"": ""content_type"", ""value"": ""动画""}]}, ""retext"": ""最近想看两岁宝宝看的动画""}",最近想看两岁宝宝看的动画,llm_onecall,17251.4,OK,
426,少儿,第2轮,没有暴力画面的那种,educ_search,"{""query"": {""and"": [{""field"": ""age_range"", ""from"": ""2"", ""to"": ""2""}, {""field"": ""content_type"", ""value"": ""动画""}, {""field"": ""training_objectives"", ""value"": ""暴力""}]}, ""retext"": ""最近想看两岁宝宝看的动画没有暴力画面的那种""}",最近想看两岁宝宝看的动画没有暴力画面的那种,llm_onecall,19353.0,OK,
426,少儿,第3轮,没有打斗的,educ_search,"{""query"": {""and"": [{""field"": ""content_type"", ""value"": ""动画""}, {""field"": ""age_range"", ""from"": ""2"", ""to"": ""2""}, {""field"": ""children_third_genre"", ""value"": ""无打斗""}]}, ""retext"": ""最近想看两岁宝宝看的动画没有打斗的""}",最近想看两岁宝宝看的动画没有打斗的,llm_onecall,16826.0,OK,
426,少儿,第4轮,画面慢一点的,educ_search,"{""query"": {""and"": [{""field"": ""age_range"", ""from"": ""2"", ""to"": ""2""}, {""field"": ""content_type"", ""value"": ""动画""}]}, ""retext"": ""最近想看两岁宝宝看的动画没有打斗的画面慢一点的""}",最近想看两岁宝宝看的动画没有打斗的画面慢一点的,llm_onecall,17119.3,OK,
426,少儿,第5轮,中文的有吗,educ_search,"{""query"": {""and"": [{""field"": ""age_range"", ""from"": ""2"", ""to"": ""2""}, {""field"": ""content_type"", ""value"": ""动画""}, {""field"": ""language"", ""value"": ""中文""}]}, ""retext"": ""最近想看两岁宝宝看的动画没有打斗的画面慢一点的中文的有吗""}",最近想看两岁宝宝看的动画没有打斗的画面慢一点的中文的有吗,llm_onecall,16443.8,OK,
427,少儿,第1轮,想看恐龙科普动画,educ_search,"{""query"": {""and"": [{""field"": ""content_type"", ""value"": ""动画""}, {""field"": ""children_third_genre"", ""value"": ""恐龙""}, {""field"": ""children_second_genre"", ""value"": ""科普""}]}, ""retext"": ""想看恐龙科普动画""}",想看恐龙科普动画,llm_onecall,36347.4,OK,
427,少儿,第2轮,换一种的,educ_search,"{""query"": {""and"": [{""field"": ""content_type"", ""value"": ""动画""}, {""field"": ""children_second_genre"", ""value"": ""科普""}, {""field"": ""title"", ""value"": ""恐龙""}]}, ""retext"": ""想看恐龙科普动画""}",想看恐龙科普动画,llm_onecall,32760.6,OK,
427,少儿,第3轮,多季的,educ_search,"{""query"": {""and"": [{""field"": ""title"", ""value"": ""帮帮龙之恐龙探险队""}, {""field"": ""series"", ""value"": ""1""}]}, ""retext"": ""《帮帮龙之恐龙探险队第一季》""}",《帮帮龙之恐龙探险队第一季》,llm_onecall,16176.8,OK,
427,少儿,第4轮,适合8岁男孩的,educ_search,"{""query"": {""and"": [{""field"": ""gender"", ""value"": ""男""}, {""field"": ""age_range"", ""from"": ""8"", ""to"": ""8""}]}, ""retext"": ""适合8岁男孩的""}",适合8岁男孩的,llm_onecall,16739.6,OK,
427,少儿,第5轮,季数多的,educ_search,"{""query"": {""and"": [{""field"": ""title"", ""value"": ""帮帮龙之恐龙探险队""}, {""field"": ""series"", ""value"": ""1""}]}, ""retext"": ""《帮帮龙之恐龙探险队第一季》季数多的""}",《帮帮龙之恐龙探险队第一季》季数多的,llm_onecall,15380.5,OK,
428,少儿,第1轮,最近想看恐龙科普动画,educ_search,"{""query"": {""and"": [{""field"": ""content_type"", ""value"": ""动画""}, {""field"": ""children_third_genre"", ""value"": ""科普""}, {""field"": ""title"", ""value"": ""恐龙""}]}, ""retext"": ""最近想看恐龙科普动画""}",最近想看恐龙科普动画,llm_onecall,38310.7,OK,
428,少儿,第2轮,季数多的,educ_search,"{""query"": {""and"": [{""field"": ""title"", ""value"": ""帮帮龙之恐龙探险队""}, {""field"": ""series"", ""value"": ""1""}]}, ""retext"": ""《帮帮龙之恐龙探险队第一季》""}",《帮帮龙之恐龙探险队第一季》,llm_onecall,17158.6,OK,
428,少儿,第3轮,换一个其他类型的,educ_fuzzy_search,"{""retext"": ""想看其他类型的""}",想看其他类型的,llm_onecall,15150.6,OK,
428,少儿,第4轮,讲太空的有没有,vod_fuzzy_search,"{""retext"": ""想看讲太空的""}",想看讲太空的,llm_onecall,15922.8,OK,
428,少儿,第5轮,适合八岁孩子的,educ_search,"{""query"": {""field"": ""age_range"", ""from"": ""8"", ""to"": ""8""}, ""retext"": ""适合八岁孩子的""}",适合八岁孩子的,llm_onecall,16048.4,OK,
429,少儿,第1轮,推荐几部幼儿识字动画,educ_search,"{""query"": {""and"": [{""field"": ""training_objectives"", ""value"": ""识字""}, {""field"": ""content_type"", ""value"": ""动画""}]}, ""retext"": ""推荐几部幼儿识字动画""}",推荐几部幼儿识字动画,llm_onecall,17907.7,OK,
429,少儿,第2轮,收费吗,music_song_search,"{""retext"": ""《晓鹿老师 小小音乐课》收费吗"", ""song"": [""晓鹿老师小小音乐课""]}",《晓鹿老师 小小音乐课》收费吗,llm_onecall,16803.9,OK,
429,少儿,第3轮,要付费吗,music_song_search,"{""retext"": ""《晓鹿老师 小小音乐课》收费吗"", ""song"": [""晓鹿老师小小音乐课""]}",《晓鹿老师 小小音乐课》收费吗,llm_onecall,16648.3,OK,
429,少儿,第4轮,单集教一两个,music_song_search,"{""retext"": ""《晓鹿老师 小小音乐课》"", ""song"": [""晓鹿老师 小小音乐课""]}",《晓鹿老师 小小音乐课》,llm_onecall,15706.7,OK,
429,少儿,第5轮,要钱吗,music_song_search,"{""retext"": ""《晓鹿老师 小小音乐课》收费吗"", ""song"": [""晓鹿老师小小音乐课""]}",《晓鹿老师 小小音乐课》收费吗,llm_onecall,13740.2,OK,
43,影视,第1轮,推荐几部经典的动漫,educ_search,"{""query"": {""and"": [{""field"": ""children_second_genre"", ""value"": ""经典""}, {""field"": ""children_second_genre"", ""value"": ""动漫""}]}, ""retext"": ""推荐几部经典的动漫""}",推荐几部经典的动漫,llm_onecall,33440.4,OK,
43,影视,第2轮,评价好点的,educ_fuzzy_search,"{""retext"": ""推荐评价好点的动漫""}",推荐评价好点的动漫,llm_onecall,12950.9,OK,
43,影视,第3轮,热门一点的,educ_search,"{""query"": {""field"": ""children_second_genre"", ""value"": ""动漫""}, ""retext"": ""推荐热门动漫""}",推荐热门动漫,llm_onecall,15514.0,OK,
43,影视,第4轮,口碑不错的,educ_fuzzy_search,"{""retext"": ""推荐口碑不错的动漫""}",推荐口碑不错的动漫,llm_onecall,17321.1,OK,
43,影视,第5轮,有中文字幕的,educ_search,"{""query"": {""and"": [{""field"": ""children_second_genre"", ""value"": ""动漫""}, {""field"": ""language"", ""value"": ""中文字幕""}]}, ""retext"": ""推荐有中文字幕的动漫""}",推荐有中文字幕的动漫,llm_onecall,34691.6,OK,
430,少儿,第1轮,想看两岁宝宝看的动画,educ_search,"{""query"": {""and"": [{""field"": ""age_range"", ""from"": ""2"", ""to"": ""2""}, {""field"": ""content_type"", ""value"": ""动画""}]}, ""retext"": ""想看两岁宝宝看的动画""}",想看两岁宝宝看的动画,llm_onecall,19295.7,OK,
430,少儿,第2轮,单集5分钟内,educ_search,"{""query"": {""and"": [{""field"": ""content_type"", ""value"": ""动画""}, {""field"": ""voice_start_pos"", ""value"": 300}]}, ""retext"": ""单集5分钟内的动画""}",单集5分钟内的动画,llm_onecall,16583.4,OK,
430,少儿,第3轮,没有暴力画面,educ_search,"{""query"": {""and"": [{""field"": ""age_range"", ""from"": ""2"", ""to"": ""2""}, {""field"": ""content_type"", ""value"": ""动画""}, {""field"": ""voice_start_pos"", ""to"": ""300""}]}, ""retext"": ""想看两岁宝宝看的动画；单集5分钟内的动画；没有暴力画面""}",想看两岁宝宝看的动画；单集5分钟内的动画；没有暴力画面,llm_onecall,17042.4,OK,
430,少儿,第4轮,画面慢一点的,educ_search,"{""query"": {""and"": [{""field"": ""age_range"", ""from"": ""2"", ""to"": ""2""}, {""field"": ""content_type"", ""value"": ""动画""}, {""field"": ""voice_start_pos"", ""to"": ""300""}]}, ""retext"": ""想看两岁宝宝看的动画；单集5分钟内的动画；没有暴力画面；画面慢一点的""}",想看两岁宝宝看的动画；单集5分钟内的动画；没有暴力画面；画面慢一点的,llm_onecall,17651.6,OK,
430,少儿,第5轮,中文的有吗,educ_search,"{""query"": {""and"": [{""field"": ""age_range"", ""from"": ""2"", ""to"": ""2""}, {""field"": ""content_type"", ""value"": ""动画""}, {""field"": ""language"", ""value"": ""中文""}]}, ""retext"": ""想看两岁宝宝看的动画；单集5分钟内的动画；没有暴力画面；画面慢一点的；中文的""}",想看两岁宝宝看的动画；单集5分钟内的动画；没有暴力画面；画面慢一点的；中文的,llm_onecall,17605.4,OK,
431,少儿,第1轮,小男孩的动画片有哪些,fan_knowledge_agent,"{""messages"": [{""content"": ""小男孩的动画片有哪些"", ""role"": ""user""}], ""riskRespStrategy"": ""all_replace"", ""sceneTypeIntentList"": [{""sceneType"": ""child""}]}",小男孩的动画片有哪些,general_rule,19003.9,OK,
431,少儿,第2轮,一季以上的有没有,educ_search,"{""query"": {""or"": [{""field"": ""title"", ""operator"": ""or"", ""values"": [""汪汪队立大功"", ""熊出没"", ""小猪佩奇""]}, {""field"": ""series"", ""from"": ""2"", ""to"": ""*""}]}, ""retext"": ""《汪汪队立大功》《熊出没》《小猪佩奇》一季以上的有没有""}",《汪汪队立大功》《熊出没》《小猪佩奇》一季以上的有没有,llm_onecall,16089.2,OK,
431,少儿,第3轮,温和点的,educ_search,"{""query"": {""and"": [{""field"": ""title"", ""operator"": ""or"", ""values"": [""汪汪队立大功"", ""熊出没"", ""小猪佩奇""]}, {""field"": ""series"", ""from"": ""2"", ""to"": ""*""}]}, ""retext"": ""《汪汪队立大功》《熊出没》《小猪佩奇》一季以上的有没有温和点的""}",《汪汪队立大功》《熊出没》《小猪佩奇》一季以上的有没有温和点的,llm_onecall,18904.9,OK,
431,少儿,第4轮,免费能看的吗,educ_search,"{""query"": {""and"": [{""or"": [{""field"": ""title"", ""value"": ""汪汪队立大功""}, {""field"": ""title"", ""value"": ""熊出没""}, {""field"": ""title"", ""value"": ""小猪佩奇""}]}, {""field"": ""series"", ""from"": ""1""}, {""field"": ""is_fee"", ""value"": ""0""}]}, ""retext"": ""《汪汪队立大功》《熊出没》《小猪佩奇》一季以上的有没有温和点的免费能看的吗""}",《汪汪队立大功》《熊出没》《小猪佩奇》一季以上的有没有温和点的免费能看的吗,llm_onecall,18928.3,OK,
431,少儿,第5轮,要别太暴力的,,,,,77.4,OK,
432,少儿,第1轮,有什么启蒙数学的动画片,educ_search,"{""query"": {""and"": [{""field"": ""children_second_genre"", ""value"": ""数学""}, {""field"": ""training_objectives"", ""value"": ""数学启蒙""}, {""field"": ""content_type"", ""value"": ""动画""}]}, ""retext"": ""有什么启蒙数学的动画片""}",有什么启蒙数学的动画片,llm_onecall,32079.0,OK,
432,少儿,第2轮,画面活泼的,educ_search,"{""query"": {""and"": [{""field"": ""title"", ""value"": ""启蒙""}, {""field"": ""children_second_genre"", ""value"": ""数学""}, {""field"": ""content_type"", ""value"": ""动画""}]}, ""retext"": ""画面活泼的启蒙数学动画片""}",画面活泼的启蒙数学动画片,llm_onecall,16616.3,OK,
432,少儿,第3轮,画面生动的,educ_search,"{""query"": {""and"": [{""field"": ""title"", ""value"": ""启蒙""}, {""field"": ""children_second_genre"", ""value"": ""数学""}, {""field"": ""content_type"", ""value"": ""动画""}]}, ""retext"": ""画面生动的启蒙数学动画片""}",画面生动的启蒙数学动画片,llm_onecall,14732.9,OK,
432,少儿,第4轮,数数算术的,educ_search,"{""query"": {""and"": [{""field"": ""title"", ""value"": ""启蒙""}, {""field"": ""children_second_genre"", ""value"": ""数学""}, {""field"": ""content_type"", ""value"": ""动画""}]}, ""retext"": ""数数算术的启蒙数学动画片""}",数数算术的启蒙数学动画片,llm_onecall,30906.6,OK,
432,少儿,第5轮,讲加减法的,edu_fuzzy_search,"{""retext"": ""讲加减法的""}",讲加减法的,llm_onecall,13650.5,OK,
433,少儿,第1轮,两岁宝宝看的动画有哪些,fan_knowledge_agent,"{""messages"": [{""content"": ""两岁宝宝看的动画有哪些"", ""role"": ""user""}], ""riskRespStrategy"": ""all_replace"", ""sceneTypeIntentList"": [{""sceneType"": ""child""}]}",两岁宝宝看的动画有哪些,general_rule,18948.4,OK,
433,少儿,第2轮,要每集五分钟,educ_search,"{""query"": {""and"": [{""field"": ""age_range"", ""from"": ""2"", ""to"": ""2""}, {""field"": ""content_type"", ""value"": ""动画""}, {""field"": ""video_index"", ""value"": ""5""}]}, ""retext"": ""每集五分钟的两岁宝宝看的动画""}",每集五分钟的两岁宝宝看的动画,llm_onecall,16924.7,OK,
433,少儿,第3轮,单集五分钟的,educ_search,"{""query"": {""and"": [{""field"": ""age_range"", ""from"": ""2"", ""to"": ""2""}, {""field"": ""content_type"", ""value"": ""动画""}, {""field"": ""video_index"", ""value"": ""1""}, {""field"": ""voice_start_pos"", ""value"": 300}]}, ""retext"": ""单集五分钟的两岁宝宝看的动画""}",单集五分钟的两岁宝宝看的动画,llm_onecall,16907.8,OK,
433,少儿,第4轮,没有暴力画面,educ_search,"{""query"": {""and"": [{""field"": ""age_range"", ""from"": ""2"", ""to"": ""2""}, {""field"": ""content_type"", ""value"": ""动画""}, {""field"": ""video_index"", ""value"": ""5""}]}, ""retext"": ""单集五分钟的两岁宝宝看的动画没有暴力画面""}",单集五分钟的两岁宝宝看的动画没有暴力画面,llm_onecall,16773.8,OK,
433,少儿,第5轮,温和的,educ_search,"{""query"": {""and"": [{""field"": ""age_range"", ""from"": ""2"", ""to"": ""2""}, {""field"": ""content_type"", ""value"": ""动画""}, {""field"": ""video_index"", ""value"": ""5""}]}, ""retext"": ""单集五分钟的两岁宝宝看的动画没有暴力画面温和的""}",单集五分钟的两岁宝宝看的动画没有暴力画面温和的,llm_onecall,16737.0,OK,
434,少儿,第1轮,最近想看3岁小孩听的儿歌,educ_search,"{""query"": {""and"": [{""field"": ""content_type"", ""value"": ""儿歌""}, {""field"": ""age_range"", ""from"": ""3"", ""to"": ""3""}]}, ""retext"": ""最近想看3岁小孩听的儿歌""}",最近想看3岁小孩听的儿歌,llm_onecall,17035.8,OK,
434,少儿,第2轮,能跟着唱的,fan_knowledge_agent,"{""messages"": [{""content"": ""能跟着唱的"", ""role"": ""user""}], ""riskRespStrategy"": ""all_replace"", ""sceneTypeIntentList"": [{""sceneType"": ""knowledge_qa""}]}",能跟着唱的,llm_select,18972.9,OK,
434,少儿,第3轮,可以跟唱的,fan_knowledge_agent,"{""messages"": [{""content"": ""可以跟唱的"", ""role"": ""user""}], ""riskRespStrategy"": ""all_replace"", ""sceneTypeIntentList"": [{""sceneType"": ""knowledge_qa""}]}",可以跟唱的,llm_select,20015.1,OK,
434,少儿,第4轮,要中文那版,music_song_search,"{""retext"": ""播放《静夜思》这首歌"", ""song"": [""静夜思""]}",播放《静夜思》这首歌,llm_onecall,14985.8,OK,
434,少儿,第5轮,中文版的,music_song_search,"{""retext"": ""播放《静夜思》这首歌"", ""song"": [""静夜思""]}",播放《静夜思》这首歌,llm_onecall,15499.3,OK,
435,少儿,第1轮,找点3岁小孩听的儿歌,educ_search,"{""query"": {""and"": [{""field"": ""content_type"", ""value"": ""儿歌""}, {""field"": ""age_range"", ""from"": ""3"", ""to"": ""3""}]}, ""retext"": ""找点3岁小孩听的儿歌""}",找点3岁小孩听的儿歌,llm_onecall,17534.4,OK,
435,少儿,第2轮,去年的,music_song_search,"{""retext"": ""《晓鹿老师 小小音乐课》的发布时间"", ""song"": [""晓鹿老师 小小音乐课""]}",《晓鹿老师 小小音乐课》的发布时间,llm_onecall,17001.1,OK,
435,少儿,第3轮,要5-6岁的,educ_search,"{""query"": {""and"": [{""field"": ""content_type"", ""value"": ""儿歌""}, {""field"": ""age_range"", ""from"": ""5"", ""to"": ""6""}]}, ""retext"": ""找点5-6岁小孩听的儿歌""}",找点5-6岁小孩听的儿歌,llm_onecall,18132.3,OK,
435,少儿,第4轮,去年那种,educ_search,"{""query"": {""and"": [{""field"": ""content_type"", ""value"": ""儿歌""}, {""field"": ""age_range"", ""from"": ""5"", ""to"": ""6""}]}, ""retext"": ""找点5-6岁小孩听的儿歌""}",找点5-6岁小孩听的儿歌,llm_onecall,15925.1,OK,
435,少儿,第5轮,免费的有吗,educ_search,"{""query"": {""and"": [{""field"": ""content_type"", ""value"": ""儿歌""}, {""field"": ""age_range"", ""from"": ""5"", ""to"": ""6""}]}, ""retext"": ""找点5-6岁小孩听的儿歌""}",找点5-6岁小孩听的儿歌,llm_onecall,33933.2,OK,
436,少儿,第1轮,有什么好看的教小孩安全知识的动画,educ_search,"{""query"": {""and"": [{""field"": ""children_third_genre"", ""value"": ""安全知识""}, {""field"": ""content_type"", ""value"": ""动画""}]}, ""retext"": ""有什么好看的教小孩安全知识的动画""}",有什么好看的教小孩安全知识的动画,llm_onecall,31342.8,OK,
436,少儿,第2轮,适合3到6岁的,educ_search,"{""query"": {""and"": [{""field"": ""title"", ""value"": ""安全知识""}, {""field"": ""content_type"", ""value"": ""动画""}, {""field"": ""age_range"", ""from"": ""3"", ""to"": ""6""}]}, ""retext"": ""有什么好看的教小孩安全知识的动画适合3到6岁的""}",有什么好看的教小孩安全知识的动画适合3到6岁的,llm_onecall,16537.6,OK,
436,少儿,第3轮,有免费版吗,educ_search,"{""query"": {""and"": [{""field"": ""training_objectives"", ""value"": ""安全知识""}, {""field"": ""age_range"", ""from"": ""3"", ""to"": ""6""}, {""field"": ""content_type"", ""value"": ""动画""}, {""field"": ""is_fee"", ""value"": ""0""}]}, ""retext"": ""有什么好看的教小孩安全知识的动画适合3到6岁的有免费版吗""}",有什么好看的教小孩安全知识的动画适合3到6岁的有免费版吗,llm_onecall,17583.4,OK,
436,少儿,第4轮,交通安全那种,educ_search,"{""query"": {""and"": [{""field"": ""title"", ""value"": ""交通安全""}, {""field"": ""age_range"", ""from"": ""3"", ""to"": ""6""}, {""field"": ""content_type"", ""value"": ""动画""}, {""field"": ""is_fee"", ""value"": ""0""}]}, ""retext"": ""有什么好看的教小孩安全知识的动画适合3到6岁的有免费版吗交通安全那种""}",有什么好看的教小孩安全知识的动画适合3到6岁的有免费版吗交通安全那种,llm_onecall,17388.3,OK,
436,少儿,第5轮,过马路安全的,educ_search,"{""query"": {""and"": [{""field"": ""title"", ""value"": ""交通安全""}, {""field"": ""training_objectives"", ""value"": ""安全知识""}, {""field"": ""age_range"", ""from"": ""3"", ""to"": ""6""}, {""field"": ""content_type"", ""value"": ""动画""}, {""field"": ""is_fee"", ""value"": ""0""}]}, ""retext"": ""有什么好看的教小孩安全知识的动画适合3到6岁的有免费版吗交通安全那种过马路安全的""}",有什么好看的教小孩安全知识的动画适合3到6岁的有免费版吗交通安全那种过马路安全的,llm_onecall,17383.3,OK,
437,少儿,第1轮,想看给孩子听睡前故事,audio_search,"{""action"": ""play"", ""query"": ""想看给孩子听睡前故事""}",想看给孩子听睡前故事,general_rule,15986.3,OK,
437,少儿,第2轮,中国民间故事的,audio_search,"{""action"": ""search"", ""query"": ""想看中国民间故事""}",想看中国民间故事,general_rule,15431.8,OK,
437,少儿,第3轮,男的读的,audio_search,"{""action"": ""search"", ""query"": ""男的读的睡前故事""}",男的读的睡前故事,general_rule,15758.6,OK,
437,少儿,第4轮,十来分钟的,audio_search,"{""action"": ""search"", ""query"": ""男的读的睡前故事""}",男的读的睡前故事,general_rule,15150.3,OK,
437,少儿,第5轮,换个别的,audio_search,"{""action"": ""play"", ""query"": ""想看给孩子听睡前故事""}",想看给孩子听睡前故事,general_rule,17121.1,OK,
438,少儿,第1轮,《三体》讲什么,fan_knowledge_agent,"{""messages"": [{""content"": ""《三体》讲什么"", ""role"": ""user""}], ""riskRespStrategy"": ""all_replace"", ""sceneTypeIntentList"": [{""sceneType"": ""knowledge_qa""}]}",《三体》讲什么,general_rule,17750.6,OK,
438,少儿,第2轮,作者是谁,fan_knowledge_agent,"{""messages"": [{""content"": ""《三体》的作者是谁"", ""role"": ""user""}], ""riskRespStrategy"": ""all_replace"", ""sceneTypeIntentList"": [{""sceneType"": ""knowledge_qa""}]}",《三体》的作者是谁,general_rule,18591.5,OK,
438,少儿,第3轮,结局是什么,fan_knowledge_agent,"{""messages"": [{""content"": ""《三体》的结局是什么"", ""role"": ""user""}], ""riskRespStrategy"": ""all_replace"", ""sceneTypeIntentList"": [{""sceneType"": ""knowledge_qa""}]}",《三体》的结局是什么,general_rule,19949.7,OK,
438,少儿,第4轮,有电视剧版吗,vod_search,"{""action"": ""search"", ""query"": {""and"": [{""field"": ""title"", ""value"": ""三体""}, {""field"": ""category"", ""value"": ""电视剧""}]}, ""retext"": ""《三体》有电视剧版吗""}",《三体》有电视剧版吗,llm_onecall,17023.7,OK,
438,少儿,第5轮,第二部叫什么,vod_fuzzy_search,"{""retext"": ""《三体》第二部叫什么""}",《三体》第二部叫什么,llm_onecall,13574.5,OK,
439,少儿,第1轮,红楼梦作者是谁,fan_knowledge_agent,"{""messages"": [{""content"": ""红楼梦作者是谁"", ""role"": ""user""}], ""riskRespStrategy"": ""all_replace"", ""sceneTypeIntentList"": [{""sceneType"": ""knowledge_qa""}]}",红楼梦作者是谁,general_rule,15533.2,OK,
439,少儿,第2轮,讲什么的,fan_knowledge_agent,"{""messages"": [{""content"": ""《红楼梦》讲什么的"", ""role"": ""user""}], ""riskRespStrategy"": ""all_replace"", ""sceneTypeIntentList"": [{""sceneType"": ""knowledge_qa""}]}",《红楼梦》讲什么的,general_rule,18728.2,OK,
439,少儿,第3轮,主角有哪些,fan_knowledge_agent,"{""messages"": [{""content"": ""《红楼梦》主角有哪些"", ""role"": ""user""}], ""riskRespStrategy"": ""all_replace"", ""sceneTypeIntentList"": [{""sceneType"": ""knowledge_qa""}]}",《红楼梦》主角有哪些,general_rule,16759.2,OK,
439,少儿,第4轮,有改编的电视剧吗,fan_knowledge_agent,"{""messages"": [{""content"": ""《红楼梦》有改编的电视剧吗"", ""role"": ""user""}], ""riskRespStrategy"": ""all_replace"", ""sceneTypeIntentList"": [{""sceneType"": ""video""}]}",《红楼梦》有改编的电视剧吗,general_rule,20343.7,OK,
439,少儿,第5轮,哪个版本最经典,fan_knowledge_agent,"{""messages"": [{""content"": ""《红楼梦》哪个版本最经典"", ""role"": ""user""}], ""riskRespStrategy"": ""all_replace"", ""sceneTypeIntentList"": [{""sceneType"": ""knowledge_qa""}]}",《红楼梦》哪个版本最经典,llm_select,17184.2,OK,
44,影视,第1轮,想看找沈腾演的电影,vod_search,"{""action"": ""search"", ""query"": {""and"": [{""field"": ""actor"", ""value"": ""沈腾""}, {""field"": ""category"", ""value"": ""电影""}]}, ""retext"": ""想看找沈腾演的电影""}",想看找沈腾演的电影,llm_onecall,16859.4,OK,
44,影视,第2轮,高清的有吗,vod_search,"{""action"": ""search"", ""query"": {""and"": [{""field"": ""actor"", ""value"": ""沈腾""}, {""field"": ""category"", ""value"": ""电影""}, {""field"": ""definition"", ""value"": ""is_4k""}]}, ""retext"": ""想看找沈腾演的电影高清的有吗""}",想看找沈腾演的电影高清的有吗,llm_onecall,17340.9,OK,
44,影视,第3轮,免费的,vod_search,"{""action"": ""search"", ""query"": {""and"": [{""field"": ""actor"", ""value"": ""沈腾""}, {""field"": ""category"", ""value"": ""电影""}, {""field"": ""is_fee"", ""value"": ""免费""}, {""field"": ""definition"", ""value"": ""is_4k""}]}, ""retext"": ""想看找沈腾演的电影高清的有吗免费的""}",想看找沈腾演的电影高清的有吗免费的,llm_onecall,14341.2,OK,
44,影视,第4轮,票房高点的,vod_fuzzy_search,"{""retext"": ""想看找沈腾演的电影高清的有吗免费的票房高点的""}",想看找沈腾演的电影高清的有吗免费的票房高点的,llm_onecall,18204.8,OK,
44,影视,第5轮,口碑不错的,vod_fuzzy_search,"{""retext"": ""想看找沈腾演的电影高清的有吗免费的票房高点的口碑不错的""}",想看找沈腾演的电影高清的有吗免费的票房高点的口碑不错的,llm_onecall,18742.2,OK,
440,少儿,第1轮,《流浪地球》讲的什么,fan_knowledge_agent,"{""messages"": [{""content"": ""《流浪地球》讲的什么"", ""role"": ""user""}], ""riskRespStrategy"": ""all_replace"", ""sceneTypeIntentList"": [{""sceneType"": ""knowledge_qa""}]}",《流浪地球》讲的什么,general_rule,16237.9,OK,
440,少儿,第2轮,导演是谁,fan_knowledge_agent,"{""messages"": [{""content"": ""《流浪地球》的导演是谁"", ""role"": ""user""}], ""riskRespStrategy"": ""all_replace"", ""sceneTypeIntentList"": [{""sceneType"": ""video""}]}",《流浪地球》的导演是谁,general_rule,18316.1,OK,
440,少儿,第3轮,票房多少,fan_knowledge_agent,"{""messages"": [{""content"": ""《流浪地球》票房多少"", ""role"": ""user""}], ""riskRespStrategy"": ""all_replace"", ""sceneTypeIntentList"": [{""sceneType"": ""knowledge_qa""}]}",《流浪地球》票房多少,general_rule,16417.1,OK,
440,少儿,第4轮,有续集吗,fan_knowledge_agent,"{""messages"": [{""content"": ""《流浪地球》有续集吗"", ""role"": ""user""}], ""riskRespStrategy"": ""all_replace"", ""sceneTypeIntentList"": [{""sceneType"": ""knowledge_qa""}]}",《流浪地球》有续集吗,general_rule,18175.4,OK,
440,少儿,第5轮,和原著差别大吗,fan_knowledge_agent,"{""messages"": [{""content"": ""《流浪地球》和原著差别大吗"", ""role"": ""user""}], ""riskRespStrategy"": ""all_replace"", ""sceneTypeIntentList"": [{""sceneType"": ""knowledge_qa""}]}",《流浪地球》和原著差别大吗,general_rule,16821.5,OK,
441,设备控制,第1轮,设置定时关机,timer_control,"{""date_time"": ""定时"", ""device"": """", ""location"": """", ""object"": ""关机"", ""operation"": ""打开""}",设置定时关机,llm_onecall,11341.4,OK,
441,设备控制,第2轮,两个小时后,timer_control,"{""date_time"": ""2小时"", ""device"": """", ""location"": """", ""object"": ""关机"", ""operation"": ""打开""}",两个小时后关机,llm_onecall,10551.0,OK,
441,设备控制,第3轮,改成3个小时的那种,timer_control,"{""date_time"": ""定时"", ""device"": """", ""location"": """", ""object"": ""关机"", ""operation"": ""打开""}",设置定时关机,llm_onecall,10032.2,OK,
441,设备控制,第4轮,设成10点,timer_control,"{""date_time"": ""定时"", ""device"": """", ""location"": """", ""object"": ""关机"", ""operation"": ""打开""}",设置定时关机,llm_onecall,11500.7,OK,
441,设备控制,第5轮,周末也生效吗,timer_control,"{""date_time"": ""定时"", ""device"": """", ""location"": """", ""object"": ""关机"", ""operation"": ""打开""}",设置定时关机,llm_onecall,11083.8,OK,
442,设备控制,第1轮,麻烦把音量调大点,numeric_adjust,"{""device"": """", ""location"": """", ""object"": ""音量"", ""operation"": ""提高"", ""value"": """"}",麻烦把音量调大点,llm_onecall,11354.4,OK,
442,设备控制,第2轮,再调大点,numeric_adjust,"{""device"": """", ""location"": """", ""object"": ""音量"", ""operation"": ""提高"", ""value"": """"}",把音量调大,llm_onecall,10334.3,OK,
442,设备控制,第3轮,太暗,numeric_adjust,"{""device"": """", ""location"": """", ""object"": ""亮度"", ""operation"": ""提高"", ""value"": """"}",把亮度调高,llm_onecall,9973.2,OK,
442,设备控制,第4轮,还能再调大吗,numeric_adjust,"{""device"": """", ""location"": """", ""object"": ""亮度"", ""operation"": ""提高"", ""value"": """"}",把亮度调高,llm_onecall,10880.0,OK,
442,设备控制,第5轮,调到20,numeric_adjust,"{""device"": """", ""location"": """", ""object"": ""亮度"", ""operation"": ""设置"", ""value"": ""20""}",把亮度调到20,llm_onecall,11715.7,OK,
443,设备控制,第1轮,色度太低了,numeric_adjust,"{""device"": """", ""location"": """", ""object"": ""色度"", ""operation"": ""提高"", ""value"": """"}",色度太低了,badcase,10614.6,OK,
443,设备控制,第2轮,高点,numeric_adjust,"{""device"": """", ""location"": """", ""object"": ""色度"", ""operation"": ""提高"", ""value"": ""10""}",增加色度值为10,llm_onecall,11588.1,OK,
443,设备控制,第3轮,改成调亮度,numeric_adjust,"{""device"": """", ""location"": """", ""object"": ""亮度"", ""operation"": ""设置"", ""value"": """"}",改成调亮度,badcase,9180.7,OK,
443,设备控制,第4轮,恢复默认的那种,numeric_adjust,"{""device"": """", ""location"": """", ""object"": ""亮度"", ""operation"": ""设置"", ""value"": ""默认""}",恢复默认亮度,llm_onecall,10987.5,OK,
443,设备控制,第5轮,调一下对比度,numeric_adjust,"{""device"": """", ""location"": """", ""object"": ""对比度"", ""operation"": ""设置"", ""value"": """"}",调一下对比度,llm_onecall,10724.4,OK,
444,设备控制,第1轮,电视画面调亮点,numeric_adjust,"{""device"": """", ""location"": """", ""object"": ""亮度"", ""operation"": ""提高"", ""value"": """"}",电视画面调亮点,llm_onecall,11515.5,OK,
444,设备控制,第2轮,太暗了,numeric_adjust,"{""device"": """", ""location"": """", ""object"": ""亮度"", ""operation"": ""提高"", ""value"": """"}",增加亮度,llm_onecall,11505.8,OK,
444,设备控制,第3轮,调到最大,numeric_adjust,"{""device"": """", ""location"": """", ""object"": ""亮度"", ""operation"": ""设置"", ""value"": ""100%""}",把亮度调到最大,llm_onecall,9617.4,OK,
444,设备控制,第4轮,调暗点,numeric_adjust,"{""device"": """", ""location"": """", ""object"": ""亮度"", ""operation"": ""降低"", ""value"": """"}",调暗点,badcase,10645.6,OK,
444,设备控制,第5轮,恢复默认,common_control,"{""device"": """", ""location"": """", ""object"": ""恢复出厂设置"", ""operation"": ""打开"", ""value"": """"}",恢复默认,llm_onecall,12336.2,OK,
445,设备控制,第1轮,清晰度不太够,numeric_adjust,"{""device"": """", ""location"": """", ""object"": ""清晰度"", ""operation"": ""提高"", ""value"": """"}",清晰度不太够,llm_onecall,9985.2,OK,
445,设备控制,第2轮,再高一点,numeric_adjust,"{""device"": """", ""location"": """", ""object"": ""清晰度"", ""operation"": ""提高"", ""value"": ""15""}",增加清晰度值为15,llm_onecall,10428.7,OK,
445,设备控制,第3轮,还能再清晰点吗,numeric_adjust,"{""device"": """", ""location"": """", ""object"": ""清晰度"", ""operation"": ""提高"", ""value"": ""15""}",增加清晰度值为15,llm_onecall,9506.5,OK,
445,设备控制,第4轮,恢复默认,common_control,"{""device"": """", ""location"": """", ""object"": ""恢复出厂设置"", ""operation"": ""打开"", ""value"": """"}",恢复默认,llm_onecall,12469.0,OK,
445,设备控制,第5轮,设成最大值吧,numeric_adjust,"{""device"": """", ""location"": """", ""object"": ""音量"", ""operation"": ""设置"", ""value"": ""最大值""}",设成最大值,llm_onecall,11571.6,OK,
446,设备控制,第1轮,麻烦画面看起来有点暗,solve_picture_sound_problem_control,"{""intent"": ""dark_screen""}",麻烦画面看起来有点暗,llm_onecall,9932.3,OK,
446,设备控制,第2轮,恢复默认,common_control,"{""device"": """", ""location"": """", ""object"": ""恢复出厂设置"", ""operation"": ""打开"", ""value"": """"}",恢复默认,llm_onecall,11158.4,OK,
446,设备控制,第3轮,再亮一点,screen_layout,"{""device"": """", ""location"": """", ""object"": ""画面"", ""operation"": ""设置"", ""value"": """"}",画面,llm_onecall,10389.6,OK,
446,设备控制,第4轮,还是有点暗,screen_layout,"{""device"": """", ""location"": """", ""object"": ""画面"", ""operation"": ""设置"", ""value"": """"}",画面,llm_onecall,11259.8,OK,
446,设备控制,第5轮,下调一点,screen_layout,"{""device"": """", ""location"": """", ""object"": ""画面"", ""operation"": ""设置"", ""value"": """"}",画面,llm_onecall,11506.7,OK,
447,设备控制,第1轮,电视声音有点小,numeric_adjust,"{""device"": """", ""location"": """", ""object"": ""音量"", ""operation"": ""降低"", ""value"": """"}",电视声音有点小,llm_onecall,10158.1,OK,
447,设备控制,第2轮,取消静音,numeric_adjust,"{""device"": """", ""location"": """", ""object"": ""静音"", ""operation"": ""关闭"", ""value"": """"}",取消静音,fewshot_cache,8926.8,OK,
447,设备控制,第3轮,开大两格,numeric_adjust,"{""device"": """", ""location"": """", ""object"": ""音量"", ""operation"": ""提高"", ""value"": """"}",音量调大两格,llm_onecall,10953.3,OK,
447,设备控制,第4轮,太吵了,numeric_adjust,"{""device"": """", ""location"": """", ""object"": ""音量"", ""operation"": ""降低"", ""value"": """"}",音量调小,llm_onecall,11132.2,OK,
447,设备控制,第5轮,静音,numeric_adjust,"{""device"": """", ""location"": """", ""object"": ""静音"", ""operation"": ""打开"", ""value"": """"}",静音,fewshot_cache,11381.5,OK,
448,设备控制,第1轮,把背光调低,display_control,"{""device"": """", ""location"": """", ""object"": ""背光"", ""operation"": ""降低"", ""value"": """"}",把背光调低,llm_onecall,11349.5,OK,
448,设备控制,第2轮,恢复默认,display_control,"{""device"": """", ""location"": """", ""object"": ""背光"", ""operation"": ""设置"", ""value"": ""默认""}",恢复背光默认,llm_onecall,9929.9,OK,
448,设备控制,第3轮,再低一点,display_control,"{""device"": """", ""location"": """", ""object"": ""背光"", ""operation"": ""降低"", ""value"": """"}",把背光调低,llm_onecall,11801.0,OK,
448,设备控制,第4轮,关掉背光调节,numeric_adjust,"{""device"": """", ""location"": """", ""object"": ""静音"", ""operation"": ""打开"", ""value"": """"}",关掉背光调节,llm_onecall,11211.8,OK,
448,设备控制,第5轮,调到20,display_control,"{""device"": """", ""location"": """", ""object"": ""背光"", ""operation"": ""设置"", ""value"": ""20""}",把背光调到20,llm_onecall,12049.3,OK,
449,设备控制,第1轮,帮我打开儿童模式,educ_search,"{""query"": {""field"": ""children_second_genre"", ""value"": ""儿童模式""}, ""retext"": ""帮我打开儿童模式""}",帮我打开儿童模式,llm_onecall,11363.3,OK,
449,设备控制,第2轮,密码改成1234,educ_history,"{""retext"": ""把儿童模式密码改成1234""}",把儿童模式密码改成1234,llm_onecall,10342.2,OK,
449,设备控制,第3轮,退出儿童模式,educ_fuzzy_search,"{""query"": ""退出儿童模式"", ""retext"": ""退出儿童模式""}",退出儿童模式,fallback,11998.8,OK,
449,设备控制,第4轮,关闭儿童模式,educ_history,"{""retext"": ""关闭儿童模式""}",关闭儿童模式,llm_onecall,11760.4,OK,
449,设备控制,第5轮,设置一下密码,common_control,"{""device"": """", ""location"": """", ""object"": ""设置一下密码"", ""operation"": ""打开"", ""value"": """"}",设置一下密码,llm_onecall,11314.7,OK,
45,影视,第1轮,放找沈腾演的电视剧,vod_search,"{""action"": ""play"", ""query"": {""field"": ""actor"", ""value"": ""沈腾""}, ""retext"": ""放找沈腾演的电视剧""}",放找沈腾演的电视剧,llm_onecall,16925.3,OK,
45,影视,第2轮,卖座的,vod_search,"{""action"": ""play"", ""query"": {""and"": [{""field"": ""actor"", ""value"": ""沈腾""}, {""field"": ""category"", ""value"": ""电视剧""}]}, ""retext"": ""放找沈腾演的卖座的电视剧"", ""sort"": {""hot"": {""order"": ""desc""}}}",放找沈腾演的卖座的电视剧,llm_onecall,17427.0,OK,
45,影视,第3轮,评分高点的,vod_search,"{""action"": ""play"", ""query"": {""and"": [{""field"": ""actor"", ""value"": ""沈腾""}, {""field"": ""category"", ""value"": ""电视剧""}]}, ""retext"": ""放找沈腾演的卖座的电视剧"", ""sort"": {""hot"": {""order"": ""desc""}}}",放找沈腾演的卖座的电视剧,llm_onecall,14186.3,OK,
45,影视,第4轮,最新的有没有,vod_search,"{""action"": ""play"", ""query"": {""and"": [{""field"": ""actor"", ""value"": ""沈腾""}, {""field"": ""category"", ""value"": ""电视剧""}]}, ""retext"": ""放找沈腾演的卖座的电视剧"", ""sort"": {""hot"": {""order"": ""desc""}}}",放找沈腾演的卖座的电视剧,llm_onecall,16744.2,OK,
45,影视,第5轮,最新那种,vod_search,"{""action"": ""play"", ""query"": {""and"": [{""field"": ""actor"", ""value"": ""沈腾""}, {""field"": ""category"", ""value"": ""电视剧""}]}, ""retext"": ""放找沈腾演的卖座的电视剧"", ""sort"": {""hot"": {""order"": ""desc""}}}",放找沈腾演的卖座的电视剧,llm_onecall,17547.2,OK,
450,设备控制,第1轮,麻烦打开护眼模式,mode_control,"{""device"": """", ""location"": """", ""object"": ""护眼模式"", ""operation"": ""打开"", ""value"": """"}",麻烦打开护眼模式,fewshot_cache,10396.1,OK,
450,设备控制,第2轮,调回标准,mode_control,"{""device"": """", ""location"": """", ""object"": """", ""operation"": ""设置"", ""value"": ""标准""}",调回标准,llm_onecall,9900.4,OK,
450,设备控制,第3轮,再暖点,numeric_adjust,"{""device"": """", ""location"": """", ""object"": ""色温"", ""operation"": ""设置"", ""value"": ""暖""}",把色温调暖,llm_onecall,11084.5,OK,
450,设备控制,第4轮,关掉护眼模式,mode_control,"{""device"": """", ""location"": """", ""object"": ""护眼模式"", ""operation"": ""打开"", ""value"": """"}",关掉护眼模式,llm_onecall,11447.5,OK,
450,设备控制,第5轮,太黄了,numeric_adjust,"{""device"": """", ""location"": """", ""object"": ""色温"", ""operation"": ""设置"", ""value"": ""冷""}",把色温调冷,llm_onecall,11530.0,OK,
451,设备控制,第1轮,设置半小时后提醒我,common_control,"{""device"": """", ""location"": """", ""object"": ""设置半小时后提醒我"", ""operation"": ""打开"", ""value"": """"}",设置半小时后提醒我,llm_onecall,11486.9,OK,
451,设备控制,第2轮,取消提醒,timer_control,"{""date_time"": ""30分钟"", ""device"": """", ""location"": """", ""object"": ""关机"", ""operation"": ""关闭"", ""value"": """"}",取消半小时后的提醒,llm_onecall,9257.3,OK,
451,设备控制,第3轮,重新设成八点,common_control,"{""device"": """", ""location"": """", ""object"": ""设置八点提醒"", ""operation"": ""打开"", ""value"": """"}",设置八点提醒,llm_onecall,11330.6,OK,
451,设备控制,第4轮,改成一个小时,common_control,"{""device"": """", ""location"": """", ""object"": ""设置一小时后提醒我"", ""operation"": ""打开"", ""value"": """"}",设置一小时后提醒我,llm_onecall,12436.3,OK,
451,设备控制,第5轮,提醒关了没,timer_control,"{""date_time"": """", ""device"": """", ""location"": """", ""object"": ""定时关机"", ""operation"": ""关闭"", ""value"": """"}",提醒关了没,llm_onecall,10934.3,OK,
452,设备控制,第1轮,电视没声音了,numeric_adjust,"{""device"": """", ""location"": """", ""object"": ""音量"", ""operation"": ""设置"", ""value"": """"}",电视没声音了,llm_onecall,10318.5,OK,
452,设备控制,第2轮,切换到外接音箱,source_switch,"{""device"": """", ""location"": """", ""object"": ""HDMI选择"", ""operation"": ""打开"", ""value"": """"}",切换到外接音箱,llm_onecall,9935.3,OK,
452,设备控制,第3轮,看看是不是静音了,numeric_adjust,"{""device"": """", ""location"": """", ""object"": ""静音"", ""operation"": ""打开"", ""value"": """"}",检查电视是否静音,llm_onecall,12175.8,OK,
452,设备控制,第4轮,重启一下电视,power_control,"{""device"": """", ""location"": """", ""object"": ""重启"", ""operation"": ""打开"", ""value"": """"}",重启一下电视,llm_onecall,11828.8,OK,
452,设备控制,第5轮,还是没有声音,audio_search,"{""action"": ""search"", ""query"": ""还是没有声音""}",还是没有声音,general_rule,11722.9,OK,
453,设备控制,第1轮,给画面拖影有点严重,execute,,给画面拖影有点严重,,9374.1,OK,
453,设备控制,第2轮,打开运动补偿,display_control,"{""device"": """", ""location"": """", ""object"": ""运动补偿"", ""operation"": ""打开"", ""value"": """"}",打开运动补偿,fewshot_cache,9378.6,OK,
453,设备控制,第3轮,调到最高档,display_control,"{""device"": """", ""location"": """", ""object"": ""运动补偿"", ""operation"": ""打开"", ""value"": """"}",把运动补偿调到最高档,llm_onecall,12473.8,OK,
453,设备控制,第4轮,效果不明显,display_control,"{""device"": """", ""location"": """", ""object"": ""运动补偿"", ""operation"": ""打开"", ""value"": """"}",把运动补偿调到最高档,llm_onecall,12377.5,OK,
453,设备控制,第5轮,关掉运动补偿,display_control,"{""device"": """", ""location"": """", ""object"": ""运动补偿"", ""operation"": ""打开"", ""value"": """"}",关掉运动补偿,llm_onecall,10868.3,OK,
454,设备控制,第1轮,帮我设置每天十点自动开机,power_control,"{""device"": """", ""location"": """", ""object"": ""开机"", ""operation"": ""打开"", ""value"": """"}",帮我设置每天十点自动开机,llm_onecall,11139.6,OK,
454,设备控制,第2轮,那改回每天吧,power_control,"{""device"": """", ""location"": """", ""object"": ""开机"", ""operation"": ""打开"", ""value"": """"}",帮我设置每天十点自动开机,llm_onecall,10939.3,OK,
454,设备控制,第3轮,周末不用,timer_control,"{""date_time"": ""周末"", ""device"": """", ""location"": """", ""object"": ""定时关机"", ""operation"": ""关闭"", ""value"": """"}",周末不用,llm_onecall,11212.5,OK,
454,设备控制,第4轮,改成只周一到周五,power_control,"{""device"": """", ""location"": """", ""object"": ""开机"", ""operation"": ""打开"", ""value"": """"}",帮我设置每天十点自动开机,llm_onecall,11548.5,OK,
454,设备控制,第5轮,改成十点半,power_control,"{""device"": """", ""location"": """", ""object"": ""开机"", ""operation"": ""打开"", ""value"": """"}",帮我设置每天十点半自动开机,llm_onecall,10712.9,OK,
455,设备控制,第1轮,把音量调大点,numeric_adjust,"{""device"": """", ""location"": """", ""object"": ""音量"", ""operation"": ""提高"", ""value"": """"}",把音量调大点,llm_onecall,10004.9,OK,
455,设备控制,第2轮,还能再调大吗,numeric_adjust,"{""device"": """", ""location"": """", ""object"": ""音量"", ""operation"": ""提高"", ""value"": """"}",把音量调大点,llm_onecall,10118.7,OK,
455,设备控制,第3轮,太暗,numeric_adjust,"{""device"": """", ""location"": """", ""object"": ""亮度"", ""operation"": ""提高"", ""value"": """"}",把亮度调高,llm_onecall,10983.6,OK,
455,设备控制,第4轮,再调大点,numeric_adjust,"{""device"": """", ""location"": """", ""object"": ""亮度"", ""operation"": ""提高"", ""value"": """"}",把亮度调高,llm_onecall,12426.5,OK,
455,设备控制,第5轮,调到20,numeric_adjust,"{""device"": """", ""location"": """", ""object"": ""亮度"", ""operation"": ""设置"", ""value"": ""20""}",把亮度调到20,llm_onecall,10818.5,OK,
456,设备控制,第1轮,把音量调亮点,numeric_adjust,"{""device"": """", ""location"": """", ""object"": ""音量"", ""operation"": ""提高"", ""value"": """"}",把音量调亮点,llm_onecall,9253.2,OK,
456,设备控制,第2轮,调到20的那种,numeric_adjust,"{""device"": """", ""location"": """", ""object"": ""音量"", ""operation"": ""设置"", ""value"": ""20""}",把音量调到20,llm_onecall,10872.8,OK,
456,设备控制,第3轮,太暗,numeric_adjust,"{""device"": """", ""location"": """", ""object"": ""亮度"", ""operation"": ""提高"", ""value"": """"}",把亮度调高点,llm_onecall,11367.9,OK,
456,设备控制,第4轮,还能再调亮吗,numeric_adjust,"{""device"": """", ""location"": """", ""object"": ""亮度"", ""operation"": ""提高"", ""value"": """"}",把亮度调高点,llm_onecall,11415.3,OK,
456,设备控制,第5轮,恢复默认,common_control,"{""device"": """", ""location"": """", ""object"": ""恢复出厂设置"", ""operation"": ""打开"", ""value"": """"}",恢复默认,llm_onecall,10879.1,OK,
457,设备控制,第1轮,把音量调高点,numeric_adjust,"{""device"": """", ""location"": """", ""object"": ""音量"", ""operation"": ""提高"", ""value"": """"}",把音量调高点,llm_onecall,9716.0,OK,
457,设备控制,第2轮,恢复默认,numeric_adjust,"{""device"": """", ""location"": """", ""object"": ""静音"", ""operation"": ""关闭"", ""value"": """"}",恢复默认音量,llm_onecall,11174.2,OK,
457,设备控制,第3轮,调到20,numeric_adjust,"{""device"": """", ""location"": """", ""object"": ""音量"", ""operation"": ""设置"", ""value"": ""20""}",把音量调到20,llm_onecall,11662.9,OK,
457,设备控制,第4轮,要关掉,numeric_adjust,"{""device"": """", ""location"": """", ""object"": ""音量"", ""operation"": ""设置"", ""value"": """"}",关闭音量,llm_onecall,11480.3,OK,
457,设备控制,第5轮,再调高点的那种,numeric_adjust,"{""device"": """", ""location"": """", ""object"": ""音量"", ""operation"": ""提高"", ""value"": """"}",把音量调高点,llm_onecall,10889.7,OK,
458,设备控制,第1轮,把音量调小点,numeric_adjust,"{""device"": """", ""location"": """", ""object"": ""音量"", ""operation"": ""降低"", ""value"": """"}",把音量调小点,llm_onecall,9669.7,OK,
458,设备控制,第2轮,要太亮,numeric_adjust,"{""device"": """", ""location"": """", ""object"": ""亮度"", ""operation"": ""提高"", ""value"": """"}",把亮度调高,llm_onecall,10957.1,OK,
458,设备控制,第3轮,再调小点,numeric_adjust,"{""device"": """", ""location"": """", ""object"": ""音量"", ""operation"": ""降低"", ""value"": """"}",把音量调小点,llm_onecall,11958.3,OK,
458,设备控制,第4轮,还能再调小吗,numeric_adjust,"{""device"": """", ""location"": """", ""object"": ""音量"", ""operation"": ""降低"", ""value"": """"}",把音量调小点,llm_onecall,12093.5,OK,
458,设备控制,第5轮,要关掉,numeric_adjust,"{""device"": """", ""location"": """", ""object"": ""音量"", ""operation"": ""设置"", ""value"": """"}",关闭音量,llm_onecall,11055.3,OK,
459,设备控制,第1轮,给把音量调暗点,numeric_adjust,"{""device"": """", ""location"": """", ""object"": ""音量"", ""operation"": ""降低"", ""value"": """"}",给把音量调暗点,llm_onecall,8353.0,OK,
459,设备控制,第2轮,恢复默认,numeric_adjust,"{""device"": """", ""location"": """", ""object"": ""静音"", ""operation"": ""关闭"", ""value"": """"}",恢复默认音量,llm_onecall,10906.0,OK,
459,设备控制,第3轮,要太亮,numeric_adjust,"{""device"": """", ""location"": """", ""object"": ""亮度"", ""operation"": ""降低"", ""value"": """"}",把亮度调低,llm_onecall,11598.3,OK,
459,设备控制,第4轮,还能再调暗吗,numeric_adjust,"{""device"": """", ""location"": """", ""object"": ""亮度"", ""operation"": ""降低"", ""value"": """"}",把亮度调低,llm_onecall,11635.6,OK,
459,设备控制,第5轮,要关掉,numeric_adjust,"{""device"": """", ""location"": """", ""object"": ""亮度"", ""operation"": ""设置"", ""value"": """"}",关闭亮度,llm_onecall,11477.9,OK,
46,影视,第1轮,有啥好看的找沈腾主演的剧,fan_knowledge_agent,"{""messages"": [{""content"": ""有啥好看的找沈腾主演的剧"", ""role"": ""user""}], ""riskRespStrategy"": ""all_replace"", ""sceneTypeIntentList"": [{""sceneType"": ""video""}]}",有啥好看的找沈腾主演的剧,general_rule,19108.8,OK,
46,影视,第2轮,票房好的,fan_knowledge_agent,"{""messages"": [{""content"": ""沈腾主演的票房好的电影"", ""role"": ""user""}], ""riskRespStrategy"": ""all_replace"", ""sceneTypeIntentList"": [{""sceneType"": ""video""}]}",沈腾主演的票房好的电影,general_rule,19779.7,OK,
46,影视,第3轮,高清的有吗,vod_fuzzy_search,"{""retext"": ""沈腾主演的票房好的电影高清的有吗""}",沈腾主演的票房好的电影高清的有吗,llm_onecall,16307.8,OK,
46,影视,第4轮,免费的有没有,vod_fuzzy_search,"{""retext"": ""沈腾主演的票房好的电影高清的免费的有没有""}",沈腾主演的票房好的电影高清的免费的有没有,llm_onecall,18165.3,OK,
46,影视,第5轮,最新的有没有,vod_fuzzy_search,"{""retext"": ""沈腾主演的票房好的电影高清的免费的有没有""}",沈腾主演的票房好的电影高清的免费的有没有,llm_onecall,18636.9,OK,
460,设备控制,第1轮,麻烦把音量调低点,numeric_adjust,"{""device"": """", ""location"": """", ""object"": ""音量"", ""operation"": ""降低"", ""value"": """"}",麻烦把音量调低点,llm_onecall,8595.6,OK,
460,设备控制,第2轮,关掉,numeric_adjust,"{""device"": """", ""location"": """", ""object"": ""音量"", ""operation"": ""设置"", ""value"": """"}",关闭音量,llm_onecall,11528.4,OK,
460,设备控制,第3轮,还能再调低吗,numeric_adjust,"{""device"": """", ""location"": """", ""object"": ""音量"", ""operation"": ""降低"", ""value"": """"}",还能再调低吗,llm_onecall,10718.1,OK,
460,设备控制,第4轮,恢复默认的那种,numeric_adjust,"{""device"": """", ""location"": """", ""object"": ""静音"", ""operation"": ""关闭"", ""value"": """"}",恢复音量默认,llm_onecall,11446.0,OK,
460,设备控制,第5轮,调到50,numeric_adjust,"{""device"": """", ""location"": """", ""object"": ""音量"", ""operation"": ""设置"", ""value"": ""50""}",把音量调到50,llm_onecall,11035.2,OK,
461,设备控制,第1轮,把亮度调大点,numeric_adjust,"{""device"": """", ""location"": """", ""object"": ""亮度"", ""operation"": ""提高"", ""value"": """"}",把亮度调大点,llm_onecall,9695.7,OK,
461,设备控制,第2轮,恢复默认,common_control,"{""device"": """", ""location"": """", ""object"": ""恢复出厂设置"", ""operation"": ""打开"", ""value"": """"}",恢复默认,llm_onecall,11347.6,OK,
461,设备控制,第3轮,关掉,power_control,"{""device"": """", ""location"": """", ""object"": ""关机"", ""operation"": ""打开"", ""value"": """"}",关闭,llm_onecall,11372.3,OK,
461,设备控制,第4轮,还能再调大吗,numeric_adjust,"{""device"": """", ""location"": """", ""object"": ""亮度"", ""operation"": ""提高"", ""value"": """"}",把亮度调大点,llm_onecall,10929.9,OK,
461,设备控制,第5轮,调到40,numeric_adjust,"{""device"": """", ""location"": """", ""object"": ""亮度"", ""operation"": ""设置"", ""value"": ""40""}",把亮度调到40,llm_onecall,10934.4,OK,
462,设备控制,第1轮,把亮度调亮点吧,numeric_adjust,"{""device"": """", ""location"": """", ""object"": ""亮度"", ""operation"": ""提高"", ""value"": """"}",把亮度调亮点吧,llm_onecall,9066.6,OK,
462,设备控制,第2轮,要太暗,numeric_adjust,"{""device"": """", ""location"": """", ""object"": ""亮度"", ""operation"": ""降低"", ""value"": """"}",降低亮度,llm_onecall,11553.0,OK,
462,设备控制,第3轮,关掉,power_control,"{""device"": """", ""location"": """", ""object"": ""关机"", ""operation"": ""打开"", ""value"": """"}",关闭,llm_onecall,11016.9,OK,
462,设备控制,第4轮,再调亮点,numeric_adjust,"{""device"": """", ""location"": """", ""object"": ""亮度"", ""operation"": ""提高"", ""value"": """"}",把亮度调亮点,llm_onecall,10934.3,OK,
462,设备控制,第5轮,还能再调亮吗,numeric_adjust,"{""device"": """", ""location"": """", ""object"": ""亮度"", ""operation"": ""提高"", ""value"": """"}",增加亮度,llm_onecall,10361.9,OK,
463,设备控制,第1轮,麻烦把亮度调高点,numeric_adjust,"{""device"": """", ""location"": """", ""object"": ""亮度"", ""operation"": ""提高"", ""value"": """"}",麻烦把亮度调高点,llm_onecall,10185.9,OK,
463,设备控制,第2轮,调到50的那种,numeric_adjust,"{""device"": """", ""location"": """", ""object"": ""亮度"", ""operation"": ""设置"", ""value"": ""50""}",把亮度调到50,llm_onecall,11800.2,OK,
463,设备控制,第3轮,再调高点,numeric_adjust,"{""device"": """", ""location"": """", ""object"": ""亮度"", ""operation"": ""设置"", ""value"": ""50""}",把亮度调到50,llm_onecall,13008.8,OK,
463,设备控制,第4轮,还能再调高吗,numeric_adjust,"{""device"": """", ""location"": """", ""object"": ""亮度"", ""operation"": ""设置"", ""value"": ""51""}",把亮度调到51,llm_onecall,10754.6,OK,
463,设备控制,第5轮,太暗,numeric_adjust,"{""device"": """", ""location"": """", ""object"": ""亮度"", ""operation"": ""提高"", ""value"": """"}",把亮度调高,llm_onecall,10796.0,OK,
464,设备控制,第1轮,给把亮度调小点,numeric_adjust,"{""device"": """", ""location"": """", ""object"": ""亮度"", ""operation"": ""降低"", ""value"": """"}",给把亮度调小点,llm_onecall,10605.2,OK,
464,设备控制,第2轮,恢复默认,common_control,"{""device"": """", ""location"": """", ""object"": ""恢复出厂设置"", ""operation"": ""打开"", ""value"": """"}",恢复默认,llm_onecall,12171.4,OK,
464,设备控制,第3轮,太亮,numeric_adjust,"{""device"": """", ""location"": """", ""object"": ""亮度"", ""operation"": ""降低"", ""value"": """"}",把亮度调小点,llm_onecall,11209.9,OK,
464,设备控制,第4轮,还能再调小吗,numeric_adjust,"{""device"": """", ""location"": """", ""object"": ""亮度"", ""operation"": ""降低"", ""value"": """"}",把亮度调小点,llm_onecall,11049.2,OK,
464,设备控制,第5轮,再调小点的那种,numeric_adjust,"{""device"": """", ""location"": """", ""object"": ""亮度"", ""operation"": ""降低"", ""value"": """"}",把亮度调小点,llm_onecall,11060.0,OK,
465,设备控制,第1轮,把亮度调暗点,numeric_adjust,"{""device"": """", ""location"": """", ""object"": ""亮度"", ""operation"": ""降低"", ""value"": """"}",把亮度调暗点,llm_onecall,11281.5,OK,
465,设备控制,第2轮,太亮,numeric_adjust,"{""device"": """", ""location"": """", ""object"": ""亮度"", ""operation"": ""降低"", ""value"": """"}",把亮度调暗点,llm_onecall,12029.2,OK,
465,设备控制,第3轮,调到40,numeric_adjust,"{""device"": """", ""location"": """", ""object"": ""亮度"", ""operation"": ""设置"", ""value"": ""40""}",把亮度调到40,llm_onecall,11810.8,OK,
465,设备控制,第4轮,还能再调暗吗,numeric_adjust,"{""device"": """", ""location"": """", ""object"": ""亮度"", ""operation"": ""降低"", ""value"": """"}",把亮度调暗点,llm_onecall,11287.6,OK,
465,设备控制,第5轮,关掉,power_control,"{""device"": """", ""location"": """", ""object"": ""关机"", ""operation"": ""打开"", ""value"": """"}",关闭,llm_onecall,10316.1,OK,
466,设备控制,第1轮,麻烦把亮度调低点,numeric_adjust,"{""device"": """", ""location"": """", ""object"": ""亮度"", ""operation"": ""降低"", ""value"": """"}",麻烦把亮度调低点,llm_onecall,11604.2,OK,
466,设备控制,第2轮,还能再调低吗,numeric_adjust,"{""device"": """", ""location"": """", ""object"": ""亮度"", ""operation"": ""降低"", ""value"": """"}",降低亮度,llm_onecall,12419.9,OK,
466,设备控制,第3轮,调到40的那种,numeric_adjust,"{""device"": """", ""location"": """", ""object"": ""亮度"", ""operation"": ""设置"", ""value"": ""40""}",把亮度调到40,llm_onecall,10916.8,OK,
466,设备控制,第4轮,关掉的那种,numeric_adjust,"{""device"": """", ""location"": """", ""object"": ""亮度"", ""operation"": ""设置"", ""value"": """"}",关闭亮度,llm_onecall,11654.9,OK,
466,设备控制,第5轮,再调低点,numeric_adjust,"{""device"": """", ""location"": """", ""object"": ""亮度"", ""operation"": ""降低"", ""value"": """"}",把亮度调低点,llm_onecall,10995.9,OK,
467,设备控制,第1轮,把对比度调大点,numeric_adjust,"{""device"": """", ""location"": """", ""object"": ""对比度"", ""operation"": ""提高"", ""value"": """"}",把对比度调大点,llm_onecall,11580.9,OK,
467,设备控制,第2轮,关掉,numeric_adjust,"{""device"": """", ""location"": """", ""object"": ""对比度"", ""operation"": ""设置"", ""value"": """"}",关闭对比度,llm_onecall,12396.1,OK,
467,设备控制,第3轮,太暗,numeric_adjust,"{""device"": """", ""location"": """", ""object"": ""亮度"", ""operation"": ""提高"", ""value"": """"}",把亮度调高,llm_onecall,10783.4,OK,
467,设备控制,第4轮,还能再调大吗,numeric_adjust,"{""device"": """", ""location"": """", ""object"": ""亮度"", ""operation"": ""提高"", ""value"": """"}",把亮度调高,llm_onecall,10867.0,OK,
467,设备控制,第5轮,调到20,numeric_adjust,"{""device"": """", ""location"": """", ""object"": ""亮度"", ""operation"": ""设置"", ""value"": ""20""}",把亮度调到20,llm_onecall,11243.0,OK,
468,设备控制,第1轮,把对比度调高点,numeric_adjust,"{""device"": """", ""location"": """", ""object"": ""对比度"", ""operation"": ""提高"", ""value"": """"}",把对比度调高点,llm_onecall,11306.8,OK,
468,设备控制,第2轮,调到30,numeric_adjust,"{""device"": """", ""location"": """", ""object"": ""对比度"", ""operation"": ""设置"", ""value"": ""30""}",把对比度调到30,llm_onecall,11493.4,OK,
468,设备控制,第3轮,太暗,numeric_adjust,"{""device"": """", ""location"": """", ""object"": ""亮度"", ""operation"": ""提高"", ""value"": """"}",把亮度调高点,llm_onecall,11233.5,OK,
468,设备控制,第4轮,再调高点,numeric_adjust,"{""device"": """", ""location"": """", ""object"": ""亮度"", ""operation"": ""提高"", ""value"": """"}",把亮度调高点,llm_onecall,11128.8,OK,
468,设备控制,第5轮,恢复默认的那种,common_control,"{""device"": """", ""location"": """", ""object"": ""恢复出厂设置"", ""operation"": ""打开"", ""value"": """"}",恢复默认设置,llm_onecall,10718.8,OK,
469,设备控制,第1轮,把对比度调暗点,numeric_adjust,"{""device"": """", ""location"": """", ""object"": ""对比度"", ""operation"": ""降低"", ""value"": """"}",把对比度调暗点,llm_onecall,12189.7,OK,
469,设备控制,第2轮,还能再调暗吗,numeric_adjust,"{""device"": """", ""location"": """", ""object"": ""对比度"", ""operation"": ""设置"", ""value"": """"}",把对比度,llm_onecall,10870.5,OK,
469,设备控制,第3轮,调到20,numeric_adjust,"{""device"": """", ""location"": """", ""object"": ""对比度"", ""operation"": ""设置"", ""value"": ""20""}",把对比度调到20,llm_onecall,11250.5,OK,
469,设备控制,第4轮,太亮,numeric_adjust,"{""device"": """", ""location"": """", ""object"": ""对比度"", ""operation"": ""设置"", ""value"": ""20""}",把对比度调到20,llm_onecall,11161.6,OK,
469,设备控制,第5轮,恢复默认的那种,numeric_adjust,"{""device"": """", ""location"": """", ""object"": ""对比度"", ""operation"": ""设置"", ""value"": ""默认""}",恢复默认对比度,llm_onecall,10657.2,OK,
47,影视,第1轮,想看找黄渤演的电视剧,vod_search,"{""action"": ""search"", ""query"": {""and"": [{""field"": ""actor"", ""value"": ""黄渤""}, {""field"": ""category"", ""value"": ""电视剧""}]}, ""retext"": ""想看找黄渤演的电视剧""}",想看找黄渤演的电视剧,llm_onecall,14633.7,OK,
47,影视,第2轮,卖座的,vod_search,"{""action"": ""search"", ""query"": {""and"": [{""field"": ""actor"", ""value"": ""黄渤""}, {""field"": ""category"", ""value"": ""电视剧""}]}, ""retext"": ""想看找黄渤演的卖座的电视剧"", ""sort"": {""hot"": {""order"": ""desc""}}}",想看找黄渤演的卖座的电视剧,llm_onecall,15672.8,OK,
47,影视,第3轮,票房好的,vod_search,"{""action"": ""search"", ""query"": {""and"": [{""field"": ""actor"", ""value"": ""黄渤""}, {""field"": ""category"", ""value"": ""电视剧""}]}, ""retext"": ""想看找黄渤演的卖座的电视剧"", ""sort"": {""hot"": {""order"": ""desc""}}}",想看找黄渤演的卖座的电视剧,llm_onecall,13706.6,OK,
47,影视,第4轮,票房高点的,vod_fuzzy_search,"{""retext"": ""想看找黄渤演的票房高的电视剧""}",想看找黄渤演的票房高的电视剧,llm_onecall,17493.8,OK,
47,影视,第5轮,评价好点的,vod_search,"{""action"": ""search"", ""query"": {""and"": [{""field"": ""actor"", ""value"": ""黄渤""}, {""field"": ""category"", ""value"": ""电视剧""}]}, ""retext"": ""想看找黄渤演的评价好点的电视剧"", ""sort"": {""rate"": {""order"": ""desc""}}}",想看找黄渤演的评价好点的电视剧,llm_onecall,16787.6,OK,
470,设备控制,第1轮,把色温调大点,numeric_adjust,"{""device"": """", ""location"": """", ""object"": ""色温"", ""operation"": ""提高"", ""value"": """"}",把色温调大点,llm_onecall,12084.7,OK,
470,设备控制,第2轮,调到30,numeric_adjust,"{""device"": """", ""location"": """", ""object"": ""色温"", ""operation"": ""设置"", ""value"": ""30""}",把色温调到30,llm_onecall,11165.1,OK,
470,设备控制,第3轮,关掉,numeric_adjust,"{""device"": """", ""location"": """", ""object"": ""色温"", ""operation"": ""关闭"", ""value"": """"}",关闭色温,llm_onecall,11103.7,OK,
470,设备控制,第4轮,恢复默认的那种,numeric_adjust,"{""device"": """", ""location"": """", ""object"": ""色温"", ""operation"": ""设置"", ""value"": ""默认""}",恢复默认色温,llm_onecall,11271.1,OK,
470,设备控制,第5轮,还能再调大吗,numeric_adjust,"{""device"": """", ""location"": """", ""object"": ""色温"", ""operation"": ""提高"", ""value"": """"}",把色温调大点,llm_onecall,10433.8,OK,
471,设备控制,第1轮,请帮我把色温调小点,numeric_adjust,"{""device"": """", ""location"": """", ""object"": ""色温"", ""operation"": ""降低"", ""value"": """"}",请帮我把色温调小点,llm_onecall,11067.3,OK,
471,设备控制,第2轮,要恢复默认,common_control,"{""device"": """", ""location"": """", ""object"": ""恢复出厂设置"", ""operation"": ""打开"", ""value"": """"}",恢复默认,llm_onecall,11175.1,OK,
471,设备控制,第3轮,关掉,power_control,"{""device"": """", ""location"": """", ""object"": ""关机"", ""operation"": ""打开"", ""value"": """"}",关闭,llm_onecall,11423.3,OK,
471,设备控制,第4轮,调到30,numeric_adjust,"{""device"": """", ""location"": """", ""object"": ""色温"", ""operation"": ""设置"", ""value"": ""30""}",把色温调到30,llm_onecall,11339.6,OK,
471,设备控制,第5轮,还能再调小吗,numeric_adjust,"{""device"": """", ""location"": """", ""object"": ""色温"", ""operation"": ""设置"", ""value"": ""29""}",把色温调到29,llm_onecall,11342.7,OK,
472,设备控制,第1轮,把色温调暗点,numeric_adjust,"{""device"": """", ""location"": """", ""object"": ""色温"", ""operation"": ""降低"", ""value"": """"}",把色温调暗点,llm_onecall,11969.0,OK,
472,设备控制,第2轮,恢复默认的那种,common_control,"{""device"": """", ""location"": """", ""object"": ""恢复出厂设置"", ""operation"": ""打开"", ""value"": """"}",恢复默认设置,llm_onecall,11005.8,OK,
472,设备控制,第3轮,关掉的那种,common_control,"{""device"": """", ""location"": """", ""object"": ""默认设置"", ""operation"": ""关闭"", ""value"": """"}",关闭默认设置,llm_onecall,11336.5,OK,
472,设备控制,第4轮,再调暗点,numeric_adjust,"{""device"": """", ""location"": """", ""object"": ""色温"", ""operation"": ""降低"", ""value"": """"}",把色温调暗点,llm_onecall,12025.1,OK,
472,设备控制,第5轮,太亮,numeric_adjust,"{""device"": """", ""location"": """", ""object"": ""色温"", ""operation"": ""降低"", ""value"": """"}",把色温调暗点,llm_onecall,11752.8,OK,
473,设备控制,第1轮,帮我把色温调低点,numeric_adjust,"{""device"": """", ""location"": """", ""object"": ""色温"", ""operation"": ""降低"", ""value"": """"}",帮我把色温调低点,llm_onecall,10932.8,OK,
473,设备控制,第2轮,调到50,numeric_adjust,"{""device"": """", ""location"": """", ""object"": ""色温"", ""operation"": ""设置"", ""value"": ""50""}",把色温调到50,llm_onecall,11107.7,OK,
473,设备控制,第3轮,要恢复默认,common_control,"{""device"": """", ""location"": """", ""object"": ""恢复出厂设置"", ""operation"": ""打开"", ""value"": """"}",恢复默认,llm_onecall,11221.3,OK,
473,设备控制,第4轮,再调低点,numeric_adjust,"{""device"": """", ""location"": """", ""object"": ""色温"", ""operation"": ""设置"", ""value"": ""49""}",把色温调到49,llm_onecall,11472.7,OK,
473,设备控制,第5轮,关掉,numeric_adjust,"{""device"": """", ""location"": """", ""object"": ""静音"", ""operation"": ""打开"", ""value"": """"}",关掉,llm_onecall,11341.4,OK,
474,设备控制,第1轮,把背光调大点,display_control,"{""device"": """", ""location"": """", ""object"": ""背光"", ""operation"": ""打开"", ""value"": """"}",把背光调大点,llm_onecall,11344.2,OK,
474,设备控制,第2轮,再调大点,display_control,"{""device"": """", ""location"": """", ""object"": ""背光"", ""operation"": ""打开"", ""value"": """"}",把背光调大点,llm_onecall,11408.1,OK,
474,设备控制,第3轮,调到40,display_control,"{""device"": """", ""location"": """", ""object"": ""背光"", ""operation"": ""设置"", ""value"": ""40""}",把背光调到40,llm_onecall,10809.7,OK,
474,设备控制,第4轮,太暗,display_control,"{""device"": """", ""location"": """", ""object"": ""背光"", ""operation"": ""设置"", ""value"": ""40""}",把背光调到40,llm_onecall,11639.0,OK,
474,设备控制,第5轮,还能再调大吗,display_control,"{""device"": """", ""location"": """", ""object"": ""背光"", ""operation"": ""设置"", ""value"": ""40""}",把背光调到40,llm_onecall,11878.3,OK,
475,设备控制,第1轮,把背光调亮点,numeric_adjust,"{""device"": """", ""location"": """", ""object"": ""背光"", ""operation"": ""提高"", ""value"": """"}",把背光调亮点,llm_onecall,10728.1,OK,
475,设备控制,第2轮,太暗,display_control,"{""device"": """", ""location"": """", ""object"": ""背光"", ""operation"": ""打开"", ""value"": """"}",把背光调亮点,llm_onecall,11823.5,OK,
475,设备控制,第3轮,还能再调亮吗,numeric_adjust,"{""device"": """", ""location"": """", ""object"": ""亮度"", ""operation"": ""提高"", ""value"": """"}",还能再调亮吗,llm_onecall,10946.4,OK,
475,设备控制,第4轮,再调亮点,numeric_adjust,"{""device"": """", ""location"": """", ""object"": ""亮度"", ""operation"": ""提高"", ""value"": """"}",增加亮度,llm_onecall,10852.5,OK,
475,设备控制,第5轮,调到20,display_control,"{""device"": """", ""location"": """", ""object"": ""背光"", ""operation"": ""设置"", ""value"": ""20""}",把背光调到20,llm_onecall,12094.9,OK,
476,设备控制,第1轮,把背光调小点,display_control,"{""device"": """", ""location"": """", ""object"": ""背光"", ""operation"": ""降低"", ""value"": """"}",把背光调小点,llm_onecall,10632.7,OK,
476,设备控制,第2轮,还能再调小吗,display_control,"{""device"": """", ""location"": """", ""object"": ""背光"", ""operation"": ""降低"", ""value"": """"}",把背光调小点,llm_onecall,11975.4,OK,
476,设备控制,第3轮,关掉,numeric_adjust,"{""device"": """", ""location"": """", ""object"": ""静音"", ""operation"": ""打开"", ""value"": """"}",关掉背光,llm_onecall,10792.7,OK,
476,设备控制,第4轮,再调小点,display_control,"{""device"": """", ""location"": """", ""object"": ""背光"", ""operation"": ""降低"", ""value"": """"}",把背光调小点,llm_onecall,11393.4,OK,
476,设备控制,第5轮,调到50,numeric_adjust,"{""device"": """", ""location"": """", ""object"": ""背光"", ""operation"": ""设置"", ""value"": ""50""}",把背光调到50,llm_onecall,11992.6,OK,
477,设备控制,第1轮,把色度调暗点,numeric_adjust,"{""device"": """", ""location"": """", ""object"": ""色度"", ""operation"": ""降低"", ""value"": """"}",把色度调暗点,llm_onecall,10923.4,OK,
477,设备控制,第2轮,太亮,numeric_adjust,"{""device"": """", ""location"": """", ""object"": ""色度"", ""operation"": ""降低"", ""value"": """"}",把色度调暗点,llm_onecall,11812.1,OK,
477,设备控制,第3轮,调到20,numeric_adjust,"{""device"": """", ""location"": """", ""object"": ""色度"", ""operation"": ""设置"", ""value"": ""20""}",把色度调到20,llm_onecall,11235.6,OK,
477,设备控制,第4轮,再调暗点,numeric_adjust,"{""device"": """", ""location"": """", ""object"": ""色度"", ""operation"": ""降低"", ""value"": """"}",把色度调暗点,llm_onecall,10527.6,OK,
477,设备控制,第5轮,要恢复默认,common_control,"{""device"": """", ""location"": """", ""object"": ""恢复出厂设置"", ""operation"": ""打开"", ""value"": """"}",恢复默认,llm_onecall,11757.2,OK,
478,设备控制,第1轮,给设置定时关机半小时后,timer_control,"{""date_time"": ""定时"", ""device"": """", ""location"": """", ""object"": ""关机"", ""operation"": ""打开""}",给设置定时关机半小时后,llm_onecall,10696.0,OK,
478,设备控制,第2轮,改成一小时,timer_control,"{""date_time"": ""1小时"", ""device"": """", ""location"": """", ""object"": ""关机"", ""operation"": ""打开""}",设置定时关机一小时后,llm_onecall,11275.9,OK,
478,设备控制,第3轮,设成八点,timer_control,"{""date_time"": ""08:00"", ""device"": """", ""location"": """", ""object"": ""关机"", ""operation"": ""打开""}",设置定时关机八点,llm_onecall,11594.7,OK,
478,设备控制,第4轮,要取消,timer_control,"{""device"": """", ""location"": """", ""object"": ""关机"", ""operation"": ""关闭"", ""value"": """"}",取消定时关机,fewshot_cache,9639.4,OK,
478,设备控制,第5轮,提醒关了没,timer_control,"{""date_time"": ""定时"", ""device"": """", ""location"": """", ""object"": ""关机"", ""operation"": ""打开""}",定时关机是否已取消,llm_onecall,11797.5,OK,
479,设备控制,第1轮,设置定时关机一个小时后吧,timer_control,"{""date_time"": ""定时"", ""device"": """", ""location"": """", ""object"": ""关机"", ""operation"": ""打开""}",设置定时关机一个小时后吧,llm_onecall,10980.9,OK,
479,设备控制,第2轮,周末也生效吗,timer_control,"{""date_time"": ""定时"", ""device"": """", ""location"": """", ""object"": ""关机"", ""operation"": ""打开""}",设置定时关机一个小时后吧,llm_onecall,11598.1,OK,
479,设备控制,第3轮,设成八点,timer_control,"{""date_time"": ""定时"", ""device"": """", ""location"": """", ""object"": ""关机"", ""operation"": ""打开""}",设置定时关机一个小时后吧,llm_onecall,11483.8,OK,
479,设备控制,第4轮,改成一小时,timer_control,"{""date_time"": ""定时"", ""device"": """", ""location"": """", ""object"": ""关机"", ""operation"": ""打开""}",设置定时关机一个小时后吧,llm_onecall,11344.1,OK,
479,设备控制,第5轮,提醒关了没,timer_control,"{""date_time"": ""定时"", ""device"": """", ""location"": """", ""object"": ""关机"", ""operation"": ""打开""}",检查定时关机是否已执行,llm_onecall,10912.1,OK,
48,影视,第1轮,找杨紫主演的剧,fan_knowledge_agent,"{""messages"": [{""content"": ""找杨紫主演的剧"", ""role"": ""user""}], ""riskRespStrategy"": ""all_replace"", ""sceneTypeIntentList"": [{""sceneType"": ""video""}]}",找杨紫主演的剧,general_rule,22194.5,OK,
48,影视,第2轮,打分高一些的,fan_knowledge_agent,"{""messages"": [{""content"": ""杨紫主演的电视剧中评分较高的"", ""role"": ""user""}], ""riskRespStrategy"": ""all_replace"", ""sceneTypeIntentList"": [{""sceneType"": ""video""}]}",杨紫主演的电视剧中评分较高的,general_rule,18368.9,OK,
48,影视,第3轮,票房高点的,fan_knowledge_agent,"{""messages"": [{""content"": ""杨紫主演的电视剧中票房较高的"", ""role"": ""user""}], ""riskRespStrategy"": ""all_replace"", ""sceneTypeIntentList"": [{""sceneType"": ""video""}]}",杨紫主演的电视剧中票房较高的,general_rule,20386.0,OK,
48,影视,第4轮,最新的,vod_search,"{""action"": ""search"", ""query"": {""and"": [{""field"": ""actor"", ""value"": ""杨紫""}, {""field"": ""category"", ""value"": ""电视剧""}]}, ""retext"": ""杨紫主演的电视剧中最新的"", ""sort"": {""new"": {""order"": ""desc""}}}",杨紫主演的电视剧中最新的,llm_onecall,16860.0,OK,
48,影视,第5轮,不花钱的,fan_knowledge_agent,"{""messages"": [{""content"": ""杨紫主演的电视剧中不花钱的"", ""role"": ""user""}], ""riskRespStrategy"": ""all_replace"", ""sceneTypeIntentList"": [{""sceneType"": ""video""}]}",杨紫主演的电视剧中不花钱的,general_rule,22000.4,OK,
480,设备控制,第1轮,设置定时关机两个小时后,timer_control,"{""date_time"": ""定时"", ""device"": """", ""location"": """", ""object"": ""关机"", ""operation"": ""打开""}",设置定时关机两个小时后,llm_onecall,11237.0,OK,
480,设备控制,第2轮,设成八点,timer_control,"{""date_time"": ""08:00"", ""device"": """", ""location"": """", ""object"": ""关机"", ""operation"": ""打开""}",设置定时关机到八点,llm_onecall,11642.3,OK,
480,设备控制,第3轮,取消,timer_control,"{""device"": """", ""location"": """", ""object"": ""关机"", ""operation"": ""关闭"", ""value"": """"}",取消定时关机,fewshot_cache,10936.1,OK,
480,设备控制,第4轮,周末也生效吗,timer_control,"{""date_time"": ""08:00"", ""device"": """", ""location"": """", ""object"": ""关机"", ""operation"": ""打开""}",设置定时关机到八点,llm_onecall,32428.7,OK,
480,设备控制,第5轮,改成一小时,timer_control,"{""date_time"": ""1小时"", ""device"": """", ""location"": """", ""object"": ""关机"", ""operation"": ""打开""}",设置定时关机一小时,llm_onecall,10794.5,OK,
481,设备控制,第1轮,设置定时关机晚上十点,timer_control,"{""date_time"": ""22:00"", ""device"": """", ""location"": """", ""object"": ""关机"", ""operation"": ""打开""}",设置定时关机晚上十点,llm_onecall,11120.1,OK,
481,设备控制,第2轮,取消,timer_control,"{""device"": """", ""location"": """", ""object"": ""关机"", ""operation"": ""关闭"", ""value"": """"}",取消定时关机,fewshot_cache,10305.9,OK,
481,设备控制,第3轮,周末也生效吗,timer_control,"{""date_time"": ""周末"", ""device"": """", ""location"": """", ""object"": ""定时关机"", ""operation"": ""查询"", ""value"": """"}",周末也生效吗,llm_onecall,11131.1,OK,
481,设备控制,第4轮,提醒关了没,timer_control,"{""date_time"": ""定时"", ""device"": """", ""location"": """", ""object"": ""关机"", ""operation"": ""打开"", ""value"": """"}",定时关机设置了吗,llm_onecall,10978.9,OK,
481,设备控制,第5轮,改成一小时,timer_control,"{""date_time"": ""1小时"", ""device"": """", ""location"": """", ""object"": ""关机"", ""operation"": ""打开""}",设置定时关机一小时,llm_onecall,12048.6,OK,
482,设备控制,第1轮,设置定时关机明早七点,timer_control,"{""date_time"": ""07:00"", ""device"": """", ""location"": """", ""object"": ""关机"", ""operation"": ""打开""}",设置定时关机明早七点,llm_onecall,11496.1,OK,
482,设备控制,第2轮,再提前十分钟,timer_control,"{""date_time"": ""06:00"", ""device"": """", ""location"": """", ""object"": ""关机"", ""operation"": ""打开""}",设置定时关机明早六点五十,llm_onecall,11452.1,OK,
482,设备控制,第3轮,取消,timer_control,"{""device"": """", ""location"": """", ""object"": ""关机"", ""operation"": ""关闭"", ""value"": """"}",取消定时关机,fewshot_cache,10434.8,OK,
482,设备控制,第4轮,设成八点,timer_control,"{""date_time"": ""08:00"", ""device"": """", ""location"": """", ""object"": ""关机"", ""operation"": ""打开""}",设置定时关机明早八点,llm_onecall,11547.9,OK,
482,设备控制,第5轮,改成一小时,timer_control,"{""date_time"": ""1小时"", ""device"": """", ""location"": """", ""object"": ""关机"", ""operation"": ""打开""}",设置定时关机一小时,llm_onecall,10808.1,OK,
483,设备控制,第1轮,设置定时开机半小时后,power_control,"{""device"": """", ""location"": """", ""object"": ""开机"", ""operation"": ""打开"", ""value"": """"}",设置定时开机半小时后,llm_onecall,10891.8,OK,
483,设备控制,第2轮,再提前十分钟,power_control,"{""device"": """", ""location"": """", ""object"": ""开机"", ""operation"": ""打开"", ""value"": """"}",设置定时开机二十分钟后,llm_onecall,11018.9,OK,
483,设备控制,第3轮,改成一小时,power_control,"{""device"": """", ""location"": """", ""object"": ""开机"", ""operation"": ""打开"", ""value"": """"}",设置定时开机一小时,llm_onecall,11332.1,OK,
483,设备控制,第4轮,设成八点,power_control,"{""device"": """", ""location"": """", ""object"": ""开机"", ""operation"": ""打开"", ""value"": """"}",设置定时开机八点,llm_onecall,12000.0,OK,
483,设备控制,第5轮,周末也生效吗,timer_control,"{""date_time"": ""周末"", ""device"": """", ""location"": """", ""object"": ""定时关机"", ""operation"": ""查询"", ""value"": """"}",周末也生效吗,llm_onecall,10491.7,OK,
484,设备控制,第1轮,麻烦设置定时开机一个小时后,power_control,"{""device"": """", ""location"": """", ""object"": ""开机"", ""operation"": ""打开"", ""value"": """"}",麻烦设置定时开机一个小时后,llm_onecall,11183.9,OK,
484,设备控制,第2轮,周末也生效吗,timer_control,"{""date_time"": ""周末"", ""device"": """", ""location"": """", ""object"": ""定时关机"", ""operation"": ""查询"", ""value"": """"}",周末也生效吗,llm_onecall,11148.0,OK,
484,设备控制,第3轮,再提前十分钟,timer_control,"{""date_time"": ""10分钟"", ""device"": """", ""location"": """", ""object"": ""定时关机"", ""operation"": ""设置"", ""value"": """"}",再提前十分钟,llm_onecall,11186.9,OK,
484,设备控制,第4轮,取消,common_control,"{""device"": """", ""location"": """", ""object"": """", ""operation"": ""关闭"", ""value"": """"}",取消,llm_onecall,12122.5,OK,
484,设备控制,第5轮,提醒关了没,timer_control,"{""date_time"": ""定时"", ""device"": """", ""location"": """", ""object"": ""定时关机"", ""operation"": ""关闭"", ""value"": """"}",提醒关了没,llm_onecall,11284.5,OK,
485,设备控制,第1轮,设置定时开机两个小时后,power_control,"{""device"": """", ""location"": """", ""object"": ""开机"", ""operation"": ""打开"", ""value"": """"}",设置定时开机两个小时后,llm_onecall,11381.2,OK,
485,设备控制,第2轮,设成八点,power_control,"{""device"": """", ""location"": """", ""object"": ""开机"", ""operation"": ""打开"", ""value"": """"}",设置定时开机到八点,llm_onecall,11450.3,OK,
485,设备控制,第3轮,周末也生效吗,timer_control,"{""date_time"": ""周末"", ""device"": """", ""location"": """", ""object"": ""定时关机"", ""operation"": ""查询"", ""value"": """"}",周末也生效吗,llm_onecall,11326.5,OK,
485,设备控制,第4轮,改成一小时,power_control,"{""device"": """", ""location"": """", ""object"": ""开机"", ""operation"": ""打开"", ""value"": """"}",设置定时开机一小时,llm_onecall,12254.7,OK,
485,设备控制,第5轮,再提前十分钟,power_control,"{""device"": """", ""location"": """", ""object"": ""开机"", ""operation"": ""打开"", ""value"": """"}",设置定时开机一小时十分钟,llm_onecall,10843.7,OK,
486,设备控制,第1轮,设置定时开机晚上十点,power_control,"{""device"": """", ""location"": """", ""object"": ""开机"", ""operation"": ""打开"", ""value"": """"}",设置定时开机晚上十点,llm_onecall,11402.3,OK,
486,设备控制,第2轮,提醒关了没,timer_control,"{""device"": """", ""location"": """", ""object"": ""定时关机"", ""operation"": ""关闭"", ""timer_control"": {""date_time"": ""定时""}, ""value"": """"}",提醒关了没,llm_onecall,11133.1,OK,
486,设备控制,第3轮,取消,common_control,"{""device"": """", ""location"": """", ""object"": """", ""operation"": ""关闭"", ""value"": """"}",取消,llm_onecall,10106.6,OK,
486,设备控制,第4轮,设成八点,power_control,"{""device"": """", ""location"": """", ""object"": ""开机"", ""operation"": ""打开"", ""value"": """"}",设置定时开机早上八点,llm_onecall,12088.7,OK,
486,设备控制,第5轮,改成一小时,power_control,"{""device"": """", ""location"": """", ""object"": ""开机"", ""operation"": ""打开"", ""value"": """"}",设置定时开机一小时,llm_onecall,11028.2,OK,
487,设备控制,第1轮,设置定时开机明早七点,power_control,"{""device"": """", ""location"": """", ""object"": ""开机"", ""operation"": ""打开"", ""value"": """"}",设置定时开机明早七点,llm_onecall,12073.1,OK,
487,设备控制,第2轮,取消,power_control,"{""device"": """", ""location"": """", ""object"": ""开机"", ""operation"": ""打开"", ""value"": """"}",取消定时开机,llm_onecall,10843.4,OK,
487,设备控制,第3轮,再提前十分钟,power_control,"{""device"": """", ""location"": """", ""object"": ""开机"", ""operation"": ""打开"", ""value"": """"}",取消定时开机,llm_onecall,11204.8,OK,
487,设备控制,第4轮,设成八点,power_control,"{""device"": """", ""location"": """", ""object"": ""开机"", ""operation"": ""打开"", ""value"": """"}",设置定时开机明早八点,llm_onecall,12344.3,OK,
487,设备控制,第5轮,周末也生效吗,timer_control,"{""date_time"": ""周末"", ""device"": """", ""location"": """", ""object"": ""定时关机"", ""operation"": ""查询"", ""value"": """"}",周末也生效吗,llm_onecall,10537.6,OK,
488,设备控制,第1轮,给设置提醒半小时后,timer_control,"{""date_time"": ""30分钟"", ""device"": """", ""location"": """", ""object"": ""关机"", ""operation"": ""打开""}",给设置提醒半小时后,llm_onecall,10833.0,OK,
488,设备控制,第2轮,设成八点,timer_control,"{""date_time"": ""20:00"", ""device"": """", ""location"": """", ""object"": ""定时关机"", ""operation"": ""设置"", ""value"": """"}",设成八点,llm_onecall,11909.2,OK,
488,设备控制,第3轮,提醒关了没,timer_control,"{""date_time"": ""30分钟"", ""device"": """", ""location"": """", ""object"": ""提醒"", ""operation"": ""关闭"", ""value"": """"}",关闭半小时后的提醒,llm_onecall,11554.3,OK,
488,设备控制,第4轮,改成一小时,timer_control,"{""date_time"": ""1小时"", ""device"": """", ""location"": """", ""object"": ""关机"", ""operation"": ""打开""}",改成一小时,llm_onecall,11213.3,OK,
488,设备控制,第5轮,再提前十分钟,timer_control,"{""date_time"": ""提前10分钟"", ""device"": """", ""location"": """", ""object"": ""关机"", ""operation"": ""打开"", ""value"": """"}",把提醒时间再提前十分钟,llm_onecall,10767.4,OK,
489,设备控制,第1轮,设置提醒两个小时后,common_control,"{""device"": """", ""location"": """", ""object"": ""设置提醒两个小时后"", ""operation"": ""打开"", ""value"": """"}",设置提醒两个小时后,llm_onecall,11730.5,OK,
489,设备控制,第2轮,周末也生效吗,timer_control,"{""date_time"": ""周末"", ""device"": """", ""location"": """", ""object"": ""定时关机"", ""operation"": ""查询"", ""value"": """"}",周末也生效吗,llm_onecall,10664.8,OK,
489,设备控制,第3轮,改成一小时的那种,timer_control,"{""date_time"": ""1小时"", ""device"": """", ""location"": """", ""object"": ""提醒"", ""operation"": ""设置"", ""value"": """"}",把提醒改成一小时,llm_onecall,11167.9,OK,
489,设备控制,第4轮,提醒关了没,timer_control,"{""date_time"": ""定时"", ""device"": """", ""location"": """", ""object"": ""定时关机"", ""operation"": ""关闭"", ""value"": """"}",提醒关了没,llm_onecall,10847.6,OK,
489,设备控制,第5轮,取消的那种,common_control,"{""device"": """", ""location"": """", ""object"": ""提醒"", ""operation"": ""关闭"", ""value"": """"}",取消提醒,llm_onecall,10525.7,OK,
49,影视,第1轮,想看找赵丽颖演的电视剧,vod_search,"{""action"": ""search"", ""query"": {""and"": [{""field"": ""actor"", ""value"": ""赵丽颖""}, {""field"": ""category"", ""value"": ""电视剧""}]}, ""retext"": ""想看找赵丽颖演的电视剧""}",想看找赵丽颖演的电视剧,llm_onecall,17232.7,OK,
49,影视,第2轮,票房好的,vod_fuzzy_search,"{""retext"": ""想看赵丽颖演的票房好的电视剧""}",想看赵丽颖演的票房好的电视剧,llm_onecall,13345.1,OK,
49,影视,第3轮,高票房的,vod_fuzzy_search,"{""retext"": ""想看赵丽颖演的票房好的电视剧""}",想看赵丽颖演的票房好的电视剧,llm_onecall,15950.0,OK,
49,影视,第4轮,新歌,music_song_search,"{""retext"": ""新歌"", ""toplist"": [""新歌""]}",新歌,llm_onecall,16556.4,OK,
49,影视,第5轮,不收费的有吗,vod_fuzzy_search,"{""retext"": ""想看赵丽颖演的票房好的电视剧""}",想看赵丽颖演的票房好的电视剧,llm_onecall,18726.9,OK,
490,设备控制,第1轮,电视声音有点小吧,numeric_adjust,"{""device"": """", ""location"": """", ""object"": ""音量"", ""operation"": ""降低"", ""value"": """"}",电视声音有点小吧,llm_onecall,11100.2,OK,
490,设备控制,第2轮,取消静音,numeric_adjust,"{""device"": """", ""location"": """", ""object"": ""静音"", ""operation"": ""关闭"", ""value"": """"}",取消静音,fewshot_cache,10289.4,OK,
490,设备控制,第3轮,太吵了,numeric_adjust,"{""device"": """", ""location"": """", ""object"": ""音量"", ""operation"": ""降低"", ""value"": """"}",调低音量,fewshot_cache,9066.6,OK,
490,设备控制,第4轮,开大两格,numeric_adjust,"{""device"": """", ""location"": """", ""object"": ""音量"", ""operation"": ""提高"", ""value"": ""2""}",调高音量2,llm_onecall,11933.9,OK,
490,设备控制,第5轮,静音,numeric_adjust,"{""device"": """", ""location"": """", ""object"": ""静音"", ""operation"": ""打开"", ""value"": """"}",静音,fewshot_cache,9656.7,OK,
491,设备控制,第1轮,打开儿童模式,educ_search,"{""query"": {}, ""retext"": ""打开儿童模式""}",打开儿童模式,llm_onecall,11084.9,OK,
491,设备控制,第2轮,退出儿童模式,educ_fuzzy_search,"{""query"": ""退出儿童模式"", ""retext"": ""退出儿童模式""}",退出儿童模式,fallback,11998.4,OK,
491,设备控制,第3轮,要关闭儿童模式,educ_fuzzy_search,"{""query"": ""退出儿童模式"", ""retext"": ""退出儿童模式""}",退出儿童模式,fallback,10693.4,OK,
491,设备控制,第4轮,再进一次,educ_search,"{""query"": {}, ""retext"": ""打开儿童模式""}",打开儿童模式,llm_onecall,11297.5,OK,
491,设备控制,第5轮,设置一下密码,common_control,"{""device"": """", ""location"": """", ""object"": ""设置一下密码"", ""operation"": ""打开"", ""value"": """"}",设置一下密码,llm_onecall,10508.4,OK,
492,设备控制,第1轮,画面拖影有点严重,execute,,画面拖影有点严重,,9940.8,OK,
492,设备控制,第2轮,打开运动补偿,display_control,"{""device"": """", ""location"": """", ""object"": ""运动补偿"", ""operation"": ""打开"", ""value"": """"}",打开运动补偿,fewshot_cache,10532.2,OK,
492,设备控制,第3轮,换回标准模式,display_control,"{""device"": """", ""location"": """", ""object"": ""运动补偿"", ""operation"": ""打开"", ""value"": """"}",关闭运动补偿,llm_onecall,10542.2,OK,
492,设备控制,第4轮,关掉运动补偿,display_control,"{""device"": """", ""location"": """", ""object"": ""运动补偿"", ""operation"": ""打开"", ""value"": """"}",关掉运动补偿,llm_onecall,11394.4,OK,
492,设备控制,第5轮,效果不明显,display_control,"{""device"": """", ""location"": """", ""object"": ""运动补偿"", ""operation"": ""打开"", ""value"": """"}",关闭运动补偿,llm_onecall,11158.5,OK,
493,设备控制,第1轮,给设置每天十点自动开机,power_control,"{""device"": """", ""location"": """", ""object"": ""开机"", ""operation"": ""打开"", ""value"": """"}",给设置每天十点自动开机,llm_onecall,11346.6,OK,
493,设备控制,第2轮,周末不用,timer_control,"{""date_time"": ""周末"", ""device"": """", ""location"": """", ""object"": ""定时关机"", ""operation"": ""关闭"", ""value"": """"}",周末不用,llm_onecall,11010.2,OK,
493,设备控制,第3轮,改成只周一到周五,power_control,"{""device"": """", ""location"": """", ""object"": ""开机"", ""operation"": ""打开"", ""value"": """"}",设置每天十点自动开机,llm_onecall,12400.2,OK,
493,设备控制,第4轮,那改回每天吧,power_control,"{""device"": """", ""location"": """", ""object"": ""开机"", ""operation"": ""打开"", ""value"": """"}",设置每天十点自动开机,llm_onecall,11424.1,OK,
493,设备控制,第5轮,取消这个设置,power_control,"{""device"": """", ""location"": """", ""object"": ""开机"", ""operation"": ""打开"", ""value"": """"}",取消每天十点自动开机,llm_onecall,11461.3,OK,
494,设备控制,第1轮,把亮度调小点,numeric_adjust,"{""device"": """", ""location"": """", ""object"": ""亮度"", ""operation"": ""降低"", ""value"": """"}",把亮度调小点,llm_onecall,10736.4,OK,
494,设备控制,第2轮,太亮,numeric_adjust,"{""device"": """", ""location"": """", ""object"": ""亮度"", ""operation"": ""降低"", ""value"": """"}",把亮度调小点,llm_onecall,11009.5,OK,
494,设备控制,第3轮,关掉的那种,numeric_adjust,"{""device"": """", ""location"": """", ""object"": ""亮度"", ""operation"": ""设置"", ""value"": """"}",关闭亮度,llm_onecall,11748.8,OK,
494,设备控制,第4轮,还能再调小吗,numeric_adjust,"{""device"": """", ""location"": """", ""object"": ""亮度"", ""operation"": ""降低"", ""value"": """"}",把亮度调小点,llm_onecall,10514.3,OK,
494,设备控制,第5轮,调到40,numeric_adjust,"{""device"": """", ""location"": """", ""object"": ""亮度"", ""operation"": ""设置"", ""value"": ""40""}",把亮度调到40,llm_onecall,11034.9,OK,
495,设备控制,第1轮,给把色温调大点,numeric_adjust,"{""device"": """", ""location"": """", ""object"": ""色温"", ""operation"": ""提高"", ""value"": """"}",给把色温调大点,llm_onecall,11426.5,OK,
495,设备控制,第2轮,还能再调大吗,numeric_adjust,"{""device"": """", ""location"": """", ""object"": ""色温"", ""operation"": ""提高"", ""value"": """"}",把色温调大点,llm_onecall,10121.0,OK,
495,设备控制,第3轮,太暗,numeric_adjust,"{""device"": """", ""location"": """", ""object"": ""亮度"", ""operation"": ""提高"", ""value"": """"}",把亮度调高,llm_onecall,12133.5,OK,
495,设备控制,第4轮,再调大点,numeric_adjust,"{""device"": """", ""location"": """", ""object"": ""亮度"", ""operation"": ""提高"", ""value"": """"}",把亮度调高,llm_onecall,10262.1,OK,
495,设备控制,第5轮,调到30,numeric_adjust,"{""device"": """", ""location"": """", ""object"": ""亮度"", ""operation"": ""设置"", ""value"": ""30""}",把亮度调到30,fewshot_cache,9804.4,OK,
496,设备控制,第1轮,把色温调小点吧,numeric_adjust,"{""device"": """", ""location"": """", ""object"": ""色温"", ""operation"": ""降低"", ""value"": """"}",把色温调小点吧,llm_onecall,10864.1,OK,
496,设备控制,第2轮,还能再调小吗,numeric_adjust,"{""device"": """", ""location"": """", ""object"": ""色温"", ""operation"": ""降低"", ""value"": """"}",把色温调小点,llm_onecall,11751.6,OK,
496,设备控制,第3轮,调到30,numeric_adjust,"{""device"": """", ""location"": """", ""object"": ""色温"", ""operation"": ""设置"", ""value"": ""30""}",把色温调到30,llm_onecall,11017.3,OK,
496,设备控制,第4轮,太亮,numeric_adjust,"{""device"": """", ""location"": """", ""object"": ""亮度"", ""operation"": ""降低"", ""value"": """"}",把亮度调低,llm_onecall,11435.5,OK,
496,设备控制,第5轮,再调小点,numeric_adjust,"{""device"": """", ""location"": """", ""object"": ""亮度"", ""operation"": ""降低"", ""value"": """"}",把亮度调低,llm_onecall,9746.7,OK,
497,设备控制,第1轮,帮我把色度调小点,numeric_adjust,"{""device"": """", ""location"": """", ""object"": ""色度"", ""operation"": ""降低"", ""value"": """"}",帮我把色度调小点,llm_onecall,10567.7,OK,
497,设备控制,第2轮,再调小点,numeric_adjust,"{""device"": """", ""location"": """", ""object"": ""色度"", ""operation"": ""降低"", ""value"": ""5""}",降低色度值为5,llm_onecall,11875.9,OK,
497,设备控制,第3轮,太亮的那种,numeric_adjust,"{""device"": """", ""location"": """", ""object"": ""亮度"", ""operation"": ""提高"", ""value"": """"}",把亮度调高,llm_onecall,10945.6,OK,
497,设备控制,第4轮,还能再调小吗,numeric_adjust,"{""device"": """", ""location"": """", ""object"": ""色度"", ""operation"": ""降低"", ""value"": ""5""}",降低色度值为5,llm_onecall,11643.0,OK,
497,设备控制,第5轮,调到40,numeric_adjust,"{""device"": """", ""location"": """", ""object"": ""亮度"", ""operation"": ""设置"", ""value"": ""40""}",把亮度调到40,llm_onecall,11002.0,OK,
498,设备控制,第1轮,电视画面调亮点吧,numeric_adjust,"{""device"": """", ""location"": """", ""object"": ""亮度"", ""operation"": ""提高"", ""value"": """"}",电视画面调亮点吧,llm_onecall,11611.7,OK,
498,设备控制,第2轮,调暗点,numeric_adjust,"{""device"": """", ""location"": """", ""object"": ""亮度"", ""operation"": ""降低"", ""value"": """"}",调暗点,badcase,10487.5,OK,
498,设备控制,第3轮,再调亮点的那种,numeric_adjust,"{""device"": """", ""location"": """", ""object"": ""亮度"", ""operation"": ""提高"", ""value"": """"}",提高亮度,llm_onecall,11676.5,OK,
498,设备控制,第4轮,太暗了,numeric_adjust,"{""device"": """", ""location"": """", ""object"": ""亮度"", ""operation"": ""降低"", ""value"": """"}",调暗点,badcase,9977.0,OK,
498,设备控制,第5轮,调到最大,numeric_adjust,"{""device"": """", ""location"": """", ""object"": ""亮度"", ""operation"": ""设置"", ""value"": ""100%""}",把亮度调到最大,llm_onecall,11010.3,OK,
499,设备控制,第1轮,给画面看起来有点暗,solve_picture_sound_problem_control,"{""intent"": ""dark_screen""}",给画面看起来有点暗,llm_onecall,10909.5,OK,
499,设备控制,第2轮,还是有点暗,common_control,"{""device"": """", ""location"": """", ""object"": ""控制指令"", ""operation"": ""打开"", ""value"": """"}",控制指令暂时无法执行，请稍后再试。,llm_onecall,11135.1,OK,
499,设备控制,第3轮,调到最高,numeric_adjust,"{""device"": """", ""location"": """", ""object"": ""亮度"", ""operation"": ""设置"", ""value"": ""100%""}",把亮度调到最高,llm_onecall,11365.4,OK,
499,设备控制,第4轮,下调一点,numeric_adjust,"{""device"": """", ""location"": """", ""object"": ""亮度"", ""operation"": ""降低"", ""value"": """"}",把亮度调低一点,llm_onecall,10032.0,OK,
499,设备控制,第5轮,再亮一点,edu_fuzzy_search,"{""retext"": ""把亮度调高一点""}",把亮度调高一点,llm_onecall,11926.0,OK,
5,影视,第1轮,年代剧,vod_search,"{""action"": ""search"", ""query"": {""and"": [{""field"": ""category"", ""value"": ""电视剧""}, {""field"": ""tag"", ""value"": ""年代""}]}, ""retext"": ""年代剧""}",年代剧,llm_onecall,15414.4,OK,
5,影视,第2轮,八九十年代背景的,vod_search,"{""action"": ""search"", ""query"": {""and"": [{""field"": ""category"", ""value"": ""电视剧""}, {""field"": ""tag"", ""value"": ""年代""}, {""field"": ""release_time"", ""from"": ""19800101"", ""to"": ""19891231""}]}, ""retext"": ""八九十年代背景的年代剧""}",八九十年代背景的年代剧,llm_onecall,20220.5,OK,
5,影视,第3轮,要集数多的那种,vod_search,"{""action"": ""search"", ""query"": {""and"": [{""field"": ""category"", ""value"": ""电视剧""}, {""field"": ""tag"", ""value"": ""年代""}, {""field"": ""release_time"", ""from"": ""19800101"", ""to"": ""19991231""}]}, ""retext"": ""八九十年代背景的年代剧要集数多的那种"", ""sort"": {""play"": {""order"": ""desc""}}}",八九十年代背景的年代剧要集数多的那种,llm_onecall,19099.8,OK,
5,影视,第4轮,演员阵容豪华的,vod_fuzzy_search,"{""retext"": ""八九十年代背景的年代剧要集数多的那种演员阵容豪华的""}",八九十年代背景的年代剧要集数多的那种演员阵容豪华的,llm_onecall,14783.3,OK,
5,影视,第5轮,收视率高点的,vod_fuzzy_search,"{""retext"": ""八九十年代背景的年代剧要集数多的那种演员阵容豪华的收视率高点的""}",八九十年代背景的年代剧要集数多的那种演员阵容豪华的收视率高点的,llm_onecall,16337.8,OK,
50,影视,第1轮,有哪些找孙俪演的电影,fan_knowledge_agent,"{""messages"": [{""content"": ""有哪些找孙俪演的电影"", ""role"": ""user""}], ""riskRespStrategy"": ""all_replace"", ""sceneTypeIntentList"": [{""sceneType"": ""video""}]}",有哪些找孙俪演的电影,general_rule,19279.0,OK,
50,影视,第2轮,新歌,music_song_search,"{""retext"": ""新歌"", ""toplist"": [""新歌""]}",新歌,llm_onecall,12599.0,OK,
50,影视,第3轮,口碑好点的,music_song_search,"{""retext"": ""口碑好点的"", ""toplist"": [""口碑榜""]}",口碑好点的,llm_onecall,14194.3,OK,
50,影视,第4轮,最新的有没有的那种,music_song_search,"{""retext"": ""口碑好点的"", ""toplist"": [""口碑榜""]}",口碑好点的,llm_onecall,16181.1,OK,
50,影视,第5轮,不收费的有吗,music_song_search,"{""retext"": ""不收费的有吗""}",不收费的有吗,llm_onecall,17428.0,OK,
500,设备控制,第1轮,打开儿童模式吧,educ_search,"{""query"": {}, ""retext"": ""打开儿童模式吧""}",打开儿童模式吧,llm_onecall,10944.8,OK,
500,设备控制,第2轮,再进一次,educ_search,"{""query"": {}, ""retext"": ""打开儿童模式""}",打开儿童模式,llm_onecall,10821.5,OK,
500,设备控制,第3轮,退出儿童模式,educ_fuzzy_search,"{""query"": ""退出儿童模式"", ""retext"": ""退出儿童模式""}",退出儿童模式,fallback,11192.9,OK,
500,设备控制,第4轮,关闭儿童模式,educ_history,"{""retext"": ""关闭儿童模式""}",关闭儿童模式,llm_onecall,10592.9,OK,
500,设备控制,第5轮,设置一下密码,common_control,"{""device"": """", ""location"": """", ""object"": ""设置一下密码"", ""operation"": ""打开"", ""value"": """"}",设置一下密码,llm_onecall,11151.6,OK,
501,设备控制,第1轮,打开护眼模式,mode_control,"{""device"": """", ""location"": """", ""object"": ""护眼模式"", ""operation"": ""打开"", ""value"": """"}",打开护眼模式,fewshot_cache,10543.4,OK,
501,设备控制,第2轮,太黄了,mode_control,"{""device"": """", ""location"": """", ""object"": ""护眼模式"", ""operation"": ""打开"", ""value"": """"}",关闭护眼模式,llm_onecall,10798.3,OK,
501,设备控制,第3轮,色温调暖一点,numeric_adjust,"{""device"": """", ""location"": """", ""object"": ""色温"", ""operation"": ""提高"", ""value"": """"}",把色温调暖一点,llm_onecall,10337.7,OK,
501,设备控制,第4轮,再暖点,numeric_adjust,"{""device"": """", ""location"": """", ""object"": ""色温"", ""operation"": ""提高"", ""value"": """"}",把色温调暖一点,llm_onecall,10696.7,OK,
501,设备控制,第5轮,调回标准,mode_control,"{""device"": """", ""location"": """", ""object"": """", ""operation"": ""设置"", ""value"": ""标准""}",把色温调回标准,llm_onecall,12017.1,OK,
502,设备控制,第1轮,设置每天十点自动开机吧,power_control,"{""device"": """", ""location"": """", ""object"": ""开机"", ""operation"": ""打开"", ""value"": """"}",设置每天十点自动开机吧,llm_onecall,12191.7,OK,
502,设备控制,第2轮,那改回每天吧,power_control,"{""device"": """", ""location"": """", ""object"": ""开机"", ""operation"": ""打开"", ""value"": """"}",设置每天十点自动开机,llm_onecall,10866.5,OK,
502,设备控制,第3轮,周末不用,timer_control,"{""date_time"": ""周末"", ""device"": """", ""location"": """", ""object"": ""定时关机"", ""operation"": ""关闭"", ""value"": """"}",周末不用,llm_onecall,10125.1,OK,
502,设备控制,第4轮,取消这个设置,power_control,"{""device"": """", ""location"": """", ""object"": ""开机"", ""operation"": ""打开"", ""value"": """"}",取消每天十点自动开机,llm_onecall,11562.4,OK,
502,设备控制,第5轮,改成十点半,power_control,"{""device"": """", ""location"": """", ""object"": ""开机"", ""operation"": ""打开"", ""value"": """"}",设置每天十点半自动开机,llm_onecall,11493.7,OK,
503,设备控制,第1轮,把亮度调高点,numeric_adjust,"{""device"": """", ""location"": """", ""object"": ""亮度"", ""operation"": ""提高"", ""value"": """"}",把亮度调高点,llm_onecall,11106.3,OK,
503,设备控制,第2轮,调到50,numeric_adjust,"{""device"": """", ""location"": """", ""object"": ""亮度"", ""operation"": ""设置"", ""value"": ""50""}",把亮度调到50,llm_onecall,10877.1,OK,
503,设备控制,第3轮,再调高点,numeric_adjust,"{""device"": """", ""location"": """", ""object"": ""亮度"", ""operation"": ""提高"", ""value"": """"}",把亮度调高点,llm_onecall,10243.4,OK,
503,设备控制,第4轮,还能再调高吗,numeric_adjust,"{""device"": """", ""location"": """", ""object"": ""亮度"", ""operation"": ""提高"", ""value"": """"}",把亮度调高点,llm_onecall,11413.7,OK,
503,设备控制,第5轮,恢复默认的那种,numeric_adjust,"{""device"": """", ""location"": """", ""object"": ""亮度"", ""operation"": ""设置"", ""value"": ""默认""}",恢复默认亮度,llm_onecall,10811.5,OK,
504,设备控制,第1轮,把清晰度调小点,numeric_adjust,"{""device"": """", ""location"": """", ""object"": ""清晰度"", ""operation"": ""降低"", ""value"": """"}",把清晰度调小点,llm_onecall,10901.0,OK,
504,设备控制,第2轮,要恢复默认,numeric_adjust,"{""device"": """", ""location"": """", ""object"": ""清晰度"", ""operation"": ""提高"", ""value"": ""默认""}",恢复默认清晰度,llm_onecall,10169.8,OK,
504,设备控制,第3轮,调到20,numeric_adjust,"{""device"": """", ""location"": """", ""object"": ""清晰度"", ""operation"": ""设置"", ""value"": ""20""}",把清晰度调到20,llm_onecall,11385.6,OK,
504,设备控制,第4轮,再调小点,numeric_adjust,"{""device"": """", ""location"": """", ""object"": ""清晰度"", ""operation"": ""降低"", ""value"": """"}",把清晰度调小点,llm_onecall,11515.8,OK,
504,设备控制,第5轮,太亮,numeric_adjust,"{""device"": """", ""location"": """", ""object"": ""亮度"", ""operation"": ""降低"", ""value"": """"}",把亮度调低,llm_onecall,11150.6,OK,
505,设备控制,第1轮,麻烦设置定时开机晚上十点,power_control,"{""device"": """", ""location"": """", ""object"": ""开机"", ""operation"": ""打开"", ""value"": """"}",麻烦设置定时开机晚上十点,llm_onecall,10973.4,OK,
505,设备控制,第2轮,取消,power_control,"{""device"": """", ""location"": """", ""object"": ""开机"", ""operation"": ""打开"", ""value"": """"}",取消定时开机,llm_onecall,10679.7,OK,
505,设备控制,第3轮,改成一小时的那种,power_control,"{""device"": """", ""location"": """", ""object"": ""开机"", ""operation"": ""打开"", ""value"": """"}",设置定时开机一小时,llm_onecall,10608.0,OK,
505,设备控制,第4轮,提醒关了没,fan_knowledge_agent,"{""messages"": [{""content"": ""定时开机取消了吗"", ""role"": ""user""}], ""riskRespStrategy"": ""all_replace"", ""sceneTypeIntentList"": [{""sceneType"": ""device_control_qa""}]}",定时开机取消了吗,general_rule,19954.6,OK,
505,设备控制,第5轮,设成八点的那种,power_control,"{""device"": """", ""location"": """", ""object"": ""开机"", ""operation"": ""打开"", ""value"": """"}",设置定时开机八点,llm_onecall,11090.3,OK,
506,设备控制,第1轮,请帮我清晰度不太够,numeric_adjust,"{""device"": """", ""location"": """", ""object"": ""清晰度"", ""operation"": ""提高"", ""value"": """"}",请帮我清晰度不太够,llm_onecall,10129.4,OK,
506,设备控制,第2轮,要恢复默认,common_control,"{""device"": """", ""location"": """", ""object"": ""恢复出厂设置"", ""operation"": ""打开"", ""value"": """"}",恢复默认,llm_onecall,10342.8,OK,
506,设备控制,第3轮,再高一点,numeric_adjust,"{""device"": """", ""location"": """", ""object"": ""音量"", ""operation"": ""设置"", ""value"": """"}",音量,llm_onecall,9347.9,OK,
506,设备控制,第4轮,设成最大值吧,numeric_adjust,"{""device"": """", ""location"": """", ""object"": ""音量"", ""operation"": ""设置"", ""value"": ""100%""}",音量调到最大,llm_onecall,11115.3,OK,
506,设备控制,第5轮,还能再清晰点吗,numeric_adjust,"{""device"": """", ""location"": """", ""object"": ""清晰度"", ""operation"": ""提高"", ""value"": """"}",清晰度,llm_onecall,10455.5,OK,
507,设备控制,第1轮,给电视声音有点小,numeric_adjust,"{""device"": """", ""location"": """", ""object"": ""音量"", ""operation"": ""降低"", ""value"": """"}",给电视声音有点小,llm_onecall,10505.6,OK,
507,设备控制,第2轮,静音,numeric_adjust,"{""device"": """", ""location"": """", ""object"": ""静音"", ""operation"": ""打开"", ""value"": """"}",静音,fewshot_cache,10065.0,OK,
507,设备控制,第3轮,取消静音,numeric_adjust,"{""device"": """", ""location"": """", ""object"": ""静音"", ""operation"": ""关闭"", ""value"": """"}",取消静音,fewshot_cache,9177.3,OK,
507,设备控制,第4轮,关小一点,numeric_adjust,"{""device"": """", ""location"": """", ""object"": ""音量"", ""operation"": ""降低"", ""value"": """"}",调小音量,llm_onecall,11925.5,OK,
507,设备控制,第5轮,太吵了,numeric_adjust,"{""device"": """", ""location"": """", ""object"": ""音量"", ""operation"": ""降低"", ""value"": """"}",调小音量,llm_onecall,11413.2,OK,
508,设备控制,第1轮,麻烦画面拖影有点严重,execute,,麻烦画面拖影有点严重,,9422.3,OK,
508,设备控制,第2轮,打开运动补偿,display_control,"{""device"": """", ""location"": """", ""object"": ""运动补偿"", ""operation"": ""打开"", ""value"": """"}",打开运动补偿,fewshot_cache,10265.0,OK,
508,设备控制,第3轮,换回标准模式,display_control,"{""device"": """", ""location"": """", ""object"": ""运动补偿"", ""operation"": ""打开"", ""value"": """"}",关闭运动补偿,llm_onecall,10544.6,OK,
508,设备控制,第4轮,要关掉运动补偿,display_control,"{""device"": """", ""location"": """", ""object"": ""运动补偿"", ""operation"": ""打开"", ""value"": """"}",关闭运动补偿,llm_onecall,11361.0,OK,
508,设备控制,第5轮,调到最高档,display_control,"{""device"": """", ""location"": """", ""object"": ""运动补偿"", ""operation"": ""打开"", ""value"": """"}",把运动补偿调到最高档,llm_onecall,11226.3,OK,
509,设备控制,第1轮,请帮我设置每天十点自动开机,power_control,"{""device"": """", ""location"": """", ""object"": ""开机"", ""operation"": ""打开"", ""value"": """"}",请帮我设置每天十点自动开机,llm_onecall,11105.9,OK,
509,设备控制,第2轮,改成十点半,power_control,"{""device"": """", ""location"": """", ""object"": ""开机"", ""operation"": ""打开"", ""value"": """"}",请帮我设置每天十点半自动开机,llm_onecall,10797.2,OK,
509,设备控制,第3轮,改成只周一到周五,power_control,"{""device"": """", ""location"": """", ""object"": ""开机"", ""operation"": ""打开"", ""value"": """"}",请帮我设置每天十点半自动开机,llm_onecall,11198.5,OK,
509,设备控制,第4轮,周末不用,timer_control,"{""date_time"": ""周末"", ""device"": """", ""location"": """", ""object"": ""定时关机"", ""operation"": ""关闭"", ""value"": """"}",周末不用,llm_onecall,10699.7,OK,
509,设备控制,第5轮,取消这个设置,power_control,"{""device"": """", ""location"": """", ""object"": ""开机"", ""operation"": ""打开"", ""value"": """"}",取消每天十点半自动开机,llm_onecall,11526.7,OK,
51,影视,第1轮,来几部谍战剧,vod_search,"{""action"": ""search"", ""query"": {""and"": [{""field"": ""category"", ""value"": ""电视剧""}, {""field"": ""tag"", ""value"": ""谍战""}]}, ""retext"": ""来几部谍战剧""}",来几部谍战剧,fallback,18098.9,OK,
51,影视,第2轮,人气高一点的,edu_fuzzy_search,"{""retext"": ""来几部人气高一点的谍战剧""}",来几部人气高一点的谍战剧,llm_onecall,12818.7,OK,
51,影视,第3轮,免费的有吗,edu_fuzzy_search,"{""retext"": ""免费的有吗""}",免费的有吗,llm_onecall,12775.6,OK,
51,影视,第4轮,已经完结的,vod_search,"{""action"": ""search"", ""query"": {""and"": [{""field"": ""category"", ""value"": ""电视剧""}, {""field"": ""tag"", ""value"": ""谍战""}, {""field"": ""is_fee"", ""value"": ""0""}, {""field"": ""is_over"", ""value"": ""1""}]}, ""retext"": ""免费的已经完结的谍战剧""}",免费的已经完结的谍战剧,llm_onecall,18051.2,OK,
51,影视,第5轮,免费版有吗,vod_search,"{""action"": ""search"", ""query"": {""and"": [{""field"": ""category"", ""value"": ""电视剧""}, {""field"": ""tag"", ""value"": ""谍战""}, {""field"": ""is_fee"", ""value"": ""0""}, {""field"": ""is_over"", ""value"": ""1""}]}, ""retext"": ""免费的已经完结的谍战剧""}",免费的已经完结的谍战剧,llm_onecall,20174.1,OK,
510,设备控制,第1轮,帮我把音量调低点,numeric_adjust,"{""device"": """", ""location"": """", ""object"": ""音量"", ""operation"": ""降低"", ""value"": """"}",帮我把音量调低点,llm_onecall,10091.1,OK,
510,设备控制,第2轮,再调低点,numeric_adjust,"{""device"": """", ""location"": """", ""object"": ""音量"", ""operation"": ""降低"", ""value"": """"}",再调低点,llm_onecall,11146.9,OK,
510,设备控制,第3轮,调到50,numeric_adjust,"{""device"": """", ""location"": """", ""object"": ""音量"", ""operation"": ""设置"", ""value"": ""50""}",把音量调到50,llm_onecall,10815.6,OK,
510,设备控制,第4轮,要恢复默认,numeric_adjust,"{""device"": """", ""location"": """", ""object"": ""静音"", ""operation"": ""关闭"", ""value"": """"}",恢复默认音量,llm_onecall,11805.6,OK,
510,设备控制,第5轮,太亮,numeric_adjust,"{""device"": """", ""location"": """", ""object"": ""亮度"", ""operation"": ""降低"", ""value"": """"}",把亮度调低,llm_onecall,11164.0,OK,
511,设备控制,第1轮,请帮我把色度调小点,numeric_adjust,"{""device"": """", ""location"": """", ""object"": ""色度"", ""operation"": ""降低"", ""value"": """"}",请帮我把色度调小点,llm_onecall,10315.4,OK,
511,设备控制,第2轮,还能再调小吗,numeric_adjust,"{""device"": """", ""location"": """", ""object"": ""色度"", ""operation"": ""降低"", ""value"": """"}",降低色度,fewshot_cache,9512.7,OK,
511,设备控制,第3轮,再调小点,numeric_adjust,"{""device"": """", ""location"": """", ""object"": ""色度"", ""operation"": ""降低"", ""value"": """"}",降低色度,fewshot_cache,10854.5,OK,
511,设备控制,第4轮,恢复默认的那种,numeric_adjust,"{""device"": """", ""location"": """", ""object"": ""色度"", ""operation"": ""提高"", ""value"": ""默认""}",恢复默认色度,llm_onecall,11061.4,OK,
511,设备控制,第5轮,要关掉,numeric_adjust,"{""device"": """", ""location"": """", ""object"": ""色度"", ""operation"": ""提高"", ""value"": """"}",关闭色度,llm_onecall,10746.9,OK,
512,设备控制,第1轮,设置提醒一个小时后吧,common_control,"{""device"": """", ""location"": """", ""object"": ""设置提醒一个小时后吧"", ""operation"": ""打开"", ""value"": """"}",设置提醒一个小时后吧,llm_onecall,10413.5,OK,
512,设备控制,第2轮,取消,timer_control,"{""date_time"": ""1小时"", ""device"": """", ""location"": """", ""object"": ""提醒"", ""operation"": ""关闭"", ""value"": """"}",取消一个小时后的提醒,llm_onecall,10150.5,OK,
512,设备控制,第3轮,要提醒关了没,timer_control,"{""date_time"": ""定时"", ""device"": """", ""location"": """", ""object"": ""定时关机"", ""operation"": ""关闭"", ""value"": """"}",要提醒关了没,llm_onecall,12381.3,OK,
512,设备控制,第4轮,改成一小时的那种,common_control,"{""device"": """", ""location"": """", ""object"": ""设置提醒一个小时后吧"", ""operation"": ""打开"", ""value"": """"}",设置提醒一个小时后吧,llm_onecall,11549.0,OK,
512,设备控制,第5轮,再提前十分钟,common_control,"{""device"": """", ""location"": """", ""object"": ""设置提醒一个小时十分钟后"", ""operation"": ""打开"", ""value"": """"}",设置提醒一个小时十分钟后,llm_onecall,11968.6,OK,
513,设备控制,第1轮,给打开儿童模式,educ_search,"{""query"": {}, ""retext"": ""给打开儿童模式""}",给打开儿童模式,llm_onecall,9971.8,OK,
513,设备控制,第2轮,设置一下密码,common_control,"{""device"": """", ""location"": """", ""object"": ""设置一下密码"", ""operation"": ""打开"", ""value"": """"}",设置一下密码,llm_onecall,9831.8,OK,
513,设备控制,第3轮,退出儿童模式,educ_fuzzy_search,"{""query"": ""退出儿童模式"", ""retext"": ""退出儿童模式""}",退出儿童模式,fallback,11717.5,OK,
513,设备控制,第4轮,关闭儿童模式,educ_history,"{""retext"": ""关闭儿童模式""}",关闭儿童模式,llm_onecall,11000.1,OK,
513,设备控制,第5轮,再进一次的那种,educ_history,"{""action"": ""search"", ""retext"": ""再进一次""}",再进一次,llm_onecall,11586.9,OK,
514,设备控制,第1轮,麻烦设置每天十点自动开机,power_control,"{""device"": """", ""location"": """", ""object"": ""开机"", ""operation"": ""打开"", ""value"": """"}",麻烦设置每天十点自动开机,llm_onecall,10661.0,OK,
514,设备控制,第2轮,改成只周一到周五,power_control,"{""device"": """", ""location"": """", ""object"": ""开机"", ""operation"": ""打开"", ""value"": """"}",设置每天十点自动开机,llm_onecall,10117.9,OK,
514,设备控制,第3轮,周末不用,timer_control,"{""date_time"": ""周末"", ""device"": """", ""location"": """", ""object"": ""定时关机"", ""operation"": ""关闭"", ""value"": """"}",周末不用,llm_onecall,11506.7,OK,
514,设备控制,第4轮,改成十点半,power_control,"{""device"": """", ""location"": """", ""object"": ""开机"", ""operation"": ""打开"", ""value"": """"}",设置每天十点半自动开机,llm_onecall,10878.2,OK,
514,设备控制,第5轮,取消这个设置,power_control,"{""device"": """", ""location"": """", ""object"": ""开机"", ""operation"": ""打开"", ""value"": """"}",取消每天十点半自动开机,llm_onecall,11544.1,OK,
515,设备控制,第1轮,画面拖影有点严重吧,execute,,画面拖影有点严重吧,,9459.3,OK,
515,设备控制,第2轮,换回标准模式,mode_control,"{""device"": """", ""location"": """", ""object"": """", ""operation"": ""设置"", ""value"": ""标准模式""}",换回标准模式,llm_onecall,10962.4,OK,
515,设备控制,第3轮,效果不明显,solve_picture_sound_problem_control,"{""intent"": ""effect_not_obvious""}",效果不明显,llm_onecall,10686.1,OK,
515,设备控制,第4轮,调到最高档,numeric_adjust,"{""device"": """", ""location"": """", ""object"": """", ""operation"": ""设置"", ""value"": ""最高""}",调到最高档,llm_onecall,10690.7,OK,
515,设备控制,第5轮,关掉运动补偿,display_control,"{""device"": """", ""location"": """", ""object"": ""运动补偿"", ""operation"": ""打开"", ""value"": """"}",关掉运动补偿,llm_onecall,11615.4,OK,
516,设备控制,第1轮,设置每天十点自动开机,power_control,"{""device"": """", ""location"": """", ""object"": ""开机"", ""operation"": ""打开"", ""value"": """"}",设置每天十点自动开机,llm_onecall,10771.0,OK,
516,设备控制,第2轮,取消这个设置的那种,power_control,"{""device"": """", ""location"": """", ""object"": ""开机"", ""operation"": ""打开"", ""value"": """"}",取消每天十点自动开机,llm_onecall,10681.9,OK,
516,设备控制,第3轮,那改回每天吧,power_control,"{""device"": """", ""location"": """", ""object"": ""开机"", ""operation"": ""打开"", ""value"": """"}",设置每天十点自动开机,llm_onecall,11614.1,OK,
516,设备控制,第4轮,改成十点半,power_control,"{""device"": """", ""location"": """", ""object"": ""开机"", ""operation"": ""打开"", ""value"": """"}",设置每天十点半自动开机,llm_onecall,11085.7,OK,
516,设备控制,第5轮,改成只周一到周五,power_control,"{""device"": """", ""location"": """", ""object"": ""开机"", ""operation"": ""打开"", ""value"": """"}",设置每天十点半自动开机,llm_onecall,11581.9,OK,
517,设备控制,第1轮,请帮我把对比度调小点,numeric_adjust,"{""device"": """", ""location"": """", ""object"": ""对比度"", ""operation"": ""降低"", ""value"": """"}",请帮我把对比度调小点,llm_onecall,10395.1,OK,
517,设备控制,第2轮,调到50的那种,numeric_adjust,"{""device"": """", ""location"": """", ""object"": ""对比度"", ""operation"": ""设置"", ""value"": ""50""}",把对比度调到50,llm_onecall,11649.7,OK,
517,设备控制,第3轮,要恢复默认,common_control,"{""device"": """", ""location"": """", ""object"": ""恢复出厂设置"", ""operation"": ""打开"", ""value"": """"}",恢复默认,llm_onecall,10581.9,OK,
517,设备控制,第4轮,太亮的那种,numeric_adjust,"{""device"": """", ""location"": """", ""object"": ""对比度"", ""operation"": ""设置"", ""value"": ""50""}",把对比度调到50,llm_onecall,11146.4,OK,
517,设备控制,第5轮,再调小点,numeric_adjust,"{""device"": """", ""location"": """", ""object"": ""对比度"", ""operation"": ""降低"", ""value"": """"}",把对比度调小点,llm_onecall,11641.1,OK,
518,设备控制,第1轮,把色温调高点,numeric_adjust,"{""device"": """", ""location"": """", ""object"": ""色温"", ""operation"": ""提高"", ""value"": """"}",把色温调高点,llm_onecall,10289.1,OK,
518,设备控制,第2轮,恢复默认的那种,common_control,"{""device"": """", ""location"": """", ""object"": ""恢复出厂设置"", ""operation"": ""打开"", ""value"": """"}",恢复默认设置,llm_onecall,10733.1,OK,
518,设备控制,第3轮,调到50,numeric_adjust,"{""device"": """", ""location"": """", ""object"": ""色温"", ""operation"": ""设置"", ""value"": ""50""}",把色温调到50,llm_onecall,10738.6,OK,
518,设备控制,第4轮,太暗的那种,numeric_adjust,"{""device"": """", ""location"": """", ""object"": ""亮度"", ""operation"": ""提高"", ""value"": """"}",太暗的那种,llm_onecall,10583.9,OK,
518,设备控制,第5轮,再调高点,numeric_adjust,"{""device"": """", ""location"": """", ""object"": ""色温"", ""operation"": ""提高"", ""value"": """"}",把色温调高点,llm_onecall,11357.2,OK,
519,设备控制,第1轮,请帮我设置定时关机,timer_control,"{""date_time"": ""定时"", ""device"": """", ""location"": """", ""object"": ""关机"", ""operation"": ""打开""}",请帮我设置定时关机,llm_onecall,10443.4,OK,
519,设备控制,第2轮,改成3个小时,timer_control,"{""date_time"": ""3小时"", ""device"": """", ""location"": """", ""object"": ""关机"", ""operation"": ""打开""}",设置定时关机3小时,llm_onecall,12076.5,OK,
519,设备控制,第3轮,取消,timer_control,"{""device"": """", ""location"": """", ""object"": ""关机"", ""operation"": ""关闭"", ""value"": """"}",取消定时关机,fewshot_cache,10700.0,OK,
519,设备控制,第4轮,两个小时后,timer_control,"{""date_time"": ""2小时"", ""device"": """", ""location"": """", ""object"": ""关机"", ""operation"": ""打开""}",设置定时关机2小时,llm_onecall,11026.5,OK,
519,设备控制,第5轮,设成10点,timer_control,"{""date_time"": ""10:00"", ""device"": """", ""location"": """", ""object"": ""关机"", ""operation"": ""打开""}",设置定时关机10点,llm_onecall,12050.6,OK,
52,影视,第1轮,有啥好看的武侠剧,vod_search,"{""action"": ""search"", ""query"": {""and"": [{""field"": ""category"", ""value"": ""电视剧""}, {""field"": ""tag"", ""value"": ""武侠""}]}, ""retext"": ""有啥好看的武侠剧"", ""sort"": {""hot"": {""order"": ""desc""}}}",有啥好看的武侠剧,llm_onecall,15871.0,OK,
52,影视,第2轮,口碑好点的,vod_search,"{""action"": ""search"", ""query"": {""and"": [{""field"": ""category"", ""value"": ""电视剧""}, {""field"": ""tag"", ""value"": ""武侠""}]}, ""retext"": ""口碑好点的武侠剧"", ""sort"": {""rate"": {""order"": ""desc""}}}",口碑好点的武侠剧,llm_onecall,13442.2,OK,
52,影视,第3轮,画质清楚点的,vod_search,"{""action"": ""search"", ""query"": {""and"": [{""field"": ""category"", ""value"": ""电视剧""}, {""field"": ""tag"", ""value"": ""武侠""}, {""field"": ""definition"", ""value"": ""is_4k""}]}, ""retext"": ""口碑好点的武侠剧画质清楚点的"", ""sort"": {""rate"": {""order"": ""desc""}}}",口碑好点的武侠剧画质清楚点的,llm_onecall,17074.8,OK,
52,影视,第4轮,画质清楚的,vod_search,"{""action"": ""search"", ""query"": {""and"": [{""field"": ""category"", ""value"": ""电视剧""}, {""field"": ""tag"", ""value"": ""武侠""}, {""field"": ""definition"", ""value"": ""is_4k""}]}, ""retext"": ""口碑好点的武侠剧画质清楚点的"", ""sort"": {""rate"": {""order"": ""desc""}}}",口碑好点的武侠剧画质清楚点的,llm_onecall,18438.4,OK,
52,影视,第5轮,打戏好看的,vod_fuzzy_search,"{""retext"": ""口碑好点的武侠剧画质清楚点的打戏好看的""}",口碑好点的武侠剧画质清楚点的打戏好看的,llm_onecall,16586.6,OK,
520,设备控制,第1轮,给清晰度不太够,numeric_adjust,"{""device"": """", ""location"": """", ""object"": ""清晰度"", ""operation"": ""提高"", ""value"": """"}",给清晰度不太够,llm_onecall,9930.7,OK,
520,设备控制,第2轮,还能再清晰点吗,numeric_adjust,"{""device"": """", ""location"": """", ""object"": ""清晰度"", ""operation"": ""提高"", ""value"": ""10""}",增加清晰度值为10,llm_onecall,11306.7,OK,
520,设备控制,第3轮,设成最大值吧,numeric_adjust,"{""device"": """", ""location"": """", ""object"": ""清晰度"", ""operation"": ""提高"", ""value"": ""10""}",增加清晰度值为10,llm_onecall,11525.7,OK,
520,设备控制,第4轮,再高一点,numeric_adjust,"{""device"": """", ""location"": """", ""object"": ""清晰度"", ""operation"": ""提高"", ""value"": ""15""}",增加清晰度值为15,llm_onecall,11203.7,OK,
520,设备控制,第5轮,要往回调小一点,numeric_adjust,"{""device"": """", ""location"": """", ""object"": ""清晰度"", ""operation"": ""降低"", ""value"": ""默认""}",降低清晰度,fewshot_cache,10837.9,OK,
521,设备控制,第1轮,帮我把亮度调亮点,numeric_adjust,"{""device"": """", ""location"": """", ""object"": ""亮度"", ""operation"": ""提高"", ""value"": """"}",帮我把亮度调亮点,llm_onecall,10483.5,OK,
521,设备控制,第2轮,要恢复默认,common_control,"{""device"": """", ""location"": """", ""object"": ""恢复出厂设置"", ""operation"": ""打开"", ""value"": """"}",恢复默认,llm_onecall,12379.6,OK,
521,设备控制,第3轮,再调亮点,numeric_adjust,"{""device"": """", ""location"": """", ""object"": ""亮度"", ""operation"": ""提高"", ""value"": """"}",帮我把亮度调亮点,llm_onecall,11496.0,OK,
521,设备控制,第4轮,太暗的那种,numeric_adjust,"{""device"": """", ""location"": """", ""object"": ""亮度"", ""operation"": ""提高"", ""value"": """"}",把亮度调亮点,llm_onecall,11981.5,OK,
521,设备控制,第5轮,调到50,numeric_adjust,"{""device"": """", ""location"": """", ""object"": ""亮度"", ""operation"": ""设置"", ""value"": ""50""}",把亮度调到50,llm_onecall,10812.4,OK,
522,设备控制,第1轮,画面看起来有点暗,solve_picture_sound_problem_control,"{""intent"": ""dark_screen""}",画面看起来有点暗,llm_onecall,9713.7,OK,
522,设备控制,第2轮,下调一点,numeric_adjust,"{""device"": """", ""location"": """", ""object"": ""亮度"", ""operation"": ""提高"", ""value"": """"}",下调亮度,llm_onecall,11047.0,OK,
522,设备控制,第3轮,再亮一点,numeric_adjust,"{""device"": """", ""location"": """", ""object"": ""亮度"", ""operation"": ""提高"", ""value"": """"}",增加亮度,llm_onecall,10924.1,OK,
522,设备控制,第4轮,调到最高,numeric_adjust,"{""device"": """", ""location"": """", ""object"": ""亮度"", ""operation"": ""设置"", ""value"": ""100%""}",把亮度调到最高,llm_onecall,10834.5,OK,
522,设备控制,第5轮,还是有点暗,numeric_adjust,"{""device"": """", ""location"": """", ""object"": ""亮度"", ""operation"": ""提高"", ""value"": """"}",增加亮度,llm_onecall,11672.5,OK,
523,设备控制,第1轮,请帮我电视没声音了,numeric_adjust,"{""device"": """", ""location"": """", ""object"": ""音量"", ""operation"": ""设置"", ""value"": """"}",请帮我电视没声音了,llm_onecall,9582.3,OK,
523,设备控制,第2轮,切换到外接音箱,source_switch,"{""device"": """", ""location"": """", ""object"": ""HDMI选择"", ""operation"": ""打开"", ""value"": """"}",切换到外接音箱,llm_onecall,11332.3,OK,
523,设备控制,第3轮,重启一下电视,power_control,"{""device"": """", ""location"": """", ""object"": ""重启"", ""operation"": ""打开"", ""value"": """"}",重启一下电视,llm_onecall,11932.3,OK,
523,设备控制,第4轮,看看是不是静音了,numeric_adjust,"{""device"": """", ""location"": """", ""object"": ""静音"", ""operation"": ""打开"", ""value"": """"}",看看是不是静音了,llm_onecall,11424.2,OK,
523,设备控制,第5轮,音量调到40,numeric_adjust,"{""device"": """", ""location"": """", ""object"": ""音量"", ""operation"": ""设置"", ""value"": ""40""}",音量调到40,llm_onecall,10915.3,OK,
524,设备控制,第1轮,给把亮度调亮点,numeric_adjust,"{""device"": """", ""location"": """", ""object"": ""亮度"", ""operation"": ""提高"", ""value"": """"}",给把亮度调亮点,llm_onecall,10789.1,OK,
524,设备控制,第2轮,还能再调亮吗,numeric_adjust,"{""device"": """", ""location"": """", ""object"": ""亮度"", ""operation"": ""提高"", ""value"": ""10""}",增加亮度值为10,llm_onecall,11745.9,OK,
524,设备控制,第3轮,太暗的那种,numeric_adjust,"{""device"": """", ""location"": """", ""object"": ""亮度"", ""operation"": ""降低"", ""value"": """"}",降低亮度,llm_onecall,10929.3,OK,
524,设备控制,第4轮,要恢复默认,common_control,"{""device"": """", ""location"": """", ""object"": ""恢复出厂设置"", ""operation"": ""打开"", ""value"": """"}",恢复默认,llm_onecall,11403.8,OK,
524,设备控制,第5轮,再调亮点,numeric_adjust,"{""device"": """", ""location"": """", ""object"": ""亮度"", ""operation"": ""提高"", ""value"": """"}",增加亮度,llm_onecall,10753.2,OK,
525,设备控制,第1轮,给把亮度调低点,numeric_adjust,"{""device"": """", ""location"": """", ""object"": ""亮度"", ""operation"": ""降低"", ""value"": """"}",给把亮度调低点,llm_onecall,10142.9,OK,
525,设备控制,第2轮,关掉的那种,numeric_adjust,"{""device"": """", ""location"": """", ""object"": ""亮度"", ""operation"": ""设置"", ""value"": """"}",关闭亮度,llm_onecall,10813.1,OK,
525,设备控制,第3轮,还能再调低吗,numeric_adjust,"{""device"": """", ""location"": """", ""object"": ""亮度"", ""operation"": ""设置"", ""value"": """"}",把亮度,llm_onecall,11373.9,OK,
525,设备控制,第4轮,再调低点,numeric_adjust,"{""device"": """", ""location"": """", ""object"": ""亮度"", ""operation"": ""设置"", ""value"": """"}",把亮度,llm_onecall,11542.3,OK,
525,设备控制,第5轮,调到40,numeric_adjust,"{""device"": """", ""location"": """", ""object"": ""亮度"", ""operation"": ""设置"", ""value"": ""40""}",把亮度调到40,llm_onecall,11075.7,OK,
526,设备控制,第1轮,把清晰度调暗点,numeric_adjust,"{""device"": """", ""location"": """", ""object"": ""清晰度"", ""operation"": ""降低"", ""value"": """"}",把清晰度调暗点,llm_onecall,12201.7,OK,
526,设备控制,第2轮,再调暗点,numeric_adjust,"{""device"": """", ""location"": """", ""object"": ""清晰度"", ""operation"": ""降低"", ""value"": ""默认""}",降低清晰度,fewshot_cache,10378.3,OK,
526,设备控制,第3轮,调到30,numeric_adjust,"{""device"": """", ""location"": """", ""object"": ""清晰度"", ""operation"": ""设置"", ""value"": ""30""}",把清晰度调到30,llm_onecall,11887.2,OK,
526,设备控制,第4轮,关掉的那种,numeric_adjust,"{""device"": """", ""location"": """", ""object"": ""清晰度"", ""operation"": ""提高"", ""value"": """"}",关闭清晰度,llm_onecall,10387.2,OK,
526,设备控制,第5轮,还能再调暗吗,numeric_adjust,"{""device"": """", ""location"": """", ""object"": ""清晰度"", ""operation"": ""降低"", ""value"": ""默认""}",降低清晰度,fewshot_cache,9666.1,OK,
527,设备控制,第1轮,帮我电视没声音了,numeric_adjust,"{""device"": """", ""location"": """", ""object"": ""音量"", ""operation"": ""设置"", ""value"": """"}",帮我电视没声音了,llm_onecall,10710.2,OK,
527,设备控制,第2轮,重启一下电视的那种,power_control,"{""device"": """", ""location"": """", ""object"": ""重启"", ""operation"": ""打开"", ""value"": """"}",重启电视,llm_onecall,11119.9,OK,
527,设备控制,第3轮,看看是不是静音了,numeric_adjust,"{""device"": """", ""location"": """", ""object"": ""静音"", ""operation"": ""打开"", ""value"": """"}",看看是不是静音了,llm_onecall,10940.2,OK,
527,设备控制,第4轮,还是没有声音,audio_search,"{""action"": ""search"", ""query"": ""还是没有声音""}",还是没有声音,general_rule,11264.6,OK,
527,设备控制,第5轮,音量调到40,numeric_adjust,"{""device"": """", ""location"": """", ""object"": ""音量"", ""operation"": ""设置"", ""value"": ""40""}",音量调到40,llm_onecall,10307.6,OK,
528,设备控制,第1轮,请帮我打开护眼模式,mode_control,"{""device"": """", ""location"": """", ""object"": ""护眼模式"", ""operation"": ""打开"", ""value"": """"}",请帮我打开护眼模式,llm_onecall,11338.8,OK,
528,设备控制,第2轮,关掉护眼模式,mode_control,"{""device"": """", ""location"": """", ""object"": ""护眼模式"", ""operation"": ""打开"", ""value"": """"}",关掉护眼模式,llm_onecall,10833.0,OK,
528,设备控制,第3轮,色温调暖一点,numeric_adjust,"{""device"": """", ""location"": """", ""object"": ""色温"", ""operation"": ""提高"", ""value"": """"}",把色温调暖一点,llm_onecall,11643.0,OK,
528,设备控制,第4轮,再暖点的那种,numeric_adjust,"{""device"": """", ""location"": """", ""object"": ""色温"", ""operation"": ""提高"", ""value"": """"}",把色温调暖一点,llm_onecall,10989.2,OK,
528,设备控制,第5轮,太黄了,numeric_adjust,"{""device"": """", ""location"": """", ""object"": ""色温"", ""operation"": ""提高"", ""value"": """"}",把色温调暖一点,llm_onecall,10975.3,OK,
529,设备控制,第1轮,帮我把色度调高点,numeric_adjust,"{""device"": """", ""location"": """", ""object"": ""色度"", ""operation"": ""提高"", ""value"": """"}",帮我把色度调高点,llm_onecall,11299.4,OK,
529,设备控制,第2轮,调到40,numeric_adjust,"{""device"": """", ""location"": """", ""object"": ""色度"", ""operation"": ""设置"", ""value"": ""40""}",把色度调到40,llm_onecall,11369.5,OK,
529,设备控制,第3轮,再调高点,numeric_adjust,"{""device"": """", ""location"": """", ""object"": ""色度"", ""operation"": ""设置"", ""value"": ""40""}",把色度调到40,llm_onecall,11747.4,OK,
529,设备控制,第4轮,要太暗,numeric_adjust,"{""device"": """", ""location"": """", ""object"": ""亮度"", ""operation"": ""提高"", ""value"": """"}",把亮度调高,llm_onecall,11009.2,OK,
529,设备控制,第5轮,还能再调高吗,numeric_adjust,"{""device"": """", ""location"": """", ""object"": ""亮度"", ""operation"": ""提高"", ""value"": """"}",把亮度调高,llm_onecall,10874.1,OK,
53,影视,第1轮,来点年代剧,vod_search,"{""action"": ""search"", ""query"": {""and"": [{""field"": ""category"", ""value"": ""电视剧""}, {""field"": ""tag"", ""value"": ""年代""}]}, ""retext"": ""来点年代剧""}",来点年代剧,llm_onecall,15795.1,OK,
53,影视,第2轮,讲改革开放那会儿的,vod_search,"{""action"": ""search"", ""query"": {""and"": [{""field"": ""category"", ""value"": ""电视剧""}, {""field"": ""tag"", ""value"": ""年代""}, {""field"": ""release_time"", ""from"": ""19780101"", ""to"": ""19891231""}]}, ""retext"": ""想看改革开放时期的年代剧""}",想看改革开放时期的年代剧,llm_onecall,14388.2,OK,
53,影视,第3轮,演员阵容强的,vod_search,"{""action"": ""search"", ""query"": {""and"": [{""field"": ""category"", ""value"": ""电视剧""}, {""field"": ""tag"", ""value"": ""年代""}, {""field"": ""release_time"", ""from"": ""19780101"", ""to"": ""19891231""}]}, ""retext"": ""想看改革开放时期的年代剧，演员阵容强的""}",想看改革开放时期的年代剧，演员阵容强的,llm_onecall,16881.9,OK,
53,影视,第4轮,集数多的有没有,vod_search,"{""action"": ""search"", ""query"": {""and"": [{""field"": ""category"", ""value"": ""电视剧""}, {""field"": ""tag"", ""value"": ""年代""}, {""field"": ""release_time"", ""from"": ""19780101"", ""to"": ""19891231""}]}, ""retext"": ""想看改革开放时期的年代剧，演员阵容强的，集数多的""}",想看改革开放时期的年代剧，演员阵容强的，集数多的,llm_onecall,18819.0,OK,
53,影视,第5轮,卡司强的,vod_search,"{""action"": ""search"", ""query"": {""and"": [{""field"": ""category"", ""value"": ""电视剧""}, {""field"": ""tag"", ""value"": ""年代""}, {""field"": ""release_time"", ""from"": ""19780101"", ""to"": ""19891231""}]}, ""retext"": ""想看改革开放时期的年代剧，演员阵容强的""}",想看改革开放时期的年代剧，演员阵容强的,llm_onecall,19090.0,OK,
530,设备控制,第1轮,色度太低了吧,numeric_adjust,"{""device"": """", ""location"": """", ""object"": ""色度"", ""operation"": ""降低"", ""value"": """"}",色度太低了吧,llm_onecall,10712.9,OK,
530,设备控制,第2轮,高点,numeric_adjust,"{""device"": """", ""location"": """", ""object"": ""色度"", ""operation"": ""提高"", ""value"": ""10""}",提高色度值为10,llm_onecall,11130.3,OK,
530,设备控制,第3轮,调一下对比度,numeric_adjust,"{""device"": """", ""location"": """", ""object"": ""对比度"", ""operation"": ""设置"", ""value"": """"}",调一下对比度,llm_onecall,11500.1,OK,
530,设备控制,第4轮,改成调亮度,numeric_adjust,"{""device"": """", ""location"": """", ""object"": ""亮度"", ""operation"": ""设置"", ""value"": """"}",改成调亮度,badcase,9820.7,OK,
530,设备控制,第5轮,调高点,numeric_adjust,"{""device"": """", ""location"": """", ""object"": ""亮度"", ""operation"": ""提高"", ""value"": ""默认""}",调高亮度,fewshot_cache,10198.3,OK,
531,设备控制,第1轮,帮我电视画面调亮点,numeric_adjust,"{""device"": """", ""location"": """", ""object"": ""亮度"", ""operation"": ""提高"", ""value"": """"}",帮我电视画面调亮点,llm_onecall,10711.3,OK,
531,设备控制,第2轮,调到最大,numeric_adjust,"{""device"": """", ""location"": """", ""object"": ""亮度"", ""operation"": ""提高"", ""value"": ""100""}",增加亮度值为100,llm_onecall,12201.3,OK,
531,设备控制,第3轮,太暗了,numeric_adjust,"{""device"": """", ""location"": """", ""object"": ""亮度"", ""operation"": ""提高"", ""value"": """"}",增加亮度,llm_onecall,11150.2,OK,
531,设备控制,第4轮,调暗点,numeric_adjust,"{""device"": """", ""location"": """", ""object"": ""亮度"", ""operation"": ""降低"", ""value"": """"}",调暗点,badcase,9436.4,OK,
531,设备控制,第5轮,再调亮点,numeric_adjust,"{""device"": """", ""location"": """", ""object"": ""亮度"", ""operation"": ""提高"", ""value"": """"}",增加亮度,llm_onecall,11139.9,OK,
532,设备控制,第1轮,画面看起来有点暗吧,solve_picture_sound_problem_control,"{""intent"": ""dark_screen""}",画面看起来有点暗吧,llm_onecall,10814.3,OK,
532,设备控制,第2轮,调到最高,numeric_adjust,"{""device"": """", ""location"": """", ""object"": ""亮度"", ""operation"": ""设置"", ""value"": ""100%""}",把亮度调到最高,llm_onecall,12141.5,OK,
532,设备控制,第3轮,再亮一点,numeric_adjust,"{""device"": """", ""location"": """", ""object"": ""亮度"", ""operation"": ""设置"", ""value"": ""100%""}",把亮度调到最高,llm_onecall,11236.5,OK,
532,设备控制,第4轮,下调一点,numeric_adjust,"{""device"": """", ""location"": """", ""object"": ""亮度"", ""operation"": ""降低"", ""value"": """"}",把亮度调低一点,llm_onecall,10979.3,OK,
532,设备控制,第5轮,还是有点暗,edu_fuzzy_search,"{""retext"": ""把亮度调高一点""}",把亮度调高一点,llm_onecall,10769.7,OK,
533,设备控制,第1轮,给色度太低了,numeric_adjust,"{""device"": """", ""location"": """", ""object"": ""色度"", ""operation"": ""降低"", ""value"": """"}",给色度太低了,llm_onecall,10612.9,OK,
533,设备控制,第2轮,高点,numeric_adjust,"{""device"": """", ""location"": """", ""object"": ""色度"", ""operation"": ""提高"", ""value"": ""10""}",提高色度值为10,llm_onecall,11698.8,OK,
533,设备控制,第3轮,调高点,numeric_adjust,"{""device"": """", ""location"": """", ""object"": ""色度"", ""operation"": ""提高"", ""value"": ""10""}",提高色度值为10,llm_onecall,10531.5,OK,
533,设备控制,第4轮,改成调亮度,numeric_adjust,"{""device"": """", ""location"": """", ""object"": ""亮度"", ""operation"": ""设置"", ""value"": """"}",改成调亮度,badcase,9981.5,OK,
533,设备控制,第5轮,调一下对比度,numeric_adjust,"{""device"": """", ""location"": """", ""object"": ""对比度"", ""operation"": ""设置"", ""value"": """"}",调一下对比度,llm_onecall,10342.5,OK,
534,设备控制,第1轮,请帮我打开儿童模式,educ_search,"{""query"": {""field"": ""children_second_genre"", ""value"": ""儿童模式""}, ""retext"": ""请帮我打开儿童模式""}",请帮我打开儿童模式,llm_onecall,12907.3,OK,
534,设备控制,第2轮,设置一下密码,common_control,"{""device"": """", ""location"": """", ""object"": ""设置一下密码"", ""operation"": ""打开"", ""value"": """"}",设置一下密码,llm_onecall,11409.5,OK,
534,设备控制,第3轮,退出儿童模式,educ_fuzzy_search,"{""query"": ""退出儿童模式"", ""retext"": ""退出儿童模式""}",退出儿童模式,fallback,10726.2,OK,
534,设备控制,第4轮,再进一次,educ_history,"{""retext"": ""进入儿童模式""}",进入儿童模式,llm_onecall,10228.7,OK,
534,设备控制,第5轮,密码改成1234,common_control,"{""device"": """", ""location"": """", ""object"": ""密码"", ""operation"": ""设置"", ""value"": ""1234""}",把密码改成1234,llm_onecall,10989.5,OK,
535,设备控制,第1轮,麻烦打开儿童模式,educ_search,"{""query"": {}, ""retext"": ""麻烦打开儿童模式""}",麻烦打开儿童模式,llm_onecall,12231.5,OK,
535,设备控制,第2轮,设置一下密码,common_control,"{""device"": """", ""location"": """", ""object"": ""设置一下密码"", ""operation"": ""打开"", ""value"": """"}",设置一下密码,llm_onecall,11463.3,OK,
535,设备控制,第3轮,要退出儿童模式,educ_fuzzy_search,"{""query"": ""退出儿童模式"", ""retext"": ""退出儿童模式""}",退出儿童模式,fallback,11321.3,OK,
535,设备控制,第4轮,密码改成1234,common_control,"{""device"": """", ""location"": """", ""object"": ""密码"", ""operation"": ""设置"", ""value"": ""1234""}",把密码改成1234,llm_onecall,10563.8,OK,
535,设备控制,第5轮,关闭儿童模式,educ_history,"{""retext"": ""关闭儿童模式""}",关闭儿童模式,llm_onecall,10502.5,OK,
536,设备控制,第1轮,帮我打开护眼模式,mode_control,"{""device"": """", ""location"": """", ""object"": ""护眼模式"", ""operation"": ""打开"", ""value"": """"}",帮我打开护眼模式,fewshot_cache,10699.2,OK,
536,设备控制,第2轮,调回标准,mode_control,"{""device"": """", ""location"": """", ""object"": """", ""operation"": ""设置"", ""value"": ""标准""}",调回标准,llm_onecall,11085.4,OK,
536,设备控制,第3轮,太黄了的那种,solve_picture_sound_problem_control,"{""intent"": ""warm_color_cast""}",想看太黄的那种,llm_onecall,9363.3,OK,
536,设备控制,第4轮,色温调暖一点,numeric_adjust,"{""device"": """", ""location"": """", ""object"": ""色温"", ""operation"": ""提高"", ""value"": """"}",色温调暖一点,llm_onecall,10896.3,OK,
536,设备控制,第5轮,再暖点,numeric_adjust,"{""device"": """", ""location"": """", ""object"": ""色温"", ""operation"": ""提高"", ""value"": """"}",色温调暖一点,llm_onecall,10695.1,OK,
537,设备控制,第1轮,给电视没声音了,numeric_adjust,"{""device"": """", ""location"": """", ""object"": ""音量"", ""operation"": ""设置"", ""value"": """"}",给电视没声音了,llm_onecall,11013.8,OK,
537,设备控制,第2轮,重启一下电视,power_control,"{""device"": """", ""location"": """", ""object"": ""重启"", ""operation"": ""打开"", ""value"": """"}",重启一下电视,llm_onecall,11014.6,OK,
537,设备控制,第3轮,还是没有声音,audio_search,"{""action"": ""search"", ""query"": ""还是没有声音""}",还是没有声音,general_rule,11027.5,OK,
537,设备控制,第4轮,看看是不是静音了的那种,numeric_adjust,"{""device"": """", ""location"": """", ""object"": ""静音"", ""operation"": ""打开"", ""value"": """"}",看看是不是静音了,llm_onecall,10069.3,OK,
537,设备控制,第5轮,切换到外接音箱,source_switch,"{""device"": """", ""location"": """", ""object"": ""HDMI选择"", ""operation"": ""打开"", ""value"": """"}",切换到外接音箱,llm_onecall,10520.5,OK,
538,设备控制,第1轮,麻烦电视没声音了,numeric_adjust,"{""device"": """", ""location"": """", ""object"": ""音量"", ""operation"": ""设置"", ""value"": """"}",麻烦电视没声音了,llm_onecall,11044.3,OK,
538,设备控制,第2轮,重启一下电视,power_control,"{""device"": """", ""location"": """", ""object"": ""重启"", ""operation"": ""打开"", ""value"": """"}",重启一下电视,llm_onecall,11199.7,OK,
538,设备控制,第3轮,还是没有声音,audio_search,"{""action"": ""search"", ""query"": ""还是没有声音""}",还是没有声音,general_rule,10777.5,OK,
538,设备控制,第4轮,音量调到40,numeric_adjust,"{""device"": """", ""location"": """", ""object"": ""音量"", ""operation"": ""设置"", ""value"": ""40""}",音量调到40,llm_onecall,10607.0,OK,
538,设备控制,第5轮,看看是不是静音了,numeric_adjust,"{""device"": """", ""location"": """", ""object"": ""静音"", ""operation"": ""打开"", ""value"": """"}",看看是不是静音了,llm_onecall,10679.9,OK,
539,设备控制,第1轮,帮我电视声音有点小,numeric_adjust,"{""device"": """", ""location"": """", ""object"": ""音量"", ""operation"": ""降低"", ""value"": """"}",帮我电视声音有点小,llm_onecall,11556.5,OK,
539,设备控制,第2轮,开大两格,numeric_adjust,"{""device"": """", ""location"": """", ""object"": ""音量"", ""operation"": ""提高"", ""value"": ""2""}",开大两格,llm_onecall,10771.5,OK,
539,设备控制,第3轮,太吵了的那种,playback_control,"{""device"": """", ""location"": """", ""object"": """", ""operation"": ""切换"", ""value"": ""个""}",推荐太吵的那种,llm_onecall,10478.3,OK,
539,设备控制,第4轮,静音,numeric_adjust,"{""device"": """", ""location"": """", ""object"": ""静音"", ""operation"": ""打开"", ""value"": """"}",静音,fewshot_cache,9449.7,OK,
539,设备控制,第5轮,取消静音,numeric_adjust,"{""device"": """", ""location"": """", ""object"": ""静音"", ""operation"": ""关闭"", ""value"": """"}",取消静音,fewshot_cache,10188.4,OK,
54,影视,第1轮,悬疑美剧,vod_search_all,"{""action"": ""search"", ""query"": {""and"": [{""field"": ""area"", ""value"": ""美国""}, {""field"": ""category"", ""value"": ""电视剧""}, {""field"": ""tag"", ""value"": ""悬疑""}]}, ""retext"": ""悬疑美剧""}",悬疑美剧,llm_onecall,15545.4,OK,
54,影视,第2轮,有中文字幕,vod_search_all,"{""action"": ""search"", ""query"": {""and"": [{""field"": ""language"", ""value"": ""普通话""}, {""field"": ""category"", ""value"": ""电视剧""}, {""field"": ""tag"", ""value"": ""悬疑""}]}, ""retext"": ""有中文字幕的悬疑美剧""}",有中文字幕的悬疑美剧,fallback,16850.4,OK,
54,影视,第3轮,单元案件的,vod_search_all,"{""action"": ""search"", ""query"": {""and"": [{""field"": ""area"", ""value"": ""美国""}, {""field"": ""language"", ""value"": ""中文字幕""}, {""field"": ""category"", ""value"": ""电视剧""}, {""field"": ""tag"", ""value"": ""悬疑""}]}, ""retext"": ""有中文字幕的悬疑美剧单元案件的""}",有中文字幕的悬疑美剧单元案件的,llm_onecall,32987.0,OK,
54,影视,第4轮,最新那部,vod_search_all,"{""action"": ""search"", ""query"": {""and"": [{""field"": ""area"", ""value"": ""美国""}, {""field"": ""language"", ""value"": ""中文字幕""}, {""field"": ""category"", ""value"": ""电视剧""}, {""field"": ""tag"", ""value"": ""悬疑""}]}, ""retext"": ""有中文字幕的悬疑美剧单元案件的最新那部"", ""sort"": {""new"": {""order"": ""desc""}}}",有中文字幕的悬疑美剧单元案件的最新那部,llm_onecall,33538.4,OK,
54,影视,第5轮,带中文字幕的,vod_search_all,"{""action"": ""search"", ""query"": {""and"": [{""field"": ""area"", ""value"": ""美国""}, {""field"": ""language"", ""value"": ""中文字幕""}, {""field"": ""category"", ""value"": ""电视剧""}, {""field"": ""tag"", ""value"": ""悬疑""}]}, ""retext"": ""有中文字幕的悬疑美剧单元案件的最新那部"", ""sort"": {""new"": {""order"": ""desc""}}}",有中文字幕的悬疑美剧单元案件的最新那部,llm_onecall,36507.9,OK,
540,设备控制,第1轮,麻烦设置半小时后提醒我,timer_control,"{""date_time"": ""30分钟"", ""device"": """", ""location"": """", ""object"": ""提醒"", ""operation"": ""打开"", ""value"": """"}",麻烦设置半小时后提醒我,llm_onecall,11594.5,OK,
540,设备控制,第2轮,取消提醒,timer_control,"{""date_time"": ""30分钟"", ""device"": """", ""location"": """", ""object"": ""关机"", ""operation"": ""关闭"", ""value"": """"}",取消半小时后的提醒,llm_onecall,11525.2,OK,
540,设备控制,第3轮,重新设成八点,common_control,"{""device"": """", ""location"": """", ""object"": ""设置八点提醒"", ""operation"": ""打开"", ""value"": """"}",设置八点提醒,llm_onecall,10937.3,OK,
540,设备控制,第4轮,再提前十分钟,common_control,"{""device"": """", ""location"": """", ""object"": ""设置7:50的提醒"", ""operation"": ""打开"", ""value"": """"}",设置7:50的提醒,llm_onecall,11233.5,OK,
540,设备控制,第5轮,改成一个小时,common_control,"{""device"": """", ""location"": """", ""object"": ""设置一小时提醒"", ""operation"": ""打开"", ""value"": """"}",设置一小时提醒,llm_onecall,10328.3,OK,
541,设备控制,第1轮,电视没声音了吧,numeric_adjust,"{""device"": """", ""location"": """", ""object"": ""音量"", ""operation"": ""设置"", ""value"": """"}",电视没声音了吧,llm_onecall,10927.7,OK,
541,设备控制,第2轮,看看是不是静音了,numeric_adjust,"{""device"": """", ""location"": """", ""object"": ""静音"", ""operation"": ""打开"", ""value"": """"}",查看电视是否静音,llm_onecall,10614.2,OK,
541,设备控制,第3轮,还是没有声音,audio_search,"{""action"": ""search"", ""query"": ""还是没有声音""}",还是没有声音,general_rule,11059.1,OK,
541,设备控制,第4轮,要重启一下电视,power_control,"{""device"": """", ""location"": """", ""object"": ""重启"", ""operation"": ""打开"", ""value"": """"}",重启电视,llm_onecall,9976.5,OK,
541,设备控制,第5轮,切换到外接音箱,source_switch,"{""device"": """", ""location"": """", ""object"": ""HDMI选择"", ""operation"": ""打开"", ""value"": """"}",切换到外接音箱,llm_onecall,11054.9,OK,
542,设备控制,第1轮,麻烦把清晰度调低点,numeric_adjust,"{""device"": """", ""location"": """", ""object"": ""清晰度"", ""operation"": ""降低"", ""value"": """"}",麻烦把清晰度调低点,llm_onecall,11187.4,OK,
542,设备控制,第2轮,调到40,numeric_adjust,"{""device"": """", ""location"": """", ""object"": ""清晰度"", ""operation"": ""设置"", ""value"": ""40""}",把清晰度调到40,llm_onecall,10866.1,OK,
542,设备控制,第3轮,再调低点,numeric_adjust,"{""device"": """", ""location"": """", ""object"": ""清晰度"", ""operation"": ""设置"", ""value"": ""40""}",把清晰度调到40,llm_onecall,11162.9,OK,
542,设备控制,第4轮,关掉的那种,numeric_adjust,"{""device"": """", ""location"": """", ""object"": ""清晰度"", ""operation"": ""设置"", ""value"": ""0""}",把清晰度调到0,llm_onecall,11000.8,OK,
542,设备控制,第5轮,要太亮,numeric_adjust,"{""device"": """", ""location"": """", ""object"": ""亮度"", ""operation"": ""降低"", ""value"": """"}",把亮度调低,llm_onecall,10768.5,OK,
543,设备控制,第1轮,给设置半小时后提醒我,timer_control,"{""date_time"": ""30分钟"", ""device"": """", ""location"": """", ""object"": ""提醒"", ""operation"": ""打开"", ""value"": """"}",给设置半小时后提醒我,llm_onecall,11219.6,OK,
543,设备控制,第2轮,取消提醒,timer_control,"{""device"": """", ""location"": """", ""object"": ""关机"", ""operation"": ""关闭"", ""value"": """"}",取消半小时后的提醒,llm_onecall,10432.5,OK,
543,设备控制,第3轮,重新设成八点,common_control,"{""device"": """", ""location"": """", ""object"": ""设置八点提醒"", ""operation"": ""打开"", ""value"": """"}",设置八点提醒,llm_onecall,11055.2,OK,
543,设备控制,第4轮,提醒关了没的那种,common_control,"{""device"": """", ""location"": """", ""object"": ""提醒"", ""operation"": ""关闭"", ""value"": """"}",关闭提醒,llm_onecall,11087.1,OK,
543,设备控制,第5轮,再提前十分钟,common_control,"{""device"": """", ""location"": """", ""object"": ""设置七点五十提醒"", ""operation"": ""打开"", ""value"": """"}",设置七点五十提醒,llm_onecall,11630.7,OK,
544,设备控制,第1轮,麻烦电视画面调亮点,numeric_adjust,"{""device"": """", ""location"": """", ""object"": ""亮度"", ""operation"": ""提高"", ""value"": """"}",麻烦电视画面调亮点,llm_onecall,11116.0,OK,
544,设备控制,第2轮,调到最大,numeric_adjust,"{""device"": """", ""location"": """", ""object"": ""亮度"", ""operation"": ""设置"", ""value"": ""100%""}",把亮度调到最大,llm_onecall,11299.9,OK,
544,设备控制,第3轮,调暗点,numeric_adjust,"{""device"": """", ""location"": """", ""object"": ""亮度"", ""operation"": ""降低"", ""value"": """"}",调暗点,badcase,9629.7,OK,
544,设备控制,第4轮,要太暗了,numeric_adjust,"{""device"": """", ""location"": """", ""object"": ""亮度"", ""operation"": ""降低"", ""value"": """"}",调暗点,badcase,9793.7,OK,
544,设备控制,第5轮,再调亮点,numeric_adjust,"{""device"": """", ""location"": """", ""object"": ""亮度"", ""operation"": ""提高"", ""value"": ""默认""}",调亮点,llm_onecall,10592.8,OK,
545,设备控制,第1轮,把清晰度调亮点吧,numeric_adjust,"{""device"": """", ""location"": """", ""object"": ""清晰度"", ""operation"": ""提高"", ""value"": """"}",把清晰度调亮点吧,llm_onecall,10481.2,OK,
545,设备控制,第2轮,调到40,numeric_adjust,"{""device"": """", ""location"": """", ""object"": ""清晰度"", ""operation"": ""设置"", ""value"": ""40""}",把清晰度调到40,llm_onecall,10995.1,OK,
545,设备控制,第3轮,还能再调亮吗,numeric_adjust,"{""device"": """", ""location"": """", ""object"": ""清晰度"", ""operation"": ""设置"", ""value"": ""40""}",把清晰度调到40,llm_onecall,10369.3,OK,
545,设备控制,第4轮,再调亮点,numeric_adjust,"{""device"": """", ""location"": """", ""object"": ""清晰度"", ""operation"": ""提高"", ""value"": """"}",把清晰度调亮点,llm_onecall,10409.5,OK,
545,设备控制,第5轮,要太暗,numeric_adjust,"{""device"": """", ""location"": """", ""object"": ""清晰度"", ""operation"": ""提高"", ""value"": """"}",把清晰度调亮点,llm_onecall,10356.0,OK,
546,设备控制,第1轮,麻烦把亮度调亮点,numeric_adjust,"{""device"": """", ""location"": """", ""object"": ""亮度"", ""operation"": ""提高"", ""value"": """"}",麻烦把亮度调亮点,llm_onecall,10798.4,OK,
546,设备控制,第2轮,还能再调亮吗,numeric_adjust,"{""device"": """", ""location"": """", ""object"": ""亮度"", ""operation"": ""提高"", ""value"": ""10""}",增加亮度值为10,llm_onecall,11032.2,OK,
546,设备控制,第3轮,再调亮点的那种,numeric_adjust,"{""device"": """", ""location"": """", ""object"": ""亮度"", ""operation"": ""提高"", ""value"": ""10""}",增加亮度值为10,llm_onecall,11215.3,OK,
546,设备控制,第4轮,要太暗,numeric_adjust,"{""device"": """", ""location"": """", ""object"": ""亮度"", ""operation"": ""降低"", ""value"": """"}",降低亮度,llm_onecall,10676.3,OK,
546,设备控制,第5轮,调到50,numeric_adjust,"{""device"": """", ""location"": """", ""object"": ""亮度"", ""operation"": ""设置"", ""value"": ""50""}",把亮度调到50,llm_onecall,10520.8,OK,
547,设备控制,第1轮,请帮我画面拖影有点严重,solve_picture_sound_problem_control,"{""intent"": ""motion_not_sharp""}",请帮我画面拖影有点严重,llm_onecall,10981.6,OK,
547,设备控制,第2轮,效果不明显,solve_picture_sound_problem_control,"{""intent"": ""effect_not_obvious""}",效果不明显,llm_onecall,10007.2,OK,
547,设备控制,第3轮,打开运动补偿,display_control,"{""device"": """", ""location"": """", ""object"": ""运动补偿"", ""operation"": ""打开"", ""value"": """"}",打开运动补偿,fewshot_cache,9889.4,OK,
547,设备控制,第4轮,关掉运动补偿,display_control,"{""device"": """", ""location"": """", ""object"": ""运动补偿"", ""operation"": ""打开"", ""value"": """"}",关掉运动补偿,llm_onecall,10872.2,OK,
547,设备控制,第5轮,换回标准模式,mode_control,"{""device"": """", ""location"": """", ""object"": """", ""operation"": ""设置"", ""value"": ""标准模式""}",换回标准模式,llm_onecall,10997.4,OK,
548,设备控制,第1轮,麻烦电视声音有点小,numeric_adjust,"{""device"": """", ""location"": """", ""object"": ""音量"", ""operation"": ""降低"", ""value"": """"}",麻烦电视声音有点小,llm_onecall,9816.4,OK,
548,设备控制,第2轮,开大两格,numeric_adjust,"{""device"": """", ""location"": """", ""object"": ""音量"", ""operation"": ""提高"", ""value"": ""2""}",增加音量2,llm_onecall,10247.9,OK,
548,设备控制,第3轮,静音,numeric_adjust,"{""device"": """", ""location"": """", ""object"": ""静音"", ""operation"": ""打开"", ""value"": """"}",静音,fewshot_cache,9753.0,OK,
548,设备控制,第4轮,取消静音,numeric_adjust,"{""device"": """", ""location"": """", ""object"": ""静音"", ""operation"": ""关闭"", ""value"": """"}",取消静音,fewshot_cache,9503.6,OK,
548,设备控制,第5轮,关小一点,numeric_adjust,"{""device"": """", ""location"": """", ""object"": ""音量"", ""operation"": ""降低"", ""value"": """"}",降低音量,llm_onecall,10530.5,OK,
549,设备控制,第1轮,请帮我把音量调低点,numeric_adjust,"{""device"": """", ""location"": """", ""object"": ""音量"", ""operation"": ""降低"", ""value"": """"}",请帮我把音量调低点,llm_onecall,10035.9,OK,
549,设备控制,第2轮,还能再调低吗,numeric_adjust,"{""device"": """", ""location"": """", ""object"": ""音量"", ""operation"": ""降低"", ""value"": """"}",还能再调低吗,llm_onecall,10803.9,OK,
549,设备控制,第3轮,调到50,numeric_adjust,"{""device"": """", ""location"": """", ""object"": ""音量"", ""operation"": ""设置"", ""value"": ""50""}",把音量调到50,llm_onecall,10903.4,OK,
549,设备控制,第4轮,要关掉,numeric_adjust,"{""device"": """", ""location"": """", ""object"": ""音量"", ""operation"": ""设置"", ""value"": """"}",关闭音量,llm_onecall,10444.4,OK,
549,设备控制,第5轮,要太亮,numeric_adjust,"{""device"": """", ""location"": """", ""object"": ""亮度"", ""operation"": ""提高"", ""value"": """"}",把亮度调高,llm_onecall,11272.8,OK,
55,影视,第1轮,韩剧,vod_search_all,"{""action"": ""search"", ""query"": {""field"": ""area"", ""value"": ""韩国""}, ""retext"": ""韩剧""}",韩剧,llm_onecall,14251.0,OK,
55,影视,第2轮,完结的有吗,vod_search_all,"{""action"": ""search"", ""query"": {""and"": [{""field"": ""area"", ""value"": ""韩国""}, {""field"": ""is_over"", ""value"": ""1""}]}, ""retext"": ""完结的韩剧""}",完结的韩剧,llm_onecall,14119.1,OK,
55,影视,第3轮,豆瓣8分以上的,vod_search_all,"{""action"": ""search"", ""query"": {""and"": [{""field"": ""area"", ""value"": ""韩国""}, {""field"": ""is_over"", ""value"": ""1""}, {""field"": ""rate"", ""from"": ""8.0"", ""to"": ""*""}]}, ""retext"": ""豆瓣8分以上的完结韩剧""}",豆瓣8分以上的完结韩剧,llm_onecall,16798.1,OK,
55,影视,第4轮,已完结的,vod_search_all,"{""action"": ""search"", ""query"": {""and"": [{""field"": ""area"", ""value"": ""韩国""}, {""field"": ""is_over"", ""value"": ""1""}, {""field"": ""rate"", ""from"": ""8.0"", ""to"": ""*""}]}, ""retext"": ""豆瓣8分以上的完结韩剧""}",豆瓣8分以上的完结韩剧,llm_onecall,19266.3,OK,
55,影视,第5轮,悬疑题材的,vod_search_all,"{""action"": ""search"", ""query"": {""and"": [{""field"": ""area"", ""value"": ""韩国""}, {""field"": ""tag"", ""value"": ""悬疑""}, {""field"": ""is_over"", ""value"": ""1""}, {""field"": ""rate"", ""from"": ""8.0"", ""to"": ""*""}]}, ""retext"": ""豆瓣8分以上的完结韩剧悬疑题材""}",豆瓣8分以上的完结韩剧悬疑题材,llm_onecall,19258.2,OK,
550,设备控制,第1轮,帮我色度太低了,numeric_adjust,"{""device"": """", ""location"": """", ""object"": ""色度"", ""operation"": ""提高"", ""value"": """"}",帮我色度太低了,badcase,10140.7,OK,
550,设备控制,第2轮,调一下对比度,numeric_adjust,"{""device"": """", ""location"": """", ""object"": ""对比度"", ""operation"": ""设置"", ""value"": """"}",调一下对比度,llm_onecall,10943.4,OK,
550,设备控制,第3轮,调高点,numeric_adjust,"{""device"": """", ""location"": """", ""object"": ""对比度"", ""operation"": ""提高"", ""value"": ""默认""}",调高对比度,fewshot_cache,9569.8,OK,
550,设备控制,第4轮,高点的那种,numeric_adjust,"{""device"": """", ""location"": """", ""object"": ""对比度"", ""operation"": ""提高"", ""value"": ""默认""}",调高对比度,fewshot_cache,10023.9,OK,
550,设备控制,第5轮,改成调亮度,numeric_adjust,"{""device"": """", ""location"": """", ""object"": ""亮度"", ""operation"": ""设置"", ""value"": """"}",改成调亮度,badcase,9727.2,OK,
551,设备控制,第1轮,帮我把背光调低,display_control,"{""device"": """", ""location"": """", ""object"": ""背光"", ""operation"": ""降低"", ""value"": """"}",帮我把背光调低,llm_onecall,10087.8,OK,
551,设备控制,第2轮,还是太亮了,numeric_adjust,"{""device"": """", ""location"": """", ""object"": ""背光"", ""operation"": ""降低"", ""value"": """"}",帮我把背光调低,llm_onecall,10331.5,OK,
551,设备控制,第3轮,再低一点,display_control,"{""device"": """", ""location"": """", ""object"": ""背光"", ""operation"": ""降低"", ""value"": """"}",把背光调低,llm_onecall,11117.5,OK,
551,设备控制,第4轮,要关掉背光调节,numeric_adjust,"{""device"": """", ""location"": """", ""object"": ""静音"", ""operation"": ""打开"", ""value"": """"}",关掉背光调节,llm_onecall,11095.6,OK,
551,设备控制,第5轮,调到20的那种,display_control,"{""device"": """", ""location"": """", ""object"": ""背光"", ""operation"": ""设置"", ""value"": ""20""}",把背光调到20,llm_onecall,11264.7,OK,
552,设备控制,第1轮,给打开护眼模式,mode_control,"{""device"": """", ""location"": """", ""object"": ""护眼模式"", ""operation"": ""打开"", ""value"": """"}",给打开护眼模式,llm_onecall,10185.5,OK,
552,设备控制,第2轮,色温调暖一点,numeric_adjust,"{""device"": """", ""location"": """", ""object"": ""色温"", ""operation"": ""提高"", ""value"": """"}",把色温调暖一点,llm_onecall,11041.5,OK,
552,设备控制,第3轮,关掉护眼模式,mode_control,"{""device"": """", ""location"": """", ""object"": ""护眼模式"", ""operation"": ""打开"", ""value"": """"}",关掉护眼模式,llm_onecall,10273.9,OK,
552,设备控制,第4轮,再暖点,numeric_adjust,"{""device"": """", ""location"": """", ""object"": ""色温"", ""operation"": ""提高"", ""value"": """"}",把色温调暖一点,llm_onecall,10561.7,OK,
552,设备控制,第5轮,调回标准,mode_control,"{""device"": """", ""location"": """", ""object"": """", ""operation"": ""设置"", ""value"": ""标准""}",把色温调回标准,llm_onecall,11439.8,OK,
553,设备控制,第1轮,麻烦色度太低了,numeric_adjust,"{""device"": """", ""location"": """", ""object"": ""色度"", ""operation"": ""提高"", ""value"": """"}",麻烦色度太低了,badcase,9183.1,OK,
553,设备控制,第2轮,高点,numeric_adjust,"{""device"": """", ""location"": """", ""object"": ""色度"", ""operation"": ""提高"", ""value"": ""10""}",增加色度值为10,llm_onecall,10884.5,OK,
553,设备控制,第3轮,改成调亮度,numeric_adjust,"{""device"": """", ""location"": """", ""object"": ""亮度"", ""operation"": ""设置"", ""value"": """"}",改成调亮度,badcase,9055.0,OK,
553,设备控制,第4轮,调高点,numeric_adjust,"{""device"": """", ""location"": """", ""object"": ""亮度"", ""operation"": ""提高"", ""value"": ""默认""}",调高亮度,fewshot_cache,10074.1,OK,
553,设备控制,第5轮,调一下对比度的那种,numeric_adjust,"{""device"": """", ""location"": """", ""object"": ""对比度"", ""operation"": ""设置"", ""value"": """"}",调一下对比度,llm_onecall,10854.9,OK,
554,设备控制,第1轮,麻烦把背光调低,display_control,"{""device"": """", ""location"": """", ""object"": ""背光"", ""operation"": ""降低"", ""value"": """"}",麻烦把背光调低,llm_onecall,10394.0,OK,
554,设备控制,第2轮,关掉背光调节的那种,numeric_adjust,"{""device"": """", ""location"": """", ""object"": ""静音"", ""operation"": ""打开"", ""value"": """"}",关掉背光调节,llm_onecall,10945.5,OK,
554,设备控制,第3轮,调到20的那种,display_control,"{""device"": """", ""location"": """", ""object"": ""背光"", ""operation"": ""设置"", ""value"": ""20""}",把背光调到20,llm_onecall,10100.6,OK,
554,设备控制,第4轮,再低一点的那种,display_control,"{""device"": """", ""location"": """", ""object"": ""背光"", ""operation"": ""设置"", ""value"": ""19""}",把背光调到19,llm_onecall,11273.7,OK,
554,设备控制,第5轮,还是太亮了,display_control,"{""device"": """", ""location"": """", ""object"": ""背光"", ""operation"": ""设置"", ""value"": ""18""}",把背光调到18,llm_onecall,11521.7,OK,
555,设备控制,第1轮,请帮我电视声音有点小,numeric_adjust,"{""device"": """", ""location"": """", ""object"": ""音量"", ""operation"": ""降低"", ""value"": """"}",请帮我电视声音有点小,llm_onecall,10698.0,OK,
555,设备控制,第2轮,关小一点,numeric_adjust,"{""device"": """", ""location"": """", ""object"": ""音量"", ""operation"": ""降低"", ""value"": ""3""}",已降低音量3,llm_onecall,11206.5,OK,
555,设备控制,第3轮,静音,numeric_adjust,"{""device"": """", ""location"": """", ""object"": ""静音"", ""operation"": ""打开"", ""value"": """"}",静音,fewshot_cache,9668.3,OK,
555,设备控制,第4轮,太吵了,numeric_adjust,"{""device"": """", ""location"": """", ""object"": ""音量"", ""operation"": ""降低"", ""value"": """"}",已降低音量,llm_onecall,10251.6,OK,
555,设备控制,第5轮,取消静音,numeric_adjust,"{""device"": """", ""location"": """", ""object"": ""静音"", ""operation"": ""关闭"", ""value"": """"}",取消静音,fewshot_cache,10121.0,OK,
556,设备控制,第1轮,麻烦把色温调小点,numeric_adjust,"{""device"": """", ""location"": """", ""object"": ""色温"", ""operation"": ""降低"", ""value"": """"}",麻烦把色温调小点,llm_onecall,10565.7,OK,
556,设备控制,第2轮,还能再调小吗,numeric_adjust,"{""device"": """", ""location"": """", ""object"": ""色温"", ""operation"": ""降低"", ""value"": """"}",把色温调小点,llm_onecall,10594.0,OK,
556,设备控制,第3轮,要关掉,numeric_adjust,"{""device"": """", ""location"": """", ""object"": ""色温"", ""operation"": ""关闭"", ""value"": """"}",关闭色温,llm_onecall,10383.4,OK,
556,设备控制,第4轮,再调小点,numeric_adjust,"{""device"": """", ""location"": """", ""object"": ""色温"", ""operation"": ""降低"", ""value"": """"}",把色温调小点,llm_onecall,11703.3,OK,
556,设备控制,第5轮,调到30,numeric_adjust,"{""device"": """", ""location"": """", ""object"": ""色温"", ""operation"": ""设置"", ""value"": ""30""}",把色温调到30,llm_onecall,10800.2,OK,
557,设备控制,第1轮,请帮我把对比度调高点,numeric_adjust,"{""device"": """", ""location"": """", ""object"": ""对比度"", ""operation"": ""提高"", ""value"": """"}",请帮我把对比度调高点,llm_onecall,10291.9,OK,
557,设备控制,第2轮,再调高点,numeric_adjust,"{""device"": """", ""location"": """", ""object"": ""对比度"", ""operation"": ""提高"", ""value"": """"}",增加对比度,llm_onecall,11051.5,OK,
557,设备控制,第3轮,调到30,numeric_adjust,"{""device"": """", ""location"": """", ""object"": ""对比度"", ""operation"": ""设置"", ""value"": ""30""}",把对比度调到30,llm_onecall,11099.2,OK,
557,设备控制,第4轮,还能再调高吗,numeric_adjust,"{""device"": """", ""location"": """", ""object"": ""对比度"", ""operation"": ""设置"", ""value"": ""30""}",把对比度调到30,llm_onecall,11613.9,OK,
557,设备控制,第5轮,太暗的那种,numeric_adjust,"{""device"": """", ""location"": """", ""object"": ""对比度"", ""operation"": ""设置"", ""value"": ""30""}",把对比度调到30,llm_onecall,10952.9,OK,
558,设备控制,第1轮,请帮我画面看起来有点暗,solve_picture_sound_problem_control,"{""intent"": ""dark_image""}",请帮我画面看起来有点暗,llm_onecall,10532.6,OK,
558,设备控制,第2轮,还是有点暗的那种,solve_picture_sound_problem_control,"{""intent"": ""too_dark""}",还是有点暗的那种,llm_onecall,9727.1,OK,
558,设备控制,第3轮,再亮一点,numeric_adjust,"{""device"": """", ""location"": """", ""object"": ""亮度"", ""operation"": ""提高"", ""value"": """"}",再亮一点,llm_onecall,10574.4,OK,
558,设备控制,第4轮,下调一点,numeric_adjust,"{""device"": """", ""location"": """", ""object"": ""亮度"", ""operation"": ""提高"", ""value"": """"}",下调亮度,llm_onecall,10681.8,OK,
558,设备控制,第5轮,调到最高,numeric_adjust,"{""device"": """", ""location"": """", ""object"": ""亮度"", ""operation"": ""设置"", ""value"": ""100%""}",调到最高,llm_onecall,10840.6,OK,
559,设备控制,第1轮,帮我画面拖影有点严重,solve_picture_sound_problem_control,"{""intent"": ""motion_not_sharp""}",帮我画面拖影有点严重,llm_onecall,10479.1,OK,
559,设备控制,第2轮,调到最高档,numeric_adjust,"{""device"": """", ""location"": """", ""object"": """", ""operation"": ""设置"", ""value"": ""最高""}",调到最高档,llm_onecall,10233.6,OK,
559,设备控制,第3轮,效果不明显,solve_picture_sound_problem_control,"{""intent"": ""effect_not_obvious""}",效果不明显,llm_onecall,10394.1,OK,
559,设备控制,第4轮,关掉运动补偿的那种,display_control,"{""device"": """", ""location"": """", ""object"": ""运动补偿"", ""operation"": ""打开"", ""value"": """"}",关闭运动补偿,llm_onecall,10697.0,OK,
559,设备控制,第5轮,换回标准模式,mode_control,"{""device"": """", ""location"": """", ""object"": """", ""operation"": ""设置"", ""value"": ""标准模式""}",换回标准模式,llm_onecall,11129.7,OK,
56,影视,第1轮,动画片,educ_search,"{""query"": {""field"": ""content_type"", ""value"": ""动画""}, ""retext"": ""动画片""}",动画片,llm_onecall,28137.1,OK,
56,影视,第2轮,要90分钟左右的,educ_search,"{""query"": {""and"": [{""field"": ""content_type"", ""value"": ""动画""}, {""field"": ""duration"", ""from"": ""5400"", ""to"": ""5400""}]}, ""retext"": ""时长90分钟左右的动画片""}",时长90分钟左右的动画片,llm_onecall,16858.7,OK,
56,影视,第3轮,不花钱的有吗,educ_search,"{""query"": {""and"": [{""field"": ""content_type"", ""value"": ""动画""}, {""field"": ""is_fee"", ""value"": ""0""}]}, ""retext"": ""时长90分钟左右的动画片不花钱的有吗""}",时长90分钟左右的动画片不花钱的有吗,llm_onecall,18030.9,OK,
56,影视,第4轮,适合上小学的,educ_search,"{""query"": {""and"": [{""field"": ""age_range"", ""from"": ""6"", ""to"": ""12""}, {""field"": ""content_type"", ""value"": ""动画""}]}, ""retext"": ""适合上小学的动画片""}",适合上小学的动画片,llm_onecall,18337.6,OK,
56,影视,第5轮,时长90分的,educ_search,"{""query"": {""and"": [{""field"": ""content_type"", ""value"": ""动画""}, {""field"": ""duration"", ""from"": ""5400"", ""to"": ""5400""}]}, ""retext"": ""时长90分钟左右的动画片""}",时长90分钟左右的动画片,llm_onecall,15992.6,OK,
560,设备控制,第1轮,打开护眼模式吧,mode_control,"{""device"": """", ""location"": """", ""object"": ""护眼模式"", ""operation"": ""打开"", ""value"": """"}",打开护眼模式吧,llm_onecall,10652.4,OK,
560,设备控制,第2轮,调回标准,mode_control,"{""device"": """", ""location"": """", ""object"": ""护眼模式"", ""operation"": ""打开"", ""value"": """"}",关闭护眼模式,llm_onecall,10581.0,OK,
560,设备控制,第3轮,色温调暖一点,numeric_adjust,"{""device"": """", ""location"": """", ""object"": ""色温"", ""operation"": ""提高"", ""value"": """"}",色温调暖一点,llm_onecall,11343.3,OK,
560,设备控制,第4轮,再暖点,numeric_adjust,"{""device"": """", ""location"": """", ""object"": ""色温"", ""operation"": ""设置"", ""value"": """"}",色温,llm_onecall,10825.4,OK,
560,设备控制,第5轮,关掉护眼模式,mode_control,"{""device"": """", ""location"": """", ""object"": ""护眼模式"", ""operation"": ""打开"", ""value"": """"}",关闭护眼模式,llm_onecall,10035.7,OK,
561,设备控制,第1轮,给把亮度调大点,numeric_adjust,"{""device"": """", ""location"": """", ""object"": ""亮度"", ""operation"": ""提高"", ""value"": """"}",给把亮度调大点,llm_onecall,10604.2,OK,
561,设备控制,第2轮,还能再调大吗,numeric_adjust,"{""device"": """", ""location"": """", ""object"": ""亮度"", ""operation"": ""提高"", ""value"": ""10""}",增加亮度值为10,llm_onecall,11041.1,OK,
561,设备控制,第3轮,调到40的那种,numeric_adjust,"{""device"": """", ""location"": """", ""object"": ""亮度"", ""operation"": ""设置"", ""value"": ""40""}",把亮度调到40,llm_onecall,11563.4,OK,
561,设备控制,第4轮,太暗的那种,numeric_adjust,"{""device"": """", ""location"": """", ""object"": ""亮度"", ""operation"": ""设置"", ""value"": ""40""}",把亮度调到40,llm_onecall,10209.8,OK,
561,设备控制,第5轮,再调大点,numeric_adjust,"{""device"": """", ""location"": """", ""object"": ""亮度"", ""operation"": ""设置"", ""value"": ""50""}",把亮度调到50,llm_onecall,10141.4,OK,
562,设备控制,第1轮,帮我把色度调亮点,numeric_adjust,"{""device"": """", ""location"": """", ""object"": ""色度"", ""operation"": ""提高"", ""value"": """"}",帮我把色度调亮点,llm_onecall,10907.1,OK,
562,设备控制,第2轮,还能再调亮吗,numeric_adjust,"{""device"": """", ""location"": """", ""object"": ""色度"", ""operation"": ""提高"", ""value"": ""10""}",增加色度值为10,llm_onecall,11042.5,OK,
562,设备控制,第3轮,调到50的那种,numeric_adjust,"{""device"": """", ""location"": """", ""object"": ""色度"", ""operation"": ""设置"", ""value"": ""50""}",把色度调到50,llm_onecall,11362.6,OK,
562,设备控制,第4轮,再调亮点,numeric_adjust,"{""device"": """", ""location"": """", ""object"": ""色度"", ""operation"": ""设置"", ""value"": ""50""}",把色度调到50,llm_onecall,11092.3,OK,
562,设备控制,第5轮,太暗的那种,numeric_adjust,"{""device"": """", ""location"": """", ""object"": ""色度"", ""operation"": ""设置"", ""value"": ""50""}",把色度调到50,llm_onecall,10485.5,OK,
563,设备控制,第1轮,给把亮度调暗点,numeric_adjust,"{""device"": """", ""location"": """", ""object"": ""亮度"", ""operation"": ""降低"", ""value"": """"}",给把亮度调暗点,llm_onecall,9759.8,OK,
563,设备控制,第2轮,要关掉,numeric_adjust,"{""device"": """", ""location"": """", ""object"": ""亮度"", ""operation"": ""设置"", ""value"": """"}",关闭亮度,llm_onecall,11115.8,OK,
563,设备控制,第3轮,还能再调暗吗,numeric_adjust,"{""device"": """", ""location"": """", ""object"": ""亮度"", ""operation"": ""降低"", ""value"": """"}",把亮度调暗,llm_onecall,10902.3,OK,
563,设备控制,第4轮,要太亮,numeric_adjust,"{""device"": """", ""location"": """", ""object"": ""亮度"", ""operation"": ""降低"", ""value"": """"}",降低亮度,llm_onecall,10748.9,OK,
563,设备控制,第5轮,再调暗点,numeric_adjust,"{""device"": """", ""location"": """", ""object"": ""亮度"", ""operation"": ""降低"", ""value"": """"}",把亮度调暗,llm_onecall,11074.7,OK,
564,设备控制,第1轮,麻烦清晰度不太够,numeric_adjust,"{""device"": """", ""location"": """", ""object"": ""清晰度"", ""operation"": ""提高"", ""value"": """"}",麻烦清晰度不太够,llm_onecall,10141.2,OK,
564,设备控制,第2轮,设成最大值吧,numeric_adjust,"{""device"": """", ""location"": """", ""object"": ""清晰度"", ""operation"": ""提高"", ""value"": ""100""}",增加清晰度值为100,llm_onecall,11407.5,OK,
564,设备控制,第3轮,还能再清晰点吗,numeric_adjust,"{""device"": """", ""location"": """", ""object"": ""清晰度"", ""operation"": ""提高"", ""value"": ""100""}",增加清晰度值为100,llm_onecall,10676.1,OK,
564,设备控制,第4轮,再高一点,numeric_adjust,"{""device"": """", ""location"": """", ""object"": ""清晰度"", ""operation"": ""提高"", ""value"": ""100""}",增加清晰度值为100,llm_onecall,10735.3,OK,
564,设备控制,第5轮,往回调小一点,numeric_adjust,"{""device"": """", ""location"": """", ""object"": ""清晰度"", ""operation"": ""降低"", ""value"": ""默认""}",降低清晰度,fewshot_cache,10233.4,OK,
565,设备控制,第1轮,帮我画面看起来有点暗,solve_picture_sound_problem_control,"{""intent"": ""dark_screen""}",帮我画面看起来有点暗,llm_onecall,10422.0,OK,
565,设备控制,第2轮,下调一点,numeric_adjust,"{""device"": """", ""location"": """", ""object"": ""音量"", ""operation"": ""降低"", ""value"": """"}",下调一点,llm_onecall,10795.0,OK,
565,设备控制,第3轮,调到最高,numeric_adjust,"{""device"": """", ""location"": """", ""object"": ""亮度"", ""operation"": ""设置"", ""value"": ""100%""}",调到最高,llm_onecall,10584.5,OK,
565,设备控制,第4轮,还是有点暗,numeric_adjust,"{""device"": """", ""location"": """", ""object"": ""亮度"", ""operation"": ""提高"", ""value"": """"}",上调亮度,llm_onecall,9923.0,OK,
565,设备控制,第5轮,再亮一点,numeric_adjust,"{""device"": """", ""location"": """", ""object"": ""亮度"", ""operation"": ""提高"", ""value"": """"}",上调亮度,llm_onecall,11735.2,OK,
566,设备控制,第1轮,帮我清晰度不太够,numeric_adjust,"{""device"": """", ""location"": """", ""object"": ""清晰度"", ""operation"": ""提高"", ""value"": """"}",帮我清晰度不太够,llm_onecall,9840.6,OK,
566,设备控制,第2轮,设成最大值吧,numeric_adjust,"{""device"": """", ""location"": """", ""object"": ""清晰度"", ""operation"": ""提高"", ""value"": ""100""}",增加清晰度值为100,llm_onecall,11798.9,OK,
566,设备控制,第3轮,要往回调小一点,numeric_adjust,"{""device"": """", ""location"": """", ""object"": ""清晰度"", ""operation"": ""降低"", ""value"": ""默认""}",降低清晰度,fewshot_cache,8835.1,OK,
566,设备控制,第4轮,还能再清晰点吗,numeric_adjust,"{""device"": """", ""location"": """", ""object"": ""清晰度"", ""operation"": ""提高"", ""value"": """"}",增加清晰度,llm_onecall,10365.4,OK,
566,设备控制,第5轮,再高一点,numeric_adjust,"{""device"": """", ""location"": """", ""object"": ""清晰度"", ""operation"": ""提高"", ""value"": """"}",增加清晰度,llm_onecall,10270.9,OK,
567,设备控制,第1轮,请帮我色度太低了,numeric_adjust,"{""device"": """", ""location"": """", ""object"": ""色度"", ""operation"": ""降低"", ""value"": """"}",请帮我色度太低了,llm_onecall,10555.3,OK,
567,设备控制,第2轮,高点,numeric_adjust,"{""device"": """", ""location"": """", ""object"": ""色度"", ""operation"": ""提高"", ""value"": ""10""}",提高色度值为10,llm_onecall,11170.2,OK,
567,设备控制,第3轮,改成调亮度,numeric_adjust,"{""device"": """", ""location"": """", ""object"": ""亮度"", ""operation"": ""设置"", ""value"": """"}",改成调亮度,badcase,9812.3,OK,
567,设备控制,第4轮,调一下对比度,numeric_adjust,"{""device"": """", ""location"": """", ""object"": ""对比度"", ""operation"": ""设置"", ""value"": """"}",调一下对比度,llm_onecall,11000.6,OK,
567,设备控制,第5轮,调高点,numeric_adjust,"{""device"": """", ""location"": """", ""object"": ""对比度"", ""operation"": ""提高"", ""value"": ""默认""}",调高对比度,fewshot_cache,9214.9,OK,
568,设备控制,第1轮,给电视画面调亮点,numeric_adjust,"{""device"": """", ""location"": """", ""object"": ""亮度"", ""operation"": ""提高"", ""value"": """"}",给电视画面调亮点,llm_onecall,10131.7,OK,
568,设备控制,第2轮,调暗点,numeric_adjust,"{""device"": """", ""location"": """", ""object"": ""亮度"", ""operation"": ""降低"", ""value"": ""10""}",降低亮度值为10,llm_onecall,11155.2,OK,
568,设备控制,第3轮,太暗了,numeric_adjust,"{""device"": """", ""location"": """", ""object"": ""亮度"", ""operation"": ""提高"", ""value"": """"}",电视画面调亮点,llm_onecall,9867.8,OK,
568,设备控制,第4轮,调到最大,numeric_adjust,"{""device"": """", ""location"": """", ""object"": ""亮度"", ""operation"": ""设置"", ""value"": ""100%""}",把亮度调到最大,llm_onecall,11113.7,OK,
568,设备控制,第5轮,再调亮点的那种,numeric_adjust,"{""device"": """", ""location"": """", ""object"": ""亮度"", ""operation"": ""设置"", ""value"": ""100%""}",把亮度调到最大,llm_onecall,10669.4,OK,
569,设备控制,第1轮,设置定时关机吧,timer_control,"{""date_time"": ""定时"", ""device"": """", ""location"": """", ""object"": ""关机"", ""operation"": ""打开""}",设置定时关机吧,llm_onecall,10007.0,OK,
569,设备控制,第2轮,两个小时后,timer_control,"{""date_time"": ""定时"", ""device"": """", ""location"": """", ""object"": ""关机"", ""operation"": ""打开""}",设置定时关机,llm_onecall,11140.8,OK,
569,设备控制,第3轮,改成3个小时的那种,timer_control,"{""date_time"": ""定时"", ""device"": """", ""location"": """", ""object"": ""关机"", ""operation"": ""打开""}",设置定时关机,llm_onecall,11051.1,OK,
569,设备控制,第4轮,要周末也生效吗,timer_control,"{""date_time"": ""定时"", ""device"": """", ""location"": """", ""object"": ""关机"", ""operation"": ""打开""}",设置定时关机,llm_onecall,11518.7,OK,
569,设备控制,第5轮,设成10点,timer_control,"{""date_time"": ""定时"", ""device"": """", ""location"": """", ""object"": ""关机"", ""operation"": ""打开""}",设置定时关机,llm_onecall,9836.5,OK,
57,影视,第1轮,经典老电影有哪些,fan_knowledge_agent,"{""messages"": [{""content"": ""经典老电影有哪些"", ""role"": ""user""}], ""riskRespStrategy"": ""all_replace"", ""sceneTypeIntentList"": [{""sceneType"": ""video""}]}",经典老电影有哪些,general_rule,19204.9,OK,
57,影视,第2轮,黑白的那种,vod_fuzzy_search,"{""retext"": ""想看黑白经典老电影""}",想看黑白经典老电影,llm_onecall,14913.9,OK,
57,影视,第3轮,有修复版吗,vod_fuzzy_search,"{""retext"": ""想看黑白经典老电影有修复版吗""}",想看黑白经典老电影有修复版吗,llm_onecall,16870.9,OK,
57,影视,第4轮,要黑白的,vod_fuzzy_search,"{""retext"": ""想看黑白经典老电影""}",想看黑白经典老电影,llm_onecall,17148.5,OK,
57,影视,第5轮,口碑好的,vod_fuzzy_search,"{""retext"": ""想看口碑好的黑白经典老电影""}",想看口碑好的黑白经典老电影,llm_onecall,16850.9,OK,
570,设备控制,第1轮,请帮我电视画面调亮点,numeric_adjust,"{""device"": """", ""location"": """", ""object"": ""亮度"", ""operation"": ""提高"", ""value"": """"}",请帮我电视画面调亮点,llm_onecall,11094.3,OK,
570,设备控制,第2轮,太暗了,numeric_adjust,"{""device"": """", ""location"": """", ""object"": ""亮度"", ""operation"": ""提高"", ""value"": """"}",增加亮度,llm_onecall,10990.8,OK,
570,设备控制,第3轮,调到最大,numeric_adjust,"{""device"": """", ""location"": """", ""object"": ""亮度"", ""operation"": ""提高"", ""value"": """"}",增加亮度,llm_onecall,10040.6,OK,
570,设备控制,第4轮,再调亮点,numeric_adjust,"{""device"": """", ""location"": """", ""object"": ""亮度"", ""operation"": ""提高"", ""value"": """"}",增加亮度,llm_onecall,11157.4,OK,
570,设备控制,第5轮,调暗点,numeric_adjust,"{""device"": """", ""location"": """", ""object"": ""亮度"", ""operation"": ""降低"", ""value"": """"}",调暗点,badcase,9244.2,OK,
571,设备控制,第1轮,清晰度不太够吧,numeric_adjust,"{""device"": """", ""location"": """", ""object"": ""清晰度"", ""operation"": ""提高"", ""value"": """"}",清晰度不太够吧,llm_onecall,9929.8,OK,
571,设备控制,第2轮,再高一点,numeric_adjust,"{""device"": """", ""location"": """", ""object"": ""清晰度"", ""operation"": ""提高"", ""value"": ""11""}",增加清晰度值为11,llm_onecall,11846.1,OK,
571,设备控制,第3轮,往回调小一点的那种,numeric_adjust,"{""device"": """", ""location"": """", ""object"": ""清晰度"", ""operation"": ""降低"", ""value"": ""默认""}",降低清晰度,fewshot_cache,9025.1,OK,
571,设备控制,第4轮,设成最大值吧,numeric_adjust,"{""device"": """", ""location"": """", ""object"": ""清晰度"", ""operation"": ""提高"", ""value"": ""100""}",增加清晰度值为100,llm_onecall,11424.4,OK,
571,设备控制,第5轮,还能再清晰点吗,numeric_adjust,"{""device"": """", ""location"": """", ""object"": ""清晰度"", ""operation"": ""提高"", ""value"": """"}",增加清晰度,llm_onecall,10336.5,OK,
572,设备控制,第1轮,把清晰度调暗点吧,numeric_adjust,"{""device"": """", ""location"": """", ""object"": ""清晰度"", ""operation"": ""降低"", ""value"": """"}",把清晰度调暗点吧,llm_onecall,10575.1,OK,
572,设备控制,第2轮,再调暗点,numeric_adjust,"{""device"": """", ""location"": """", ""object"": ""清晰度"", ""operation"": ""降低"", ""value"": ""默认""}",降低清晰度,fewshot_cache,9927.6,OK,
572,设备控制,第3轮,要太亮,numeric_adjust,"{""device"": """", ""location"": """", ""object"": ""清晰度"", ""operation"": ""提高"", ""value"": """"}",把清晰度调亮,llm_onecall,10137.1,OK,
572,设备控制,第4轮,还能再调暗吗,numeric_adjust,"{""device"": """", ""location"": """", ""object"": ""清晰度"", ""operation"": ""降低"", ""value"": ""默认""}",降低清晰度,fewshot_cache,10162.4,OK,
572,设备控制,第5轮,要关掉,numeric_adjust,"{""device"": """", ""location"": """", ""object"": ""清晰度"", ""operation"": ""提高"", ""value"": """"}",关闭清晰度,llm_onecall,10959.4,OK,
573,设备控制,第1轮,帮我设置定时关机,timer_control,"{""date_time"": ""定时"", ""device"": """", ""location"": """", ""object"": ""关机"", ""operation"": ""打开""}",帮我设置定时关机,llm_onecall,11187.3,OK,
573,设备控制,第2轮,取消的那种,timer_control,"{""device"": """", ""location"": """", ""object"": ""关机"", ""operation"": ""关闭"", ""value"": """"}",取消定时关机,fewshot_cache,9395.6,OK,
573,设备控制,第3轮,设成10点,timer_control,"{""date_time"": ""10:00"", ""device"": """", ""location"": """", ""object"": ""关机"", ""operation"": ""打开""}",设置定时关机时间为10点,llm_onecall,11077.4,OK,
573,设备控制,第4轮,改成3个小时,timer_control,"{""date_time"": ""3小时"", ""device"": """", ""location"": """", ""object"": ""关机"", ""operation"": ""打开""}",设置定时关机时间为3小时,llm_onecall,10848.6,OK,
573,设备控制,第5轮,两个小时后,timer_control,"{""date_time"": ""2小时"", ""device"": """", ""location"": """", ""object"": ""关机"", ""operation"": ""打开""}",设置定时关机时间为2小时,llm_onecall,10912.0,OK,
574,设备控制,第1轮,给把背光调低,display_control,"{""device"": """", ""location"": """", ""object"": ""背光"", ""operation"": ""降低"", ""value"": """"}",给把背光调低,llm_onecall,10425.1,OK,
574,设备控制,第2轮,调到20的那种,display_control,"{""device"": """", ""location"": """", ""object"": ""背光"", ""operation"": ""设置"", ""value"": ""20""}",把背光调到20,llm_onecall,11258.2,OK,
574,设备控制,第3轮,再低一点,display_control,"{""device"": """", ""location"": """", ""object"": ""背光"", ""operation"": ""设置"", ""value"": ""15""}",把背光调到15,llm_onecall,11030.2,OK,
574,设备控制,第4轮,要关掉背光调节,numeric_adjust,"{""device"": """", ""location"": """", ""object"": ""静音"", ""operation"": ""打开"", ""value"": """"}",关掉背光调节,llm_onecall,10341.4,OK,
574,设备控制,第5轮,还是太亮了,display_control,"{""device"": """", ""location"": """", ""object"": ""背光"", ""operation"": ""降低"", ""value"": """"}",把背光调低,llm_onecall,12285.7,OK,
575,设备控制,第1轮,麻烦设置定时关机,timer_control,"{""date_time"": ""定时"", ""device"": """", ""location"": """", ""object"": ""关机"", ""operation"": ""打开""}",麻烦设置定时关机,llm_onecall,10993.4,OK,
575,设备控制,第2轮,要周末也生效吗,timer_control,"{""date_time"": ""定时"", ""device"": """", ""location"": """", ""object"": ""关机"", ""operation"": ""打开""}",设置定时关机要周末也生效吗,llm_onecall,11105.6,OK,
575,设备控制,第3轮,改成3个小时,timer_control,"{""date_time"": ""定时"", ""device"": """", ""location"": """", ""object"": ""关机"", ""operation"": ""打开""}",设置定时关机3个小时,llm_onecall,11197.2,OK,
575,设备控制,第4轮,两个小时后,timer_control,"{""date_time"": ""定时"", ""device"": """", ""location"": """", ""object"": ""关机"", ""operation"": ""打开""}",设置定时关机2个小时,llm_onecall,10448.9,OK,
575,设备控制,第5轮,设成10点的那种,timer_control,"{""date_time"": ""10:00"", ""device"": """", ""location"": """", ""object"": ""关机"", ""operation"": ""打开""}",设置定时关机10点,llm_onecall,12254.9,OK,
576,设备控制,第1轮,把亮度调低点,numeric_adjust,"{""device"": """", ""location"": """", ""object"": ""亮度"", ""operation"": ""降低"", ""value"": """"}",把亮度调低点,llm_onecall,10922.4,OK,
576,设备控制,第2轮,再调低点,numeric_adjust,"{""device"": """", ""location"": """", ""object"": ""亮度"", ""operation"": ""降低"", ""value"": """"}",降低亮度,llm_onecall,10571.8,OK,
576,设备控制,第3轮,要关掉,numeric_adjust,"{""device"": """", ""location"": """", ""object"": ""亮度"", ""operation"": ""设置"", ""value"": """"}",关闭亮度,llm_onecall,10892.9,OK,
576,设备控制,第4轮,还能再调低吗,numeric_adjust,"{""device"": """", ""location"": """", ""object"": ""亮度"", ""operation"": ""降低"", ""value"": """"}",把亮度调低点,llm_onecall,10362.8,OK,
576,设备控制,第5轮,调到40的那种,numeric_adjust,"{""device"": """", ""location"": """", ""object"": ""亮度"", ""operation"": ""设置"", ""value"": ""40""}",把亮度调到40,llm_onecall,12101.7,OK,
577,设备控制,第1轮,把背光调低点吧,display_control,"{""device"": """", ""location"": """", ""object"": ""背光"", ""operation"": ""降低"", ""value"": """"}",把背光调低点吧,llm_onecall,10901.5,OK,
577,设备控制,第2轮,再调低点,display_control,"{""device"": """", ""location"": """", ""object"": ""背光"", ""operation"": ""降低"", ""value"": """"}",把背光调低点,llm_onecall,10783.0,OK,
577,设备控制,第3轮,要太亮,display_control,"{""device"": """", ""location"": """", ""object"": ""背光"", ""operation"": ""打开"", ""value"": """"}",把背光调高点,llm_onecall,11567.5,OK,
577,设备控制,第4轮,还能再调低吗,display_control,"{""device"": """", ""location"": """", ""object"": ""背光"", ""operation"": ""降低"", ""value"": """"}",把背光调低点,llm_onecall,10162.5,OK,
577,设备控制,第5轮,调到20的那种,display_control,"{""device"": """", ""location"": """", ""object"": ""背光"", ""operation"": ""设置"", ""value"": ""20""}",把背光调到20,llm_onecall,12544.2,OK,
578,设备控制,第1轮,《三体》讲什么,fan_knowledge_agent,"{""messages"": [{""content"": ""《三体》讲什么"", ""role"": ""user""}], ""riskRespStrategy"": ""all_replace"", ""sceneTypeIntentList"": [{""sceneType"": ""knowledge_qa""}]}",《三体》讲什么,general_rule,19626.6,OK,
578,设备控制,第2轮,作者是谁,fan_knowledge_agent,"{""messages"": [{""content"": ""《三体》的作者是谁"", ""role"": ""user""}], ""riskRespStrategy"": ""all_replace"", ""sceneTypeIntentList"": [{""sceneType"": ""knowledge_qa""}]}",《三体》的作者是谁,general_rule,19412.2,OK,
578,设备控制,第3轮,结局是什么,fan_knowledge_agent,"{""messages"": [{""content"": ""《三体》结局是什么"", ""role"": ""user""}], ""riskRespStrategy"": ""all_replace"", ""sceneTypeIntentList"": [{""sceneType"": ""knowledge_qa""}]}",《三体》结局是什么,general_rule,20648.3,OK,
578,设备控制,第4轮,有电视剧版吗,vod_search,"{""action"": ""search"", ""query"": {""and"": [{""field"": ""title"", ""value"": ""三体""}, {""field"": ""category"", ""value"": ""电视剧""}]}, ""retext"": ""《三体》有电视剧版吗""}",《三体》有电视剧版吗,llm_onecall,13826.7,OK,
578,设备控制,第5轮,第二部叫什么,vod_search,"{""action"": ""search"", ""query"": {""and"": [{""field"": ""title"", ""value"": ""三体""}, {""field"": ""series"", ""value"": ""2""}]}, ""retext"": ""《三体》第二部叫什么""}",《三体》第二部叫什么,llm_onecall,11809.6,OK,
579,设备控制,第1轮,红楼梦作者是谁,fan_knowledge_agent,"{""messages"": [{""content"": ""红楼梦作者是谁"", ""role"": ""user""}], ""riskRespStrategy"": ""all_replace"", ""sceneTypeIntentList"": [{""sceneType"": ""knowledge_qa""}]}",红楼梦作者是谁,general_rule,19328.0,OK,
579,设备控制,第2轮,讲什么的,fan_knowledge_agent,"{""messages"": [{""content"": ""《红楼梦》讲什么的"", ""role"": ""user""}], ""riskRespStrategy"": ""all_replace"", ""sceneTypeIntentList"": [{""sceneType"": ""knowledge_qa""}]}",《红楼梦》讲什么的,general_rule,20602.1,OK,
579,设备控制,第3轮,主角有哪些,fan_knowledge_agent,"{""messages"": [{""content"": ""《红楼梦》主角有哪些"", ""role"": ""user""}], ""riskRespStrategy"": ""all_replace"", ""sceneTypeIntentList"": [{""sceneType"": ""knowledge_qa""}]}",《红楼梦》主角有哪些,general_rule,19971.5,OK,
579,设备控制,第4轮,有改编的电视剧吗,fan_knowledge_agent,"{""messages"": [{""content"": ""《红楼梦》有改编的电视剧吗"", ""role"": ""user""}], ""riskRespStrategy"": ""all_replace"", ""sceneTypeIntentList"": [{""sceneType"": ""video""}]}",《红楼梦》有改编的电视剧吗,general_rule,21521.9,OK,
579,设备控制,第5轮,哪个版本最经典,vod_search_all,"{""action"": ""search"", ""query"": {""and"": [{""field"": ""title"", ""value"": ""红楼梦""}, {""field"": ""channel"", ""value"": ""央视""}, {""field"": ""release_time"", ""from"": ""19870101"", ""to"": ""19871231""}]}, ""retext"": ""1987年央视版《红楼梦》""}",1987年央视版《红楼梦》,llm_onecall,15536.1,OK,
58,影视,第1轮,历史剧,edu_fuzzy_search,"{""retext"": ""历史剧""}",历史剧,llm_onecall,13038.1,OK,
58,影视,第2轮,不用等更新的,edu_fuzzy_search,"{""retext"": ""不用等更新的""}",不用等更新的,llm_onecall,11918.5,OK,
58,影视,第3轮,已完结的有没有,edu_fuzzy_search,"{""retext"": ""已完结的历史剧""}",已完结的历史剧,llm_onecall,14680.6,OK,
58,影视,第4轮,服化道好的,vod_fuzzy_search,"{""retext"": ""服化道好的""}",服化道好的,llm_onecall,16980.3,OK,
58,影视,第5轮,讲唐朝的,edu_fuzzy_search,"{""retext"": ""讲唐朝的历史剧""}",讲唐朝的历史剧,llm_onecall,16818.2,OK,
580,设备控制,第1轮,《流浪地球》讲的什么,fan_knowledge_agent,"{""messages"": [{""content"": ""《流浪地球》讲的什么"", ""role"": ""user""}], ""riskRespStrategy"": ""all_replace"", ""sceneTypeIntentList"": [{""sceneType"": ""knowledge_qa""}]}",《流浪地球》讲的什么,general_rule,19241.0,OK,
580,设备控制,第2轮,导演是谁,fan_knowledge_agent,"{""messages"": [{""content"": ""《流浪地球》的导演是谁"", ""role"": ""user""}], ""riskRespStrategy"": ""all_replace"", ""sceneTypeIntentList"": [{""sceneType"": ""video""}]}",《流浪地球》的导演是谁,general_rule,20090.1,OK,
580,设备控制,第3轮,票房多少,fan_knowledge_agent,"{""messages"": [{""content"": ""《流浪地球》票房多少"", ""role"": ""user""}], ""riskRespStrategy"": ""all_replace"", ""sceneTypeIntentList"": [{""sceneType"": ""knowledge_qa""}]}",《流浪地球》票房多少,general_rule,20219.3,OK,
580,设备控制,第4轮,有续集吗,fan_knowledge_agent,"{""messages"": [{""content"": ""《流浪地球》有续集吗"", ""role"": ""user""}], ""riskRespStrategy"": ""all_replace"", ""sceneTypeIntentList"": [{""sceneType"": ""knowledge_qa""}]}",《流浪地球》有续集吗,general_rule,18080.7,OK,
580,设备控制,第5轮,和原著差别大吗,fan_knowledge_agent,"{""messages"": [{""content"": ""《流浪地球》和原著差别大吗"", ""role"": ""user""}], ""riskRespStrategy"": ""all_replace"", ""sceneTypeIntentList"": [{""sceneType"": ""knowledge_qa""}]}",《流浪地球》和原著差别大吗,general_rule,15154.0,OK,
581,教育,第1轮,有三年级的数学课吗,edu_search,"{""query"": {""and"": [{""field"": ""grade"", ""value"": ""三年级""}, {""field"": ""first_subject"", ""value"": ""数学""}, {""field"": ""k12_category"", ""operator"": ""or"", ""values"": [""同步课"", ""同步拓展课""]}]}}",有三年级的数学课吗,llm_onecall,14758.8,OK,
581,教育,第2轮,有老师带的那种,edu_fuzzy_search,"{""retext"": ""《三年级上同步精讲课》有老师带的那种""}",《三年级上同步精讲课》有老师带的那种,llm_onecall,11975.1,OK,
581,教育,第3轮,初二的,edu_search,"{""query"": {""and"": [{""field"": ""grade"", ""value"": ""八年级""}, {""field"": ""first_subject"", ""value"": ""数学""}, {""field"": ""k12_category"", ""operator"": ""or"", ""values"": [""同步课"", ""同步拓展课""]}]}}",有初二的数学课吗,llm_onecall,14008.2,OK,
581,教育,第4轮,有动画演示的,educ_search,"{""query"": {""field"": ""content_type"", ""value"": ""动画""}, ""retext"": ""有动画演示的""}",有动画演示的,llm_onecall,12475.2,OK,
581,教育,第5轮,不收费的,educ_search,"{""query"": {""field"": ""is_fee"", ""value"": ""0""}, ""retext"": ""不收费的""}",不收费的,llm_onecall,11934.6,OK,
582,教育,第1轮,有没有好看的英语口语,edu_fuzzy_search,"{""retext"": ""有没有好看的英语口语""}",有没有好看的英语口语,llm_onecall,11906.0,OK,
582,教育,第2轮,有体验课,edu_fuzzy_search,"{""retext"": ""有没有好看的英语口语""}",有没有好看的英语口语,llm_onecall,11599.3,OK,
582,教育,第3轮,外国人教的,edu_fuzzy_search,"{""retext"": ""有没有外国人教的英语口语""}",有没有外国人教的英语口语,llm_onecall,11459.2,OK,
582,教育,第4轮,便宜点的,edu_fuzzy_search,"{""retext"": ""便宜点的""}",便宜点的,llm_onecall,9424.5,OK,
582,教育,第5轮,价格实惠点,edu_fuzzy_search,"{""retext"": ""便宜点的""}",便宜点的,llm_onecall,11645.7,OK,
583,教育,第1轮,有少儿编程课吗,edu_fuzzy_search,"{""retext"": ""有少儿编程课吗""}",有少儿编程课吗,llm_onecall,12775.7,OK,
583,教育,第2轮,要零基础的,edu_fuzzy_search,"{""retext"": ""有零基础的少儿编程课吗""}",有零基础的少儿编程课吗,llm_onecall,11636.4,OK,
583,教育,第3轮,零基础能学,edu_fuzzy_search,"{""retext"": ""零基础能学""}",零基础能学,llm_onecall,10567.6,OK,
583,教育,第4轮,有试听课的,edu_fuzzy_search,"{""retext"": ""有试听课的""}",有试听课的,llm_onecall,11681.2,OK,
583,教育,第5轮,有实战的,edu_fuzzy_search,"{""retext"": ""有实战的""}",有实战的,llm_onecall,11637.8,OK,
584,教育,第1轮,小学必背古诗有哪些,edu_fuzzy_search,"{""retext"": ""小学必背古诗有哪些""}",小学必背古诗有哪些,badcase,10359.9,OK,
584,教育,第2轮,朗读示范版,audio_search,"{""action"": ""search"", ""query"": ""朗读示范版""}",朗读示范版,general_rule,11464.1,OK,
584,教育,第3轮,带讲解的,audio_search,"{""action"": ""search"", ""query"": ""带讲解的""}",带讲解的,general_rule,10650.9,OK,
584,教育,第4轮,按年级,edu_fuzzy_search,"{""retext"": ""小学必背古诗有哪些""}",小学必背古诗有哪些,badcase,11475.2,OK,
584,教育,第5轮,有讲解,edu_fuzzy_search,"{""retext"": ""小学必背古诗有哪些""}",小学必背古诗有哪些,badcase,12624.6,OK,
585,教育,第1轮,有啥初中化学的课,edu_search,"{""query"": {""and"": [{""field"": ""figures"", ""value"": ""初中""}, {""field"": ""first_subject"", ""value"": ""化学""}, {""field"": ""k12_category"", ""operator"": ""or"", ""values"": [""同步课"", ""同步拓展课""]}]}}",有啥初中化学的课,llm_onecall,12900.2,OK,
585,教育,第2轮,带练习的,edu_fuzzy_search,"{""retext"": ""带练习的初中化学课""}",带练习的初中化学课,llm_onecall,11858.6,OK,
585,教育,第3轮,九年级下册的那种,edu_search,"{""query"": {""and"": [{""field"": ""grade"", ""value"": ""九年级""}, {""field"": ""first_subject"", ""value"": ""化学""}, {""field"": ""semester"", ""value"": ""下半学期""}, {""field"": ""k12_category"", ""operator"": ""or"", ""values"": [""同步课"", ""同步拓展课""]}]}}",《九年级下册化学》,llm_onecall,13476.8,OK,
585,教育,第4轮,有课后练习的,edu_search,"{""query"": {""and"": [{""field"": ""grade"", ""value"": ""九年级""}, {""field"": ""first_subject"", ""value"": ""化学""}, {""field"": ""semester"", ""value"": ""下半学期""}, {""field"": ""k12_category"", ""operator"": ""or"", ""values"": [""同步课"", ""同步拓展课""]}]}}",《九年级下册化学》有课后练习,llm_onecall,15158.9,OK,
585,教育,第5轮,初三下,edu_search,"{""query"": {""and"": [{""field"": ""grade"", ""value"": ""九年级""}, {""field"": ""semester"", ""value"": ""下半学期""}, {""field"": ""k12_category"", ""operator"": ""or"", ""values"": [""同步课"", ""同步拓展课""]}]}}",初三下,llm_onecall,12340.2,OK,
586,教育,第1轮,有没有好看的中考复习的视频,edu_fuzzy_search,"{""retext"": ""有没有好看的中考复习的视频""}",有没有好看的中考复习的视频,llm_onecall,10368.9,OK,
586,教育,第2轮,真题那种,edu_fuzzy_search,"{""retext"": ""有没有好看的中考复习的真题视频""}",有没有好看的中考复习的真题视频,llm_onecall,10739.6,OK,
586,教育,第3轮,不收费的有哪些,edu_fuzzy_search,"{""retext"": ""不收费的中考复习真题视频有哪些""}",不收费的中考复习真题视频有哪些,llm_onecall,12298.8,OK,
586,教育,第4轮,免费的有哪些,edu_fuzzy_search,"{""retext"": ""不收费的中考复习真题视频有哪些""}",不收费的中考复习真题视频有哪些,llm_onecall,11970.1,OK,
586,教育,第5轮,权威标准的,edu_fuzzy_search,"{""retext"": ""搜索不收费的中考复习真题视频""}",搜索不收费的中考复习真题视频,llm_onecall,12895.9,OK,
587,教育,第1轮,想学高中数学,edu_search,"{""query"": {""and"": [{""field"": ""first_subject"", ""value"": ""数学""}, {""field"": ""grade"", ""value"": ""高中""}, {""field"": ""k12_category"", ""operator"": ""or"", ""values"": [""同步课"", ""同步拓展课""]}]}}",想学高中数学,llm_onecall,13550.1,OK,
587,教育,第2轮,有课后练习的,edu_search,"{""query"": {""and"": [{""field"": ""figures"", ""value"": ""高中""}, {""field"": ""first_subject"", ""value"": ""数学""}, {""field"": ""k12_category"", ""operator"": ""or"", ""values"": [""同步课"", ""同步拓展课""]}]}}",有课后练习的高中数学,llm_onecall,11362.5,OK,
587,教育,第3轮,讲基础题的,edu_fuzzy_search,"{""retext"": ""讲基础题的高中数学""}",讲基础题的高中数学,llm_onecall,11824.3,OK,
587,教育,第4轮,细讲,edu_search,"{""query"": {""and"": [{""field"": ""grade"", ""value"": ""高一""}, {""field"": ""semester"", ""value"": ""上半学期""}, {""field"": ""k12_category"", ""operator"": ""or"", ""values"": [""同步课"", ""同步拓展课""]}]}}",《高一上同步精讲课》,llm_onecall,13808.1,OK,
587,教育,第5轮,带练习的,edu_fuzzy_search,"{""retext"": ""带练习的高中数学""}",带练习的高中数学,llm_onecall,12093.6,OK,
588,教育,第1轮,有书法课程吗,edu_fuzzy_search,"{""retext"": ""有书法课程吗""}",有书法课程吗,llm_onecall,11699.6,OK,
588,教育,第2轮,每节课二十分钟以内的,edu_fuzzy_search,"{""retext"": ""有书法课程吗""}",有书法课程吗,llm_onecall,10267.0,OK,
588,教育,第3轮,笔顺那种,edu_fuzzy_search,"{""retext"": ""有书法课程吗""}",有书法课程吗,llm_onecall,12197.3,OK,
588,教育,第4轮,每节20分钟内,edu_fuzzy_search,"{""retext"": ""每节20分钟内的书法课程""}",每节20分钟内的书法课程,llm_onecall,7259.5,OK,
588,教育,第5轮,适合小学生的,edu_fuzzy_search,"{""retext"": ""适合小学生的每节20分钟内的书法课程""}",适合小学生的每节20分钟内的书法课程,llm_onecall,11974.4,OK,
589,教育,第1轮,推荐几部吉他,execute,,推荐几部吉他,,10928.6,OK,
589,教育,第2轮,有试听,execute,,有试听,,8639.6,OK,
589,教育,第3轮,免费的有吗,execute,,免费的有吗,,10522.7,OK,
589,教育,第4轮,每节20分钟内,execute,,每节20分钟内,,12469.1,OK,
589,教育,第5轮,能试听的,execute,,能试听的,,10824.4,OK,
59,影视,第1轮,医疗剧有哪些,fan_knowledge_agent,"{""messages"": [{""content"": ""医疗剧有哪些"", ""role"": ""user""}], ""riskRespStrategy"": ""all_replace"", ""sceneTypeIntentList"": [{""sceneType"": ""video""}]}",医疗剧有哪些,general_rule,20729.7,OK,
59,影视,第2轮,专业度高的,vod_search,"{""action"": ""search"", ""query"": {""and"": [{""field"": ""category"", ""value"": ""电视剧""}, {""field"": ""tag"", ""value"": ""医疗""}]}, ""retext"": ""专业度高的医疗剧""}",专业度高的医疗剧,llm_onecall,16329.5,OK,
59,影视,第3轮,咱们自己拍的,vod_search_all,"{""action"": ""search"", ""query"": {""and"": [{""field"": ""area"", ""value"": ""国产""}, {""field"": ""category"", ""value"": ""电视剧""}, {""field"": ""tag"", ""value"": ""医疗""}]}, ""retext"": ""咱们自己拍的医疗剧""}",咱们自己拍的医疗剧,llm_onecall,18812.1,OK,
59,影视,第4轮,要手术戏真实的,vod_fuzzy_search,"{""retext"": ""要手术戏真实的""}",要手术戏真实的,llm_onecall,16839.0,OK,
59,影视,第5轮,集数少点的,vod_search_all,"{""action"": ""search"", ""query"": {""and"": [{""field"": ""area"", ""value"": ""中国""}, {""field"": ""category"", ""value"": ""电视剧""}, {""field"": ""tag"", ""value"": ""医疗""}]}, ""retext"": ""集数少的中国医疗剧""}",集数少的中国医疗剧,llm_onecall,16546.9,OK,
590,教育,第1轮,想看物理实验课,edu_fuzzy_search,"{""retext"": ""想看物理实验课""}",想看物理实验课,llm_onecall,11015.6,OK,
590,教育,第2轮,不收费的有吗,edu_search,"{""query"": {""and"": [{""field"": ""first_subject"", ""value"": ""物理""}, {""field"": ""is_fee"", ""value"": 0}, {""field"": ""k12_category"", ""operator"": ""or"", ""values"": [""同步课"", ""同步拓展课""]}]}}",想看物理实验课不收费的有吗,llm_onecall,12148.1,OK,
590,教育,第3轮,初中力学的,edu_fuzzy_search,"{""retext"": ""想看初中力学物理实验课""}",想看初中力学物理实验课,llm_onecall,10922.8,OK,
590,教育,第4轮,有动画演示的,educ_search,"{""query"": {""and"": [{""field"": ""title"", ""value"": ""力学""}, {""field"": ""title"", ""value"": ""物理""}, {""field"": ""title"", ""value"": ""实验""}, {""field"": ""content_type"", ""value"": ""动画""}]}, ""retext"": ""想看初中力学物理实验课有动画演示的""}",想看初中力学物理实验课有动画演示的,llm_onecall,13217.2,OK,
590,教育,第5轮,初中物理力学,edu_fuzzy_search,"{""retext"": ""想看初中物理力学""}",想看初中物理力学,llm_onecall,13461.7,OK,
591,教育,第1轮,有英语四级课程吗,edu_fuzzy_search,"{""retext"": ""有英语四级课程吗""}",有英语四级课程吗,llm_onecall,11224.0,OK,
591,教育,第2轮,讲得快的,edu_fuzzy_search,"{""retext"": ""英语四级课程讲得快的""}",英语四级课程讲得快的,llm_onecall,12336.1,OK,
591,教育,第3轮,免费的吗,edu_fuzzy_search,"{""retext"": ""免费的英语四级课程""}",免费的英语四级课程,llm_onecall,11176.8,OK,
591,教育,第4轮,有真题讲解的,edu_fuzzy_search,"{""retext"": ""有真题讲解的英语四级课程""}",有真题讲解的英语四级课程,llm_onecall,11371.3,OK,
591,教育,第5轮,词汇专项的,edu_fuzzy_search,"{""retext"": ""词汇专项的英语四级课程""}",词汇专项的英语四级课程,llm_onecall,12464.5,OK,
592,教育,第1轮,放几部美术课,edu_fuzzy_search,"{""retext"": ""放几部美术课""}",放几部美术课,llm_onecall,11474.6,OK,
592,教育,第2轮,儿童简笔画的,educ_search,"{""query"": {""field"": ""title"", ""value"": ""简笔画""}, ""retext"": ""儿童简笔画""}",儿童简笔画,llm_onecall,13091.8,OK,
592,教育,第3轮,简笔画那种,educ_search,"{""action"": ""search"", ""query"": {""field"": ""content_type"", ""value"": ""简笔画""}, ""retext"": ""简笔画""}",简笔画,llm_onecall,13576.2,OK,
592,教育,第4轮,适合五岁小孩,educ_fuzzy_search,"{""retext"": ""适合五岁小孩""}",适合五岁小孩,llm_onecall,11763.3,OK,
592,教育,第5轮,不要会员的,educ_search,"{""query"": {""field"": ""is_fee"", ""value"": ""0""}, ""retext"": ""不要会员的""}",不要会员的,llm_onecall,14168.3,OK,
593,教育,第1轮,最近想看做菜的教学视频,edu_fuzzy_search,"{""retext"": ""最近想看做菜的教学视频""}",最近想看做菜的教学视频,llm_onecall,9896.8,OK,
593,教育,第2轮,高清的,edu_fuzzy_search,"{""retext"": ""最近想看高清做菜的教学视频""}",最近想看高清做菜的教学视频,llm_onecall,11968.6,OK,
593,教育,第3轮,单集十分钟,edu_fuzzy_search,"{""retext"": ""最近想看高清做菜的教学视频单集十分钟""}",最近想看高清做菜的教学视频单集十分钟,llm_onecall,13876.5,OK,
593,教育,第4轮,十分钟一集,edu_fuzzy_search,"{""retext"": ""最近想看高清做菜的教学视频单集十分钟""}",最近想看高清做菜的教学视频单集十分钟,llm_onecall,12717.9,OK,
593,教育,第5轮,要讲得细的,edu_fuzzy_search,"{""retext"": ""最近想看高清做菜的教学视频单集十分钟要讲得细的""}",最近想看高清做菜的教学视频单集十分钟要讲得细的,llm_onecall,14054.4,OK,
594,教育,第1轮,有没有好看的教师资格证考试课,edu_fuzzy_search,"{""retext"": ""有没有好看的教师资格证考试课""}",有没有好看的教师资格证考试课,llm_onecall,10050.5,OK,
594,教育,第2轮,有试听吗,edu_fuzzy_search,"{""retext"": ""教师资格证考试课有试听吗""}",教师资格证考试课有试听吗,llm_onecall,12339.3,OK,
594,教育,第3轮,便宜的,edu_fuzzy_search,"{""retext"": ""有没有便宜的教师资格证考试课""}",有没有便宜的教师资格证考试课,llm_onecall,12821.7,OK,
594,教育,第4轮,带练习的,edu_fuzzy_search,"{""retext"": ""有没有带练习的教师资格证考试课""}",有没有带练习的教师资格证考试课,llm_onecall,13810.9,OK,
594,教育,第5轮,有作业,edu_fuzzy_search,"{""retext"": ""有作业的教师资格证考试课""}",有作业的教师资格证考试课,llm_onecall,14630.5,OK,
595,教育,第1轮,有一年级语文的课吗,edu_search,"{""query"": {""and"": [{""field"": ""grade"", ""value"": ""一年级""}, {""field"": ""first_subject"", ""value"": ""语文""}, {""field"": ""k12_category"", ""operator"": ""or"", ""values"": [""同步课"", ""同步拓展课""]}]}}",有一年级语文的课吗,llm_onecall,12516.3,OK,
595,教育,第2轮,带动画,educ_search,"{""query"": {""and"": [{""field"": ""title"", ""value"": ""统编版（人教版）小学语文一年级下册""}, {""field"": ""content_type"", ""value"": ""动画""}]}, ""retext"": ""《统编版（人教版）小学语文一年级下册》带动画""}",《统编版（人教版）小学语文一年级下册》带动画,llm_onecall,12657.0,OK,
595,教育,第3轮,有试听课的,educ_search,"{""query"": {""and"": [{""field"": ""title"", ""value"": ""统编版（人教版）小学语文一年级下册""}, {""field"": ""content_type"", ""value"": ""动画""}, {""field"": ""training_objectives"", ""value"": ""试听课""}]}, ""retext"": ""《统编版（人教版）小学语文一年级下册》带动画有试听课""}",《统编版（人教版）小学语文一年级下册》带动画有试听课,llm_onecall,26448.0,OK,
595,教育,第4轮,讲得详细,educ_search,"{""query"": {""and"": [{""field"": ""title"", ""value"": ""统编版（人教版）小学语文一年级下册""}, {""field"": ""content_type"", ""value"": ""动画""}, {""field"": ""training_objectives"", ""value"": ""试听课""}]}, ""retext"": ""《统编版（人教版）小学语文一年级下册》带动画有试听课""}",《统编版（人教版）小学语文一年级下册》带动画有试听课,llm_onecall,29516.3,OK,
595,教育,第5轮,带练习的,educ_fuzzy_search,"{""query"": {""and"": [{""field"": ""title"", ""value"": ""统编版（人教版）小学语文一年级下册""}, {""field"": ""content_type"", ""value"": ""动画""}, {""field"": ""training_objectives"", ""value"": ""试听课""}, {""field"": ""training_objectives"", ""value"": ""练习""}]}, ""retext"": ""《统编版（人教版）小学语文一年级下册》带动画有试听课带练习的""}",《统编版（人教版）小学语文一年级下册》带动画有试听课带练习的,llm_onecall,17393.4,OK,
596,教育,第1轮,有一年级数学的课吗,edu_search,"{""query"": {""and"": [{""field"": ""grade"", ""value"": ""一年级""}, {""field"": ""first_subject"", ""value"": ""数学""}, {""field"": ""k12_category"", ""operator"": ""or"", ""values"": [""同步课"", ""同步拓展课""]}]}}",有一年级数学的课吗,llm_onecall,12494.6,OK,
596,教育,第2轮,有动画演示的,educ_search,"{""query"": {""and"": [{""field"": ""content_type"", ""value"": ""动画""}, {""field"": ""training_objectives"", ""value"": ""一年级数学""}]}, ""retext"": ""有动画演示的一年级数学课""}",有动画演示的一年级数学课,llm_onecall,12396.3,OK,
596,教育,第3轮,动画演示的,educ_search,"{""query"": {""and"": [{""field"": ""content_type"", ""value"": ""动画""}, {""field"": ""training_objectives"", ""value"": ""数学""}]}, ""retext"": ""有动画演示的一年级数学课""}",有动画演示的一年级数学课,llm_onecall,13226.1,OK,
596,教育,第4轮,动画教学,educ_search,"{""query"": {""and"": [{""field"": ""content_type"", ""value"": ""动画""}, {""or"": [{""field"": ""training_objectives"", ""value"": ""教学""}, {""field"": ""children_second_genre"", ""value"": ""教学""}]}]}, ""retext"": ""动画教学""}",动画教学,llm_onecall,26970.0,OK,
596,教育,第5轮,不要会员的,educ_search,"{""query"": {""field"": ""is_fee"", ""value"": ""0""}, ""retext"": ""不要会员的""}",不要会员的,llm_onecall,14120.4,OK,
597,教育,第1轮,有一年级英语的课吗,edu_search,"{""query"": {""and"": [{""field"": ""grade"", ""value"": ""一年级""}, {""field"": ""first_subject"", ""value"": ""英语""}, {""field"": ""k12_category"", ""operator"": ""or"", ""values"": [""同步课"", ""同步拓展课""]}]}}",有一年级英语的课吗,llm_onecall,13005.1,OK,
597,教育,第2轮,有动画演示的,educ_search,"{""query"": {""and"": [{""field"": ""content_type"", ""value"": ""动画""}, {""field"": ""training_objectives"", ""value"": ""英语""}, {""field"": ""age_range"", ""from"": ""6"", ""to"": ""7""}]}, ""retext"": ""有动画演示的一年级英语""}",有动画演示的一年级英语,llm_onecall,13474.5,OK,
597,教育,第3轮,有讲解的,edu_fuzzy_search,"{""retext"": ""有讲解的一年级英语""}",有讲解的一年级英语,llm_onecall,10895.9,OK,
597,教育,第4轮,有试听,edu_fuzzy_search,"{""retext"": ""有试听""}",有试听,llm_onecall,11171.3,OK,
597,教育,第5轮,免费的吗,edu_search,"{""query"": {""and"": [{""field"": ""grade"", ""value"": ""一年级""}, {""field"": ""first_subject"", ""value"": ""英语""}, {""field"": ""is_fee"", ""value"": 0}, {""field"": ""k12_category"", ""operator"": ""or"", ""values"": [""同步课"", ""同步拓展课""]}]}}",有试听的一年级英语是免费的吗,llm_onecall,14829.6,OK,
598,教育,第1轮,有一年级物理的课吗,edu_search,"{""query"": {""and"": [{""field"": ""grade"", ""value"": ""一年级""}, {""field"": ""first_subject"", ""value"": ""物理""}, {""field"": ""k12_category"", ""operator"": ""or"", ""values"": [""同步课"", ""同步拓展课""]}]}}",有一年级物理的课吗,llm_onecall,13712.6,OK,
598,教育,第2轮,动画教学,educ_search,"{""query"": {""and"": [{""field"": ""content_type"", ""value"": ""动画""}, {""or"": [{""field"": ""training_objectives"", ""value"": ""教学""}, {""field"": ""children_second_genre"", ""value"": ""教学""}]}]}, ""retext"": ""动画教学""}",动画教学,llm_onecall,26187.9,OK,
598,教育,第3轮,讲得细的,edu_fuzzy_search,"{""retext"": ""《高中物理必修2预习课（通用版）》讲得细""}",《高中物理必修2预习课（通用版）》讲得细,llm_onecall,14791.6,OK,
598,教育,第4轮,免费的,edu_search,"{""query"": {""and"": [{""field"": ""title"", ""value"": ""高中物理必修2预习课（通用版）""}, {""field"": ""is_fee"", ""value"": 0}, {""field"": ""k12_category"", ""operator"": ""or"", ""values"": [""同步课"", ""同步拓展课""]}]}}",《高中物理必修2预习课（通用版）》免费的,llm_onecall,15322.9,OK,
598,教育,第5轮,不收费的有吗,edu_search,"{""query"": {""and"": [{""field"": ""title"", ""value"": ""高中物理必修2预习课（通用版）""}, {""field"": ""is_fee"", ""value"": 0}, {""field"": ""k12_category"", ""operator"": ""or"", ""values"": [""同步课"", ""同步拓展课""]}]}}",《高中物理必修2预习课（通用版）》免费的有吗,llm_onecall,16243.5,OK,
599,教育,第1轮,有一年级化学的课吗,edu_search,"{""query"": {""and"": [{""field"": ""grade"", ""value"": ""一年级""}, {""field"": ""first_subject"", ""value"": ""化学""}, {""field"": ""k12_category"", ""operator"": ""or"", ""values"": [""同步课"", ""同步拓展课""]}]}}",有一年级化学的课吗,llm_onecall,13808.3,OK,
599,教育,第2轮,讲得细的,edu_search,"{""query"": {""and"": [{""field"": ""figures"", ""value"": ""高中""}, {""field"": ""first_subject"", ""value"": ""化学""}, {""field"": ""k12_category"", ""operator"": ""or"", ""values"": [""同步课"", ""同步拓展课""]}]}}",《高中化学选修》,llm_onecall,12761.3,OK,
599,教育,第3轮,动画演示的,educ_search,"{""query"": {""and"": [{""field"": ""title"", ""value"": ""高中化学选修""}, {""field"": ""content_type"", ""value"": ""动画""}]}, ""retext"": ""《高中化学选修》动画演示""}",《高中化学选修》动画演示,llm_onecall,13699.4,OK,
599,教育,第4轮,讲得详细,educ_search,"{""query"": {""and"": [{""field"": ""title"", ""value"": ""高中化学选修""}, {""field"": ""content_type"", ""value"": ""动画""}]}, ""retext"": ""《高中化学选修》动画演示""}",《高中化学选修》动画演示,llm_onecall,26481.4,OK,
599,教育,第5轮,动画教学,educ_search,"{""query"": {""and"": [{""field"": ""title"", ""value"": ""高中化学选修""}, {""field"": ""content_type"", ""value"": ""动画""}]}, ""retext"": ""《高中化学选修》动画教学""}",《高中化学选修》动画教学,llm_onecall,16640.4,OK,
6,影视,第1轮,有哪些悬疑美剧,fan_knowledge_agent,"{""messages"": [{""content"": ""有哪些悬疑美剧"", ""role"": ""user""}], ""riskRespStrategy"": ""all_replace"", ""sceneTypeIntentList"": [{""sceneType"": ""video""}]}",有哪些悬疑美剧,general_rule,22911.0,OK,
6,影视,第2轮,有中文字幕版,vod_search_all,"{""action"": ""search"", ""query"": {""and"": [{""field"": ""language"", ""value"": ""普通话""}, {""field"": ""category"", ""value"": ""电视剧""}, {""field"": ""tag"", ""value"": ""悬疑""}]}, ""retext"": ""有中文字幕的悬疑美剧""}",有中文字幕的悬疑美剧,fallback,19216.2,OK,
6,影视,第3轮,已完结的,vod_search_all,"{""action"": ""search"", ""query"": {""and"": [{""field"": ""area"", ""value"": ""美国""}, {""field"": ""language"", ""value"": ""中文字幕""}, {""field"": ""category"", ""value"": ""电视剧""}, {""field"": ""tag"", ""value"": ""悬疑""}, {""field"": ""is_over"", ""value"": ""1""}]}, ""retext"": ""有中文字幕的悬疑美剧已完结的""}",有中文字幕的悬疑美剧已完结的,llm_onecall,16413.5,OK,
6,影视,第4轮,有中文字幕,vod_search_all,"{""action"": ""search"", ""query"": {""and"": [{""field"": ""area"", ""value"": ""美国""}, {""field"": ""category"", ""value"": ""电视剧""}, {""field"": ""tag"", ""value"": ""悬疑""}, {""field"": ""is_over"", ""value"": ""1""}]}, ""retext"": ""有中文字幕的悬疑美剧已完结的""}",有中文字幕的悬疑美剧已完结的,llm_onecall,15781.9,OK,
6,影视,第5轮,完结的有没有,vod_search_all,"{""action"": ""search"", ""query"": {""and"": [{""field"": ""area"", ""value"": ""美国""}, {""field"": ""language"", ""value"": ""中文字幕""}, {""field"": ""tag"", ""value"": ""悬疑""}, {""field"": ""is_over"", ""value"": ""1""}]}, ""retext"": ""有中文字幕的悬疑美剧已完结的""}",有中文字幕的悬疑美剧已完结的,llm_onecall,16691.7,OK,
60,影视,第1轮,放几部真人秀综艺,vod_search,"{""action"": ""play"", ""query"": {""and"": [{""field"": ""category"", ""value"": ""综艺""}, {""field"": ""tag"", ""value"": ""真人秀""}]}, ""retext"": ""放几部真人秀综艺""}",放几部真人秀综艺,llm_onecall,13729.8,OK,
60,影视,第2轮,挑战类的,vod_search,"{""action"": ""play"", ""query"": {""and"": [{""field"": ""category"", ""value"": ""综艺""}, {""field"": ""tag"", ""value"": ""挑战""}, {""field"": ""tag"", ""value"": ""真人秀""}]}, ""retext"": ""放挑战类真人秀综艺""}",放挑战类真人秀综艺,llm_onecall,14286.7,OK,
60,影视,第3轮,明星多的,vod_search,"{""action"": ""play"", ""query"": {""and"": [{""field"": ""category"", ""value"": ""综艺""}, {""field"": ""tag"", ""value"": ""挑战""}]}, ""retext"": ""放明星多的挑战类真人秀综艺""}",放明星多的挑战类真人秀综艺,llm_onecall,17170.1,OK,
60,影视,第4轮,每周六更的,vod_search,"{""action"": ""play"", ""query"": {""and"": [{""field"": ""category"", ""value"": ""综艺""}, {""field"": ""tag"", ""value"": ""挑战""}, {""field"": ""tag"", ""value"": ""真人秀""}]}, ""retext"": ""放每周六更新的明星多的挑战类真人秀综艺"", ""sort"": {""new"": {""order"": ""desc""}}}",放每周六更新的明星多的挑战类真人秀综艺,llm_onecall,19925.1,OK,
60,影视,第5轮,不用会员能看吗,vod_search,"{""action"": ""search"", ""query"": {""field"": ""is_fee"", ""value"": ""0""}, ""retext"": ""不用会员能看吗""}",不用会员能看吗,llm_onecall,17830.6,OK,
600,教育,第1轮,有二年级语文的课吗,edu_search,"{""query"": {""and"": [{""field"": ""figures"", ""value"": ""小学""}, {""field"": ""grade"", ""value"": ""二年级""}, {""field"": ""first_subject"", ""value"": ""语文""}, {""field"": ""k12_category"", ""operator"": ""or"", ""values"": [""同步课"", ""同步拓展课""]}]}}",有二年级语文的课吗,llm_onecall,14530.6,OK,
600,教育,第2轮,有讲解的,edu_search,"{""query"": {""and"": [{""field"": ""grade"", ""value"": ""二年级""}, {""field"": ""semester"", ""value"": ""下半学期""}, {""field"": ""first_subject"", ""value"": ""语文""}, {""field"": ""k12_category"", ""operator"": ""or"", ""values"": [""同步课"", ""同步拓展课""]}]}}",《二年级语文(下)》有讲解的,llm_onecall,13153.1,OK,
600,教育,第3轮,有老师讲解的,edu_search,"{""query"": {""and"": [{""field"": ""grade"", ""value"": ""二年级""}, {""field"": ""semester"", ""value"": ""下半学期""}, {""field"": ""first_subject"", ""value"": ""语文""}, {""field"": ""k12_category"", ""operator"": ""or"", ""values"": [""同步课"", ""同步拓展课""]}]}}",《二年级语文(下)》有老师讲解的,llm_onecall,15476.3,OK,
600,教育,第4轮,有体验课,edu_search,"{""query"": {""and"": [{""field"": ""grade"", ""value"": ""二年级""}, {""field"": ""semester"", ""value"": ""下半学期""}, {""field"": ""first_subject"", ""value"": ""语文""}, {""field"": ""k12_category"", ""operator"": ""or"", ""values"": [""同步课"", ""同步拓展课""]}]}}",《二年级语文(下)》有体验课,llm_onecall,16242.5,OK,
600,教育,第5轮,带练习的,edu_search,"{""query"": {""and"": [{""field"": ""grade"", ""value"": ""二年级""}, {""field"": ""semester"", ""value"": ""下半学期""}, {""field"": ""first_subject"", ""value"": ""语文""}, {""field"": ""k12_category"", ""operator"": ""or"", ""values"": [""同步课"", ""同步拓展课""]}]}}",《二年级语文(下)》带练习的,llm_onecall,17225.5,OK,
601,教育,第1轮,有二年级数学的课吗,edu_search,"{""query"": {""and"": [{""field"": ""grade"", ""value"": ""二年级""}, {""field"": ""first_subject"", ""value"": ""数学""}, {""field"": ""k12_category"", ""operator"": ""or"", ""values"": [""同步课"", ""同步拓展课""]}]}}",有二年级数学的课吗,llm_onecall,14733.2,OK,
601,教育,第2轮,要免费的有没有,edu_search,"{""query"": {""and"": [{""field"": ""grade"", ""value"": ""二年级""}, {""field"": ""first_subject"", ""value"": ""数学""}, {""field"": ""is_fee"", ""value"": 0}, {""field"": ""k12_category"", ""operator"": ""or"", ""values"": [""同步课"", ""同步拓展课""]}]}}",有免费的二年级数学课程,llm_onecall,12834.5,OK,
601,教育,第3轮,有体验课,edu_search,"{""query"": {""and"": [{""field"": ""grade"", ""value"": ""二年级""}, {""field"": ""first_subject"", ""value"": ""数学""}, {""field"": ""is_fee"", ""value"": 0}, {""field"": ""k12_category"", ""operator"": ""or"", ""values"": [""同步课"", ""同步拓展课""]}]}}",有免费的二年级数学课程的体验课,llm_onecall,15551.1,OK,
601,教育,第4轮,不收费的有吗,edu_search,"{""query"": {""and"": [{""field"": ""figures"", ""value"": ""小学""}, {""field"": ""grade"", ""value"": ""二年级""}, {""field"": ""first_subject"", ""value"": ""数学""}, {""field"": ""is_fee"", ""value"": 0}, {""field"": ""k12_category"", ""operator"": ""or"", ""values"": [""同步课"", ""同步拓展课""]}]}}",有免费的二年级数学课程的体验课吗,llm_onecall,15075.9,OK,
601,教育,第5轮,有试听课的,edu_fuzzy_search,"{""retext"": ""有试听课的""}",有试听课的,llm_onecall,14796.3,OK,
602,教育,第1轮,有二年级物理的课吗,edu_search,"{""query"": {""and"": [{""field"": ""grade"", ""value"": ""二年级""}, {""field"": ""first_subject"", ""value"": ""物理""}, {""field"": ""k12_category"", ""operator"": ""or"", ""values"": [""同步课"", ""同步拓展课""]}]}}",有二年级物理的课吗,llm_onecall,14070.1,OK,
602,教育,第2轮,能试听的,edu_search,"{""query"": {""and"": [{""field"": ""title"", ""value"": ""高中物理必修2预习课（通用版）""}, {""field"": ""k12_category"", ""operator"": ""or"", ""values"": [""同步课"", ""同步拓展课""]}]}}",试听《高中物理必修2预习课（通用版）》,llm_onecall,13477.7,OK,
602,教育,第3轮,免费的吗,edu_search,"{""query"": {""and"": [{""field"": ""title"", ""value"": ""《高中物理必修2预习课（通用版）》""}, {""field"": ""is_fee"", ""value"": 0}, {""field"": ""k12_category"", ""operator"": ""or"", ""values"": [""同步课"", ""同步拓展课""]}]}}",《高中物理必修2预习课（通用版）》是免费的吗,llm_onecall,15612.2,OK,
602,教育,第4轮,有老师带的那种,edu_fuzzy_search,"{""retext"": ""《高中物理必修2预习课（通用版）》有老师带的那种""}",《高中物理必修2预习课（通用版）》有老师带的那种,llm_onecall,14718.8,OK,
602,教育,第5轮,有试听,edu_search,"{""query"": {""and"": [{""field"": ""title"", ""value"": ""高中物理必修2预习课（通用版）""}, {""field"": ""k12_category"", ""operator"": ""or"", ""values"": [""同步课"", ""同步拓展课""]}]}}",试听《高中物理必修2预习课（通用版）》,llm_onecall,17226.7,OK,
603,教育,第1轮,有二年级化学的课吗,edu_search,"{""query"": {""and"": [{""field"": ""grade"", ""value"": ""二年级""}, {""field"": ""first_subject"", ""value"": ""化学""}, {""field"": ""k12_category"", ""operator"": ""or"", ""values"": [""同步课"", ""同步拓展课""]}]}}",有二年级化学的课吗,llm_onecall,14186.3,OK,
603,教育,第2轮,有作业,edu_fuzzy_search,"{""retext"": ""《高中化学选修》的作业""}",《高中化学选修》的作业,llm_onecall,12283.0,OK,
603,教育,第3轮,讲得详细,edu_fuzzy_search,"{""retext"": ""《高中化学选修》的作业讲得详细""}",《高中化学选修》的作业讲得详细,llm_onecall,14078.7,OK,
603,教育,第4轮,有试听,edu_fuzzy_search,"{""retext"": ""《高中化学选修》的作业讲得详细""}",《高中化学选修》的作业讲得详细,llm_onecall,15052.3,OK,
603,教育,第5轮,有试听课的,edu_fuzzy_search,"{""retext"": ""有试听课的""}",有试听课的,llm_onecall,15844.2,OK,
604,教育,第1轮,有三年级语文的课吗,edu_search,"{""query"": {""and"": [{""field"": ""grade"", ""value"": ""三年级""}, {""field"": ""first_subject"", ""value"": ""语文""}, {""field"": ""k12_category"", ""operator"": ""or"", ""values"": [""同步课"", ""同步拓展课""]}]}}",有三年级语文的课吗,llm_onecall,14151.8,OK,
604,教育,第2轮,细讲,edu_search,"{""query"": {""and"": [{""field"": ""figures"", ""value"": ""小学""}, {""field"": ""grade"", ""value"": ""三年级""}, {""field"": ""first_subject"", ""value"": ""语文""}, {""field"": ""material_version"", ""value"": ""统编版""}, {""field"": ""semester"", ""value"": ""上半学期""}, {""field"": ""k12_category"", ""operator"": ""or"", ""values"": [""同步课"", ""同步拓展课""]}]}}",《统编版（人教版）小学语文三年级上册（五四制）》,llm_onecall,16068.3,OK,
604,教育,第3轮,免费的,edu_search,"{""query"": {""and"": [{""field"": ""figures"", ""value"": ""小学""}, {""field"": ""grade"", ""value"": ""三年级""}, {""field"": ""first_subject"", ""value"": ""语文""}, {""field"": ""material_version"", ""value"": ""统编版""}, {""field"": ""semester"", ""value"": ""上半学期""}, {""field"": ""is_fee"", ""value"": 0}, {""field"": ""k12_category"", ""operator"": ""or"", ""values"": [""同步课"", ""同步拓展课""]}]}}",《统编版（人教版）小学语文三年级上册（五四制）》免费的,llm_onecall,16539.0,OK,
604,教育,第4轮,不收费的有吗,edu_search,"{""query"": {""and"": [{""field"": ""figures"", ""value"": ""小学""}, {""field"": ""grade"", ""value"": ""三年级""}, {""field"": ""first_subject"", ""value"": ""语文""}, {""field"": ""material_version"", ""value"": ""统编版""}, {""field"": ""semester"", ""value"": ""上半学期""}, {""field"": ""is_fee"", ""value"": 0}, {""field"": ""k12_category"", ""operator"": ""or"", ""values"": [""同步课"", ""同步拓展课""]}]}}",《统编版（人教版）小学语文三年级上册（五四制）》不收费的有吗,llm_onecall,17029.3,OK,
604,教育,第5轮,不要会员的有没有,edu_search,"{""query"": {""and"": [{""field"": ""figures"", ""value"": ""小学""}, {""field"": ""grade"", ""value"": ""三年级""}, {""field"": ""first_subject"", ""value"": ""语文""}, {""field"": ""material_version"", ""value"": ""统编版""}, {""field"": ""semester"", ""value"": ""上半学期""}, {""field"": ""is_fee"", ""value"": 0}, {""field"": ""k12_category"", ""operator"": ""or"", ""values"": [""同步课"", ""同步拓展课""]}]}}",《统编版（人教版）小学语文三年级上册（五四制）》不要会员的有没有,llm_onecall,17483.5,OK,
605,教育,第1轮,有三年级数学的课吗,edu_search,"{""query"": {""and"": [{""field"": ""grade"", ""value"": ""三年级""}, {""field"": ""first_subject"", ""value"": ""数学""}, {""field"": ""k12_category"", ""operator"": ""or"", ""values"": [""同步课"", ""同步拓展课""]}]}}",有三年级数学的课吗,llm_onecall,14164.5,OK,
605,教育,第2轮,有动画演示的,educ_search,"{""query"": {""and"": [{""field"": ""content_type"", ""value"": ""动画""}, {""field"": ""training_objectives"", ""value"": ""数学""}, {""field"": ""age_range"", ""from"": ""8"", ""to"": ""9""}]}, ""retext"": ""有动画演示的三年级数学课程""}",有动画演示的三年级数学课程,llm_onecall,13493.5,OK,
605,教育,第3轮,细讲,educ_search,"{""query"": {""and"": [{""field"": ""content_type"", ""value"": ""动画""}, {""field"": ""training_objectives"", ""value"": ""数学""}, {""field"": ""age_range"", ""from"": ""8"", ""to"": ""9""}]}, ""retext"": ""有动画演示的三年级数学课程""}",有动画演示的三年级数学课程,llm_onecall,15340.7,OK,
605,教育,第4轮,讲得细的,educ_search,"{""query"": {""and"": [{""field"": ""content_type"", ""value"": ""动画""}, {""field"": ""training_objectives"", ""value"": ""数学""}, {""field"": ""age_range"", ""from"": ""8"", ""to"": ""9""}]}, ""retext"": ""有动画演示的三年级数学课程讲得细的""}",有动画演示的三年级数学课程讲得细的,llm_onecall,15525.8,OK,
605,教育,第5轮,讲得详细,educ_search,"{""query"": {""and"": [{""field"": ""content_type"", ""value"": ""动画""}, {""field"": ""training_objectives"", ""value"": ""数学""}, {""field"": ""age_range"", ""from"": ""8"", ""to"": ""9""}]}, ""retext"": ""有动画演示的三年级数学课程讲得细的""}",有动画演示的三年级数学课程讲得细的,llm_onecall,16039.1,OK,
606,教育,第1轮,有三年级英语的课吗,edu_search,"{""query"": {""and"": [{""field"": ""grade"", ""value"": ""三年级""}, {""field"": ""first_subject"", ""value"": ""英语""}, {""field"": ""k12_category"", ""operator"": ""or"", ""values"": [""同步课"", ""同步拓展课""]}]}}",有三年级英语的课吗,llm_onecall,13293.4,OK,
606,教育,第2轮,有作业,edu_fuzzy_search,"{""retext"": ""《三年级上同步精讲课》的作业""}",《三年级上同步精讲课》的作业,llm_onecall,12769.2,OK,
606,教育,第3轮,免费的,edu_search,"{""query"": {""and"": [{""field"": ""grade"", ""value"": ""三年级""}, {""field"": ""semester"", ""value"": ""上半学期""}, {""field"": ""is_fee"", ""value"": 0}, {""field"": ""k12_category"", ""operator"": ""or"", ""values"": [""同步课"", ""同步拓展课""]}]}}",《三年级上同步精讲课》免费的,llm_onecall,15443.4,OK,
606,教育,第4轮,免费的有没有,edu_search,"{""query"": {""and"": [{""field"": ""grade"", ""value"": ""三年级""}, {""field"": ""semester"", ""value"": ""上半学期""}, {""field"": ""is_fee"", ""value"": 0}, {""field"": ""k12_category"", ""operator"": ""or"", ""values"": [""同步课"", ""同步拓展课""]}]}}",《三年级上同步精讲课》免费的,llm_onecall,15359.5,OK,
606,教育,第5轮,细讲,edu_search,"{""query"": {""and"": [{""field"": ""grade"", ""value"": ""三年级""}, {""field"": ""semester"", ""value"": ""上半学期""}, {""field"": ""is_fee"", ""value"": 0}, {""field"": ""k12_category"", ""operator"": ""or"", ""values"": [""同步课"", ""同步拓展课""]}]}}",《三年级上同步精讲课》免费的,llm_onecall,17039.4,OK,
607,教育,第1轮,有三年级物理的课吗,edu_search,"{""query"": {""and"": [{""field"": ""grade"", ""value"": ""三年级""}, {""field"": ""first_subject"", ""value"": ""物理""}, {""field"": ""k12_category"", ""operator"": ""or"", ""values"": [""同步课"", ""同步拓展课""]}]}}",有三年级物理的课吗,llm_onecall,13068.1,OK,
607,教育,第2轮,带老师讲的,edu_search,"{""query"": {""and"": [{""field"": ""figures"", ""value"": ""高中""}, {""field"": ""first_subject"", ""value"": ""物理""}, {""field"": ""k12_category"", ""operator"": ""or"", ""values"": [""同步课"", ""同步拓展课""]}]}}",《高中物理必修2预习课（通用版）》,llm_onecall,14459.5,OK,
607,教育,第3轮,不收费的有吗,edu_search,"{""query"": {""and"": [{""field"": ""title"", ""value"": ""高中物理必修2预习课（通用版）""}, {""field"": ""is_fee"", ""value"": 0}, {""field"": ""k12_category"", ""operator"": ""or"", ""values"": [""同步课"", ""同步拓展课""]}]}}",《高中物理必修2预习课（通用版）》不收费的有吗,llm_onecall,16756.3,OK,
607,教育,第4轮,动画演示的,educ_search,"{""query"": {""and"": [{""field"": ""title"", ""value"": ""高中物理必修2预习课（通用版）""}, {""field"": ""content_type"", ""value"": ""动画""}]}, ""retext"": ""《高中物理必修2预习课（通用版）》动画演示的""}",《高中物理必修2预习课（通用版）》动画演示的,llm_onecall,16393.4,OK,
607,教育,第5轮,要带动画,educ_search,"{""query"": {""and"": [{""field"": ""title"", ""value"": ""高中物理必修2预习课（通用版）""}, {""field"": ""content_type"", ""value"": ""动画""}]}, ""retext"": ""《高中物理必修2预习课（通用版）》动画演示的""}",《高中物理必修2预习课（通用版）》动画演示的,llm_onecall,17784.7,OK,
608,教育,第1轮,有三年级化学的课吗,edu_search,"{""query"": {""and"": [{""field"": ""grade"", ""value"": ""三年级""}, {""field"": ""first_subject"", ""value"": ""化学""}, {""field"": ""k12_category"", ""operator"": ""or"", ""values"": [""同步课"", ""同步拓展课""]}]}}",有三年级化学的课吗,llm_onecall,14037.5,OK,
608,教育,第2轮,有试听,edu_search,"{""query"": {""and"": [{""field"": ""figures"", ""value"": ""高中""}, {""field"": ""first_subject"", ""value"": ""化学""}, {""field"": ""k12_category"", ""operator"": ""or"", ""values"": [""同步课"", ""同步拓展课""]}]}}",试听《高中化学选修》,llm_onecall,13703.4,OK,
608,教育,第3轮,有讲解的,edu_fuzzy_search,"{""retext"": ""有讲解的高中化学选修""}",有讲解的高中化学选修,llm_onecall,13776.9,OK,
608,教育,第4轮,有老师讲解的,edu_search,"{""query"": {""and"": [{""field"": ""figures"", ""value"": ""高中""}, {""field"": ""first_subject"", ""value"": ""化学""}, {""field"": ""k12_category"", ""operator"": ""or"", ""values"": [""同步课"", ""同步拓展课""]}]}}",有老师讲解的高中化学选修,llm_onecall,15898.1,OK,
608,教育,第5轮,有体验课,edu_fuzzy_search,"{""retext"": ""有体验课""}",有体验课,llm_onecall,15064.3,OK,
609,教育,第1轮,有四年级语文的课吗,edu_search,"{""query"": {""and"": [{""field"": ""grade"", ""value"": ""四年级""}, {""field"": ""first_subject"", ""value"": ""语文""}, {""field"": ""k12_category"", ""operator"": ""or"", ""values"": [""同步课"", ""同步拓展课""]}]}}",有四年级语文的课吗,llm_onecall,13222.2,OK,
609,教育,第2轮,不要钱的,edu_search,"{""query"": {""and"": [{""field"": ""grade"", ""value"": ""四年级""}, {""field"": ""first_subject"", ""value"": ""语文""}, {""field"": ""is_fee"", ""value"": 0}, {""field"": ""k12_category"", ""operator"": ""or"", ""values"": [""同步课"", ""同步拓展课""]}]}}",不要钱的四年级语文课程,llm_onecall,14535.3,OK,
609,教育,第3轮,讲得详细,edu_search,"{""query"": {""and"": [{""field"": ""grade"", ""value"": ""四年级""}, {""field"": ""first_subject"", ""value"": ""语文""}, {""field"": ""is_fee"", ""value"": 0}, {""field"": ""k12_category"", ""operator"": ""or"", ""values"": [""同步课"", ""同步拓展课""]}]}}",不要钱的四年级语文课程,llm_onecall,15616.7,OK,
609,教育,第4轮,带动画,educ_search,"{""query"": {""and"": [{""field"": ""title"", ""value"": ""语文""}, {""field"": ""content_type"", ""value"": ""动画""}, {""field"": ""is_fee"", ""value"": ""0""}, {""field"": ""age_range"", ""from"": ""9"", ""to"": ""10""}]}, ""retext"": ""不要钱的四年级语文课程带动画""}",不要钱的四年级语文课程带动画,llm_onecall,17198.0,OK,
609,教育,第5轮,有练习题,edu_fuzzy_search,"{""retext"": ""有练习题""}",有练习题,llm_onecall,13476.1,OK,
61,影视,第1轮,我想看脱口秀节目,vod_search,"{""action"": ""search"", ""query"": {""and"": [{""field"": ""category"", ""value"": ""综艺""}, {""field"": ""tag"", ""value"": ""脱口秀""}]}, ""retext"": ""我想看脱口秀节目""}",我想看脱口秀节目,llm_onecall,12597.6,OK,
61,影视,第2轮,单口喜剧的,,,,,,ERR,TimeoutError: timed out
61,影视,第3轮,要有字幕的,vod_search,"{""action"": ""search"", ""query"": {""and"": [{""field"": ""tag"", ""value"": ""单口喜剧""}, {""field"": ""tag"", ""value"": ""字幕""}]}, ""retext"": ""我想看有字幕的单口喜剧""}",我想看有字幕的单口喜剧,llm_onecall,33901.0,OK,
61,影视,第4轮,高分的有没有,vod_search,"{""action"": ""search"", ""query"": {""and"": [{""field"": ""tag"", ""value"": ""单口喜剧""}, {""field"": ""tag"", ""value"": ""有字幕""}]}, ""retext"": ""我想看有字幕的高分单口喜剧"", ""sort"": {""rate"": {""order"": ""desc""}}}",我想看有字幕的高分单口喜剧,llm_onecall,32645.0,OK,
61,影视,第5轮,不用会员能看吗,vod_search,"{""action"": ""search"", ""query"": {""field"": ""is_fee"", ""value"": ""0""}, ""retext"": ""不用会员能看吗""}",不用会员能看吗,llm_onecall,15332.9,OK,
610,教育,第1轮,有五年级数学的课吗,edu_search,"{""query"": {""and"": [{""field"": ""grade"", ""value"": ""五年级""}, {""field"": ""first_subject"", ""value"": ""数学""}, {""field"": ""k12_category"", ""operator"": ""or"", ""values"": [""同步课"", ""同步拓展课""]}]}}",有五年级数学的课吗,llm_onecall,14085.9,OK,
610,教育,第2轮,有讲解的,edu_search,"{""query"": {""and"": [{""field"": ""grade"", ""value"": ""五年级""}, {""field"": ""semester"", ""value"": ""上半学期""}, {""field"": ""k12_category"", ""operator"": ""or"", ""values"": [""同步课"", ""同步拓展课""]}]}}",《五年级上同步精讲课》有讲解,llm_onecall,14009.3,OK,
610,教育,第3轮,有作业,edu_search,"{""query"": {""and"": [{""field"": ""grade"", ""value"": ""五年级""}, {""field"": ""semester"", ""value"": ""上半学期""}, {""field"": ""k12_category"", ""operator"": ""or"", ""values"": [""同步课"", ""同步拓展课""]}]}}",《五年级上同步精讲课》有作业,llm_onecall,15391.4,OK,
610,教育,第4轮,带动画,educ_search,"{""query"": {""and"": [{""field"": ""title"", ""value"": ""五年级上同步精讲课""}, {""field"": ""content_type"", ""value"": ""动画""}]}, ""retext"": ""《五年级上同步精讲课》有动画""}",《五年级上同步精讲课》有动画,llm_onecall,16274.5,OK,
610,教育,第5轮,免费的,edu_search,"{""query"": {""and"": [{""field"": ""grade"", ""value"": ""五年级""}, {""field"": ""semester"", ""value"": ""上半学期""}, {""field"": ""is_fee"", ""value"": 0}, {""field"": ""k12_category"", ""operator"": ""or"", ""values"": [""同步课"", ""同步拓展课""]}]}}",《五年级上同步精讲课》是免费的,llm_onecall,15773.1,OK,
611,教育,第1轮,有初一语文的课吗,edu_search,"{""query"": {""and"": [{""field"": ""grade"", ""value"": ""七年级""}, {""field"": ""first_subject"", ""value"": ""语文""}, {""field"": ""k12_category"", ""operator"": ""or"", ""values"": [""同步课"", ""同步拓展课""]}]}}",有初一语文的课吗,llm_onecall,12877.9,OK,
611,教育,第2轮,讲得细一点的,edu_search,"{""query"": {""and"": [{""field"": ""grade"", ""value"": ""七年级""}, {""field"": ""semester"", ""value"": ""下半学期""}, {""field"": ""first_subject"", ""value"": ""语文""}, {""field"": ""k12_category"", ""operator"": ""or"", ""values"": [""同步课"", ""同步拓展课""]}]}}",《初一语文下同步专题》,llm_onecall,15749.5,OK,
611,教育,第3轮,细讲,edu_fuzzy_search,"{""retext"": ""细讲《初一语文下同步专题》""}",细讲《初一语文下同步专题》,llm_onecall,14010.8,OK,
611,教育,第4轮,动画演示的,edu_fuzzy_search,"{""retext"": ""细讲《初一语文下同步专题》""}",细讲《初一语文下同步专题》,llm_onecall,15916.7,OK,
611,教育,第5轮,有练习题的那种,edu_fuzzy_search,"{""retext"": ""有练习题的《初一语文下同步专题》""}",有练习题的《初一语文下同步专题》,llm_onecall,14789.3,OK,
612,教育,第1轮,有初一英语的课吗,edu_search,"{""query"": {""and"": [{""field"": ""grade"", ""value"": ""七年级""}, {""field"": ""first_subject"", ""value"": ""英语""}, {""field"": ""k12_category"", ""operator"": ""or"", ""values"": [""同步课"", ""同步拓展课""]}]}}",有初一英语的课吗,llm_onecall,13955.5,OK,
612,教育,第2轮,不要钱的有没有,edu_search,"{""query"": {""and"": [{""field"": ""grade"", ""value"": ""七年级""}, {""field"": ""first_subject"", ""value"": ""英语""}, {""field"": ""is_fee"", ""value"": 0}, {""field"": ""k12_category"", ""operator"": ""or"", ""values"": [""同步课"", ""同步拓展课""]}]}}",有初一英语的免费课程吗,llm_onecall,15694.8,OK,
612,教育,第3轮,能试听的,edu_search,"{""query"": {""and"": [{""field"": ""grade"", ""value"": ""七年级""}, {""field"": ""first_subject"", ""value"": ""英语""}, {""field"": ""is_fee"", ""value"": 0}, {""field"": ""k12_category"", ""operator"": ""or"", ""values"": [""同步课"", ""同步拓展课""]}]}}",有初一英语的免费课程可以试听吗,llm_onecall,14934.7,OK,
612,教育,第4轮,有试听课的,edu_search,"{""query"": {""and"": [{""field"": ""grade"", ""value"": ""七年级""}, {""field"": ""first_subject"", ""value"": ""英语""}, {""field"": ""is_fee"", ""value"": 0}, {""field"": ""k12_category"", ""operator"": ""or"", ""values"": [""同步课"", ""同步拓展课""]}]}}",有初一英语的免费课程可以试听吗,llm_onecall,17850.4,OK,
612,教育,第5轮,动画演示的,edu_search,"{""query"": {""and"": [{""field"": ""grade"", ""value"": ""七年级""}, {""field"": ""first_subject"", ""value"": ""英语""}, {""field"": ""is_fee"", ""value"": 0}, {""field"": ""k12_category"", ""operator"": ""or"", ""values"": [""同步课"", ""同步拓展课""]}]}}",有初一英语的免费课程可以试听吗,llm_onecall,15132.1,OK,
613,教育,第1轮,有初二数学的课吗,edu_search,"{""query"": {""and"": [{""field"": ""grade"", ""value"": ""八年级""}, {""field"": ""first_subject"", ""value"": ""数学""}, {""field"": ""k12_category"", ""operator"": ""or"", ""values"": [""同步课"", ""同步拓展课""]}]}}",有初二数学的课吗,llm_onecall,14794.3,OK,
613,教育,第2轮,有作业,edu_fuzzy_search,"{""retext"": ""《（北师大版）八年级数学上同步提高》的作业""}",《（北师大版）八年级数学上同步提高》的作业,llm_onecall,14971.3,OK,
613,教育,第3轮,有体验课,edu_fuzzy_search,"{""retext"": ""有体验课""}",有体验课,llm_onecall,14559.8,OK,
613,教育,第4轮,要讲得详细,edu_fuzzy_search,"{""retext"": ""《（北师大版）八年级数学上同步提高》的作业""}",《（北师大版）八年级数学上同步提高》的作业,llm_onecall,15582.7,OK,
613,教育,第5轮,免费的吗,edu_search,"{""query"": {""and"": [{""field"": ""figures"", ""value"": ""初中""}, {""field"": ""grade"", ""value"": ""八年级""}, {""field"": ""semester"", ""value"": ""上半学期""}, {""field"": ""first_subject"", ""value"": ""数学""}, {""field"": ""material_version"", ""value"": ""北师大版""}, {""field"": ""is_fee"", ""value"": 0}, {""field"": ""k12_category"", ""operator"": ""or"", ""values"": [""同步课"", ""同步拓展课""]}]}}",《（北师大版）八年级数学上同步提高》的作业免费吗,llm_onecall,15416.4,OK,
614,教育,第1轮,有初二英语的课吗,edu_search,"{""query"": {""and"": [{""field"": ""grade"", ""value"": ""八年级""}, {""field"": ""first_subject"", ""value"": ""英语""}, {""field"": ""k12_category"", ""operator"": ""or"", ""values"": [""同步课"", ""同步拓展课""]}]}}",有初二英语的课吗,llm_onecall,12844.0,OK,
614,教育,第2轮,带动画,educ_search,"{""query"": {""and"": [{""field"": ""title"", ""value"": ""初二英语课""}, {""field"": ""content_type"", ""value"": ""动画""}]}, ""retext"": ""带动画的初二英语课""}",带动画的初二英语课,llm_onecall,20512.3,OK,
614,教育,第3轮,免费的吗,educ_search,"{""query"": {""and"": [{""field"": ""title"", ""value"": ""初二英语""}, {""field"": ""content_type"", ""value"": ""动画""}, {""field"": ""is_fee"", ""value"": ""0""}]}, ""retext"": ""带动画的初二英语课是免费的吗""}",带动画的初二英语课是免费的吗,llm_onecall,16004.0,OK,
614,教育,第4轮,有练习题的那种,educ_fuzzy_search,"{""retext"": ""带动画的初二英语课有练习题的那种""}",带动画的初二英语课有练习题的那种,llm_onecall,13915.2,OK,
614,教育,第5轮,有体验课的那种,educ_fuzzy_search,"{""retext"": ""带动画的初二英语课有练习题的那种有体验课的那种""}",带动画的初二英语课有练习题的那种有体验课的那种,llm_onecall,11335.6,OK,
615,教育,第1轮,有初二物理的课吗,edu_search,"{""query"": {""and"": [{""field"": ""grade"", ""value"": ""八年级""}, {""field"": ""first_subject"", ""value"": ""物理""}, {""field"": ""k12_category"", ""operator"": ""or"", ""values"": [""同步课"", ""同步拓展课""]}]}}",有初二物理的课吗,llm_onecall,14364.0,OK,
615,教育,第2轮,有老师带的那种,edu_fuzzy_search,"{""retext"": ""《（人教版）八年级上物理同步提高》有老师带的那种""}",《（人教版）八年级上物理同步提高》有老师带的那种,llm_onecall,14382.5,OK,
615,教育,第3轮,有讲解的,edu_search,"{""query"": {""and"": [{""field"": ""grade"", ""value"": ""八年级""}, {""field"": ""first_subject"", ""value"": ""物理""}, {""field"": ""semester"", ""value"": ""上半学期""}, {""field"": ""material_version"", ""value"": ""人教版""}, {""field"": ""k12_category"", ""operator"": ""or"", ""values"": [""同步课"", ""同步拓展课""]}]}}",《（人教版）八年级上物理同步提高》有讲解,llm_onecall,16147.1,OK,
615,教育,第4轮,讲得细的,edu_fuzzy_search,"{""retext"": ""《（人教版）八年级上物理同步提高》讲得细的""}",《（人教版）八年级上物理同步提高》讲得细的,llm_onecall,15758.9,OK,
615,教育,第5轮,动画教学,educ_search,"{""query"": {""and"": [{""field"": ""title"", ""value"": ""（人教版）八年级上物理同步提高""}, {""field"": ""content_type"", ""value"": ""动画""}]}, ""retext"": ""《（人教版）八年级上物理同步提高》动画教学""}",《（人教版）八年级上物理同步提高》动画教学,llm_onecall,25349.3,OK,
616,教育,第1轮,有初三数学的课吗,edu_search,"{""query"": {""and"": [{""field"": ""grade"", ""value"": ""九年级""}, {""field"": ""first_subject"", ""value"": ""数学""}, {""field"": ""k12_category"", ""operator"": ""or"", ""values"": [""同步课"", ""同步拓展课""]}]}}",有初三数学的课吗,llm_onecall,15264.5,OK,
616,教育,第2轮,有练习题,edu_search,"{""query"": {""and"": [{""field"": ""grade"", ""value"": ""九年级""}, {""field"": ""first_subject"", ""value"": ""数学""}, {""field"": ""k12_category"", ""operator"": ""or"", ""values"": [""同步课"", ""同步拓展课""]}]}}",有初三数学的练习题,llm_onecall,16208.6,OK,
616,教育,第3轮,动画教学,educ_search,"{""query"": {""and"": [{""field"": ""content_type"", ""value"": ""动画""}, {""or"": [{""field"": ""training_objectives"", ""value"": ""教学""}, {""field"": ""children_third_genre"", ""value"": ""教学""}]}]}, ""retext"": ""动画教学""}",动画教学,llm_onecall,29171.0,OK,
616,教育,第4轮,讲得细的,edu_fuzzy_search,"{""retext"": ""《（北师大版）九年级数学上同步提高》讲得细的""}",《（北师大版）九年级数学上同步提高》讲得细的,llm_onecall,12850.0,OK,
616,教育,第5轮,带老师讲的,edu_fuzzy_search,"{""retext"": ""《（北师大版）九年级数学上同步提高》带老师讲的""}",《（北师大版）九年级数学上同步提高》带老师讲的,llm_onecall,9937.9,OK,
617,教育,第1轮,有高三化学的课吗,edu_search,"{""query"": {""and"": [{""field"": ""grade"", ""value"": ""高三""}, {""field"": ""first_subject"", ""value"": ""化学""}, {""field"": ""k12_category"", ""operator"": ""or"", ""values"": [""同步课"", ""同步拓展课""]}]}}",有高三化学的课吗,llm_onecall,14447.8,OK,
617,教育,第2轮,带老师讲的,edu_fuzzy_search,"{""retext"": ""《高考一点通》带老师讲的""}",《高考一点通》带老师讲的,llm_onecall,13990.3,OK,
617,教育,第3轮,有老师讲解的,edu_fuzzy_search,"{""retext"": ""《高考一点通》带老师讲的""}",《高考一点通》带老师讲的,llm_onecall,14255.7,OK,
617,教育,第4轮,细讲的那种,edu_fuzzy_search,"{""retext"": ""《高考一点通》带老师讲的细讲的那种""}",《高考一点通》带老师讲的细讲的那种,llm_onecall,15797.4,OK,
617,教育,第5轮,免费的,edu_fuzzy_search,"{""retext"": ""《高考一点通》带老师讲的细讲的那种免费的""}",《高考一点通》带老师讲的细讲的那种免费的,llm_onecall,12527.4,OK,
618,教育,第1轮,我想看中考复习的视频,edu_fuzzy_search,"{""retext"": ""我想看中考复习的视频""}",我想看中考复习的视频,llm_onecall,13690.3,OK,
618,教育,第2轮,真题讲解的,edu_fuzzy_search,"{""retext"": ""我想看中考复习的真题讲解视频""}",我想看中考复习的真题讲解视频,llm_onecall,14768.8,OK,
618,教育,第3轮,有真题讲解,edu_fuzzy_search,"{""retext"": ""我想看中考复习的真题讲解视频""}",我想看中考复习的真题讲解视频,llm_onecall,15738.7,OK,
618,教育,第4轮,官方的,edu_fuzzy_search,"{""retext"": ""我想看中考复习的真题讲解视频官方的""}",我想看中考复习的真题讲解视频官方的,llm_onecall,14391.9,OK,
618,教育,第5轮,真题那种,edu_fuzzy_search,"{""retext"": ""我想看中考复习的真题讲解视频官方的""}",我想看中考复习的真题讲解视频官方的,llm_onecall,11792.9,OK,
619,教育,第1轮,推荐几部美术课,edu_fuzzy_search,"{""retext"": ""推荐几部美术课""}",推荐几部美术课,llm_onecall,14290.9,OK,
619,教育,第2轮,适合五岁小孩,educ_search,"{""query"": {""and"": [{""field"": ""training_objectives"", ""value"": ""美术""}, {""field"": ""age_range"", ""from"": ""5"", ""to"": ""5""}]}, ""retext"": ""推荐几部适合五岁小孩的美术课""}",推荐几部适合五岁小孩的美术课,llm_onecall,17307.1,OK,
619,教育,第3轮,5岁能学的,educ_search,"{""query"": {""and"": [{""field"": ""training_objectives"", ""value"": ""美术""}, {""field"": ""age_range"", ""from"": ""5"", ""to"": ""5""}]}, ""retext"": ""推荐几部适合五岁小孩的美术课""}",推荐几部适合五岁小孩的美术课,llm_onecall,16526.7,OK,
619,教育,第4轮,适合小学生的有没有,edu_fuzzy_search,"{""retext"": ""适合小学生的有没有""}",适合小学生的有没有,llm_onecall,12161.5,OK,
619,教育,第5轮,要分步演示,demo_control,"{""device"": """", ""location"": """", ""object"": ""《晓鹿老师 小小音乐课》要分步演示"", ""operation"": ""打开"", ""value"": """"}",《晓鹿老师 小小音乐课》要分步演示,llm_onecall,11748.0,OK,
62,影视,第1轮,恐怖片,vod_search,"{""action"": ""search"", ""query"": {""field"": ""tag"", ""value"": ""恐怖""}, ""retext"": ""恐怖片""}",恐怖片,llm_onecall,12489.8,OK,
62,影视,第2轮,微恐的,,,,,,ERR,TimeoutError: timed out
62,影视,第3轮,惊悚悬疑类,vod_search,"{""action"": ""search"", ""query"": {""field"": ""tag"", ""operator"": ""or"", ""values"": [""惊悚"", ""悬疑""]}, ""retext"": ""惊悚悬疑类""}",惊悚悬疑类,llm_onecall,17387.3,OK,
62,影视,第4轮,有国语配音的,vod_search_all,"{""action"": ""search"", ""query"": {""field"": ""language"", ""value"": ""国语""}, ""retext"": ""有国语配音的""}",有国语配音的,llm_onecall,15043.2,OK,
62,影视,第5轮,别太吓人的,vod_search,"{""action"": ""search"", ""query"": {""and"": [{""field"": ""category"", ""value"": ""电影""}, {""field"": ""tag"", ""operator"": ""or"", ""values"": [""惊悚"", ""悬疑"", ""微恐"", ""恐怖""]}]}, ""retext"": ""惊悚悬疑微恐恐怖片""}",惊悚悬疑微恐恐怖片,llm_onecall,32938.6,OK,
620,教育,第1轮,好看的做菜的教学视频,edu_fuzzy_search,"{""retext"": ""好看的做菜的教学视频""}",好看的做菜的教学视频,llm_onecall,13944.0,OK,
620,教育,第2轮,家常菜系,edu_fuzzy_search,"{""retext"": ""家常菜系""}",家常菜系,llm_onecall,13598.1,OK,
620,教育,第3轮,免费的有没有的那种,edu_fuzzy_search,"{""retext"": ""免费的家常菜系做菜的教学视频""}",免费的家常菜系做菜的教学视频,llm_onecall,15966.2,OK,
620,教育,第4轮,不要会员的吗,edu_fuzzy_search,"{""retext"": ""免费的家常菜系做菜的教学视频""}",免费的家常菜系做菜的教学视频,llm_onecall,14485.9,OK,
620,教育,第5轮,每集10分钟内,edu_fuzzy_search,"{""retext"": ""免费的家常菜系做菜的教学视频每集10分钟内""}",免费的家常菜系做菜的教学视频每集10分钟内,llm_onecall,10777.5,OK,
621,教育,第1轮,看看教师资格证考试课,edu_fuzzy_search,"{""retext"": ""看看教师资格证考试课""}",看看教师资格证考试课,llm_onecall,14342.5,OK,
621,教育,第2轮,有练习题,edu_fuzzy_search,"{""retext"": ""看看教师资格证考试课有练习题""}",看看教师资格证考试课有练习题,llm_onecall,13806.0,OK,
621,教育,第3轮,有试听课吗,edu_fuzzy_search,"{""retext"": ""看看教师资格证考试课有试听课""}",看看教师资格证考试课有试听课,llm_onecall,15250.4,OK,
621,教育,第4轮,有课后练习的,edu_fuzzy_search,"{""retext"": ""看看教师资格证考试课有课后练习""}",看看教师资格证考试课有课后练习,llm_onecall,11899.9,OK,
621,教育,第5轮,有试听吗,edu_fuzzy_search,"{""retext"": ""看看教师资格证考试课有试听""}",看看教师资格证考试课有试听,llm_onecall,10009.4,OK,
622,教育,第1轮,有高一数学的课吗,edu_search,"{""query"": {""and"": [{""field"": ""grade"", ""value"": ""高一""}, {""field"": ""first_subject"", ""value"": ""数学""}, {""field"": ""k12_category"", ""operator"": ""or"", ""values"": [""同步课"", ""同步拓展课""]}]}}",有高一数学的课吗,llm_onecall,15172.5,OK,
622,教育,第2轮,讲得细一点的,edu_search,"{""query"": {""and"": [{""field"": ""grade"", ""value"": ""高一""}, {""field"": ""semester"", ""value"": ""上半学期""}, {""field"": ""k12_category"", ""operator"": ""or"", ""values"": [""同步课"", ""同步拓展课""]}]}}",《高一上同步精讲课》,llm_onecall,15959.8,OK,
622,教育,第3轮,有课后练习的,edu_search,"{""query"": {""and"": [{""field"": ""grade"", ""value"": ""高一""}, {""field"": ""first_subject"", ""value"": ""数学""}, {""field"": ""k12_category"", ""operator"": ""or"", ""values"": [""同步课"", ""同步拓展课""]}]}}",有课后练习的高一数学课,llm_onecall,19512.0,OK,
622,教育,第4轮,带老师讲的,edu_search,"{""query"": {""and"": [{""field"": ""grade"", ""value"": ""高一""}, {""field"": ""first_subject"", ""value"": ""数学""}, {""field"": ""k12_category"", ""operator"": ""or"", ""values"": [""同步课"", ""同步拓展课""]}]}}",带老师讲的高一数学课,llm_onecall,15302.6,OK,
622,教育,第5轮,有老师讲解的,edu_fuzzy_search,"{""retext"": ""有老师讲解的高一数学课""}",有老师讲解的高一数学课,llm_onecall,9734.3,OK,
623,教育,第1轮,有什么找沪教版数学的课,edu_search,"{""query"": {""and"": [{""field"": ""material_version"", ""value"": ""沪教版""}, {""field"": ""first_subject"", ""value"": ""数学""}, {""field"": ""k12_category"", ""operator"": ""or"", ""values"": [""同步课"", ""同步拓展课""]}]}}",有什么找沪教版数学的课,llm_onecall,15158.4,OK,
623,教育,第2轮,有老师讲解的,edu_fuzzy_search,"{""retext"": ""有老师讲解的""}",有老师讲解的,llm_onecall,14744.2,OK,
623,教育,第3轮,有练习题,edu_fuzzy_search,"{""retext"": ""有老师讲解的有练习题""}",有老师讲解的有练习题,llm_onecall,14077.0,OK,
623,教育,第4轮,基础篇,edu_fuzzy_search,"{""retext"": ""基础篇""}",基础篇,llm_onecall,10742.6,OK,
623,教育,第5轮,带老师讲的,edu_fuzzy_search,"{""retext"": ""带老师讲的""}",带老师讲的,llm_onecall,9984.2,OK,
624,教育,第1轮,有什么好看的英语口语,edu_fuzzy_search,"{""retext"": ""有什么好看的英语口语""}",有什么好看的英语口语,llm_onecall,13599.2,OK,
624,教育,第2轮,实惠的,edu_fuzzy_search,"{""retext"": ""实惠的英语口语""}",实惠的英语口语,llm_onecall,14136.8,OK,
624,教育,第3轮,外教上的,edu_fuzzy_search,"{""retext"": ""外教上的英语口语""}",外教上的英语口语,llm_onecall,13802.0,OK,
624,教育,第4轮,一对一是吗,edu_fuzzy_search,"{""retext"": ""外教上的英语口语是一对一的吗""}",外教上的英语口语是一对一的吗,llm_onecall,10836.2,OK,
624,教育,第5轮,一对一的,edu_fuzzy_search,"{""retext"": ""外教上的英语口语是一对一的吗""}",外教上的英语口语是一对一的吗,llm_onecall,9900.9,OK,
625,教育,第1轮,放几部中考复习的视频,edu_fuzzy_search,"{""retext"": ""放几部中考复习的视频""}",放几部中考复习的视频,llm_onecall,15075.0,OK,
625,教育,第2轮,权威的,edu_fuzzy_search,"{""retext"": ""权威的中考复习视频""}",权威的中考复习视频,llm_onecall,14164.2,OK,
625,教育,第3轮,全学科,edu_fuzzy_search,"{""retext"": ""权威的中考复习视频全学科""}",权威的中考复习视频全学科,llm_onecall,10654.3,OK,
625,教育,第4轮,鲁教版,edu_fuzzy_search,"{""retext"": ""权威的中考复习视频全学科鲁教版""}",权威的中考复习视频全学科鲁教版,llm_onecall,10522.0,OK,
625,教育,第5轮,权威标准的,edu_fuzzy_search,"{""retext"": ""权威标准的中考复习视频全学科鲁教版""}",权威标准的中考复习视频全学科鲁教版,llm_onecall,10211.1,OK,
626,教育,第1轮,有什么美术课,edu_fuzzy_search,"{""retext"": ""有什么美术课""}",有什么美术课,llm_onecall,13945.2,OK,
626,教育,第2轮,要适合5岁孩子的,educ_search,"{""query"": {""and"": [{""field"": ""title"", ""value"": ""美术课""}, {""field"": ""age_range"", ""from"": ""5"", ""to"": ""5""}]}, ""retext"": ""有什么适合5岁孩子的美术课""}",有什么适合5岁孩子的美术课,llm_onecall,19369.9,OK,
626,教育,第3轮,不要会员的,educ_search,"{""query"": {""and"": [{""field"": ""title"", ""value"": ""美术课""}, {""field"": ""age_range"", ""from"": ""5"", ""to"": ""5""}, {""field"": ""is_fee"", ""value"": ""0""}]}, ""retext"": ""有什么适合5岁孩子的美术课不要会员""}",有什么适合5岁孩子的美术课不要会员,llm_onecall,15864.3,OK,
626,教育,第4轮,儿童简笔画的,educ_search,"{""query"": {""and"": [{""field"": ""title"", ""value"": ""简笔画""}, {""field"": ""content_type"", ""value"": ""美术课""}, {""field"": ""age_range"", ""from"": ""5"", ""to"": ""5""}, {""field"": ""is_fee"", ""value"": ""0""}]}, ""retext"": ""有什么适合5岁孩子的美术课不要会员儿童简笔画的""}",有什么适合5岁孩子的美术课不要会员儿童简笔画的,llm_onecall,15422.2,OK,
626,教育,第5轮,不充会员能看吗,educ_search,"{""query"": {""and"": [{""field"": ""title"", ""value"": ""简笔画""}, {""field"": ""content_type"", ""value"": ""美术课""}, {""field"": ""age_range"", ""from"": ""5"", ""to"": ""5""}, {""field"": ""is_fee"", ""value"": ""0""}]}, ""retext"": ""有什么适合5岁孩子的美术课不要会员儿童简笔画的""}",有什么适合5岁孩子的美术课不要会员儿童简笔画的,llm_onecall,12650.6,OK,
627,教育,第1轮,推荐些做菜的教学视频,edu_fuzzy_search,"{""retext"": ""推荐些做菜的教学视频""}",推荐些做菜的教学视频,llm_onecall,14276.0,OK,
627,教育,第2轮,清晰度高的,numeric_adjust,"{""device"": """", ""location"": """", ""object"": ""清晰度"", ""operation"": ""提高"", ""value"": """"}",推荐清晰度高的做菜教学视频,llm_onecall,12157.7,OK,
627,教育,第3轮,画质好的,edu_fuzzy_search,"{""retext"": ""推荐画质好的做菜教学视频""}",推荐画质好的做菜教学视频,llm_onecall,9838.5,OK,
627,教育,第4轮,单集十分钟,edu_fuzzy_search,"{""retext"": ""推荐单集十分钟的做菜教学视频""}",推荐单集十分钟的做菜教学视频,llm_onecall,9020.2,OK,
627,教育,第5轮,要免费的,edu_fuzzy_search,"{""retext"": ""推荐免费的做菜教学视频""}",推荐免费的做菜教学视频,llm_onecall,9813.2,OK,
628,教育,第1轮,来几部教师资格证考试课,edu_fuzzy_search,"{""retext"": ""来几部教师资格证考试课""}",来几部教师资格证考试课,llm_onecall,14247.8,OK,
628,教育,第2轮,真题那种,edu_fuzzy_search,"{""retext"": ""来几部教师资格证考试课真题""}",来几部教师资格证考试课真题,llm_onecall,11446.1,OK,
628,教育,第3轮,有试听吗,edu_fuzzy_search,"{""retext"": ""搜索教师资格证考试课真题""}",搜索教师资格证考试课真题,llm_onecall,10058.4,OK,
628,教育,第4轮,性价比高,edu_fuzzy_search,"{""retext"": ""搜索教师资格证考试课真题""}",搜索教师资格证考试课真题,llm_onecall,8816.0,OK,
628,教育,第5轮,有真题的,edu_fuzzy_search,"{""retext"": ""有真题的""}",有真题的,llm_onecall,9217.1,OK,
629,教育,第1轮,来点找北师大版语文的课,edu_search,"{""query"": {""and"": [{""field"": ""first_subject"", ""value"": ""语文""}, {""field"": ""material_version"", ""value"": ""北师大版""}, {""field"": ""k12_category"", ""operator"": ""or"", ""values"": [""同步课"", ""同步拓展课""]}]}}",来点找北师大版语文的课,llm_onecall,18994.6,OK,
629,教育,第2轮,有课后练习的,edu_fuzzy_search,"{""retext"": ""北师大版语文的课后练习""}",北师大版语文的课后练习,llm_onecall,10352.8,OK,
629,教育,第3轮,要细讲,edu_fuzzy_search,"{""retext"": ""北师大版语文的课后练习""}",北师大版语文的课后练习,llm_onecall,9540.6,OK,
629,教育,第4轮,讲得细一点的,edu_fuzzy_search,"{""retext"": ""北师大版语文的课后练习讲得细一点的""}",北师大版语文的课后练习讲得细一点的,llm_onecall,10490.6,OK,
629,教育,第5轮,有作业的那种,edu_fuzzy_search,"{""retext"": ""北师大版语文的课后练习有作业的那种""}",北师大版语文的课后练习有作业的那种,llm_onecall,9792.0,OK,
63,影视,第1轮,有没有好看的律政剧,vod_search,"{""action"": ""search"", ""query"": {""and"": [{""field"": ""category"", ""value"": ""电视剧""}, {""field"": ""tag"", ""value"": ""律政""}]}, ""retext"": ""有没有好看的律政剧"", ""sort"": {""hot"": {""order"": ""desc""}}}",有没有好看的律政剧,llm_onecall,13328.5,OK,
63,影视,第2轮,已完结的,vod_search,"{""action"": ""search"", ""query"": {""and"": [{""field"": ""category"", ""value"": ""电视剧""}, {""field"": ""tag"", ""value"": ""律政""}, {""field"": ""is_over"", ""value"": ""1""}]}, ""retext"": ""有没有好看的已完结的律政剧"", ""sort"": {""hot"": {""order"": ""desc""}}}",有没有好看的已完结的律政剧,llm_onecall,17369.7,OK,
63,影视,第3轮,评分高的有吗,vod_search,"{""action"": ""search"", ""query"": {""and"": [{""field"": ""category"", ""value"": ""电视剧""}, {""field"": ""tag"", ""value"": ""律政""}, {""field"": ""is_over"", ""value"": ""1""}]}, ""retext"": ""评分高的已完结律政剧"", ""sort"": {""rate"": {""order"": ""desc""}}}",评分高的已完结律政剧,llm_onecall,16959.9,OK,
63,影视,第4轮,美剧优先,vod_search,"{""action"": ""search"", ""query"": {""and"": [{""field"": ""category"", ""value"": ""电视剧""}, {""field"": ""tag"", ""value"": ""律政""}, {""field"": ""is_over"", ""value"": ""1""}]}, ""retext"": ""评分高的已完结律政剧；美剧优先"", ""sort"": {""rate"": {""order"": ""desc""}}}",评分高的已完结律政剧；美剧优先,llm_onecall,18753.8,OK,
63,影视,第5轮,有中文字幕的吗,vod_search_all,"{""action"": ""search"", ""query"": {""and"": [{""field"": ""area"", ""value"": ""美国""}, {""field"": ""category"", ""value"": ""电视剧""}, {""field"": ""tag"", ""value"": ""律政""}, {""field"": ""is_over"", ""value"": ""1""}]}, ""retext"": ""搜索评分高的已完结律政剧美剧优先"", ""sort"": {""rate"": {""order"": ""desc""}}}",搜索评分高的已完结律政剧，美剧优先,llm_onecall,37104.8,OK,
630,教育,第1轮,来点中考复习的视频,edu_fuzzy_search,"{""retext"": ""来点中考复习的视频""}",来点中考复习的视频,llm_onecall,13741.5,OK,
630,教育,第2轮,权威的,edu_fuzzy_search,"{""retext"": ""权威的中考复习视频""}",权威的中考复习视频,llm_onecall,11330.2,OK,
630,教育,第3轮,要科目全的,edu_fuzzy_search,"{""retext"": ""权威的中考复习视频""}",权威的中考复习视频,llm_onecall,10026.9,OK,
630,教育,第4轮,不要钱的有什么,edu_fuzzy_search,"{""retext"": ""不要钱的中考复习视频""}",不要钱的中考复习视频,llm_onecall,8935.9,OK,
630,教育,第5轮,要官方的,edu_fuzzy_search,"{""retext"": ""要官方的中考复习视频""}",要官方的中考复习视频,llm_onecall,9929.8,OK,
631,教育,第1轮,找点物理实验课,edu_fuzzy_search,"{""retext"": ""找点物理实验课""}",找点物理实验课,llm_onecall,13751.7,OK,
631,教育,第2轮,初中力学的,edu_fuzzy_search,"{""retext"": ""找点初中力学物理实验课""}",找点初中力学物理实验课,llm_onecall,11092.2,OK,
631,教育,第3轮,高清超清,edu_fuzzy_search,"{""retext"": ""找点高清超清初中力学物理实验课""}",找点高清超清初中力学物理实验课,llm_onecall,10476.9,OK,
631,教育,第4轮,免费的有没有,edu_fuzzy_search,"{""retext"": ""找点免费的物理实验课""}",找点免费的物理实验课,llm_onecall,9156.6,OK,
631,教育,第5轮,初中物理力学,edu_fuzzy_search,"{""retext"": ""找点初中物理力学""}",找点初中物理力学,llm_onecall,10383.6,OK,
632,教育,第1轮,美术课有哪些,fan_knowledge_agent,"{""messages"": [{""content"": ""美术课有哪些"", ""role"": ""user""}], ""riskRespStrategy"": ""all_replace"", ""sceneTypeIntentList"": [{""sceneType"": ""knowledge_qa""}]}",美术课有哪些,general_rule,14455.5,OK,
632,教育,第2轮,不要会员的,fan_knowledge_agent,"{""messages"": [{""content"": ""不要会员"", ""role"": ""user""}], ""riskRespStrategy"": ""all_replace"", ""sceneTypeIntentList"": [{""sceneType"": ""knowledge_qa""}]}",不要会员,llm_select,11831.0,OK,
632,教育,第3轮,简笔画那种,fan_knowledge_agent,"{""messages"": [{""content"": ""简笔画"", ""role"": ""user""}], ""riskRespStrategy"": ""all_replace"", ""sceneTypeIntentList"": [{""sceneType"": ""knowledge_qa""}]}",简笔画,llm_select,11528.9,OK,
632,教育,第4轮,不充会员能看吗,fan_knowledge_agent,"{""messages"": [{""content"": ""不充会员能看吗"", ""role"": ""user""}], ""riskRespStrategy"": ""all_replace"", ""sceneTypeIntentList"": [{""sceneType"": ""knowledge_qa""}]}",不充会员能看吗,general_rule,11963.2,OK,
632,教育,第5轮,有步骤演示的,demo_control,"{""device"": """", ""location"": """", ""object"": ""步骤演示的简笔画"", ""operation"": ""打开"", ""value"": """"}",有步骤演示的简笔画,llm_onecall,10667.5,OK,
633,教育,第1轮,我想看做菜的教学视频,edu_fuzzy_search,"{""retext"": ""我想看做菜的教学视频""}",我想看做菜的教学视频,llm_onecall,12194.9,OK,
633,教育,第2轮,十分钟一集,edu_fuzzy_search,"{""retext"": ""我想看做菜的教学视频十分钟一集""}",我想看做菜的教学视频十分钟一集,llm_onecall,10629.6,OK,
633,教育,第3轮,一集十分钟以内的,edu_fuzzy_search,"{""retext"": ""我想看做菜的教学视频十分钟一集""}",我想看做菜的教学视频十分钟一集,llm_onecall,9632.9,OK,
633,教育,第4轮,仔细点的,edu_fuzzy_search,"{""retext"": ""我想看做菜的教学视频十分钟一集""}",我想看做菜的教学视频十分钟一集,llm_onecall,10187.5,OK,
633,教育,第5轮,不要会员的吗,edu_fuzzy_search,"{""retext"": ""我想看做菜的教学视频十分钟一集不要会员的吗""}",我想看做菜的教学视频十分钟一集不要会员的吗,llm_onecall,9601.9,OK,
634,教育,第1轮,有哪些教师资格证考试课,fan_knowledge_agent,"{""messages"": [{""content"": ""有哪些教师资格证考试课"", ""role"": ""user""}], ""riskRespStrategy"": ""all_replace"", ""sceneTypeIntentList"": [{""sceneType"": ""knowledge_qa""}]}",有哪些教师资格证考试课,general_rule,15215.1,OK,
634,教育,第2轮,科目二的,fan_knowledge_agent,"{""messages"": [{""content"": ""有哪些教师资格证考试课"", ""role"": ""user""}], ""riskRespStrategy"": ""all_replace"", ""sceneTypeIntentList"": [{""sceneType"": ""knowledge_qa""}]}",有哪些教师资格证考试课,general_rule,12751.0,OK,
634,教育,第3轮,性价比高,edu_fuzzy_search,"{""retext"": ""性价比高的教师资格证考试课""}",性价比高的教师资格证考试课,llm_onecall,8826.1,OK,
634,教育,第4轮,真题那种,edu_fuzzy_search,"{""retext"": ""教师资格证考试真题""}",教师资格证考试真题,llm_onecall,9603.2,OK,
634,教育,第5轮,有试听吗,edu_fuzzy_search,"{""retext"": ""教师资格证考试课有试听吗""}",教师资格证考试课有试听吗,llm_onecall,11316.0,OK,
635,教育,第1轮,放英语口语,edu_fuzzy_search,"{""retext"": ""放英语口语""}",放英语口语,llm_onecall,10682.4,OK,
635,教育,第2轮,外教教的,edu_fuzzy_search,"{""retext"": ""外教教的英语口语""}",外教教的英语口语,llm_onecall,9904.9,OK,
635,教育,第3轮,不花钱的,edu_fuzzy_search,"{""retext"": ""不花钱的外教教的英语口语""}",不花钱的外教教的英语口语,llm_onecall,9248.5,OK,
635,教育,第4轮,外教上的,edu_fuzzy_search,"{""retext"": ""外教教的英语口语""}",外教教的英语口语,llm_onecall,9627.6,OK,
635,教育,第5轮,一对一授课,edu_fuzzy_search,"{""retext"": ""外教教的一对一授课英语口语""}",外教教的一对一授课英语口语,llm_onecall,10039.7,OK,
636,教育,第1轮,最近想看中考复习的视频,edu_fuzzy_search,"{""retext"": ""最近想看中考复习的视频""}",最近想看中考复习的视频,llm_onecall,11351.1,OK,
636,教育,第2轮,不收费的有哪些,fan_knowledge_agent,"{""messages"": [{""content"": ""不收费的中考复习视频有哪些"", ""role"": ""user""}], ""riskRespStrategy"": ""all_replace"", ""sceneTypeIntentList"": [{""sceneType"": ""knowledge_qa""}]}",不收费的中考复习视频有哪些,general_rule,13345.6,OK,
636,教育,第3轮,不要会员的,fan_knowledge_agent,"{""messages"": [{""content"": ""不收费的中考复习视频有哪些"", ""role"": ""user""}], ""riskRespStrategy"": ""all_replace"", ""sceneTypeIntentList"": [{""sceneType"": ""knowledge_qa""}]}",不收费的中考复习视频有哪些,general_rule,13332.8,OK,
636,教育,第4轮,标准版的,fan_knowledge_agent,"{""messages"": [{""content"": ""标准版的"", ""role"": ""user""}], ""riskRespStrategy"": ""all_replace"", ""sceneTypeIntentList"": [{""sceneType"": ""knowledge_qa""}]}",标准版的,llm_select,10791.9,OK,
636,教育,第5轮,鲁教版的那种,fan_knowledge_agent,"{""messages"": [{""content"": ""不收费的中考复习视频有哪些；标准版的；鲁教版的那种"", ""role"": ""user""}], ""riskRespStrategy"": ""all_replace"", ""sceneTypeIntentList"": [{""sceneType"": ""knowledge_qa""}]}",不收费的中考复习视频有哪些；标准版的；鲁教版的那种,general_rule,16069.6,OK,
637,教育,第1轮,推荐些物理实验课,edu_fuzzy_search,"{""retext"": ""推荐些物理实验课""}",推荐些物理实验课,llm_onecall,11549.4,OK,
637,教育,第2轮,不花钱的,edu_fuzzy_search,"{""retext"": ""推荐不花钱的物理实验课""}",推荐不花钱的物理实验课,llm_onecall,9656.9,OK,
637,教育,第3轮,初中力学的,edu_fuzzy_search,"{""retext"": ""推荐不花钱的初中力学物理实验课""}",推荐不花钱的初中力学物理实验课,llm_onecall,10021.5,OK,
637,教育,第4轮,课堂活跃的,edu_fuzzy_search,"{""retext"": ""推荐不花钱的初中力学物理实验课课堂活跃的""}",推荐不花钱的初中力学物理实验课课堂活跃的,llm_onecall,9869.1,OK,
637,教育,第5轮,有意思的,edu_fuzzy_search,"{""retext"": ""推荐不花钱的初中力学物理实验课课堂活跃的有意思的""}",推荐不花钱的初中力学物理实验课课堂活跃的有意思的,llm_onecall,10645.7,OK,
638,教育,第1轮,最近想看美术课,edu_fuzzy_search,"{""retext"": ""最近想看美术课""}",最近想看美术课,llm_onecall,11447.8,OK,
638,教育,第2轮,适合五岁小孩的那种,educ_search,"{""query"": {""and"": [{""field"": ""age_range"", ""from"": ""5"", ""to"": ""5""}, {""field"": ""children_third_genre"", ""value"": ""美术""}]}, ""retext"": ""适合五岁小孩的美术课""}",适合五岁小孩的美术课,llm_onecall,14726.3,OK,
638,教育,第3轮,五岁的,educ_search,"{""query"": {""and"": [{""field"": ""age_range"", ""from"": ""5"", ""to"": ""5""}, {""field"": ""children_third_genre"", ""value"": ""美术""}]}, ""retext"": ""适合五岁小孩的美术课""}",适合五岁小孩的美术课,llm_onecall,14248.5,OK,
638,教育,第4轮,免会员的,educ_search,"{""query"": {""and"": [{""field"": ""age_range"", ""from"": ""5"", ""to"": ""5""}, {""field"": ""training_objectives"", ""value"": ""美术""}, {""field"": ""is_fee"", ""value"": ""0""}]}, ""retext"": ""适合五岁小孩的美术课免会员""}",适合五岁小孩的美术课免会员,llm_onecall,11294.1,OK,
638,教育,第5轮,适合小学生的有没有,edu_fuzzy_search,"{""retext"": ""适合小学生的有没有""}",适合小学生的有没有,llm_onecall,9279.1,OK,
639,教育,第1轮,好看的教师资格证考试课,edu_fuzzy_search,"{""retext"": ""好看的教师资格证考试课""}",好看的教师资格证考试课,llm_onecall,10924.3,OK,
639,教育,第2轮,有练习题,edu_fuzzy_search,"{""retext"": ""好看的教师资格证考试课有练习题""}",好看的教师资格证考试课有练习题,llm_onecall,9382.0,OK,
639,教育,第3轮,实惠点的,edu_fuzzy_search,"{""retext"": ""实惠点的教师资格证考试课""}",实惠点的教师资格证考试课,llm_onecall,9347.9,OK,
639,教育,第4轮,有真题的,edu_fuzzy_search,"{""retext"": ""有真题的教师资格证考试课""}",有真题的教师资格证考试课,llm_onecall,9844.5,OK,
639,教育,第5轮,有试听课吗,edu_fuzzy_search,"{""retext"": ""有试听课的教师资格证考试课""}",有试听课的教师资格证考试课,llm_onecall,9734.5,OK,
64,影视,第1轮,有啥好看的最新的电影,vod_search,"{""action"": ""search"", ""query"": {""field"": ""category"", ""value"": ""电影""}, ""retext"": ""有啥好看的最新的电影"", ""sort"": {""hot"": {""order"": ""desc""}, ""new"": {""order"": ""desc""}}}",有啥好看的最新的电影,llm_onecall,15332.2,OK,
64,影视,第2轮,不要会员的吗,vod_search,"{""action"": ""search"", ""query"": {""and"": [{""field"": ""category"", ""value"": ""电影""}, {""field"": ""is_fee"", ""value"": ""0""}]}, ""retext"": ""有啥好看的最新的不要会员的电影"", ""sort"": {""hot"": {""order"": ""desc""}, ""new"": {""order"": ""desc""}}}",有啥好看的最新的不要会员的电影,llm_onecall,17952.3,OK,
64,影视,第3轮,最新的,vod_search,"{""action"": ""search"", ""query"": {""and"": [{""field"": ""category"", ""value"": ""电影""}, {""field"": ""is_fee"", ""value"": ""0""}]}, ""retext"": ""有啥好看的最新的不要会员的电影"", ""sort"": {""hot"": {""order"": ""desc""}, ""new"": {""order"": ""desc""}}}",有啥好看的最新的不要会员的电影,llm_onecall,19769.3,OK,
64,影视,第4轮,要人气高点的,vod_search,"{""action"": ""search"", ""query"": {""and"": [{""field"": ""category"", ""value"": ""电影""}, {""field"": ""is_fee"", ""value"": ""0""}]}, ""retext"": ""有啥好看的最新的不要会员的人气高点儿的电影"", ""sort"": {""hot"": {""order"": ""desc""}, ""new"": {""order"": ""desc""}}}",有啥好看的最新的不要会员的人气高点儿的电影,llm_onecall,18265.1,OK,
64,影视,第5轮,新歌,music_song_search,"{""retext"": ""新歌"", ""toplist"": [""新歌""]}",新歌,llm_onecall,16468.5,OK,
640,教育,第1轮,来一部中考复习的视频,edu_fuzzy_search,"{""retext"": ""来一部中考复习的视频""}",来一部中考复习的视频,llm_onecall,10947.5,OK,
640,教育,第2轮,全学科,edu_fuzzy_search,"{""retext"": ""全学科""}",全学科,llm_onecall,8860.9,OK,
640,教育,第3轮,不收费的有哪些,fan_knowledge_agent,"{""messages"": [{""content"": ""不收费的全学科中考复习视频有哪些"", ""role"": ""user""}], ""riskRespStrategy"": ""all_replace"", ""sceneTypeIntentList"": [{""sceneType"": ""knowledge_qa""}]}",不收费的全学科中考复习视频有哪些,general_rule,12470.0,OK,
640,教育,第4轮,真题讲解的,edu_fuzzy_search,"{""retext"": ""搜索不收费的全学科中考复习视频""}",搜索不收费的全学科中考复习视频,llm_onecall,11061.0,OK,
640,教育,第5轮,要讲真题的,edu_fuzzy_search,"{""retext"": ""要讲真题的""}",要讲真题的,llm_onecall,10274.7,OK,
641,教育,第1轮,物理实验课有哪些,fan_knowledge_agent,"{""messages"": [{""content"": ""物理实验课有哪些"", ""role"": ""user""}], ""riskRespStrategy"": ""all_replace"", ""sceneTypeIntentList"": [{""sceneType"": ""education_qa""}]}",物理实验课有哪些,general_rule,17444.8,OK,
641,教育,第2轮,不要钱的,fan_knowledge_agent,"{""messages"": [{""content"": ""物理实验课有哪些不要钱的"", ""role"": ""user""}], ""riskRespStrategy"": ""all_replace"", ""sceneTypeIntentList"": [{""sceneType"": ""education_qa""}]}",物理实验课有哪些不要钱的,general_rule,17716.8,OK,
641,教育,第3轮,超清的,fan_knowledge_agent,"{""messages"": [{""content"": ""超清"", ""role"": ""user""}], ""riskRespStrategy"": ""all_replace"", ""sceneTypeIntentList"": [{""sceneType"": ""knowledge_qa""}]}",超清,llm_select,10945.7,OK,
641,教育,第4轮,免费的有没有,fan_knowledge_agent,"{""messages"": [{""content"": ""物理实验课有哪些不要钱的"", ""role"": ""user""}], ""riskRespStrategy"": ""all_replace"", ""sceneTypeIntentList"": [{""sceneType"": ""education_qa""}]}",物理实验课有哪些不要钱的,general_rule,18499.6,OK,
641,教育,第5轮,有超清的吗,fan_knowledge_agent,"{""messages"": [{""content"": ""物理实验课有哪些不要钱的超清"", ""role"": ""user""}], ""riskRespStrategy"": ""all_replace"", ""sceneTypeIntentList"": [{""sceneType"": ""education_qa""}]}",物理实验课有哪些不要钱的超清,general_rule,15801.4,OK,
642,教育,第1轮,来点教师资格证考试课,edu_fuzzy_search,"{""retext"": ""来点教师资格证考试课""}",来点教师资格证考试课,llm_onecall,9763.8,OK,
642,教育,第2轮,便宜的,edu_fuzzy_search,"{""retext"": ""便宜的教师资格证考试课""}",便宜的教师资格证考试课,llm_onecall,9640.4,OK,
642,教育,第3轮,能试听吗,edu_fuzzy_search,"{""retext"": ""能试听便宜的教师资格证考试课""}",能试听便宜的教师资格证考试课,llm_onecall,10225.8,OK,
642,教育,第4轮,实惠点的,edu_fuzzy_search,"{""retext"": ""实惠点的教师资格证考试课""}",实惠点的教师资格证考试课,llm_onecall,10304.1,OK,
642,教育,第5轮,有体验课吗,edu_fuzzy_search,"{""retext"": ""有体验课的教师资格证考试课""}",有体验课的教师资格证考试课,llm_onecall,10533.7,OK,
643,教育,第1轮,放几部英语口语,edu_fuzzy_search,"{""retext"": ""放几部英语口语""}",放几部英语口语,llm_onecall,9877.8,OK,
643,教育,第2轮,不收费的,edu_fuzzy_search,"{""retext"": ""不收费的英语口语""}",不收费的英语口语,llm_onecall,9551.1,OK,
643,教育,第3轮,1对1的,edu_fuzzy_search,"{""retext"": ""不收费的1对1英语口语""}",不收费的1对1英语口语,llm_onecall,11028.3,OK,
643,教育,第4轮,一对一是吗,edu_fuzzy_search,"{""retext"": ""不收费的1对1英语口语""}",不收费的1对1英语口语,llm_onecall,9809.1,OK,
643,教育,第5轮,一对一的,edu_fuzzy_search,"{""retext"": ""不收费的一对一英语口语""}",不收费的一对一英语口语,llm_onecall,10440.0,OK,
644,教育,第1轮,来几部中考复习的视频,edu_fuzzy_search,"{""retext"": ""来几部中考复习的视频""}",来几部中考复习的视频,llm_onecall,9814.7,OK,
644,教育,第2轮,真题讲解的,edu_fuzzy_search,"{""retext"": ""中考复习真题讲解""}",中考复习真题讲解,llm_onecall,8676.9,OK,
644,教育,第3轮,有真题讲解,edu_fuzzy_search,"{""retext"": ""中考复习真题讲解""}",中考复习真题讲解,llm_onecall,9494.9,OK,
644,教育,第4轮,权威的,edu_fuzzy_search,"{""retext"": ""中考复习真题讲解 权威的""}",中考复习真题讲解 权威的,llm_onecall,10322.3,OK,
644,教育,第5轮,青岛版,edu_fuzzy_search,"{""retext"": ""中考复习真题讲解 权威的 青岛版""}",中考复习真题讲解 权威的 青岛版,llm_onecall,11092.1,OK,
645,教育,第1轮,找点教师资格证考试课,edu_fuzzy_search,"{""retext"": ""找点教师资格证考试课""}",找点教师资格证考试课,llm_onecall,9482.7,OK,
645,教育,第2轮,有体验课吗,edu_fuzzy_search,"{""retext"": ""有体验课吗""}",有体验课吗,llm_onecall,8916.0,OK,
645,教育,第3轮,价格实惠的,edu_fuzzy_search,"{""retext"": ""搜索教师资格证考试课程""}",搜索教师资格证考试课程,llm_onecall,11372.3,OK,
645,教育,第4轮,真题那种,edu_fuzzy_search,"{""retext"": ""搜索教师资格证考试课程""}",搜索教师资格证考试课程,llm_onecall,8641.7,OK,
645,教育,第5轮,要带真题,edu_fuzzy_search,"{""retext"": ""搜索教师资格证考试课程""}",搜索教师资格证考试课程,llm_onecall,10468.4,OK,
646,教育,第1轮,中考复习的视频有哪些,fan_knowledge_agent,"{""messages"": [{""content"": ""中考复习的视频有哪些"", ""role"": ""user""}], ""riskRespStrategy"": ""all_replace"", ""sceneTypeIntentList"": [{""sceneType"": ""knowledge_qa""}]}",中考复习的视频有哪些,general_rule,12592.4,OK,
646,教育,第2轮,鲁教版,edu_fuzzy_search,"{""retext"": ""鲁教版中考复习视频""}",鲁教版中考复习视频,llm_onecall,8912.2,OK,
646,教育,第3轮,标准版的,edu_fuzzy_search,"{""retext"": ""鲁教版中考复习视频的标准版""}",鲁教版中考复习视频的标准版,llm_onecall,9871.1,OK,
646,教育,第4轮,官方的,edu_fuzzy_search,"{""retext"": ""鲁教版中考复习视频的标准版官方""}",鲁教版中考复习视频的标准版官方,llm_onecall,10230.2,OK,
646,教育,第5轮,科目全的,edu_fuzzy_search,"{""retext"": ""鲁教版中考复习视频的标准版官方科目全的""}",鲁教版中考复习视频的标准版官方科目全的,llm_onecall,9859.8,OK,
647,教育,第1轮,看看美术课,edu_fuzzy_search,"{""retext"": ""看看美术课""}",看看美术课,llm_onecall,8616.8,OK,
647,教育,第2轮,5岁能学的,educ_search,"{""query"": {""and"": [{""field"": ""title"", ""value"": ""美术""}, {""field"": ""age_range"", ""from"": ""5"", ""to"": ""5""}]}, ""retext"": ""5岁能学的美术课""}",5岁能学的美术课,llm_onecall,14382.8,OK,
647,教育,第3轮,适合五岁小孩的那种,educ_search,"{""query"": {""and"": [{""field"": ""age_range"", ""from"": ""5"", ""to"": ""5""}, {""field"": ""children_third_genre"", ""value"": ""美术课""}]}, ""retext"": ""适合五岁小孩的美术课""}",适合五岁小孩的美术课,llm_onecall,12746.6,OK,
647,教育,第4轮,免会员的,educ_search,"{""query"": {""field"": ""is_fee"", ""value"": ""0""}, ""retext"": ""免会员的""}",免会员的,llm_onecall,10675.9,OK,
647,教育,第5轮,儿童简笔画的,educ_search,"{""query"": {""field"": ""children_third_genre"", ""value"": ""简笔画""}, ""retext"": ""儿童简笔画的""}",儿童简笔画的,llm_onecall,9392.3,OK,
648,教育,第1轮,来一部英语口语,edu_fuzzy_search,"{""retext"": ""来一部英语口语""}",来一部英语口语,llm_onecall,8759.2,OK,
648,教育,第2轮,外教那种,edu_fuzzy_search,"{""retext"": ""来一部外教那种英语口语""}",来一部外教那种英语口语,llm_onecall,9513.8,OK,
648,教育,第3轮,外国人教的,edu_fuzzy_search,"{""retext"": ""来一部外教那种英语口语""}",来一部外教那种英语口语,llm_onecall,9441.5,OK,
648,教育,第4轮,不收费的,edu_fuzzy_search,"{""retext"": ""不收费的外教那种英语口语""}",不收费的外教那种英语口语,llm_onecall,9696.0,OK,
648,教育,第5轮,1对1的,edu_fuzzy_search,"{""retext"": ""不收费的外教那种英语口语1对1""}",不收费的外教那种英语口语1对1,llm_onecall,10567.8,OK,
649,教育,第1轮,有啥好看的做菜的教学视频,edu_fuzzy_search,"{""retext"": ""有啥好看的做菜的教学视频""}",有啥好看的做菜的教学视频,llm_onecall,9233.8,OK,
649,教育,第2轮,仔细点的,edu_fuzzy_search,"{""retext"": ""有啥好看的做菜的教学视频""}",有啥好看的做菜的教学视频,llm_onecall,8805.3,OK,
649,教育,第3轮,家常那种,edu_fuzzy_search,"{""retext"": ""有啥好看的家常做菜的教学视频""}",有啥好看的家常做菜的教学视频,llm_onecall,10051.3,OK,
649,教育,第4轮,讲得仔细的,edu_fuzzy_search,"{""retext"": ""有啥好看的家常做菜的教学视频讲得仔细的""}",有啥好看的家常做菜的教学视频讲得仔细的,llm_onecall,11495.3,OK,
649,教育,第5轮,清晰的,edu_fuzzy_search,"{""retext"": ""有啥好看的家常做菜的教学视频讲得仔细的清晰的""}",有啥好看的家常做菜的教学视频讲得仔细的清晰的,llm_onecall,9458.9,OK,
65,影视,第1轮,来一部好看的动漫,educ_search,"{""query"": {""field"": ""children_second_genre"", ""value"": ""动漫""}, ""retext"": ""来一部好看的动漫""}",来一部好看的动漫,llm_onecall,16976.9,OK,
65,影视,第2轮,免费的,educ_search,"{""query"": {""field"": ""children_second_genre"", ""value"": ""动漫""}, ""retext"": ""来一部好看的动漫""}",来一部好看的动漫,llm_onecall,18041.9,OK,
65,影视,第3轮,好看的,educ_search,"{""query"": {""field"": ""children_second_genre"", ""value"": ""动漫""}, ""retext"": ""来一部好看的动漫""}",来一部好看的动漫,llm_onecall,18200.7,OK,
65,影视,第4轮,有中文字幕的,educ_search,"{""query"": {""and"": [{""field"": ""children_second_genre"", ""value"": ""动漫""}, {""field"": ""language"", ""value"": ""中文字幕""}]}, ""retext"": ""有中文字幕的动漫""}",有中文字幕的动漫,llm_onecall,32476.1,OK,
65,影视,第5轮,大家都在看的,vod_personalized_search,"{""retext"": ""大家都在看的""}",大家都在看的,llm_onecall,15831.4,OK,
650,教育,第1轮,来点美术课,edu_fuzzy_search,"{""retext"": ""来点美术课""}",来点美术课,llm_onecall,9040.8,OK,
650,教育,第2轮,不充会员能看吗,fan_knowledge_agent,"{""messages"": [{""content"": ""不充会员能看美术课吗"", ""role"": ""user""}], ""riskRespStrategy"": ""all_replace"", ""sceneTypeIntentList"": [{""sceneType"": ""knowledge_qa""}]}",不充会员能看美术课吗,general_rule,14777.4,OK,
650,教育,第3轮,有步骤演示的,common_control,"{""device"": """", ""location"": """", ""object"": ""步骤演示的美术课"", ""operation"": ""打开"", ""value"": """"}",有步骤演示的美术课,llm_onecall,9287.4,OK,
650,教育,第4轮,简笔画课程,edu_fuzzy_search,"{""retext"": ""简笔画课程""}",简笔画课程,llm_onecall,9783.5,OK,
650,教育,第5轮,适合小学生的有没有,edu_fuzzy_search,"{""retext"": ""适合小学生的简笔画课程""}",适合小学生的简笔画课程,llm_onecall,9841.8,OK,
651,教育,第1轮,找点做菜的教学视频,edu_fuzzy_search,"{""retext"": ""找点做菜的教学视频""}",找点做菜的教学视频,llm_onecall,9317.2,OK,
651,教育,第2轮,家常菜系,edu_fuzzy_search,"{""retext"": ""找点家常菜系的教学视频""}",找点家常菜系的教学视频,llm_onecall,10344.0,OK,
651,教育,第3轮,十分钟一集,edu_fuzzy_search,"{""retext"": ""找点家常菜系的教学视频十分钟一集""}",找点家常菜系的教学视频十分钟一集,llm_onecall,9539.7,OK,
651,教育,第4轮,一集十分钟以内的,edu_fuzzy_search,"{""retext"": ""找点家常菜系的教学视频十分钟一集""}",找点家常菜系的教学视频十分钟一集,llm_onecall,10964.1,OK,
651,教育,第5轮,清晰度高的,numeric_adjust,"{""device"": """", ""location"": """", ""object"": ""清晰度"", ""operation"": ""提高"", ""value"": """"}",找点家常菜系的教学视频十分钟一集清晰度高的,llm_onecall,9918.2,OK,
652,教育,第1轮,做菜的教学视频有哪些,fan_knowledge_agent,"{""messages"": [{""content"": ""做菜的教学视频有哪些"", ""role"": ""user""}], ""riskRespStrategy"": ""all_replace"", ""sceneTypeIntentList"": [{""sceneType"": ""knowledge_qa""}]}",做菜的教学视频有哪些,general_rule,12064.2,OK,
652,教育,第2轮,每集10分钟内,fan_knowledge_agent,"{""messages"": [{""content"": ""做菜的教学视频有哪些"", ""role"": ""user""}], ""riskRespStrategy"": ""all_replace"", ""sceneTypeIntentList"": [{""sceneType"": ""knowledge_qa""}]}",做菜的教学视频有哪些,general_rule,12681.1,OK,
652,教育,第3轮,清晰的,fan_knowledge_agent,"{""messages"": [{""content"": ""做菜的教学视频有哪些"", ""role"": ""user""}], ""riskRespStrategy"": ""all_replace"", ""sceneTypeIntentList"": [{""sceneType"": ""knowledge_qa""}]}",做菜的教学视频有哪些,general_rule,14765.3,OK,
652,教育,第4轮,十分钟一集,fan_knowledge_agent,"{""messages"": [{""content"": ""做菜的教学视频有哪些"", ""role"": ""user""}], ""riskRespStrategy"": ""all_replace"", ""sceneTypeIntentList"": [{""sceneType"": ""knowledge_qa""}]}",做菜的教学视频有哪些,general_rule,11942.1,OK,
652,教育,第5轮,家常那种,edu_fuzzy_search,"{""retext"": ""做菜教学视频""}",做菜教学视频,llm_onecall,11016.5,OK,
653,教育,第1轮,推荐几部中考复习的视频,edu_fuzzy_search,"{""retext"": ""推荐几部中考复习的视频""}",推荐几部中考复习的视频,llm_onecall,8483.7,OK,
653,教育,第2轮,标准版的,edu_fuzzy_search,"{""retext"": ""推荐几部中考复习的标准版视频""}",推荐几部中考复习的标准版视频,llm_onecall,9517.5,OK,
653,教育,第3轮,真题讲解的,edu_fuzzy_search,"{""retext"": ""推荐几部中考复习真题讲解的标准版视频""}",推荐几部中考复习真题讲解的标准版视频,llm_onecall,10811.2,OK,
653,教育,第4轮,全学科,edu_fuzzy_search,"{""retext"": ""推荐全学科中考复习真题讲解的标准版视频""}",推荐全学科中考复习真题讲解的标准版视频,llm_onecall,10100.5,OK,
653,教育,第5轮,不收费的有哪些,edu_fuzzy_search,"{""retext"": ""不收费的全学科中考复习真题讲解的标准版视频""}",不收费的全学科中考复习真题讲解的标准版视频,llm_onecall,10486.1,OK,
654,教育,第1轮,好看的物理实验课,edu_fuzzy_search,"{""retext"": ""好看的物理实验课""}",好看的物理实验课,llm_onecall,9229.4,OK,
654,教育,第2轮,超清的,edu_fuzzy_search,"{""retext"": ""超清的""}",超清的,llm_onecall,9853.0,OK,
654,教育,第3轮,力学部分,edu_fuzzy_search,"{""retext"": ""好看的物理实验课超清的力学部分""}",好看的物理实验课超清的力学部分,llm_onecall,10933.7,OK,
654,教育,第4轮,力学那种,edu_fuzzy_search,"{""retext"": ""好看的物理实验课超清的力学部分""}",好看的物理实验课超清的力学部分,llm_onecall,9747.4,OK,
654,教育,第5轮,高清超清,edu_fuzzy_search,"{""retext"": ""高清超清""}",高清超清,llm_onecall,8316.8,OK,
655,教育,第1轮,放做菜的教学视频,edu_fuzzy_search,"{""retext"": ""放做菜的教学视频""}",放做菜的教学视频,llm_onecall,8619.4,OK,
655,教育,第2轮,免费的有没有,edu_fuzzy_search,"{""retext"": ""免费的做菜的教学视频""}",免费的做菜的教学视频,llm_onecall,9858.9,OK,
655,教育,第3轮,家常那种,edu_fuzzy_search,"{""retext"": ""免费的家常做菜的教学视频""}",免费的家常做菜的教学视频,llm_onecall,10966.2,OK,
655,教育,第4轮,高清的,edu_fuzzy_search,"{""retext"": ""高清的免费的家常做菜的教学视频""}",高清的免费的家常做菜的教学视频,llm_onecall,9936.5,OK,
655,教育,第5轮,画质好的,edu_fuzzy_search,"{""retext"": ""画质好的免费的家常做菜的教学视频""}",画质好的免费的家常做菜的教学视频,llm_onecall,9404.9,OK,
656,教育,第1轮,有啥好看的英语口语,edu_fuzzy_search,"{""retext"": ""有啥好看的英语口语""}",有啥好看的英语口语,llm_onecall,9290.8,OK,
656,教育,第2轮,便宜点的,edu_fuzzy_search,"{""retext"": ""便宜点的""}",便宜点的,llm_onecall,8646.8,OK,
656,教育,第3轮,实惠的,edu_fuzzy_search,"{""retext"": ""实惠的""}",实惠的,llm_onecall,9989.1,OK,
656,教育,第4轮,一对一是吗,edu_fuzzy_search,"{""retext"": ""一对一""}",一对一,llm_onecall,8078.1,OK,
656,教育,第5轮,外国人教的,vod_search,"{""action"": ""search"", ""query"": {""field"": ""title"", ""value"": ""外国人教的""}, ""retext"": ""外国人教的""}",外国人教的,llm_onecall,10031.1,OK,
657,教育,第1轮,有哪些中考复习的视频,fan_knowledge_agent,"{""messages"": [{""content"": ""有哪些中考复习的视频"", ""role"": ""user""}], ""riskRespStrategy"": ""all_replace"", ""sceneTypeIntentList"": [{""sceneType"": ""knowledge_qa""}]}",有哪些中考复习的视频,general_rule,13380.5,OK,
657,教育,第2轮,各科都有,fan_knowledge_agent,"{""messages"": [{""content"": ""有哪些中考复习的视频"", ""role"": ""user""}], ""riskRespStrategy"": ""all_replace"", ""sceneTypeIntentList"": [{""sceneType"": ""knowledge_qa""}]}",有哪些中考复习的视频,general_rule,14250.0,OK,
657,教育,第3轮,不收费的有哪些,fan_knowledge_agent,"{""messages"": [{""content"": ""有哪些不收费的中考复习视频"", ""role"": ""user""}], ""riskRespStrategy"": ""all_replace"", ""sceneTypeIntentList"": [{""sceneType"": ""knowledge_qa""}]}",有哪些不收费的中考复习视频,general_rule,13838.3,OK,
657,教育,第4轮,不要会员的有什么,fan_knowledge_agent,"{""messages"": [{""content"": ""有哪些不收费的中考复习视频"", ""role"": ""user""}], ""riskRespStrategy"": ""all_replace"", ""sceneTypeIntentList"": [{""sceneType"": ""knowledge_qa""}]}",有哪些不收费的中考复习视频,general_rule,14068.6,OK,
657,教育,第5轮,科目全的,fan_knowledge_agent,"{""messages"": [{""content"": ""有哪些科目全的中考复习视频"", ""role"": ""user""}], ""riskRespStrategy"": ""all_replace"", ""sceneTypeIntentList"": [{""sceneType"": ""knowledge_qa""}]}",有哪些科目全的中考复习视频,general_rule,16588.5,OK,
658,教育,第1轮,有什么好看的美术课,edu_fuzzy_search,"{""retext"": ""有什么好看的美术课""}",有什么好看的美术课,llm_onecall,10388.4,OK,
658,教育,第2轮,5岁能学的,educ_search,"{""query"": {""and"": [{""field"": ""title"", ""value"": ""美术""}, {""field"": ""age_range"", ""from"": ""5"", ""to"": ""5""}]}, ""retext"": ""5岁能学的美术课""}",5岁能学的美术课,llm_onecall,11947.0,OK,
658,教育,第3轮,分步演示,demo_control,"{""device"": """", ""location"": """", ""object"": ""《橙宝美术启蒙(5-6岁)》分步演示"", ""operation"": ""打开"", ""value"": """"}",《橙宝美术启蒙(5-6岁)》分步演示,llm_onecall,10736.1,OK,
658,教育,第4轮,五岁的,educ_search,"{""query"": {""and"": [{""field"": ""title"", ""value"": ""美术""}, {""field"": ""age_range"", ""from"": ""5"", ""to"": ""5""}]}, ""retext"": ""5岁能学的美术课""}",5岁能学的美术课,llm_onecall,13364.5,OK,
658,教育,第5轮,儿童简笔画的,educ_search,"{""query"": {""field"": ""title"", ""value"": ""简笔画""}, ""retext"": ""儿童简笔画""}",儿童简笔画,llm_onecall,13691.8,OK,
659,教育,第1轮,找点英语口语,edu_fuzzy_search,"{""retext"": ""找点英语口语""}",找点英语口语,llm_onecall,10817.6,OK,
659,教育,第2轮,便宜点的,edu_fuzzy_search,"{""retext"": ""找点便宜的英语口语""}",找点便宜的英语口语,llm_onecall,9311.5,OK,
659,教育,第3轮,外教上的,edu_fuzzy_search,"{""retext"": ""外教上的英语口语""}",外教上的英语口语,llm_onecall,9637.0,OK,
659,教育,第4轮,性价比高的,edu_fuzzy_search,"{""retext"": ""找点性价比高的英语口语""}",找点性价比高的英语口语,llm_onecall,11125.1,OK,
659,教育,第5轮,实惠的,edu_fuzzy_search,"{""retext"": ""找点性价比高的英语口语""}",找点性价比高的英语口语,llm_onecall,11254.5,OK,
66,影视,第1轮,最近想看找肖战演的电影,vod_search,"{""action"": ""search"", ""query"": {""and"": [{""field"": ""actor"", ""value"": ""肖战""}, {""field"": ""category"", ""value"": ""电影""}]}, ""retext"": ""最近想看找肖战演的电影"", ""sort"": {""new"": {""order"": ""desc""}}}",最近想看找肖战演的电影,llm_onecall,16865.6,OK,
66,影视,第2轮,卖座的,vod_search,"{""action"": ""search"", ""query"": {""and"": [{""field"": ""actor"", ""value"": ""肖战""}, {""field"": ""category"", ""value"": ""电影""}]}, ""retext"": ""最近想看找肖战演的卖座的电影"", ""sort"": {""hot"": {""order"": ""desc""}, ""new"": {""order"": ""desc""}}}",最近想看找肖战演的卖座的电影,llm_onecall,18036.6,OK,
66,影视,第3轮,票房高一点的,vod_search,"{""action"": ""search"", ""query"": {""and"": [{""field"": ""actor"", ""value"": ""肖战""}, {""field"": ""category"", ""value"": ""电影""}]}, ""retext"": ""最近想看找肖战演的卖座的电影"", ""sort"": {""hot"": {""order"": ""desc""}, ""new"": {""order"": ""desc""}}}",最近想看找肖战演的卖座的电影,llm_onecall,18951.6,OK,
66,影视,第4轮,票房好的,vod_search,"{""action"": ""search"", ""query"": {""and"": [{""field"": ""actor"", ""value"": ""肖战""}, {""field"": ""category"", ""value"": ""电影""}]}, ""retext"": ""最近想看找肖战演的卖座的电影"", ""sort"": {""hot"": {""order"": ""desc""}, ""new"": {""order"": ""desc""}}}",最近想看找肖战演的卖座的电影,llm_onecall,16977.5,OK,
66,影视,第5轮,最新的有没有,vod_search,"{""action"": ""search"", ""query"": {""and"": [{""field"": ""actor"", ""value"": ""肖战""}, {""field"": ""category"", ""value"": ""电影""}]}, ""retext"": ""最近想看找肖战演的卖座的电影"", ""sort"": {""hot"": {""order"": ""desc""}, ""new"": {""order"": ""desc""}}}",最近想看找肖战演的卖座的电影,llm_onecall,18050.4,OK,
660,教育,第1轮,推荐些美术课,edu_fuzzy_search,"{""retext"": ""推荐些美术课""}",推荐些美术课,llm_onecall,10530.1,OK,
660,教育,第2轮,简笔画教学,edu_fuzzy_search,"{""retext"": ""简笔画教学""}",简笔画教学,llm_onecall,9204.9,OK,
660,教育,第3轮,不充会员能看吗,fan_knowledge_agent,"{""messages"": [{""content"": ""不充会员能看吗"", ""role"": ""user""}], ""riskRespStrategy"": ""all_replace"", ""sceneTypeIntentList"": [{""sceneType"": ""knowledge_qa""}]}",不充会员能看吗,general_rule,10820.5,OK,
660,教育,第4轮,简笔画课程,edu_fuzzy_search,"{""retext"": ""简笔画课程""}",简笔画课程,llm_onecall,11089.9,OK,
660,教育,第5轮,5岁能学的,edu_fuzzy_search,"{""retext"": ""5岁能学的简笔画课程""}",5岁能学的简笔画课程,llm_onecall,11378.6,OK,
661,教育,第1轮,有初三物理的课吗,edu_search,"{""query"": {""and"": [{""field"": ""grade"", ""value"": ""九年级""}, {""field"": ""first_subject"", ""value"": ""物理""}, {""field"": ""k12_category"", ""operator"": ""or"", ""values"": [""同步课"", ""同步拓展课""]}]}}",有初三物理的课吗,llm_onecall,12478.3,OK,
661,教育,第2轮,要细讲,edu_search,"{""query"": {""and"": [{""field"": ""grade"", ""value"": ""九年级""}, {""field"": ""first_subject"", ""value"": ""物理""}, {""field"": ""semester"", ""value"": ""上半学期""}, {""field"": ""material_version"", ""value"": ""人教版""}, {""field"": ""k12_category"", ""operator"": ""or"", ""values"": [""同步课"", ""同步拓展课""]}]}}",《【人教版】初三物理上同步专题》,llm_onecall,10863.6,OK,
661,教育,第3轮,免费的有没有,edu_search,"{""query"": {""and"": [{""field"": ""grade"", ""value"": ""九年级""}, {""field"": ""semester"", ""value"": ""上半学期""}, {""field"": ""first_subject"", ""value"": ""物理""}, {""field"": ""material_version"", ""value"": ""人教版""}, {""field"": ""is_fee"", ""value"": 0}, {""field"": ""k12_category"", ""operator"": ""or"", ""values"": [""同步课"", ""同步拓展课""]}]}}",《【人教版】初三物理上同步专题》免费的有没有,llm_onecall,12443.6,OK,
661,教育,第4轮,有老师带的那种,edu_fuzzy_search,"{""retext"": ""《【人教版】初三物理上同步专题》有老师带的那种""}",《【人教版】初三物理上同步专题》有老师带的那种,llm_onecall,11306.7,OK,
661,教育,第5轮,讲得细一点的,edu_fuzzy_search,"{""retext"": ""《【人教版】初三物理上同步专题》讲得细一点的""}",《【人教版】初三物理上同步专题》讲得细一点的,llm_onecall,12696.0,OK,
662,教育,第1轮,找点找北师大版英语的课,edu_search,"{""query"": {""and"": [{""field"": ""first_subject"", ""value"": ""英语""}, {""field"": ""material_version"", ""value"": ""北师大版""}, {""field"": ""k12_category"", ""operator"": ""or"", ""values"": [""同步课"", ""同步拓展课""]}]}}",找点找北师大版英语的课,llm_onecall,12250.9,OK,
662,教育,第2轮,讲基础的,edu_fuzzy_search,"{""retext"": ""《小学英语【词汇】专项提高》""}",《小学英语【词汇】专项提高》,llm_onecall,8809.3,OK,
662,教育,第3轮,带动画的那种,educ_search,"{""query"": {""and"": [{""field"": ""title"", ""value"": ""小学英语【词汇】专项提高""}, {""field"": ""content_type"", ""value"": ""动画""}]}, ""retext"": ""《小学英语【词汇】专项提高》带动画""}",《小学英语【词汇】专项提高》带动画,llm_onecall,11315.6,OK,
662,教育,第4轮,讲基础题的,educ_search,"{""query"": {""and"": [{""field"": ""title"", ""value"": ""小学英语词汇专项提高""}, {""field"": ""children_third_genre"", ""value"": ""基础题""}]}, ""retext"": ""《小学英语【词汇】专项提高》带动画讲基础题的""}",《小学英语【词汇】专项提高》带动画讲基础题的,llm_onecall,11282.8,OK,
662,教育,第5轮,要带老师讲的,educ_search,"{""query"": {""and"": [{""field"": ""title"", ""value"": ""小学英语词汇专项提高""}, {""field"": ""content_type"", ""value"": ""动画""}, {""field"": ""training_objectives"", ""value"": ""英语词汇""}, {""field"": ""role"", ""value"": ""老师""}]}, ""retext"": ""《小学英语【词汇】专项提高》带动画讲基础题的要带老师讲的""}",《小学英语【词汇】专项提高》带动画讲基础题的要带老师讲的,llm_onecall,25602.3,OK,
663,教育,第1轮,我想看美术课,edu_fuzzy_search,"{""retext"": ""我想看美术课""}",我想看美术课,llm_onecall,9808.1,OK,
663,教育,第2轮,适合小学生的有吗,edu_fuzzy_search,"{""retext"": ""我想看适合小学生的美术课""}",我想看适合小学生的美术课,llm_onecall,9160.8,OK,
663,教育,第3轮,带步骤,edu_fuzzy_search,"{""retext"": ""我想看适合小学生的美术课带步骤""}",我想看适合小学生的美术课带步骤,llm_onecall,10925.2,OK,
663,教育,第4轮,五岁的,edu_fuzzy_search,"{""retext"": ""我想看适合五岁小学生的美术课带步骤""}",我想看适合五岁小学生的美术课带步骤,llm_onecall,11299.8,OK,
663,教育,第5轮,不充会员能看吗,edu_fuzzy_search,"{""retext"": ""搜索适合五岁小学生的美术课带步骤""}",搜索适合五岁小学生的美术课带步骤,llm_onecall,12925.7,OK,
664,教育,第1轮,想看做菜的教学视频,edu_fuzzy_search,"{""retext"": ""想看做菜的教学视频""}",想看做菜的教学视频,llm_onecall,10902.2,OK,
664,教育,第2轮,清晰度高的,numeric_adjust,"{""device"": """", ""location"": """", ""object"": ""清晰度"", ""operation"": ""提高"", ""value"": """"}",想看清晰度高的做菜的教学视频,llm_onecall,9746.6,OK,
664,教育,第3轮,仔细点的,numeric_adjust,"{""device"": """", ""location"": """", ""object"": ""清晰度"", ""operation"": ""提高"", ""value"": """"}",想看清晰度高的做菜的教学视频,llm_onecall,11365.8,OK,
664,教育,第4轮,讲得仔细的,edu_fuzzy_search,"{""retext"": ""想看讲得仔细的做菜的教学视频""}",想看讲得仔细的做菜的教学视频,llm_onecall,10513.6,OK,
664,教育,第5轮,家常菜的,edu_fuzzy_search,"{""retext"": ""想看家常菜的做菜的教学视频""}",想看家常菜的做菜的教学视频,llm_onecall,12384.0,OK,
665,教育,第1轮,来点英语口语,edu_fuzzy_search,"{""retext"": ""来点英语口语""}",来点英语口语,llm_onecall,10037.4,OK,
665,教育,第2轮,能试听的,edu_fuzzy_search,"{""retext"": ""能试听英语口语""}",能试听英语口语,llm_onecall,9088.3,OK,
665,教育,第3轮,价格实惠点,edu_search,"{""query"": {""field"": ""is_fee"", ""value"": 0}}",价格实惠点,llm_onecall,10266.0,OK,
665,教育,第4轮,便宜点的,edu_fuzzy_search,"{""retext"": ""便宜点的""}",便宜点的,llm_onecall,10137.9,OK,
665,教育,第5轮,外教上的,edu_fuzzy_search,"{""retext"": ""外教上的""}",外教上的,llm_onecall,11961.8,OK,
666,教育,第1轮,有什么英语口语,edu_fuzzy_search,"{""retext"": ""有什么英语口语""}",有什么英语口语,llm_onecall,9800.0,OK,
666,教育,第2轮,性价比高的,edu_fuzzy_search,"{""retext"": ""性价比高的英语口语""}",性价比高的英语口语,llm_onecall,8733.9,OK,
666,教育,第3轮,免费那种,edu_fuzzy_search,"{""retext"": ""性价比高的免费英语口语""}",性价比高的免费英语口语,llm_onecall,10636.6,OK,
666,教育,第4轮,能试听的,edu_fuzzy_search,"{""retext"": ""性价比高的免费英语口语能试听的""}",性价比高的免费英语口语能试听的,llm_onecall,11550.1,OK,
666,教育,第5轮,不花钱的,edu_fuzzy_search,"{""retext"": ""性价比高的免费英语口语能试听的""}",性价比高的免费英语口语能试听的,llm_onecall,12589.4,OK,
667,教育,第1轮,来一部美术课,edu_fuzzy_search,"{""retext"": ""来一部美术课""}",来一部美术课,llm_onecall,9606.2,OK,
667,教育,第2轮,五岁的,edu_fuzzy_search,"{""retext"": ""五岁的""}",五岁的,llm_onecall,9000.0,OK,
667,教育,第3轮,带步骤,educ_fuzzy_search,"{""retext"": ""来一部美术课五岁的带步骤""}",来一部美术课五岁的带步骤,llm_onecall,11728.0,OK,
667,教育,第4轮,儿童简笔画的,educ_search,"{""query"": {""field"": ""children_third_genre"", ""value"": ""简笔画""}, ""retext"": ""儿童简笔画的""}",儿童简笔画的,llm_onecall,15298.9,OK,
667,教育,第5轮,有步骤演示的,demo_control,"{""device"": """", ""location"": """", ""object"": ""步骤演示"", ""operation"": ""打开"", ""value"": """"}",有步骤演示的,llm_onecall,11062.3,OK,
668,教育,第1轮,有哪些做菜的教学视频,fan_knowledge_agent,"{""messages"": [{""content"": ""有哪些做菜的教学视频"", ""role"": ""user""}], ""riskRespStrategy"": ""all_replace"", ""sceneTypeIntentList"": [{""sceneType"": ""knowledge_qa""}]}",有哪些做菜的教学视频,general_rule,12832.0,OK,
668,教育,第2轮,十分钟一集,edu_fuzzy_search,"{""retext"": ""做菜教学视频十分钟一集""}",做菜教学视频十分钟一集,llm_onecall,9728.6,OK,
668,教育,第3轮,家常菜系,edu_fuzzy_search,"{""retext"": ""做菜教学视频十分钟一集家常菜系""}",做菜教学视频十分钟一集家常菜系,llm_onecall,10676.2,OK,
668,教育,第4轮,家常做菜,edu_fuzzy_search,"{""retext"": ""做菜教学视频十分钟一集家常菜系""}",做菜教学视频十分钟一集家常菜系,llm_onecall,11406.5,OK,
668,教育,第5轮,清晰度高的,numeric_adjust,"{""device"": """", ""location"": """", ""object"": ""清晰度"", ""operation"": ""提高"", ""value"": """"}",做菜教学视频十分钟一集家常菜系清晰度高的,llm_onecall,11950.9,OK,
669,教育,第1轮,放几部物理实验课,edu_fuzzy_search,"{""retext"": ""放几部物理实验课""}",放几部物理实验课,llm_onecall,9798.6,OK,
669,教育,第2轮,带动画,educ_search,"{""query"": {""and"": [{""field"": ""title"", ""value"": ""物理实验课""}, {""field"": ""content_type"", ""value"": ""动画""}]}, ""retext"": ""放几部物理实验课带动画""}",放几部物理实验课带动画,llm_onecall,22553.3,OK,
669,教育,第3轮,讲得生动的,music_song_search,"{""retext"": ""《晓鹿老师 小小音乐课》讲得生动"", ""song"": [""晓鹿老师小小音乐课""]}",《晓鹿老师 小小音乐课》讲得生动,llm_onecall,11148.6,OK,
669,教育,第4轮,课堂活跃的,music_song_search,"{""retext"": ""课堂活跃的"", ""tag"": [""课堂活跃""]}",课堂活跃的,llm_onecall,11632.8,OK,
669,教育,第5轮,力学那种,music_song_semantic_search,"{""retext"": ""力学那种""}",力学那种,llm_onecall,10690.2,OK,
67,影视,第1轮,有啥好看的找赵丽颖演的电视剧,vod_search,"{""action"": ""search"", ""query"": {""and"": [{""field"": ""actor"", ""value"": ""赵丽颖""}, {""field"": ""category"", ""value"": ""电视剧""}]}, ""retext"": ""有啥好看的找赵丽颖演的电视剧"", ""sort"": {""hot"": {""order"": ""desc""}}}",有啥好看的找赵丽颖演的电视剧,llm_onecall,17227.4,OK,
67,影视,第2轮,卖座的,vod_search,"{""action"": ""search"", ""query"": {""and"": [{""field"": ""actor"", ""value"": ""赵丽颖""}, {""field"": ""category"", ""value"": ""电视剧""}]}, ""retext"": ""有啥好看的找赵丽颖演的卖座的电视剧"", ""sort"": {""hot"": {""order"": ""desc""}}}",有啥好看的找赵丽颖演的卖座的电视剧,llm_onecall,18505.2,OK,
67,影视,第3轮,票房好的,vod_search,"{""action"": ""search"", ""query"": {""and"": [{""field"": ""actor"", ""value"": ""赵丽颖""}, {""field"": ""category"", ""value"": ""电视剧""}]}, ""retext"": ""有啥好看的找赵丽颖演的卖座的电视剧"", ""sort"": {""hot"": {""order"": ""desc""}}}",有啥好看的找赵丽颖演的卖座的电视剧,llm_onecall,19237.9,OK,
67,影视,第4轮,评价好点的,vod_search,"{""action"": ""search"", ""query"": {""and"": [{""field"": ""actor"", ""value"": ""赵丽颖""}, {""field"": ""category"", ""value"": ""电视剧""}]}, ""retext"": ""有啥好看的找赵丽颖演的卖座的电视剧评价好点的"", ""sort"": {""hot"": {""order"": ""desc""}}}",有啥好看的找赵丽颖演的卖座的电视剧评价好点的,llm_onecall,16608.9,OK,
67,影视,第5轮,新歌的那种,music_song_search,"{""retext"": ""新歌的那种"", ""toplist"": [""新歌""]}",新歌的那种,llm_onecall,15880.6,OK,
670,教育,第1轮,推荐几部教师资格证考试课,edu_fuzzy_search,"{""retext"": ""推荐几部教师资格证考试课""}",推荐几部教师资格证考试课,llm_onecall,9025.3,OK,
670,教育,第2轮,综合素质那一科的,edu_fuzzy_search,"{""retext"": ""推荐教师资格证考试综合素质那一科的课""}",推荐教师资格证考试综合素质那一科的课,llm_onecall,8983.5,OK,
670,教育,第3轮,有试听课吗,edu_fuzzy_search,"{""retext"": ""教师资格证考试综合素质课有试听课吗""}",教师资格证考试综合素质课有试听课吗,llm_onecall,11056.0,OK,
670,教育,第4轮,性价比高,edu_fuzzy_search,"{""retext"": ""推荐教师资格证考试综合素质课性价比高""}",推荐教师资格证考试综合素质课性价比高,llm_onecall,11440.4,OK,
670,教育,第5轮,综合那科,edu_fuzzy_search,"{""retext"": ""推荐教师资格证考试综合素质课""}",推荐教师资格证考试综合素质课,llm_onecall,11769.1,OK,
671,教育,第1轮,来几部英语口语,edu_fuzzy_search,"{""retext"": ""来几部英语口语""}",来几部英语口语,llm_onecall,8561.9,OK,
671,教育,第2轮,价格实惠点,edu_fuzzy_search,"{""retext"": ""来几部价格实惠的英语口语""}",来几部价格实惠的英语口语,llm_onecall,10059.6,OK,
671,教育,第3轮,外教那种,edu_fuzzy_search,"{""retext"": ""来几部外教那种英语口语""}",来几部外教那种英语口语,llm_onecall,10977.3,OK,
671,教育,第4轮,一对一的,edu_fuzzy_search,"{""retext"": ""来几部一对一的英语口语""}",来几部一对一的英语口语,llm_onecall,10856.2,OK,
671,教育,第5轮,性价比高的,edu_fuzzy_search,"{""retext"": ""来几部性价比高的英语口语""}",来几部性价比高的英语口语,llm_onecall,11946.0,OK,
672,教育,第1轮,推荐些找人教版数学的课,edu_search,"{""query"": {""and"": [{""field"": ""first_subject"", ""value"": ""数学""}, {""field"": ""material_version"", ""value"": ""人教版""}, {""field"": ""k12_category"", ""operator"": ""or"", ""values"": [""同步课"", ""同步拓展课""]}]}}",推荐些找人教版数学的课,llm_onecall,10350.6,OK,
672,教育,第2轮,基础篇,edu_fuzzy_search,"{""retext"": ""推荐些人教版数学的基础篇""}",推荐些人教版数学的基础篇,llm_onecall,10425.3,OK,
672,教育,第3轮,有老师带的那种,edu_fuzzy_search,"{""retext"": ""推荐些人教版数学的基础篇有老师带的那种""}",推荐些人教版数学的基础篇有老师带的那种,llm_onecall,10905.4,OK,
672,教育,第4轮,不要会员的吗,edu_search,"{""query"": {""and"": [{""field"": ""material_version"", ""value"": ""人教版""}, {""field"": ""first_subject"", ""value"": ""数学""}, {""field"": ""is_fee"", ""value"": 0}, {""field"": ""k12_category"", ""operator"": ""or"", ""values"": [""同步课"", ""同步拓展课""]}]}}",推荐些人教版数学的基础篇有老师带的不要会员的,llm_onecall,14663.5,OK,
672,教育,第5轮,讲基础的,edu_fuzzy_search,"{""retext"": ""推荐些人教版数学的基础篇""}",推荐些人教版数学的基础篇,llm_onecall,10433.7,OK,
673,教育,第1轮,放美术课,edu_fuzzy_search,"{""retext"": ""放美术课""}",放美术课,llm_onecall,8717.3,OK,
673,教育,第2轮,适合五岁小孩,educ_fuzzy_search,"{""retext"": ""适合五岁小孩""}",适合五岁小孩,llm_onecall,11001.7,OK,
673,教育,第3轮,5岁能学的,educ_fuzzy_search,"{""retext"": ""适合五岁小孩""}",适合五岁小孩,llm_onecall,11049.6,OK,
673,教育,第4轮,步骤那种,educ_fuzzy_search,"{""retext"": ""适合五岁小孩步骤那种""}",适合五岁小孩步骤那种,llm_onecall,12206.9,OK,
673,教育,第5轮,简笔画教学,edu_fuzzy_search,"{""retext"": ""简笔画教学""}",简笔画教学,llm_onecall,10252.1,OK,
674,教育,第1轮,有什么好看的中考复习的视频,edu_fuzzy_search,"{""retext"": ""有什么好看的中考复习的视频""}",有什么好看的中考复习的视频,llm_onecall,9105.2,OK,
674,教育,第2轮,权威的,edu_fuzzy_search,"{""retext"": ""权威的中考复习视频""}",权威的中考复习视频,llm_onecall,10349.3,OK,
674,教育,第3轮,青岛地区那种,edu_fuzzy_search,"{""retext"": ""权威的中考复习视频""}",权威的中考复习视频,llm_onecall,11078.3,OK,
674,教育,第4轮,要鲁教版,edu_fuzzy_search,"{""retext"": ""权威的中考复习视频要鲁教版""}",权威的中考复习视频要鲁教版,llm_onecall,11722.3,OK,
674,教育,第5轮,真题讲解的,edu_fuzzy_search,"{""retext"": ""权威的中考复习视频要鲁教版真题讲解的""}",权威的中考复习视频要鲁教版真题讲解的,llm_onecall,10323.4,OK,
675,教育,第1轮,想看教师资格证考试课,edu_fuzzy_search,"{""retext"": ""想看教师资格证考试课""}",想看教师资格证考试课,llm_onecall,9560.1,OK,
675,教育,第2轮,有试听吗,edu_fuzzy_search,"{""retext"": ""搜索教师资格证考试课程""}",搜索教师资格证考试课程,llm_onecall,11351.4,OK,
675,教育,第3轮,有历年真题,edu_fuzzy_search,"{""retext"": ""搜索教师资格证考试历年真题""}",搜索教师资格证考试历年真题,llm_onecall,11365.8,OK,
675,教育,第4轮,有试听课吗,edu_fuzzy_search,"{""retext"": ""搜索教师资格证考试历年真题""}",搜索教师资格证考试历年真题,llm_onecall,13548.8,OK,
675,教育,第5轮,有体验课吗,edu_fuzzy_search,"{""retext"": ""搜索教师资格证考试历年真题""}",搜索教师资格证考试历年真题,llm_onecall,11000.6,OK,
676,教育,第1轮,看看中考复习的视频,edu_fuzzy_search,"{""retext"": ""看看中考复习的视频""}",看看中考复习的视频,llm_onecall,9378.9,OK,
676,教育,第2轮,免费的有哪些,edu_fuzzy_search,"{""retext"": ""看看免费的中考复习视频""}",看看免费的中考复习视频,llm_onecall,11801.5,OK,
676,教育,第3轮,讲真题的,edu_fuzzy_search,"{""retext"": ""看看免费的中考复习视频讲真题的""}",看看免费的中考复习视频讲真题的,llm_onecall,11055.7,OK,
676,教育,第4轮,青岛版,edu_fuzzy_search,"{""retext"": ""看看免费的中考复习视频讲真题的青岛版""}",看看免费的中考复习视频讲真题的青岛版,llm_onecall,13295.4,OK,
676,教育,第5轮,权威标准的,edu_fuzzy_search,"{""retext"": ""看看免费的中考复习视频讲真题的青岛版权威标准的""}",看看免费的中考复习视频讲真题的青岛版权威标准的,llm_onecall,10850.0,OK,
677,教育,第1轮,有什么做菜的教学视频,edu_fuzzy_search,"{""retext"": ""有什么做菜的教学视频""}",有什么做菜的教学视频,llm_onecall,9126.6,OK,
677,教育,第2轮,家常菜的,edu_fuzzy_search,"{""retext"": ""家常菜的教学视频""}",家常菜的教学视频,llm_onecall,11783.5,OK,
677,教育,第3轮,清晰的,edu_fuzzy_search,"{""retext"": ""家常菜的教学视频""}",家常菜的教学视频,llm_onecall,10437.3,OK,
677,教育,第4轮,单集十分钟,edu_fuzzy_search,"{""retext"": ""家常菜的教学视频单集十分钟""}",家常菜的教学视频单集十分钟,llm_onecall,12540.7,OK,
677,教育,第5轮,一集十分钟以内的,edu_fuzzy_search,"{""retext"": ""家常菜的教学视频单集十分钟""}",家常菜的教学视频单集十分钟,llm_onecall,9919.3,OK,
678,教育,第1轮,好看的英语口语,edu_fuzzy_search,"{""retext"": ""好看的英语口语""}",好看的英语口语,llm_onecall,8689.6,OK,
678,教育,第2轮,不收费的,edu_fuzzy_search,"{""retext"": ""不收费的英语口语""}",不收费的英语口语,llm_onecall,10673.2,OK,
678,教育,第3轮,外国人教的,edu_fuzzy_search,"{""retext"": ""外国人教的英语口语""}",外国人教的英语口语,llm_onecall,11557.4,OK,
678,教育,第4轮,外教上的,edu_fuzzy_search,"{""retext"": ""外教上的""}",外教上的,llm_onecall,11738.3,OK,
678,教育,第5轮,免费那种,edu_fuzzy_search,"{""retext"": ""免费那种""}",免费那种,llm_onecall,8954.6,OK,
679,教育,第1轮,想看中考复习的视频,edu_fuzzy_search,"{""retext"": ""想看中考复习的视频""}",想看中考复习的视频,llm_onecall,9222.1,OK,
679,教育,第2轮,青岛地区那种,edu_fuzzy_search,"{""retext"": ""想看青岛地区中考复习的视频""}",想看青岛地区中考复习的视频,llm_onecall,11307.4,OK,
679,教育,第3轮,适合青岛地区的,edu_fuzzy_search,"{""retext"": ""想看适合青岛地区的中考复习视频""}",想看适合青岛地区的中考复习视频,llm_onecall,12035.0,OK,
679,教育,第4轮,鲁教版的那种,edu_fuzzy_search,"{""retext"": ""想看鲁教版的适合青岛地区的中考复习视频""}",想看鲁教版的适合青岛地区的中考复习视频,llm_onecall,11854.3,OK,
679,教育,第5轮,免费的有哪些,edu_fuzzy_search,"{""retext"": ""想看免费的鲁教版的适合青岛地区的中考复习视频""}",想看免费的鲁教版的适合青岛地区的中考复习视频,llm_onecall,11652.5,OK,
68,影视,第1轮,放几部灾难片,vod_search,"{""action"": ""play"", ""query"": {""and"": [{""field"": ""category"", ""value"": ""电影""}, {""field"": ""tag"", ""value"": ""灾难""}]}, ""retext"": ""放几部灾难片""}",放几部灾难片,llm_onecall,18041.2,OK,
68,影视,第2轮,特效震撼的,vod_fuzzy_search,"{""retext"": ""特效震撼的灾难片""}",特效震撼的灾难片,llm_onecall,17388.1,OK,
68,影视,第3轮,国语版的有没有,vod_search_all,"{""action"": ""search"", ""query"": {""and"": [{""field"": ""language"", ""value"": ""国语""}, {""field"": ""category"", ""value"": ""电影""}, {""field"": ""tag"", ""value"": ""灾难""}]}, ""retext"": ""有没有国语版的特效震撼的灾难片""}",有没有国语版的特效震撼的灾难片,llm_onecall,18860.6,OK,
68,影视,第4轮,近五年的,vod_search,"{""action"": ""search"", ""query"": {""and"": [{""field"": ""category"", ""value"": ""电影""}, {""field"": ""tag"", ""value"": ""灾难""}, {""field"": ""release_time"", ""from"": ""20200101"", ""to"": ""20241231""}]}, ""retext"": ""近五年的特效震撼的灾难片""}",近五年的特效震撼的灾难片,llm_onecall,18634.4,OK,
68,影视,第5轮,评分高一点的,edu_fuzzy_search,"{""retext"": ""近五年的特效震撼的灾难片评分高一点的""}",近五年的特效震撼的灾难片评分高一点的,llm_onecall,17179.1,OK,
680,教育,第1轮,我想看教师资格证考试课,edu_fuzzy_search,"{""retext"": ""我想看教师资格证考试课""}",我想看教师资格证考试课,llm_onecall,10619.2,OK,
680,教育,第2轮,带真题,edu_fuzzy_search,"{""retext"": ""我想看教师资格证考试课带真题""}",我想看教师资格证考试课带真题,llm_onecall,11462.6,OK,
680,教育,第3轮,有体验课吗,edu_fuzzy_search,"{""retext"": ""我想看教师资格证考试课带真题有体验课吗""}",我想看教师资格证考试课带真题有体验课吗,llm_onecall,12219.9,OK,
680,教育,第4轮,能试听吗,edu_fuzzy_search,"{""retext"": ""我想看教师资格证考试课带真题有体验课吗""}",我想看教师资格证考试课带真题有体验课吗,llm_onecall,10693.2,OK,
680,教育,第5轮,要综合那科,edu_fuzzy_search,"{""retext"": ""我想看教师资格证考试课带真题有体验课吗综合那科""}",我想看教师资格证考试课带真题有体验课吗综合那科,llm_onecall,11050.2,OK,
681,教育,第1轮,有啥好看的美术课,edu_fuzzy_search,"{""retext"": ""有啥好看的美术课""}",有啥好看的美术课,llm_onecall,10635.6,OK,
681,教育,第2轮,五岁的,edu_fuzzy_search,"{""retext"": ""有啥好看的美术课""}",有啥好看的美术课,llm_onecall,11527.3,OK,
681,教育,第3轮,适合五岁小孩,educ_search,"{""query"": {""and"": [{""field"": ""age_range"", ""from"": ""5"", ""to"": ""5""}, {""field"": ""children_third_genre"", ""value"": ""美术课""}]}, ""retext"": ""适合五岁小孩的美术课""}",适合五岁小孩的美术课,llm_onecall,17421.9,OK,
681,教育,第4轮,有步骤演示的,common_control,"{""device"": """", ""location"": """", ""object"": ""适合五岁小孩的美术课有步骤演示"", ""operation"": ""打开"", ""value"": """"}",适合五岁小孩的美术课有步骤演示,llm_onecall,12187.0,OK,
681,教育,第5轮,带步骤,common_control,"{""device"": """", ""location"": """", ""object"": ""适合五岁小孩的美术课有步骤演示"", ""operation"": ""打开"", ""value"": """"}",适合五岁小孩的美术课有步骤演示,llm_onecall,11488.2,OK,
682,教育,第1轮,好看的中考复习的视频,edu_fuzzy_search,"{""retext"": ""好看的中考复习的视频""}",好看的中考复习的视频,llm_onecall,10529.5,OK,
682,教育,第2轮,科目全的,edu_fuzzy_search,"{""retext"": ""科目全的中考复习视频""}",科目全的中考复习视频,llm_onecall,10663.2,OK,
682,教育,第3轮,免费的有哪些,fan_knowledge_agent,"{""messages"": [{""content"": ""科目全的中考复习视频免费的有哪些"", ""role"": ""user""}], ""riskRespStrategy"": ""all_replace"", ""sceneTypeIntentList"": [{""sceneType"": ""knowledge_qa""}]}",科目全的中考复习视频免费的有哪些,general_rule,16582.7,OK,
682,教育,第4轮,权威标准的,fan_knowledge_agent,"{""messages"": [{""content"": ""科目全的中考复习视频免费的有哪些权威标准的"", ""role"": ""user""}], ""riskRespStrategy"": ""all_replace"", ""sceneTypeIntentList"": [{""sceneType"": ""knowledge_qa""}]}",科目全的中考复习视频免费的有哪些权威标准的,general_rule,13727.3,OK,
682,教育,第5轮,不花钱的有什么,fan_knowledge_agent,"{""messages"": [{""content"": ""科目全的中考复习视频免费的有哪些权威标准的"", ""role"": ""user""}], ""riskRespStrategy"": ""all_replace"", ""sceneTypeIntentList"": [{""sceneType"": ""knowledge_qa""}]}",科目全的中考复习视频免费的有哪些权威标准的,general_rule,16318.4,OK,
683,教育,第1轮,放几部吉他,,,,,,ERR,TimeoutError: timed out
683,教育,第2轮,每节20分钟内,vod_search,"{""action"": ""search"", ""query"": {""field"": ""video_index"", ""from"": ""0"", ""to"": ""20""}, ""retext"": ""每节20分钟内""}",每节20分钟内,llm_onecall,10837.0,OK,
683,教育,第3轮,要每节课二十分钟以内的,vod_search,"{""action"": ""search"", ""query"": {""field"": ""video_duration"", ""to"": ""1200""}, ""retext"": ""要每节课二十分钟以内的""}",要每节课二十分钟以内的,llm_onecall,10401.9,OK,
683,教育,第4轮,零基础的,edu_fuzzy_search,"{""retext"": ""零基础""}",零基础,llm_onecall,9395.8,OK,
683,教育,第5轮,有没有免费的,edu_fuzzy_search,"{""retext"": ""有没有免费的""}",有没有免费的,llm_onecall,11533.8,OK,
684,教育,第1轮,有啥好看的教师资格证考试课,edu_fuzzy_search,"{""retext"": ""有啥好看的教师资格证考试课""}",有啥好看的教师资格证考试课,llm_onecall,10783.8,OK,
684,教育,第2轮,要真题那种,edu_fuzzy_search,"{""retext"": ""有啥好看的教师资格证考试课；要真题那种""}",有啥好看的教师资格证考试课；要真题那种,llm_onecall,11580.8,OK,
684,教育,第3轮,价格实惠的,edu_fuzzy_search,"{""retext"": ""有啥好看的教师资格证考试课；要真题那种；价格实惠的""}",有啥好看的教师资格证考试课；要真题那种；价格实惠的,llm_onecall,12737.4,OK,
684,教育,第4轮,实惠点的,edu_fuzzy_search,"{""retext"": ""有啥好看的教师资格证考试课；要真题那种；价格实惠的""}",有啥好看的教师资格证考试课；要真题那种；价格实惠的,llm_onecall,11738.8,OK,
684,教育,第5轮,综合那科,edu_fuzzy_search,"{""retext"": ""有啥好看的教师资格证考试课；要真题那种；价格实惠的；综合那科""}",有啥好看的教师资格证考试课；要真题那种；价格实惠的；综合那科,llm_onecall,12018.4,OK,
685,教育,第1轮,有没有好看的美术课,edu_fuzzy_search,"{""retext"": ""有没有好看的美术课""}",有没有好看的美术课,llm_onecall,10903.0,OK,
685,教育,第2轮,要5岁能学的,educ_search,"{""query"": {""and"": [{""field"": ""title"", ""value"": ""美术课""}, {""field"": ""age_range"", ""from"": ""5"", ""to"": ""5""}]}, ""retext"": ""有没有5岁能学的美术课""}",有没有5岁能学的美术课,llm_onecall,16582.0,OK,
685,教育,第3轮,简笔画那种,educ_search,"{""query"": {""and"": [{""field"": ""title"", ""value"": ""美术课""}, {""field"": ""age_range"", ""from"": ""5"", ""to"": ""5""}]}, ""retext"": ""有没有5岁能学的美术课""}",有没有5岁能学的美术课,llm_onecall,11533.5,OK,
685,教育,第4轮,步骤那种,educ_search,"{""query"": {""field"": ""title"", ""value"": ""晓鹿老师 小小美术课""}, ""retext"": ""《晓鹿老师 小小美术课》""}",《晓鹿老师 小小美术课》,llm_onecall,11391.3,OK,
685,教育,第5轮,分步演示,demo_control,"{""device"": """", ""location"": """", ""object"": ""《晓鹿老师 小小美术课》分步演示"", ""operation"": ""打开"", ""value"": """"}",《晓鹿老师 小小美术课》分步演示,llm_onecall,10978.9,OK,
686,教育,第1轮,有哪些美术课,fan_knowledge_agent,"{""messages"": [{""content"": ""有哪些美术课"", ""role"": ""user""}], ""riskRespStrategy"": ""all_replace"", ""sceneTypeIntentList"": [{""sceneType"": ""knowledge_qa""}]}",有哪些美术课,general_rule,12226.4,OK,
686,教育,第2轮,要儿童简笔画的,educ_search,"{""query"": {""field"": ""title"", ""value"": ""简笔画""}, ""retext"": ""要儿童简笔画""}",要儿童简笔画,llm_onecall,13167.6,OK,
686,教育,第3轮,简笔画那种,educ_search,"{""query"": {""field"": ""title"", ""value"": ""宝宝巴士神奇简笔画""}, ""retext"": ""《宝宝巴士 神奇简笔画》""}",《宝宝巴士 神奇简笔画》,llm_onecall,13016.0,OK,
686,教育,第4轮,适合五岁小孩,educ_search,"{""query"": {""and"": [{""field"": ""title"", ""value"": ""宝宝巴士神奇简笔画""}, {""field"": ""age_range"", ""from"": ""5"", ""to"": ""5""}]}, ""retext"": ""《宝宝巴士 神奇简笔画》适合五岁小孩""}",《宝宝巴士 神奇简笔画》适合五岁小孩,llm_onecall,12569.5,OK,
686,教育,第5轮,分步演示,demo_control,"{""device"": """", ""location"": """", ""object"": ""《宝宝巴士 神奇简笔画》分步演示"", ""operation"": ""打开"", ""value"": """"}",《宝宝巴士 神奇简笔画》分步演示,llm_onecall,11442.9,OK,
687,教育,第1轮,有什么好看的物理实验课,edu_fuzzy_search,"{""retext"": ""有什么好看的物理实验课""}",有什么好看的物理实验课,llm_onecall,10726.2,OK,
687,教育,第2轮,讲得生动的,edu_fuzzy_search,"{""retext"": ""有什么讲得生动的物理实验课""}",有什么讲得生动的物理实验课,llm_onecall,12536.6,OK,
687,教育,第3轮,力学部分,edu_fuzzy_search,"{""retext"": ""有什么讲得生动的物理实验课力学部分""}",有什么讲得生动的物理实验课力学部分,llm_onecall,10305.9,OK,
687,教育,第4轮,要动画演示的,educ_fuzzy_search,"{""retext"": ""有什么讲得生动的物理实验课力学部分要动画演示的""}",有什么讲得生动的物理实验课力学部分要动画演示的,llm_onecall,11176.2,OK,
687,教育,第5轮,初中力学的,educ_search,"{""query"": {""and"": [{""field"": ""children_third_genre"", ""value"": ""力学""}, {""field"": ""content_type"", ""value"": ""动画""}]}, ""retext"": ""有什么讲得生动的物理实验课力学部分要动画演示的初中力学的""}",有什么讲得生动的物理实验课力学部分要动画演示的初中力学的,llm_onecall,13870.3,OK,
688,教育,第1轮,放几部做菜的教学视频,edu_fuzzy_search,"{""retext"": ""放几部做菜的教学视频""}",放几部做菜的教学视频,llm_onecall,11586.3,OK,
688,教育,第2轮,讲得仔细的,edu_fuzzy_search,"{""retext"": ""讲得仔细的做菜的教学视频""}",讲得仔细的做菜的教学视频,llm_onecall,12428.0,OK,
688,教育,第3轮,单集十分钟,edu_fuzzy_search,"{""retext"": ""讲得仔细的做菜的教学视频""}",讲得仔细的做菜的教学视频,llm_onecall,10926.5,OK,
688,教育,第4轮,不花钱的有没有,edu_fuzzy_search,"{""retext"": ""不花钱的做菜的教学视频""}",不花钱的做菜的教学视频,llm_onecall,11009.2,OK,
688,教育,第5轮,家常那种,edu_fuzzy_search,"{""retext"": ""家常那种做菜的教学视频""}",家常那种做菜的教学视频,llm_onecall,13252.7,OK,
689,教育,第1轮,放几部教师资格证考试课,edu_fuzzy_search,"{""retext"": ""放几部教师资格证考试课""}",放几部教师资格证考试课,llm_onecall,11807.3,OK,
689,教育,第2轮,有试听课吗,edu_fuzzy_search,"{""retext"": ""教师资格证考试课有试听课吗""}",教师资格证考试课有试听课吗,llm_onecall,10271.7,OK,
689,教育,第3轮,便宜的,edu_fuzzy_search,"{""retext"": ""教师资格证考试课有便宜的吗""}",教师资格证考试课有便宜的吗,llm_onecall,11535.3,OK,
689,教育,第4轮,能试听吗,edu_fuzzy_search,"{""retext"": ""教师资格证考试课有试听课吗""}",教师资格证考试课有试听课吗,llm_onecall,12274.2,OK,
689,教育,第5轮,科目二的,edu_fuzzy_search,"{""retext"": ""教师资格证考试课科目二的""}",教师资格证考试课科目二的,llm_onecall,11870.2,OK,
69,影视,第1轮,来点职场剧,vod_search,"{""action"": ""search"", ""query"": {""and"": [{""field"": ""category"", ""value"": ""电视剧""}, {""field"": ""tag"", ""value"": ""职场""}]}, ""retext"": ""来点职场剧""}",来点职场剧,llm_onecall,17371.9,OK,
69,影视,第2轮,国产的有没有的那种,vod_search_all,"{""action"": ""search"", ""query"": {""and"": [{""field"": ""area"", ""value"": ""国产""}, {""field"": ""category"", ""value"": ""电视剧""}, {""field"": ""tag"", ""value"": ""职场""}]}, ""retext"": ""想看国产职场剧""}",想看国产职场剧,llm_onecall,17499.2,OK,
69,影视,第3轮,商战题材的,vod_search_all,"{""action"": ""search"", ""query"": {""and"": [{""field"": ""area"", ""value"": ""国产""}, {""field"": ""category"", ""value"": ""电视剧""}, {""field"": ""tag"", ""value"": ""商战""}]}, ""retext"": ""想看国产商战剧""}",想看国产商战剧,llm_onecall,14654.5,OK,
69,影视,第4轮,要是国产的吗,vod_search_all,"{""action"": ""search"", ""query"": {""and"": [{""field"": ""area"", ""value"": ""国产""}, {""field"": ""category"", ""value"": ""电视剧""}, {""field"": ""tag"", ""value"": ""商战""}]}, ""retext"": ""想看国产商战剧""}",想看国产商战剧,llm_onecall,17401.2,OK,
69,影视,第5轮,评分高一些的,vod_search_all,"{""action"": ""search"", ""query"": {""and"": [{""field"": ""area"", ""value"": ""国产""}, {""field"": ""category"", ""value"": ""电视剧""}, {""field"": ""tag"", ""value"": ""商战""}]}, ""retext"": ""想看评分高的国产商战剧"", ""sort"": {""rate"": {""order"": ""desc""}}}",想看评分高的国产商战剧,llm_onecall,18589.3,OK,
690,教育,第1轮,推荐几部物理实验课,edu_fuzzy_search,"{""retext"": ""推荐几部物理实验课""}",推荐几部物理实验课,llm_onecall,11447.3,OK,
690,教育,第2轮,超清的,edu_fuzzy_search,"{""retext"": ""推荐几部超清的物理实验课""}",推荐几部超清的物理实验课,llm_onecall,11611.8,OK,
690,教育,第3轮,初中物理力学,edu_fuzzy_search,"{""retext"": ""初中物理力学""}",初中物理力学,llm_onecall,10039.4,OK,
690,教育,第4轮,力学那种,edu_fuzzy_search,"{""retext"": ""初中物理力学""}",初中物理力学,llm_onecall,12970.1,OK,
690,教育,第5轮,高清超清,edu_fuzzy_search,"{""retext"": ""高清超清""}",高清超清,llm_onecall,10819.4,OK,
691,教育,第1轮,英语口语有哪些,fan_knowledge_agent,"{""messages"": [{""content"": ""英语口语有哪些"", ""role"": ""user""}], ""riskRespStrategy"": ""all_replace"", ""sceneTypeIntentList"": [{""sceneType"": ""knowledge_qa""}]}",英语口语有哪些,general_rule,12893.8,OK,
691,教育,第2轮,要一对一是吗,edu_fuzzy_search,"{""retext"": ""英语口语一对一""}",英语口语一对一,llm_onecall,10133.0,OK,
691,教育,第3轮,1对1的,edu_fuzzy_search,"{""retext"": ""英语口语一对一""}",英语口语一对一,llm_onecall,10108.1,OK,
691,教育,第4轮,便宜点的,edu_fuzzy_search,"{""retext"": ""英语口语一对一便宜点的""}",英语口语一对一便宜点的,llm_onecall,12989.8,OK,
691,教育,第5轮,外教那种,edu_fuzzy_search,"{""retext"": ""英语口语一对一外教""}",英语口语一对一外教,llm_onecall,10630.8,OK,
692,教育,第1轮,找点找沪教版语文的课,edu_search,"{""query"": {""and"": [{""field"": ""first_subject"", ""value"": ""语文""}, {""field"": ""material_version"", ""value"": ""沪教版""}, {""field"": ""k12_category"", ""operator"": ""or"", ""values"": [""同步课"", ""同步拓展课""]}]}}",找点找沪教版语文的课,llm_onecall,12232.3,OK,
692,教育,第2轮,讲基础的,edu_search,"{""query"": {""and"": [{""field"": ""grade"", ""value"": ""七年级""}, {""field"": ""semester"", ""value"": ""下半学期""}, {""field"": ""first_subject"", ""value"": ""语文""}, {""field"": ""k12_category"", ""operator"": ""or"", ""values"": [""同步课"", ""同步拓展课""]}]}}",《初一语文下同步专题》,llm_onecall,13267.5,OK,
692,教育,第3轮,基础篇,edu_fuzzy_search,"{""retext"": ""《初一语文下同步专题》基础篇""}",《初一语文下同步专题》基础篇,llm_onecall,11216.8,OK,
692,教育,第4轮,不要钱的吗,edu_search,"{""query"": {""and"": [{""field"": ""grade"", ""value"": ""七年级""}, {""field"": ""semester"", ""value"": ""下半学期""}, {""field"": ""first_subject"", ""value"": ""语文""}, {""field"": ""k12_category"", ""operator"": ""or"", ""values"": [""同步课"", ""同步拓展课""]}]}}",《初一语文下同步专题》基础篇,llm_onecall,14309.1,OK,
692,教育,第5轮,免费的有没有的那种,edu_search,"{""query"": {""and"": [{""field"": ""grade"", ""value"": ""七年级""}, {""field"": ""semester"", ""value"": ""下半学期""}, {""field"": ""first_subject"", ""value"": ""语文""}, {""field"": ""is_fee"", ""value"": 0}, {""field"": ""k12_category"", ""operator"": ""or"", ""values"": [""同步课"", ""同步拓展课""]}]}}",《初一语文下同步专题》基础篇免费的有没有,llm_onecall,12336.8,OK,
693,教育,第1轮,有啥好看的中考复习的视频,edu_fuzzy_search,"{""retext"": ""有啥好看的中考复习的视频""}",有啥好看的中考复习的视频,llm_onecall,11601.7,OK,
693,教育,第2轮,免费的有哪些,fan_knowledge_agent,"{""messages"": [{""content"": ""免费的中考复习视频有哪些"", ""role"": ""user""}], ""riskRespStrategy"": ""all_replace"", ""sceneTypeIntentList"": [{""sceneType"": ""knowledge_qa""}]}",免费的中考复习视频有哪些,general_rule,15951.6,OK,
693,教育,第3轮,标准版的,edu_fuzzy_search,"{""retext"": ""《贯通中考》系列""}",《贯通中考》系列,llm_onecall,11718.2,OK,
693,教育,第4轮,科目全的,edu_fuzzy_search,"{""retext"": ""《贯通中考》系列""}",《贯通中考》系列,llm_onecall,11194.6,OK,
693,教育,第5轮,权威的,edu_fuzzy_search,"{""retext"": ""权威的《贯通中考》系列""}",权威的《贯通中考》系列,llm_onecall,10677.9,OK,
694,教育,第1轮,推荐些找苏教版英语的课,edu_search,"{""query"": {""and"": [{""field"": ""first_subject"", ""value"": ""英语""}, {""field"": ""material_version"", ""value"": ""苏教版""}, {""field"": ""k12_category"", ""operator"": ""or"", ""values"": [""同步课"", ""同步拓展课""]}]}}",推荐些找苏教版英语的课,llm_onecall,12179.7,OK,
694,教育,第2轮,基础篇,edu_fuzzy_search,"{""retext"": ""《小学英语【词汇】专项提高》的基础篇""}",《小学英语【词汇】专项提高》的基础篇,llm_onecall,12173.2,OK,
694,教育,第3轮,带动画的那种,educ_search,"{""query"": {""and"": [{""field"": ""title"", ""value"": ""小学英语词汇专项提高""}, {""field"": ""content_type"", ""value"": ""动画""}, {""field"": ""series"", ""value"": ""基础篇""}]}, ""retext"": ""《小学英语【词汇】专项提高》的基础篇带动画的那种""}",《小学英语【词汇】专项提高》的基础篇带动画的那种,llm_onecall,25701.2,OK,
694,教育,第4轮,讲基础的,edu_fuzzy_search,"{""retext"": ""《小学英语【词汇】专项提高》的基础篇""}",《小学英语【词汇】专项提高》的基础篇,llm_onecall,11763.7,OK,
694,教育,第5轮,基础题那种,edu_fuzzy_search,"{""retext"": ""《小学英语【词汇】专项提高》的基础题那种""}",《小学英语【词汇】专项提高》的基础题那种,llm_onecall,11984.6,OK,
695,教育,第1轮,有什么教师资格证考试课,edu_fuzzy_search,"{""retext"": ""有什么教师资格证考试课""}",有什么教师资格证考试课,llm_onecall,9817.2,OK,
695,教育,第2轮,科目二的,edu_fuzzy_search,"{""retext"": ""有什么教师资格证考试科目二的课""}",有什么教师资格证考试科目二的课,llm_onecall,10895.2,OK,
695,教育,第3轮,有真题的,edu_fuzzy_search,"{""retext"": ""有什么教师资格证考试科目二的课有真题""}",有什么教师资格证考试科目二的课有真题,llm_onecall,11171.0,OK,
695,教育,第4轮,有历年真题,edu_fuzzy_search,"{""retext"": ""有什么教师资格证考试科目二的课有历年真题""}",有什么教师资格证考试科目二的课有历年真题,llm_onecall,12057.6,OK,
695,教育,第5轮,带真题,edu_fuzzy_search,"{""retext"": ""有什么教师资格证考试科目二的课有历年真题""}",有什么教师资格证考试科目二的课有历年真题,llm_onecall,11141.3,OK,
696,教育,第1轮,放物理实验课,edu_fuzzy_search,"{""retext"": ""放物理实验课""}",放物理实验课,llm_onecall,9668.6,OK,
696,教育,第2轮,1080P的有吗,edu_fuzzy_search,"{""retext"": ""放1080P的物理实验课""}",放1080P的物理实验课,llm_onecall,10730.4,OK,
696,教育,第3轮,讲得有趣的,edu_fuzzy_search,"{""retext"": ""放1080P的物理实验课""}",放1080P的物理实验课,llm_onecall,10863.7,OK,
696,教育,第4轮,有意思的,edu_fuzzy_search,"{""retext"": ""有意思的物理实验课""}",有意思的物理实验课,llm_onecall,11615.4,OK,
696,教育,第5轮,免费的有吗,edu_fuzzy_search,"{""retext"": ""有意思的物理实验课免费的有吗""}",有意思的物理实验课免费的有吗,llm_onecall,11272.1,OK,
697,教育,第1轮,来几部美术课,edu_fuzzy_search,"{""retext"": ""来几部美术课""}",来几部美术课,llm_onecall,9595.3,OK,
697,教育,第2轮,简笔画那种,vod_fuzzy_search,"{""retext"": ""来几部简笔画那种""}",来几部简笔画那种,llm_onecall,11493.5,OK,
697,教育,第3轮,步骤那种,edu_fuzzy_search,"{""retext"": ""来几部简笔画那种步骤那种""}",来几部简笔画那种步骤那种,llm_onecall,11185.0,OK,
697,教育,第4轮,适合小学生的有没有,edu_fuzzy_search,"{""retext"": ""适合小学生的简笔画步骤""}",适合小学生的简笔画步骤,llm_onecall,11549.0,OK,
697,教育,第5轮,适合5岁孩子的,educ_search,"{""query"": {""and"": [{""field"": ""age_range"", ""from"": ""5"", ""to"": ""5""}, {""field"": ""children_third_genre"", ""value"": ""简笔画""}]}, ""retext"": ""适合5岁孩子的简笔画步骤""}",适合5岁孩子的简笔画步骤,llm_onecall,12429.7,OK,
698,教育,第1轮,来点吉他,music_song_search,"{""retext"": ""来点吉他"", ""tag"": [""吉他""]}",来点吉他,llm_onecall,10779.5,OK,
698,教育,第2轮,零基础的,edu_fuzzy_search,"{""retext"": ""零基础吉他""}",零基础吉他,llm_onecall,10724.3,OK,
698,教育,第3轮,每节20分钟内,edu_fuzzy_search,"{""retext"": ""零基础吉他每节20分钟内""}",零基础吉他每节20分钟内,llm_onecall,13545.9,OK,
698,教育,第4轮,每节课二十分钟以内的,edu_fuzzy_search,"{""retext"": ""零基础吉他每节20分钟内""}",零基础吉他每节20分钟内,llm_onecall,11573.3,OK,
698,教育,第5轮,每节别太长,edu_fuzzy_search,"{""retext"": ""零基础吉他每节20分钟内""}",零基础吉他每节20分钟内,llm_onecall,10945.5,OK,
699,教育,第1轮,有没有好看的做菜的教学视频,edu_fuzzy_search,"{""retext"": ""有没有好看的做菜的教学视频""}",有没有好看的做菜的教学视频,llm_onecall,11230.5,OK,
699,教育,第2轮,家常菜的,edu_fuzzy_search,"{""retext"": ""有没有好看的家常菜的教学视频""}",有没有好看的家常菜的教学视频,llm_onecall,10536.2,OK,
699,教育,第3轮,要画质好的,edu_fuzzy_search,"{""retext"": ""有没有画质好的做菜的教学视频""}",有没有画质好的做菜的教学视频,llm_onecall,12999.3,OK,
699,教育,第4轮,详细的,edu_fuzzy_search,"{""retext"": ""有没有画质好的做菜的教学视频""}",有没有画质好的做菜的教学视频,llm_onecall,11097.9,OK,
699,教育,第5轮,讲得仔细的,edu_fuzzy_search,"{""retext"": ""有没有画质好讲得仔细的做菜的教学视频""}",有没有画质好讲得仔细的做菜的教学视频,llm_onecall,11971.0,OK,
7,影视,第1轮,想看治愈系的剧,fan_knowledge_agent,"{""messages"": [{""content"": ""想看治愈系的剧"", ""role"": ""user""}], ""riskRespStrategy"": ""all_replace"", ""sceneTypeIntentList"": [{""sceneType"": ""video""}]}",想看治愈系的剧,general_rule,22589.0,OK,
7,影视,第2轮,日本拍的,fan_knowledge_agent,"{""messages"": [{""content"": ""想看日本拍的治愈系剧"", ""role"": ""user""}], ""riskRespStrategy"": ""all_replace"", ""sceneTypeIntentList"": [{""sceneType"": ""video""}]}",想看日本拍的治愈系剧,general_rule,21132.8,OK,
7,影视,第3轮,日本那种,fan_knowledge_agent,"{""messages"": [{""content"": ""想看日本拍的治愈系剧"", ""role"": ""user""}], ""riskRespStrategy"": ""all_replace"", ""sceneTypeIntentList"": [{""sceneType"": ""video""}]}",想看日本拍的治愈系剧,general_rule,23037.6,OK,
7,影视,第4轮,日本的,fan_knowledge_agent,"{""messages"": [{""content"": ""想看日本拍的治愈系剧"", ""role"": ""user""}], ""riskRespStrategy"": ""all_replace"", ""sceneTypeIntentList"": [{""sceneType"": ""video""}]}",想看日本拍的治愈系剧,general_rule,22619.8,OK,
7,影视,第5轮,画面精美的,fan_knowledge_agent,"{""messages"": [{""content"": ""想看画面精美的日本治愈系剧"", ""role"": ""user""}], ""riskRespStrategy"": ""all_replace"", ""sceneTypeIntentList"": [{""sceneType"": ""video""}]}",想看画面精美的日本治愈系剧,general_rule,25046.7,OK,
70,影视,第1轮,我想看年代剧,vod_search,"{""action"": ""search"", ""query"": {""and"": [{""field"": ""category"", ""value"": ""电视剧""}, {""field"": ""tag"", ""value"": ""年代""}]}, ""retext"": ""我想看年代剧""}",我想看年代剧,llm_onecall,17069.6,OK,
70,影视,第2轮,集数多的那种,vod_search,"{""action"": ""search"", ""query"": {""and"": [{""field"": ""category"", ""value"": ""电视剧""}, {""field"": ""tag"", ""value"": ""年代""}]}, ""retext"": ""我想看年代剧；集数多的那种"", ""sort"": {""play"": {""order"": ""desc""}}}",我想看年代剧；集数多的那种,llm_onecall,16739.0,OK,
70,影视,第3轮,年代感强的,vod_search,"{""action"": ""search"", ""query"": {""and"": [{""field"": ""category"", ""value"": ""电视剧""}, {""field"": ""tag"", ""value"": ""年代""}]}, ""retext"": ""我想看年代感强的年代剧""}",我想看年代感强的年代剧,llm_onecall,17608.9,OK,
70,影视,第4轮,八九十年代背景的,vod_search,"{""action"": ""search"", ""query"": {""field"": ""release_time"", ""from"": ""19800101"", ""to"": ""19891231""}, ""retext"": ""我想看八九十年代背景的""}",我想看八九十年代背景的,llm_onecall,18655.2,OK,
70,影视,第5轮,讲改革开放那会儿的,vod_search,"{""action"": ""search"", ""query"": {""field"": ""release_time"", ""from"": ""19800101"", ""to"": ""19891231""}, ""retext"": ""我想看八九十年代背景的""}",我想看八九十年代背景的,llm_onecall,18568.2,OK,
700,教育,第1轮,有什么中考复习的视频,edu_fuzzy_search,"{""retext"": ""有什么中考复习的视频""}",有什么中考复习的视频,llm_onecall,10811.6,OK,
700,教育,第2轮,科目全的,edu_fuzzy_search,"{""retext"": ""有什么科目全的中考复习视频""}",有什么科目全的中考复习视频,llm_onecall,10820.3,OK,
700,教育,第3轮,要真题讲解的,edu_fuzzy_search,"{""retext"": ""有什么科目全的中考复习视频""}",有什么科目全的中考复习视频,llm_onecall,13184.0,OK,
700,教育,第4轮,官方的,edu_fuzzy_search,"{""retext"": ""有什么科目全的中考复习视频""}",有什么科目全的中考复习视频,llm_onecall,11668.6,OK,
700,教育,第5轮,讲真题的,edu_fuzzy_search,"{""retext"": ""有什么科目全的中考复习视频""}",有什么科目全的中考复习视频,llm_onecall,12356.6,OK,
701,教育,第1轮,有什么吉他,fan_knowledge_agent,"{""messages"": [{""content"": ""有什么吉他"", ""role"": ""user""}], ""riskRespStrategy"": ""all_replace"", ""sceneTypeIntentList"": [{""sceneType"": ""knowledge_qa""}]}",有什么吉他,general_rule,14206.9,OK,
701,教育,第2轮,每节别太长,fan_knowledge_agent,"{""messages"": [{""content"": ""吉他分类"", ""role"": ""user""}], ""riskRespStrategy"": ""all_replace"", ""sceneTypeIntentList"": [{""sceneType"": ""knowledge_qa""}]}",吉他分类,llm_select,13891.5,OK,
701,教育,第3轮,单节二十分钟内,fan_knowledge_agent,"{""messages"": [{""content"": ""单节二十分钟内"", ""role"": ""user""}], ""riskRespStrategy"": ""all_replace"", ""sceneTypeIntentList"": [{""sceneType"": ""knowledge_qa""}]}",单节二十分钟内,llm_select,14135.3,OK,
701,教育,第4轮,不花钱的有没有,fan_knowledge_agent,"{""messages"": [{""content"": ""不花钱的有没有"", ""role"": ""user""}], ""riskRespStrategy"": ""all_replace"", ""sceneTypeIntentList"": [{""sceneType"": ""knowledge_qa""}]}",不花钱的有没有,general_rule,13519.3,OK,
701,教育,第5轮,弹唱的,fan_knowledge_agent,"{""messages"": [{""content"": ""弹唱"", ""role"": ""user""}], ""riskRespStrategy"": ""all_replace"", ""sceneTypeIntentList"": [{""sceneType"": ""knowledge_qa""}]}",弹唱,llm_select,16519.8,OK,
702,教育,第1轮,最近想看英语口语,edu_fuzzy_search,"{""retext"": ""最近想看英语口语""}",最近想看英语口语,llm_onecall,10577.4,OK,
702,教育,第2轮,一对一的,edu_fuzzy_search,"{""retext"": ""最近想看一对一的英语口语""}",最近想看一对一的英语口语,llm_onecall,11758.4,OK,
702,教育,第3轮,不花钱的,edu_fuzzy_search,"{""retext"": ""不花钱的一对一英语口语""}",不花钱的一对一英语口语,llm_onecall,12154.2,OK,
702,教育,第4轮,不收费的,edu_fuzzy_search,"{""retext"": ""不花钱的一对一英语口语""}",不花钱的一对一英语口语,llm_onecall,10807.5,OK,
702,教育,第5轮,要外教那种,edu_fuzzy_search,"{""retext"": ""不花钱的一对一英语口语要外教那种""}",不花钱的一对一英语口语要外教那种,llm_onecall,12142.5,OK,
703,教育,第1轮,看看吉他,vod_search,"{""action"": ""play"", ""query"": {""field"": ""title"", ""value"": ""吉他""}, ""retext"": ""看看吉他""}",看看吉他,llm_onecall,10415.7,OK,
703,教育,第2轮,每节20分钟内的那种,vod_search,"{""action"": ""search"", ""query"": {""and"": [{""field"": ""video_index"", ""value"": ""1""}, {""field"": ""voice_start_pos"", ""value"": ""1200""}]}, ""retext"": ""每节20分钟内的""}",每节20分钟内的,llm_onecall,12146.7,OK,
703,教育,第3轮,每节课二十分钟以内的,vod_search,"{""action"": ""search"", ""query"": {""field"": ""video_index"", ""value"": ""20""}, ""retext"": ""每节课二十分钟以内的""}",每节课二十分钟以内的,llm_onecall,12412.2,OK,
703,教育,第4轮,每节别太长,vod_search,"{""action"": ""search"", ""query"": {""field"": ""video_index"", ""value"": ""20""}, ""retext"": ""每节课二十分钟以内的""}",每节课二十分钟以内的,llm_onecall,11617.9,OK,
703,教育,第5轮,不要会员的有没有,vod_search,"{""action"": ""search"", ""query"": {""field"": ""is_fee"", ""value"": ""0""}, ""retext"": ""不要会员的有没有""}",不要会员的有没有,llm_onecall,12063.3,OK,
704,教育,第1轮,好看的找苏教版物理的课,edu_search,"{""query"": {""and"": [{""field"": ""first_subject"", ""value"": ""物理""}, {""field"": ""material_version"", ""value"": ""苏教版""}, {""field"": ""k12_category"", ""operator"": ""or"", ""values"": [""同步课"", ""同步拓展课""]}]}}",好看的找苏教版物理的课,llm_onecall,11273.6,OK,
704,教育,第2轮,讲得细一点的,edu_search,"{""query"": {""and"": [{""field"": ""figures"", ""value"": ""高中""}, {""field"": ""first_subject"", ""value"": ""物理""}, {""field"": ""material_version"", ""value"": ""人教版""}, {""field"": ""k12_category"", ""operator"": ""or"", ""values"": [""同步课"", ""同步拓展课""]}]}}",《高中物理选修3-4同步课（人教版）》,llm_onecall,13483.5,OK,
704,教育,第3轮,讲基础的,edu_search,"{""query"": {""and"": [{""field"": ""figures"", ""value"": ""高中""}, {""field"": ""material_version"", ""value"": ""人教版""}, {""field"": ""k12_category"", ""operator"": ""or"", ""values"": [""同步课"", ""同步拓展课""]}]}}",《高中物理选修3-4同步课（人教版）》讲基础的,llm_onecall,13880.2,OK,
704,教育,第4轮,基础题那种,edu_fuzzy_search,"{""retext"": ""《高中物理选修3-4同步课（人教版）》讲基础题""}",《高中物理选修3-4同步课（人教版）》讲基础题,llm_onecall,11444.9,OK,
704,教育,第5轮,不要钱的吗,edu_search,"{""query"": {""and"": [{""field"": ""figures"", ""value"": ""高中""}, {""field"": ""material_version"", ""value"": ""人教版""}, {""field"": ""is_fee"", ""value"": 0}, {""field"": ""k12_category"", ""operator"": ""or"", ""values"": [""同步课"", ""同步拓展课""]}]}}",《高中物理选修3-4同步课（人教版）》讲基础题不要钱的吗,llm_onecall,13341.1,OK,
705,教育,第1轮,吉他有哪些,fan_knowledge_agent,"{""messages"": [{""content"": ""吉他有哪些"", ""role"": ""user""}], ""riskRespStrategy"": ""all_replace"", ""sceneTypeIntentList"": [{""sceneType"": ""knowledge_qa""}]}",吉他有哪些,general_rule,12224.4,OK,
705,教育,第2轮,有没有免费的,vod_search,"{""action"": ""search"", ""query"": {""and"": [{""field"": ""tag"", ""value"": ""吉他""}, {""field"": ""is_fee"", ""value"": ""0""}]}, ""retext"": ""有没有免费的吉他""}",有没有免费的吉他,llm_onecall,10801.2,OK,
705,教育,第3轮,要每节20分钟内,edu_fuzzy_search,"{""retext"": ""有没有每节20分钟内的免费吉他""}",有没有每节20分钟内的免费吉他,llm_onecall,11425.7,OK,
705,教育,第4轮,弹唱的,music_ksong_search,"{""retext"": ""有没有每节20分钟内的免费吉他弹唱的"", ""tag"": [""吉他弹唱""], ""version"": [""免费版""]}",有没有每节20分钟内的免费吉他弹唱的,llm_onecall,12338.6,OK,
705,教育,第5轮,每节别太长,music_ksong_search,"{""lyrics"": [""每节20分钟内""], ""retext"": ""有没有每节20分钟内的免费吉他弹唱的"", ""tag"": [""吉他弹唱""], ""version"": [""免费版""]}",有没有每节20分钟内的免费吉他弹唱的,llm_onecall,12592.6,OK,
706,教育,第1轮,来几部找苏教版语文的课,edu_search,"{""query"": {""and"": [{""field"": ""first_subject"", ""value"": ""语文""}, {""field"": ""material_version"", ""value"": ""苏教版""}, {""field"": ""k12_category"", ""operator"": ""or"", ""values"": [""同步课"", ""同步拓展课""]}]}}",来几部找苏教版语文的课,llm_onecall,11625.2,OK,
706,教育,第2轮,免费的有没有的那种,edu_search,"{""query"": {""and"": [{""field"": ""first_subject"", ""value"": ""语文""}, {""field"": ""material_version"", ""value"": ""苏教版""}, {""field"": ""is_fee"", ""value"": 0}, {""field"": ""k12_category"", ""operator"": ""or"", ""values"": [""同步课"", ""同步拓展课""]}]}}",免费的苏教版语文课,llm_onecall,11564.2,OK,
706,教育,第3轮,带动画的那种,educ_search,"{""query"": {""and"": [{""field"": ""title"", ""value"": ""苏教版语文""}, {""field"": ""content_type"", ""value"": ""动画""}, {""field"": ""is_fee"", ""value"": ""0""}]}, ""retext"": ""免费的苏教版语文课带动画的那种""}",免费的苏教版语文课带动画的那种,llm_onecall,12925.2,OK,
706,教育,第4轮,基础篇,educ_search,"{""query"": {""and"": [{""field"": ""title"", ""value"": ""苏教版语文课""}, {""field"": ""content_type"", ""value"": ""动画""}, {""field"": ""is_fee"", ""value"": ""0""}]}, ""retext"": ""免费的苏教版语文课带动画的那种基础篇""}",免费的苏教版语文课带动画的那种基础篇,llm_onecall,12084.7,OK,
706,教育,第5轮,不花钱的吗,educ_search,"{""query"": {""and"": [{""field"": ""title"", ""value"": ""苏教版语文课带动画基础篇""}, {""field"": ""is_fee"", ""value"": ""0""}]}, ""retext"": ""不花钱的免费的苏教版语文课带动画的那种基础篇""}",不花钱的免费的苏教版语文课带动画的那种基础篇,llm_onecall,12911.3,OK,
707,教育,第1轮,我想看物理实验课,edu_fuzzy_search,"{""retext"": ""我想看物理实验课""}",我想看物理实验课,llm_onecall,10381.8,OK,
707,教育,第2轮,力学那种,edu_fuzzy_search,"{""retext"": ""我想看物理实验课力学""}",我想看物理实验课力学,llm_onecall,11324.0,OK,
707,教育,第3轮,力学部分,edu_fuzzy_search,"{""retext"": ""我想看物理实验课力学""}",我想看物理实验课力学,llm_onecall,11510.0,OK,
707,教育,第4轮,讲得生动的,edu_fuzzy_search,"{""retext"": ""我想看讲得生动的物理实验课力学""}",我想看讲得生动的物理实验课力学,llm_onecall,11341.8,OK,
707,教育,第5轮,讲得有趣的,edu_fuzzy_search,"{""retext"": ""我想看讲得生动的物理实验课力学""}",我想看讲得生动的物理实验课力学,llm_onecall,12174.3,OK,
708,教育,第1轮,来点做菜的教学视频,edu_fuzzy_search,"{""retext"": ""来点做菜的教学视频""}",来点做菜的教学视频,llm_onecall,10988.0,OK,
708,教育,第2轮,讲得仔细的,edu_fuzzy_search,"{""retext"": ""讲得仔细的做菜的教学视频""}",讲得仔细的做菜的教学视频,llm_onecall,12655.5,OK,
708,教育,第3轮,仔细点的,edu_fuzzy_search,"{""retext"": ""讲得仔细的做菜的教学视频""}",讲得仔细的做菜的教学视频,llm_onecall,11853.4,OK,
708,教育,第4轮,要免费的有没有,edu_fuzzy_search,"{""retext"": ""要免费的做菜的教学视频""}",要免费的做菜的教学视频,llm_onecall,10918.0,OK,
708,教育,第5轮,家常菜系,edu_fuzzy_search,"{""retext"": ""要免费的家常菜系做菜的教学视频""}",要免费的家常菜系做菜的教学视频,llm_onecall,11208.0,OK,
709,教育,第1轮,我想看吉他,,,,,,ERR,TimeoutError: timed out
709,教育,第2轮,每节20分钟内,edu_fuzzy_search,"{""retext"": ""我想看每节20分钟内的吉他""}",我想看每节20分钟内的吉他,llm_onecall,11537.5,OK,
709,教育,第3轮,有吗免费的,edu_fuzzy_search,"{""retext"": ""有免费的每节20分钟内的吉他""}",有免费的每节20分钟内的吉他,llm_onecall,10745.9,OK,
709,教育,第4轮,零基础的,edu_fuzzy_search,"{""retext"": ""我想看零基础的""}",我想看零基础的,llm_onecall,10955.7,OK,
709,教育,第5轮,弹唱的,fan_knowledge_agent,"{""messages"": [{""content"": ""我想看零基础的弹唱的"", ""role"": ""user""}], ""riskRespStrategy"": ""all_replace"", ""sceneTypeIntentList"": [{""sceneType"": ""knowledge_qa""}]}",我想看零基础的弹唱的,llm_select,16169.1,OK,
71,影视,第1轮,有没有好看的悬疑美剧,vod_search_all,"{""action"": ""search"", ""query"": {""and"": [{""field"": ""area"", ""value"": ""美国""}, {""field"": ""category"", ""value"": ""电视剧""}, {""field"": ""tag"", ""value"": ""悬疑""}]}, ""retext"": ""有没有好看的悬疑美剧"", ""sort"": {""hot"": {""order"": ""desc""}}}",有没有好看的悬疑美剧,llm_onecall,18346.1,OK,
71,影视,第2轮,单元案件的,vod_search_all,"{""action"": ""search"", ""query"": {""and"": [{""field"": ""area"", ""value"": ""美国""}, {""field"": ""category"", ""value"": ""电视剧""}, {""field"": ""tag"", ""value"": ""悬疑""}, {""field"": ""tag"", ""value"": ""单元案件""}]}, ""retext"": ""有没有好看的悬疑美剧单元案件的"", ""sort"": {""hot"": {""order"": ""desc""}}}",有没有好看的悬疑美剧单元案件的,llm_onecall,29975.6,OK,
71,影视,第3轮,完结的有没有,vod_search_all,"{""action"": ""search"", ""query"": {""and"": [{""field"": ""area"", ""value"": ""美国""}, {""field"": ""tag"", ""value"": ""悬疑""}, {""field"": ""tag"", ""value"": ""单元案件""}, {""field"": ""is_over"", ""value"": ""1""}]}, ""retext"": ""有没有好看的悬疑美剧单元案件的完结的"", ""sort"": {""hot"": {""order"": ""desc""}}}",有没有好看的悬疑美剧单元案件的完结的,llm_onecall,18802.4,OK,
71,影视,第4轮,有中文字幕版,vod_search_all,"{""action"": ""search"", ""query"": {""and"": [{""field"": ""area"", ""value"": ""美国""}, {""field"": ""language"", ""value"": ""中文字幕""}, {""field"": ""tag"", ""value"": ""悬疑""}, {""field"": ""tag"", ""value"": ""单元案件""}, {""field"": ""is_over"", ""value"": ""1""}]}, ""retext"": ""有没有好看的悬疑美剧单元案件的完结的中文字幕版"", ""sort"": {""hot"": {""order"": ""desc""}}}",有没有好看的悬疑美剧单元案件的完结的中文字幕版,llm_onecall,19287.0,OK,
71,影视,第5轮,豆瓣8分以上,vod_search_all,"{""action"": ""search"", ""query"": {""and"": [{""field"": ""area"", ""value"": ""美国""}, {""field"": ""category"", ""value"": ""电视剧""}, {""field"": ""tag"", ""value"": ""悬疑""}, {""field"": ""rate"", ""from"": ""8.0"", ""to"": ""*""}]}, ""retext"": ""豆瓣8分以上的悬疑美剧""}",豆瓣8分以上的悬疑美剧,llm_onecall,17835.5,OK,
710,教育,第1轮,有啥好看的物理实验课,edu_fuzzy_search,"{""retext"": ""有啥好看的物理实验课""}",有啥好看的物理实验课,llm_onecall,10852.6,OK,
710,教育,第2轮,有意思的,edu_fuzzy_search,"{""retext"": ""有啥有意思的物理实验课""}",有啥有意思的物理实验课,llm_onecall,12810.5,OK,
710,教育,第3轮,讲得生动的,edu_fuzzy_search,"{""retext"": ""有啥有意思的物理实验课""}",有啥有意思的物理实验课,llm_onecall,11127.5,OK,
710,教育,第4轮,不要会员的有没有,edu_fuzzy_search,"{""retext"": ""有啥有意思的物理实验课不要会员的有没有""}",有啥有意思的物理实验课不要会员的有没有,llm_onecall,12153.5,OK,
710,教育,第5轮,要讲得有趣的,edu_fuzzy_search,"{""retext"": ""有啥有意思的物理实验课""}",有啥有意思的物理实验课,llm_onecall,11621.6,OK,
711,教育,第1轮,推荐些中考复习的视频,edu_fuzzy_search,"{""retext"": ""推荐些中考复习的视频""}",推荐些中考复习的视频,llm_onecall,11289.6,OK,
711,教育,第2轮,有真题讲解,edu_fuzzy_search,"{""retext"": ""有中考复习真题讲解""}",有中考复习真题讲解,llm_onecall,13442.1,OK,
711,教育,第3轮,鲁教版,edu_fuzzy_search,"{""retext"": ""推荐些中考复习的视频""}",推荐些中考复习的视频,llm_onecall,10830.6,OK,
711,教育,第4轮,全学科,edu_fuzzy_search,"{""retext"": ""推荐全学科中考复习视频""}",推荐全学科中考复习视频,llm_onecall,11319.1,OK,
711,教育,第5轮,讲真题的,edu_fuzzy_search,"{""retext"": ""推荐中考复习真题讲解""}",推荐中考复习真题讲解,llm_onecall,10784.3,OK,
712,教育,第1轮,推荐几部做菜的教学视频,edu_fuzzy_search,"{""retext"": ""推荐几部做菜的教学视频""}",推荐几部做菜的教学视频,llm_onecall,10294.8,OK,
712,教育,第2轮,仔细点的,edu_fuzzy_search,"{""retext"": ""推荐做菜的教学视频""}",推荐做菜的教学视频,llm_onecall,12688.4,OK,
712,教育,第3轮,不要会员的有没有,edu_fuzzy_search,"{""retext"": ""推荐做菜的教学视频不要会员的有没有""}",推荐做菜的教学视频不要会员的有没有,llm_onecall,11386.8,OK,
712,教育,第4轮,家常菜的,edu_fuzzy_search,"{""retext"": ""推荐家常菜的做菜教学视频""}",推荐家常菜的做菜教学视频,llm_onecall,11590.4,OK,
712,教育,第5轮,画质好的,edu_fuzzy_search,"{""retext"": ""推荐画质好的做菜教学视频""}",推荐画质好的做菜教学视频,llm_onecall,11311.2,OK,
713,教育,第1轮,有什么好看的吉他,execute,,有什么好看的吉他,,11513.8,OK,
713,教育,第2轮,免费的有吗,execute,,有什么好看的吉他,,9772.8,OK,
713,教育,第3轮,单节二十分钟内,execute,,单节二十分钟内,,10214.7,OK,
713,教育,第4轮,每节别太长,execute,,每节别太长,,9816.5,OK,
713,教育,第5轮,每节课二十分钟以内的,execute,,每节课二十分钟以内的,,10452.6,OK,
714,教育,第1轮,看看物理实验课,edu_fuzzy_search,"{""retext"": ""看看物理实验课""}",看看物理实验课,llm_onecall,12551.2,OK,
714,教育,第2轮,有意思的,edu_fuzzy_search,"{""retext"": ""看看有意思的物理实验课""}",看看有意思的物理实验课,llm_onecall,10918.8,OK,
714,教育,第3轮,力学那种,edu_fuzzy_search,"{""retext"": ""看看有意思的物理实验课力学""}",看看有意思的物理实验课力学,llm_onecall,11295.0,OK,
714,教育,第4轮,初中力学的,edu_fuzzy_search,"{""retext"": ""看看有意思的物理实验课力学初中""}",看看有意思的物理实验课力学初中,llm_onecall,11858.3,OK,
714,教育,第5轮,高清超清,edu_fuzzy_search,"{""retext"": ""看看有意思的物理实验课力学初中高清超清""}",看看有意思的物理实验课力学初中高清超清,llm_onecall,9852.0,OK,
715,教育,第1轮,来一部教师资格证考试课,edu_fuzzy_search,"{""retext"": ""来一部教师资格证考试课""}",来一部教师资格证考试课,llm_onecall,11791.7,OK,
715,教育,第2轮,能试听吗,edu_fuzzy_search,"{""retext"": ""教师资格证考试课能试听吗""}",教师资格证考试课能试听吗,llm_onecall,11384.6,OK,
715,教育,第3轮,综合素质,edu_fuzzy_search,"{""retext"": ""教师资格证考试课综合素质""}",教师资格证考试课综合素质,llm_onecall,11784.3,OK,
715,教育,第4轮,价格实惠的,edu_fuzzy_search,"{""retext"": ""教师资格证考试课综合素质价格实惠的""}",教师资格证考试课综合素质价格实惠的,llm_onecall,10637.3,OK,
715,教育,第5轮,综合那科,edu_fuzzy_search,"{""retext"": ""教师资格证考试课综合素质""}",教师资格证考试课综合素质,llm_onecall,9659.9,OK,
716,教育,第1轮,最近想看教师资格证考试课,edu_fuzzy_search,"{""retext"": ""最近想看教师资格证考试课""}",最近想看教师资格证考试课,llm_onecall,10369.5,OK,
716,教育,第2轮,综合素质,edu_fuzzy_search,"{""retext"": ""最近想看教师资格证考试课综合素质""}",最近想看教师资格证考试课综合素质,llm_onecall,11882.8,OK,
716,教育,第3轮,科目二的,edu_fuzzy_search,"{""retext"": ""最近想看教师资格证考试课综合素质科目二的""}",最近想看教师资格证考试课综合素质科目二的,llm_onecall,11341.6,OK,
716,教育,第4轮,便宜的,edu_fuzzy_search,"{""retext"": ""最近想看教师资格证考试课综合素质科目二的便宜的""}",最近想看教师资格证考试课综合素质科目二的便宜的,llm_onecall,11482.5,OK,
716,教育,第5轮,有体验课吗,edu_fuzzy_search,"{""retext"": ""最近想看教师资格证考试课综合素质科目二的便宜的有体验课吗""}",最近想看教师资格证考试课综合素质科目二的便宜的有体验课吗,llm_onecall,9514.0,OK,
717,教育,第1轮,我想看英语口语,edu_fuzzy_search,"{""retext"": ""我想看英语口语""}",我想看英语口语,llm_onecall,11398.7,OK,
717,教育,第2轮,一对一的,edu_fuzzy_search,"{""retext"": ""我想看一对一的英语口语""}",我想看一对一的英语口语,llm_onecall,10189.1,OK,
717,教育,第3轮,不花钱的,edu_fuzzy_search,"{""retext"": ""我想看一对一的英语口语不花钱的""}",我想看一对一的英语口语不花钱的,llm_onecall,11845.2,OK,
717,教育,第4轮,一对一是吗,edu_fuzzy_search,"{""retext"": ""我想看一对一的英语口语不花钱的""}",我想看一对一的英语口语不花钱的,llm_onecall,10890.5,OK,
717,教育,第5轮,价格实惠点,edu_fuzzy_search,"{""retext"": ""我想看一对一的英语口语不花钱的""}",我想看一对一的英语口语不花钱的,llm_onecall,9485.7,OK,
718,教育,第1轮,《三体》讲什么,fan_knowledge_agent,"{""messages"": [{""content"": ""《三体》讲什么"", ""role"": ""user""}], ""riskRespStrategy"": ""all_replace"", ""sceneTypeIntentList"": [{""sceneType"": ""knowledge_qa""}]}",《三体》讲什么,general_rule,13870.7,OK,
718,教育,第2轮,作者是谁,fan_knowledge_agent,"{""messages"": [{""content"": ""《三体》的作者是谁"", ""role"": ""user""}], ""riskRespStrategy"": ""all_replace"", ""sceneTypeIntentList"": [{""sceneType"": ""knowledge_qa""}]}",《三体》的作者是谁,general_rule,12913.2,OK,
718,教育,第3轮,结局是什么,fan_knowledge_agent,"{""messages"": [{""content"": ""《三体》的结局是什么"", ""role"": ""user""}], ""riskRespStrategy"": ""all_replace"", ""sceneTypeIntentList"": [{""sceneType"": ""knowledge_qa""}]}",《三体》的结局是什么,general_rule,15189.3,OK,
718,教育,第4轮,有电视剧版吗,vod_search,"{""action"": ""search"", ""query"": {""and"": [{""field"": ""title"", ""value"": ""三体""}, {""field"": ""category"", ""value"": ""电视剧""}]}, ""retext"": ""《三体》有电视剧版吗""}",《三体》有电视剧版吗,llm_onecall,11438.3,OK,
718,教育,第5轮,第二部叫什么,vod_search,"{""action"": ""search"", ""query"": {""and"": [{""field"": ""title"", ""value"": ""三体""}, {""field"": ""series"", ""value"": ""2""}]}, ""retext"": ""《三体》第二部叫什么""}",《三体》第二部叫什么,llm_onecall,12196.8,OK,
719,教育,第1轮,红楼梦作者是谁,fan_knowledge_agent,"{""messages"": [{""content"": ""红楼梦作者是谁"", ""role"": ""user""}], ""riskRespStrategy"": ""all_replace"", ""sceneTypeIntentList"": [{""sceneType"": ""knowledge_qa""}]}",红楼梦作者是谁,general_rule,14686.5,OK,
719,教育,第2轮,讲什么的,fan_knowledge_agent,"{""messages"": [{""content"": ""《红楼梦》讲什么的"", ""role"": ""user""}], ""riskRespStrategy"": ""all_replace"", ""sceneTypeIntentList"": [{""sceneType"": ""knowledge_qa""}]}",《红楼梦》讲什么的,general_rule,13664.0,OK,
719,教育,第3轮,主角有哪些,fan_knowledge_agent,"{""messages"": [{""content"": ""《红楼梦》主角有哪些"", ""role"": ""user""}], ""riskRespStrategy"": ""all_replace"", ""sceneTypeIntentList"": [{""sceneType"": ""knowledge_qa""}]}",《红楼梦》主角有哪些,general_rule,12339.2,OK,
719,教育,第4轮,有改编的电视剧吗,fan_knowledge_agent,"{""messages"": [{""content"": ""《红楼梦》有改编的电视剧吗"", ""role"": ""user""}], ""riskRespStrategy"": ""all_replace"", ""sceneTypeIntentList"": [{""sceneType"": ""video""}]}",《红楼梦》有改编的电视剧吗,general_rule,15285.5,OK,
719,教育,第5轮,哪个版本最经典,vod_search_all,"{""action"": ""search"", ""query"": {""and"": [{""field"": ""title"", ""value"": ""红楼梦""}, {""field"": ""channel"", ""value"": ""央视""}, {""field"": ""release_time"", ""from"": ""19870101"", ""to"": ""19871231""}]}, ""retext"": ""1987年央视版《红楼梦》""}",1987年央视版《红楼梦》,llm_onecall,14245.4,OK,
72,影视,第1轮,想看韩剧,vod_search_all,"{""action"": ""search"", ""query"": {""and"": [{""field"": ""area"", ""value"": ""韩国""}, {""field"": ""category"", ""value"": ""电视剧""}]}, ""retext"": ""想看韩剧""}",想看韩剧,llm_onecall,17463.7,OK,
72,影视,第2轮,完结了的有吗,vod_search_all,"{""action"": ""search"", ""query"": {""and"": [{""field"": ""area"", ""value"": ""韩国""}, {""field"": ""is_over"", ""value"": ""1""}]}, ""retext"": ""想看完结了的韩剧""}",想看完结了的韩剧,llm_onecall,15944.6,OK,
72,影视,第3轮,豆瓣8分以上的,vod_search_all,"{""action"": ""search"", ""query"": {""and"": [{""field"": ""area"", ""value"": ""韩国""}, {""field"": ""category"", ""value"": ""电视剧""}, {""field"": ""is_over"", ""value"": ""1""}, {""field"": ""rate"", ""from"": ""8.0"", ""to"": ""*""}]}, ""retext"": ""想看豆瓣8分以上的完结了的韩剧""}",想看豆瓣8分以上的完结了的韩剧,llm_onecall,16779.7,OK,
72,影视,第4轮,不用追更的,vod_search_all,"{""action"": ""search"", ""query"": {""and"": [{""field"": ""area"", ""value"": ""韩国""}, {""field"": ""category"", ""value"": ""电视剧""}, {""field"": ""is_over"", ""value"": ""1""}, {""field"": ""rate"", ""from"": ""8.0"", ""to"": ""*""}]}, ""retext"": ""想看不用追更的豆瓣8分以上的完结了的韩剧""}",想看不用追更的豆瓣8分以上的完结了的韩剧,llm_onecall,19277.8,OK,
72,影视,第5轮,悬疑题材的,vod_search_all,"{""action"": ""search"", ""query"": {""and"": [{""field"": ""area"", ""value"": ""韩国""}, {""field"": ""tag"", ""value"": ""悬疑""}, {""field"": ""is_over"", ""value"": ""1""}, {""field"": ""rate"", ""from"": ""8.0"", ""to"": ""*""}]}, ""retext"": ""想看悬疑题材的不用追更的豆瓣8分以上的完结了的韩剧""}",想看悬疑题材的不用追更的豆瓣8分以上的完结了的韩剧,llm_onecall,17437.3,OK,
720,教育,第1轮,《流浪地球》讲的什么,fan_knowledge_agent,"{""messages"": [{""content"": ""《流浪地球》讲的什么"", ""role"": ""user""}], ""riskRespStrategy"": ""all_replace"", ""sceneTypeIntentList"": [{""sceneType"": ""knowledge_qa""}]}",《流浪地球》讲的什么,general_rule,11900.1,OK,
720,教育,第2轮,导演是谁,fan_knowledge_agent,"{""messages"": [{""content"": ""《流浪地球》的导演是谁"", ""role"": ""user""}], ""riskRespStrategy"": ""all_replace"", ""sceneTypeIntentList"": [{""sceneType"": ""video""}]}",《流浪地球》的导演是谁,general_rule,15781.7,OK,
720,教育,第3轮,票房多少,fan_knowledge_agent,"{""messages"": [{""content"": ""《流浪地球》票房多少"", ""role"": ""user""}], ""riskRespStrategy"": ""all_replace"", ""sceneTypeIntentList"": [{""sceneType"": ""knowledge_qa""}]}",《流浪地球》票房多少,general_rule,11415.6,OK,
720,教育,第4轮,有续集吗,fan_knowledge_agent,"{""messages"": [{""content"": ""《流浪地球》有续集吗"", ""role"": ""user""}], ""riskRespStrategy"": ""all_replace"", ""sceneTypeIntentList"": [{""sceneType"": ""knowledge_qa""}]}",《流浪地球》有续集吗,general_rule,14496.6,OK,
720,教育,第5轮,和原著差别大吗,fan_knowledge_agent,"{""messages"": [{""content"": ""《流浪地球》和原著差别大吗"", ""role"": ""user""}], ""riskRespStrategy"": ""all_replace"", ""sceneTypeIntentList"": [{""sceneType"": ""knowledge_qa""}]}",《流浪地球》和原著差别大吗,general_rule,15076.8,OK,
721,音乐,第1轮,放点流行歌,music_song_recommend,"{""retext"": ""放点流行歌"", ""tag"": [""流行""]}",放点流行歌,llm_onecall,11001.6,OK,
721,音乐,第2轮,不花钱能听的,music_song_search,"{""retext"": ""不花钱能听的"", ""version"": [""免费版""]}",不花钱能听的,llm_onecall,10011.0,OK,
721,音乐,第3轮,华语那种,music_song_search,"{""retext"": ""播放华语流行歌曲"", ""tag"": [""华语流行""]}",播放华语流行歌曲,llm_onecall,11962.5,OK,
721,音乐,第4轮,华语的,music_song_search,"{""retext"": ""播放华语流行歌曲"", ""tag"": [""华语流行""]}",播放华语流行歌曲,llm_onecall,10882.2,OK,
721,音乐,第5轮,男歌手唱的,music_song_search,"{""gender"": [""男""], ""retext"": ""播放男歌手唱的华语流行歌曲"", ""tag"": [""华语流行""]}",播放男歌手唱的华语流行歌曲,llm_onecall,12141.7,OK,
722,音乐,第1轮,来点周杰伦的歌,music_song_search,"{""retext"": ""来点周杰伦的歌"", ""singer"": [""周杰伦""]}",来点周杰伦的歌,llm_onecall,10623.3,OK,
722,音乐,第2轮,最火的那首,fan_knowledge_agent,"{""messages"": [{""content"": ""播放周杰伦最火的歌"", ""role"": ""user""}], ""riskRespStrategy"": ""all_replace"", ""sceneTypeIntentList"": [{""sceneType"": ""knowledge_qa""}]}",播放周杰伦最火的歌,llm_select,20080.7,OK,
722,音乐,第3轮,最有名的那首吧,music_song_semantic_search,"{""retext"": ""播放周杰伦最有名的那首歌""}",播放周杰伦最有名的那首歌,llm_onecall,10346.3,OK,
722,音乐,第4轮,有现场版吗,music_song_search,"{""retext"": ""搜索周杰伦最有名的那首歌"", ""singer"": [""周杰伦""]}",搜索周杰伦最有名的那首歌,llm_onecall,24387.1,OK,
722,音乐,第5轮,最经典那首,music_song_search,"{""retext"": ""播放周杰伦最经典的那首歌"", ""singer"": [""周杰伦""], ""tag"": [""经典""]}",播放周杰伦最经典的那首歌,llm_onecall,13146.8,OK,
723,音乐,第1轮,有点摇滚乐吗,music_song_search,"{""retext"": ""有点摇滚乐吗"", ""tag"": [""摇滚""]}",有点摇滚乐吗,llm_onecall,10039.9,OK,
723,音乐,第2轮,不花钱的有没有,music_song_search,"{""retext"": ""不花钱的有没有"", ""version"": [""免费版""]}",不花钱的有没有,llm_onecall,9904.2,OK,
723,音乐,第3轮,清唱那种,music_ksong_search,"{""retext"": ""清唱""}",清唱,llm_onecall,11465.1,OK,
723,音乐,第4轮,清唱的,fan_knowledge_agent,"{""messages"": [{""content"": ""清唱的"", ""role"": ""user""}], ""riskRespStrategy"": ""all_replace"", ""sceneTypeIntentList"": [{""sceneType"": ""knowledge_qa""}]}",清唱的,llm_select,20571.3,OK,
723,音乐,第5轮,免费的有没有,fan_knowledge_agent,"{""messages"": [{""content"": ""免费的有没有"", ""role"": ""user""}], ""riskRespStrategy"": ""all_replace"", ""sceneTypeIntentList"": [{""sceneType"": ""knowledge_qa""}]}",免费的有没有,general_rule,18970.4,OK,
724,音乐,第1轮,有简单的英文儿歌吗,music_song_search,"{""retext"": ""有简单的英文儿歌吗"", ""tag"": [""儿童歌曲"", ""英语""]}",有简单的英文儿歌吗,llm_onecall,9957.4,OK,
724,音乐,第2轮,律动感强的,music_song_search,"{""language"": [""英语""], ""retext"": ""律动感强的英文儿歌"", ""tag"": [""儿童歌曲"", ""英文""]}",律动感强的英文儿歌,llm_onecall,11654.6,OK,
724,音乐,第3轮,歌词简单的,music_song_search,"{""retext"": ""推荐适合零基础、律动感强且歌词简单的英文儿歌"", ""tag"": [""英文"", ""儿歌"", ""律动"", ""简单""]}",推荐适合零基础、律动感强且歌词简单的英文儿歌,llm_onecall,12012.2,OK,
724,音乐,第4轮,带中文翻译,music_song_search,"{""retext"": ""推荐带中文翻译、适合零基础、律动感强且歌词简单的英文儿歌"", ""tag"": [""英文儿歌"", ""律动"", ""简单""]}",推荐带中文翻译、适合零基础、律动感强且歌词简单的英文儿歌,llm_onecall,12871.7,OK,
724,音乐,第5轮,节奏感强,music_song_semantic_search,"{""retext"": ""推荐节奏感强的英文儿歌""}",推荐节奏感强的英文儿歌,llm_onecall,11889.9,OK,
725,音乐,第1轮,推荐几首伤感的歌,music_song_search,"{""retext"": ""推荐几首伤感的歌"", ""tag"": [""伤感""]}",推荐几首伤感的歌,llm_onecall,10868.1,OK,
725,音乐,第2轮,失恋听的,music_song_search,"{""retext"": ""推荐失恋听的伤感歌曲"", ""tag"": [""伤感""]}",推荐失恋听的伤感歌曲,llm_onecall,10187.0,OK,
725,音乐,第3轮,女生唱的,music_song_search,"{""gender"": [""女""], ""retext"": ""推荐失恋听的伤感歌曲女生唱的"", ""tag"": [""伤感"", ""失恋""]}",推荐失恋听的伤感歌曲女生唱的,llm_onecall,10978.1,OK,
725,音乐,第4轮,emo那种,music_song_search,"{""retext"": ""推荐emo风格的伤感歌曲"", ""tag"": [""emo"", ""伤感""]}",推荐emo风格的伤感歌曲,llm_onecall,11622.7,OK,
725,音乐,第5轮,老歌,music_song_recommend,"{""retext"": ""推荐老歌""}",推荐老歌,llm_onecall,12286.9,OK,
726,音乐,第1轮,找点KTV必点的歌,music_song_search,"{""retext"": ""找点KTV必点的歌"", ""toplist"": [""KTV必点""]}",找点KTV必点的歌,llm_onecall,10667.2,OK,
726,音乐,第2轮,容易唱的,fan_knowledge_agent,"{""messages"": [{""content"": ""找点容易唱的KTV必点的歌"", ""role"": ""user""}], ""riskRespStrategy"": ""all_replace"", ""sceneTypeIntentList"": [{""sceneType"": ""knowledge_qa""}]}",找点容易唱的KTV必点的歌,llm_select,20458.2,OK,
726,音乐,第3轮,别太高音,fan_knowledge_agent,"{""messages"": [{""content"": ""找点容易唱的KTV必点的歌"", ""role"": ""user""}], ""riskRespStrategy"": ""all_replace"", ""sceneTypeIntentList"": [{""sceneType"": ""knowledge_qa""}]}",找点容易唱的KTV必点的歌,llm_select,20932.3,OK,
726,音乐,第4轮,普通话那种,fan_knowledge_agent,"{""messages"": [{""content"": ""找点容易唱的KTV必点的普通话歌"", ""role"": ""user""}], ""riskRespStrategy"": ""all_replace"", ""sceneTypeIntentList"": [{""sceneType"": ""knowledge_qa""}]}",找点容易唱的KTV必点的普通话歌,llm_select,20852.7,OK,
726,音乐,第5轮,免费的吗,fan_knowledge_agent,"{""messages"": [{""content"": ""免费的吗"", ""role"": ""user""}], ""riskRespStrategy"": ""all_replace"", ""sceneTypeIntentList"": [{""sceneType"": ""knowledge_qa""}]}",免费的吗,general_rule,16189.1,OK,
727,音乐,第1轮,找点民谣,music_song_search,"{""retext"": ""找点民谣"", ""tag"": [""民谣""]}",找点民谣,llm_onecall,10596.0,OK,
727,音乐,第2轮,国产那种,music_song_search,"{""retext"": ""找点国产民谣"", ""tag"": [""民谣""]}",找点国产民谣,llm_onecall,10665.7,OK,
727,音乐,第3轮,内地,music_song_search,"{""retext"": ""找点内地民谣"", ""tag"": [""内地"", ""民谣""]}",找点内地民谣,llm_onecall,10735.4,OK,
727,音乐,第4轮,学生时代那种,music_song_search,"{""retext"": ""找点内地民谣"", ""tag"": [""内地"", ""民谣""]}",找点内地民谣,llm_onecall,11426.2,OK,
727,音乐,第5轮,男的唱的有吗,music_song_search,"{""retext"": ""找点内地民谣"", ""tag"": [""内地"", ""民谣""]}",找点内地民谣,llm_onecall,12470.9,OK,
728,音乐,第1轮,放点钢琴曲,music_song_search,"{""retext"": ""放点钢琴曲"", ""tag"": [""钢琴""]}",放点钢琴曲,llm_onecall,9821.4,OK,
728,音乐,第2轮,最新的有没有,music_song_search,"{""retext"": ""播放最新的钢琴曲"", ""tag"": [""钢琴""]}",播放最新的钢琴曲,llm_onecall,11516.7,OK,
728,音乐,第3轮,女的唱的,music_song_search,"{""gender"": [""女""], ""retext"": ""播放最新的钢琴曲中女的唱的"", ""tag"": [""钢琴""], ""toplist"": [""新歌""]}",播放最新的钢琴曲中女的唱的,llm_onecall,11174.1,OK,
728,音乐,第4轮,舒缓一点的,music_song_search,"{""gender"": [""女""], ""retext"": ""播放最新的钢琴曲中女的唱的舒缓一点的"", ""tag"": [""钢琴""]}",播放最新的钢琴曲中女的唱的舒缓一点的,llm_onecall,13099.8,OK,
728,音乐,第5轮,要节奏快的,music_song_search,"{""gender"": [""女""], ""retext"": ""播放最新的钢琴曲中女的唱的舒缓一点的节奏快的"", ""tag"": [""钢琴""]}",播放最新的钢琴曲中女的唱的舒缓一点的节奏快的,llm_onecall,12707.0,OK,
729,音乐,第1轮,想听粤语老歌,music_song_search,"{""retext"": ""想听粤语老歌"", ""tag"": [""粤语"", ""经典老歌""]}",想听粤语老歌,llm_onecall,9752.4,OK,
729,音乐,第2轮,八九十年代,music_song_search,"{""retext"": ""想听八九十年代的粤语老歌"", ""tag"": [""粤语"", ""经典老歌""]}",想听八九十年代的粤语老歌,llm_onecall,11871.5,OK,
729,音乐,第3轮,八九十年代的,music_song_search,"{""retext"": ""想听八九十年代的粤语老歌"", ""tag"": [""粤语"", ""经典老歌""]}",想听八九十年代的粤语老歌,llm_onecall,11505.2,OK,
729,音乐,第4轮,经典,music_song_search,"{""retext"": ""想听八九十年代的粤语经典老歌"", ""tag"": [""粤语"", ""经典"", ""老歌""]}",想听八九十年代的粤语经典老歌,llm_onecall,13706.6,OK,
729,音乐,第5轮,最经典那种,music_song_search,"{""retext"": ""想听八九十年代的粤语经典老歌"", ""tag"": [""粤语"", ""经典"", ""老歌""]}",想听八九十年代的粤语经典老歌,llm_onecall,14017.0,OK,
73,影视,第1轮,有没有好看的动画片,educ_search,"{""query"": {""field"": ""content_type"", ""value"": ""动画""}, ""retext"": ""有没有好看的动画片""}",有没有好看的动画片,llm_onecall,35118.1,OK,
73,影视,第2轮,寓教于乐的,educ_search,"{""query"": {""and"": [{""field"": ""training_objectives"", ""value"": ""寓教于乐""}, {""field"": ""content_type"", ""value"": ""动画""}]}, ""retext"": ""想看寓教于乐的动画片""}",想看寓教于乐的动画片,llm_onecall,34749.0,OK,
73,影视,第3轮,一个半小时左右的,educ_search,"{""action"": ""search"", ""query"": {""field"": ""duration"", ""from"": ""5400"", ""to"": ""5400""}, ""retext"": ""时长约一个半小时""}",时长约一个半小时,llm_onecall,16594.7,OK,
73,影视,第4轮,不花钱的有吗,educ_fuzzy_search,"{""retext"": ""时长约一个半小时的寓教于乐的动画片""}",时长约一个半小时的寓教于乐的动画片,llm_onecall,16395.5,OK,
73,影视,第5轮,有教育意义的,educ_fuzzy_search,"{""retext"": ""时长约一个半小时的寓教于乐的有教育意义的动画片""}",时长约一个半小时的寓教于乐的有教育意义的动画片,llm_onecall,15439.8,OK,
730,音乐,第1轮,有古典音乐吗,music_song_search,"{""retext"": ""有古典音乐吗"", ""tag"": [""古典""]}",有古典音乐吗,llm_onecall,9686.8,OK,
730,音乐,第2轮,第一首开始,music_song_search,"{""retext"": ""播放古典音乐"", ""tag"": [""古典""]}",播放古典音乐,fewshot_cache,10411.4,OK,
730,音乐,第3轮,音质好那种,mode_control,"{""device"": """", ""location"": """", ""object"": ""声音模式"", ""operation"": ""设置"", ""value"": """"}",播放音质好的古典音乐,llm_onecall,12255.6,OK,
730,音乐,第4轮,免费的有吗,mode_control,"{""device"": """", ""location"": """", ""object"": ""声音模式"", ""operation"": ""设置"", ""value"": """"}",播放音质好的免费古典音乐,llm_onecall,12540.6,OK,
730,音乐,第5轮,交响版,mode_control,"{""device"": """", ""location"": """", ""object"": ""声音模式"", ""operation"": ""设置"", ""value"": """"}",播放音质好的免费古典音乐交响版,llm_onecall,13282.6,OK,
731,音乐,第1轮,给我放说唱,music_song_search,"{""retext"": ""给我放说唱"", ""tag"": [""说唱""]}",给我放说唱,llm_onecall,10479.0,OK,
731,音乐,第2轮,中文那种,music_song_search,"{""retext"": ""播放中文说唱"", ""tag"": [""说唱""], ""version"": [""中文""]}",播放中文说唱,llm_onecall,11027.7,OK,
731,音乐,第3轮,免费的,music_song_search,"{""retext"": ""播放免费的中文说唱"", ""tag"": [""中文"", ""说唱""], ""version"": [""免费版""]}",播放免费的中文说唱,llm_onecall,11988.0,OK,
731,音乐,第4轮,带感的,music_song_search,"{""retext"": ""播放带感的中文说唱"", ""tag"": [""中文说唱""]}",播放带感的中文说唱,llm_onecall,12053.6,OK,
731,音乐,第5轮,最近那种,music_song_search,"{""retext"": ""播放最近带感的中文说唱"", ""tag"": [""说唱""], ""version"": [""中文""]}",播放最近带感的中文说唱,llm_onecall,14073.2,OK,
732,音乐,第1轮,推荐几首跑步听的歌,music_song_search,"{""retext"": ""推荐几首跑步听的歌"", ""tag"": [""跑步&骑行""]}",推荐几首跑步听的歌,llm_onecall,11411.1,OK,
732,音乐,第2轮,动感那种,music_song_search,"{""retext"": ""推荐几首动感跑步听的歌"", ""tag"": [""跑步&骑行""]}",推荐几首动感跑步听的歌,llm_onecall,11034.3,OK,
732,音乐,第3轮,带感的,music_song_search,"{""retext"": ""推荐几首带感的跑步听的歌"", ""tag"": [""跑步&骑行""]}",推荐几首带感的跑步听的歌,llm_onecall,12538.5,OK,
732,音乐,第4轮,英文的,music_song_search,"{""retext"": ""推荐几首英文的带感的跑步听的歌"", ""tag"": [""跑步&骑行"", ""英文""]}",推荐几首英文的带感的跑步听的歌,llm_onecall,13117.2,OK,
732,音乐,第5轮,不花钱的渠道的那种,music_song_search,"{""retext"": ""不花钱的渠道的那种"", ""version"": [""免费版""]}",不花钱的渠道的那种,llm_onecall,11531.9,OK,
733,音乐,第1轮,播放《孤勇者》,music_song_search,"{""retext"": ""播放《孤勇者》"", ""song"": [""孤勇者""]}",播放《孤勇者》,llm_onecall,11693.9,OK,
733,音乐,第2轮,原唱那种,music_song_search,"{""retext"": ""播放陈奕迅演唱的《孤勇者》这首歌"", ""singer"": [""陈奕迅""], ""song"": [""孤勇者""]}",播放陈奕迅演唱的《孤勇者》这首歌,llm_onecall,11371.3,OK,
733,音乐,第3轮,要原版,music_song_search,"{""retext"": ""播放陈奕迅演唱的《孤勇者》这首歌"", ""singer"": [""陈奕迅""], ""song"": [""孤勇者""]}",播放陈奕迅演唱的《孤勇者》这首歌,llm_onecall,12457.7,OK,
733,音乐,第4轮,最高音质,music_song_search,"{""retext"": ""播放陈奕迅演唱的《孤勇者》这首歌"", ""singer"": [""陈奕迅""], ""song"": [""孤勇者""]}",播放陈奕迅演唱的《孤勇者》这首歌,llm_onecall,12264.2,OK,
733,音乐,第5轮,不收费的有吗,music_song_search,"{""retext"": ""播放陈奕迅演唱的《孤勇者》这首歌"", ""singer"": [""陈奕迅""], ""song"": [""孤勇者""]}",播放陈奕迅演唱的《孤勇者》这首歌,llm_onecall,12706.5,OK,
734,音乐,第1轮,推荐几首爵士乐,music_song_search,"{""retext"": ""推荐几首爵士乐"", ""tag"": [""爵士""]}",推荐几首爵士乐,llm_onecall,10637.2,OK,
734,音乐,第2轮,最新那种,music_song_recommend,"{""retext"": ""推荐最新的爵士乐""}",推荐最新的爵士乐,llm_onecall,10906.0,OK,
734,音乐,第3轮,最新的,music_song_recommend,"{""retext"": ""推荐最新的爵士乐""}",推荐最新的爵士乐,llm_onecall,11348.1,OK,
734,音乐,第4轮,录音室版有吗,music_song_search,"{""retext"": ""推荐最新的爵士乐录音室版"", ""tag"": [""爵士乐""], ""version"": [""录音室版""]}",推荐最新的爵士乐录音室版,llm_onecall,12986.3,OK,
734,音乐,第5轮,要收费吗,music_song_search,"{""retext"": ""推荐最新的爵士乐录音室版"", ""tag"": [""爵士乐""], ""version"": [""录音室版""]}",推荐最新的爵士乐录音室版,llm_onecall,12363.9,OK,
735,音乐,第1轮,有没有周杰伦的歌,music_song_search,"{""retext"": ""有没有周杰伦的歌"", ""singer"": [""周杰伦""]}",有没有周杰伦的歌,llm_onecall,10100.7,OK,
735,音乐,第2轮,音质好的,mode_control,"{""device"": """", ""location"": """", ""object"": ""声音模式"", ""operation"": ""设置"", ""value"": """"}",音质好的周杰伦的歌,llm_onecall,11977.2,OK,
735,音乐,第3轮,最新那种,mode_control,"{""device"": """", ""location"": """", ""object"": ""声音模式"", ""operation"": ""设置"", ""value"": """"}",音质好的周杰伦的最新歌曲,llm_onecall,11487.6,OK,
735,音乐,第4轮,音质好那种,mode_control,"{""device"": """", ""location"": """", ""object"": ""声音模式"", ""operation"": ""设置"", ""value"": """"}",音质好的周杰伦的最新歌曲,llm_onecall,13264.5,OK,
735,音乐,第5轮,最新的有没有的那种,mode_control,"{""device"": """", ""location"": """", ""object"": ""声音模式"", ""operation"": ""设置"", ""value"": """"}",音质好的周杰伦的最新歌曲,llm_onecall,12836.1,OK,
736,音乐,第1轮,放点林俊杰的歌,music_song_search,"{""retext"": ""放点林俊杰的歌"", ""singer"": [""林俊杰""]}",放点林俊杰的歌,llm_onecall,9309.2,OK,
736,音乐,第2轮,最新的有吗,music_song_search,"{""retext"": ""播放林俊杰最新的歌"", ""singer"": [""林俊杰""]}",播放林俊杰最新的歌,llm_onecall,12545.8,OK,
736,音乐,第3轮,最有名的那首,music_song_search,"{""retext"": ""播放林俊杰最有名的那首歌"", ""singer"": [""林俊杰""]}",播放林俊杰最有名的那首歌,llm_onecall,12452.6,OK,
736,音乐,第4轮,最新那种,music_song_search,"{""retext"": ""播放林俊杰最新的歌"", ""singer"": [""林俊杰""]}",播放林俊杰最新的歌,llm_onecall,11949.2,OK,
736,音乐,第5轮,音质好那种,mode_control,"{""device"": """", ""location"": """", ""object"": ""声音模式"", ""operation"": ""设置"", ""value"": """"}",播放林俊杰音质好那种,llm_onecall,12895.0,OK,
737,音乐,第1轮,给我放邓紫棋的歌,music_song_search,"{""retext"": ""给我放邓紫棋的歌"", ""singer"": [""邓紫棋""]}",给我放邓紫棋的歌,llm_onecall,10659.5,OK,
737,音乐,第2轮,音质好点的,music_song_search,"{""retext"": ""播放邓紫棋的歌曲"", ""singer"": [""邓紫棋""]}",播放邓紫棋的歌曲,llm_onecall,12260.0,OK,
737,音乐,第3轮,不收费的,music_song_search,"{""retext"": ""不收费的""}",不收费的,llm_onecall,11561.7,OK,
737,音乐,第4轮,高音质,mode_control,"{""device"": """", ""location"": """", ""object"": ""声音模式"", ""operation"": ""设置"", ""value"": """"}",播放邓紫棋的高音质歌曲,llm_onecall,12493.7,OK,
737,音乐,第5轮,最新的有没有,music_song_search,"{""retext"": ""播放邓紫棋的最新歌曲"", ""singer"": [""邓紫棋""]}",播放邓紫棋的最新歌曲,llm_onecall,13238.2,OK,
738,音乐,第1轮,想听张学友的歌,music_song_search,"{""retext"": ""想听张学友的歌"", ""singer"": [""张学友""]}",想听张学友的歌,llm_onecall,10585.4,OK,
738,音乐,第2轮,最有名的那首吧,music_song_search,"{""retext"": ""播放张学友最有名的那首歌"", ""singer"": [""张学友""], ""toplist"": [""热歌榜""]}",播放张学友最有名的那首歌,llm_onecall,12863.4,OK,
738,音乐,第3轮,换成 别的歌手 的吧,music_song_recommend,"{""retext"": ""播放别的歌手的歌""}",播放别的歌手的歌,llm_onecall,12878.2,OK,
738,音乐,第4轮,最有名的那首,music_song_search,"{""retext"": ""播放张学友最有名的那首歌"", ""singer"": [""张学友""], ""toplist"": [""热歌榜""]}",播放张学友最有名的那首歌,llm_onecall,11640.7,OK,
738,音乐,第5轮,最火的那首,fan_knowledge_agent,"{""messages"": [{""content"": ""搜索张学友最火的歌曲"", ""role"": ""user""}], ""riskRespStrategy"": ""all_replace"", ""sceneTypeIntentList"": [{""intent"": ""music_info_qa"", ""sceneType"": ""agent_music""}]}",搜索张学友最火的歌曲,llm_select,36966.5,OK,
739,音乐,第1轮,有王菲的歌吗,music_song_search,"{""retext"": ""有王菲的歌吗"", ""singer"": [""王菲""]}",有王菲的歌吗,llm_onecall,10865.4,OK,
739,音乐,第2轮,有现场版吗,music_song_search,"{""retext"": ""有王菲的现场版歌曲吗"", ""singer"": [""王菲""], ""version"": [""现场版""]}",有王菲的现场版歌曲吗,llm_onecall,12601.8,OK,
739,音乐,第3轮,音质好点的,music_song_search,"{""retext"": ""王菲的现场版歌曲"", ""singer"": [""王菲""], ""version"": [""现场版""]}",王菲的现场版歌曲,llm_onecall,13124.3,OK,
739,音乐,第4轮,音质好的,mode_control,"{""device"": """", ""location"": """", ""object"": ""声音模式"", ""operation"": ""设置"", ""value"": """"}",王菲的现场版歌曲音质好的,llm_onecall,11886.9,OK,
739,音乐,第5轮,最新的有没有,mode_control,"{""device"": """", ""location"": """", ""object"": ""声音模式"", ""operation"": ""设置"", ""value"": """"}",王菲的现场版歌曲音质好的,llm_onecall,12451.7,OK,
74,影视,第1轮,好看的国产动画电影,educ_search_all,"{""query"": {""and"": [{""field"": ""country"", ""value"": ""中国""}, {""field"": ""children_second_genre"", ""value"": ""动画电影""}]}, ""retext"": ""好看的国产动画电影""}",好看的国产动画电影,llm_onecall,17810.7,OK,
74,影视,第2轮,去年的,educ_search_all,"{""query"": {""and"": [{""field"": ""country"", ""value"": ""中国""}, {""field"": ""release_time"", ""from"": ""20260101"", ""to"": ""20261231""}, {""field"": ""children_second_genre"", ""value"": ""动画电影""}]}, ""retext"": ""好看的国产动画电影 2026""}",好看的国产动画电影 2026,llm_onecall,19321.8,OK,
74,影视,第3轮,画风精美的,educ_search_all,"{""query"": {""and"": [{""field"": ""country"", ""value"": ""中国""}, {""field"": ""release_time"", ""from"": ""20260101"", ""to"": ""20261231""}, {""field"": ""children_second_genre"", ""value"": ""动画电影""}]}, ""retext"": ""好看的国产动画电影 2026 画风精美的""}",好看的国产动画电影 2026 画风精美的,llm_onecall,18663.9,OK,
74,影视,第4轮,票房高点的,fan_knowledge_agent,"{""messages"": [{""content"": ""好看的国产动画电影 2026 画风精美的 票房高点"", ""role"": ""user""}], ""riskRespStrategy"": ""all_replace"", ""sceneTypeIntentList"": [{""sceneType"": ""child""}]}",好看的国产动画电影 2026 画风精美的 票房高点,general_rule,21770.0,OK,
74,影视,第5轮,要高票房的,fan_knowledge_agent,"{""messages"": [{""content"": ""好看的国产动画电影2026画风精美的票房高点"", ""role"": ""user""}], ""riskRespStrategy"": ""all_replace"", ""sceneTypeIntentList"": [{""sceneType"": ""child""}]}",好看的国产动画电影2026画风精美的票房高点,general_rule,18253.7,OK,
740,音乐,第1轮,放点陈奕迅的歌,music_song_search,"{""retext"": ""放点陈奕迅的歌"", ""singer"": [""陈奕迅""]}",放点陈奕迅的歌,llm_onecall,11674.1,OK,
740,音乐,第2轮,最火的那首,fan_knowledge_agent,"{""messages"": [{""content"": ""播放陈奕迅最火的歌"", ""role"": ""user""}], ""riskRespStrategy"": ""all_replace"", ""sceneTypeIntentList"": [{""sceneType"": ""knowledge_qa""}]}",播放陈奕迅最火的歌,llm_select,21631.4,OK,
740,音乐,第3轮,新歌,music_song_search,"{""retext"": ""新歌"", ""toplist"": [""新歌""]}",新歌,llm_onecall,11754.4,OK,
740,音乐,第4轮,高音质,fan_knowledge_agent,"{""messages"": [{""content"": ""播放陈奕迅最火的歌"", ""role"": ""user""}], ""riskRespStrategy"": ""all_replace"", ""sceneTypeIntentList"": [{""sceneType"": ""knowledge_qa""}]}",播放陈奕迅最火的歌,llm_select,18398.0,OK,
740,音乐,第5轮,不收费的,fan_knowledge_agent,"{""messages"": [{""content"": ""不收费的"", ""role"": ""user""}], ""riskRespStrategy"": ""all_replace"", ""sceneTypeIntentList"": [{""sceneType"": ""knowledge_qa""}]}",不收费的,llm_select,13268.1,OK,
741,音乐,第1轮,推荐几首李荣浩的歌,music_song_search,"{""retext"": ""推荐几首李荣浩的歌"", ""singer"": [""李荣浩""]}",推荐几首李荣浩的歌,llm_onecall,12637.3,OK,
741,音乐,第2轮,音质好那种,mode_control,"{""device"": """", ""location"": """", ""object"": ""声音模式"", ""operation"": ""设置"", ""value"": """"}",推荐几首音质好的李荣浩的歌,llm_onecall,12389.3,OK,
741,音乐,第3轮,免费能听的,mode_control,"{""device"": """", ""location"": """", ""object"": ""声音模式"", ""operation"": ""设置"", ""value"": """"}",推荐几首音质好的李荣浩的歌；免费能听的,llm_onecall,12611.4,OK,
741,音乐,第4轮,最经典那首,mode_control,"{""device"": """", ""location"": """", ""object"": ""声音模式"", ""operation"": ""设置"", ""value"": """"}",推荐音质好的李荣浩的歌,llm_onecall,14167.4,OK,
741,音乐,第5轮,最有名的那首吧,mode_control,"{""device"": """", ""location"": """", ""object"": ""声音模式"", ""operation"": ""设置"", ""value"": """"}",推荐音质好的李荣浩的歌,llm_onecall,14305.1,OK,
742,音乐,第1轮,有毛不易的歌吗,music_song_search,"{""retext"": ""有毛不易的歌吗"", ""singer"": [""毛不易""]}",有毛不易的歌吗,llm_onecall,12522.8,OK,
742,音乐,第2轮,不要会员能听的,music_song_search,"{""retext"": ""不要会员能听的毛不易的歌"", ""singer"": [""毛不易""], ""version"": [""免费版""]}",不要会员能听的毛不易的歌,llm_onecall,12256.0,OK,
742,音乐,第3轮,最有名的那首吧,music_song_search,"{""retext"": ""播放毛不易最有名的那首歌"", ""singer"": [""毛不易""]}",播放毛不易最有名的那首歌,llm_onecall,12579.7,OK,
742,音乐,第4轮,音质好的,mode_control,"{""device"": """", ""location"": """", ""object"": ""声音模式"", ""operation"": ""设置"", ""value"": """"}",播放毛不易最有名的那首歌音质好的,llm_onecall,13237.1,OK,
742,音乐,第5轮,音质好那种,mode_control,"{""device"": """", ""location"": """", ""object"": ""声音模式"", ""operation"": ""设置"", ""value"": """"}",播放毛不易最有名的那首歌音质好的,llm_onecall,11781.4,OK,
743,音乐,第1轮,放点张靓颖的歌,music_song_search,"{""retext"": ""放点张靓颖的歌"", ""singer"": [""张靓颖""]}",放点张靓颖的歌,llm_onecall,11766.9,OK,
743,音乐,第2轮,最新的有没有,music_song_search,"{""retext"": ""播放张靓颖最新的歌"", ""singer"": [""张靓颖""]}",播放张靓颖最新的歌,llm_onecall,11680.9,OK,
743,音乐,第3轮,音质好的,mode_control,"{""device"": """", ""location"": """", ""object"": ""声音模式"", ""operation"": ""设置"", ""value"": """"}",播放张靓颖最新的歌音质好的,llm_onecall,12628.5,OK,
743,音乐,第4轮,换成 别的歌手 的吧,music_song_search,"{""retext"": ""播放别的歌手的歌""}",播放别的歌手的歌,llm_onecall,11731.6,OK,
743,音乐,第5轮,高音质,mode_control,"{""device"": """", ""location"": """", ""object"": ""声音模式"", ""operation"": ""设置"", ""value"": """"}",播放高音质歌曲,llm_onecall,12857.0,OK,
744,音乐,第1轮,来点五月天的歌,music_song_search,"{""retext"": ""来点五月天的歌"", ""singer"": [""五月天""]}",来点五月天的歌,llm_onecall,12866.4,OK,
744,音乐,第2轮,不要会员能听的,music_song_search,"{""retext"": ""不要会员能听的五月天的歌"", ""singer"": [""五月天""], ""version"": [""免费版""]}",不要会员能听的五月天的歌,llm_onecall,12230.7,OK,
744,音乐,第3轮,最有名的那首吧,music_song_search,"{""retext"": ""播放《倔强》这首歌"", ""song"": [""倔强""]}",播放《倔强》这首歌,llm_onecall,11640.8,OK,
744,音乐,第4轮,音质好的,mode_control,"{""device"": """", ""location"": """", ""object"": ""声音模式"", ""operation"": ""设置"", ""value"": """"}",播放音质好的《倔强》这首歌,llm_onecall,12936.6,OK,
744,音乐,第5轮,免费听的有没有,music_song_search,"{""retext"": ""免费听的五月天的歌"", ""singer"": [""五月天""], ""version"": [""免费版""]}",免费听的五月天的歌,llm_onecall,12744.6,OK,
745,音乐,第1轮,有Taylor Swift的歌吗,music_song_search,"{""retext"": ""有Taylor Swift的歌吗"", ""singer"": [""Taylor Swift""]}",有Taylor Swift的歌吗,llm_onecall,12610.2,OK,
745,音乐,第2轮,最有名的那首,music_song_search,"{""retext"": ""播放Taylor Swift最有名的那首歌"", ""singer"": [""Taylor Swift""]}",播放Taylor Swift最有名的那首歌,llm_onecall,13435.3,OK,
745,音乐,第3轮,免费的能听吗,music_song_search,"{""retext"": ""播放Taylor Swift最有名的那首歌"", ""singer"": [""Taylor Swift""]}",播放Taylor Swift最有名的那首歌,llm_onecall,11176.8,OK,
745,音乐,第4轮,不要会员能听的,music_song_search,"{""retext"": ""不要会员能听的"", ""version"": [""免费版""]}",不要会员能听的,llm_onecall,13099.6,OK,
745,音乐,第5轮,有现场版吗,music_song_search,"{""retext"": ""有Taylor Swift最有名的那首歌的现场版吗"", ""singer"": [""Taylor Swift""], ""version"": [""现场版""]}",有Taylor Swift最有名的那首歌的现场版吗,llm_onecall,13449.9,OK,
746,音乐,第1轮,放点流行音乐,music_song_recommend,"{""retext"": ""放点流行音乐"", ""tag"": [""流行""]}",放点流行音乐,llm_onecall,11440.5,OK,
746,音乐,第2轮,最新那种,music_song_search,"{""retext"": ""最新流行音乐"", ""toplist"": [""流行新歌""]}",最新流行音乐,llm_onecall,12824.3,OK,
746,音乐,第3轮,音质高点的,mode_control,"{""device"": """", ""location"": """", ""object"": ""声音模式"", ""operation"": ""设置"", ""value"": """"}",播放音质高的流行音乐,llm_onecall,12681.3,OK,
746,音乐,第4轮,男生唱的,fan_knowledge_agent,"{""messages"": [{""content"": ""男生唱的流行音乐"", ""role"": ""user""}], ""riskRespStrategy"": ""all_replace"", ""sceneTypeIntentList"": [{""intent"": ""music_info_qa"", ""sceneType"": ""agent_music""}]}",男生唱的流行音乐,llm_select,24362.1,OK,
746,音乐,第5轮,不收费的,fan_knowledge_agent,"{""messages"": [{""content"": ""不收费的"", ""role"": ""user""}], ""riskRespStrategy"": ""all_replace"", ""sceneTypeIntentList"": [{""sceneType"": ""knowledge_qa""}]}",不收费的,llm_select,13579.2,OK,
747,音乐,第1轮,找点摇滚音乐,music_song_search,"{""retext"": ""找点摇滚音乐"", ""tag"": [""摇滚""]}",找点摇滚音乐,llm_onecall,11585.2,OK,
747,音乐,第2轮,女的唱的,fan_knowledge_agent,"{""messages"": [{""content"": ""找女声演唱的摇滚音乐"", ""role"": ""user""}], ""riskRespStrategy"": ""all_replace"", ""sceneTypeIntentList"": [{""intent"": ""music_info_qa"", ""sceneType"": ""agent_music""}]}",找女声演唱的摇滚音乐,llm_select,23284.1,OK,
747,音乐,第3轮,音质高点的,fan_knowledge_agent,"{""messages"": [{""content"": ""找音质高一点的女声演唱的摇滚音乐"", ""role"": ""user""}], ""riskRespStrategy"": ""all_replace"", ""sceneTypeIntentList"": [{""intent"": ""music_info_qa"", ""sceneType"": ""agent_music""}]}",找音质高一点的女声演唱的摇滚音乐,llm_select,23638.9,OK,
747,音乐,第4轮,要华语那种,fan_knowledge_agent,"{""messages"": [{""content"": ""找音质高一点的女声演唱的华语摇滚音乐"", ""role"": ""user""}], ""riskRespStrategy"": ""all_replace"", ""sceneTypeIntentList"": [{""intent"": ""music_info_qa"", ""sceneType"": ""agent_music""}]}",找音质高一点的女声演唱的华语摇滚音乐,llm_select,19179.8,OK,
747,音乐,第5轮,最新那种,fan_knowledge_agent,"{""messages"": [{""content"": ""找音质高一点的女声演唱的华语摇滚音乐"", ""role"": ""user""}], ""riskRespStrategy"": ""all_replace"", ""sceneTypeIntentList"": [{""intent"": ""music_info_qa"", ""sceneType"": ""agent_music""}]}",找音质高一点的女声演唱的华语摇滚音乐,llm_select,22532.6,OK,
748,音乐,第1轮,给我放民谣音乐,music_song_search,"{""retext"": ""给我放民谣音乐"", ""tag"": [""民谣""]}",给我放民谣音乐,llm_onecall,11757.5,OK,
748,音乐,第2轮,最新的,music_song_search,"{""retext"": ""播放最新的民谣音乐"", ""tag"": [""民谣""]}",播放最新的民谣音乐,llm_onecall,12541.0,OK,
748,音乐,第3轮,最新的有吗,music_song_search,"{""retext"": ""播放最新的民谣音乐"", ""tag"": [""民谣""]}",播放最新的民谣音乐,llm_onecall,12383.5,OK,
748,音乐,第4轮,男歌手唱的,music_song_search,"{""gender"": [""男""], ""retext"": ""播放最新的民谣音乐中男歌手唱的"", ""tag"": [""民谣""]}",播放最新的民谣音乐中男歌手唱的,llm_onecall,13164.3,OK,
748,音乐,第5轮,高音质那种,mode_control,"{""device"": """", ""location"": """", ""object"": ""声音模式"", ""operation"": ""设置"", ""value"": """"}",播放最新的民谣音乐中男歌手唱的高音质那种,llm_onecall,11536.8,OK,
749,音乐,第1轮,放点民谣,music_song_recommend,"{""retext"": ""放点民谣""}",放点民谣,llm_onecall,11787.2,OK,
749,音乐,第2轮,新歌,music_song_search,"{""retext"": ""新歌"", ""toplist"": [""新歌""]}",新歌,llm_onecall,12329.9,OK,
749,音乐,第3轮,舒缓的,music_song_search,"{""retext"": ""播放舒缓的民谣"", ""tag"": [""民谣"", ""温暖治愈""]}",播放舒缓的民谣,llm_onecall,11979.4,OK,
749,音乐,第4轮,华语的,music_song_search,"{""retext"": ""播放华语的舒缓民谣"", ""tag"": [""华语流行"", ""舒缓"", ""民谣""]}",播放华语的舒缓民谣,llm_onecall,13212.6,OK,
749,音乐,第5轮,最新的有没有,music_song_search,"{""retext"": ""播放华语的舒缓民谣"", ""tag"": [""华语流行"", ""舒缓"", ""民谣""]}",播放华语的舒缓民谣,llm_onecall,12353.3,OK,
75,影视,第1轮,想看经典老电影,vod_fuzzy_search,"{""retext"": ""想看经典老电影""}",想看经典老电影,llm_onecall,16503.6,OK,
75,影视,第2轮,修复版的有没有,vod_fuzzy_search,"{""retext"": ""想看经典老电影修复版的""}",想看经典老电影修复版的,llm_onecall,16839.6,OK,
75,影视,第3轮,黑白老电影,vod_fuzzy_search,"{""retext"": ""想看黑白老电影""}",想看黑白老电影,llm_onecall,16655.0,OK,
75,影视,第4轮,打分高的,vod_fuzzy_search,"{""retext"": ""想看黑白老电影修复版中评分高的""}",想看黑白老电影修复版中评分高的,llm_onecall,19297.4,OK,
75,影视,第5轮,老黑白片的那种,vod_fuzzy_search,"{""retext"": ""想看黑白老电影修复版中评分高的""}",想看黑白老电影修复版中评分高的,llm_onecall,17070.4,OK,
750,音乐,第1轮,来点爵士音乐,music_song_search,"{""retext"": ""来点爵士音乐"", ""tag"": [""爵士""]}",来点爵士音乐,llm_onecall,11326.7,OK,
750,音乐,第2轮,新歌,music_song_search,"{""retext"": ""新歌"", ""toplist"": [""新歌""]}",新歌,llm_onecall,12280.7,OK,
750,音乐,第3轮,节奏感强,music_song_search,"{""retext"": ""节奏感强的爵士音乐"", ""tag"": [""爵士""]}",节奏感强的爵士音乐,llm_onecall,12406.7,OK,
750,音乐,第4轮,要女生唱的,fan_knowledge_agent,"{""messages"": [{""content"": ""节奏感强的爵士音乐要女生唱的"", ""role"": ""user""}], ""riskRespStrategy"": ""all_replace"", ""sceneTypeIntentList"": [{""intent"": ""music_info_qa"", ""sceneType"": ""agent_music""}]}",节奏感强的爵士音乐要女生唱的,llm_select,19989.0,OK,
750,音乐,第5轮,华语那种,fan_knowledge_agent,"{""messages"": [{""content"": ""华语节奏感强的爵士音乐要女生唱的"", ""role"": ""user""}], ""riskRespStrategy"": ""all_replace"", ""sceneTypeIntentList"": [{""intent"": ""music_info_qa"", ""sceneType"": ""agent_music""}]}",华语节奏感强的爵士音乐要女生唱的,llm_select,19868.7,OK,
751,音乐,第1轮,找点古典音乐,music_song_search,"{""retext"": ""找点古典音乐"", ""tag"": [""古典""]}",找点古典音乐,llm_onecall,13270.5,OK,
751,音乐,第2轮,不收费的,music_song_search,"{""retext"": ""找不收费的古典音乐"", ""tag"": [""古典""]}",找不收费的古典音乐,llm_onecall,12759.2,OK,
751,音乐,第3轮,要男歌手的,music_song_search,"{""gender"": [""男""], ""retext"": ""找不收费的古典音乐；要男歌手的"", ""tag"": [""古典""]}",找不收费的古典音乐；要男歌手的,llm_onecall,13723.6,OK,
751,音乐,第4轮,女生唱的,music_song_search,"{""gender"": [""女""], ""retext"": ""找不收费的古典音乐；要女歌手的"", ""tag"": [""古典""]}",找不收费的古典音乐；要女歌手的,llm_onecall,12695.1,OK,
751,音乐,第5轮,华语的,music_song_search,"{""gender"": [""女""], ""retext"": ""找不收费的古典音乐；要女歌手的；华语的"", ""tag"": [""古典"", ""华语流行""], ""version"": [""免费版""]}",找不收费的古典音乐；要女歌手的；华语的,llm_onecall,14028.7,OK,
752,音乐,第1轮,有没有古典,execute,,有没有古典,,11243.5,OK,
752,音乐,第2轮,柔和那种,execute,,有没有柔和那种,,10658.5,OK,
752,音乐,第3轮,节奏快的,execute,,节奏快的,,11524.7,OK,
752,音乐,第4轮,新歌,music_song_search,"{""retext"": ""新歌"", ""toplist"": [""新歌""]}",新歌,llm_onecall,13108.2,OK,
752,音乐,第5轮,女歌手唱的,fan_knowledge_agent,"{""messages"": [{""content"": ""女歌手唱的新歌"", ""role"": ""user""}], ""riskRespStrategy"": ""all_replace"", ""sceneTypeIntentList"": [{""intent"": ""music_info_qa"", ""sceneType"": ""agent_music""}]}",女歌手唱的新歌,llm_select,19322.4,OK,
753,音乐,第1轮,有没有电子音乐,music_song_search,"{""retext"": ""有没有电子音乐"", ""tag"": [""电子音乐""]}",有没有电子音乐,llm_onecall,12572.9,OK,
753,音乐,第2轮,柔和那种,music_song_search,"{""retext"": ""有没有柔和的电子音乐"", ""tag"": [""电子"", ""柔和""]}",有没有柔和的电子音乐,llm_onecall,12193.6,OK,
753,音乐,第3轮,音质高点的,mode_control,"{""device"": """", ""location"": """", ""object"": ""声音模式"", ""operation"": ""设置"", ""value"": """"}",有没有音质高点的柔和电子音乐,llm_onecall,13034.9,OK,
753,音乐,第4轮,免费的能听吗,mode_control,"{""device"": """", ""location"": """", ""object"": ""声音模式"", ""operation"": ""设置"", ""value"": """"}",有没有音质高点、柔和、免费的电子音乐,llm_onecall,12303.4,OK,
753,音乐,第5轮,最新的,mode_control,"{""device"": """", ""location"": """", ""object"": ""声音模式"", ""operation"": ""设置"", ""value"": """"}",有没有音质高点、柔和、免费的电子音乐,llm_onecall,12722.6,OK,
754,音乐,第1轮,想听电子,music_song_search,"{""retext"": ""想听电子"", ""tag"": [""电子""]}",想听电子,llm_onecall,10923.8,OK,
754,音乐,第2轮,华语的,music_song_search,"{""retext"": ""想找华语电子"", ""tag"": [""华语电子""]}",想找华语电子,llm_onecall,12821.1,OK,
754,音乐,第3轮,女的唱的,fan_knowledge_agent,"{""messages"": [{""content"": ""想找女声演唱的华语电子"", ""role"": ""user""}], ""riskRespStrategy"": ""all_replace"", ""sceneTypeIntentList"": [{""sceneType"": ""video""}]}",想找女声演唱的华语电子,llm_select,15739.4,OK,
754,音乐,第4轮,免费能听的,fan_knowledge_agent,"{""messages"": [{""content"": ""免费能听的"", ""role"": ""user""}], ""riskRespStrategy"": ""all_replace"", ""sceneTypeIntentList"": [{""sceneType"": ""knowledge_qa""}]}",免费能听的,llm_select,14610.0,OK,
754,音乐,第5轮,女生唱的,fan_knowledge_agent,"{""messages"": [{""content"": ""想找女声演唱的华语电子"", ""role"": ""user""}], ""riskRespStrategy"": ""all_replace"", ""sceneTypeIntentList"": [{""sceneType"": ""video""}]}",想找女声演唱的华语电子,llm_select,14996.1,OK,
755,音乐,第1轮,有没有说唱音乐,music_song_search,"{""retext"": ""有没有说唱音乐"", ""tag"": [""说唱""]}",有没有说唱音乐,llm_onecall,11408.3,OK,
755,音乐,第2轮,不花钱能听的,music_song_search,"{""retext"": ""不花钱能听的"", ""version"": [""免费版""]}",不花钱能听的,llm_onecall,11964.6,OK,
755,音乐,第3轮,免费听的有没有,music_song_recommend,"{""retext"": ""免费听的有没有""}",免费听的有没有,llm_onecall,12095.6,OK,
755,音乐,第4轮,男生唱的,fan_knowledge_agent,"{""messages"": [{""content"": ""男生唱的"", ""role"": ""user""}], ""riskRespStrategy"": ""all_replace"", ""sceneTypeIntentList"": [{""sceneType"": ""knowledge_qa""}]}",男生唱的,llm_select,14752.0,OK,
755,音乐,第5轮,舒缓的,music_song_semantic_search,"{""retext"": ""我想听舒缓的歌曲""}",我想听舒缓的歌曲,llm_onecall,12197.0,OK,
756,音乐,第1轮,来点乡村音乐,music_song_search,"{""retext"": ""来点乡村音乐"", ""tag"": [""乡村""]}",来点乡村音乐,llm_onecall,11803.3,OK,
756,音乐,第2轮,最新的,music_song_search,"{""retext"": ""最新的乡村音乐"", ""tag"": [""乡村音乐""]}",最新的乡村音乐,llm_onecall,12556.9,OK,
756,音乐,第3轮,节奏感强的,music_song_search,"{""retext"": ""节奏感强的乡村音乐"", ""tag"": [""乡村"", ""节奏感强""]}",节奏感强的乡村音乐,llm_onecall,12238.5,OK,
756,音乐,第4轮,中文流行,music_song_search,"{""retext"": ""中文流行"", ""tag"": [""中文流行""]}",中文流行,llm_onecall,12532.9,OK,
756,音乐,第5轮,要免费的能听吗,music_song_recommend,"{""retext"": ""要免费的能听吗""}",要免费的能听吗,llm_onecall,11960.2,OK,
757,音乐,第1轮,找点乡村,vod_search,"{""action"": ""search"", ""query"": {""field"": ""tag"", ""value"": ""乡村""}, ""retext"": ""找点乡村""}",找点乡村,llm_onecall,12067.5,OK,
757,音乐,第2轮,中文流行,music_song_search,"{""language"": [""中文""], ""retext"": ""找点中文流行"", ""tag"": [""流行""]}",找点中文流行,llm_onecall,13347.0,OK,
757,音乐,第3轮,华语的,music_song_search,"{""retext"": ""找点华语流行"", ""tag"": [""华语流行""]}",找点华语流行,llm_onecall,10832.3,OK,
757,音乐,第4轮,免费能听的,music_song_recommend,"{""retext"": ""免费能听的""}",免费能听的,llm_onecall,11327.6,OK,
757,音乐,第5轮,男的唱的,fan_knowledge_agent,"{""messages"": [{""content"": ""男的唱的"", ""role"": ""user""}], ""riskRespStrategy"": ""all_replace"", ""sceneTypeIntentList"": [{""sceneType"": ""knowledge_qa""}]}",男的唱的,llm_select,13606.5,OK,
758,音乐,第1轮,有蓝调吗,music_song_search,"{""retext"": ""有蓝调吗"", ""tag"": [""蓝调""]}",有蓝调吗,llm_onecall,11735.1,OK,
758,音乐,第2轮,免费听的有没有,music_song_search,"{""retext"": ""免费听的蓝调"", ""tag"": [""蓝调""]}",免费听的蓝调,llm_onecall,12881.5,OK,
758,音乐,第3轮,音质高点的,mode_control,"{""device"": """", ""location"": """", ""object"": ""声音模式"", ""operation"": ""设置"", ""value"": """"}",免费听的蓝调音质高点的,llm_onecall,12021.4,OK,
758,音乐,第4轮,舒缓的,mode_control,"{""device"": """", ""location"": """", ""object"": ""声音模式"", ""operation"": ""设置"", ""value"": """"}",免费听的蓝调音质高点的舒缓的,llm_onecall,12792.4,OK,
758,音乐,第5轮,高音质的,mode_control,"{""device"": """", ""location"": """", ""object"": ""声音模式"", ""operation"": ""设置"", ""value"": """"}",免费听的蓝调音质高点的舒缓的高音质的,llm_onecall,12722.0,OK,
759,音乐,第1轮,放点轻音乐,music_song_recommend,"{""retext"": ""放点轻音乐""}",放点轻音乐,llm_onecall,11787.5,OK,
759,音乐,第2轮,男生唱的,fan_knowledge_agent,"{""messages"": [{""content"": ""男生唱的"", ""role"": ""user""}], ""riskRespStrategy"": ""all_replace"", ""sceneTypeIntentList"": [{""sceneType"": ""knowledge_qa""}]}",男生唱的,llm_select,15847.4,OK,
759,音乐,第3轮,音质高点的,mode_control,"{""device"": """", ""location"": """", ""object"": ""声音模式"", ""operation"": ""设置"", ""value"": """"}",播放音质高的歌曲,llm_onecall,11921.7,OK,
759,音乐,第4轮,舒缓的,music_song_semantic_search,"{""retext"": ""播放舒缓的歌曲""}",播放舒缓的歌曲,llm_onecall,12200.6,OK,
759,音乐,第5轮,高音质那种,mode_control,"{""device"": """", ""location"": """", ""object"": ""声音模式"", ""operation"": ""设置"", ""value"": """"}",播放高音质歌曲,llm_onecall,13109.1,OK,
76,影视,第1轮,找点历史剧,edu_fuzzy_search,"{""retext"": ""找点历史剧""}",找点历史剧,llm_onecall,15966.0,OK,
76,影视,第2轮,服化道精致的,edu_fuzzy_search,"{""retext"": ""服化道精致的历史剧""}",服化道精致的历史剧,llm_onecall,16439.7,OK,
76,影视,第3轮,唐代的,edu_fuzzy_search,"{""retext"": ""服化道精致的唐代历史剧""}",服化道精致的唐代历史剧,llm_onecall,16419.3,OK,
76,影视,第4轮,已完结的有没有,edu_fuzzy_search,"{""retext"": ""已完结的服化道精致的唐代历史剧""}",已完结的服化道精致的唐代历史剧,llm_onecall,19304.0,OK,
76,影视,第5轮,口碑好的有吗,edu_fuzzy_search,"{""retext"": ""口碑好的已完结的服化道精致的唐代历史剧""}",口碑好的已完结的服化道精致的唐代历史剧,llm_onecall,17836.7,OK,
760,音乐,第1轮,来点钢琴曲,music_song_search,"{""retext"": ""来点钢琴曲"", ""tag"": [""钢琴""]}",来点钢琴曲,llm_onecall,12710.5,OK,
760,音乐,第2轮,男歌手的,music_song_search,"{""gender"": [""男""], ""retext"": ""播放男歌手钢琴曲"", ""tag"": [""钢琴""]}",播放男歌手钢琴曲,llm_onecall,12015.0,OK,
760,音乐,第3轮,柔和那种,music_song_search,"{""gender"": [""男""], ""retext"": ""播放柔和的男歌手钢琴曲"", ""tag"": [""钢琴"", ""柔和""]}",播放柔和的男歌手钢琴曲,llm_onecall,12029.4,OK,
760,音乐,第4轮,节奏感强,music_song_search,"{""gender"": [""男""], ""retext"": ""播放节奏感强的柔和男歌手钢琴曲"", ""tag"": [""钢琴"", ""柔和""]}",播放节奏感强的柔和男歌手钢琴曲,llm_onecall,13075.2,OK,
760,音乐,第5轮,要高音质那种,mode_control,"{""device"": """", ""location"": """", ""object"": ""声音模式"", ""operation"": ""设置"", ""value"": """"}",播放高音质节奏感强的柔和男歌手钢琴曲,llm_onecall,13545.8,OK,
761,音乐,第1轮,推荐几首纯音乐,music_song_search,"{""retext"": ""推荐几首纯音乐"", ""version"": [""纯音乐""]}",推荐几首纯音乐,llm_onecall,13557.9,OK,
761,音乐,第2轮,中文流行,music_song_search,"{""gender"": [""男"", ""女""], ""retext"": ""推荐中文流行歌曲"", ""tag"": [""流行""]}",推荐中文流行歌曲,llm_onecall,12380.5,OK,
761,音乐,第3轮,女生唱的,music_song_search,"{""gender"": [""女""], ""retext"": ""推荐女生唱的中文流行歌曲"", ""tag"": [""流行""]}",推荐女生唱的中文流行歌曲,llm_onecall,11771.2,OK,
761,音乐,第4轮,音质高一点的,music_song_search,"{""gender"": [""女""], ""retext"": ""推荐音质高一点的女生唱的中文流行歌曲"", ""tag"": [""流行""]}",推荐音质高一点的女生唱的中文流行歌曲,llm_onecall,13624.5,OK,
761,音乐,第5轮,轻柔点的,music_song_search,"{""gender"": [""女""], ""retext"": ""推荐音质高一点的女生唱的中文流行歌曲中轻柔点的"", ""tag"": [""轻柔"", ""流行""]}",推荐音质高一点的女生唱的中文流行歌曲中轻柔点的,llm_onecall,13862.6,OK,
762,音乐,第1轮,放点纯音乐,music_song_recommend,"{""retext"": ""放点纯音乐""}",放点纯音乐,llm_onecall,12488.0,OK,
762,音乐,第2轮,舒缓的,music_song_search,"{""retext"": ""播放舒缓纯音乐"", ""tag"": [""纯音乐""]}",播放舒缓纯音乐,llm_onecall,12034.5,OK,
762,音乐,第3轮,女歌手的,music_song_search,"{""retext"": ""播放舒缓纯音乐"", ""tag"": [""纯音乐""]}",播放舒缓纯音乐,llm_onecall,11800.0,OK,
762,音乐,第4轮,华语那种,music_song_search,"{""retext"": ""播放舒缓纯音乐"", ""tag"": [""纯音乐""]}",播放舒缓纯音乐,llm_onecall,13367.6,OK,
762,音乐,第5轮,免费的能听吗,music_song_search,"{""retext"": ""播放舒缓纯音乐"", ""tag"": [""纯音乐""]}",播放舒缓纯音乐,llm_onecall,12915.2,OK,
763,音乐,第1轮,放点儿歌,educ_search,"{""query"": {""field"": ""content_type"", ""value"": ""儿歌""}, ""retext"": ""放点儿歌""}",放点儿歌,llm_onecall,13519.8,OK,
763,音乐,第2轮,舒缓一点的,educ_search,"{""query"": {""and"": [{""field"": ""content_type"", ""value"": ""儿歌""}, {""field"": ""features"", ""value"": ""舒缓""}]}, ""retext"": ""播放舒缓一点的儿歌""}",播放舒缓一点的儿歌,llm_onecall,14030.8,OK,
763,音乐,第3轮,高音质那种,educ_search,"{""query"": {""and"": [{""field"": ""content_type"", ""value"": ""儿歌""}, {""field"": ""features"", ""value"": ""高音质""}, {""field"": ""training_objectives"", ""value"": ""舒缓""}]}, ""retext"": ""播放高音质舒缓一点的儿歌""}",播放高音质舒缓一点的儿歌,llm_onecall,13836.0,OK,
763,音乐,第4轮,男生唱的,fan_knowledge_agent,"{""messages"": [{""content"": ""男生唱的"", ""role"": ""user""}], ""riskRespStrategy"": ""all_replace"", ""sceneTypeIntentList"": [{""sceneType"": ""knowledge_qa""}]}",男生唱的,llm_select,13686.6,OK,
763,音乐,第5轮,带感的,fan_knowledge_agent,"{""messages"": [{""content"": ""男生唱的带感的"", ""role"": ""user""}], ""riskRespStrategy"": ""all_replace"", ""sceneTypeIntentList"": [{""sceneType"": ""knowledge_qa""}]}",男生唱的带感的,llm_select,17391.8,OK,
764,音乐,第1轮,播放《晴天》,music_song_search,"{""retext"": ""播放《晴天》"", ""song"": [""晴天""]}",播放《晴天》,llm_onecall,12794.3,OK,
764,音乐,第2轮,不收费的有吗,music_song_search,"{""retext"": ""播放《晴天》这首歌"", ""song"": [""晴天""]}",播放《晴天》这首歌,llm_onecall,11046.9,OK,
764,音乐,第3轮,重复播放,music_song_search,"{""retext"": ""重复播放《晴天》这首歌"", ""song"": [""晴天""]}",重复播放《晴天》这首歌,llm_onecall,12352.4,OK,
764,音乐,第4轮,音质拉满,music_song_search,"{""retext"": ""播放《晴天》这首歌"", ""song"": [""晴天""]}",播放《晴天》这首歌,llm_onecall,11828.3,OK,
764,音乐,第5轮,换成《别的歌》吧,music_song_search,"{""retext"": ""播放《别的歌》这首歌"", ""song"": [""别的歌""]}",播放《别的歌》这首歌,llm_onecall,13596.0,OK,
765,音乐,第1轮,播放《稻香》,music_song_search,"{""retext"": ""播放《稻香》"", ""song"": [""稻香""]}",播放《稻香》,llm_onecall,11920.4,OK,
765,音乐,第2轮,换一个版本,music_song_search,"{""retext"": ""播放《稻香》这首歌"", ""song"": [""稻香""]}",播放《稻香》这首歌,llm_onecall,12609.9,OK,
765,音乐,第3轮,免费的,music_song_recommend,"{""retext"": ""免费的""}",免费的,llm_onecall,11136.1,OK,
765,音乐,第4轮,原唱的那版,music_song_search,"{""retext"": ""播放《稻香》这首歌"", ""song"": [""稻香""]}",播放《稻香》这首歌,llm_onecall,12240.9,OK,
765,音乐,第5轮,音质最高,music_song_search,"{""retext"": ""播放《稻香》这首歌"", ""song"": [""稻香""]}",播放《稻香》这首歌,llm_onecall,13854.0,OK,
766,音乐,第1轮,播放《起风了》,music_song_search,"{""retext"": ""播放《起风了》"", ""song"": [""起风了""]}",播放《起风了》,llm_onecall,12052.7,OK,
766,音乐,第2轮,最高音质,music_song_search,"{""retext"": ""播放《起风了》这首歌"", ""song"": [""起风了""]}",播放《起风了》这首歌,llm_onecall,12396.0,OK,
766,音乐,第3轮,免费的,music_song_search,"{""retext"": ""播放免费的《起风了》这首歌"", ""song"": [""起风了""], ""version"": [""免费版""]}",播放免费的《起风了》这首歌,llm_onecall,13190.2,OK,
766,音乐,第4轮,原版的那种,music_song_search,"{""retext"": ""播放原版《起风了》这首歌"", ""song"": [""起风了""], ""version"": [""原版""]}",播放原版《起风了》这首歌,llm_onecall,13294.3,OK,
766,音乐,第5轮,换一个版本,music_song_search,"{""retext"": ""播放另一个版本的《起风了》这首歌"", ""song"": [""起风了""]}",播放另一个版本的《起风了》这首歌,llm_onecall,12832.7,OK,
767,音乐,第1轮,播放《大鱼》,music_song_search,"{""retext"": ""播放《大鱼》"", ""song"": [""大鱼""]}",播放《大鱼》,badcase,10431.6,OK,
767,音乐,第2轮,要循环放,music_song_search,"{""retext"": ""循环播放《大鱼》"", ""song"": [""大鱼""]}",循环播放《大鱼》,llm_onecall,12158.9,OK,
767,音乐,第3轮,换个版本,music_song_search,"{""retext"": ""播放《大鱼》"", ""song"": [""大鱼""]}",播放《大鱼》,badcase,11755.0,OK,
767,音乐,第4轮,免费的有吗,music_song_search,"{""retext"": ""播放免费的《大鱼》"", ""song"": [""大鱼""]}",播放免费的《大鱼》,llm_onecall,12526.9,OK,
767,音乐,第5轮,免费的,music_song_search,"{""retext"": ""播放免费的《大鱼》"", ""song"": [""大鱼""]}",播放免费的《大鱼》,llm_onecall,12985.4,OK,
768,音乐,第1轮,播放《光年之外》,music_song_search,"{""retext"": ""播放《光年之外》"", ""song"": [""光年之外""]}",播放《光年之外》,llm_onecall,12334.3,OK,
768,音乐,第2轮,别的版本,music_song_search,"{""retext"": ""播放《光年之外》的其他版本"", ""song"": [""光年之外""]}",播放《光年之外》的其他版本,llm_onecall,11648.3,OK,
768,音乐,第3轮,原唱版,music_song_search,"{""retext"": ""播放《光年之外》原唱版"", ""song"": [""光年之外""], ""version"": [""原唱""]}",播放《光年之外》原唱版,llm_onecall,13241.6,OK,
768,音乐,第4轮,不收费的有吗,music_song_search,"{""retext"": ""播放《光年之外》原唱版"", ""song"": [""光年之外""], ""version"": [""原唱""]}",播放《光年之外》原唱版,llm_onecall,14289.7,OK,
768,音乐,第5轮,循环放,music_song_search,"{""retext"": ""循环播放《光年之外》这首歌"", ""song"": [""光年之外""]}",循环播放《光年之外》这首歌,llm_onecall,13201.6,OK,
769,音乐,第1轮,播放《泡沫》,music_song_search,"{""retext"": ""播放《泡沫》"", ""song"": [""泡沫""]}",播放《泡沫》,llm_onecall,13270.5,OK,
769,音乐,第2轮,音质调到最高,music_song_search,"{""retext"": ""播放《泡沫》"", ""song"": [""泡沫""]}",播放《泡沫》,llm_onecall,11654.2,OK,
769,音乐,第3轮,原唱版,music_song_search,"{""retext"": ""播放《泡沫》这首歌"", ""song"": [""泡沫""]}",播放《泡沫》这首歌,llm_onecall,12451.3,OK,
769,音乐,第4轮,原唱的那版,music_song_search,"{""retext"": ""播放邓紫棋演唱的《泡沫》这首歌"", ""singer"": [""邓紫棋""], ""song"": [""泡沫""]}",播放邓紫棋演唱的《泡沫》这首歌,llm_onecall,14277.8,OK,
769,音乐,第5轮,循环播放,music_song_search,"{""retext"": ""循环播放邓紫棋演唱的《泡沫》这首歌"", ""singer"": [""邓紫棋""], ""song"": [""泡沫""]}",循环播放邓紫棋演唱的《泡沫》这首歌,llm_onecall,14299.3,OK,
77,影视,第1轮,推荐些医疗剧,vod_search,"{""action"": ""search"", ""query"": {""and"": [{""field"": ""category"", ""value"": ""电视剧""}, {""field"": ""tag"", ""value"": ""医疗""}]}, ""retext"": ""推荐些医疗剧"", ""sort"": {""hot"": {""order"": ""desc""}}}",推荐些医疗剧,llm_onecall,16509.2,OK,
77,影视,第2轮,高分的有吗,vod_search,"{""action"": ""search"", ""query"": {""and"": [{""field"": ""category"", ""value"": ""电视剧""}, {""field"": ""tag"", ""value"": ""医疗""}]}, ""retext"": ""推荐高分医疗剧"", ""sort"": {""rate"": {""order"": ""desc""}}}",推荐高分医疗剧,llm_onecall,17448.2,OK,
77,影视,第3轮,咱们自己拍的,vod_search_all,"{""action"": ""search"", ""query"": {""and"": [{""field"": ""area"", ""value"": ""国产""}, {""field"": ""category"", ""value"": ""电视剧""}, {""field"": ""tag"", ""value"": ""医疗""}]}, ""retext"": ""推荐高分国产医疗剧"", ""sort"": {""rate"": {""order"": ""desc""}}}",推荐高分国产医疗剧,llm_onecall,17114.2,OK,
77,影视,第4轮,打分高的有吗,vod_search_all,"{""action"": ""search"", ""query"": {""and"": [{""field"": ""area"", ""value"": ""国产""}, {""field"": ""category"", ""value"": ""电视剧""}, {""field"": ""tag"", ""value"": ""医疗""}]}, ""retext"": ""推荐高分国产医疗剧"", ""sort"": {""rate"": {""order"": ""desc""}}}",推荐高分国产医疗剧,llm_onecall,19403.5,OK,
77,影视,第5轮,专业度高的,vod_search_all,"{""action"": ""search"", ""query"": {""and"": [{""field"": ""area"", ""value"": ""国产""}, {""field"": ""category"", ""value"": ""电视剧""}, {""field"": ""tag"", ""value"": ""医疗""}]}, ""retext"": ""推荐专业度高的国产医疗剧"", ""sort"": {""rate"": {""order"": ""desc""}}}",推荐专业度高的国产医疗剧,llm_onecall,17353.4,OK,
770,音乐,第1轮,播放《成都》,music_song_search,"{""retext"": ""播放《成都》"", ""song"": [""成都""]}",播放《成都》,llm_onecall,12706.2,OK,
770,音乐,第2轮,换一个版本,music_song_search,"{""retext"": ""播放《成都》这首歌"", ""song"": [""成都""]}",播放《成都》这首歌,llm_onecall,12233.3,OK,
770,音乐,第3轮,别的版本,music_song_search,"{""retext"": ""播放《成都》这首歌"", ""song"": [""成都""]}",播放《成都》这首歌,llm_onecall,12352.0,OK,
770,音乐,第4轮,重复播放,music_song_search,"{""retext"": ""重复播放《成都》这首歌"", ""song"": [""成都""]}",重复播放《成都》这首歌,llm_onecall,13783.9,OK,
770,音乐,第5轮,免费的,music_song_recommend,"{""retext"": ""免费的""}",免费的,llm_onecall,12029.1,OK,
771,音乐,第1轮,播放《海阔天空》,music_song_search,"{""retext"": ""播放《海阔天空》"", ""song"": [""海阔天空""]}",播放《海阔天空》,llm_onecall,11593.5,OK,
771,音乐,第2轮,换一个版本,music_song_search,"{""retext"": ""播放《海阔天空》这首歌"", ""song"": [""海阔天空""]}",播放《海阔天空》这首歌,llm_onecall,13601.9,OK,
771,音乐,第3轮,要免费的有没有,music_song_search,"{""retext"": ""播放《海阔天空》这首歌"", ""song"": [""海阔天空""]}",播放《海阔天空》这首歌,llm_onecall,13220.7,OK,
771,音乐,第4轮,原唱版,music_song_search,"{""retext"": ""播放《海阔天空》这首歌的原唱版"", ""song"": [""海阔天空""], ""version"": [""原唱""]}",播放《海阔天空》这首歌的原唱版,llm_onecall,13847.4,OK,
771,音乐,第5轮,免费的有吗,music_song_search,"{""retext"": ""播放《海阔天空》这首歌的原唱版"", ""song"": [""海阔天空""], ""version"": [""原唱""]}",播放《海阔天空》这首歌的原唱版,llm_onecall,14468.3,OK,
772,音乐,第1轮,播放《七里香》,music_song_search,"{""retext"": ""播放《七里香》"", ""song"": [""七里香""]}",播放《七里香》,llm_onecall,11651.9,OK,
772,音乐,第2轮,不收费的有吗,music_song_search,"{""retext"": ""播放《七里香》这首歌"", ""song"": [""七里香""]}",播放《七里香》这首歌,llm_onecall,12663.7,OK,
772,音乐,第3轮,另一版,music_song_search,"{""retext"": ""播放《七里香》这首歌"", ""song"": [""七里香""]}",播放《七里香》这首歌,llm_onecall,12044.0,OK,
772,音乐,第4轮,原唱那种,fan_knowledge_agent,"{""messages"": [{""content"": ""《七里香》这首歌的原唱是谁"", ""role"": ""user""}], ""riskRespStrategy"": ""all_replace"", ""sceneTypeIntentList"": [{""sceneType"": ""knowledge_qa""}]}",《七里香》这首歌的原唱是谁,general_rule,13893.2,OK,
772,音乐,第5轮,单曲循环,music_song_search,"{""retext"": ""单曲循环播放《七里香》这首歌"", ""song"": [""七里香""]}",单曲循环播放《七里香》这首歌,llm_onecall,13313.3,OK,
773,音乐,第1轮,播放《告白气球》,music_song_search,"{""retext"": ""播放《告白气球》"", ""song"": [""告白气球""]}",播放《告白气球》,llm_onecall,10620.1,OK,
773,音乐,第2轮,别的版本,music_song_search,"{""retext"": ""播放《告白气球》的其他版本"", ""song"": [""告白气球""]}",播放《告白气球》的其他版本,llm_onecall,12815.2,OK,
773,音乐,第3轮,换成《别的歌》吧,music_song_search,"{""retext"": ""播放《别的歌》这首歌"", ""song"": [""别的歌""]}",播放《别的歌》这首歌,llm_onecall,13164.8,OK,
773,音乐,第4轮,音质调到最高,mode_control,"{""device"": """", ""location"": """", ""object"": ""声音模式"", ""operation"": ""设置"", ""value"": """"}",音质调到最高,llm_onecall,12687.6,OK,
773,音乐,第5轮,另一版,music_song_search,"{""retext"": ""播放《告白气球》的其他版本"", ""song"": [""告白气球""]}",播放《告白气球》的其他版本,llm_onecall,13349.7,OK,
774,音乐,第1轮,播放《消愁》,music_song_search,"{""retext"": ""播放《消愁》"", ""song"": [""消愁""]}",播放《消愁》,llm_onecall,10880.1,OK,
774,音乐,第2轮,有现场版吗,music_song_search,"{""retext"": ""播放《消愁》这首歌的现场版"", ""song"": [""消愁""], ""version"": [""现场版""]}",播放《消愁》这首歌的现场版,llm_onecall,13121.8,OK,
774,音乐,第3轮,音质拉满,music_song_search,"{""retext"": ""播放《消愁》这首歌"", ""song"": [""消愁""]}",播放《消愁》这首歌,llm_onecall,12376.7,OK,
774,音乐,第4轮,别的版本,music_song_search,"{""retext"": ""播放《消愁》这首歌的其他版本"", ""song"": [""消愁""]}",播放《消愁》这首歌的其他版本,llm_onecall,13413.9,OK,
774,音乐,第5轮,循环放,music_song_search,"{""retext"": ""循环播放《消愁》这首歌"", ""song"": [""消愁""]}",循环播放《消愁》这首歌,llm_onecall,14350.5,OK,
775,音乐,第1轮,播放《平凡之路》,music_song_search,"{""retext"": ""播放《平凡之路》"", ""song"": [""平凡之路""]}",播放《平凡之路》,llm_onecall,12317.1,OK,
775,音乐,第2轮,原版,music_song_search,"{""retext"": ""播放《平凡之路》这首歌"", ""song"": [""平凡之路""]}",播放《平凡之路》这首歌,llm_onecall,12748.6,OK,
775,音乐,第3轮,别的版本,music_song_search,"{""retext"": ""播放《平凡之路》这首歌的其他版本"", ""song"": [""平凡之路""], ""version"": [""其他版本""]}",播放《平凡之路》这首歌的其他版本,llm_onecall,13815.0,OK,
775,音乐,第4轮,换一个版本,music_song_search,"{""retext"": ""播放《平凡之路》这首歌的其他版本"", ""song"": [""平凡之路""], ""version"": [""其他版本""]}",播放《平凡之路》这首歌的其他版本,llm_onecall,13961.9,OK,
775,音乐,第5轮,换成《别的歌》吧,music_song_search,"{""retext"": ""播放《别的歌》这首歌"", ""song"": [""别的歌""]}",播放《别的歌》这首歌,llm_onecall,13121.8,OK,
776,音乐,第1轮,播放《乌梅子酱》,music_song_search,"{""retext"": ""播放《乌梅子酱》"", ""song"": [""乌梅子酱""]}",播放《乌梅子酱》,llm_onecall,12453.4,OK,
776,音乐,第2轮,原唱版,music_song_search,"{""retext"": ""播放《乌梅子酱》这首歌"", ""song"": [""乌梅子酱""]}",播放《乌梅子酱》这首歌,llm_onecall,12513.5,OK,
776,音乐,第3轮,原唱那种,fan_knowledge_agent,"{""messages"": [{""content"": ""《乌梅子酱》这首歌的原唱是谁"", ""role"": ""user""}], ""riskRespStrategy"": ""all_replace"", ""sceneTypeIntentList"": [{""sceneType"": ""knowledge_qa""}]}",《乌梅子酱》这首歌的原唱是谁,general_rule,14528.2,OK,
776,音乐,第4轮,另一版,fan_knowledge_agent,"{""messages"": [{""content"": ""《乌梅子酱》这首歌的原唱是谁"", ""role"": ""user""}], ""riskRespStrategy"": ""all_replace"", ""sceneTypeIntentList"": [{""sceneType"": ""knowledge_qa""}]}",《乌梅子酱》这首歌的原唱是谁,general_rule,14403.1,OK,
776,音乐,第5轮,免费的有没有,fan_knowledge_agent,"{""messages"": [{""content"": ""有没有免费的"", ""role"": ""user""}], ""riskRespStrategy"": ""all_replace"", ""sceneTypeIntentList"": [{""sceneType"": ""knowledge_qa""}]}",有没有免费的,general_rule,17760.5,OK,
777,音乐,第1轮,播放《爱如火》,music_song_search,"{""retext"": ""播放《爱如火》"", ""song"": [""爱如火""]}",播放《爱如火》,llm_onecall,12046.0,OK,
777,音乐,第2轮,不收费的有吗,music_song_search,"{""retext"": ""播放《爱如火》这首歌"", ""song"": [""爱如火""]}",播放《爱如火》这首歌,llm_onecall,12747.3,OK,
777,音乐,第3轮,换个版本,music_song_search,"{""retext"": ""播放《爱如火》这首歌"", ""song"": [""爱如火""]}",播放《爱如火》这首歌,llm_onecall,13358.8,OK,
777,音乐,第4轮,要重复播放,music_song_search,"{""retext"": ""重复播放《爱如火》这首歌"", ""song"": [""爱如火""]}",重复播放《爱如火》这首歌,llm_onecall,13807.9,OK,
777,音乐,第5轮,原唱那种,fan_knowledge_agent,"{""messages"": [{""content"": ""《爱如火》的原唱是谁"", ""role"": ""user""}], ""riskRespStrategy"": ""all_replace"", ""sceneTypeIntentList"": [{""sceneType"": ""knowledge_qa""}]}",《爱如火》的原唱是谁,general_rule,14237.1,OK,
778,音乐,第1轮,播放《最炫民族风》,music_song_search,"{""retext"": ""播放《最炫民族风》"", ""song"": [""最炫民族风""]}",播放《最炫民族风》,llm_onecall,12825.0,OK,
778,音乐,第2轮,免费的有吗,music_song_search,"{""retext"": ""播放《最炫民族风》这首歌"", ""song"": [""最炫民族风""]}",播放《最炫民族风》这首歌,llm_onecall,13098.8,OK,
778,音乐,第3轮,换个版本,music_song_search,"{""retext"": ""播放《最炫民族风》这首歌"", ""song"": [""最炫民族风""]}",播放《最炫民族风》这首歌,llm_onecall,13315.0,OK,
778,音乐,第4轮,最高音质,music_song_search,"{""retext"": ""播放《最炫民族风》这首歌"", ""song"": [""最炫民族风""]}",播放《最炫民族风》这首歌,llm_onecall,13751.2,OK,
778,音乐,第5轮,另一版,music_song_search,"{""retext"": ""播放《最炫民族风》的另一版"", ""song"": [""最炫民族风""]}",播放《最炫民族风》的另一版,llm_onecall,14044.5,OK,
779,音乐,第1轮,播放《月亮之上》,music_song_search,"{""retext"": ""播放《月亮之上》"", ""song"": [""月亮之上""]}",播放《月亮之上》,llm_onecall,12480.2,OK,
779,音乐,第2轮,换成《别的歌》吧,music_song_search,"{""retext"": ""播放《别的歌》这首歌"", ""song"": [""别的歌""]}",播放《别的歌》这首歌,llm_onecall,13504.8,OK,
779,音乐,第3轮,原版,music_song_search,"{""retext"": ""播放《月亮之上》这首歌"", ""song"": [""月亮之上""]}",播放《月亮之上》这首歌,llm_onecall,12935.4,OK,
779,音乐,第4轮,免费的有没有,music_song_recommend,"{""retext"": ""免费的有没有""}",免费的有没有,llm_onecall,12877.2,OK,
779,音乐,第5轮,单曲循环,playback_control,"{""device"": """", ""location"": """", ""object"": ""播放列表"", ""operation"": ""单曲播放"", ""value"": """"}",单曲循环,fewshot_cache,10924.6,OK,
78,影视,第1轮,有没有好看的真人秀综艺,vod_search,"{""action"": ""search"", ""query"": {""and"": [{""field"": ""category"", ""value"": ""综艺""}, {""field"": ""tag"", ""value"": ""真人秀""}]}, ""retext"": ""有没有好看的真人秀综艺"", ""sort"": {""hot"": {""order"": ""desc""}}}",有没有好看的真人秀综艺,llm_onecall,16843.1,OK,
78,影视,第2轮,有大牌嘉宾的,vod_search,"{""action"": ""search"", ""query"": {""and"": [{""field"": ""category"", ""value"": ""综艺""}, {""field"": ""tag"", ""value"": ""真人秀""}]}, ""retext"": ""有没有大牌嘉宾的真人秀综艺""}",有没有大牌嘉宾的真人秀综艺,llm_onecall,18847.3,OK,
78,影视,第3轮,不用会员能看吗,vod_search,"{""action"": ""search"", ""query"": {""field"": ""is_fee"", ""value"": ""0""}, ""retext"": ""不用会员能看吗""}",不用会员能看吗,llm_onecall,17464.2,OK,
78,影视,第4轮,有明星嘉宾的,vod_fuzzy_search,"{""retext"": ""有明星嘉宾的""}",有明星嘉宾的,llm_onecall,16641.2,OK,
78,影视,第5轮,最新季的,vod_search,"{""action"": ""search"", ""query"": {""and"": [{""field"": ""category"", ""value"": ""综艺""}, {""field"": ""tag"", ""value"": ""真人秀""}]}, ""retext"": ""最新季的有明星嘉宾的真人秀综艺"", ""sort"": {""new"": {""order"": ""desc""}}}",最新季的有明星嘉宾的真人秀综艺,llm_onecall,17588.7,OK,
780,音乐,第1轮,找点周杰伦的歌,music_song_search,"{""retext"": ""找点周杰伦的歌"", ""singer"": [""周杰伦""]}",找点周杰伦的歌,llm_onecall,11869.9,OK,
780,音乐,第2轮,最新的有吗,music_song_search,"{""retext"": ""周杰伦最新的歌"", ""singer"": [""周杰伦""]}",周杰伦最新的歌,llm_onecall,12677.6,OK,
780,音乐,第3轮,音质好点的,mode_control,"{""device"": """", ""location"": """", ""object"": ""声音模式"", ""operation"": ""设置"", ""value"": """"}",周杰伦最新的歌音质好点的,llm_onecall,13592.7,OK,
780,音乐,第4轮,新歌,music_song_search,"{""retext"": ""周杰伦新歌"", ""singer"": [""周杰伦""], ""toplist"": [""新歌""]}",周杰伦新歌,llm_onecall,12411.2,OK,
780,音乐,第5轮,不要钱能听的,music_song_search,"{""retext"": ""周杰伦新歌不要钱能听的"", ""singer"": [""周杰伦""], ""version"": [""免费版""]}",周杰伦新歌不要钱能听的,llm_onecall,12750.0,OK,
781,音乐,第1轮,给我放点摇滚乐,music_song_search,"{""retext"": ""给我放点摇滚乐"", ""tag"": [""摇滚""]}",给我放点摇滚乐,llm_onecall,11933.3,OK,
781,音乐,第2轮,高音质那种,mode_control,"{""device"": """", ""location"": """", ""object"": ""声音模式"", ""operation"": ""设置"", ""value"": """"}",播放高音质摇滚乐,llm_onecall,13866.6,OK,
781,音乐,第3轮,不花钱的,mode_control,"{""device"": """", ""location"": """", ""object"": ""声音模式"", ""operation"": ""设置"", ""value"": """"}",播放高音质摇滚乐,llm_onecall,12642.1,OK,
781,音乐,第4轮,清唱版,mode_control,"{""device"": """", ""location"": """", ""object"": ""声音模式"", ""operation"": ""设置"", ""value"": """"}",播放高音质摇滚乐清唱版,llm_onecall,13736.8,OK,
781,音乐,第5轮,清唱那种,mode_control,"{""device"": """", ""location"": """", ""object"": ""声音模式"", ""operation"": ""设置"", ""value"": """"}",播放高音质摇滚乐清唱版,llm_onecall,12521.9,OK,
782,音乐,第1轮,找点伤感的歌,music_song_search,"{""retext"": ""找点伤感的歌"", ""tag"": [""伤感""]}",找点伤感的歌,llm_onecall,11163.4,OK,
782,音乐,第2轮,要失恋听的,music_song_search,"{""retext"": ""找点失恋听的伤感歌曲"", ""tag"": [""伤感""]}",找点失恋听的伤感歌曲,llm_onecall,13124.3,OK,
782,音乐,第3轮,分手那种,music_song_search,"{""retext"": ""找点失恋听的伤感歌曲"", ""tag"": [""伤感""]}",找点失恋听的伤感歌曲,llm_onecall,13481.5,OK,
782,音乐,第4轮,华语经典,,,,,,ERR,TimeoutError: timed out
782,音乐,第5轮,免费能听的有吗,music_song_search,"{""retext"": ""免费能听的华语经典歌曲"", ""tag"": [""华语经典""], ""version"": [""免费版""]}",免费能听的华语经典歌曲,llm_onecall,13276.2,OK,
783,音乐,第1轮,给我放KTV必点的歌,music_song_search,"{""retext"": ""给我放KTV必点的歌"", ""toplist"": [""KTV必点""]}",给我放KTV必点的歌,llm_onecall,12728.3,OK,
783,音乐,第2轮,要双人对唱,music_ksong_search,"{""retext"": ""给我放KTV必点的双人对唱歌"", ""tag"": [""双人合唱""]}",给我放KTV必点的双人对唱歌,llm_onecall,14410.2,OK,
783,音乐,第3轮,有双人对唱的吗,fan_knowledge_agent,"{""messages"": [{""content"": ""有双人对唱的歌曲吗"", ""role"": ""user""}], ""riskRespStrategy"": ""all_replace"", ""sceneTypeIntentList"": [{""intent"": ""music_info_qa"", ""sceneType"": ""agent_music""}]}",有双人对唱的歌曲吗,general_rule,20422.5,OK,
783,音乐,第4轮,要男女对唱,music_song_search,"{""retext"": ""要男女对唱"", ""tag"": [""男女对唱""]}",要男女对唱,llm_onecall,13082.1,OK,
783,音乐,第5轮,音别太高,numeric_adjust,"{""device"": """", ""location"": """", ""object"": ""音量"", ""operation"": ""降低"", ""value"": ""默认""}",音别太高,llm_onecall,13449.5,OK,
784,音乐,第1轮,来点粤语老歌,music_song_search,"{""retext"": ""来点粤语老歌"", ""tag"": [""粤语"", ""老歌""]}",来点粤语老歌,llm_onecall,12728.2,OK,
784,音乐,第2轮,男歌手的有吗,music_song_search,"{""gender"": [""男""], ""retext"": ""找粤语老歌男歌手"", ""tag"": [""粤语"", ""经典老歌""]}",找粤语老歌男歌手,llm_onecall,14099.9,OK,
784,音乐,第3轮,演唱会版的有吗,music_song_search,"{""gender"": [""男""], ""retext"": ""找粤语老歌男歌手演唱会版的"", ""tag"": [""粤语"", ""老歌""], ""version"": [""演唱会版""]}",找粤语老歌男歌手演唱会版的,llm_onecall,13997.7,OK,
784,音乐,第4轮,有男歌手的吗,music_song_search,"{""gender"": [""男""], ""retext"": ""找粤语老歌男歌手演唱会版的"", ""tag"": [""粤语"", ""老歌""], ""version"": [""演唱会版""]}",找粤语老歌男歌手演唱会版的,llm_onecall,13780.3,OK,
784,音乐,第5轮,经典款,music_song_search,"{""gender"": [""男""], ""retext"": ""找粤语老歌男歌手演唱会版的经典款"", ""tag"": [""粤语"", ""经典"", ""老歌""], ""version"": [""演唱会版""]}",找粤语老歌男歌手演唱会版的经典款,llm_onecall,14729.1,OK,
785,音乐,第1轮,有没有说唱,music_song_search,"{""retext"": ""有没有说唱"", ""tag"": [""说唱""]}",有没有说唱,llm_onecall,12826.4,OK,
785,音乐,第2轮,中文版,music_song_search,"{""retext"": ""有没有说唱中文版"", ""tag"": [""说唱""], ""version"": [""中文版""]}",有没有说唱中文版,llm_onecall,13408.6,OK,
785,音乐,第3轮,要免费的,music_song_search,"{""retext"": ""有没有说唱中文版"", ""tag"": [""说唱""], ""version"": [""中文版""]}",有没有说唱中文版,llm_onecall,13100.2,OK,
785,音乐,第4轮,女歌手的有吗,music_song_search,"{""gender"": [""女""], ""retext"": ""有没有女歌手说的唱中文版"", ""song"": [""说唱中文版""]}",有没有女歌手说的唱中文版,llm_onecall,12765.2,OK,
785,音乐,第5轮,中文版的有吗,music_song_search,"{""retext"": ""有没有说唱中文版"", ""tag"": [""说唱""], ""version"": [""中文版""]}",有没有说唱中文版,llm_onecall,14199.2,OK,
786,音乐,第1轮,有跑步听的歌吗,music_song_search,"{""retext"": ""有跑步听的歌吗"", ""tag"": [""跑步&骑行""]}",有跑步听的歌吗,llm_onecall,13840.2,OK,
786,音乐,第2轮,换成华语的呢,music_song_search,"{""retext"": ""换成华语的跑步听的歌"", ""tag"": [""跑步&骑行""], ""version"": [""中文版""]}",换成华语的跑步听的歌,llm_onecall,13362.5,OK,
786,音乐,第3轮,英文的,music_song_search,"{""retext"": ""换成英文的跑步听的歌"", ""tag"": [""跑步&骑行""], ""version"": [""英文""]}",换成英文的跑步听的歌,llm_onecall,13749.6,OK,
786,音乐,第4轮,免费渠道有吗,music_song_search,"{""retext"": ""免费渠道有吗"", ""version"": [""免费版""]}",免费渠道有吗,llm_onecall,12600.5,OK,
786,音乐,第5轮,带感的,music_song_semantic_search,"{""retext"": ""带感的""}",带感的,llm_onecall,12242.6,OK,
787,音乐,第1轮,有没有爵士乐,music_song_search,"{""retext"": ""有没有爵士乐"", ""tag"": [""爵士""]}",有没有爵士乐,llm_onecall,13187.3,OK,
787,音乐,第2轮,最新的有吗,music_song_search,"{""retext"": ""有没有最新的爵士乐"", ""tag"": [""爵士""]}",有没有最新的爵士乐,llm_onecall,12377.7,OK,
787,音乐,第3轮,录音室版有吗,music_song_search,"{""retext"": ""有没有爵士乐的录音室版"", ""tag"": [""爵士乐""], ""version"": [""录音室版""]}",有没有爵士乐的录音室版,llm_onecall,13924.1,OK,
787,音乐,第4轮,国外乐队的有吗,music_song_search,"{""gender"": [""男""], ""retext"": ""有没有国外乐队的爵士乐"", ""tag"": [""爵士乐""]}",有没有国外乐队的爵士乐,llm_onecall,13301.9,OK,
787,音乐,第5轮,新歌有吗,music_song_recommend,"{""retext"": ""新歌有吗""}",新歌有吗,llm_onecall,13400.0,OK,
788,音乐,第1轮,有没有张靓颖的歌,music_song_search,"{""retext"": ""有没有张靓颖的歌"", ""singer"": [""张靓颖""]}",有没有张靓颖的歌,llm_onecall,13342.5,OK,
788,音乐,第2轮,不要钱听的有没有,music_song_search,"{""retext"": ""有没有张靓颖免费听的歌"", ""singer"": [""张靓颖""], ""version"": [""免费版""]}",有没有张靓颖免费听的歌,llm_onecall,13239.4,OK,
788,音乐,第3轮,有现场版吗,music_song_search,"{""retext"": ""有没有张靓颖免费听的歌的现场版"", ""singer"": [""张靓颖""], ""version"": [""免费版"", ""现场版""]}",有没有张靓颖免费听的歌的现场版,llm_onecall,13945.0,OK,
788,音乐,第4轮,最火的那首,fan_knowledge_agent,"{""messages"": [{""content"": ""张靓颖最火的歌"", ""role"": ""user""}], ""riskRespStrategy"": ""all_replace"", ""sceneTypeIntentList"": [{""sceneType"": ""knowledge_qa""}]}",张靓颖最火的歌,llm_select,15348.3,OK,
788,音乐,第5轮,音质好点的,fan_knowledge_agent,"{""messages"": [{""content"": ""播放张靓颖最火的歌"", ""role"": ""user""}], ""riskRespStrategy"": ""all_replace"", ""sceneTypeIntentList"": [{""sceneType"": ""knowledge_qa""}]}",播放张靓颖最火的歌,llm_select,17853.6,OK,
789,音乐,第1轮,想听薛之谦的歌,music_song_search,"{""retext"": ""想听薛之谦的歌"", ""singer"": [""薛之谦""]}",想听薛之谦的歌,llm_onecall,13613.1,OK,
789,音乐,第2轮,免费听的有没有的那种,music_song_search,"{""retext"": ""想听薛之谦的歌"", ""singer"": [""薛之谦""]}",想听薛之谦的歌,llm_onecall,13524.7,OK,
789,音乐,第3轮,最新的,music_song_search,"{""retext"": ""想听薛之谦最新的歌"", ""singer"": [""薛之谦""]}",想听薛之谦最新的歌,llm_onecall,13632.5,OK,
789,音乐,第4轮,换成 别的歌手 的吧,music_song_recommend,"{""retext"": ""想听别的歌手的歌""}",想听别的歌手的歌,llm_onecall,12986.3,OK,
789,音乐,第5轮,免费能听的,music_song_recommend,"{""retext"": ""免费能听的""}",免费能听的,llm_onecall,11596.9,OK,
79,影视,第1轮,放脱口秀节目,vod_search,"{""action"": ""play"", ""query"": {""field"": ""tag"", ""value"": ""脱口秀""}, ""retext"": ""放脱口秀节目""}",放脱口秀节目,llm_onecall,15146.4,OK,
79,影视,第2轮,单口那种,,,,,,ERR,TimeoutError: timed out
79,影视,第3轮,单口喜剧的,,,,,,ERR,TimeoutError: timed out
79,影视,第4轮,不用会员能看吗,vod_search,"{""action"": ""search"", ""query"": {""field"": ""is_fee"", ""value"": ""0""}, ""retext"": ""不用会员能看吗""}",不用会员能看吗,llm_onecall,15378.8,OK,
79,影视,第5轮,脱口秀大会那种,vod_search,"{""action"": ""play"", ""query"": {""field"": ""title"", ""value"": ""脱口秀大会""}, ""retext"": ""放脱口秀大会""}",放脱口秀大会,llm_onecall,17101.3,OK,
790,音乐,第1轮,给我放流行音乐,music_song_search,"{""retext"": ""给我放流行音乐"", ""tag"": [""流行""]}",给我放流行音乐,llm_onecall,13251.2,OK,
790,音乐,第2轮,华语那种,music_song_search,"{""retext"": ""播放华语流行音乐"", ""tag"": [""华语流行""]}",播放华语流行音乐,llm_onecall,13815.3,OK,
790,音乐,第3轮,男的唱的,music_song_search,"{""gender"": [""男""], ""retext"": ""播放男声华语流行音乐"", ""tag"": [""华语流行""]}",播放男声华语流行音乐,llm_onecall,12773.8,OK,
790,音乐,第4轮,免费的能听吗,music_song_search,"{""gender"": [""男""], ""retext"": ""播放男声华语流行音乐"", ""tag"": [""华语流行""]}",播放男声华语流行音乐,llm_onecall,14438.1,OK,
790,音乐,第5轮,中文流行,music_song_search,"{""retext"": ""播放中文流行音乐"", ""tag"": [""流行""], ""version"": [""中文""]}",播放中文流行音乐,llm_onecall,14080.8,OK,
791,音乐,第1轮,来点摇滚音乐,music_song_search,"{""retext"": ""来点摇滚音乐"", ""tag"": [""摇滚""]}",来点摇滚音乐,llm_onecall,12828.7,OK,
791,音乐,第2轮,女生唱的,fan_knowledge_agent,"{""messages"": [{""content"": ""女生唱的摇滚音乐"", ""role"": ""user""}], ""riskRespStrategy"": ""all_replace"", ""sceneTypeIntentList"": [{""intent"": ""music_info_qa"", ""sceneType"": ""agent_music""}]}",女生唱的摇滚音乐,llm_select,22058.5,OK,
791,音乐,第3轮,节奏感强的,fan_knowledge_agent,"{""messages"": [{""content"": ""节奏感强的女生唱的摇滚音乐"", ""role"": ""user""}], ""riskRespStrategy"": ""all_replace"", ""sceneTypeIntentList"": [{""intent"": ""music_info_qa"", ""sceneType"": ""agent_music""}]}",节奏感强的女生唱的摇滚音乐,llm_select,18213.8,OK,
791,音乐,第4轮,男生唱的,fan_knowledge_agent,"{""messages"": [{""content"": ""男生唱的摇滚音乐"", ""role"": ""user""}], ""riskRespStrategy"": ""all_replace"", ""sceneTypeIntentList"": [{""intent"": ""music_info_qa"", ""sceneType"": ""agent_music""}]}",男生唱的摇滚音乐,llm_select,21790.7,OK,
791,音乐,第5轮,免费的能听吗,fan_knowledge_agent,"{""messages"": [{""content"": ""男生唱的摇滚音乐"", ""role"": ""user""}], ""riskRespStrategy"": ""all_replace"", ""sceneTypeIntentList"": [{""intent"": ""music_info_qa"", ""sceneType"": ""agent_music""}]}",男生唱的摇滚音乐,llm_select,20782.2,OK,
792,音乐,第1轮,推荐几首民谣音乐,music_song_search,"{""retext"": ""推荐几首民谣音乐"", ""tag"": [""民谣""]}",推荐几首民谣音乐,llm_onecall,12834.1,OK,
792,音乐,第2轮,免费能听的,music_song_search,"{""retext"": ""推荐几首民谣音乐"", ""tag"": [""民谣""]}",推荐几首民谣音乐,llm_onecall,12971.9,OK,
792,音乐,第3轮,女的唱的,music_song_recommend,"{""gender"": [""女""], ""retext"": ""推荐女的唱的民谣音乐"", ""tag"": [""民谣""]}",推荐女的唱的民谣音乐,llm_onecall,12704.0,OK,
792,音乐,第4轮,不收费的,music_song_search,"{""gender"": [""女""], ""retext"": ""推荐女的唱的民谣音乐不收费的"", ""tag"": [""民谣""]}",推荐女的唱的民谣音乐不收费的,llm_onecall,14516.4,OK,
792,音乐,第5轮,节奏感强,music_song_search,"{""gender"": [""女""], ""retext"": ""推荐节奏感强的女的唱的民谣音乐"", ""tag"": [""民谣""]}",推荐节奏感强的女的唱的民谣音乐,llm_onecall,14376.9,OK,
793,音乐,第1轮,推荐几首古典音乐,music_song_search,"{""retext"": ""推荐几首古典音乐"", ""tag"": [""古典""]}",推荐几首古典音乐,llm_onecall,12390.9,OK,
793,音乐,第2轮,要节奏感强的,music_song_search,"{""retext"": ""推荐节奏感强的古典音乐"", ""tag"": [""古典"", ""节奏感强""]}",推荐节奏感强的古典音乐,llm_onecall,13783.9,OK,
793,音乐,第3轮,不要会员能听的,music_song_search,"{""retext"": ""不要会员能听的"", ""version"": [""免费版""]}",不要会员能听的,llm_onecall,12559.3,OK,
793,音乐,第4轮,带感的,music_song_search,"{""retext"": ""推荐节奏感强的古典音乐"", ""tag"": [""古典"", ""节奏感强""]}",推荐节奏感强的古典音乐,llm_onecall,13320.2,OK,
793,音乐,第5轮,女歌手的,music_song_search,"{""gender"": [""女""], ""retext"": ""推荐女歌手的古典音乐"", ""tag"": [""古典""]}",推荐女歌手的古典音乐,llm_onecall,14899.8,OK,
794,音乐,第1轮,给我放电子音乐,music_song_search,"{""retext"": ""给我放电子音乐"", ""tag"": [""电子音乐""]}",给我放电子音乐,llm_onecall,12728.4,OK,
794,音乐,第2轮,华语的有没有,music_song_search,"{""retext"": ""播放华语电子音乐"", ""tag"": [""华语流行"", ""电子""]}",播放华语电子音乐,llm_onecall,13043.3,OK,
794,音乐,第3轮,节奏快的,music_song_search,"{""retext"": ""播放节奏快的华语电子音乐"", ""tag"": [""华语流行"", ""电子音乐"", ""节奏快""]}",播放节奏快的华语电子音乐,llm_onecall,13348.3,OK,
794,音乐,第4轮,中文流行,music_song_search,"{""retext"": ""播放中文流行"", ""tag"": [""流行""], ""version"": [""中文""]}",播放中文流行,llm_onecall,13355.8,OK,
794,音乐,第5轮,舒缓一点的,music_song_search,"{""retext"": ""播放舒缓一点的中文流行"", ""tag"": [""舒缓"", ""中文流行""]}",播放舒缓一点的中文流行,llm_onecall,14123.8,OK,
795,音乐,第1轮,找点说唱,music_song_search,"{""retext"": ""找点说唱"", ""tag"": [""说唱""]}",找点说唱,llm_onecall,13196.7,OK,
795,音乐,第2轮,男歌手的,music_song_search,"{""gender"": [""男""], ""retext"": ""找点说唱男歌手的"", ""tag"": [""说唱""]}",找点说唱男歌手的,llm_onecall,13115.0,OK,
795,音乐,第3轮,柔和那种,music_song_search,"{""gender"": [""男""], ""retext"": ""找点柔和的说唱男歌手"", ""tag"": [""说唱""]}",找点柔和的说唱男歌手,llm_onecall,13198.0,OK,
795,音乐,第4轮,华语那种,music_song_search,"{""gender"": [""男""], ""retext"": ""找点柔和的说唱男歌手华语"", ""tag"": [""华语说唱""], ""version"": [""柔和""]}",找点柔和的说唱男歌手华语,llm_onecall,13660.1,OK,
795,音乐,第5轮,高音质的,mode_control,"{""device"": """", ""location"": """", ""object"": ""声音模式"", ""operation"": ""设置"", ""value"": """"}",找点柔和的说唱男歌手华语高音质的,llm_onecall,14468.6,OK,
796,音乐,第1轮,找点轻音乐,music_song_search,"{""retext"": ""找点轻音乐"", ""tag"": [""轻音乐""]}",找点轻音乐,llm_onecall,12915.9,OK,
796,音乐,第2轮,轻柔点的,music_song_search,"{""retext"": ""找点轻柔点的轻音乐"", ""tag"": [""轻音乐""]}",找点轻柔点的轻音乐,llm_onecall,12581.6,OK,
796,音乐,第3轮,高音质那种,mode_control,"{""device"": """", ""location"": """", ""object"": ""声音模式"", ""operation"": ""设置"", ""value"": """"}",找点高音质轻柔点的轻音乐,llm_onecall,13076.4,OK,
796,音乐,第4轮,要华语的,mode_control,"{""device"": """", ""location"": """", ""object"": ""声音模式"", ""operation"": ""设置"", ""value"": """"}",找点高音质轻柔点的华语轻音乐,llm_onecall,12802.8,OK,
796,音乐,第5轮,节奏感强的,mode_control,"{""device"": """", ""location"": """", ""object"": ""声音模式"", ""operation"": ""设置"", ""value"": """"}",找点高音质轻柔点的华语轻音乐节奏感强的,llm_onecall,15200.3,OK,
797,音乐,第1轮,播放《南山南》,music_song_search,"{""retext"": ""播放《南山南》"", ""song"": [""南山南""]}",播放《南山南》,llm_onecall,13372.3,OK,
797,音乐,第2轮,单曲循环,music_song_search,"{""retext"": ""单曲循环播放《南山南》这首歌"", ""song"": [""南山南""]}",单曲循环播放《南山南》这首歌,llm_onecall,13907.0,OK,
797,音乐,第3轮,原唱版的那种,music_song_search,"{""retext"": ""播放《南山南》这首歌"", ""song"": [""南山南""]}",播放《南山南》这首歌,llm_onecall,12482.3,OK,
797,音乐,第4轮,原唱的那版,music_song_search,"{""retext"": ""播放《南山南》这首歌"", ""song"": [""南山南""]}",播放《南山南》这首歌,llm_onecall,13366.9,OK,
797,音乐,第5轮,重复播放,music_song_search,"{""retext"": ""重复播放《南山南》这首歌"", ""song"": [""南山南""]}",重复播放《南山南》这首歌,llm_onecall,13481.4,OK,
798,音乐,第1轮,想听民谣,music_song_search,"{""retext"": ""想听民谣"", ""tag"": [""民谣""]}",想听民谣,llm_onecall,12747.2,OK,
798,音乐,第2轮,吉他伴奏,music_song_search,"{""retext"": ""想听民谣吉他伴奏"", ""tag"": [""民谣吉他""], ""version"": [""伴奏""]}",想听民谣吉他伴奏,llm_onecall,12702.6,OK,
798,音乐,第3轮,男歌手的有吗,music_song_search,"{""gender"": [""男""], ""retext"": ""想听民谣吉他伴奏男歌手的"", ""tag"": [""民谣吉他""], ""version"": [""伴奏""]}",想听民谣吉他伴奏男歌手的,llm_onecall,14394.2,OK,
798,音乐,第4轮,有男歌手的吗,music_song_search,"{""gender"": [""男""], ""retext"": ""想听民谣吉他伴奏男歌手的"", ""tag"": [""民谣吉他伴奏""]}",想听民谣吉他伴奏男歌手的,llm_onecall,14030.2,OK,
798,音乐,第5轮,免费的有没有,music_song_search,"{""gender"": [""男""], ""retext"": ""想听民谣吉他伴奏男歌手的免费的有没有"", ""tag"": [""民谣"", ""吉他""], ""version"": [""伴奏版"", ""免费版""]}",想听民谣吉他伴奏男歌手的免费的有没有,llm_onecall,14171.6,OK,
799,音乐,第1轮,有没有粤语老歌,music_song_search,"{""retext"": ""有没有粤语老歌"", ""tag"": [""粤语"", ""经典老歌""]}",有没有粤语老歌,llm_onecall,12917.0,OK,
799,音乐,第2轮,男的唱的有吗,music_song_search,"{""gender"": [""男""], ""retext"": ""有没有粤语老歌男的唱的"", ""tag"": [""粤语""]}",有没有粤语老歌男的唱的,llm_onecall,13899.5,OK,
799,音乐,第3轮,八九十年代,music_song_search,"{""retext"": ""有没有八九十年代的粤语老歌"", ""tag"": [""粤语"", ""经典老歌""]}",有没有八九十年代的粤语老歌,llm_onecall,12895.3,OK,
799,音乐,第4轮,90年代的,music_song_search,"{""retext"": ""有没有90年代的粤语老歌"", ""tag"": [""粤语"", ""90年代""]}",有没有90年代的粤语老歌,llm_onecall,14366.4,OK,
799,音乐,第5轮,有男歌手的吗,music_song_search,"{""gender"": [""男""], ""retext"": ""有没有90年代的粤语老歌男歌手的"", ""tag"": [""粤语""], ""version"": [""老歌""]}",有没有90年代的粤语老歌男歌手的,llm_onecall,14749.5,OK,
8,影视,第1轮,讲亲情的剧,vod_fuzzy_search,"{""retext"": ""讲亲情的剧""}",讲亲情的剧,llm_onecall,13973.7,OK,
8,影视,第2轮,HE结局的,,,,,,ERR,TimeoutError: timed out
8,影视,第3轮,大团圆结局的,vod_fuzzy_search,"{""retext"": ""大团圆结局的""}",大团圆结局的,llm_onecall,16475.1,OK,
8,影视,第4轮,不收费的有吗,vod_search,"{""action"": ""search"", ""query"": {""and"": [{""field"": ""tag"", ""value"": ""亲情""}, {""field"": ""is_fee"", ""value"": ""0""}]}, ""retext"": ""不收费的亲情剧有吗""}",不收费的亲情剧有吗,llm_onecall,17677.1,OK,
8,影视,第5轮,1080P的,,,,,,ERR,TimeoutError: timed out
80,影视,第1轮,推荐几部律政剧,vod_search,"{""action"": ""search"", ""query"": {""and"": [{""field"": ""category"", ""value"": ""电视剧""}, {""field"": ""tag"", ""value"": ""律政""}]}, ""retext"": ""推荐几部律政剧"", ""sort"": {""hot"": {""order"": ""desc""}}}",推荐几部律政剧,llm_onecall,17485.7,OK,
80,影视,第2轮,庭审戏精彩,vod_fuzzy_search,"{""retext"": ""推荐庭审戏精彩的律政剧""}",推荐庭审戏精彩的律政剧,llm_onecall,17468.9,OK,
80,影视,第3轮,美剧吧,vod_search_all,"{""action"": ""search"", ""query"": {""and"": [{""field"": ""area"", ""value"": ""美国""}, {""field"": ""category"", ""value"": ""电视剧""}, {""field"": ""tag"", ""value"": ""律政""}]}, ""retext"": ""推荐庭审戏精彩的律政剧美剧""}",推荐庭审戏精彩的律政剧美剧,llm_onecall,18416.3,OK,
80,影视,第4轮,美剧优先,vod_search_all,"{""action"": ""search"", ""query"": {""and"": [{""field"": ""area"", ""value"": ""美国""}, {""field"": ""category"", ""value"": ""电视剧""}, {""field"": ""tag"", ""operator"": ""or"", ""values"": [""律政"", ""庭审""]}]}, ""retext"": ""推荐庭审戏精彩的律政剧美剧""}",推荐庭审戏精彩的律政剧美剧,llm_onecall,34014.7,OK,
80,影视,第5轮,最好是美剧,vod_search_all,"{""action"": ""search"", ""query"": {""and"": [{""field"": ""area"", ""value"": ""美国""}, {""field"": ""category"", ""value"": ""电视剧""}, {""field"": ""tag"", ""value"": ""律政""}]}, ""retext"": ""推荐庭审戏精彩的律政剧美剧""}",推荐庭审戏精彩的律政剧美剧,llm_onecall,18091.0,OK,
800,音乐,第1轮,有没有跑步听的歌,music_song_search,"{""retext"": ""有没有跑步听的歌"", ""tag"": [""跑步&骑行""]}",有没有跑步听的歌,llm_onecall,13383.2,OK,
800,音乐,第2轮,动感那种,music_song_search,"{""retext"": ""想找动感的跑步歌曲"", ""tag"": [""跑步&骑行""]}",想找动感的跑步歌曲,llm_onecall,13105.4,OK,
800,音乐,第3轮,一小时以上,music_song_search,"{""retext"": ""想找时长一小时以上的动感跑步歌曲"", ""tag"": [""跑步&骑行""]}",想找时长一小时以上的动感跑步歌曲,llm_onecall,14334.9,OK,
800,音乐,第4轮,时长一小时以上的歌单,music_song_search,"{""retext"": ""想找时长一小时以上的动感跑步歌曲"", ""tag"": [""跑步&骑行""]}",想找时长一小时以上的动感跑步歌曲,llm_onecall,14146.4,OK,
800,音乐,第5轮,英文的,music_song_search,"{""retext"": ""想找时长一小时以上的动感跑步歌曲；英文的"", ""tag"": [""跑步&骑行""], ""version"": [""英文""]}",想找时长一小时以上的动感跑步歌曲；英文的,llm_onecall,13950.6,OK,
801,音乐,第1轮,给我放爵士乐,music_song_search,"{""retext"": ""给我放爵士乐"", ""tag"": [""爵士""]}",给我放爵士乐,llm_onecall,13573.3,OK,
801,音乐,第2轮,要会员吗,music_song_search,"{""retext"": ""播放爵士乐"", ""tag"": [""爵士""]}",播放爵士乐,llm_onecall,18122.7,OK,
801,音乐,第3轮,录音室版有吗,music_song_search,"{""retext"": ""录音室版有吗"", ""version"": [""录音室版""]}",录音室版有吗,llm_onecall,11942.4,OK,
801,音乐,第4轮,要钱吗,music_song_search,"{""retext"": ""播放爵士乐"", ""tag"": [""爵士""]}",播放爵士乐,llm_onecall,18438.9,OK,
801,音乐,第5轮,要收费吗,music_song_search,"{""retext"": ""播放爵士乐"", ""tag"": [""爵士""]}",播放爵士乐,llm_onecall,19400.5,OK,
802,音乐,第1轮,有没有电子,execute,,有没有电子,,11351.0,OK,
802,音乐,第2轮,舒缓一点的,execute,,有没有舒缓一点的,,11247.4,OK,
802,音乐,第3轮,节奏快的,execute,,节奏快的,,12081.3,OK,
802,音乐,第4轮,女歌手的,music_song_search,"{""gender"": [""女""], ""retext"": ""节奏快的女歌手"", ""tag"": [""快节奏""]}",节奏快的女歌手,llm_onecall,14908.3,OK,
802,音乐,第5轮,男歌手唱的,music_song_search,"{""gender"": [""男""], ""retext"": ""节奏快的男歌手"", ""tag"": [""快节奏""]}",节奏快的男歌手,llm_onecall,12671.0,OK,
803,音乐,第1轮,播放《恐龙抗狼》,music_song_search,"{""retext"": ""播放《恐龙抗狼》"", ""song"": [""恐龙抗狼""]}",播放《恐龙抗狼》,llm_onecall,13431.6,OK,
803,音乐,第2轮,免费的有吗,vod_search,"{""action"": ""search"", ""query"": {""and"": [{""field"": ""title"", ""value"": ""恐龙抗狼""}, {""field"": ""is_fee"", ""value"": ""0""}]}, ""retext"": ""《恐龙抗狼》免费的有吗""}",《恐龙抗狼》免费的有吗,llm_onecall,13526.1,OK,
803,音乐,第3轮,音质调到最高的那种,mode_control,"{""device"": """", ""location"": """", ""object"": ""声音模式"", ""operation"": ""设置"", ""value"": """"}",把《恐龙抗狼》音质调到最高的那种,llm_onecall,13642.0,OK,
803,音乐,第4轮,音质最高,mode_control,"{""device"": """", ""location"": """", ""object"": ""声音模式"", ""operation"": ""设置"", ""value"": """"}",把《恐龙抗狼》音质调到最高的那种,llm_onecall,14013.4,OK,
803,音乐,第5轮,免费的有没有,vod_search,"{""action"": ""search"", ""query"": {""and"": [{""field"": ""title"", ""value"": ""恐龙抗狼""}, {""field"": ""is_fee"", ""value"": ""0""}]}, ""retext"": ""《恐龙抗狼》免费的有吗""}",《恐龙抗狼》免费的有吗,llm_onecall,14454.8,OK,
804,音乐,第1轮,播放《小苹果》,music_song_search,"{""retext"": ""播放《小苹果》"", ""song"": [""小苹果""]}",播放《小苹果》,llm_onecall,12387.2,OK,
804,音乐,第2轮,音质拉满,music_song_search,"{""retext"": ""播放《小苹果》这首歌"", ""song"": [""小苹果""]}",播放《小苹果》这首歌,llm_onecall,12864.9,OK,
804,音乐,第3轮,最高音质,music_song_search,"{""retext"": ""播放《小苹果》这首歌"", ""song"": [""小苹果""]}",播放《小苹果》这首歌,llm_onecall,12816.3,OK,
804,音乐,第4轮,重复播放,music_song_search,"{""retext"": ""重复播放《小苹果》这首歌"", ""song"": [""小苹果""]}",重复播放《小苹果》这首歌,llm_onecall,13661.0,OK,
804,音乐,第5轮,另一版,music_song_search,"{""retext"": ""播放《小苹果》这首歌"", ""song"": [""小苹果""]}",播放《小苹果》这首歌,llm_onecall,13836.8,OK,
805,音乐,第1轮,推荐几首点摇滚乐,music_song_search,"{""retext"": ""推荐几首点摇滚乐"", ""tag"": [""摇滚""]}",推荐几首点摇滚乐,llm_onecall,12718.6,OK,
805,音乐,第2轮,演唱会现场版,music_song_recommend,"{""retext"": ""推荐摇滚乐演唱会现场版""}",推荐摇滚乐演唱会现场版,llm_onecall,13781.4,OK,
805,音乐,第3轮,现场版,music_song_recommend,"{""retext"": ""推荐摇滚乐演唱会现场版""}",推荐摇滚乐演唱会现场版,llm_onecall,13467.5,OK,
805,音乐,第4轮,live版,music_song_recommend,"{""retext"": ""推荐摇滚乐演唱会现场版""}",推荐摇滚乐演唱会现场版,llm_onecall,12833.4,OK,
805,音乐,第5轮,演唱会版的那种,music_song_recommend,"{""retext"": ""推荐摇滚乐演唱会现场版""}",推荐摇滚乐演唱会现场版,llm_onecall,13300.9,OK,
806,音乐,第1轮,有没有KTV必点的歌,music_song_search,"{""retext"": ""有没有KTV必点的歌"", ""toplist"": [""KTV必点""]}",有没有KTV必点的歌,llm_onecall,12327.5,OK,
806,音乐,第2轮,不花钱能听吗,music_ksong_search,"{""retext"": ""不花钱能听KTV必点的歌"", ""toplist"": [""KTV必点""], ""version"": [""免费版""]}",不花钱能听KTV必点的歌,llm_onecall,14857.0,OK,
806,音乐,第3轮,高音别太难的那种,music_ksong_search,"{""retext"": ""不花钱能听KTV必点的歌高音别太难的那种"", ""tag"": [""高音别太难""], ""toplist"": [""KTV必点""], ""version"": [""免费版""]}",不花钱能听KTV必点的歌高音别太难的那种,llm_onecall,15225.5,OK,
806,音乐,第4轮,免费能听吗,music_ksong_search,"{""retext"": ""免费能听KTV必点的歌高音别太难的那种"", ""toplist"": [""KTV必点""], ""version"": [""免费版""]}",免费能听KTV必点的歌高音别太难的那种,llm_onecall,14674.6,OK,
806,音乐,第5轮,国语版,music_ksong_search,"{""retext"": ""免费能听KTV必点的歌高音别太难的那种国语版"", ""tag"": [""KTV必点"", ""国语""], ""version"": [""免费版""]}",免费能听KTV必点的歌高音别太难的那种国语版,llm_onecall,15199.4,OK,
807,音乐,第1轮,有民谣吗,music_song_search,"{""retext"": ""有民谣吗"", ""tag"": [""民谣""]}",有民谣吗,llm_onecall,12896.9,OK,
807,音乐,第2轮,男歌手,music_song_search,"{""retext"": ""有民谣吗"", ""tag"": [""民谣""]}",有民谣吗,llm_onecall,13014.4,OK,
807,音乐,第3轮,吉他版,music_song_search,"{""retext"": ""吉他版民谣"", ""tag"": [""民谣""], ""version"": [""吉他版""]}",吉他版民谣,llm_onecall,14384.8,OK,
807,音乐,第4轮,国内的有没有,music_song_search,"{""retext"": ""国内的吉他版民谣"", ""tag"": [""民谣""], ""version"": [""吉他版""]}",国内的吉他版民谣,llm_onecall,13749.7,OK,
807,音乐,第5轮,木吉他那种,music_song_search,"{""retext"": ""国内的吉他版民谣"", ""tag"": [""民谣""], ""version"": [""吉他版""]}",国内的吉他版民谣,llm_onecall,13703.1,OK,
808,音乐,第1轮,找点粤语老歌,music_song_search,"{""retext"": ""找点粤语老歌"", ""tag"": [""粤语"", ""经典老歌""]}",找点粤语老歌,llm_onecall,12354.4,OK,
808,音乐,第2轮,不要钱能听吗,music_song_search,"{""retext"": ""不要钱能听粤语老歌吗"", ""tag"": [""粤语"", ""经典老歌""], ""version"": [""免费版""]}",不要钱能听粤语老歌吗,llm_onecall,13321.6,OK,
808,音乐,第3轮,八九十年代的,music_song_search,"{""retext"": ""找点八九十年代的粤语老歌"", ""tag"": [""粤语"", ""经典老歌""]}",找点八九十年代的粤语老歌,llm_onecall,14707.1,OK,
808,音乐,第4轮,不花钱能听吗,music_song_search,"{""retext"": ""不花钱能听八九十年代的粤语老歌吗"", ""tag"": [""粤语"", ""八九十年代""], ""version"": [""免费版""]}",不花钱能听八九十年代的粤语老歌吗,llm_onecall,13467.8,OK,
808,音乐,第5轮,有男歌手的吗,music_song_search,"{""gender"": [""男""], ""retext"": ""找点八九十年代的粤语老歌有男歌手的吗"", ""tag"": [""粤语"", ""经典老歌""]}",找点八九十年代的粤语老歌有男歌手的吗,llm_onecall,14903.0,OK,
809,音乐,第1轮,有说唱吗,music_song_search,"{""retext"": ""有说唱吗"", ""tag"": [""说唱""]}",有说唱吗,llm_onecall,12222.5,OK,
809,音乐,第2轮,最近那种,music_song_search,"{""retext"": ""最近说唱"", ""tag"": [""说唱""], ""toplist"": [""新歌榜""]}",最近说唱,llm_onecall,13873.2,OK,
809,音乐,第3轮,有免费版的吗,music_song_search,"{""retext"": ""最近说唱有免费版的吗"", ""tag"": [""说唱""], ""version"": [""免费版""]}",最近说唱有免费版的吗,llm_onecall,13677.3,OK,
809,音乐,第4轮,免费那种,music_song_search,"{""retext"": ""最近说唱有免费版的吗"", ""tag"": [""说唱""], ""version"": [""免费版""]}",最近说唱有免费版的吗,llm_onecall,14649.8,OK,
809,音乐,第5轮,节奏快的,music_song_semantic_search,"{""retext"": ""节奏快的""}",节奏快的,llm_onecall,12114.1,OK,
81,影视,第1轮,想看体育题材电影,,,,,,ERR,TimeoutError: timed out
81,影视,第2轮,燃一点的,vod_search,"{""action"": ""search"", ""query"": {""and"": [{""field"": ""category"", ""value"": ""电影""}, {""field"": ""tag"", ""value"": ""体育""}]}, ""retext"": ""想看燃一点的体育题材电影""}",想看燃一点的体育题材电影,llm_onecall,32329.0,OK,
81,影视,第3轮,根据真人真事,vod_fuzzy_search,"{""retext"": ""想看根据真人真事的燃一点的体育题材电影""}",想看根据真人真事的燃一点的体育题材电影,llm_onecall,16798.1,OK,
81,影视,第4轮,讲篮球的,vod_fuzzy_search,"{""retext"": ""想看讲篮球的燃一点的根据真人真事的体育题材电影""}",想看讲篮球的燃一点的根据真人真事的体育题材电影,llm_onecall,15895.6,OK,
81,影视,第5轮,真事改编的,vod_fuzzy_search,"{""retext"": ""想看讲篮球的燃一点的根据真人真事的体育题材电影""}",想看讲篮球的燃一点的根据真人真事的体育题材电影,llm_onecall,14125.5,OK,
810,音乐,第1轮,想听爵士音乐,music_song_search,"{""retext"": ""想听爵士音乐"", ""tag"": [""爵士""]}",想听爵士音乐,llm_onecall,12299.2,OK,
810,音乐,第2轮,节奏快的,music_song_search,"{""retext"": ""想听节奏快的爵士音乐"", ""tag"": [""爵士""]}",想听节奏快的爵士音乐,llm_onecall,13471.2,OK,
810,音乐,第3轮,要免费听的有没有,music_song_search,"{""retext"": ""想听节奏快的爵士音乐"", ""tag"": [""爵士""]}",想听节奏快的爵士音乐,llm_onecall,13155.7,OK,
810,音乐,第4轮,要女歌手唱的,fan_knowledge_agent,"{""messages"": [{""content"": ""想听女歌手唱的爵士音乐"", ""role"": ""user""}], ""riskRespStrategy"": ""all_replace"", ""sceneTypeIntentList"": [{""intent"": ""music_info_qa"", ""sceneType"": ""agent_music""}]}",想听女歌手唱的爵士音乐,llm_select,21965.8,OK,
810,音乐,第5轮,音质高一点的,fan_knowledge_agent,"{""messages"": [{""content"": ""想听音质高一点的女歌手唱的爵士音乐"", ""role"": ""user""}], ""riskRespStrategy"": ""all_replace"", ""sceneTypeIntentList"": [{""intent"": ""music_info_qa"", ""sceneType"": ""agent_music""}]}",想听音质高一点的女歌手唱的爵士音乐,llm_select,20395.6,OK,
811,音乐,第1轮,放点说唱音乐,music_song_recommend,"{""retext"": ""放点说唱音乐""}",放点说唱音乐,llm_onecall,12651.7,OK,
811,音乐,第2轮,舒缓一点的,music_song_search,"{""retext"": ""放点舒缓的说唱音乐"", ""tag"": [""说唱""]}",放点舒缓的说唱音乐,llm_onecall,13850.2,OK,
811,音乐,第3轮,免费听的有吗,music_song_search,"{""retext"": ""免费听的舒缓说唱音乐"", ""tag"": [""说唱"", ""舒缓""]}",免费听的舒缓说唱音乐,llm_onecall,13790.3,OK,
811,音乐,第4轮,节奏感强,music_song_search,"{""retext"": ""节奏感强的说唱音乐"", ""tag"": [""说唱"", ""节奏感强""]}",节奏感强的说唱音乐,llm_onecall,14092.9,OK,
811,音乐,第5轮,女歌手的,music_song_search,"{""gender"": [""女""], ""retext"": ""节奏感强的说唱音乐女歌手的"", ""tag"": [""说唱""]}",节奏感强的说唱音乐女歌手的,llm_onecall,13485.7,OK,
812,音乐,第1轮,想听嘻哈,music_song_search,"{""retext"": ""想听嘻哈"", ""tag"": [""嘻哈""]}",想听嘻哈,llm_onecall,12523.2,OK,
812,音乐,第2轮,要舒缓的,music_song_semantic_search,"{""retext"": ""想听舒缓的""}",想听舒缓的,llm_onecall,14341.0,OK,
812,音乐,第3轮,免费听的有没有,music_song_recommend,"{""retext"": ""免费听的有没有""}",免费听的有没有,llm_onecall,12646.2,OK,
812,音乐,第4轮,女歌手唱的,music_song_search,"{""gender"": [""女""], ""retext"": ""免费听的有没有女歌手唱的""}",免费听的有没有女歌手唱的,llm_onecall,12993.8,OK,
812,音乐,第5轮,男歌手唱的,music_song_search,"{""gender"": [""男""], ""retext"": ""免费听的有没有男歌手唱的""}",免费听的有没有男歌手唱的,llm_onecall,14298.1,OK,
813,音乐,第1轮,播放《漠河舞厅》,music_song_search,"{""retext"": ""播放《漠河舞厅》"", ""song"": [""漠河舞厅""]}",播放《漠河舞厅》,llm_onecall,13162.4,OK,
813,音乐,第2轮,循环播放,playback_control,"{""device"": """", ""location"": """", ""object"": ""播放列表"", ""operation"": ""循环播放"", ""value"": """"}",循环播放《漠河舞厅》,llm_onecall,13906.6,OK,
813,音乐,第3轮,音质最高,music_song_search,"{""retext"": ""播放《漠河舞厅》这首歌"", ""song"": [""漠河舞厅""]}",播放《漠河舞厅》这首歌,llm_onecall,14487.5,OK,
813,音乐,第4轮,重复播放,playback_control,"{""device"": """", ""location"": """", ""object"": ""播放列表"", ""operation"": ""循环播放"", ""value"": """"}",循环播放《漠河舞厅》,llm_onecall,13261.2,OK,
813,音乐,第5轮,原唱那种,fan_knowledge_agent,"{""messages"": [{""content"": ""《漠河舞厅》的原唱是谁"", ""role"": ""user""}], ""riskRespStrategy"": ""all_replace"", ""sceneTypeIntentList"": [{""sceneType"": ""knowledge_qa""}]}",《漠河舞厅》的原唱是谁,general_rule,14481.6,OK,
814,音乐,第1轮,想听KTV必点的歌,music_song_search,"{""retext"": ""想听KTV必点的歌""}",想听KTV必点的歌,llm_onecall,12962.3,OK,
814,音乐,第2轮,双人对唱,fan_knowledge_agent,"{""messages"": [{""content"": ""想听KTV必点双人对唱的歌曲"", ""role"": ""user""}], ""riskRespStrategy"": ""all_replace"", ""sceneTypeIntentList"": [{""intent"": ""music_info_qa"", ""sceneType"": ""agent_music""}]}",想听KTV必点双人对唱的歌曲,general_rule,21265.8,OK,
814,音乐,第3轮,不费嗓的,music_ksong_search,"{""retext"": ""不费嗓的KTV必点双人对唱歌曲"", ""tag"": [""男女对唱""]}",不费嗓的KTV必点双人对唱歌曲,llm_onecall,14853.2,OK,
814,音乐,第4轮,有双人对唱的吗,fan_knowledge_agent,"{""messages"": [{""content"": ""有双人对唱的歌曲吗"", ""role"": ""user""}], ""riskRespStrategy"": ""all_replace"", ""sceneTypeIntentList"": [{""intent"": ""music_info_qa"", ""sceneType"": ""agent_music""}]}",有双人对唱的歌曲吗,general_rule,19698.1,OK,
814,音乐,第5轮,别太高音,music_ksong_search,"{""retext"": ""不费嗓的KTV必点双人对唱歌曲"", ""tag"": [""男女对唱""]}",不费嗓的KTV必点双人对唱歌曲,llm_onecall,15228.6,OK,
815,音乐,第1轮,来点民谣,music_song_search,"{""retext"": ""来点民谣"", ""tag"": [""民谣""]}",来点民谣,llm_onecall,14430.9,OK,
815,音乐,第2轮,国产那种,music_song_search,"{""ip"": [""中国""], ""retext"": ""想找国产民谣"", ""tag"": [""民谣""]}",想找国产民谣,llm_onecall,14013.0,OK,
815,音乐,第3轮,有男歌手的吗,music_song_search,"{""gender"": [""男""], ""retext"": ""想找国产民谣有男歌手的吗"", ""tag"": [""古典"", ""民谣""]}",想找国产民谣有男歌手的吗,llm_onecall,13926.3,OK,
815,音乐,第4轮,校园风,music_song_search,"{""retext"": ""想找校园风的国产民谣"", ""tag"": [""校园"", ""民谣""]}",想找校园风的国产民谣,llm_onecall,13963.5,OK,
815,音乐,第5轮,男歌手,music_song_search,"{""gender"": [""男""], ""retext"": ""想找校园风的国产民谣有男歌手的吗"", ""tag"": [""校园"", ""民谣""]}",想找校园风的国产民谣有男歌手的吗,llm_onecall,14568.0,OK,
816,音乐,第1轮,想听跑步听的歌,music_song_search,"{""retext"": ""想听跑步听的歌"", ""tag"": [""跑步&骑行""]}",想听跑步听的歌,llm_onecall,14611.3,OK,
816,音乐,第2轮,英文的,music_song_search,"{""retext"": ""想听英文的跑步听的歌"", ""tag"": [""跑步&骑行""], ""version"": [""英文""]}",想听英文的跑步听的歌,llm_onecall,14319.0,OK,
816,音乐,第3轮,免费渠道,music_song_recommend,"{""retext"": ""免费渠道""}",免费渠道,llm_onecall,12463.8,OK,
816,音乐,第4轮,要快节奏,music_song_search,"{""retext"": ""想听快节奏的英文跑步听的歌"", ""tag"": [""跑步&骑行""], ""version"": [""英文""]}",想听快节奏的英文跑步听的歌,llm_onecall,13324.6,OK,
816,音乐,第5轮,免费渠道有吗,music_song_search,"{""retext"": ""免费渠道有吗"", ""version"": [""免费版""]}",免费渠道有吗,llm_onecall,13017.7,OK,
817,音乐,第1轮,推荐几首毛不易的歌,music_song_search,"{""retext"": ""推荐几首毛不易的歌"", ""singer"": [""毛不易""]}",推荐几首毛不易的歌,llm_onecall,13745.0,OK,
817,音乐,第2轮,音质好一点的,mode_control,"{""device"": """", ""location"": """", ""object"": ""声音模式"", ""operation"": ""设置"", ""value"": """"}",推荐几首音质好一点的毛不易的歌,llm_onecall,14288.5,OK,
817,音乐,第3轮,换成 别的歌手 的吧,mode_control,"{""device"": """", ""location"": """", ""object"": ""声音模式"", ""operation"": ""设置"", ""value"": """"}",推荐几首音质好一点的别的歌手的歌,llm_onecall,14458.7,OK,
817,音乐,第4轮,要高音质,music_song_recommend,"{""retext"": ""推荐高音质歌曲""}",推荐高音质歌曲,llm_onecall,13495.0,OK,
817,音乐,第5轮,要音质好的,music_song_recommend,"{""retext"": ""推荐高音质歌曲""}",推荐高音质歌曲,llm_onecall,12985.1,OK,
818,音乐,第1轮,有古典吗,execute,,有古典吗,,12446.8,OK,
818,音乐,第2轮,节奏感强的,music_song_semantic_search,"{""retext"": ""节奏感强的""}",节奏感强的,llm_onecall,12896.5,OK,
818,音乐,第3轮,女歌手的,music_song_search,"{""gender"": [""女""], ""retext"": ""节奏感强的女歌手"", ""tag"": [""节奏感强""]}",节奏感强的女歌手,llm_onecall,14422.7,OK,
818,音乐,第4轮,女歌手唱的,fan_knowledge_agent,"{""messages"": [{""content"": ""节奏感强的女歌手唱的"", ""role"": ""user""}], ""riskRespStrategy"": ""all_replace"", ""sceneTypeIntentList"": [{""intent"": ""music_info_qa"", ""sceneType"": ""agent_music""}]}",节奏感强的女歌手唱的,llm_select,18242.4,OK,
818,音乐,第5轮,男歌手唱的,fan_knowledge_agent,"{""messages"": [{""content"": ""男歌手唱的"", ""role"": ""user""}], ""riskRespStrategy"": ""all_replace"", ""sceneTypeIntentList"": [{""intent"": ""music_info_qa"", ""sceneType"": ""agent_music""}]}",男歌手唱的,llm_select,21222.6,OK,
819,音乐,第1轮,有伤感的歌吗,music_song_search,"{""retext"": ""有伤感的歌吗"", ""tag"": [""伤感""]}",有伤感的歌吗,llm_onecall,13787.0,OK,
819,音乐,第2轮,华语经典,music_song_search,"{""retext"": ""华语经典伤感歌曲"", ""tag"": [""华语"", ""经典"", ""伤感""]}",华语经典伤感歌曲,llm_onecall,13748.8,OK,
819,音乐,第3轮,不花钱能听吗,music_song_search,"{""retext"": ""华语经典伤感歌曲不花钱能听吗"", ""tag"": [""华语流行"", ""经典"", ""伤感""], ""version"": [""免费版""]}",华语经典伤感歌曲不花钱能听吗,llm_onecall,13991.8,OK,
819,音乐,第4轮,失恋听的,music_song_semantic_search,"{""retext"": ""失恋听的""}",失恋听的,llm_onecall,13088.0,OK,
819,音乐,第5轮,不要会员的,music_song_search,"{""retext"": ""华语经典伤感歌曲不花钱能听吗"", ""tag"": [""华语流行"", ""经典"", ""伤感""], ""version"": [""免费版""]}",华语经典伤感歌曲不花钱能听吗,llm_onecall,13965.6,OK,
82,影视,第1轮,有哪些谍战剧,fan_knowledge_agent,"{""messages"": [{""content"": ""有哪些谍战剧"", ""role"": ""user""}], ""riskRespStrategy"": ""all_replace"", ""sceneTypeIntentList"": [{""sceneType"": ""video""}]}",有哪些谍战剧,general_rule,19749.6,OK,
82,影视,第2轮,要热门一点的,vod_search,"{""action"": ""search"", ""query"": {""and"": [{""field"": ""category"", ""value"": ""电视剧""}, {""field"": ""tag"", ""value"": ""谍战""}]}, ""retext"": ""热门谍战剧"", ""sort"": {""hot"": {""order"": ""desc""}}}",热门谍战剧,llm_onecall,17504.2,OK,
82,影视,第3轮,已经完结的,vod_search,"{""action"": ""search"", ""query"": {""and"": [{""field"": ""category"", ""value"": ""电视剧""}, {""field"": ""tag"", ""value"": ""谍战""}, {""field"": ""is_over"", ""value"": ""1""}]}, ""retext"": ""热门完结谍战剧"", ""sort"": {""hot"": {""order"": ""desc""}}}",热门完结谍战剧,llm_onecall,18556.7,OK,
82,影视,第4轮,有《风筝》那种的吗,,,,,,ERR,TimeoutError: timed out
82,影视,第5轮,近三年上映的,fan_knowledge_agent,"{""messages"": [{""content"": ""近三年上映的热门完结谍战剧"", ""role"": ""user""}], ""riskRespStrategy"": ""all_replace"", ""sceneTypeIntentList"": [{""sceneType"": ""video""}]}",近三年上映的热门完结谍战剧,general_rule,21915.0,OK,
820,音乐,第1轮,有KTV必点的歌吗,music_song_search,"{""retext"": ""有KTV必点的歌吗"", ""toplist"": [""KTV必点""]}",有KTV必点的歌吗,llm_onecall,13037.6,OK,
820,音乐,第2轮,不飙高音,music_ksong_search,"{""retext"": ""KTV必点不飙高音的歌"", ""tag"": [""不飙高音""]}",KTV必点不飙高音的歌,llm_onecall,13723.5,OK,
820,音乐,第3轮,不要钱能听吗,music_ksong_search,"{""retext"": ""KTV必点不飙高音的歌不要钱能听吗"", ""tag"": [""不飙高音""], ""version"": [""免费版""]}",KTV必点不飙高音的歌不要钱能听吗,llm_onecall,14444.6,OK,
820,音乐,第4轮,要普通话版,music_ksong_search,"{""retext"": ""搜索KTV必点不飙高音的歌"", ""tag"": [""不飙高音""]}",搜索KTV必点不飙高音的歌,llm_onecall,26728.0,OK,
820,音乐,第5轮,容易唱的,music_ksong_search,"{""retext"": ""KTV必点不飙高音的歌"", ""version"": [""不飙高音""]}",KTV必点不飙高音的歌,llm_onecall,14651.8,OK,
821,音乐,第1轮,推荐几首粤语老歌,music_song_search,"{""retext"": ""推荐几首粤语老歌"", ""tag"": [""粤语"", ""老歌""]}",推荐几首粤语老歌,llm_onecall,13718.9,OK,
821,音乐,第2轮,最经典那种,music_song_recommend,"{""retext"": ""推荐最经典的粤语老歌""}",推荐最经典的粤语老歌,llm_onecall,14083.4,OK,
821,音乐,第3轮,男的唱的有吗,music_song_search,"{""gender"": [""男""], ""retext"": ""推荐最经典的粤语老歌中男的唱的"", ""tag"": [""粤语"", ""经典""]}",推荐最经典的粤语老歌中男的唱的,llm_onecall,12967.4,OK,
821,音乐,第4轮,经典款,music_song_search,"{""gender"": [""男""], ""retext"": ""推荐最经典的粤语老歌中男的唱的"", ""tag"": [""粤语"", ""经典""]}",推荐最经典的粤语老歌中男的唱的,llm_onecall,13435.9,OK,
821,音乐,第5轮,演唱会版的有吗,music_song_search,"{""gender"": [""男""], ""retext"": ""推荐最经典的粤语老歌中男的唱的演唱会版的"", ""tag"": [""粤语"", ""经典"", ""演唱会""]}",推荐最经典的粤语老歌中男的唱的演唱会版的,llm_onecall,14474.1,OK,
822,音乐,第1轮,放点跑步听的歌,music_song_search,"{""retext"": ""放点跑步听的歌"", ""tag"": [""跑步&骑行""]}",放点跑步听的歌,llm_onecall,12755.8,OK,
822,音乐,第2轮,要时长一小时以上的歌单,music_song_search,"{""retext"": ""播放时长一小时以上的跑步歌单"", ""tag"": [""跑步&骑行""]}",播放时长一小时以上的跑步歌单,llm_onecall,14292.3,OK,
822,音乐,第3轮,英文歌,music_song_search,"{""retext"": ""播放英文跑步歌"", ""tag"": [""跑步&骑行""], ""version"": [""英文""]}",播放英文跑步歌,llm_onecall,12511.3,OK,
822,音乐,第4轮,一小时那种,music_song_search,"{""retext"": ""播放时长一小时以上的跑步歌单"", ""tag"": [""跑步&骑行""]}",播放时长一小时以上的跑步歌单,llm_onecall,11781.9,OK,
822,音乐,第5轮,长歌单,music_song_recommend,"{""retext"": ""播放长歌单""}",播放长歌单,llm_onecall,13378.4,OK,
823,音乐,第1轮,推荐几首五月天的歌,music_song_search,"{""retext"": ""推荐几首五月天的歌"", ""singer"": [""五月天""]}",推荐几首五月天的歌,llm_onecall,13576.7,OK,
823,音乐,第2轮,最经典那首,music_song_search,"{""retext"": ""播放五月天的最经典那首歌"", ""singer"": [""五月天""], ""tag"": [""最经典""]}",播放五月天的最经典那首歌,llm_onecall,13880.5,OK,
823,音乐,第3轮,免费听的有没有,music_song_search,"{""retext"": ""有没有免费听的五月天的歌"", ""singer"": [""五月天""]}",有没有免费听的五月天的歌,llm_onecall,13934.0,OK,
823,音乐,第4轮,高音质,music_song_search,"{""retext"": ""播放五月天的最经典那首歌"", ""singer"": [""五月天""], ""tag"": [""最经典""]}",播放五月天的最经典那首歌,llm_onecall,13249.5,OK,
823,音乐,第5轮,最火的那首,fan_knowledge_agent,"{""messages"": [{""content"": ""播放五月天的最火的那首歌"", ""role"": ""user""}], ""riskRespStrategy"": ""all_replace"", ""sceneTypeIntentList"": [{""sceneType"": ""knowledge_qa""}]}",播放五月天的最火的那首歌,llm_select,16765.7,OK,
824,音乐,第1轮,来点古典音乐,music_song_search,"{""retext"": ""来点古典音乐"", ""tag"": [""古典""]}",来点古典音乐,llm_onecall,12984.7,OK,
824,音乐,第2轮,男歌手的,music_song_search,"{""retext"": ""播放古典音乐"", ""tag"": [""古典""]}",播放古典音乐,fewshot_cache,12645.0,OK,
824,音乐,第3轮,不要会员的能听吗,music_song_search,"{""retext"": ""播放古典音乐"", ""tag"": [""古典""]}",播放古典音乐,fewshot_cache,12996.4,OK,
824,音乐,第4轮,要舒缓一点的,music_song_search,"{""retext"": ""播放舒缓的古典音乐"", ""tag"": [""古典"", ""舒缓""]}",播放舒缓的古典音乐,llm_onecall,13145.1,OK,
824,音乐,第5轮,女歌手唱的,music_song_search,"{""gender"": [""女""], ""retext"": ""播放舒缓的古典音乐中女歌手演唱的歌曲"", ""tag"": [""古典""]}",播放舒缓的古典音乐中女歌手演唱的歌曲,llm_onecall,13906.4,OK,
825,音乐,第1轮,有粤语老歌吗,music_song_search,"{""retext"": ""有粤语老歌吗"", ""tag"": [""粤语"", ""经典老歌""]}",有粤语老歌吗,llm_onecall,12852.2,OK,
825,音乐,第2轮,最经典那种,music_song_search,"{""retext"": ""粤语老歌"", ""tag"": [""粤语"", ""经典老歌""]}",粤语老歌,llm_onecall,13342.5,OK,
825,音乐,第3轮,免费的吗,music_song_search,"{""retext"": ""粤语老歌免费吗"", ""tag"": [""粤语""], ""version"": [""免费版""]}",粤语老歌免费吗,llm_onecall,14295.5,OK,
825,音乐,第4轮,八九十年代的,music_song_search,"{""retext"": ""八九十年代的粤语老歌"", ""tag"": [""粤语"", ""经典老歌""]}",八九十年代的粤语老歌,llm_onecall,13724.5,OK,
825,音乐,第5轮,老歌那种,music_song_search,"{""retext"": ""八九十年代的粤语老歌"", ""tag"": [""粤语"", ""经典老歌""]}",八九十年代的粤语老歌,llm_onecall,13423.9,OK,
826,音乐,第1轮,放点说唱,music_song_recommend,"{""retext"": ""放点说唱""}",放点说唱,llm_onecall,13250.3,OK,
826,音乐,第2轮,最近上的,music_song_search,"{""retext"": ""最近上的说唱"", ""tag"": [""说唱""], ""toplist"": [""新歌""]}",最近上的说唱,llm_onecall,13517.6,OK,
826,音乐,第3轮,中文的有吗,music_song_search,"{""retext"": ""最近上的说唱中文的有吗"", ""tag"": [""说唱""], ""toplist"": [""新歌榜""]}",最近上的说唱中文的有吗,llm_onecall,13841.6,OK,
826,音乐,第4轮,中文版,music_song_search,"{""retext"": ""最近上的说唱中文的"", ""tag"": [""说唱"", ""中文""], ""toplist"": [""新歌榜""]}",最近上的说唱中文的,llm_onecall,14801.4,OK,
826,音乐,第5轮,要节奏快的,music_song_search,"{""retext"": ""最近上的说唱中文的要节奏快的"", ""tag"": [""中文""], ""version"": [""新歌""]}",最近上的说唱中文的要节奏快的,llm_onecall,14637.2,OK,
827,音乐,第1轮,找点跑步听的歌,music_song_search,"{""retext"": ""找点跑步听的歌"", ""tag"": [""跑步&骑行""]}",找点跑步听的歌,llm_onecall,13305.6,OK,
827,音乐,第2轮,英文的,music_song_search,"{""retext"": ""找点英文的跑步听的歌"", ""tag"": [""跑步&骑行""], ""version"": [""英文""]}",找点英文的跑步听的歌,llm_onecall,13750.9,OK,
827,音乐,第3轮,免费渠道,music_song_recommend,"{""retext"": ""免费渠道""}",免费渠道,llm_onecall,13126.5,OK,
827,音乐,第4轮,一小时那种,music_song_search,"{""retext"": ""找点英文的跑步听的歌一小时那种"", ""tag"": [""跑步&骑行""], ""version"": [""英文""]}",找点英文的跑步听的歌一小时那种,llm_onecall,14494.1,OK,
827,音乐,第5轮,英语歌,music_song_semantic_search,"{""retext"": ""英语歌""}",英语歌,llm_onecall,12856.2,OK,
828,音乐,第1轮,来点伤感的歌,music_song_semantic_search,"{""retext"": ""来点伤感的歌""}",来点伤感的歌,llm_onecall,13049.1,OK,
828,音乐,第2轮,要女生唱的,fan_knowledge_agent,"{""messages"": [{""content"": ""来点女生唱的伤感的歌"", ""role"": ""user""}], ""riskRespStrategy"": ""all_replace"", ""sceneTypeIntentList"": [{""sceneType"": ""knowledge_qa""}]}",来点女生唱的伤感的歌,llm_select,16204.4,OK,
828,音乐,第3轮,失恋听的,fan_knowledge_agent,"{""messages"": [{""content"": ""我想听适合失恋时听的伤感歌曲"", ""role"": ""user""}], ""riskRespStrategy"": ""all_replace"", ""sceneTypeIntentList"": [{""intent"": ""music_chat_qa"", ""sceneType"": ""agent_music""}]}",我想听适合失恋时听的伤感歌曲,llm_select,20689.1,OK,
828,音乐,第4轮,最经典那种,fan_knowledge_agent,"{""messages"": [{""content"": ""我想听适合失恋时听的伤感歌曲"", ""role"": ""user""}], ""riskRespStrategy"": ""all_replace"", ""sceneTypeIntentList"": [{""intent"": ""music_chat_qa"", ""sceneType"": ""agent_music""}]}",我想听适合失恋时听的伤感歌曲,llm_select,22604.5,OK,
828,音乐,第5轮,经典,fan_knowledge_agent,"{""messages"": [{""content"": ""我想听适合失恋时听的伤感歌曲"", ""role"": ""user""}], ""riskRespStrategy"": ""all_replace"", ""sceneTypeIntentList"": [{""intent"": ""music_chat_qa"", ""sceneType"": ""agent_music""}]}",我想听适合失恋时听的伤感歌曲,llm_select,21486.0,OK,
829,音乐,第1轮,推荐几首KTV必点的歌,music_song_search,"{""retext"": ""推荐几首KTV必点的歌"", ""tag"": [""KTV必点""]}",推荐几首KTV必点的歌,llm_onecall,13530.5,OK,
829,音乐,第2轮,好唱的,music_song_search,"{""retext"": ""推荐几首KTV必点的好唱的歌"", ""tag"": [""KTV必点"", ""好唱""]}",推荐几首KTV必点的好唱的歌,llm_onecall,12608.3,OK,
829,音乐,第3轮,不要钱能听吗,music_song_search,"{""retext"": ""推荐几首KTV必点的好唱的歌"", ""tag"": [""KTV必点"", ""好唱""]}",推荐几首KTV必点的好唱的歌,llm_onecall,13206.3,OK,
829,音乐,第4轮,音别太高,music_song_search,"{""retext"": ""推荐几首KTV必点的好唱的歌"", ""tag"": [""KTV必点"", ""好唱""]}",推荐几首KTV必点的好唱的歌,llm_onecall,14294.4,OK,
829,音乐,第5轮,别太高音,music_song_search,"{""retext"": ""推荐几首KTV必点的好唱的歌"", ""tag"": [""KTV"", ""好唱""]}",推荐几首KTV必点的好唱的歌,llm_onecall,15431.9,OK,
83,影视,第1轮,最近想看年代剧,vod_search,"{""action"": ""search"", ""query"": {""and"": [{""field"": ""category"", ""value"": ""电视剧""}, {""field"": ""tag"", ""value"": ""年代""}]}, ""retext"": ""最近想看年代剧"", ""sort"": {""new"": {""order"": ""desc""}}}",最近想看年代剧,llm_onecall,16738.6,OK,
83,影视,第2轮,八九十年代背景的,vod_search,"{""action"": ""search"", ""query"": {""and"": [{""field"": ""category"", ""value"": ""电视剧""}, {""field"": ""tag"", ""value"": ""年代""}, {""field"": ""release_time"", ""from"": ""19800101"", ""to"": ""19891231""}]}, ""retext"": ""最近想看八九十年代背景的年代剧"", ""sort"": {""new"": {""order"": ""desc""}}}",最近想看八九十年代背景的年代剧,llm_onecall,17469.7,OK,
83,影视,第3轮,集数多的那种,vod_search,"{""action"": ""search"", ""query"": {""and"": [{""field"": ""category"", ""value"": ""电视剧""}, {""field"": ""tag"", ""value"": ""年代""}, {""field"": ""release_time"", ""from"": ""19800101"", ""to"": ""19891231""}]}, ""retext"": ""最近想看八九十年代背景的年代剧，集数多的那种"", ""sort"": {""new"": {""order"": ""desc""}, ""play"": {""order"": ""desc""}}}",最近想看八九十年代背景的年代剧，集数多的那种,llm_onecall,19636.0,OK,
83,影视,第4轮,大卡司的,vod_search,"{""action"": ""search"", ""query"": {""and"": [{""field"": ""category"", ""value"": ""电视剧""}, {""field"": ""tag"", ""value"": ""年代""}, {""field"": ""release_time"", ""from"": ""19800101"", ""to"": ""19891231""}]}, ""retext"": ""最近想看八九十年代背景的年代剧，集数多的那种，大卡司的"", ""sort"": {""new"": {""order"": ""desc""}, ""play"": {""order"": ""desc""}}}",最近想看八九十年代背景的年代剧，集数多的那种，大卡司的,llm_onecall,18105.8,OK,
83,影视,第5轮,集数多的有吗,vod_search,"{""action"": ""search"", ""query"": {""and"": [{""field"": ""category"", ""value"": ""电视剧""}, {""field"": ""tag"", ""value"": ""年代""}, {""field"": ""release_time"", ""from"": ""19800101"", ""to"": ""19891231""}]}, ""retext"": ""最近想看八九十年代背景的年代剧，集数多的那种"", ""sort"": {""new"": {""order"": ""desc""}, ""play"": {""order"": ""desc""}}}",最近想看八九十年代背景的年代剧，集数多的那种,llm_onecall,18182.4,OK,
830,音乐,第1轮,给我放周杰伦的歌,music_song_search,"{""retext"": ""给我放周杰伦的歌"", ""singer"": [""周杰伦""]}",给我放周杰伦的歌,llm_onecall,13247.3,OK,
830,音乐,第2轮,高音质,mode_control,"{""device"": """", ""location"": """", ""object"": ""声音模式"", ""operation"": ""设置"", ""value"": """"}",播放周杰伦的高音质歌曲,llm_onecall,13283.3,OK,
830,音乐,第3轮,音质好点的,mode_control,"{""device"": """", ""location"": """", ""object"": ""声音模式"", ""operation"": ""设置"", ""value"": """"}",播放周杰伦的高音质歌曲,llm_onecall,12417.8,OK,
830,音乐,第4轮,最新的有吗,mode_control,"{""device"": """", ""location"": """", ""object"": ""声音模式"", ""operation"": ""设置"", ""value"": """"}",播放周杰伦的高音质歌曲,llm_onecall,13570.7,OK,
830,音乐,第5轮,最有名的那首,music_song_semantic_search,"{""retext"": ""播放周杰伦最有名的那首歌""}",播放周杰伦最有名的那首歌,llm_onecall,12624.9,OK,
831,音乐,第1轮,放点嘻哈,music_song_search,"{""retext"": ""放点嘻哈"", ""tag"": [""嘻哈""]}",放点嘻哈,llm_onecall,13356.2,OK,
831,音乐,第2轮,女的唱的,music_song_search,"{""gender"": [""女""], ""retext"": ""播放女的唱的嘻哈"", ""tag"": [""嘻哈""]}",播放女的唱的嘻哈,llm_onecall,13609.9,OK,
831,音乐,第3轮,华语的有没有的那种,music_song_search,"{""gender"": [""女""], ""retext"": ""播放女的唱的华语嘻哈"", ""tag"": [""华语嘻哈""]}",播放女的唱的华语嘻哈,llm_onecall,13641.5,OK,
831,音乐,第4轮,男歌手的,music_song_search,"{""gender"": [""男""], ""retext"": ""播放男歌手的华语嘻哈"", ""tag"": [""华语嘻哈""]}",播放男歌手的华语嘻哈,llm_onecall,14721.3,OK,
831,音乐,第5轮,女歌手唱的,music_song_search,"{""gender"": [""女""], ""retext"": ""播放女歌手唱的""}",播放女歌手唱的,llm_onecall,13478.3,OK,
832,音乐,第1轮,想听点摇滚乐,music_song_search,"{""retext"": ""想听点摇滚乐"", ""tag"": [""摇滚""]}",想听点摇滚乐,llm_onecall,12580.7,OK,
832,音乐,第2轮,国外的乐队,music_song_search,"{""retext"": ""想听国外的摇滚乐队"", ""tag"": [""摇滚""]}",想听国外的摇滚乐队,llm_onecall,13434.4,OK,
832,音乐,第3轮,演唱会版,music_song_search,"{""retext"": ""播放国外摇滚乐队的演唱会版"", ""tag"": [""摇滚"", ""国外乐队""], ""version"": [""演唱会版""]}",播放国外摇滚乐队的演唱会版,llm_onecall,13729.0,OK,
832,音乐,第4轮,欧美乐队,music_song_search,"{""retext"": ""播放欧美乐队"", ""tag"": [""欧美流行""]}",播放欧美乐队,llm_onecall,13689.3,OK,
832,音乐,第5轮,现场版的那种,music_song_search,"{""retext"": ""播放欧美乐队的现场版"", ""tag"": [""欧美流行""]}",播放欧美乐队的现场版,llm_onecall,14725.8,OK,
833,音乐,第1轮,推荐几首民谣,music_song_search,"{""retext"": ""推荐几首民谣"", ""tag"": [""民谣""]}",推荐几首民谣,llm_onecall,13200.4,OK,
833,音乐,第2轮,国内的,music_song_search,"{""retext"": ""推荐几首国内的民谣"", ""tag"": [""民谣""]}",推荐几首国内的民谣,llm_onecall,13459.8,OK,
833,音乐,第3轮,男歌手的有吗,music_song_search,"{""gender"": [""男""], ""retext"": ""推荐几首国内男歌手的民谣"", ""tag"": [""民谣""]}",推荐几首国内男歌手的民谣,llm_onecall,14113.1,OK,
833,音乐,第4轮,木吉他那种,music_song_search,"{""gender"": [""男""], ""retext"": ""推荐几首国内男歌手的民谣木吉他"", ""tag"": [""民谣"", ""木吉他""]}",推荐几首国内男歌手的民谣木吉他,llm_onecall,15130.7,OK,
833,音乐,第5轮,国产那种,music_song_search,"{""gender"": [""男""], ""retext"": ""推荐几首国内男歌手的民谣木吉他"", ""tag"": [""民谣"", ""木吉他""]}",推荐几首国内男歌手的民谣木吉他,llm_onecall,13425.7,OK,
834,音乐,第1轮,播放《岁月神偷》,vod_search,"{""action"": ""play"", ""query"": {""field"": ""title"", ""value"": ""岁月神偷""}, ""retext"": ""播放《岁月神偷》""}",播放《岁月神偷》,llm_onecall,13813.9,OK,
834,音乐,第2轮,免费的有没有的那种,vod_search,"{""action"": ""search"", ""query"": {""and"": [{""field"": ""title"", ""value"": ""岁月神偷""}, {""field"": ""is_fee"", ""value"": ""0""}]}, ""retext"": ""有没有免费的《岁月神偷》""}",有没有免费的《岁月神偷》,llm_onecall,14391.8,OK,
834,音乐,第3轮,循环放,playback_control,"{""device"": """", ""location"": """", ""object"": ""播放列表"", ""operation"": ""循环播放"", ""value"": """"}",循环播放《岁月神偷》,llm_onecall,13727.3,OK,
834,音乐,第4轮,换成《别的歌》吧,music_song_search,"{""retext"": ""播放《别的歌》这首歌"", ""song"": [""别的歌""]}",播放《别的歌》这首歌,llm_onecall,13761.3,OK,
834,音乐,第5轮,原版的那种,music_song_search,"{""retext"": ""播放《岁月神偷》"", ""song"": [""岁月神偷""]}",播放《岁月神偷》,llm_onecall,12580.8,OK,
835,音乐,第1轮,有没有点摇滚乐,music_song_search,"{""retext"": ""有没有点摇滚乐"", ""tag"": [""摇滚""]}",有没有点摇滚乐,llm_onecall,12862.1,OK,
835,音乐,第2轮,高音质的,mode_control,"{""device"": """", ""location"": """", ""object"": ""声音模式"", ""operation"": ""设置"", ""value"": """"}",有没有高音质的摇滚乐,llm_onecall,12498.8,OK,
835,音乐,第3轮,演唱会现场版,music_song_search,"{""retext"": ""有没有高音质的摇滚乐演唱会现场版"", ""tag"": [""摇滚"", ""演唱会"", ""现场版""]}",有没有高音质的摇滚乐演唱会现场版,llm_onecall,14719.3,OK,
835,音乐,第4轮,live版,music_song_search,"{""retext"": ""有没有高音质的摇滚乐演唱会现场版"", ""tag"": [""摇滚"", ""演唱会"", ""现场版""]}",有没有高音质的摇滚乐演唱会现场版,llm_onecall,15197.1,OK,
835,音乐,第5轮,国外的乐队,music_song_search,"{""retext"": ""国外的乐队"", ""tag"": [""欧美乐队""]}",国外的乐队,llm_onecall,11926.8,OK,
836,音乐,第1轮,给我放粤语老歌,music_song_search,"{""retext"": ""给我放粤语老歌"", ""tag"": [""粤语"", ""老歌""]}",给我放粤语老歌,llm_onecall,13659.0,OK,
836,音乐,第2轮,90年代的,music_song_search,"{""retext"": ""播放90年代的粤语老歌"", ""tag"": [""粤语"", ""90年代""]}",播放90年代的粤语老歌,llm_onecall,14581.6,OK,
836,音乐,第3轮,不花钱能听吗,music_song_search,"{""retext"": ""播放90年代的粤语老歌"", ""tag"": [""粤语"", ""90年代""]}",播放90年代的粤语老歌,llm_onecall,13646.0,OK,
836,音乐,第4轮,男歌手,music_song_search,"{""retext"": ""播放90年代的粤语老歌"", ""tag"": [""粤语"", ""90年代""]}",播放90年代的粤语老歌,llm_onecall,15094.2,OK,
836,音乐,第5轮,老歌那种,music_song_search,"{""retext"": ""播放90年代的粤语老歌"", ""tag"": [""粤语"", ""90年代""]}",播放90年代的粤语老歌,llm_onecall,11961.0,OK,
837,音乐,第1轮,有没有民谣,music_song_search,"{""retext"": ""有没有民谣"", ""tag"": [""民谣""]}",有没有民谣,llm_onecall,13416.9,OK,
837,音乐,第2轮,男歌手的有吗,music_song_search,"{""gender"": [""男""], ""retext"": ""有没有男歌手唱的民谣"", ""tag"": [""民谣""]}",有没有男歌手唱的民谣,llm_onecall,13722.0,OK,
837,音乐,第3轮,校园风,vod_search,"{""action"": ""search"", ""query"": {""field"": ""tag"", ""value"": ""校园""}, ""retext"": ""有没有校园风的""}",有没有校园风的,llm_onecall,13302.1,OK,
837,音乐,第4轮,男的唱的有吗,music_song_search,"{""gender"": [""男""], ""retext"": ""有没有男歌手唱的民谣"", ""tag"": [""民谣""]}",有没有男歌手唱的民谣,llm_onecall,13744.8,OK,
837,音乐,第5轮,内地,music_song_search,"{""gender"": [""男""], ""retext"": ""有没有内地男歌手唱的校园风民谣"", ""tag"": [""校园"", ""民谣""]}",有没有内地男歌手唱的校园风民谣,llm_onecall,12019.5,OK,
838,音乐,第1轮,推荐几首蓝调,music_song_search,"{""retext"": ""推荐几首蓝调"", ""tag"": [""蓝调""]}",推荐几首蓝调,llm_onecall,13270.7,OK,
838,音乐,第2轮,轻柔点的,music_song_search,"{""retext"": ""推荐几首轻柔的蓝调"", ""tag"": [""蓝调""]}",推荐几首轻柔的蓝调,llm_onecall,13603.2,OK,
838,音乐,第3轮,要免费听的有没有,music_song_search,"{""retext"": ""推荐几首轻柔的蓝调"", ""tag"": [""蓝调""]}",推荐几首轻柔的蓝调,llm_onecall,14761.4,OK,
838,音乐,第4轮,柔和那种,music_song_search,"{""retext"": ""推荐几首轻柔的蓝调"", ""tag"": [""蓝调""]}",推荐几首轻柔的蓝调,llm_onecall,14105.8,OK,
838,音乐,第5轮,不要钱能听的,music_song_search,"{""retext"": ""推荐几首轻柔的蓝调"", ""tag"": [""蓝调""]}",推荐几首轻柔的蓝调,llm_onecall,11404.0,OK,
839,音乐,第1轮,来点说唱,music_song_search,"{""retext"": ""来点说唱"", ""tag"": [""说唱""]}",来点说唱,llm_onecall,12738.6,OK,
839,音乐,第2轮,最近那种,music_song_search,"{""retext"": ""最近的说唱"", ""tag"": [""说唱""], ""toplist"": [""新歌榜""]}",最近的说唱,llm_onecall,13534.0,OK,
839,音乐,第3轮,中文那种,music_song_search,"{""retext"": ""最近的说唱中文"", ""tag"": [""说唱""], ""toplist"": [""说唱中文""]}",最近的说唱中文,llm_onecall,14256.1,OK,
839,音乐,第4轮,免费那种,music_song_search,"{""retext"": ""最近的说唱中文免费"", ""tag"": [""说唱"", ""中文""], ""version"": [""免费版""]}",最近的说唱中文免费,llm_onecall,13172.6,OK,
839,音乐,第5轮,女歌手的有吗,music_song_search,"{""retext"": ""最近的说唱中文免费女歌手的"", ""tag"": [""说唱"", ""女歌手"", ""中文""], ""version"": [""免费版""]}",最近的说唱中文免费女歌手的,llm_onecall,11832.0,OK,
84,影视,第1轮,来点悬疑美剧,vod_search_all,"{""action"": ""search"", ""query"": {""and"": [{""field"": ""area"", ""value"": ""美国""}, {""field"": ""category"", ""value"": ""电视剧""}, {""field"": ""tag"", ""value"": ""悬疑""}]}, ""retext"": ""来点悬疑美剧""}",来点悬疑美剧,llm_onecall,16094.9,OK,
84,影视,第2轮,完结的有没有,vod_search_all,"{""action"": ""search"", ""query"": {""and"": [{""field"": ""area"", ""value"": ""美国""}, {""field"": ""category"", ""value"": ""电视剧""}, {""field"": ""tag"", ""value"": ""悬疑""}, {""field"": ""is_over"", ""value"": ""1""}]}, ""retext"": ""想看完结的悬疑美剧""}",想看完结的悬疑美剧,llm_onecall,17623.7,OK,
84,影视,第3轮,一案一集的,vod_search_all,"{""action"": ""search"", ""query"": {""and"": [{""field"": ""area"", ""value"": ""美国""}, {""field"": ""tag"", ""value"": ""悬疑""}, {""field"": ""tag"", ""value"": ""一案一集""}, {""field"": ""is_over"", ""value"": ""1""}]}, ""retext"": ""想看完结的悬疑美剧一案一集的""}",想看完结的悬疑美剧一案一集的,llm_onecall,19500.1,OK,
84,影视,第4轮,单元剧形式的,vod_search_all,"{""action"": ""search"", ""query"": {""and"": [{""field"": ""area"", ""value"": ""美国""}, {""field"": ""tag"", ""value"": ""悬疑""}, {""field"": ""tag"", ""value"": ""单元剧""}, {""field"": ""is_over"", ""value"": ""1""}]}, ""retext"": ""想看完结的悬疑美剧一案一集的单元剧形式的""}",想看完结的悬疑美剧一案一集的单元剧形式的,llm_onecall,17707.4,OK,
84,影视,第5轮,最新那部,vod_search_all,"{""action"": ""search"", ""query"": {""and"": [{""field"": ""area"", ""value"": ""美国""}, {""field"": ""tag"", ""operator"": ""or"", ""values"": [""悬疑"", ""单元剧""]}, {""field"": ""is_over"", ""value"": ""1""}]}, ""retext"": ""想看完结的悬疑美剧一案一集的单元剧形式的最新那部"", ""sort"": {""new"": {""order"": ""desc""}}}",想看完结的悬疑美剧一案一集的单元剧形式的最新那部,llm_onecall,18486.2,OK,
840,音乐,第1轮,来点爵士乐,music_song_recommend,"{""retext"": ""来点爵士乐""}",来点爵士乐,llm_onecall,12106.9,OK,
840,音乐,第2轮,要钱吗,music_song_search,"{""retext"": ""播放爵士乐"", ""tag"": [""爵士""]}",播放爵士乐,llm_onecall,13176.2,OK,
840,音乐,第3轮,现场版,music_song_search,"{""retext"": ""播放爵士乐现场版"", ""tag"": [""爵士"", ""现场""]}",播放爵士乐现场版,llm_onecall,13645.9,OK,
840,音乐,第4轮,收费吗,music_song_search,"{""retext"": ""播放爵士乐现场版"", ""tag"": [""爵士""], ""version"": [""现场版""]}",播放爵士乐现场版,llm_onecall,19189.3,OK,
840,音乐,第5轮,国外乐队的有吗,music_song_search,"{""retext"": ""播放国外乐队的爵士乐"", ""tag"": [""爵士"", ""国外乐队""]}",播放国外乐队的爵士乐,llm_onecall,9908.9,OK,
841,音乐,第1轮,推荐几首说唱,music_song_search,"{""retext"": ""推荐几首说唱"", ""tag"": [""说唱""]}",推荐几首说唱,llm_onecall,12600.5,OK,
841,音乐,第2轮,要新出的,music_song_search,"{""retext"": ""推荐新出的说唱"", ""tag"": [""说唱""], ""toplist"": [""新歌""]}",推荐新出的说唱,llm_onecall,14356.1,OK,
841,音乐,第3轮,有免费版的吗,music_song_search,"{""retext"": ""推荐新出的说唱歌曲"", ""tag"": [""说唱""], ""toplist"": [""新歌""]}",推荐新出的说唱歌曲,llm_onecall,26794.7,OK,
841,音乐,第4轮,中文版的有吗,music_song_search,"{""retext"": ""《孤勇者》有中文版吗"", ""song"": [""孤勇者""], ""version"": [""中文版""]}",《孤勇者》有中文版吗,llm_onecall,10227.6,OK,
841,音乐,第5轮,要节奏感强的,music_song_search,"{""retext"": ""推荐节奏感强的说唱"", ""tag"": [""说唱""]}",推荐节奏感强的说唱,llm_onecall,8459.1,OK,
842,音乐,第1轮,来点跑步听的歌,music_song_search,"{""retext"": ""来点跑步听的歌"", ""tag"": [""跑步&骑行""]}",来点跑步听的歌,llm_onecall,12484.6,OK,
842,音乐,第2轮,动感那种,music_song_search,"{""retext"": ""播放动感歌曲"", ""tag"": [""动感""]}",播放动感歌曲,llm_onecall,12555.9,OK,
842,音乐,第3轮,免费渠道,music_song_recommend,"{""retext"": ""免费渠道""}",免费渠道,llm_onecall,12788.0,OK,
842,音乐,第4轮,时长一小时以上的歌单,music_song_recommend,"{""retext"": ""播放时长一小时以上的歌单""}",播放时长一小时以上的歌单,llm_onecall,13255.5,OK,
842,音乐,第5轮,不花钱的渠道,music_song_search,"{""retext"": ""不花钱的渠道"", ""version"": [""免费版""]}",不花钱的渠道,llm_onecall,9570.0,OK,
843,音乐,第1轮,放点爵士乐,music_song_recommend,"{""retext"": ""放点爵士乐""}",放点爵士乐,llm_onecall,12641.7,OK,
843,音乐,第2轮,国外乐队的有吗,music_song_search,"{""gender"": [""乐队""], ""retext"": ""播放国外乐队的爵士乐"", ""tag"": [""爵士乐""]}",播放国外乐队的爵士乐,llm_onecall,14649.4,OK,
843,音乐,第3轮,live那种,music_song_search,"{""retext"": ""播放live爵士乐"", ""tag"": [""爵士""], ""version"": [""live""]}",播放live爵士乐,llm_onecall,14516.9,OK,
843,音乐,第4轮,音质高,music_song_search,"{""retext"": ""播放live爵士乐"", ""tag"": [""爵士""], ""version"": [""live""]}",播放live爵士乐,llm_onecall,12514.1,OK,
843,音乐,第5轮,录音室版有吗,audio_search,"{""action"": ""play"", ""query"": ""播放live爵士乐的录音室版""}",播放live爵士乐的录音室版,general_rule,9603.9,OK,
844,音乐,第1轮,给我放伤感的歌,music_song_semantic_search,"{""retext"": ""给我放伤感的歌""}",给我放伤感的歌,llm_onecall,12985.5,OK,
844,音乐,第2轮,失恋听的那种,music_song_semantic_search,"{""retext"": ""给我放失恋听的伤感歌""}",给我放失恋听的伤感歌,llm_onecall,14783.8,OK,
844,音乐,第3轮,不花钱能听吗,music_song_search,"{""retext"": ""不花钱能听吗"", ""version"": [""免费版""]}",不花钱能听吗,llm_onecall,12692.0,OK,
844,音乐,第4轮,华语老歌有吗,music_song_search,"{""retext"": ""华语老歌有吗"", ""tag"": [""华语流行"", ""经典老歌""]}",华语老歌有吗,llm_onecall,10600.5,OK,
844,音乐,第5轮,经典款,music_song_search,"{""retext"": ""经典款"", ""tag"": [""经典""]}",经典款,llm_onecall,7558.9,OK,
845,音乐,第1轮,给我放五月天的歌,music_song_search,"{""retext"": ""给我放五月天的歌"", ""singer"": [""五月天""]}",给我放五月天的歌,llm_onecall,13357.8,OK,
845,音乐,第2轮,不花钱的能听吗,music_song_search,"{""retext"": ""不花钱的能听吗"", ""version"": [""免费版""]}",不花钱的能听吗,llm_onecall,13190.7,OK,
845,音乐,第3轮,最有名的那首,music_song_search,"{""retext"": ""五月天最有名的那首歌"", ""singer"": [""五月天""], ""toplist"": [""最有名""]}",五月天最有名的那首歌,llm_onecall,12174.8,OK,
845,音乐,第4轮,最经典那首,music_song_search,"{""retext"": ""五月天最经典的那首歌"", ""singer"": [""五月天""], ""tag"": [""经典""]}",五月天最经典的那首歌,llm_onecall,10969.3,OK,
845,音乐,第5轮,换成 别的歌手 的吧,music_song_search,"{""retext"": ""换成别的歌手的""}",换成别的歌手的,llm_onecall,6603.0,OK,
846,音乐,第1轮,给我放跑步听的歌,music_song_search,"{""retext"": ""给我放跑步听的歌"", ""tag"": [""跑步&骑行""]}",给我放跑步听的歌,llm_onecall,13144.9,OK,
846,音乐,第2轮,不花钱渠道,music_song_search,"{""retext"": ""不花钱渠道"", ""version"": [""免费版""]}",不花钱渠道,llm_onecall,14550.8,OK,
846,音乐,第3轮,快节奏,music_song_search,"{""retext"": ""给我放快节奏跑步听的歌"", ""tag"": [""跑步&骑行""]}",给我放快节奏跑步听的歌,llm_onecall,12488.4,OK,
846,音乐,第4轮,长歌单,music_song_search,"{""retext"": ""给我放快节奏跑步听的歌长歌单"", ""tag"": [""跑步&骑行""]}",给我放快节奏跑步听的歌长歌单,llm_onecall,10783.9,OK,
846,音乐,第5轮,英语歌,music_song_semantic_search,"{""retext"": ""英语歌""}",英语歌,llm_onecall,6774.7,OK,
847,音乐,第1轮,推荐几首儿歌,music_song_search,"{""retext"": ""推荐几首儿歌"", ""tag"": [""儿童歌曲""]}",推荐几首儿歌,llm_onecall,13254.1,OK,
847,音乐,第2轮,要音质好的,mode_control,"{""device"": """", ""location"": """", ""object"": ""声音模式"", ""operation"": ""设置"", ""value"": """"}",推荐音质好的儿歌,llm_onecall,13504.5,OK,
847,音乐,第3轮,高音质的,mode_control,"{""device"": """", ""location"": """", ""object"": ""声音模式"", ""operation"": ""设置"", ""value"": """"}",推荐音质好的儿歌,llm_onecall,11509.3,OK,
847,音乐,第4轮,男的唱的,music_song_search,"{""gender"": [""男""], ""retext"": ""推荐音质好的儿歌中男的唱的"", ""tag"": [""儿童歌曲""]}",推荐音质好的儿歌中男的唱的,llm_onecall,11252.6,OK,
847,音乐,第5轮,不要会员能听的,music_song_search,"{""gender"": [""男""], ""retext"": ""推荐音质好的儿歌中男的唱的不要会员能听的"", ""tag"": [""儿童歌曲""], ""version"": [""免费版""]}",推荐音质好的儿歌中男的唱的不要会员能听的,llm_onecall,7845.0,OK,
848,音乐,第1轮,放点KTV必点的歌,music_song_search,"{""retext"": ""放点KTV必点的歌"", ""toplist"": [""KTV必点""]}",放点KTV必点的歌,llm_onecall,14364.7,OK,
848,音乐,第2轮,容易唱的,fan_knowledge_agent,"{""messages"": [{""content"": ""容易唱的KTV必点的歌"", ""role"": ""user""}], ""riskRespStrategy"": ""all_replace"", ""sceneTypeIntentList"": [{""sceneType"": ""knowledge_qa""}]}",容易唱的KTV必点的歌,llm_select,18281.3,OK,
848,音乐,第3轮,不费嗓的,music_ksong_search,"{""retext"": ""不费嗓的KTV必点歌曲"", ""tag"": [""不费嗓""]}",不费嗓的KTV必点歌曲,llm_onecall,11417.0,OK,
848,音乐,第4轮,别太高音,music_ksong_search,"{""retext"": ""不费嗓的KTV必点歌曲"", ""tag"": [""不费嗓""]}",不费嗓的KTV必点歌曲,llm_onecall,8841.0,OK,
848,音乐,第5轮,不要钱能听吗,music_ksong_search,"{""retext"": ""不费嗓的KTV必点歌曲"", ""tag"": [""不费嗓""]}",不费嗓的KTV必点歌曲,llm_onecall,6263.2,OK,
849,音乐,第1轮,想听说唱,music_song_search,"{""retext"": ""想听说唱"", ""tag"": [""说唱""]}",想听说唱,llm_onecall,12983.9,OK,
849,音乐,第2轮,不要会员那种,music_song_search,"{""retext"": ""想听说唱不要会员那种"", ""tag"": [""说唱""], ""version"": [""免费版""]}",想听说唱不要会员那种,llm_onecall,14351.8,OK,
849,音乐,第3轮,最近上的,music_song_search,"{""retext"": ""最近上的说唱不要会员那种"", ""tag"": [""说唱""], ""toplist"": [""新歌榜""], ""version"": [""免费版""]}",最近上的说唱不要会员那种,llm_onecall,12015.0,OK,
849,音乐,第4轮,女歌手的有吗,music_song_search,"{""gender"": [""女""], ""retext"": ""最近上的说唱不要会员那种女歌手的"", ""tag"": [""说唱""], ""toplist"": [""新歌榜""], ""version"": [""免费版""]}",最近上的说唱不要会员那种女歌手的,llm_onecall,8911.0,OK,
849,音乐,第5轮,最近那种,music_song_search,"{""gender"": [""女""], ""retext"": ""最近上的说唱不要会员那种女歌手的"", ""tag"": [""说唱""], ""toplist"": [""新歌榜""], ""version"": [""免费版""]}",最近上的说唱不要会员那种女歌手的,llm_onecall,7784.2,OK,
85,影视,第1轮,来一部韩剧,vod_search_all,"{""action"": ""search"", ""query"": {""and"": [{""field"": ""area"", ""value"": ""韩国""}, {""field"": ""category"", ""value"": ""电视剧""}]}, ""retext"": ""来一部韩剧""}",来一部韩剧,llm_onecall,14860.5,OK,
85,影视,第2轮,已完结的,vod_search_all,"{""action"": ""search"", ""query"": {""and"": [{""field"": ""area"", ""value"": ""韩国""}, {""field"": ""category"", ""value"": ""电视剧""}, {""field"": ""is_over"", ""value"": ""1""}]}, ""retext"": ""已完结的韩剧""}",已完结的韩剧,llm_onecall,16770.9,OK,
85,影视,第3轮,有中文字幕吗,vod_search_all,"{""action"": ""search"", ""query"": {""and"": [{""field"": ""area"", ""value"": ""韩国""}, {""field"": ""is_over"", ""value"": ""1""}]}, ""retext"": ""已完结的韩剧有中文字幕吗""}",已完结的韩剧有中文字幕吗,llm_onecall,17826.0,OK,
85,影视,第4轮,高分的有没有,vod_search_all,"{""action"": ""search"", ""query"": {""and"": [{""field"": ""area"", ""value"": ""韩国""}, {""field"": ""category"", ""value"": ""电视剧""}, {""field"": ""is_over"", ""value"": ""1""}]}, ""retext"": ""搜索已完结的韩剧""}",搜索已完结的韩剧,llm_onecall,51914.3,OK,
85,影视,第5轮,豆瓣8分以上的,vod_search_all,"{""action"": ""search"", ""query"": {""and"": [{""field"": ""area"", ""value"": ""韩国""}, {""field"": ""category"", ""value"": ""电视剧""}, {""field"": ""is_over"", ""value"": ""1""}, {""field"": ""rate"", ""from"": ""8.0"", ""to"": ""*""}]}, ""retext"": ""豆瓣8分以上的已完结韩剧""}",豆瓣8分以上的已完结韩剧,llm_onecall,16430.0,OK,
850,音乐,第1轮,想听爵士,music_song_search,"{""retext"": ""想听爵士"", ""tag"": [""爵士""]}",想听爵士,llm_onecall,13953.4,OK,
850,音乐,第2轮,华语的有没有,music_song_search,"{""retext"": ""想找华语爵士"", ""tag"": [""爵士"", ""华语流行""]}",想找华语爵士,llm_onecall,13044.7,OK,
850,音乐,第3轮,男的唱的,fan_knowledge_agent,"{""messages"": [{""content"": ""想找男声演唱的华语爵士"", ""role"": ""user""}], ""riskRespStrategy"": ""all_replace"", ""sceneTypeIntentList"": [{""intent"": ""music_info_qa"", ""sceneType"": ""agent_music""}]}",想找男声演唱的华语爵士,llm_select,19144.5,OK,
850,音乐,第4轮,高音质的,fan_knowledge_agent,"{""messages"": [{""content"": ""想找高音质的男声演唱的华语爵士"", ""role"": ""user""}], ""riskRespStrategy"": ""all_replace"", ""sceneTypeIntentList"": [{""intent"": ""music_info_qa"", ""sceneType"": ""agent_music""}]}",想找高音质的男声演唱的华语爵士,llm_select,14209.4,OK,
850,音乐,第5轮,要华语那种,music_song_search,"{""retext"": ""想找华语爵士"", ""tag"": [""爵士"", ""华语流行""]}",想找华语爵士,llm_onecall,836.3,OK,
851,音乐,第1轮,来点KTV必点的歌,music_song_search,"{""retext"": ""来点KTV必点的歌"", ""toplist"": [""KTV必点""]}",来点KTV必点的歌,llm_onecall,13939.3,OK,
851,音乐,第2轮,普通话版,music_song_search,"{""retext"": ""播放普通话版的《吉量》这首歌"", ""song"": [""吉量""], ""version"": [""普通话""]}",播放普通话版的《吉量》这首歌,llm_onecall,12308.4,OK,
851,音乐,第3轮,对唱的,music_song_search,"{""retext"": ""播放普通话版的《吉量》这首歌"", ""song"": [""吉量""], ""version"": [""普通话""]}",播放普通话版的《吉量》这首歌,llm_onecall,11111.7,OK,
851,音乐,第4轮,要音别太高,music_song_search,"{""retext"": ""播放普通话版的《吉量》这首歌"", ""song"": [""吉量""], ""version"": [""普通话""]}",播放普通话版的《吉量》这首歌,llm_onecall,7970.4,OK,
851,音乐,第5轮,免费能听吗,music_song_search,"{""retext"": ""播放普通话版的《吉量》这首歌"", ""song"": [""吉量""], ""version"": [""普通话""]}",播放普通话版的《吉量》这首歌,llm_onecall,5973.6,OK,
852,音乐,第1轮,有爵士乐吗,music_song_search,"{""retext"": ""有爵士乐吗"", ""tag"": [""爵士""]}",有爵士乐吗,llm_onecall,14141.7,OK,
852,音乐,第2轮,收费吗,fan_knowledge_agent,"{""messages"": [{""content"": ""爵士乐收费吗"", ""role"": ""user""}], ""riskRespStrategy"": ""all_replace"", ""sceneTypeIntentList"": [{""intent"": ""music_chat_qa"", ""sceneType"": ""agent_music""}]}",爵士乐收费吗,general_rule,17182.4,OK,
852,音乐,第3轮,要钱吗,music_song_search,"{""retext"": ""爵士乐收费吗"", ""tag"": [""爵士乐""]}",爵士乐收费吗,llm_onecall,8520.3,OK,
852,音乐,第4轮,要收费吗,fan_knowledge_agent,"{""messages"": [{""content"": ""爵士乐收费吗"", ""role"": ""user""}], ""riskRespStrategy"": ""all_replace"", ""sceneTypeIntentList"": [{""intent"": ""music_chat_qa"", ""sceneType"": ""agent_music""}]}",爵士乐收费吗,general_rule,12133.4,OK,
852,音乐,第5轮,国外乐队的有吗,music_song_search,"{""retext"": ""有国外乐队的爵士乐吗"", ""tag"": [""爵士""]}",有国外乐队的爵士乐吗,llm_onecall,1177.0,OK,
853,音乐,第1轮,来点爵士,music_song_search,"{""retext"": ""来点爵士"", ""tag"": [""爵士""]}",来点爵士,llm_onecall,14153.2,OK,
853,音乐,第2轮,不要钱听的有没有,music_song_search,"{""retext"": ""免费听爵士"", ""tag"": [""爵士""]}",免费听爵士,llm_onecall,12119.4,OK,
853,音乐,第3轮,轻柔点的,music_song_search,"{""retext"": ""播放轻柔爵士"", ""tag"": [""轻柔爵士""]}",播放轻柔爵士,llm_onecall,9038.4,OK,
853,音乐,第4轮,节奏感强的,music_song_search,"{""retext"": ""播放节奏感强的爵士"", ""tag"": [""爵士"", ""节奏感强""]}",播放节奏感强的爵士,llm_onecall,7937.3,OK,
853,音乐,第5轮,要节奏感强,music_song_search,"{""retext"": ""播放节奏感强的爵士"", ""tag"": [""爵士"", ""节奏感强""]}",播放节奏感强的爵士,llm_onecall,5726.4,OK,
854,音乐,第1轮,推荐几首摇滚,music_song_search,"{""retext"": ""推荐几首摇滚"", ""tag"": [""摇滚""]}",推荐几首摇滚,llm_onecall,13762.6,OK,
854,音乐,第2轮,不花钱的能听吗,music_song_search,"{""retext"": ""推荐几首不花钱的摇滚"", ""tag"": [""摇滚""], ""version"": [""免费版""]}",推荐几首不花钱的摇滚,llm_onecall,13252.2,OK,
854,音乐,第3轮,要节奏快的,music_song_search,"{""retext"": ""推荐几首节奏快的摇滚"", ""tag"": [""摇滚"", ""节奏快""]}",推荐几首节奏快的摇滚,llm_onecall,9392.2,OK,
854,音乐,第4轮,音质高一点的,mode_control,"{""device"": """", ""location"": """", ""object"": ""声音模式"", ""operation"": ""设置"", ""value"": """"}",推荐几首音质高一点的摇滚,llm_onecall,7531.0,OK,
854,音乐,第5轮,轻柔点的,music_song_search,"{""retext"": ""推荐几首轻柔的摇滚"", ""tag"": [""轻柔摇滚""]}",推荐几首轻柔的摇滚,llm_onecall,5374.9,OK,
855,音乐,第1轮,有没有伤感的歌,music_song_search,"{""retext"": ""有没有伤感的歌"", ""tag"": [""伤感""]}",有没有伤感的歌,llm_onecall,13862.0,OK,
855,音乐,第2轮,华语经典,music_song_search,"{""retext"": ""华语经典伤感歌曲"", ""tag"": [""华语"", ""经典"", ""伤感""]}",华语经典伤感歌曲,llm_onecall,12381.0,OK,
855,音乐,第3轮,免费能听的有吗,music_song_search,"{""retext"": ""华语经典伤感歌曲"", ""tag"": [""华语"", ""经典"", ""伤感""]}",华语经典伤感歌曲,llm_onecall,9089.8,OK,
855,音乐,第4轮,要免费听的,music_song_search,"{""retext"": ""华语经典伤感歌曲"", ""tag"": [""华语"", ""经典"", ""伤感""]}",华语经典伤感歌曲,llm_onecall,7044.5,OK,
855,音乐,第5轮,最经典那种,music_song_search,"{""retext"": ""华语经典伤感歌曲"", ""tag"": [""华语"", ""经典"", ""伤感""]}",华语经典伤感歌曲,llm_onecall,4710.5,OK,
856,音乐,第1轮,给我放民谣,music_song_search,"{""retext"": ""给我放民谣"", ""tag"": [""民谣""]}",给我放民谣,llm_onecall,14006.4,OK,
856,音乐,第2轮,国产那种,music_song_search,"{""retext"": ""播放国产民谣"", ""tag"": [""民谣""]}",播放国产民谣,llm_onecall,12478.1,OK,
856,音乐,第3轮,男的唱的有吗,music_song_search,"{""gender"": [""男""], ""retext"": ""播放男声演唱的国产民谣"", ""tag"": [""民谣""]}",播放男声演唱的国产民谣,llm_onecall,9600.7,OK,
856,音乐,第4轮,国内的有没有,music_song_search,"{""retext"": ""播放国内民谣"", ""tag"": [""民谣""]}",播放国内民谣,llm_onecall,6300.3,OK,
856,音乐,第5轮,吉他伴奏的,music_song_search,"{""retext"": ""播放吉他伴奏的国内民谣"", ""tag"": [""民谣"", ""吉他伴奏""]}",播放吉他伴奏的国内民谣,llm_onecall,4909.9,OK,
857,音乐,第1轮,有没有轻音乐,music_song_search,"{""retext"": ""有没有轻音乐"", ""tag"": [""轻音乐""]}",有没有轻音乐,llm_onecall,13342.3,OK,
857,音乐,第2轮,不要钱的能听吗,music_song_search,"{""retext"": ""有没有免费轻音乐"", ""tag"": [""轻音乐""], ""version"": [""免费版""]}",有没有免费轻音乐,llm_onecall,12308.2,OK,
857,音乐,第3轮,要男歌手的,music_song_search,"{""gender"": [""男""], ""retext"": ""有没有免费轻音乐要男歌手的"", ""tag"": [""轻音乐""], ""version"": [""免费版""]}",有没有免费轻音乐要男歌手的,llm_onecall,9974.3,OK,
857,音乐,第4轮,不要会员听的有没有,music_song_search,"{""gender"": [""男""], ""retext"": ""有没有免费轻音乐要男歌手的"", ""tag"": [""轻音乐""], ""version"": [""免费版""]}",有没有免费轻音乐要男歌手的,llm_onecall,6585.0,OK,
857,音乐,第5轮,男的唱的,music_song_search,"{""gender"": [""男""], ""retext"": ""有没有免费轻音乐要男歌手的"", ""tag"": [""轻音乐""], ""version"": [""免费版""]}",有没有免费轻音乐要男歌手的,llm_onecall,4252.4,OK,
858,音乐,第1轮,《三体》讲什么,fan_knowledge_agent,"{""messages"": [{""content"": ""《三体》讲什么"", ""role"": ""user""}], ""riskRespStrategy"": ""all_replace"", ""sceneTypeIntentList"": [{""sceneType"": ""knowledge_qa""}]}",《三体》讲什么,general_rule,14323.2,OK,
858,音乐,第2轮,作者是谁,fan_knowledge_agent,"{""messages"": [{""content"": ""《三体》的作者是谁"", ""role"": ""user""}], ""riskRespStrategy"": ""all_replace"", ""sceneTypeIntentList"": [{""sceneType"": ""knowledge_qa""}]}",《三体》的作者是谁,general_rule,11880.6,OK,
858,音乐,第3轮,结局是什么,fan_knowledge_agent,"{""messages"": [{""content"": ""《三体》的结局是什么"", ""role"": ""user""}], ""riskRespStrategy"": ""all_replace"", ""sceneTypeIntentList"": [{""sceneType"": ""knowledge_qa""}]}",《三体》的结局是什么,general_rule,11197.9,OK,
858,音乐,第4轮,有电视剧版吗,vod_search,"{""action"": ""search"", ""query"": {""and"": [{""field"": ""title"", ""value"": ""三体""}, {""field"": ""category"", ""value"": ""电视剧""}]}, ""retext"": ""《三体》有电视剧版吗""}",《三体》有电视剧版吗,llm_onecall,5453.1,OK,
858,音乐,第5轮,第二部叫什么,vod_search,"{""action"": ""search"", ""query"": {""and"": [{""field"": ""title"", ""value"": ""三体""}, {""field"": ""series"", ""value"": ""2""}]}, ""retext"": ""《三体》第二部叫什么""}",《三体》第二部叫什么,llm_onecall,1931.9,OK,
859,音乐,第1轮,红楼梦作者是谁,fan_knowledge_agent,"{""messages"": [{""content"": ""红楼梦作者是谁"", ""role"": ""user""}], ""riskRespStrategy"": ""all_replace"", ""sceneTypeIntentList"": [{""sceneType"": ""knowledge_qa""}]}",红楼梦作者是谁,general_rule,13169.1,OK,
859,音乐,第2轮,讲什么的,fan_knowledge_agent,"{""messages"": [{""content"": ""《红楼梦》讲什么的"", ""role"": ""user""}], ""riskRespStrategy"": ""all_replace"", ""sceneTypeIntentList"": [{""sceneType"": ""knowledge_qa""}]}",《红楼梦》讲什么的,general_rule,12521.1,OK,
859,音乐,第3轮,主角有哪些,fan_knowledge_agent,"{""messages"": [{""content"": ""《红楼梦》主角有哪些"", ""role"": ""user""}], ""riskRespStrategy"": ""all_replace"", ""sceneTypeIntentList"": [{""sceneType"": ""knowledge_qa""}]}",《红楼梦》主角有哪些,general_rule,10261.9,OK,
859,音乐,第4轮,有改编的电视剧吗,fan_knowledge_agent,"{""messages"": [{""content"": ""《红楼梦》有改编的电视剧吗"", ""role"": ""user""}], ""riskRespStrategy"": ""all_replace"", ""sceneTypeIntentList"": [{""sceneType"": ""video""}]}",《红楼梦》有改编的电视剧吗,general_rule,9534.1,OK,
859,音乐,第5轮,哪个版本最经典,fan_knowledge_agent,"{""messages"": [{""content"": ""《红楼梦》哪个版本最经典"", ""role"": ""user""}], ""riskRespStrategy"": ""all_replace"", ""sceneTypeIntentList"": [{""sceneType"": ""knowledge_qa""}]}",《红楼梦》哪个版本最经典,llm_select,6752.7,OK,
86,影视,第1轮,我想看动作片,vod_search,"{""action"": ""search"", ""query"": {""and"": [{""field"": ""category"", ""value"": ""电影""}, {""field"": ""tag"", ""value"": ""动作""}]}, ""retext"": ""我想看动作片""}",我想看动作片,llm_onecall,15549.1,OK,
86,影视,第2轮,中文配音版,vod_search_all,"{""action"": ""search"", ""query"": {""and"": [{""field"": ""category"", ""value"": ""电影""}, {""field"": ""tag"", ""value"": ""动作""}, {""field"": ""dubbing"", ""value"": ""中文""}]}, ""retext"": ""我想看中文配音版的动作片""}",我想看中文配音版的动作片,llm_onecall,17445.7,OK,
86,影视,第3轮,枪战戏好的,vod_fuzzy_search,"{""retext"": ""我想看枪战戏好的动作片""}",我想看枪战戏好的动作片,llm_onecall,19164.8,OK,
86,影视,第4轮,枪战多的,vod_fuzzy_search,"{""retext"": ""我想看枪战戏好的动作片""}",我想看枪战戏好的动作片,llm_onecall,15579.8,OK,
86,影视,第5轮,火力全开的,vod_search,"{""action"": ""search"", ""query"": {""and"": [{""field"": ""title"", ""value"": ""火力全开""}, {""field"": ""category"", ""value"": ""电影""}, {""field"": ""tag"", ""value"": ""枪战""}, {""field"": ""tag"", ""value"": ""动作""}]}, ""retext"": ""我想看枪战戏好的动作片火力全开的""}",我想看枪战戏好的动作片火力全开的,llm_onecall,17359.7,OK,
860,音乐,第1轮,《流浪地球》讲的什么,fan_knowledge_agent,"{""messages"": [{""content"": ""《流浪地球》讲的什么"", ""role"": ""user""}], ""riskRespStrategy"": ""all_replace"", ""sceneTypeIntentList"": [{""sceneType"": ""knowledge_qa""}]}",《流浪地球》讲的什么,general_rule,14187.9,OK,
860,音乐,第2轮,导演是谁,fan_knowledge_agent,"{""messages"": [{""content"": ""《流浪地球》的导演是谁"", ""role"": ""user""}], ""riskRespStrategy"": ""all_replace"", ""sceneTypeIntentList"": [{""sceneType"": ""video""}]}",《流浪地球》的导演是谁,general_rule,12588.3,OK,
860,音乐,第3轮,票房多少,fan_knowledge_agent,"{""messages"": [{""content"": ""《流浪地球》票房多少"", ""role"": ""user""}], ""riskRespStrategy"": ""all_replace"", ""sceneTypeIntentList"": [{""sceneType"": ""knowledge_qa""}]}",《流浪地球》票房多少,general_rule,8191.2,OK,
860,音乐,第4轮,有续集吗,fan_knowledge_agent,"{""messages"": [{""content"": ""《流浪地球》有续集吗"", ""role"": ""user""}], ""riskRespStrategy"": ""all_replace"", ""sceneTypeIntentList"": [{""sceneType"": ""knowledge_qa""}]}",《流浪地球》有续集吗,general_rule,7835.0,OK,
860,音乐,第5轮,和原著差别大吗,fan_knowledge_agent,"{""messages"": [{""content"": ""《流浪地球》和原著差别大吗"", ""role"": ""user""}], ""riskRespStrategy"": ""all_replace"", ""sceneTypeIntentList"": [{""sceneType"": ""knowledge_qa""}]}",《流浪地球》和原著差别大吗,general_rule,5702.7,OK,
861,体育,第1轮,有没有好看的足球比赛视频,sports_vod_search,"{""query"": {""field"": ""sport_name"", ""value"": ""足球""}}",有没有好看的足球比赛视频,llm_onecall,6187.8,OK,
861,体育,第2轮,7.21那天,sports_match_search,"{""query"": {""field"": ""sport_name"", ""value"": ""足球""}}",7.21那天有什么足球比赛,llm_onecall,9085.9,OK,
861,体育,第3轮,英超比赛,sports_match_search,"{""query"": {""field"": ""sport_game"", ""value"": ""英超""}}",有没有好看的英超比赛,llm_onecall,13414.2,OK,
861,体育,第4轮,有回放吗,sports_match_search,"{""query"": {""and"": [{""field"": ""sport_game"", ""value"": ""英超""}, {""field"": ""live_state"", ""values"": {""and"": [""3"", ""4""]}}]}}",有没有好看的英超比赛回放,llm_onecall,14279.8,OK,
861,体育,第5轮,7月21日踢的,sports_match_search,"{""query"": {""and"": [{""field"": ""sport_name"", ""value"": ""足球""}, {""field"": ""sport_time"", ""value"": ""20260721""}]}}",7月21日踢的足球比赛,llm_onecall,15787.0,OK,
862,体育,第1轮,有啥好看的篮球比赛视频,sports_vod_search,"{""query"": {""field"": ""sport_name"", ""value"": ""篮球""}}",有啥好看的篮球比赛视频,llm_onecall,9710.8,OK,
862,体育,第2轮,季后赛,sports_vod_search,"{""query"": {""and"": [{""field"": ""sport_name"", ""value"": ""篮球""}, {""field"": ""sport_competition_phase"", ""value"": ""季后赛""}]}}",有啥好看的季后赛篮球比赛视频,llm_onecall,14260.5,OK,
862,体育,第3轮,在广州打的,sports_vod_search,"{""query"": {""and"": [{""field"": ""sport_name"", ""value"": ""篮球""}, {""field"": ""sport_competition_phase"", ""value"": ""季后赛""}, {""field"": ""sport_team_home"", ""value"": ""广州""}]}}",有啥好看的季后赛篮球比赛视频在广州打的,llm_onecall,17454.8,OK,
862,体育,第4轮,在广州打的那场,sports_vod_search,"{""query"": {""and"": [{""field"": ""sport_name"", ""value"": ""篮球""}, {""field"": ""sport_competition_phase"", ""value"": ""季后赛""}, {""field"": ""sport_team_home"", ""value"": ""广州""}]}}",有啥好看的季后赛篮球比赛视频在广州打的,llm_onecall,18617.0,OK,
862,体育,第5轮,CBA那种,sports_vod_search,"{""query"": {""and"": [{""field"": ""sport_game"", ""value"": ""CBA""}, {""field"": ""sport_competition_phase"", ""value"": ""季后赛""}, {""field"": ""sport_name"", ""value"": ""篮球""}, {""field"": ""sport_team_home"", ""value"": ""广州""}]}}",有啥好看的季后赛篮球比赛视频在广州打的CBA那种,llm_onecall,20733.9,OK,
863,体育,第1轮,推荐些网球的视频,sports_vod_search,"{""query"": {""field"": ""sport_name"", ""value"": ""网球""}}",推荐些网球的视频,llm_onecall,7978.6,OK,
863,体育,第2轮,画质好点的,sports_vod_search,"{""query"": {""field"": ""sport_name"", ""value"": ""网球""}}",推荐画质好点的网球视频,llm_onecall,14309.2,OK,
863,体育,第3轮,郑钦文那场的那种,sports_vod_search,"{""query"": {""field"": ""sport_name"", ""value"": ""网球""}}",推荐画质好点的网球视频,llm_onecall,16330.2,OK,
863,体育,第4轮,昨晚打的,sports_match_search,"{""query"": {""field"": ""sport_name"", ""value"": ""网球""}}",昨晚打的网球,llm_onecall,13337.3,OK,
863,体育,第5轮,郑钦文的比赛,sports_match_search,"{""query"": {""field"": ""sport_star"", ""value"": ""郑钦文""}}",郑钦文的比赛,llm_onecall,16298.6,OK,
864,体育,第1轮,推荐几部世界杯的比赛,sports_vod_search,"{""query"": {""field"": ""sport_game"", ""value"": ""世界杯""}}",推荐几部世界杯的比赛,llm_onecall,6186.2,OK,
864,体育,第2轮,谁夺冠,sports_vod_search,"{""query"": {""field"": ""title"", ""value"": ""世界杯冠军""}}",谁获得了世界杯冠军,llm_onecall,11849.1,OK,
864,体育,第3轮,哪天进行的决赛的那种,sports_vod_search,"{""query"": {""field"": ""title"", ""value"": ""世界杯冠军""}}",谁获得了世界杯冠军,llm_onecall,15874.3,OK,
864,体育,第4轮,回放决赛,,,,,41638.8,OK,
864,体育,第5轮,在哪儿办的,sports_vod_search,"{""query"": {""field"": ""title"", ""value"": ""世界杯冠军""}}",谁获得了世界杯冠军,llm_onecall,16486.3,OK,
865,体育,第1轮,最近想看本周的NBA集锦,sports_vod_search,"{""query"": {""and"": [{""field"": ""sport_game"", ""value"": ""NBA""}, {""field"": ""sport_time_range"", ""from"": ""20260907 00:00:00"", ""to"": ""20260913 23:59:59""}]}}",最近想看本周的NBA集锦,llm_onecall,8157.2,OK,
865,体育,第2轮,勇士那种,sports_match_search,"{""query"": {""field"": ""sport_team"", ""value"": ""勇士""}}",想看勇士队的比赛,llm_onecall,10301.9,OK,
865,体育,第3轮,高清那种,sports_match_search,"{""query"": {""field"": ""sport_team"", ""value"": ""勇士""}}",想看勇士队的比赛,llm_onecall,12103.1,OK,
865,体育,第4轮,画质好的,sports_vod_search,"{""query"": {""field"": ""sport_team"", ""value"": ""勇士""}}",想看画质好的勇士队比赛,llm_onecall,18136.9,OK,
865,体育,第5轮,有十佳球的,sports_vod_search,"{""query"": {""and"": [{""field"": ""sport_team"", ""value"": ""勇士""}, {""field"": ""title"", ""value"": ""十佳球""}]}}",想看画质好的勇士队比赛十佳球,llm_onecall,19704.2,OK,
866,体育,第1轮,有没有好看的奥运会乒乓球比赛视频,sports_vod_search,"{""query"": {""and"": [{""field"": ""sport_game"", ""value"": ""奥运会""}, {""field"": ""sport_name"", ""value"": ""乒乓球""}]}}",有没有好看的奥运会乒乓球比赛视频,llm_onecall,6603.5,OK,
866,体育,第2轮,画质好的,sports_vod_search,"{""query"": {""and"": [{""field"": ""sport_game"", ""value"": ""奥运会""}, {""field"": ""sport_name"", ""value"": ""乒乓球""}]}}",画质好的奥运会乒乓球比赛,llm_onecall,13264.9,OK,
866,体育,第3轮,樊振东的比赛,sports_match_search,"{""query"": {""field"": ""sport_star"", ""value"": ""樊振东""}}",樊振东的比赛,llm_onecall,11586.4,OK,
866,体育,第4轮,男子单打决赛,sports_match_search,"{""query"": {""and"": [{""field"": ""sport_star"", ""value"": ""樊振东""}, {""field"": ""sport_competition_phase"", ""value"": ""决赛""}]}}",樊振东的男子单打决赛,llm_onecall,15277.0,OK,
866,体育,第5轮,画质清楚点的,sports_match_search,"{""query"": {""and"": [{""field"": ""sport_star"", ""value"": ""樊振东""}, {""field"": ""sport_competition_phase"", ""value"": ""决赛""}]}}",搜索樊振东的男子单打决赛,llm_onecall,16308.7,OK,
867,体育,第1轮,有没有好看的羽毛球比赛,sports_match_search,"{""query"": {""field"": ""sport_name"", ""value"": ""羽毛球""}}",有没有好看的羽毛球比赛,llm_onecall,4676.8,OK,
867,体育,第2轮,有完整的吗,sports_vod_search,"{""query"": {""field"": ""sport_name"", ""value"": ""羽毛球""}}",有没有好看的完整的羽毛球比赛,llm_onecall,12678.6,OK,
867,体育,第3轮,陈雨菲,sports_match_search,"{""query"": {""field"": ""sport_star"", ""value"": ""陈雨菲""}}",陈雨菲,llm_onecall,11721.8,OK,
867,体育,第4轮,世锦赛,sports_vod_search,"{""query"": {""and"": [{""field"": ""sport_star"", ""value"": ""陈雨菲""}, {""field"": ""sport_game"", ""value"": ""世锦赛""}]}}",陈雨菲世锦赛,llm_onecall,18725.6,OK,
867,体育,第5轮,女单,sports_match_search,"{""query"": {""and"": [{""field"": ""sport_game"", ""value"": ""世锦赛""}, {""field"": ""sport_star"", ""value"": ""陈雨菲""}, {""field"": ""sport_competition_phase"", ""value"": ""女单""}]}}",陈雨菲世锦赛女单,llm_onecall,15872.2,OK,
868,体育,第1轮,来一部中超的比赛录像,sports_vod_search,"{""query"": {""field"": ""sport_game"", ""value"": ""中超""}}",来一部中超的比赛录像,llm_onecall,7803.9,OK,
868,体育,第2轮,上港的,sports_vod_search,"{""query"": {""field"": ""sport_team"", ""value"": ""上海上港""}}",来一部上海上港的比赛录像,llm_onecall,12945.3,OK,
868,体育,第3轮,上月那种,sports_vod_search,"{""query"": {""field"": ""sport_team"", ""value"": ""上海上港""}}",上月上海上港的比赛录像,llm_onecall,18875.3,OK,
868,体育,第4轮,上个月,sports_vod_search,"{""query"": {""field"": ""sport_team"", ""value"": ""上海上港""}}",上月上海上港的比赛录像,llm_onecall,18605.2,OK,
868,体育,第5轮,主场那种,sports_vod_search,"{""query"": {""field"": ""sport_team_home"", ""value"": ""上海上港""}}",上月上海上港的主场比赛录像,llm_onecall,20787.0,OK,
869,体育,第1轮,有哪些马拉松比赛视频,fan_knowledge_agent,"{""messages"": [{""content"": ""有哪些马拉松比赛视频"", ""role"": ""user""}], ""riskRespStrategy"": ""all_replace"", ""sceneTypeIntentList"": [{""intent"": ""sports_chat_qa"", ""sceneType"": ""sport_qa""}]}",有哪些马拉松比赛视频,general_rule,6302.9,OK,
869,体育,第2轮,全程回放,sports_vod_search,"{""query"": {""field"": ""title"", ""value"": ""宁夏黄河金岸（吴忠）马拉松半程马拉松全程回放""}}",宁夏黄河金岸（吴忠）马拉松半程马拉松全程回放,llm_onecall,14013.9,OK,
869,体育,第3轮,国内马拉松,sports_match_search,"{""query"": {""field"": ""sport_name"", ""value"": ""马拉松""}}",国内马拉松,llm_onecall,12014.9,OK,
869,体育,第4轮,有高清的吗,vod_search,"{""action"": ""search"", ""query"": {""and"": [{""field"": ""title"", ""value"": ""宁夏黄河金岸（吴忠）马拉松""}, {""field"": ""definition"", ""value"": ""is_4k""}]}, ""retext"": ""宁夏黄河金岸（吴忠）马拉松半程马拉松全程回放有高清的吗""}",宁夏黄河金岸（吴忠）马拉松半程马拉松全程回放有高清的吗,llm_onecall,16812.6,OK,
869,体育,第5轮,免费的,vod_search,"{""action"": ""search"", ""query"": {""and"": [{""field"": ""title"", ""value"": ""宁夏黄河金岸（吴忠）马拉松""}, {""field"": ""is_fee"", ""value"": ""0""}]}, ""retext"": ""宁夏黄河金岸（吴忠）马拉松半程马拉松全程回放有免费的吗""}",宁夏黄河金岸（吴忠）马拉松半程马拉松全程回放有免费的吗,llm_onecall,18622.1,OK,
87,影视,第1轮,医疗剧,vod_search,"{""action"": ""search"", ""query"": {""and"": [{""field"": ""category"", ""value"": ""电视剧""}, {""field"": ""tag"", ""value"": ""医疗""}]}, ""retext"": ""医疗剧""}",医疗剧,llm_onecall,16205.6,OK,
87,影视,第2轮,专业度高的,vod_search,"{""action"": ""search"", ""query"": {""and"": [{""field"": ""category"", ""value"": ""电视剧""}, {""field"": ""tag"", ""value"": ""医疗""}]}, ""retext"": ""专业度高的医疗剧"", ""sort"": {""rate"": {""order"": ""desc""}}}",专业度高的医疗剧,llm_onecall,17498.4,OK,
87,影视,第3轮,手术戏真实的,vod_fuzzy_search,"{""retext"": ""手术戏真实的医疗剧""}",手术戏真实的医疗剧,llm_onecall,18826.5,OK,
87,影视,第4轮,高分的有吗,vod_fuzzy_search,"{""retext"": ""专业度高的手术戏真实的医疗剧""}",专业度高的手术戏真实的医疗剧,llm_onecall,17126.4,OK,
87,影视,第5轮,评分高的有吗,vod_search,"{""action"": ""search"", ""query"": {""and"": [{""field"": ""category"", ""value"": ""电视剧""}, {""field"": ""tag"", ""operator"": ""or"", ""values"": [""医疗"", ""手术""]}]}, ""retext"": ""专业度高的手术戏真实的医疗剧评分高的有吗"", ""sort"": {""rate"": {""order"": ""desc""}}}",专业度高的手术戏真实的医疗剧评分高的有吗,llm_onecall,33761.6,OK,
870,体育,第1轮,来几部F1的比赛,sports_vod_search,"{""query"": {""field"": ""sport_game"", ""value"": ""F1""}}",来几部F1的比赛,llm_onecall,9743.1,OK,
870,体育,第2轮,排位赛那种,sports_vod_search,"{""query"": {""and"": [{""field"": ""sport_game"", ""value"": ""F1""}, {""field"": ""sport_competition_phase"", ""value"": ""排位赛""}]}}",来几部F1的排位赛,llm_onecall,15728.5,OK,
870,体育,第3轮,上海那种,sports_match_search,"{""query"": {""and"": [{""field"": ""sport_game"", ""value"": ""F1""}, {""field"": ""sport_competition_phase"", ""value"": ""排位赛""}, {""field"": ""sport_team"", ""value"": ""上海""}]}}",上海F1排位赛,llm_onecall,13169.4,OK,
870,体育,第4轮,要排位,sports_match_search,"{""query"": {""and"": [{""field"": ""sport_game"", ""value"": ""F1""}, {""field"": ""sport_competition_phase"", ""value"": ""排位赛""}, {""field"": ""sport_team"", ""value"": ""上海""}]}}",上海F1排位赛,llm_onecall,15112.3,OK,
870,体育,第5轮,不要会员的有没有,sports_vod_search,"{""query"": {""field"": ""sport_name"", ""value"": ""足球""}}",不要会员的有没有,llm_onecall,19846.6,OK,
871,体育,第1轮,来几部排球比赛,sports_vod_search,"{""query"": {""field"": ""sport_name"", ""value"": ""排球""}}",来几部排球比赛,llm_onecall,6139.1,OK,
871,体育,第2轮,完整的,sports_match_search,"{""query"": {""field"": ""sport_name"", ""value"": ""排球""}}",完整的排球比赛,llm_onecall,7321.7,OK,
871,体育,第3轮,能免费看吗,sports_match_search,"{""query"": {""field"": ""sport_name"", ""value"": ""排球""}}",完整的排球比赛能免费看吗,llm_onecall,12042.6,OK,
871,体育,第4轮,不要钱的吗,sports_match_search,"{""query"": {""field"": ""sport_name"", ""value"": ""排球""}}",完整的排球比赛能免费看吗,llm_onecall,13061.5,OK,
871,体育,第5轮,世界女排联赛的那种,sports_match_search,"{""query"": {""field"": ""sport_game"", ""value"": ""世界女排联赛""}}",世界女排联赛,llm_onecall,12607.9,OK,
872,体育,第1轮,看看台球比赛视频,sports_vod_search,"{""query"": {""field"": ""sport_name"", ""value"": ""台球""}}",看看台球比赛视频,llm_onecall,9964.8,OK,
872,体育,第2轮,画质细,sports_match_search,"{""query"": null}",画质细,llm_onecall,9970.0,OK,
872,体育,第3轮,免费能看的,sports_match_search,"{""query"": {""field"": ""sport_name"", ""value"": ""足球""}}",免费能看的,llm_onecall,12053.3,OK,
872,体育,第4轮,要丁俊晖,sports_match_search,"{""query"": {""field"": ""sport_star"", ""value"": ""丁俊晖""}}",搜索丁俊晖,llm_onecall,14385.0,OK,
872,体育,第5轮,斯诺克那种,sports_match_search,"{""query"": {""and"": [{""field"": ""sport_name"", ""value"": ""斯诺克""}, {""field"": ""sport_star"", ""value"": ""丁俊晖""}]}}",搜索丁俊晖斯诺克,llm_onecall,16164.4,OK,
873,体育,第1轮,找点拳击比赛,sports_match_search,"{""query"": {""field"": ""sport_name"", ""value"": ""拳击""}}",找点拳击比赛,llm_onecall,13153.4,OK,
873,体育,第2轮,免费能看的有吗,sports_match_search,"{""query"": {""field"": ""sport_name"", ""value"": ""拳击""}}",免费能看的拳击比赛,llm_onecall,11293.6,OK,
873,体育,第3轮,集锦有吗,sports_vod_search,"{""query"": {""field"": ""sport_name"", ""value"": ""拳击""}}",免费能看的拳击比赛集锦,llm_onecall,16119.2,OK,
873,体育,第4轮,要看集锦,sports_vod_search,"{""query"": {""field"": ""sport_name"", ""value"": ""拳击""}}",免费能看的拳击比赛集锦,llm_onecall,16911.2,OK,
873,体育,第5轮,有集锦吗,sports_vod_search,"{""query"": {""field"": ""sport_name"", ""value"": ""拳击""}}",免费能看的拳击比赛集锦,llm_onecall,19185.9,OK,
874,体育,第1轮,推荐几部电竞比赛视频,sports_vod_search,"{""query"": {""field"": ""sport_name"", ""value"": ""电竞""}}",推荐几部电竞比赛视频,llm_onecall,7830.4,OK,
874,体育,第2轮,带解说,sports_vod_search,"{""query"": {""field"": ""sport_name"", ""value"": ""电竞""}}",推荐带解说的电竞比赛,llm_onecall,13118.0,OK,
874,体育,第3轮,英雄联盟那种,sports_match_search,"{""query"": {""field"": ""sport_game"", ""value"": ""英雄联盟""}}",推荐英雄联盟电竞比赛,llm_onecall,13636.5,OK,
874,体育,第4轮,有解说版的,sports_match_search,"{""query"": {""field"": ""sport_game"", ""value"": ""英雄联盟""}}",推荐英雄联盟电竞比赛,llm_onecall,13856.8,OK,
874,体育,第5轮,全球总决赛,sports_vod_search,"{""query"": {""and"": [{""field"": ""sport_game"", ""value"": ""英雄联盟""}, {""field"": ""sport_competition_phase"", ""value"": ""全球总决赛""}]}}",推荐英雄联盟全球总决赛,llm_onecall,19754.8,OK,
875,体育,第1轮,放几部足球比赛视频,sports_vod_search,"{""query"": {""field"": ""sport_name"", ""value"": ""足球""}}",放几部足球比赛视频,llm_onecall,9746.0,OK,
875,体育,第2轮,7月21号,sports_match_search,"{""query"": {""field"": ""sport_time"", ""value"": ""20260721""}}",7月21号,llm_onecall,10877.5,OK,
875,体育,第3轮,比分多少,sports_match_search,"{""query"": {""and"": [{""field"": ""sport_name"", ""value"": ""足球""}, {""field"": ""sport_time"", ""value"": ""20260721""}]}}",7月21号足球比赛的比分,llm_onecall,13837.8,OK,
875,体育,第4轮,有回放吗,sports_match_search,"{""query"": {""and"": [{""field"": ""sport_name"", ""value"": ""足球""}, {""field"": ""live_state"", ""values"": {""and"": [""3"", ""4""]}}, {""field"": ""sport_time"", ""value"": ""20260721""}]}}",7月21号足球比赛有回放吗,llm_onecall,14619.5,OK,
875,体育,第5轮,有回放,sports_match_search,"{""query"": {""and"": [{""field"": ""sport_name"", ""value"": ""足球""}, {""field"": ""live_state"", ""values"": {""and"": [""3"", ""4""]}}, {""field"": ""sport_time"", ""value"": ""20260721""}]}}",7月21号足球比赛有回放吗,llm_onecall,17155.3,OK,
876,体育,第1轮,有哪些篮球比赛视频,fan_knowledge_agent,"{""messages"": [{""content"": ""有哪些篮球比赛视频"", ""role"": ""user""}], ""riskRespStrategy"": ""all_replace"", ""sceneTypeIntentList"": [{""intent"": ""sports_chat_qa"", ""sceneType"": ""sport_qa""}]}",有哪些篮球比赛视频,general_rule,6882.7,OK,
876,体育,第2轮,中国男篮联赛的那种,sports_team_search,"{""sport_team"": ""中国男篮""}",中国男篮,fewshot_cache,8047.8,OK,
876,体育,第3轮,季后赛阶段,sports_match_search,"{""query"": {""and"": [{""field"": ""sport_team"", ""value"": ""中国男篮""}, {""field"": ""sport_competition_phase"", ""value"": ""季后赛""}]}}",中国男篮季后赛,llm_onecall,12073.9,OK,
876,体育,第4轮,CBA那种,sports_team_search,"{""sport_team"": ""CBA""}",CBA,llm_onecall,12839.5,OK,
876,体育,第5轮,新疆那队,sports_match_search,"{""query"": {""and"": [{""field"": ""sport_game"", ""value"": ""CBA""}, {""field"": ""sport_team"", ""value"": ""新疆队""}]}}",CBA新疆队,llm_onecall,14137.4,OK,
877,体育,第1轮,有啥好看的网球的视频,sports_vod_search,"{""query"": {""field"": ""sport_name"", ""value"": ""网球""}}",有啥好看的网球的视频,llm_onecall,11368.6,OK,
877,体育,第2轮,要画质好点的,sports_vod_search,"{""query"": {""field"": ""sport_name"", ""value"": ""画质好""}}",要画质好点的,llm_onecall,14319.4,OK,
877,体育,第3轮,高清那种,sports_vod_search,"{""query"": {""field"": ""sport_name"", ""value"": ""画质好""}}",要画质好点的,llm_onecall,16486.6,OK,
877,体育,第4轮,大满贯那种,sports_vod_search,"{""query"": {""and"": [{""field"": ""sport_game"", ""value"": ""大满贯""}, {""field"": ""sport_name"", ""value"": ""网球""}]}}",画质好点的大满贯网球,llm_onecall,18189.8,OK,
877,体育,第5轮,郑钦文那种,sports_vod_search,"{""query"": {""and"": [{""field"": ""sport_game"", ""value"": ""大满贯""}, {""field"": ""sport_name"", ""value"": ""网球""}, {""field"": ""sport_star"", ""value"": ""郑钦文""}]}}",画质好点的大满贯网球郑钦文,llm_onecall,21520.5,OK,
878,体育,第1轮,来几部世界杯的比赛,sports_vod_search,"{""query"": {""field"": ""sport_game"", ""value"": ""世界杯""}}",来几部世界杯的比赛,llm_onecall,11536.3,OK,
878,体育,第2轮,最后谁夺冠了,fan_knowledge_agent,"{""messages"": [{""content"": ""世界杯的冠军是谁"", ""role"": ""user""}], ""riskRespStrategy"": ""all_replace"", ""sceneTypeIntentList"": [{""intent"": ""sports_forecast"", ""sceneType"": ""sport_qa""}]}",世界杯的冠军是谁,general_rule,13147.7,OK,
878,体育,第3轮,拿了冠军吗,sports_match_search,"{""query"": {""and"": [{""field"": ""sport_game"", ""value"": ""世界杯""}, {""field"": ""sport_team"", ""operator"": ""or"", ""values"": ""西班牙队""}, {""field"": ""sport_competition_phase"", ""value"": ""决赛""}]}}",西班牙队拿了世界杯冠军吗,llm_onecall,13099.2,OK,
878,体育,第4轮,决赛回放,sports_match_search,"{""query"": {""and"": [{""field"": ""sport_game"", ""value"": ""世界杯""}, {""field"": ""sport_competition_phase"", ""value"": ""决赛""}, {""field"": ""live_state"", ""values"": {""and"": [""3"", ""4""]}}]}}",世界杯决赛回放,llm_onecall,13893.9,OK,
878,体育,第5轮,回放决赛,,,,,44164.7,OK,
879,体育,第1轮,放本周的NBA集锦,sports_vod_search,"{""query"": {""and"": [{""field"": ""sport_game"", ""value"": ""NBA""}, {""field"": ""sport_time_range"", ""from"": ""20260907 00:00:00"", ""to"": ""20260913 23:59:59""}]}}",放本周的NBA集锦,llm_onecall,11964.7,OK,
879,体育,第2轮,不花钱的渠道,sports_match_search,"{""query"": null}",不花钱的渠道,llm_onecall,10288.8,OK,
879,体育,第3轮,画质好点的,sports_vod_search,"{""query"": {""field"": ""sport_name"", ""value"": ""高清""}}",画质好点的,llm_onecall,15811.7,OK,
879,体育,第4轮,十佳球,sports_vod_search,"{""query"": {""field"": ""sport_name"", ""value"": ""十佳球""}}",十佳球,llm_onecall,17008.5,OK,
879,体育,第5轮,有精彩进球,sports_vod_search,"{""query"": {""field"": ""title"", ""value"": ""精彩进球""}}",有精彩进球,llm_onecall,20218.8,OK,
88,影视,第1轮,推荐些真人秀综艺,vod_search,"{""action"": ""search"", ""query"": {""and"": [{""field"": ""category"", ""value"": ""综艺""}, {""field"": ""tag"", ""value"": ""真人秀""}]}, ""retext"": ""推荐些真人秀综艺""}",推荐些真人秀综艺,llm_onecall,17429.9,OK,
88,影视,第2轮,户外的那种,vod_search,"{""action"": ""search"", ""query"": {""and"": [{""field"": ""category"", ""value"": ""综艺""}, {""field"": ""tag"", ""value"": ""户外真人秀""}]}, ""retext"": ""推荐户外真人秀综艺""}",推荐户外真人秀综艺,llm_onecall,34589.3,OK,
88,影视,第3轮,周六更新的,vod_search,"{""action"": ""search"", ""query"": {""and"": [{""field"": ""category"", ""value"": ""综艺""}, {""field"": ""tag"", ""value"": ""户外真人秀""}]}, ""retext"": ""推荐周六更新的户外真人秀综艺"", ""sort"": {""new"": {""order"": ""desc""}}}",推荐周六更新的户外真人秀综艺,llm_onecall,34405.3,OK,
88,影视,第4轮,户外挑战类的,,,,,,ERR,TimeoutError: timed out
88,影视,第5轮,最新一期,vod_search,"{""action"": ""search"", ""query"": {""and"": [{""field"": ""category"", ""value"": ""综艺""}, {""field"": ""tag"", ""value"": ""户外挑战""}]}, ""retext"": ""推荐最新一期户外挑战类综艺"", ""sort"": {""new"": {""order"": ""desc""}}}",推荐最新一期户外挑战类综艺,llm_onecall,33666.4,OK,
880,体育,第1轮,推荐些奥运会乒乓球比赛视频,sports_vod_search,"{""query"": {""and"": [{""field"": ""sport_game"", ""value"": ""奥运会""}, {""field"": ""sport_name"", ""value"": ""乒乓球""}]}}",推荐些奥运会乒乓球比赛视频,llm_onecall,11795.9,OK,
880,体育,第2轮,我要看完整视频,sports_vod_search,"{""query"": {""and"": [{""field"": ""sport_game"", ""value"": ""奥运会""}, {""field"": ""sport_name"", ""value"": ""乒乓球""}]}}",我要看奥运会乒乓球比赛完整视频,llm_onecall,15460.1,OK,
880,体育,第3轮,樊振东的比赛,sports_match_search,"{""query"": {""field"": ""sport_star"", ""value"": ""樊振东""}}",我要看樊振东的比赛,llm_onecall,13542.3,OK,
880,体育,第4轮,男子单打决赛,sports_vod_search,"{""query"": {""and"": [{""field"": ""sport_star"", ""value"": ""樊振东""}, {""field"": ""sport_competition_phase"", ""value"": ""决赛""}]}}",我要看樊振东的男子单打决赛,llm_onecall,18978.4,OK,
880,体育,第5轮,男单,sports_vod_search,"{""query"": {""and"": [{""field"": ""sport_star"", ""value"": ""樊振东""}, {""field"": ""sport_name"", ""value"": ""乒乓球""}]}}",我要看樊振东的男子单打,llm_onecall,18806.4,OK,
881,体育,第1轮,羽毛球比赛有哪些,fan_knowledge_agent,"{""messages"": [{""content"": ""羽毛球比赛有哪些"", ""role"": ""user""}], ""riskRespStrategy"": ""all_replace"", ""sceneTypeIntentList"": [{""intent"": ""sports_chat_qa"", ""sceneType"": ""sport_qa""}]}",羽毛球比赛有哪些,general_rule,9492.7,OK,
881,体育,第2轮,世锦赛那种,sports_match_search,"{""query"": {""field"": ""sport_game"", ""value"": ""羽毛球世锦赛""}}",羽毛球世锦赛,llm_onecall,8890.9,OK,
881,体育,第3轮,世锦赛的,sports_match_search,"{""query"": {""field"": ""sport_game"", ""value"": ""羽毛球世锦赛""}}",羽毛球世锦赛,llm_onecall,11973.2,OK,
881,体育,第4轮,世界锦标赛,sports_match_search,"{""query"": {""field"": ""sport_game"", ""value"": ""羽毛球世锦赛""}}",羽毛球世锦赛,llm_onecall,14251.7,OK,
881,体育,第5轮,女单决赛,sports_match_search,"{""query"": {""and"": [{""field"": ""sport_game"", ""value"": ""世锦赛""}, {""field"": ""sport_name"", ""value"": ""羽毛球""}, {""field"": ""sport_competition_phase"", ""value"": ""决赛""}]}}",羽毛球世锦赛女单决赛,llm_onecall,15489.3,OK,
882,体育,第1轮,放中超的比赛录像,sports_vod_search,"{""query"": {""field"": ""sport_game"", ""value"": ""中超""}}",放中超的比赛录像,llm_onecall,13133.5,OK,
882,体育,第2轮,上个月打的,sports_vod_search,"{""query"": {""field"": ""sport_game"", ""value"": ""中超""}}",找上个月中超的比赛录像,llm_onecall,16460.4,OK,
882,体育,第3轮,上个月,sports_vod_search,"{""query"": {""field"": ""sport_game"", ""value"": ""中超""}}",找上个月中超的比赛录像,llm_onecall,19286.6,OK,
882,体育,第4轮,上海海港,sports_vod_search,"{""query"": {""and"": [{""field"": ""sport_game"", ""value"": ""中超""}, {""field"": ""sport_team"", ""value"": ""上海海港""}]}}",找上个月中超上海海港的比赛录像,llm_onecall,21372.7,OK,
882,体育,第5轮,分辨率高的,numeric_adjust,"{""device"": """", ""location"": """", ""object"": ""分辨率"", ""operation"": ""设置"", ""value"": """"}",找上个月中超上海海港的比赛录像分辨率高的,llm_onecall,14182.7,OK,
883,体育,第1轮,我想看马拉松比赛视频,sports_vod_search,"{""query"": {""field"": ""sport_name"", ""value"": ""马拉松""}}",我想看马拉松比赛视频,llm_onecall,13400.7,OK,
883,体育,第2轮,免费的,sports_vod_search,"{""query"": {""field"": ""sport_name"", ""value"": ""马拉松""}}",我想看免费的马拉松比赛视频,llm_onecall,15306.0,OK,
883,体育,第3轮,今年的,sports_match_search,"{""query"": {""field"": ""sport_name"", ""value"": ""马拉松""}}",我想看今年的马拉松比赛,llm_onecall,15534.8,OK,
883,体育,第4轮,高清版的有吗,sports_vod_search,"{""query"": {""field"": ""sport_name"", ""value"": ""马拉松""}}",我想看高清版的今年的马拉松比赛,llm_onecall,19147.4,OK,
883,体育,第5轮,有高清的吗,sports_vod_search,"{""query"": {""field"": ""sport_name"", ""value"": ""马拉松""}}",我想看高清版的今年的马拉松比赛,llm_onecall,21465.7,OK,
884,体育,第1轮,推荐些F1的比赛,sports_match_search,"{""query"": {""field"": ""sport_game"", ""value"": ""F1""}}",推荐些F1的比赛,llm_onecall,7654.6,OK,
884,体育,第2轮,排位赛,sports_vod_search,"{""query"": {""field"": ""sport_game"", ""value"": ""F1""}}",推荐F1排位赛,llm_onecall,12399.7,OK,
884,体育,第3轮,资格赛的那种,sports_vod_search,"{""query"": {""field"": ""sport_game"", ""value"": ""F1""}}",推荐F1资格赛,llm_onecall,16212.6,OK,
884,体育,第4轮,排位赛那种,sports_vod_search,"{""query"": {""field"": ""sport_game"", ""value"": ""F1""}}",推荐F1排位赛,llm_onecall,17089.9,OK,
884,体育,第5轮,免费的有吗,sports_match_search,"{""query"": {""and"": [{""field"": ""sport_game"", ""value"": ""F1""}, {""field"": ""sport_competition_phase"", ""value"": ""排位赛""}]}}",推荐免费的F1排位赛,llm_onecall,16991.3,OK,
885,体育,第1轮,想看排球比赛,sports_match_search,"{""query"": {""field"": ""sport_name"", ""value"": ""排球""}}",想看排球比赛,llm_onecall,9521.9,OK,
885,体育,第2轮,中巴那场,sports_match_search,"{""query"": {""and"": [{""field"": ""sport_name"", ""value"": ""排球""}, {""field"": ""sport_team"", ""operator"": ""or"", ""values"": {""and"": [""中国"", ""巴西""]}}]}}",想看中巴那场排球比赛,llm_onecall,10290.6,OK,
885,体育,第3轮,要免费的吗,sports_match_search,"{""query"": {""and"": [{""field"": ""sport_name"", ""value"": ""排球""}, {""field"": ""sport_team"", ""operator"": ""or"", ""values"": {""and"": [""中国"", ""巴西""]}}]}}",搜索中巴排球比赛,llm_onecall,25735.1,OK,
885,体育,第4轮,中国对巴西那场,sports_match_search,"{""query"": {""and"": [{""field"": ""sport_team"", ""value"": ""中国""}, {""field"": ""sport_team"", ""value"": ""巴西""}, {""field"": ""sport_name"", ""value"": ""排球""}]}}",想看中国对巴西那场排球比赛,llm_onecall,16624.8,OK,
885,体育,第5轮,中巴大战,sports_match_search,"{""query"": {""and"": [{""field"": ""sport_name"", ""value"": ""排球""}, {""field"": ""sport_team"", ""operator"": ""or"", ""values"": {""and"": [""中国"", ""巴西""]}}]}}",想看中巴那场排球比赛,llm_onecall,16329.3,OK,
886,体育,第1轮,放几部台球比赛视频,sports_vod_search,"{""query"": {""field"": ""sport_name"", ""value"": ""台球""}}",放几部台球比赛视频,llm_onecall,13705.2,OK,
886,体育,第2轮,斯诺克的,sports_vod_search,"{""query"": {""or"": [{""field"": ""sport_name"", ""value"": ""斯诺克""}, {""field"": ""sport_game"", ""value"": ""斯诺克""}]}}",放几部斯诺克台球比赛视频,llm_onecall,16524.1,OK,
886,体育,第3轮,画质细,sports_match_search,"{""query"": null}",画质细,llm_onecall,12688.2,OK,
886,体育,第4轮,snooker的,sports_match_search,"{""query"": {""field"": ""sport_name"", ""value"": ""snooker""}}",snooker,llm_onecall,14765.9,OK,
886,体育,第5轮,画质细腻的,sports_vod_search,"{""query"": {""field"": ""title"", ""value"": ""画质细腻的""}}",画质细腻的,llm_onecall,18796.4,OK,
887,体育,第1轮,想看拳击比赛,sports_match_search,"{""query"": {""field"": ""sport_name"", ""value"": ""拳击""}}",想看拳击比赛,llm_onecall,11968.5,OK,
887,体育,第2轮,不收费,sports_vod_search,"{""query"": {""field"": ""sport_name"", ""value"": ""拳击""}}",不收费的拳击比赛,llm_onecall,15638.1,OK,
887,体育,第3轮,全场回放,sports_vod_search,"{""query"": {""and"": [{""field"": ""sport_name"", ""value"": ""拳击""}, {""field"": ""title"", ""value"": ""全场回放""}]}}",不收费的拳击比赛全场回放,llm_onecall,17583.2,OK,
887,体育,第4轮,重量级的,sports_vod_search,"{""query"": {""field"": ""sport_name"", ""value"": ""拳击""}}",不收费的重量级拳击比赛,llm_onecall,19788.5,OK,
887,体育,第5轮,集锦有吗,sports_vod_search,"{""query"": {""and"": [{""field"": ""sport_name"", ""value"": ""拳击""}, {""field"": ""sport_game"", ""value"": ""重量级""}]}}",不收费的重量级拳击比赛集锦,llm_onecall,21170.2,OK,
888,体育,第1轮,放电竞比赛视频,sports_vod_search,"{""query"": {""field"": ""sport_name"", ""value"": ""电竞""}}",放电竞比赛视频,llm_onecall,15155.1,OK,
888,体育,第2轮,去年那种,sports_match_search,"{""query"": {""field"": ""sport_name"", ""value"": ""电竞""}}",去年电竞比赛,llm_onecall,11446.9,OK,
888,体育,第3轮,全球总决赛,sports_vod_search,"{""query"": {""and"": [{""field"": ""sport_game"", ""value"": ""全球总决赛""}, {""field"": ""sport_name"", ""value"": ""电竞""}]}}",去年电竞比赛全球总决赛,llm_onecall,17711.9,OK,
888,体育,第4轮,不收费的有吗,sports_vod_search,"{""query"": {""and"": [{""field"": ""sport_game"", ""value"": ""全球总决赛""}, {""field"": ""sport_name"", ""value"": ""电竞""}]}}",去年电竞比赛全球总决赛不收费的有吗,llm_onecall,18428.8,OK,
888,体育,第5轮,去年出的有吗,sports_vod_search,"{""query"": {""and"": [{""field"": ""sport_game"", ""value"": ""全球总决赛""}, {""field"": ""sport_name"", ""value"": ""电竞""}]}}",去年电竞比赛全球总决赛不收费的有吗,llm_onecall,20828.2,OK,
889,体育,第1轮,找点足球比赛视频,sports_vod_search,"{""query"": {""field"": ""sport_name"", ""value"": ""足球""}}",找点足球比赛视频,llm_onecall,15196.5,OK,
889,体育,第2轮,能看重放吗,sports_match_search,"{""query"": {""and"": [{""field"": ""sport_name"", ""value"": ""足球""}, {""field"": ""live_state"", ""value"": ""4""}]}}",找点足球比赛视频的重放,llm_onecall,13430.7,OK,
889,体育,第3轮,英超比赛,sports_match_search,"{""query"": {""field"": ""sport_game"", ""value"": ""英超""}}",找英超比赛,llm_onecall,12783.6,OK,
889,体育,第4轮,半决那种,sports_match_search,"{""query"": {""and"": [{""field"": ""sport_game"", ""value"": ""英超""}, {""field"": ""sport_competition_phase"", ""value"": ""半决赛""}]}}",找英超半决赛,llm_onecall,14781.2,OK,
889,体育,第5轮,半决赛,sports_match_search,"{""query"": {""and"": [{""field"": ""sport_game"", ""value"": ""英超""}, {""field"": ""sport_competition_phase"", ""value"": ""半决赛""}]}}",找英超半决赛,llm_onecall,16178.7,OK,
89,影视,第1轮,推荐几部脱口秀节目,vod_fuzzy_search,"{""retext"": ""推荐几部脱口秀节目""}",推荐几部脱口秀节目,llm_onecall,16667.5,OK,
89,影视,第2轮,不用会员能看吗,vod_search,"{""action"": ""search"", ""query"": {""field"": ""is_fee"", ""value"": ""0""}, ""retext"": ""不用会员能看吗""}",不用会员能看吗,llm_onecall,17698.5,OK,
89,影视,第3轮,要有字幕的,vod_fuzzy_search,"{""retext"": ""推荐几部有字幕的脱口秀节目""}",推荐几部有字幕的脱口秀节目,llm_onecall,17418.7,OK,
89,影视,第4轮,单人的,vod_fuzzy_search,"{""retext"": ""推荐几部单人的有字幕的脱口秀节目""}",推荐几部单人的有字幕的脱口秀节目,llm_onecall,17557.7,OK,
89,影视,第5轮,单口那种,vod_fuzzy_search,"{""retext"": ""推荐几部单人的有字幕的脱口秀节目""}",推荐几部单人的有字幕的脱口秀节目,llm_onecall,16554.0,OK,
890,体育,第1轮,找点篮球比赛视频,sports_vod_search,"{""query"": {""field"": ""sport_name"", ""value"": ""篮球""}}",找点篮球比赛视频,llm_onecall,15168.4,OK,
890,体育,第2轮,广州那场,sports_match_search,"{""query"": {""and"": [{""field"": ""sport_team"", ""value"": ""广州""}, {""field"": ""sport_name"", ""value"": ""篮球""}]}}",广州那场篮球比赛,llm_onecall,12749.5,OK,
890,体育,第3轮,要看集锦,sports_vod_search,"{""query"": {""and"": [{""field"": ""sport_team"", ""value"": ""广州""}, {""field"": ""sport_name"", ""value"": ""篮球""}]}}",想看广州那场篮球比赛的集锦,llm_onecall,17246.6,OK,
890,体育,第4轮,cba的,sports_match_search,"{""query"": {""field"": ""sport_game"", ""value"": ""CBA""}}",cba,llm_onecall,15230.6,OK,
890,体育,第5轮,CBA那种,sports_team_search,"{""sport_team"": ""CBA""}",CBA,llm_onecall,16793.7,OK,
891,体育,第1轮,看看网球的视频,sports_vod_search,"{""query"": {""field"": ""sport_name"", ""value"": ""网球""}}",看看网球的视频,llm_onecall,15724.2,OK,
891,体育,第2轮,要郑钦文,sports_vod_search,"{""query"": {""field"": ""sport_star"", ""value"": ""郑钦文""}}",搜索郑钦文,llm_onecall,17053.4,OK,
891,体育,第3轮,大满贯,sports_vod_search,"{""query"": {""and"": [{""field"": ""sport_star"", ""value"": ""郑钦文""}, {""field"": ""sport_game"", ""value"": ""大满贯""}]}}",搜索郑钦文大满贯,llm_onecall,19177.1,OK,
891,体育,第4轮,看决赛轮,sports_match_search,"{""query"": {""and"": [{""field"": ""sport_star"", ""value"": ""郑钦文""}, {""field"": ""sport_competition_phase"", ""value"": ""大满贯""}, {""field"": ""sport_competition_phase"", ""value"": ""决赛""}]}}",搜索郑钦文大满贯决赛轮,llm_onecall,17476.7,OK,
891,体育,第5轮,清晰点的,sports_match_search,"{""query"": {""and"": [{""field"": ""sport_star"", ""value"": ""郑钦文""}, {""field"": ""sport_competition_phase"", ""value"": ""大满贯""}, {""field"": ""sport_competition_phase"", ""value"": ""决赛""}]}}",搜索郑钦文大满贯决赛轮,llm_onecall,15683.0,OK,
892,体育,第1轮,推荐些世界杯的比赛,sports_match_search,"{""query"": {""field"": ""sport_game"", ""value"": ""世界杯""}}",推荐些世界杯的比赛,llm_onecall,10411.7,OK,
892,体育,第2轮,决赛那天的那种,sports_match_search,"{""query"": {""and"": [{""field"": ""sport_game"", ""value"": ""世界杯""}, {""field"": ""sport_competition_phase"", ""value"": ""决赛""}]}}",推荐世界杯决赛,llm_onecall,12247.1,OK,
892,体育,第3轮,举办地,sports_match_search,"{""query"": {""and"": [{""field"": ""sport_game"", ""value"": ""世界杯""}, {""field"": ""sport_competition_phase"", ""value"": ""决赛""}]}}",世界杯决赛的举办地,llm_onecall,14071.2,OK,
892,体育,第4轮,在哪里举办的,fan_knowledge_agent,"{""messages"": [{""content"": ""世界杯决赛在哪里举办的"", ""role"": ""user""}], ""riskRespStrategy"": ""all_replace"", ""sceneTypeIntentList"": [{""intent"": ""sports_match_info_search"", ""sceneType"": ""sport_qa""}]}",世界杯决赛在哪里举办的,llm_select,15901.2,OK,
892,体育,第5轮,金球奖谁拿,fan_knowledge_agent,"{""messages"": [{""content"": ""金球奖谁拿"", ""role"": ""user""}], ""riskRespStrategy"": ""all_replace"", ""sceneTypeIntentList"": [{""sceneType"": ""knowledge_qa""}]}",金球奖谁拿,general_rule,19933.6,OK,
893,体育,第1轮,看看本周的NBA集锦,sports_vod_search,"{""query"": {""and"": [{""field"": ""sport_game"", ""value"": ""NBA""}, {""field"": ""sport_time_range"", ""from"": ""20260907 00:00:00"", ""to"": ""20260913 23:59:59""}]}}",看看本周的NBA集锦,llm_onecall,18691.8,OK,
893,体育,第2轮,库里的比赛,sports_match_search,"{""query"": {""field"": ""sport_star"", ""value"": ""库里""}}",看看库里参加的比赛,llm_onecall,14486.0,OK,
893,体育,第3轮,库里,sports_match_search,"{""query"": {""field"": ""sport_star"", ""value"": ""库里""}}",看看库里参加的比赛,llm_onecall,11208.4,OK,
893,体育,第4轮,有十佳球的,sports_vod_search,"{""query"": {""and"": [{""field"": ""sport_star"", ""value"": ""库里""}, {""field"": ""title"", ""value"": ""十佳球""}]}}",看看库里参加的比赛十佳球,llm_onecall,17448.0,OK,
893,体育,第5轮,库里的,sports_vod_search,"{""query"": {""field"": ""sport_star"", ""value"": ""库里""}}",看看库里,llm_onecall,18149.3,OK,
894,体育,第1轮,放奥运会乒乓球比赛视频,sports_vod_search,"{""query"": {""and"": [{""field"": ""sport_game"", ""value"": ""奥运会""}, {""field"": ""sport_name"", ""value"": ""乒乓球""}]}}",放奥运会乒乓球比赛视频,llm_onecall,20797.3,OK,
894,体育,第2轮,免费的有没有,sports_vod_search,"{""query"": {""and"": [{""field"": ""sport_game"", ""value"": ""奥运会""}, {""field"": ""sport_name"", ""value"": ""乒乓球""}]}}",有没有免费的奥运会乒乓球比赛视频,llm_onecall,16781.8,OK,
894,体育,第3轮,我要看完整视频,sports_vod_search,"{""query"": {""and"": [{""field"": ""sport_game"", ""value"": ""奥运会""}, {""field"": ""sport_name"", ""value"": ""乒乓球""}]}}",我要看完整的奥运会乒乓球比赛视频,llm_onecall,16626.7,OK,
894,体育,第4轮,看完整的,sports_vod_search,"{""query"": {""and"": [{""field"": ""sport_game"", ""value"": ""奥运会""}, {""field"": ""sport_name"", ""value"": ""乒乓球""}]}}",我要看完整的奥运会乒乓球比赛视频,llm_onecall,17152.2,OK,
894,体育,第5轮,男子单打决赛,sports_vod_search,"{""query"": {""and"": [{""field"": ""sport_game"", ""value"": ""奥运会""}, {""field"": ""sport_name"", ""value"": ""乒乓球""}, {""field"": ""sport_competition_phase"", ""value"": ""决赛""}]}}",我要看完整的奥运会乒乓球比赛视频男子单打决赛,llm_onecall,20953.0,OK,
895,体育,第1轮,想看马拉松比赛视频,sports_vod_search,"{""query"": {""field"": ""sport_name"", ""value"": ""马拉松""}}",想看马拉松比赛视频,llm_onecall,19184.9,OK,
895,体育,第2轮,国内的马,sports_match_search,"{""query"": {""and"": [{""field"": ""sport_name"", ""value"": ""马拉松""}, {""field"": ""sport_game"", ""value"": ""国内""}]}}",想看国内马拉松比赛,llm_onecall,12643.5,OK,
895,体育,第3轮,有高清的吗,sports_vod_search,"{""query"": {""field"": ""sport_name"", ""value"": ""马拉松""}}",想看国内马拉松比赛有高清的吗,llm_onecall,15719.3,OK,
895,体育,第4轮,高清版,sports_vod_search,"{""query"": {""field"": ""sport_name"", ""value"": ""马拉松""}}",想看国内马拉松比赛有高清的吗,llm_onecall,17772.1,OK,
895,体育,第5轮,今年那种,sports_match_search,"{""query"": {""field"": ""sport_name"", ""value"": ""马拉松""}}",想看今年国内马拉松比赛,llm_onecall,16870.9,OK,
896,体育,第1轮,好看的F1的比赛,sports_match_search,"{""query"": {""field"": ""sport_game"", ""value"": ""F1""}}",好看的F1的比赛,llm_onecall,16155.4,OK,
896,体育,第2轮,上海那种,sports_match_search,"{""query"": {""field"": ""sport_game"", ""value"": ""F1""}}",上海F1,llm_onecall,12016.0,OK,
896,体育,第3轮,上海站的,sports_match_search,"{""query"": {""field"": ""sport_game"", ""value"": ""F1""}}",上海F1,llm_onecall,12888.5,OK,
896,体育,第4轮,排位,sports_match_search,"{""query"": {""and"": [{""field"": ""sport_game"", ""value"": ""F1""}, {""field"": ""sport_competition_phase"", ""value"": ""排位""}, {""field"": ""sport_team"", ""value"": ""上海""}]}}",上海F1排位,llm_onecall,14039.5,OK,
896,体育,第5轮,不花钱的有没有,sports_match_search,"{""query"": {""and"": [{""field"": ""sport_game"", ""value"": ""F1""}, {""field"": ""sport_competition_phase"", ""value"": ""排位""}, {""field"": ""sport_team"", ""value"": ""上海""}]}}",上海F1排位,llm_onecall,15633.4,OK,
897,体育,第1轮,推荐几部排球比赛,sports_vod_search,"{""query"": {""field"": ""sport_name"", ""value"": ""排球""}}",推荐几部排球比赛,llm_onecall,19584.1,OK,
897,体育,第2轮,世界女排联赛,sports_match_search,"{""query"": {""field"": ""sport_game"", ""value"": ""世界女排联赛""}}",想看世界女排联赛,llm_onecall,11174.7,OK,
897,体育,第3轮,女排那种,sports_match_search,"{""query"": {""field"": ""sport_name"", ""value"": ""女排""}}",想看女排比赛,llm_onecall,12411.7,OK,
897,体育,第4轮,完整的,sports_match_search,"{""query"": {""field"": ""sport_game"", ""value"": ""世界女排联赛""}}",想看完整的世界女排联赛,llm_onecall,13156.2,OK,
897,体育,第5轮,要看集锦,sports_vod_search,"{""query"": {""field"": ""title"", ""value"": ""世界女排联赛集锦""}}",想看世界女排联赛集锦,llm_onecall,17806.8,OK,
898,体育,第1轮,好看的台球比赛视频,sports_vod_search,"{""query"": {""field"": ""sport_name"", ""value"": ""台球""}}",好看的台球比赛视频,llm_onecall,20515.0,OK,
898,体育,第2轮,画质细,sports_match_search,"{""query"": null}",画质细,llm_onecall,9780.7,OK,
898,体育,第3轮,世锦赛那种,sports_vod_search,"{""query"": {""and"": [{""field"": ""sport_name"", ""value"": ""台球""}, {""field"": ""sport_game"", ""value"": ""世锦赛""}]}}",好看的世锦赛台球比赛,llm_onecall,16823.6,OK,
898,体育,第4轮,世界锦标赛的那种,sports_vod_search,"{""query"": {""and"": [{""field"": ""sport_name"", ""value"": ""台球""}, {""field"": ""sport_game"", ""value"": ""世锦赛""}]}}",好看的世锦赛台球比赛,llm_onecall,18063.9,OK,
898,体育,第5轮,丁俊晖那场,sports_match_search,"{""query"": {""and"": [{""field"": ""sport_star"", ""value"": ""丁俊晖""}, {""field"": ""sport_game"", ""value"": ""世锦赛""}]}}",丁俊晖世锦赛,llm_onecall,14822.2,OK,
899,体育,第1轮,有啥好看的电竞比赛视频,sports_vod_search,"{""query"": {""field"": ""sport_name"", ""value"": ""电竞""}}",有啥好看的电竞比赛视频,llm_onecall,20656.4,OK,
899,体育,第2轮,去年出的,sports_vod_search,"{""query"": {""field"": ""sport_name"", ""value"": ""电竞""}}",去年出的电竞比赛,llm_onecall,14917.5,OK,
899,体育,第3轮,世界赛决赛,sports_match_search,"{""query"": {""and"": [{""field"": ""sport_game"", ""value"": ""世界赛""}, {""field"": ""sport_competition_phase"", ""value"": ""决赛""}]}}",去年出的电竞比赛世界赛决赛,llm_onecall,14361.4,OK,
899,体育,第4轮,不收费的有吗,sports_vod_search,"{""query"": {""and"": [{""field"": ""sport_game"", ""value"": ""世界赛""}, {""field"": ""sport_competition_phase"", ""value"": ""决赛""}]}}",去年出的电竞比赛世界赛决赛不收费的有吗,llm_onecall,20230.1,OK,
899,体育,第5轮,免费的有没有,sports_vod_search,"{""query"": {""and"": [{""field"": ""sport_game"", ""value"": ""世界赛""}, {""field"": ""sport_competition_phase"", ""value"": ""决赛""}]}}",去年出的电竞比赛世界赛决赛不收费的有吗,llm_onecall,18970.5,OK,
9,影视,第1轮,推荐几部军旅剧,vod_search,"{""action"": ""search"", ""query"": {""and"": [{""field"": ""category"", ""value"": ""电视剧""}, {""field"": ""tag"", ""value"": ""军旅""}]}, ""retext"": ""推荐几部军旅剧"", ""sort"": {""hot"": {""order"": ""desc""}}}",推荐几部军旅剧,llm_onecall,14716.8,OK,
9,影视,第2轮,现代题材的,vod_search,"{""action"": ""search"", ""query"": {""and"": [{""field"": ""category"", ""value"": ""电视剧""}, {""field"": ""tag"", ""value"": ""军旅""}, {""field"": ""tag"", ""value"": ""现代""}]}, ""retext"": ""推荐现代题材的军旅剧""}",推荐现代题材的军旅剧,llm_onecall,16890.2,OK,
9,影视,第3轮,现代军旅的,vod_search,"{""action"": ""search"", ""query"": {""and"": [{""field"": ""category"", ""value"": ""电视剧""}, {""field"": ""tag"", ""value"": ""军旅""}, {""field"": ""tag"", ""value"": ""现代""}]}, ""retext"": ""推荐现代军旅剧""}",推荐现代军旅剧,llm_onecall,14867.6,OK,
9,影视,第4轮,国产的有没有的那种,vod_search_all,"{""action"": ""search"", ""query"": {""and"": [{""field"": ""area"", ""value"": ""国产""}, {""field"": ""category"", ""value"": ""电视剧""}, {""field"": ""tag"", ""value"": ""现代""}, {""field"": ""tag"", ""value"": ""军旅""}]}, ""retext"": ""推荐国产现代军旅剧""}",推荐国产现代军旅剧,llm_onecall,14392.4,OK,
9,影视,第5轮,是国产的吗,vod_search_all,"{""action"": ""search"", ""query"": {""and"": [{""field"": ""area"", ""value"": ""国产""}, {""field"": ""category"", ""value"": ""电视剧""}, {""field"": ""tag"", ""value"": ""现代""}, {""field"": ""tag"", ""value"": ""军旅""}]}, ""retext"": ""推荐国产现代军旅剧""}",推荐国产现代军旅剧,llm_onecall,14995.9,OK,
90,影视,第1轮,放几部恐怖片,vod_search,"{""action"": ""play"", ""query"": {""and"": [{""field"": ""category"", ""value"": ""电影""}, {""field"": ""tag"", ""value"": ""恐怖""}]}, ""retext"": ""放几部恐怖片""}",放几部恐怖片,llm_onecall,16316.1,OK,
90,影视,第2轮,要高分有没有,vod_search,"{""action"": ""search"", ""query"": {""and"": [{""field"": ""category"", ""value"": ""电影""}, {""field"": ""tag"", ""value"": ""恐怖""}]}, ""retext"": ""有没有高分恐怖片"", ""sort"": {""rate"": {""order"": ""desc""}}}",有没有高分恐怖片,llm_onecall,18112.4,OK,
90,影视,第3轮,泰国那种,vod_search_all,"{""action"": ""search"", ""query"": {""and"": [{""field"": ""area"", ""value"": ""泰国""}, {""field"": ""category"", ""value"": ""电影""}, {""field"": ""tag"", ""value"": ""恐怖""}]}, ""retext"": ""有没有高分泰国恐怖片"", ""sort"": {""rate"": {""order"": ""desc""}}}",有没有高分泰国恐怖片,llm_onecall,17751.9,OK,
90,影视,第4轮,高分的有吗,vod_search_all,"{""action"": ""search"", ""query"": {""and"": [{""field"": ""area"", ""value"": ""泰国""}, {""field"": ""category"", ""value"": ""电影""}, {""field"": ""tag"", ""value"": ""恐怖""}]}, ""retext"": ""有没有高分泰国恐怖片"", ""sort"": {""rate"": {""order"": ""desc""}}}",有没有高分泰国恐怖片,llm_onecall,17783.3,OK,
90,影视,第5轮,悬疑惊悚的,vod_search,"{""action"": ""search"", ""query"": {""and"": [{""field"": ""category"", ""value"": ""电影""}, {""field"": ""tag"", ""operator"": ""or"", ""values"": [""悬疑"", ""惊悚""]}]}, ""retext"": ""想看悬疑惊悚电影""}",想看悬疑惊悚电影,llm_onecall,16648.8,OK,
900,体育,第1轮,我想看足球比赛视频,sports_vod_search,"{""query"": {""field"": ""sport_name"", ""value"": ""足球""}}",我想看足球比赛视频,llm_onecall,18901.2,OK,
900,体育,第2轮,谁赢了,sports_match_event_card_search,,谁赢了,llm_onecall,11473.6,OK,
900,体育,第3轮,7月21日踢的,sports_match_search,"{""query"": {""and"": [{""field"": ""sport_name"", ""value"": ""足球""}, {""field"": ""sport_time"", ""value"": ""20260721""}]}}",7月21日踢的足球比赛,llm_onecall,15510.0,OK,
900,体育,第4轮,有回放吗,sports_match_search,"{""query"": {""and"": [{""field"": ""sport_name"", ""value"": ""足球""}, {""field"": ""live_state"", ""value"": ""4""}, {""field"": ""sport_time"", ""value"": ""20260721""}]}}",7月21日踢的足球比赛有回放吗,llm_onecall,16030.4,OK,
900,体育,第5轮,半决赛的那种,sports_match_search,"{""query"": {""and"": [{""field"": ""sport_name"", ""value"": ""足球""}, {""field"": ""live_state"", ""value"": ""4""}, {""field"": ""sport_time"", ""value"": ""20260721""}]}}",7月21日踢的足球比赛有回放吗,llm_onecall,15835.9,OK,
901,体育,第1轮,篮球比赛视频有哪些,fan_knowledge_agent,"{""messages"": [{""content"": ""篮球比赛视频有哪些"", ""role"": ""user""}], ""riskRespStrategy"": ""all_replace"", ""sceneTypeIntentList"": [{""intent"": ""sports_chat_qa"", ""sceneType"": ""sport_qa""}]}",篮球比赛视频有哪些,general_rule,18216.5,OK,
901,体育,第2轮,要新疆那队,sports_team_search,"{""sport_team"": ""新疆队""}",新疆队,llm_onecall,12950.9,OK,
901,体育,第3轮,广州那场,sports_team_search,"{""sport_team"": ""广州队""}",广州队,llm_onecall,13149.5,OK,
901,体育,第4轮,在广州打的,sports_team_search,"{""sport_team"": ""广州队""}",广州队,llm_onecall,13113.2,OK,
901,体育,第5轮,新疆队,sports_team_search,"{""sport_team"": ""新疆队""}",新疆队,llm_onecall,15225.0,OK,
902,体育,第1轮,来几部网球的视频,sports_vod_search,"{""query"": {""field"": ""sport_name"", ""value"": ""网球""}}",来几部网球的视频,llm_onecall,17738.3,OK,
902,体育,第2轮,决赛,sports_match_search,"{""query"": {""and"": [{""field"": ""sport_name"", ""value"": ""网球""}, {""field"": ""sport_competition_phase"", ""value"": ""决赛""}]}}",网球决赛,llm_onecall,13473.1,OK,
902,体育,第3轮,要郑钦文那场,sports_match_search,"{""query"": {""field"": ""sport_star"", ""value"": ""郑钦文""}}",郑钦文,llm_onecall,14675.6,OK,
902,体育,第4轮,昨天打的,sports_match_search,"{""query"": {""and"": [{""field"": ""sport_star"", ""value"": ""郑钦文""}, {""field"": ""sport_time"", ""value"": ""20260910""}]}}",郑钦文昨天打的,llm_onecall,14331.9,OK,
902,体育,第5轮,大满贯赛事,sports_match_search,"{""query"": {""field"": ""sport_game"", ""value"": ""大满贯""}}",大满贯赛事,llm_onecall,14619.9,OK,
903,体育,第1轮,找点世界杯的比赛,sports_match_search,"{""query"": {""field"": ""sport_game"", ""value"": ""世界杯""}}",找点世界杯的比赛,llm_onecall,14562.5,OK,
903,体育,第2轮,决赛哪天,sports_match_search,"{""query"": {""and"": [{""field"": ""sport_game"", ""value"": ""世界杯""}, {""field"": ""sport_competition_phase"", ""value"": ""决赛""}]}}",世界杯决赛哪天,llm_onecall,11588.0,OK,
903,体育,第3轮,金球奖谁拿,fan_knowledge_agent,"{""messages"": [{""content"": ""金球奖谁拿"", ""role"": ""user""}], ""riskRespStrategy"": ""all_replace"", ""sceneTypeIntentList"": [{""sceneType"": ""knowledge_qa""}]}",金球奖谁拿,general_rule,15742.3,OK,
903,体育,第4轮,要回放决赛,sports_match_search,"{""query"": {""and"": [{""field"": ""sport_game"", ""value"": ""世界杯""}, {""field"": ""sport_competition_phase"", ""value"": ""决赛""}, {""field"": ""live_state"", ""values"": {""and"": [""3"", ""4""]}}]}}",要回放世界杯决赛,llm_onecall,14092.5,OK,
903,体育,第5轮,在哪里举办的,fan_knowledge_agent,"{""messages"": [{""content"": ""世界杯决赛在哪里举办的"", ""role"": ""user""}], ""riskRespStrategy"": ""all_replace"", ""sceneTypeIntentList"": [{""intent"": ""sports_match_info_search"", ""sceneType"": ""sport_qa""}]}",世界杯决赛在哪里举办的,llm_select,17029.8,OK,
904,体育,第1轮,有什么好看的奥运会乒乓球比赛视频,sports_vod_search,"{""query"": {""and"": [{""field"": ""sport_game"", ""value"": ""奥运会""}, {""field"": ""sport_name"", ""value"": ""乒乓球""}]}}",有什么好看的奥运会乒乓球比赛视频,llm_onecall,18713.9,OK,
904,体育,第2轮,要我要看完整视频,sports_vod_search,"{""query"": {""field"": ""title"", ""value"": ""完整""}}",我要看完整视频,llm_onecall,16629.9,OK,
904,体育,第3轮,樊振东,sports_match_search,"{""query"": {""field"": ""sport_star"", ""value"": ""樊振东""}}",樊振东,llm_onecall,14152.3,OK,
904,体育,第4轮,看完整的,sports_vod_search,"{""query"": {""field"": ""sport_star"", ""value"": ""樊振东""}}",我要看樊振东的完整视频,llm_onecall,18318.1,OK,
904,体育,第5轮,樊振东那场,sports_match_search,"{""query"": {""field"": ""sport_star"", ""value"": ""樊振东""}}",樊振东,llm_onecall,12463.6,OK,
905,体育,第1轮,有什么羽毛球比赛,sports_match_search,"{""query"": {""field"": ""sport_name"", ""value"": ""羽毛球""}}",有什么羽毛球比赛,llm_onecall,14286.9,OK,
905,体育,第2轮,陈雨菲,sports_match_search,"{""query"": {""field"": ""sport_star"", ""value"": ""陈雨菲""}}",陈雨菲,llm_onecall,12228.3,OK,
905,体育,第3轮,有完整的吗,sports_match_search,"{""query"": {""field"": ""sport_star"", ""value"": ""陈雨菲""}}",陈雨菲的完整比赛,llm_onecall,15692.4,OK,
905,体育,第4轮,陈雨菲的比赛的那种,sports_match_search,"{""query"": {""field"": ""sport_star"", ""value"": ""陈雨菲""}}",陈雨菲的比赛,llm_onecall,14226.1,OK,
905,体育,第5轮,陈雨菲那场,sports_match_search,"{""query"": {""field"": ""sport_star"", ""value"": ""陈雨菲""}}",陈雨菲那场,llm_onecall,15953.8,OK,
906,体育,第1轮,来点中超的比赛录像,sports_vod_search,"{""query"": {""field"": ""sport_game"", ""value"": ""中超""}}",来点中超的比赛录像,llm_onecall,17126.4,OK,
906,体育,第2轮,主场打的,sports_match_search,"{""query"": {""field"": ""sport_game"", ""value"": ""中超""}}",小聚没有找到您要的内容，请换个说法试试吧,llm_onecall,11661.3,OK,
906,体育,第3轮,分辨率高的,numeric_adjust,"{""device"": """", ""location"": """", ""object"": ""分辨率"", ""operation"": ""设置"", ""value"": """"}",找分辨率高的中超比赛录像,llm_onecall,13474.0,OK,
906,体育,第4轮,不要钱能看吗,sports_vod_search,"{""query"": {""field"": ""sport_game"", ""value"": ""中超""}}",找免费的中超比赛录像,llm_onecall,18473.2,OK,
906,体育,第5轮,要上港的,sports_vod_search,"{""query"": {""and"": [{""field"": ""sport_team"", ""value"": ""上港""}, {""field"": ""sport_game"", ""value"": ""中超""}]}}",找上港的中超比赛录像,llm_onecall,17676.4,OK,
907,体育,第1轮,好看的马拉松比赛视频,sports_vod_search,"{""query"": {""field"": ""sport_name"", ""value"": ""马拉松""}}",好看的马拉松比赛视频,llm_onecall,17399.3,OK,
907,体育,第2轮,不花钱的吗,sports_vod_search,"{""query"": {""field"": ""sport_name"", ""value"": ""马拉松""}}",不花钱的马拉松比赛视频,llm_onecall,15544.5,OK,
907,体育,第3轮,今年的有吗,sports_vod_search,"{""query"": {""field"": ""sport_name"", ""value"": ""马拉松""}}",今年的不花钱的马拉松比赛视频,llm_onecall,19263.2,OK,
907,体育,第4轮,城市马拉松那种,sports_vod_search,"{""query"": {""field"": ""sport_name"", ""value"": ""城市马拉松""}}",今年的不花钱的城市马拉松比赛视频,llm_onecall,19352.8,OK,
907,体育,第5轮,全程回放,sports_vod_search,"{""query"": {""and"": [{""field"": ""sport_name"", ""value"": ""城市马拉松""}, {""field"": ""sport_name"", ""value"": ""马拉松""}]}}",今年的不花钱的城市马拉松比赛视频全程回放,llm_onecall,19134.6,OK,
908,体育,第1轮,我想看排球比赛,sports_match_search,"{""query"": {""field"": ""sport_name"", ""value"": ""排球""}}",我想看排球比赛,llm_onecall,12613.3,OK,
908,体育,第2轮,女排联赛,sports_match_search,"{""query"": {""field"": ""sport_game"", ""value"": ""女排联赛""}}",想看女排联赛,llm_onecall,13587.8,OK,
908,体育,第3轮,免费的有吗,sports_vod_search,"{""query"": {""field"": ""sport_game"", ""value"": ""女排联赛""}}",想看女排联赛免费的有吗,llm_onecall,18342.1,OK,
908,体育,第4轮,全场版,sports_vod_search,"{""query"": {""field"": ""sport_game"", ""value"": ""女排联赛""}}",想看女排联赛全场版,llm_onecall,18309.1,OK,
908,体育,第5轮,能白看的吗,sports_vod_search,"{""query"": {""field"": ""sport_game"", ""value"": ""女排联赛""}}",想看女排联赛免费的有吗,llm_onecall,16362.7,OK,
909,体育,第1轮,想看台球比赛视频,sports_vod_search,"{""query"": {""field"": ""sport_name"", ""value"": ""台球""}}",想看台球比赛视频,llm_onecall,15653.5,OK,
909,体育,第2轮,画质好的,sports_vod_search,"{""query"": {""field"": ""sport_name"", ""value"": ""台球""}}",想看画质好的台球比赛视频,llm_onecall,16451.8,OK,
909,体育,第3轮,snooker的,sports_match_search,"{""query"": {""field"": ""sport_name"", ""value"": ""snooker""}}",想看snooker比赛,llm_onecall,12924.4,OK,
909,体育,第4轮,要免费的有没有,sports_vod_search,"{""query"": {""field"": ""sport_name"", ""value"": ""snooker""}}",想看免费的snooker比赛,llm_onecall,18394.5,OK,
909,体育,第5轮,丁俊晖的比赛,sports_match_search,"{""query"": {""field"": ""sport_star"", ""value"": ""丁俊晖""}}",想看丁俊晖的比赛,llm_onecall,15562.7,OK,
91,影视,第1轮,放律政剧,vod_search,"{""action"": ""play"", ""query"": {""and"": [{""field"": ""category"", ""value"": ""电视剧""}, {""field"": ""tag"", ""value"": ""律政""}]}, ""retext"": ""放律政剧""}",放律政剧,llm_onecall,17133.5,OK,
91,影视,第2轮,最好是美剧,fan_knowledge_agent,"{""messages"": [{""content"": ""放律政剧最好是美剧"", ""role"": ""user""}], ""riskRespStrategy"": ""all_replace"", ""sceneTypeIntentList"": [{""sceneType"": ""video""}]}",放律政剧最好是美剧,llm_select,26560.6,OK,
91,影视,第3轮,评分高的有吗,vod_search_all,"{""action"": ""search"", ""query"": {""and"": [{""field"": ""area"", ""value"": ""美国""}, {""field"": ""category"", ""value"": ""电视剧""}, {""field"": ""tag"", ""value"": ""律政""}]}, ""retext"": ""评分高的律政美剧"", ""sort"": {""rate"": {""order"": ""desc""}}}",评分高的律政美剧,llm_onecall,17485.1,OK,
91,影视,第4轮,美国拍的优先,vod_search_all,"{""action"": ""search"", ""query"": {""and"": [{""field"": ""area"", ""value"": ""美国""}, {""field"": ""category"", ""value"": ""电视剧""}, {""field"": ""tag"", ""value"": ""律政""}]}, ""retext"": ""评分高的律政美剧美国拍的优先"", ""sort"": {""rate"": {""order"": ""desc""}}}",评分高的律政美剧美国拍的优先,llm_onecall,18685.2,OK,
91,影视,第5轮,不用追更的,vod_search_all,"{""action"": ""search"", ""query"": {""and"": [{""field"": ""area"", ""value"": ""美国""}, {""field"": ""language"", ""value"": ""英语""}, {""field"": ""tag"", ""value"": ""律政""}, {""field"": ""is_over"", ""value"": ""1""}]}, ""retext"": ""评分高的律政美剧美国拍的优先不用追更的"", ""sort"": {""rate"": {""order"": ""desc""}}}",评分高的律政美剧美国拍的优先不用追更的,llm_onecall,17581.7,OK,
910,体育,第1轮,有没有好看的拳击比赛,sports_vod_search,"{""query"": {""field"": ""sport_name"", ""value"": ""拳击""}}",有没有好看的拳击比赛,llm_onecall,16181.0,OK,
910,体育,第2轮,有完整回放,sports_match_search,"{""query"": {""field"": ""sport_name"", ""value"": ""拳击""}}",有没有好看的拳击比赛,llm_onecall,12661.8,OK,
910,体育,第3轮,集锦有吗,sports_vod_search,"{""query"": {""field"": ""sport_name"", ""value"": ""拳击""}}",有没有好看的拳击比赛集锦,llm_onecall,16797.8,OK,
910,体育,第4轮,要免费能看的有没有,sports_vod_search,"{""query"": {""field"": ""sport_name"", ""value"": ""拳击""}}",有没有免费能看的拳击比赛集锦,llm_onecall,19153.3,OK,
910,体育,第5轮,最近一场的那种,sports_vod_search,"{""query"": {""field"": ""sport_name"", ""value"": ""拳击""}}",最近一场免费能看的拳击比赛集锦,llm_onecall,19427.4,OK,
911,体育,第1轮,有什么好看的电竞比赛视频,sports_vod_search,"{""query"": {""field"": ""sport_name"", ""value"": ""电竞""}}",有什么好看的电竞比赛视频,llm_onecall,16738.5,OK,
911,体育,第2轮,世界决赛,sports_vod_search,"{""query"": {""field"": ""sport_name"", ""value"": ""电竞""}}",有什么好看的电竞比赛视频,llm_onecall,17161.5,OK,
911,体育,第3轮,去年出的有吗,sports_vod_search,"{""query"": {""field"": ""sport_name"", ""value"": ""电竞""}}",去年出的好看的电竞比赛视频,llm_onecall,18738.9,OK,
911,体育,第4轮,英雄联盟那种,sports_vod_search,"{""query"": {""field"": ""sport_game"", ""value"": ""英雄联盟""}}",去年出的好看的英雄联盟电竞比赛视频,llm_onecall,19066.4,OK,
911,体育,第5轮,免费的,sports_vod_search,"{""query"": {""field"": ""sport_game"", ""value"": ""英雄联盟""}}",去年出的好看的英雄联盟电竞比赛视频免费的,llm_onecall,15444.1,OK,
912,体育,第1轮,好看的足球比赛视频,sports_vod_search,"{""query"": {""field"": ""sport_name"", ""value"": ""足球""}}",好看的足球比赛视频,llm_onecall,16611.6,OK,
912,体育,第2轮,要7月21号,sports_match_search,"{""query"": {""and"": [{""field"": ""sport_name"", ""value"": ""足球""}, {""field"": ""sport_time"", ""value"": ""20260721""}]}}",7月21号有什么好看的足球比赛,llm_onecall,14472.5,OK,
912,体育,第3轮,7.21那天,sports_match_search,"{""query"": {""and"": [{""field"": ""sport_name"", ""value"": ""足球""}, {""field"": ""sport_time"", ""value"": ""20260721""}]}}",7月21号有什么好看的足球比赛,llm_onecall,15138.0,OK,
912,体育,第4轮,英超比赛,sports_match_search,"{""query"": {""field"": ""sport_game"", ""value"": ""英超""}}",英超比赛,llm_onecall,15475.8,OK,
912,体育,第5轮,结果怎么样,sports_match_search,"{""query"": {""field"": ""sport_game"", ""value"": ""英超""}}",英超比赛,llm_onecall,14917.8,OK,
913,体育,第1轮,放世界杯的比赛,sports_match_search,"{""query"": {""field"": ""sport_game"", ""value"": ""世界杯""}}",放世界杯的比赛,llm_onecall,11950.4,OK,
913,体育,第2轮,决赛那天,sports_match_search,"{""query"": {""and"": [{""field"": ""sport_game"", ""value"": ""世界杯""}, {""field"": ""sport_competition_phase"", ""value"": ""决赛""}]}}",世界杯决赛,llm_onecall,12585.6,OK,
913,体育,第3轮,在哪儿办的,fan_knowledge_agent,"{""messages"": [{""content"": ""世界杯决赛在哪儿办的"", ""role"": ""user""}], ""riskRespStrategy"": ""all_replace"", ""sceneTypeIntentList"": [{""intent"": ""sports_match_info_search"", ""sceneType"": ""sport_qa""}]}",世界杯决赛在哪儿办的,llm_select,17822.4,OK,
913,体育,第4轮,决赛时间,sports_match_search,"{""query"": {""and"": [{""field"": ""sport_game"", ""value"": ""世界杯""}, {""field"": ""sport_competition_phase"", ""value"": ""决赛""}]}}",2026年国际足联世界杯决赛时间,llm_onecall,15613.5,OK,
913,体育,第5轮,回放决赛,sports_match_search,"{""query"": {""and"": [{""field"": ""sport_game"", ""value"": ""世界杯""}, {""field"": ""sport_competition_phase"", ""value"": ""决赛""}, {""field"": ""live_state"", ""value"": ""4""}]}}",回放2026年国际足联世界杯决赛,llm_onecall,13655.3,OK,
914,体育,第1轮,来点本周的NBA集锦,sports_vod_search,"{""query"": {""and"": [{""field"": ""sport_game"", ""value"": ""NBA""}, {""field"": ""sport_time_range"", ""from"": ""20260907 00:00:00"", ""to"": ""20260913 23:59:59""}]}}",来点本周的NBA集锦,llm_onecall,16621.2,OK,
914,体育,第2轮,勇士那种,sports_match_search,"{""query"": {""field"": ""sport_team"", ""value"": ""勇士""}}",想看勇士队的比赛,llm_onecall,13237.7,OK,
914,体育,第3轮,免费的渠道有吗,sports_match_search,"{""query"": {""field"": ""sport_team"", ""value"": ""勇士""}}",搜索勇士队的比赛,llm_onecall,29772.3,OK,
914,体育,第4轮,免费渠道,sports_match_search,"{""query"": {""field"": ""sport_team"", ""value"": ""勇士""}}",搜索勇士队的比赛,llm_onecall,25986.0,OK,
914,体育,第5轮,十佳球那种,sports_vod_search,"{""query"": {""field"": ""sport_team"", ""value"": ""勇士""}}",想看勇士队比赛的十佳球,llm_onecall,15546.3,OK,
915,体育,第1轮,找点奥运会乒乓球比赛视频,sports_vod_search,"{""query"": {""and"": [{""field"": ""sport_game"", ""value"": ""奥运会""}, {""field"": ""sport_name"", ""value"": ""乒乓球""}]}}",找点奥运会乒乓球比赛视频,llm_onecall,16917.2,OK,
915,体育,第2轮,樊振东的比赛,sports_match_search,"{""query"": {""field"": ""sport_star"", ""value"": ""樊振东""}}",找樊振东的比赛,llm_onecall,14168.8,OK,
915,体育,第3轮,画质清楚,sports_match_search,"{""query"": {""field"": ""sport_star"", ""value"": ""樊振东""}}",找樊振东的比赛,llm_onecall,13173.4,OK,
915,体育,第4轮,男单决赛那种,sports_match_search,"{""query"": {""and"": [{""field"": ""sport_star"", ""value"": ""樊振东""}, {""field"": ""sport_competition_phase"", ""value"": ""决赛""}]}}",找樊振东的男单决赛,llm_onecall,15382.0,OK,
915,体育,第5轮,不要钱的有没有,sports_vod_search,"{""query"": {""and"": [{""field"": ""sport_star"", ""value"": ""樊振东""}, {""field"": ""sport_competition_phase"", ""value"": ""男单决赛""}]}}",找樊振东的男单决赛不要钱的有没有,llm_onecall,18432.0,OK,
916,体育,第1轮,来点羽毛球比赛,sports_match_search,"{""query"": {""field"": ""sport_name"", ""value"": ""羽毛球""}}",来点羽毛球比赛,llm_onecall,11274.2,OK,
916,体育,第2轮,陈雨菲的比赛,sports_match_search,"{""query"": {""field"": ""sport_star"", ""value"": ""陈雨菲""}}",陈雨菲的比赛,llm_onecall,13128.0,OK,
916,体育,第3轮,世锦赛那种,sports_match_search,"{""query"": {""and"": [{""field"": ""sport_star"", ""value"": ""陈雨菲""}, {""field"": ""sport_game"", ""value"": ""世锦赛""}]}}",陈雨菲的世锦赛比赛,llm_onecall,13344.1,OK,
916,体育,第4轮,世界锦标赛,sports_match_search,"{""query"": {""and"": [{""field"": ""sport_star"", ""value"": ""陈雨菲""}, {""field"": ""sport_game"", ""value"": ""世界锦标赛""}]}}",陈雨菲的世界锦标赛,llm_onecall,14526.3,OK,
916,体育,第5轮,全场版,sports_vod_search,"{""query"": {""and"": [{""field"": ""sport_star"", ""value"": ""陈雨菲""}, {""field"": ""sport_game"", ""value"": ""世界锦标赛""}]}}",陈雨菲的世界锦标赛全场版,llm_onecall,17126.8,OK,
917,体育,第1轮,好看的中超的比赛录像,sports_vod_search,"{""query"": {""field"": ""sport_game"", ""value"": ""中超""}}",好看的中超的比赛录像,llm_onecall,14616.4,OK,
917,体育,第2轮,上个月,sports_vod_search,"{""query"": {""field"": ""sport_game"", ""value"": ""中超""}}",上个月好看的中超的比赛录像,llm_onecall,19885.2,OK,
917,体育,第3轮,要主场,sports_vod_search,"{""query"": {""and"": [{""field"": ""sport_game"", ""value"": ""中超""}, {""field"": ""sport_team_home"", ""value"": ""主队""}]}}",上个月好看的中超的比赛录像要主场,llm_onecall,20840.1,OK,
917,体育,第4轮,主场打的,sports_vod_search,"{""query"": {""and"": [{""field"": ""sport_game"", ""value"": ""中超""}, {""field"": ""sport_team_home"", ""value"": ""*""}]}}",上个月好看的中超的比赛录像要主场打的,llm_onecall,20097.3,OK,
917,体育,第5轮,免费能看吗,sports_vod_search,"{""query"": {""field"": ""sport_game"", ""value"": ""中超""}}",搜索上个月中超比赛录像,llm_onecall,36753.9,OK,
918,体育,第1轮,找点F1的比赛,sports_match_search,"{""query"": {""field"": ""sport_game"", ""value"": ""F1""}}",找点F1的比赛,llm_onecall,10809.8,OK,
918,体育,第2轮,要免费的有没有,sports_match_search,"{""query"": {""field"": ""sport_game"", ""value"": ""F1""}}",找免费的F1比赛,llm_onecall,13774.6,OK,
918,体育,第3轮,完整回放有吗,sports_match_search,"{""query"": {""and"": [{""field"": ""sport_game"", ""value"": ""F1""}, {""field"": ""live_state"", ""values"": {""and"": [""3"", ""4""]}}]}}",找免费的F1比赛完整回放,llm_onecall,13001.1,OK,
918,体育,第4轮,今年举办的,sports_match_search,"{""query"": {""and"": [{""field"": ""sport_game"", ""value"": ""F1""}, {""field"": ""live_state"", ""values"": {""and"": [""3"", ""4""]}}]}, ""sport_time"": ""20260101""}",找今年举办的免费的F1比赛完整回放,llm_onecall,15706.6,OK,
918,体育,第5轮,排位赛那种,sports_match_search,"{""query"": {""and"": [{""field"": ""sport_game"", ""value"": ""F1""}, {""field"": ""sport_competition_phase"", ""value"": ""排位赛""}, {""field"": ""live_state"", ""values"": {""and"": [""3"", ""4""]}}]}}",找今年举办的免费的F1排位赛完整回放,llm_onecall,15093.0,OK,
919,体育,第1轮,看看排球比赛,sports_match_search,"{""query"": {""field"": ""sport_name"", ""value"": ""排球""}}",看看排球比赛,llm_onecall,11600.2,OK,
919,体育,第2轮,完整的,sports_match_search,"{""query"": {""field"": ""sport_name"", ""value"": ""排球""}}",想看完整的排球比赛,llm_onecall,14169.6,OK,
919,体育,第3轮,完整版,sports_match_search,"{""query"": {""field"": ""sport_name"", ""value"": ""排球""}}",想看完整的排球比赛,llm_onecall,15136.6,OK,
919,体育,第4轮,有集锦,sports_vod_search,"{""query"": {""field"": ""title"", ""value"": ""排球比赛集锦""}}",想看排球比赛集锦,llm_onecall,19162.4,OK,
919,体育,第5轮,中国对巴西那场,sports_match_search,"{""query"": {""and"": [{""field"": ""sport_team"", ""value"": ""中国""}, {""field"": ""sport_team"", ""value"": ""巴西""}, {""field"": ""sport_name"", ""value"": ""排球""}]}}",想看中国对巴西那场排球比赛,llm_onecall,16261.7,OK,
92,影视,第1轮,谍战剧,vod_search,"{""action"": ""search"", ""query"": {""and"": [{""field"": ""category"", ""value"": ""电视剧""}, {""field"": ""tag"", ""value"": ""谍战""}]}, ""retext"": ""谍战剧""}",谍战剧,fallback,18745.3,OK,
92,影视,第2轮,烧脑一点的,vod_search,"{""action"": ""search"", ""query"": {""and"": [{""field"": ""category"", ""value"": ""电视剧""}, {""field"": ""tag"", ""value"": ""谍战""}, {""field"": ""tag"", ""value"": ""烧脑""}]}, ""retext"": ""想看烧脑的谍战剧""}",想看烧脑的谍战剧,llm_onecall,17094.2,OK,
92,影视,第3轮,不花钱能看吗,vod_search,"{""action"": ""search"", ""query"": {""and"": [{""field"": ""category"", ""value"": ""电视剧""}, {""field"": ""tag"", ""value"": ""谍战""}, {""field"": ""tag"", ""value"": ""烧脑""}]}, ""retext"": ""搜索烧脑的谍战剧""}",搜索烧脑的谍战剧,llm_onecall,35312.0,OK,
92,影视,第4轮,免费版有吗,vod_search,"{""action"": ""search"", ""query"": {""and"": [{""field"": ""category"", ""value"": ""电视剧""}, {""field"": ""tag"", ""value"": ""谍战""}, {""field"": ""tag"", ""value"": ""烧脑""}]}, ""retext"": ""搜索烧脑的谍战剧""}",搜索烧脑的谍战剧,llm_onecall,16441.0,OK,
92,影视,第5轮,有《悬崖》那种的吗,,,,,,ERR,TimeoutError: timed out
920,体育,第1轮,推荐些电竞比赛视频,sports_vod_search,"{""query"": {""field"": ""sport_name"", ""value"": ""电竞""}}",推荐些电竞比赛视频,llm_onecall,16615.5,OK,
920,体育,第2轮,英雄联盟那种,sports_match_search,"{""query"": {""field"": ""sport_game"", ""value"": ""英雄联盟""}}",推荐英雄联盟电竞比赛,llm_onecall,14133.4,OK,
920,体育,第3轮,带解说,sports_vod_search,"{""query"": {""field"": ""sport_game"", ""value"": ""英雄联盟""}}",推荐英雄联盟电竞比赛带解说,llm_onecall,18434.8,OK,
920,体育,第4轮,不要会员的,sports_vod_search,"{""query"": {""field"": ""sport_game"", ""value"": ""英雄联盟""}}",推荐英雄联盟电竞比赛带解说不要会员,llm_onecall,16761.4,OK,
920,体育,第5轮,lol比赛,sports_match_search,"{""query"": {""field"": ""sport_game"", ""value"": ""lol""}}",推荐lol比赛,llm_onecall,11559.5,OK,
921,体育,第1轮,有啥好看的足球比赛视频,sports_vod_search,"{""query"": {""field"": ""sport_name"", ""value"": ""足球""}}",有啥好看的足球比赛视频,llm_onecall,17086.7,OK,
921,体育,第2轮,英超那种,sports_vod_search,"{""query"": {""and"": [{""field"": ""sport_game"", ""value"": ""英超""}, {""field"": ""sport_name"", ""value"": ""足球""}]}}",有啥好看的英超足球比赛视频,llm_onecall,18214.4,OK,
921,体育,第3轮,7.21那天,sports_match_search,"{""query"": {""and"": [{""field"": ""sport_game"", ""value"": ""英超""}, {""field"": ""sport_name"", ""value"": ""足球""}]}}",7.21那天有啥好看的英超足球比赛,llm_onecall,16156.2,OK,
921,体育,第4轮,半决那种,sports_match_search,"{""query"": {""and"": [{""field"": ""sport_game"", ""value"": ""英超""}, {""field"": ""sport_name"", ""value"": ""足球""}, {""field"": ""sport_competition_phase"", ""value"": ""半决赛""}]}}",7.21那天有啥好看的英超足球比赛半决赛,llm_onecall,15339.6,OK,
921,体育,第5轮,英超级的,sports_match_search,"{""query"": {""and"": [{""field"": ""sport_game"", ""value"": ""英超""}, {""field"": ""sport_name"", ""value"": ""足球""}]}}",7.21那天有啥好看的英超足球比赛,llm_onecall,13891.7,OK,
922,体育,第1轮,有没有好看的篮球比赛视频,sports_vod_search,"{""query"": {""field"": ""sport_name"", ""value"": ""篮球""}}",有没有好看的篮球比赛视频,llm_onecall,16706.2,OK,
922,体育,第2轮,有集锦,sports_vod_search,"{""query"": {""field"": ""sport_name"", ""value"": ""篮球""}}",有没有好看的篮球比赛集锦,llm_onecall,17545.0,OK,
922,体育,第3轮,广州主场的那种,sports_vod_search,"{""query"": {""and"": [{""field"": ""sport_team_home"", ""value"": ""广州""}, {""field"": ""sport_name"", ""value"": ""篮球""}]}}",有没有好看的广州主场篮球比赛集锦,llm_onecall,19079.5,OK,
922,体育,第4轮,广州那场,sports_vod_search,"{""query"": {""and"": [{""field"": ""sport_team_home"", ""value"": ""广州""}, {""field"": ""sport_name"", ""value"": ""篮球""}]}}",有没有好看的广州主场篮球比赛集锦,llm_onecall,19703.9,OK,
922,体育,第5轮,新疆队,sports_vod_search,"{""query"": {""and"": [{""field"": ""sport_team_home"", ""value"": ""广州""}, {""field"": ""sport_name"", ""value"": ""篮球""}, {""field"": ""sport_team"", ""value"": ""新疆""}]}}",有没有好看的广州主场篮球比赛集锦新疆队,llm_onecall,15707.0,OK,
923,体育,第1轮,来点世界杯的比赛,sports_match_search,"{""query"": {""field"": ""sport_game"", ""value"": ""世界杯""}}",来点世界杯的比赛,llm_onecall,11624.3,OK,
923,体育,第2轮,金球奖得主是谁,fan_knowledge_agent,"{""messages"": [{""content"": ""金球奖得主是谁"", ""role"": ""user""}], ""riskRespStrategy"": ""all_replace"", ""sceneTypeIntentList"": [{""sceneType"": ""knowledge_qa""}]}",金球奖得主是谁,general_rule,16537.7,OK,
923,体育,第3轮,在哪举办,fan_knowledge_agent,"{""messages"": [{""content"": ""2026年金球奖在哪里举办"", ""role"": ""user""}], ""riskRespStrategy"": ""all_replace"", ""sceneTypeIntentList"": [{""sceneType"": ""knowledge_qa""}]}",2026年金球奖在哪里举办,llm_select,15415.9,OK,
923,体育,第4轮,谁拿的金球奖,fan_knowledge_agent,"{""messages"": [{""content"": ""金球奖得主是谁"", ""role"": ""user""}], ""riskRespStrategy"": ""all_replace"", ""sceneTypeIntentList"": [{""sceneType"": ""knowledge_qa""}]}",金球奖得主是谁,general_rule,15350.1,OK,
923,体育,第5轮,举办地,fan_knowledge_agent,"{""messages"": [{""content"": ""2026年金球奖在哪里举办"", ""role"": ""user""}], ""riskRespStrategy"": ""all_replace"", ""sceneTypeIntentList"": [{""sceneType"": ""knowledge_qa""}]}",2026年金球奖在哪里举办,llm_select,16652.6,OK,
924,体育,第1轮,有没有好看的本周的NBA集锦,sports_vod_search,"{""query"": {""and"": [{""field"": ""sport_game"", ""value"": ""NBA""}, {""field"": ""sport_time_range"", ""from"": ""20260907 00:00:00"", ""to"": ""20260913 23:59:59""}]}}",有没有好看的本周的NBA集锦,llm_onecall,18364.0,OK,
924,体育,第2轮,免费的渠道有吗,sports_vod_search,"{""query"": {""and"": [{""field"": ""sport_game"", ""value"": ""NBA""}, {""field"": ""sport_time_range"", ""from"": ""20260907 00:00:00"", ""to"": ""20260913 23:59:59""}]}}",有没有好看的本周的NBA集锦,llm_onecall,19955.0,OK,
924,体育,第3轮,勇士队的,sports_vod_search,"{""query"": {""and"": [{""field"": ""sport_game"", ""value"": ""NBA""}, {""field"": ""sport_team"", ""value"": ""勇士""}, {""field"": ""sport_time_range"", ""from"": ""20260907 00:00:00"", ""to"": ""20260913 23:59:59""}]}}",有没有好看的本周的NBA集锦勇士队的,llm_onecall,17616.0,OK,
924,体育,第4轮,不花钱的渠道,sports_vod_search,"{""query"": {""and"": [{""field"": ""sport_game"", ""value"": ""NBA""}, {""field"": ""sport_team"", ""value"": ""勇士""}, {""field"": ""sport_time_range"", ""from"": ""20260907 00:00:00"", ""to"": ""20260913 23:59:59""}]}}",有没有好看的本周的NBA集锦勇士队的不花钱的渠道,llm_onecall,16273.8,OK,
924,体育,第5轮,库里,sports_team_search,"{""sport_team"": ""库里""}",库里,llm_onecall,13525.0,OK,
925,体育,第1轮,放羽毛球比赛,sports_match_search,"{""query"": {""field"": ""sport_name"", ""value"": ""羽毛球""}}",放羽毛球比赛,llm_onecall,13527.4,OK,
925,体育,第2轮,高清版的有吗,sports_vod_search,"{""query"": {""field"": ""sport_name"", ""value"": ""羽毛球""}}",高清版的羽毛球比赛,llm_onecall,18464.5,OK,
925,体育,第3轮,世锦赛的,sports_vod_search,"{""query"": {""and"": [{""field"": ""sport_name"", ""value"": ""羽毛球""}, {""field"": ""sport_game"", ""value"": ""世锦赛""}]}}",高清版的羽毛球世锦赛,llm_onecall,16222.7,OK,
925,体育,第4轮,有完整的吗,sports_vod_search,"{""query"": {""and"": [{""field"": ""sport_name"", ""value"": ""羽毛球""}, {""field"": ""sport_game"", ""value"": ""世锦赛""}]}}",高清版的羽毛球世锦赛有完整的吗,llm_onecall,18178.0,OK,
925,体育,第5轮,女单那种,sports_vod_search,"{""query"": {""and"": [{""field"": ""sport_game"", ""value"": ""羽毛球世锦赛""}, {""field"": ""sport_competition_phase"", ""value"": ""女单""}]}}",高清版的羽毛球世锦赛女单,llm_onecall,17894.0,OK,
926,体育,第1轮,有什么马拉松比赛视频,sports_vod_search,"{""query"": {""field"": ""sport_name"", ""value"": ""马拉松""}}",有什么马拉松比赛视频,llm_onecall,17808.9,OK,
926,体育,第2轮,免费的有没有,sports_vod_search,"{""query"": {""field"": ""sport_name"", ""value"": ""马拉松""}}",有什么免费的马拉松比赛视频,llm_onecall,16189.0,OK,
926,体育,第3轮,要国内的城市马拉松,sports_match_search,"{""query"": {""field"": ""sport_name"", ""value"": ""城市马拉松""}}",要国内的城市马拉松,llm_onecall,12589.9,OK,
926,体育,第4轮,免费的吗,sports_vod_search,"{""query"": {""field"": ""sport_name"", ""value"": ""马拉松""}}",有什么免费的马拉松比赛视频,llm_onecall,17986.4,OK,
926,体育,第5轮,高清那种,sports_vod_search,"{""query"": {""field"": ""sport_name"", ""value"": ""马拉松""}}",有什么高清的免费国内城市马拉松比赛视频,llm_onecall,18257.2,OK,
927,体育,第1轮,有啥好看的F1的比赛,sports_vod_search,"{""query"": {""field"": ""sport_game"", ""value"": ""F1""}}",有啥好看的F1的比赛,llm_onecall,17558.1,OK,
927,体育,第2轮,上海站,sports_match_search,"{""query"": null}",上海站,llm_onecall,11532.8,OK,
927,体育,第3轮,不收费的有吗,sports_match_search,"{""query"": {""field"": ""sport_game"", ""value"": ""F1""}}",不收费的F1上海站比赛,llm_onecall,13519.5,OK,
927,体育,第4轮,资格赛,sports_match_search,"{""query"": {""and"": [{""field"": ""sport_game"", ""value"": ""F1""}, {""field"": ""sport_competition_phase"", ""value"": ""资格赛""}]}}",不收费的F1上海站比赛的资格赛,llm_onecall,15141.9,OK,
927,体育,第5轮,今年,sports_match_search,"{""query"": {""and"": [{""field"": ""sport_game"", ""value"": ""F1""}, {""field"": ""sport_competition_phase"", ""value"": ""资格赛""}]}}",今年不收费的F1上海站比赛的资格赛,llm_onecall,14666.4,OK,
928,体育,第1轮,找点台球比赛视频,sports_vod_search,"{""query"": {""field"": ""sport_name"", ""value"": ""台球""}}",找点台球比赛视频,llm_onecall,18492.6,OK,
928,体育,第2轮,丁俊晖的比赛,sports_match_search,"{""query"": {""and"": [{""field"": ""sport_name"", ""value"": ""台球""}, {""field"": ""sport_star"", ""value"": ""丁俊晖""}]}}",找丁俊晖的台球比赛,llm_onecall,11899.6,OK,
928,体育,第3轮,斯诺克,sports_match_search,"{""query"": {""and"": [{""field"": ""sport_name"", ""value"": ""斯诺克""}, {""field"": ""sport_star"", ""value"": ""丁俊晖""}]}}",找丁俊晖的斯诺克比赛,llm_onecall,15036.4,OK,
928,体育,第4轮,snooker的,sports_match_search,"{""query"": {""and"": [{""field"": ""sport_name"", ""value"": ""斯诺克""}, {""field"": ""sport_star"", ""value"": ""丁俊晖""}]}}",找丁俊晖的斯诺克比赛,llm_onecall,15495.7,OK,
928,体育,第5轮,不收费,sports_match_search,"{""query"": {""and"": [{""field"": ""sport_name"", ""value"": ""斯诺克""}, {""field"": ""sport_star"", ""value"": ""丁俊晖""}]}}",找丁俊晖的斯诺克比赛,llm_onecall,16725.2,OK,
929,体育,第1轮,推荐些拳击比赛,sports_match_search,"{""query"": {""field"": ""sport_name"", ""value"": ""拳击""}}",推荐些拳击比赛,llm_onecall,14219.5,OK,
929,体育,第2轮,有集锦,sports_vod_search,"{""query"": {""field"": ""sport_name"", ""value"": ""拳击""}}",拳击比赛集锦,llm_onecall,16531.9,OK,
929,体育,第3轮,最近一场,sports_vod_search,"{""query"": {""field"": ""sport_name"", ""value"": ""拳击""}}",最近一场拳击比赛集锦,llm_onecall,18451.2,OK,
929,体育,第4轮,重量组,sports_vod_search,"{""query"": {""and"": [{""field"": ""sport_name"", ""value"": ""拳击""}, {""field"": ""sport_competition_phase"", ""value"": ""重量组""}]}}",最近一场重量组拳击比赛集锦,llm_onecall,17255.1,OK,
929,体育,第5轮,免费能看的有没有,sports_vod_search,"{""query"": {""field"": ""sport_name"", ""value"": ""重量组拳击""}}",最近一场重量组拳击比赛集锦免费能看的有没有,llm_onecall,18906.4,OK,
93,影视,第1轮,有什么好看的动画片,educ_search,"{""query"": {""field"": ""content_type"", ""value"": ""动画""}, ""retext"": ""有什么好看的动画片""}",有什么好看的动画片,llm_onecall,35927.2,OK,
93,影视,第2轮,适合七八岁的,educ_search,"{""query"": {""and"": [{""field"": ""content_type"", ""value"": ""动画""}, {""field"": ""age_range"", ""from"": ""7"", ""to"": ""8""}]}, ""retext"": ""适合七八岁看的动画片""}",适合七八岁看的动画片,llm_onecall,16744.4,OK,
93,影视,第3轮,时长90分的,educ_fuzzy_search,"{""retext"": ""时长90分的""}",时长90分的,llm_onecall,15676.7,OK,
93,影视,第4轮,寓教于乐的,educ_fuzzy_search,"{""retext"": ""寓教于乐的""}",寓教于乐的,llm_onecall,14304.6,OK,
93,影视,第5轮,小学生能看的,edu_fuzzy_search,"{""retext"": ""小学生能看的""}",小学生能看的,llm_onecall,15984.4,OK,
930,体育,第1轮,来一部电竞比赛视频,sports_vod_search,"{""query"": {""field"": ""sport_name"", ""value"": ""电竞""}}",来一部电竞比赛视频,llm_onecall,18319.1,OK,
930,体育,第2轮,世界赛决赛,sports_match_search,"{""query"": {""and"": [{""field"": ""sport_game"", ""value"": ""世界赛""}, {""field"": ""sport_competition_phase"", ""value"": ""决赛""}]}}",想看世界赛决赛,llm_onecall,12105.4,OK,
930,体育,第3轮,不要钱的,sports_match_search,"{""query"": {""and"": [{""field"": ""sport_game"", ""value"": ""世界赛""}, {""field"": ""sport_competition_phase"", ""value"": ""决赛""}]}}",想看免费的世界赛决赛,llm_onecall,16228.7,OK,
930,体育,第4轮,去年那种,sports_match_search,"{""query"": {""and"": [{""field"": ""sport_game"", ""value"": ""世界赛""}, {""field"": ""sport_competition_phase"", ""value"": ""决赛""}]}}",想看2025年免费的世界赛决赛,llm_onecall,14994.1,OK,
930,体育,第5轮,去年出的有吗,sports_match_search,"{""query"": {""and"": [{""field"": ""sport_game"", ""value"": ""世界赛""}, {""field"": ""sport_competition_phase"", ""value"": ""决赛""}]}}",想看2024年免费的世界赛决赛,llm_onecall,15665.9,OK,
931,体育,第1轮,放几部世界杯的比赛,sports_match_search,"{""query"": {""field"": ""sport_game"", ""value"": ""世界杯""}}",放几部世界杯的比赛,llm_onecall,14652.8,OK,
931,体育,第2轮,拿了冠军吗,sports_match_search,"{""query"": {""and"": [{""field"": ""sport_game"", ""value"": ""世界杯""}, {""field"": ""sport_competition_phase"", ""value"": ""决赛""}]}}",《2026年世界杯》拿了冠军吗,llm_onecall,12043.0,OK,
931,体育,第3轮,在哪里举办的,fan_knowledge_agent,"{""messages"": [{""content"": ""《2026年世界杯》在哪里举办的"", ""role"": ""user""}], ""riskRespStrategy"": ""all_replace"", ""sceneTypeIntentList"": [{""intent"": ""sports_match_info_search"", ""sceneType"": ""sport_qa""}]}",《2026年世界杯》在哪里举办的,llm_select,17203.4,OK,
931,体育,第4轮,谁拿的金球奖,fan_knowledge_agent,"{""messages"": [{""content"": ""谁拿的金球奖"", ""role"": ""user""}], ""riskRespStrategy"": ""all_replace"", ""sceneTypeIntentList"": [{""sceneType"": ""knowledge_qa""}]}",谁拿的金球奖,general_rule,18359.5,OK,
931,体育,第5轮,决赛那天,sports_match_search,"{""query"": {""and"": [{""field"": ""sport_game"", ""value"": ""世界杯""}, {""field"": ""sport_competition_phase"", ""value"": ""决赛""}]}}",《2026年世界杯》决赛那天,llm_onecall,15972.9,OK,
932,体育,第1轮,中超的比赛录像有哪些,fan_knowledge_agent,"{""messages"": [{""content"": ""中超的比赛录像有哪些"", ""role"": ""user""}], ""riskRespStrategy"": ""all_replace"", ""sceneTypeIntentList"": [{""intent"": ""sports_chat_qa"", ""sceneType"": ""sport_qa""}]}",中超的比赛录像有哪些,general_rule,17884.6,OK,
932,体育,第2轮,主场比赛,sports_vod_search,"{""query"": {""and"": [{""field"": ""sport_game"", ""value"": ""中超""}, {""field"": ""sport_team_home"", ""value"": ""主队""}]}}",中超的主场比赛录像,llm_onecall,16720.7,OK,
932,体育,第3轮,上海海港的,sports_vod_search,"{""query"": {""field"": ""sport_team"", ""value"": ""上海海港""}}",上海海港的主场比赛录像,llm_onecall,17149.9,OK,
932,体育,第4轮,上港的,sports_vod_search,"{""query"": {""field"": ""sport_team"", ""value"": ""上海海港""}}",上海海港的主场比赛录像,llm_onecall,17913.4,OK,
932,体育,第5轮,上海海港,sports_team_search,"{""sport_team"": ""上海海港""}",上海海港,llm_onecall,16008.4,OK,
933,体育,第1轮,推荐几部网球的视频,sports_vod_search,"{""query"": {""field"": ""sport_name"", ""value"": ""网球""}}",推荐几部网球的视频,llm_onecall,18145.2,OK,
933,体育,第2轮,清晰点的,sports_vod_search,"{""query"": {""field"": ""sport_name"", ""value"": ""网球""}}",推荐几部网球的视频,llm_onecall,16360.1,OK,
933,体育,第3轮,大满贯的,sports_vod_search,"{""query"": {""and"": [{""field"": ""sport_game"", ""value"": ""大满贯""}, {""field"": ""sport_name"", ""value"": ""网球""}]}}",推荐大满贯网球,llm_onecall,17081.5,OK,
933,体育,第4轮,画质好点的,sports_vod_search,"{""query"": {""and"": [{""field"": ""sport_game"", ""value"": ""大满贯""}, {""field"": ""sport_name"", ""value"": ""网球""}]}}",推荐画质好点的大满贯网球,llm_onecall,17860.8,OK,
933,体育,第5轮,大满贯那种,sports_vod_search,"{""query"": {""and"": [{""field"": ""sport_game"", ""value"": ""大满贯""}, {""field"": ""sport_name"", ""value"": ""网球""}]}}",推荐画质好点的大满贯网球,llm_onecall,20011.4,OK,
934,体育,第1轮,看看世界杯的比赛,sports_match_search,"{""query"": {""field"": ""sport_game"", ""value"": ""世界杯""}}",看看世界杯的比赛,llm_onecall,13634.2,OK,
934,体育,第2轮,拿了冠军吗,sports_match_event_card_search,,世界杯比赛拿了冠军吗,llm_onecall,11242.9,OK,
934,体育,第3轮,决赛回放,sports_match_search,"{""query"": {""and"": [{""field"": ""sport_game"", ""value"": ""世界杯""}, {""field"": ""sport_competition_phase"", ""value"": ""决赛""}, {""field"": ""live_state"", ""values"": {""and"": [""3"", ""4""]}}]}}",看看世界杯决赛回放,llm_onecall,14120.7,OK,
934,体育,第4轮,举办地,sports_match_search,"{""query"": {""and"": [{""field"": ""sport_game"", ""value"": ""世界杯""}, {""field"": ""sport_competition_phase"", ""value"": ""决赛""}, {""field"": ""live_state"", ""values"": {""and"": [""3"", ""4""]}}]}}",看看世界杯决赛回放,llm_onecall,15474.5,OK,
934,体育,第5轮,冠军是谁,,,,,42462.0,OK,
935,体育,第1轮,看看F1的比赛,sports_match_search,"{""query"": {""field"": ""sport_game"", ""value"": ""F1""}}",看看F1的比赛,llm_onecall,13147.8,OK,
935,体育,第2轮,上海那种,sports_match_search,"{""query"": {""and"": [{""field"": ""sport_game"", ""value"": ""F1""}, {""field"": ""sport_team_home"", ""value"": ""上海""}]}}",看看上海的F1比赛,llm_onecall,11993.5,OK,
935,体育,第3轮,上海站,sports_match_search,"{""query"": {""and"": [{""field"": ""sport_game"", ""value"": ""F1""}, {""field"": ""sport_team_home"", ""value"": ""上海""}]}}",看看上海的F1比赛,llm_onecall,14367.4,OK,
935,体育,第4轮,今年那种,sports_match_search,"{""query"": {""field"": ""sport_game"", ""value"": ""F1""}}",看看今年上海的F1比赛,llm_onecall,14839.1,OK,
935,体育,第5轮,排位的那种,sports_match_search,"{""query"": {""and"": [{""field"": ""sport_game"", ""value"": ""F1""}, {""field"": ""sport_team_home"", ""value"": ""上海""}, {""field"": ""sport_competition_phase"", ""value"": ""排位赛""}]}}",看看今年上海的F1比赛排位赛,llm_onecall,17663.6,OK,
936,体育,第1轮,有哪些拳击比赛,fan_knowledge_agent,"{""messages"": [{""content"": ""有哪些拳击比赛"", ""role"": ""user""}], ""riskRespStrategy"": ""all_replace"", ""sceneTypeIntentList"": [{""intent"": ""sports_chat_qa"", ""sceneType"": ""sport_qa""}]}",有哪些拳击比赛,general_rule,15901.3,OK,
936,体育,第2轮,最近一场,sports_match_search,"{""query"": {""field"": ""sport_name"", ""value"": ""拳击""}}",最近一场拳击比赛,llm_onecall,12864.8,OK,
936,体育,第3轮,要免费的有没有,sports_match_search,"{""query"": {""field"": ""sport_name"", ""value"": ""拳击""}}",最近一场拳击比赛要免费的有没有,llm_onecall,12632.8,OK,
936,体育,第4轮,完整重放的那种,sports_vod_search,"{""query"": {""field"": ""sport_name"", ""value"": ""拳击""}}",最近一场拳击比赛要免费的有没有完整重放的那种,llm_onecall,16785.1,OK,
936,体育,第5轮,重量级那种,sports_vod_search,"{""query"": {""field"": ""sport_name"", ""value"": ""拳击""}}",最近一场重量级拳击比赛要免费的有没有完整重放的那种,llm_onecall,18407.2,OK,
937,体育,第1轮,最近想看电竞比赛视频,sports_vod_search,"{""query"": {""field"": ""sport_name"", ""value"": ""电竞""}}",最近想看电竞比赛视频,llm_onecall,14902.1,OK,
937,体育,第2轮,英雄联盟的,sports_match_search,"{""query"": {""field"": ""sport_game"", ""value"": ""英雄联盟""}}",想看英雄联盟电竞比赛,llm_onecall,12614.5,OK,
937,体育,第3轮,去年的有吗,sports_vod_search,"{""query"": {""field"": ""sport_game"", ""value"": ""英雄联盟""}}",想看2025年的英雄联盟电竞比赛,llm_onecall,18154.3,OK,
937,体育,第4轮,lol比赛,sports_vod_search,"{""query"": {""field"": ""sport_game"", ""value"": ""英雄联盟""}}",想看2025年的英雄联盟电竞比赛,llm_onecall,19807.1,OK,
937,体育,第5轮,世界赛决赛,sports_match_search,"{""query"": {""and"": [{""field"": ""sport_game"", ""value"": ""英雄联盟""}, {""field"": ""sport_competition_phase"", ""value"": ""世界赛""}, {""field"": ""sport_competition_phase"", ""value"": ""决赛""}]}}",想看2025年英雄联盟世界赛决赛,llm_onecall,17402.1,OK,
938,体育,第1轮,好看的本周的NBA集锦,sports_vod_search,"{""query"": {""and"": [{""field"": ""sport_game"", ""value"": ""NBA""}, {""field"": ""sport_time_range"", ""from"": ""20260907 00:00:00"", ""to"": ""20260913 23:59:59""}]}}",好看的本周的NBA集锦,llm_onecall,16622.9,OK,
938,体育,第2轮,勇士的那种,sports_vod_search,"{""query"": {""and"": [{""field"": ""sport_game"", ""value"": ""NBA""}, {""field"": ""sport_time_range"", ""from"": ""20260907 00:00:00"", ""to"": ""20260913 23:59:59""}]}}",好看的本周的NBA集锦,llm_onecall,19621.7,OK,
938,体育,第3轮,有精彩进球,sports_vod_search,"{""query"": {""field"": ""title"", ""value"": ""精彩进球""}}",有精彩进球,llm_onecall,18173.4,OK,
938,体育,第4轮,勇士队比赛,sports_match_search,"{""query"": {""field"": ""sport_team"", ""value"": ""勇士""}}",勇士队比赛,llm_onecall,14693.2,OK,
938,体育,第5轮,免费渠道,sports_match_search,"{""query"": {""field"": ""sport_name"", ""value"": ""足球""}}",免费渠道,llm_onecall,16392.5,OK,
939,体育,第1轮,放台球比赛视频,sports_vod_search,"{""query"": {""field"": ""sport_name"", ""value"": ""台球""}}",放台球比赛视频,llm_onecall,15104.4,OK,
939,体育,第2轮,斯诺克那种,sports_match_search,"{""query"": {""and"": [{""field"": ""sport_name"", ""value"": ""台球""}, {""field"": ""sport_game"", ""value"": ""斯诺克""}]}}",放斯诺克台球比赛,llm_onecall,14405.4,OK,
939,体育,第3轮,不花钱的有没有,sports_vod_search,"{""query"": {""or"": [{""field"": ""sport_name"", ""value"": ""斯诺克""}, {""field"": ""sport_game"", ""value"": ""斯诺克""}]}}",不花钱的斯诺克台球比赛,llm_onecall,20270.5,OK,
939,体育,第4轮,斯诺克,sports_vod_search,"{""query"": {""or"": [{""field"": ""sport_name"", ""value"": ""斯诺克""}, {""field"": ""sport_game"", ""value"": ""斯诺克""}]}}",斯诺克,llm_onecall,20673.9,OK,
939,体育,第5轮,世界锦标赛,sports_match_search,"{""query"": {""field"": ""sport_game"", ""value"": ""世界锦标赛""}}",世界锦标赛,llm_onecall,16024.8,OK,
94,影视,第1轮,找点国产动画电影,educ_search_all,"{""query"": {""and"": [{""field"": ""country"", ""value"": ""中国""}, {""field"": ""children_second_genre"", ""value"": ""动画电影""}]}, ""retext"": ""找点国产动画电影""}",找点国产动画电影,llm_onecall,19501.4,OK,
94,影视,第2轮,神话改编的,fan_knowledge_agent,"{""messages"": [{""content"": ""找点神话改编的国产动画电影"", ""role"": ""user""}], ""riskRespStrategy"": ""all_replace"", ""sceneTypeIntentList"": [{""sceneType"": ""child""}]}",找点神话改编的国产动画电影,llm_select,19880.6,OK,
94,影视,第3轮,去年的,fan_knowledge_agent,"{""messages"": [{""content"": ""去年的神话改编的国产动画电影"", ""role"": ""user""}], ""riskRespStrategy"": ""all_replace"", ""sceneTypeIntentList"": [{""sceneType"": ""child""}]}",去年的神话改编的国产动画电影,llm_select,20340.8,OK,
94,影视,第4轮,根据神话改编,fan_knowledge_agent,"{""messages"": [{""content"": ""找点神话改编的国产动画电影"", ""role"": ""user""}], ""riskRespStrategy"": ""all_replace"", ""sceneTypeIntentList"": [{""sceneType"": ""child""}]}",找点神话改编的国产动画电影,llm_select,19742.2,OK,
94,影视,第5轮,去年出的,fan_knowledge_agent,"{""messages"": [{""content"": ""去年的神话改编的国产动画电影"", ""role"": ""user""}], ""riskRespStrategy"": ""all_replace"", ""sceneTypeIntentList"": [{""sceneType"": ""child""}]}",去年的神话改编的国产动画电影,llm_select,17601.4,OK,
940,体育,第1轮,有什么世界杯的比赛,sports_match_search,"{""query"": {""field"": ""sport_game"", ""value"": ""世界杯""}}",有什么世界杯的比赛,llm_onecall,12420.3,OK,
940,体育,第2轮,有决赛回放吗,,,,,40250.5,OK,
940,体育,第3轮,决赛时间,sports_match_search,"{""query"": {""and"": [{""field"": ""sport_game"", ""value"": ""世界杯""}, {""field"": ""sport_competition_phase"", ""value"": ""决赛""}]}}",世界杯决赛时间,llm_onecall,15662.6,OK,
940,体育,第4轮,金球奖谁拿,fan_knowledge_agent,"{""messages"": [{""content"": ""金球奖谁拿"", ""role"": ""user""}], ""riskRespStrategy"": ""all_replace"", ""sceneTypeIntentList"": [{""sceneType"": ""knowledge_qa""}]}",金球奖谁拿,general_rule,20442.5,OK,
940,体育,第5轮,冠军是谁,fan_knowledge_agent,"{""messages"": [{""content"": ""2026年世界杯冠军是谁"", ""role"": ""user""}], ""riskRespStrategy"": ""all_replace"", ""sceneTypeIntentList"": [{""intent"": ""sports_forecast"", ""sceneType"": ""sport_qa""}]}",2026年世界杯冠军是谁,general_rule,13618.7,OK,
941,体育,第1轮,有什么好看的中超的比赛录像,sports_vod_search,"{""query"": {""field"": ""sport_game"", ""value"": ""中超""}}",有什么好看的中超的比赛录像,llm_onecall,16387.7,OK,
941,体育,第2轮,分辨率高的,numeric_adjust,"{""device"": """", ""location"": """", ""object"": ""分辨率"", ""operation"": ""设置"", ""value"": """"}",分辨率高的中超比赛录像,llm_onecall,13864.3,OK,
941,体育,第3轮,清晰的,numeric_adjust,"{""device"": """", ""location"": """", ""object"": ""分辨率"", ""operation"": ""设置"", ""value"": """"}",分辨率高的中超比赛录像,llm_onecall,15305.2,OK,
941,体育,第4轮,免费能看吗,numeric_adjust,"{""device"": """", ""location"": """", ""object"": ""分辨率"", ""operation"": ""设置"", ""value"": """"}",分辨率高的中超比赛录像免费能看吗,llm_onecall,13596.4,OK,
941,体育,第5轮,要上海海港的,sports_vod_search,"{""query"": {""and"": [{""field"": ""sport_team"", ""value"": ""上海海港""}, {""field"": ""sport_game"", ""value"": ""中超""}]}}",搜索上海海港的中超比赛录像,llm_onecall,35619.5,OK,
942,体育,第1轮,最近想看排球比赛,sports_match_search,"{""query"": {""field"": ""sport_name"", ""value"": ""排球""}}",最近想看排球比赛,llm_onecall,13075.6,OK,
942,体育,第2轮,能白看的吗,sports_match_search,"{""query"": {""field"": ""sport_name"", ""value"": ""排球""}}",最近想看排球比赛能白看的吗,llm_onecall,13854.7,OK,
942,体育,第3轮,全场版,sports_vod_search,"{""query"": {""field"": ""sport_name"", ""value"": ""排球""}}",最近想看排球比赛能白看的吗的全场版,llm_onecall,20488.0,OK,
942,体育,第4轮,中国对巴西那场,sports_match_search,"{""query"": {""and"": [{""field"": ""sport_team"", ""value"": ""中国""}, {""field"": ""sport_team"", ""value"": ""巴西""}]}}",中国对巴西那场,llm_onecall,15079.7,OK,
942,体育,第5轮,要完整版,sports_vod_search,"{""query"": {""and"": [{""field"": ""sport_team"", ""operator"": ""or"", ""values"": {""and"": [""中国"", ""巴西""]}}, {""field"": ""title"", ""value"": ""全场版""}]}}",中国对巴西那场的全场版,llm_onecall,15914.2,OK,
943,体育,第1轮,推荐几部足球比赛视频,sports_vod_search,"{""query"": {""field"": ""sport_name"", ""value"": ""足球""}}",推荐几部足球比赛视频,llm_onecall,16073.7,OK,
943,体育,第2轮,半决赛,sports_vod_search,"{""query"": {""field"": ""sport_name"", ""value"": ""足球""}}",推荐几部足球比赛视频,llm_onecall,18730.8,OK,
943,体育,第3轮,比分多少的那种,sports_vod_search,"{""query"": {""field"": ""sport_name"", ""value"": ""足球""}}",推荐有比分信息的足球比赛视频,llm_onecall,19157.2,OK,
943,体育,第4轮,半决那种,sports_match_search,"{""query"": {""and"": [{""field"": ""sport_name"", ""value"": ""足球""}, {""field"": ""sport_competition_phase"", ""value"": ""半决赛""}]}}",推荐半决赛的足球比赛,llm_onecall,15616.7,OK,
943,体育,第5轮,半决赛的有吗,sports_match_search,"{""query"": {""and"": [{""field"": ""sport_name"", ""value"": ""足球""}, {""field"": ""sport_competition_phase"", ""value"": ""半决赛""}]}}",推荐半决赛的足球比赛,llm_onecall,16434.7,OK,
944,体育,第1轮,有没有好看的中超的比赛录像,sports_vod_search,"{""query"": {""field"": ""sport_game"", ""value"": ""中超""}}",有没有好看的中超的比赛录像,llm_onecall,16698.7,OK,
944,体育,第2轮,上个月踢的,sports_vod_search,"{""query"": {""field"": ""sport_game"", ""value"": ""中超""}}",有没有上个月中超的比赛录像,llm_onecall,19387.3,OK,
944,体育,第3轮,主场比赛,sports_vod_search,"{""query"": {""and"": [{""field"": ""sport_game"", ""value"": ""中超""}, {""field"": ""sport_team_home"", ""value"": ""*""}]}}",有没有上个月中超主场比赛的录像,llm_onecall,20381.0,OK,
944,体育,第4轮,上个月打的,sports_vod_search,"{""query"": {""and"": [{""field"": ""sport_game"", ""value"": ""中超""}, {""field"": ""sport_team_home"", ""value"": ""*""}]}}",有没有上个月中超主场比赛的录像,llm_onecall,19754.0,OK,
944,体育,第5轮,画质高的,sports_vod_search,"{""query"": {""and"": [{""field"": ""sport_game"", ""value"": ""中超""}, {""field"": ""sport_team_home"", ""value"": ""*""}]}}",有没有上个月中超主场比赛的录像画质高的,llm_onecall,19764.4,OK,
945,体育,第1轮,有没有好看的F1的比赛,sports_match_search,"{""query"": {""field"": ""sport_game"", ""value"": ""F1""}}",有没有好看的F1的比赛,llm_onecall,10866.7,OK,
945,体育,第2轮,完整回放,sports_match_search,"{""query"": {""and"": [{""field"": ""sport_game"", ""value"": ""F1""}, {""field"": ""live_state"", ""values"": {""and"": [""3"", ""4""]}}]}}",完整回放F1比赛,llm_onecall,14143.4,OK,
945,体育,第3轮,今年办的,sports_match_search,"{""query"": {""field"": ""sport_game"", ""value"": ""F1""}}",今年举办的F1比赛,llm_onecall,15737.4,OK,
945,体育,第4轮,今年举办的,sports_match_search,"{""query"": {""field"": ""sport_game"", ""value"": ""F1""}}",今年举办的F1比赛,llm_onecall,13358.4,OK,
945,体育,第5轮,沪站的,sports_match_search,"{""query"": {""and"": [{""field"": ""sport_game"", ""value"": ""F1""}, {""field"": ""sport_name"", ""value"": ""F1""}]}}",今年举办的F1比赛沪站的,llm_onecall,15818.1,OK,
946,体育,第1轮,推荐些台球比赛视频,sports_vod_search,"{""query"": {""field"": ""sport_name"", ""value"": ""台球""}}",推荐些台球比赛视频,llm_onecall,15720.2,OK,
946,体育,第2轮,要画质好的,sports_vod_search,"{""query"": {""field"": ""sport_name"", ""value"": ""台球""}}",推荐画质好的台球比赛视频,llm_onecall,15814.6,OK,
946,体育,第3轮,要snooker的,sports_vod_search,"{""query"": {""field"": ""sport_name"", ""value"": ""snooker""}}",推荐snooker台球比赛视频,llm_onecall,16708.5,OK,
946,体育,第4轮,免费能看的,sports_vod_search,"{""query"": {""field"": ""sport_name"", ""value"": ""snooker""}}",推荐免费能看的snooker台球比赛视频,llm_onecall,18572.8,OK,
946,体育,第5轮,斯诺克,sports_vod_search,"{""query"": {""field"": ""sport_name"", ""value"": ""snooker""}}",推荐snooker台球比赛视频,llm_onecall,18610.6,OK,
947,体育,第1轮,放几部电竞比赛视频,sports_vod_search,"{""query"": {""field"": ""sport_name"", ""value"": ""电竞""}}",放几部电竞比赛视频,llm_onecall,16294.0,OK,
947,体育,第2轮,世界赛那种决赛,sports_vod_search,"{""query"": {""and"": [{""field"": ""sport_game"", ""value"": ""世界赛""}, {""field"": ""sport_competition_phase"", ""value"": ""决赛""}]}}",播放世界赛决赛,llm_onecall,15663.7,OK,
947,体育,第3轮,世界决赛的那种,sports_vod_search,"{""query"": {""and"": [{""field"": ""sport_game"", ""value"": ""世界赛""}, {""field"": ""sport_competition_phase"", ""value"": ""决赛""}]}}",播放世界赛决赛,llm_onecall,17067.0,OK,
947,体育,第4轮,不要钱的,sports_vod_search,"{""query"": {""and"": [{""field"": ""sport_game"", ""value"": ""世界赛""}, {""field"": ""sport_competition_phase"", ""value"": ""决赛""}]}}",播放世界赛决赛,llm_onecall,19053.5,OK,
947,体育,第5轮,去年的有吗,sports_vod_search,"{""query"": {""and"": [{""field"": ""sport_game"", ""value"": ""世界赛""}, {""field"": ""sport_competition_phase"", ""value"": ""决赛""}]}}",播放去年的世界赛决赛,llm_onecall,18681.7,OK,
948,体育,第1轮,放几部本周的NBA集锦,sports_vod_search,"{""query"": {""and"": [{""field"": ""sport_game"", ""value"": ""NBA""}, {""field"": ""sport_time_range"", ""from"": ""20260907 00:00:00"", ""to"": ""20260913 23:59:59""}]}}",放几部本周的NBA集锦,llm_onecall,16964.3,OK,
948,体育,第2轮,勇士那种,sports_vod_search,"{""query"": {""and"": [{""field"": ""sport_game"", ""value"": ""NBA""}, {""field"": ""sport_time_range"", ""from"": ""20260907 00:00:00"", ""to"": ""20260913 23:59:59""}]}}",放几部本周的NBA集锦,llm_onecall,19676.3,OK,
948,体育,第3轮,清晰点的,sports_vod_search,"{""query"": {""and"": [{""field"": ""sport_game"", ""value"": ""NBA""}, {""field"": ""sport_time_range"", ""from"": ""20260907 00:00:00"", ""to"": ""20260913 23:59:59""}]}}",播放本周NBA集锦,llm_onecall,20195.2,OK,
948,体育,第4轮,免费的渠道有吗,sports_vod_search,"{""query"": {""and"": [{""field"": ""sport_game"", ""value"": ""NBA""}, {""field"": ""sport_time_range"", ""from"": ""20260907 00:00:00"", ""to"": ""20260913 23:59:59""}]}}",播放本周NBA集锦,llm_onecall,22172.2,OK,
948,体育,第5轮,要勇士队的,sports_vod_search,"{""query"": {""and"": [{""field"": ""sport_game"", ""value"": ""NBA""}, {""field"": ""sport_team"", ""value"": ""勇士""}, {""field"": ""sport_time_range"", ""from"": ""20260907 00:00:00"", ""to"": ""20260913 23:59:59""}]}}",本周NBA集锦要勇士队的,llm_onecall,16370.3,OK,
949,体育,第1轮,推荐些中超的比赛录像,sports_vod_search,"{""query"": {""field"": ""sport_game"", ""value"": ""中超""}}",推荐些中超的比赛录像,llm_onecall,15381.0,OK,
949,体育,第2轮,上个月打的,sports_vod_search,"{""query"": {""field"": ""sport_game"", ""value"": ""中超""}}",推荐上个月的中超比赛录像,llm_onecall,19297.9,OK,
949,体育,第3轮,画质高的,sports_vod_search,"{""query"": {""field"": ""sport_game"", ""value"": ""中超""}}",推荐上个月画质高的中超比赛录像,llm_onecall,19016.6,OK,
949,体育,第4轮,上港的,sports_vod_search,"{""query"": {""and"": [{""field"": ""sport_team"", ""value"": ""上海上港""}, {""field"": ""sport_game"", ""value"": ""中超""}]}}",推荐上个月画质高的上海上港的中超比赛录像,llm_onecall,22123.2,OK,
949,体育,第5轮,要上个月,sports_vod_search,"{""query"": {""and"": [{""field"": ""sport_team"", ""value"": ""上海上港""}, {""field"": ""sport_game"", ""value"": ""中超""}]}}",推荐上个月画质高的上海上港的中超比赛录像,llm_onecall,17373.0,OK,
95,影视,第1轮,来一部恋爱剧,vod_search,"{""action"": ""search"", ""query"": {""and"": [{""field"": ""category"", ""value"": ""电视剧""}, {""field"": ""tag"", ""value"": ""恋爱""}]}, ""retext"": ""来一部恋爱剧""}",来一部恋爱剧,llm_onecall,19293.5,OK,
95,影视,第2轮,高甜不虐的,vod_search,"{""action"": ""search"", ""query"": {""and"": [{""field"": ""category"", ""value"": ""电视剧""}, {""field"": ""tag"", ""operator"": ""or"", ""values"": [""高甜"", ""恋爱""]}]}, ""retext"": ""想看高甜不虐的恋爱剧""}",想看高甜不虐的恋爱剧,llm_onecall,33873.5,OK,
95,影视,第3轮,蓝光版的,vod_search,"{""action"": ""search"", ""query"": {""and"": [{""field"": ""tag"", ""operator"": ""or"", ""values"": [""高甜"", ""不虐"", ""恋爱""]}, {""field"": ""definition"", ""value"": ""is_4k""}]}, ""retext"": ""想看高甜不虐的恋爱剧蓝光版的""}",想看高甜不虐的恋爱剧蓝光版的,llm_onecall,32716.1,OK,
95,影视,第4轮,颜值高的,vod_search,"{""action"": ""search"", ""query"": {""and"": [{""field"": ""category"", ""value"": ""电视剧""}, {""field"": ""tag"", ""operator"": ""or"", ""values"": [""高甜"", ""不虐"", ""恋爱""]}, {""field"": ""definition"", ""value"": ""is_4k""}]}, ""retext"": ""想看高甜不虐的恋爱剧蓝光版的颜值高的""}",想看高甜不虐的恋爱剧蓝光版的颜值高的,llm_onecall,32087.1,OK,
95,影视,第5轮,女主漂亮点的,vod_fuzzy_search,"{""retext"": ""想看高甜不虐的恋爱剧蓝光版的颜值高的女主漂亮点的""}",想看高甜不虐的恋爱剧蓝光版的颜值高的女主漂亮点的,llm_onecall,16428.9,OK,
950,体育,第1轮,放几部拳击比赛,sports_vod_search,"{""query"": {""field"": ""sport_name"", ""value"": ""拳击""}}",放几部拳击比赛,llm_onecall,15542.2,OK,
950,体育,第2轮,完整回放,sports_match_search,"{""query"": {""field"": ""live_state"", ""values"": {""and"": [""3"", ""4""]}}}",完整回放,llm_onecall,14818.0,OK,
950,体育,第3轮,重量级那种,sports_vod_search,"{""query"": {""and"": [{""field"": ""sport_name"", ""value"": ""拳击""}, {""field"": ""sport_competition_phase"", ""value"": ""重量级""}]}}",放几部重量级拳击比赛,llm_onecall,17410.7,OK,
950,体育,第4轮,最近那种,sports_match_search,"{""query"": {""field"": ""sport_name"", ""value"": ""重量级拳击""}}",最近重量级拳击比赛,llm_onecall,13791.2,OK,
950,体育,第5轮,完整重放,sports_match_search,"{""query"": null}",完整重放,llm_onecall,14419.7,OK,
951,体育,第1轮,来几部足球比赛视频,sports_vod_search,"{""query"": {""field"": ""sport_name"", ""value"": ""足球""}}",来几部足球比赛视频,llm_onecall,17211.0,OK,
951,体育,第2轮,有回放,sports_match_search,"{""query"": {""and"": [{""field"": ""sport_name"", ""value"": ""足球""}, {""field"": ""live_state"", ""values"": {""and"": [""3"", ""4""]}}]}}",有足球比赛回放,llm_onecall,15865.3,OK,
951,体育,第3轮,半决赛,sports_match_search,"{""query"": {""field"": ""sport_competition_phase"", ""value"": ""半决赛""}}",半决赛,llm_onecall,14361.8,OK,
951,体育,第4轮,7月21日,sports_match_search,"{""query"": {""and"": [{""field"": ""sport_name"", ""value"": ""足球""}, {""field"": ""sport_time"", ""value"": ""20260721""}]}}",7月21日的足球比赛,llm_onecall,16379.3,OK,
951,体育,第5轮,赢的是谁,fan_knowledge_agent,"{""messages"": [{""content"": ""7月21日的足球比赛赢的是谁"", ""role"": ""user""}], ""riskRespStrategy"": ""all_replace"", ""sceneTypeIntentList"": [{""intent"": ""sports_chat_qa"", ""sceneType"": ""sport_qa""}]}",7月21日的足球比赛赢的是谁,general_rule,16643.9,OK,
952,体育,第1轮,我想看篮球比赛视频,sports_vod_search,"{""query"": {""field"": ""sport_name"", ""value"": ""篮球""}}",我想看篮球比赛视频,llm_onecall,17016.9,OK,
952,体育,第2轮,CBA的,sports_match_search,"{""query"": {""and"": [{""field"": ""sport_game"", ""value"": ""CBA""}, {""field"": ""sport_name"", ""value"": ""篮球""}]}}",想看CBA篮球比赛,llm_onecall,15670.7,OK,
952,体育,第3轮,cba的,sports_match_search,"{""query"": {""and"": [{""field"": ""sport_game"", ""value"": ""CBA""}, {""field"": ""sport_name"", ""value"": ""篮球""}]}}",想看CBA篮球比赛,llm_onecall,15128.2,OK,
952,体育,第4轮,新疆那队,sports_team_search,"{""sport_team"": ""新疆""}",新疆那队,llm_onecall,15821.1,OK,
952,体育,第5轮,在广州打的,sports_match_search,"{""query"": {""and"": [{""field"": ""sport_game"", ""value"": ""CBA""}, {""field"": ""sport_team_home"", ""value"": ""广州""}, {""field"": ""sport_team_guest"", ""value"": ""新疆""}]}}",想看CBA篮球比赛新疆队在广州打的,llm_onecall,14141.2,OK,
953,体育,第1轮,有啥好看的本周的NBA集锦,sports_vod_search,"{""query"": {""and"": [{""field"": ""sport_game"", ""value"": ""NBA""}, {""field"": ""sport_time_range"", ""from"": ""20260907 00:00:00"", ""to"": ""20260913 23:59:59""}]}}",有啥好看的本周的NBA集锦,llm_onecall,18237.8,OK,
953,体育,第2轮,免费渠道的有吗,sports_vod_search,"{""query"": {""and"": [{""field"": ""sport_game"", ""value"": ""NBA""}, {""field"": ""sport_time_range"", ""from"": ""20260907 00:00:00"", ""to"": ""20260913 23:59:59""}]}}",有啥好看的本周的NBA集锦,llm_onecall,18479.8,OK,
953,体育,第3轮,要勇士那种,sports_match_search,"{""query"": {""field"": ""sport_team"", ""value"": ""勇士""}}",想看勇士队的比赛,llm_onecall,14766.3,OK,
953,体育,第4轮,勇士队的,sports_match_search,"{""query"": {""field"": ""sport_team"", ""value"": ""勇士""}}",想看勇士队的比赛,llm_onecall,14664.5,OK,
953,体育,第5轮,库里的比赛,sports_match_search,"{""query"": {""field"": ""sport_star"", ""value"": ""库里""}}",想看库里比赛,llm_onecall,11795.0,OK,
954,体育,第1轮,有什么台球比赛视频,sports_vod_search,"{""query"": {""field"": ""sport_name"", ""value"": ""台球""}}",有什么台球比赛视频,llm_onecall,19975.5,OK,
954,体育,第2轮,小丁那场,sports_match_search,"{""query"": {""and"": [{""field"": ""sport_name"", ""value"": ""台球""}, {""field"": ""sport_star"", ""value"": ""小丁""}]}}",小丁那场台球比赛,llm_onecall,14786.4,OK,
954,体育,第3轮,世锦赛,sports_vod_search,"{""query"": {""and"": [{""field"": ""sport_star"", ""value"": ""小丁""}, {""field"": ""sport_game"", ""value"": ""世锦赛""}]}}",小丁世锦赛,llm_onecall,20021.7,OK,
954,体育,第4轮,免费能看的有没有,sports_vod_search,"{""query"": {""and"": [{""field"": ""sport_star"", ""value"": ""小丁""}, {""field"": ""sport_game"", ""value"": ""世锦赛""}]}}",小丁世锦赛,llm_onecall,17018.4,OK,
954,体育,第5轮,细腻画质,sports_vod_search,"{""query"": {""field"": ""sport_name"", ""value"": ""画质""}}",细腻画质,llm_onecall,15174.6,OK,
955,体育,第1轮,最近想看足球比赛视频,sports_vod_search,"{""query"": {""field"": ""sport_name"", ""value"": ""足球""}}",最近想看足球比赛视频,llm_onecall,18978.5,OK,
955,体育,第2轮,7月21号,sports_match_search,"{""query"": {""field"": ""sport_time"", ""value"": ""20260721""}}",7月21号,llm_onecall,15562.0,OK,
955,体育,第3轮,半决赛的有吗,sports_match_search,"{""query"": {""and"": [{""field"": ""sport_name"", ""value"": ""足球""}, {""field"": ""sport_competition_phase"", ""value"": ""半决赛""}, {""field"": ""sport_time"", ""value"": ""20260721""}]}}",7月21号半决赛的足球比赛,llm_onecall,17448.6,OK,
955,体育,第4轮,要7月21日,sports_match_search,"{""query"": {""field"": ""sport_time"", ""value"": ""20260721""}}",7月21日,llm_onecall,12338.0,OK,
955,体育,第5轮,英超那种,sports_match_search,"{""query"": {""and"": [{""field"": ""sport_name"", ""value"": ""足球""}, {""field"": ""sport_competition_phase"", ""value"": ""半决赛""}, {""field"": ""sport_time"", ""value"": ""20260721""}]}}",搜索7月21日半决赛的足球比赛,llm_onecall,23845.5,OK,
956,体育,第1轮,想看F1的比赛,sports_match_search,"{""query"": {""field"": ""sport_game"", ""value"": ""F1""}}",想看F1的比赛,llm_onecall,12159.6,OK,
956,体育,第2轮,排位的那种,sports_match_search,"{""query"": {""and"": [{""field"": ""sport_game"", ""value"": ""F1""}, {""field"": ""sport_competition_phase"", ""value"": ""排位赛""}]}}",想看F1的排位赛,llm_onecall,15049.1,OK,
956,体育,第3轮,沪站的,sports_match_search,"{""query"": {""and"": [{""field"": ""sport_game"", ""value"": ""F1""}, {""field"": ""sport_competition_phase"", ""value"": ""排位赛""}]}}",想看F1的排位赛沪站的,llm_onecall,17562.2,OK,
956,体育,第4轮,免费的有吗,sports_vod_search,"{""query"": {""and"": [{""field"": ""sport_game"", ""value"": ""F1""}, {""field"": ""sport_competition_phase"", ""value"": ""排位赛""}]}}",想看免费的F1排位赛沪站,llm_onecall,15736.1,OK,
956,体育,第5轮,今年办的,sports_match_search,"{""query"": {""and"": [{""field"": ""sport_game"", ""value"": ""F1""}, {""field"": ""sport_competition_phase"", ""value"": ""排位赛""}]}}",想看今年举办的F1排位赛沪站,llm_onecall,14207.8,OK,
957,体育,第1轮,放拳击比赛,sports_match_search,"{""query"": {""field"": ""sport_name"", ""value"": ""拳击""}}",放拳击比赛,llm_onecall,14020.9,OK,
957,体育,第2轮,重量组,sports_match_search,"{""query"": {""and"": [{""field"": ""sport_name"", ""value"": ""拳击""}, {""field"": ""sport_competition_phase"", ""value"": ""重量组""}]}}",播放重量组拳击比赛,llm_onecall,16066.6,OK,
957,体育,第3轮,重量级那种,sports_match_search,"{""query"": {""field"": ""sport_name"", ""value"": ""重量级拳击""}}",播放重量级拳击比赛,llm_onecall,11128.9,OK,
957,体育,第4轮,不花钱能看的,sports_vod_search,"{""query"": {""field"": ""sport_name"", ""value"": ""免费""}}",不花钱能看的,llm_onecall,15500.4,OK,
957,体育,第5轮,最近那种,vod_search,"{""action"": ""search"", ""query"": {""field"": ""is_fee"", ""value"": ""0""}, ""retext"": ""最近不花钱能看的"", ""sort"": {""new"": {""order"": ""desc""}}}",最近不花钱能看的,llm_onecall,14840.8,OK,
958,体育,第1轮,有哪些足球比赛视频,fan_knowledge_agent,"{""messages"": [{""content"": ""有哪些足球比赛视频"", ""role"": ""user""}], ""riskRespStrategy"": ""all_replace"", ""sceneTypeIntentList"": [{""intent"": ""sports_chat_qa"", ""sceneType"": ""sport_qa""}]}",有哪些足球比赛视频,general_rule,19523.8,OK,
958,体育,第2轮,赢的是谁,sports_team_search,"{""sport_team"": ""阿森纳""}",阿森纳,fewshot_cache,11475.1,OK,
958,体育,第3轮,7月21日踢的,sports_match_search,"{""query"": {""and"": [{""field"": ""sport_team"", ""value"": ""阿森纳""}, {""field"": ""sport_name"", ""value"": ""足球""}, {""field"": ""sport_time"", ""value"": ""20260721""}]}}",7月21日阿森纳踢的足球比赛,llm_onecall,11350.9,OK,
958,体育,第4轮,半决赛那场,sports_match_search,"{""query"": {""and"": [{""field"": ""sport_team"", ""value"": ""阿森纳""}, {""field"": ""sport_name"", ""value"": ""足球""}, {""field"": ""sport_competition_phase"", ""value"": ""半决赛""}, {""field"": ""sport_time"", ""value"": ""20260721""}]}}",7月21日阿森纳踢的足球比赛的半决赛,llm_onecall,13969.2,OK,
958,体育,第5轮,7月21日的那种,sports_match_search,"{""query"": {""and"": [{""field"": ""sport_team"", ""value"": ""阿森纳""}, {""field"": ""sport_name"", ""value"": ""足球""}, {""field"": ""sport_competition_phase"", ""value"": ""半决赛""}, {""field"": ""sport_time"", ""value"": ""20260721""}]}}",7月21日阿森纳踢的足球比赛的半决赛,llm_onecall,16779.3,OK,
959,体育,第1轮,好看的篮球比赛视频,sports_vod_search,"{""query"": {""field"": ""sport_name"", ""value"": ""篮球""}}",好看的篮球比赛视频,llm_onecall,18887.6,OK,
959,体育,第2轮,新疆那种,sports_team_search,"{""sport_team"": ""新疆""}",新疆,llm_onecall,11973.2,OK,
959,体育,第3轮,中国男篮联赛,sports_team_search,"{""sport_team"": ""中国男篮""}",中国男篮联赛,llm_onecall,11668.3,OK,
959,体育,第4轮,要季后赛那种,sports_match_search,"{""query"": {""and"": [{""field"": ""sport_team"", ""value"": ""中国男篮""}, {""field"": ""sport_competition_phase"", ""value"": ""季后赛""}]}}",中国男篮联赛季后赛,llm_onecall,12993.4,OK,
959,体育,第5轮,季后赛的,sports_match_search,"{""query"": {""and"": [{""field"": ""sport_team"", ""value"": ""中国男篮""}, {""field"": ""sport_competition_phase"", ""value"": ""季后赛""}]}}",中国男篮联赛季后赛,llm_onecall,15354.8,OK,
96,影视,第1轮,好看的医疗剧,vod_search,"{""action"": ""search"", ""query"": {""and"": [{""field"": ""category"", ""value"": ""电视剧""}, {""field"": ""tag"", ""value"": ""医疗""}]}, ""retext"": ""好看的医疗剧"", ""sort"": {""hot"": {""order"": ""desc""}}}",好看的医疗剧,llm_onecall,16198.3,OK,
96,影视,第2轮,医疗细节真实的,vod_fuzzy_search,"{""retext"": ""医疗细节真实的""}",医疗细节真实的,llm_onecall,16223.0,OK,
96,影视,第3轮,咱们自己拍的,vod_search_all,"{""action"": ""search"", ""query"": {""and"": [{""field"": ""area"", ""value"": ""国产""}, {""field"": ""category"", ""value"": ""电视剧""}, {""field"": ""tag"", ""operator"": ""or"", ""values"": [""医疗"", ""真实""]}]}, ""retext"": ""好看的医疗剧；医疗细节真实的；咱们自己拍的"", ""sort"": {""hot"": {""order"": ""desc""}}}",好看的医疗剧；医疗细节真实的；咱们自己拍的,llm_onecall,32842.0,OK,
96,影视,第4轮,专业度高的,vod_personalized_search,,专业度高的,llm_onecall,14894.7,OK,
96,影视,第5轮,打分高的有吗,vod_search,"{""action"": ""search"", ""query"": {}, ""retext"": ""打分高的"", ""sort"": {""rate"": {""order"": ""desc""}}}",打分高的,llm_onecall,15328.1,OK,
960,体育,第1轮,有没有好看的世界杯的比赛,sports_match_search,"{""query"": {""field"": ""sport_game"", ""value"": ""世界杯""}}",有没有好看的世界杯的比赛,llm_onecall,15000.1,OK,
960,体育,第2轮,最后谁夺冠了,fan_knowledge_agent,"{""messages"": [{""content"": ""最近一次世界杯的冠军是谁"", ""role"": ""user""}], ""riskRespStrategy"": ""all_replace"", ""sceneTypeIntentList"": [{""intent"": ""sports_forecast"", ""sceneType"": ""sport_qa""}]}",最近一次世界杯的冠军是谁,general_rule,15267.0,OK,
960,体育,第3轮,冠军是谁,fan_knowledge_agent,"{""messages"": [{""content"": ""最近一次世界杯的冠军是谁"", ""role"": ""user""}], ""riskRespStrategy"": ""all_replace"", ""sceneTypeIntentList"": [{""intent"": ""sports_forecast"", ""sceneType"": ""sport_qa""}]}",最近一次世界杯的冠军是谁,general_rule,13958.3,OK,
960,体育,第4轮,金球奖得主是谁,fan_knowledge_agent,"{""messages"": [{""content"": ""世界杯金球奖得主是谁"", ""role"": ""user""}], ""riskRespStrategy"": ""all_replace"", ""sceneTypeIntentList"": [{""intent"": ""sports_chat_qa"", ""sceneType"": ""sport_qa""}]}",世界杯金球奖得主是谁,general_rule,15511.9,OK,
960,体育,第5轮,金球奖,fan_knowledge_agent,"{""messages"": [{""content"": ""世界杯金球奖得主是谁"", ""role"": ""user""}], ""riskRespStrategy"": ""all_replace"", ""sceneTypeIntentList"": [{""intent"": ""sports_chat_qa"", ""sceneType"": ""sport_qa""}]}",世界杯金球奖得主是谁,general_rule,16404.0,OK,
961,体育,第1轮,最近想看网球的视频,sports_vod_search,"{""query"": {""field"": ""sport_name"", ""value"": ""网球""}}",最近想看网球的视频,llm_onecall,19852.3,OK,
961,体育,第2轮,看决赛轮,sports_match_search,"{""query"": {""and"": [{""field"": ""sport_name"", ""value"": ""网球""}, {""field"": ""sport_competition_phase"", ""value"": ""决赛""}]}}",想看网球决赛,llm_onecall,10404.7,OK,
961,体育,第3轮,大满贯赛事,sports_match_search,"{""query"": {""and"": [{""field"": ""sport_name"", ""value"": ""网球""}, {""field"": ""sport_game"", ""value"": ""大满贯""}]}}",想看网球大满贯赛事,llm_onecall,13103.4,OK,
961,体育,第4轮,决赛那种,sports_match_search,"{""query"": {""and"": [{""field"": ""sport_name"", ""value"": ""网球""}, {""field"": ""sport_game"", ""value"": ""大满贯""}]}}",想看网球大满贯赛事,llm_onecall,13934.8,OK,
961,体育,第5轮,昨晚那种,sports_match_search,"{""query"": {""and"": [{""field"": ""sport_name"", ""value"": ""网球""}, {""field"": ""sport_game"", ""value"": ""大满贯""}]}}",想看昨晚的网球大满贯赛事,llm_onecall,14314.5,OK,
962,体育,第1轮,想看奥运会乒乓球比赛视频,sports_vod_search,"{""query"": {""and"": [{""field"": ""sport_game"", ""value"": ""奥运会""}, {""field"": ""sport_name"", ""value"": ""乒乓球""}]}}",想看奥运会乒乓球比赛视频,llm_onecall,20173.2,OK,
962,体育,第2轮,画质清楚,sports_vod_search,"{""query"": {""and"": [{""field"": ""sport_game"", ""value"": ""奥运会""}, {""field"": ""sport_name"", ""value"": ""乒乓球""}]}}",想看画质清楚的奥运会乒乓球比赛视频,llm_onecall,14174.6,OK,
962,体育,第3轮,樊振东那场,sports_match_search,"{""query"": {""field"": ""sport_star"", ""value"": ""樊振东""}}",樊振东那场,llm_onecall,11540.2,OK,
962,体育,第4轮,男单,sports_match_search,"{""query"": {""field"": ""sport_star"", ""value"": ""樊振东""}}",樊振东男单,llm_onecall,13921.7,OK,
962,体育,第5轮,小胖那场,sports_match_search,"{""query"": {""field"": ""sport_star"", ""value"": ""樊振东""}}",樊振东男单,llm_onecall,14682.8,OK,
963,体育,第1轮,来几部拳击比赛,sports_vod_search,"{""query"": {""field"": ""sport_name"", ""value"": ""拳击""}}",来几部拳击比赛,llm_onecall,19599.9,OK,
963,体育,第2轮,最近那场,sports_match_search,"{""query"": {""field"": ""sport_name"", ""value"": ""拳击""}}",最近那场拳击比赛,llm_onecall,11661.9,OK,
963,体育,第3轮,重量组,sports_match_search,"{""query"": {""field"": ""sport_name"", ""value"": ""重量组拳击""}}",重量组拳击比赛,llm_onecall,12004.8,OK,
963,体育,第4轮,完整回放的那种,sports_match_search,"{""query"": {""and"": [{""field"": ""sport_name"", ""value"": ""拳击""}, {""field"": ""sport_competition_phase"", ""value"": ""重量组""}, {""field"": ""live_state"", ""values"": {""and"": [""3"", ""4""]}}]}}",重量组拳击比赛完整回放,llm_onecall,14885.2,OK,
963,体育,第5轮,最近打的,sports_match_search,"{""query"": {""and"": [{""field"": ""sport_name"", ""value"": ""拳击""}, {""field"": ""sport_competition_phase"", ""value"": ""重量级""}, {""field"": ""live_state"", ""values"": {""and"": [""3"", ""4""]}}]}}",最近打的重量组拳击比赛完整回放,llm_onecall,15422.8,OK,
964,体育,第1轮,来几部马拉松比赛视频,sports_vod_search,"{""query"": {""field"": ""sport_name"", ""value"": ""马拉松""}}",来几部马拉松比赛视频,llm_onecall,17795.5,OK,
964,体育,第2轮,完整回放,sports_match_search,"{""query"": {""field"": ""live_state"", ""values"": {""and"": [""3"", ""4""]}}}",完整回放,llm_onecall,11229.3,OK,
964,体育,第3轮,国内的城市马拉松,sports_match_search,"{""query"": {""and"": [{""field"": ""sport_name"", ""value"": ""马拉松""}, {""field"": ""sport_game"", ""value"": ""国内""}]}}",国内的城市马拉松,llm_onecall,12708.0,OK,
964,体育,第4轮,有全程回放的,sports_match_search,"{""query"": null}",有全程回放的,llm_onecall,13554.2,OK,
964,体育,第5轮,城市马拉松那种,sports_match_search,"{""query"": {""field"": ""sport_name"", ""value"": ""马拉松""}}",城市马拉松,llm_onecall,14224.7,OK,
965,体育,第1轮,足球比赛视频有哪些,fan_knowledge_agent,"{""messages"": [{""content"": ""足球比赛视频有哪些"", ""role"": ""user""}], ""riskRespStrategy"": ""all_replace"", ""sceneTypeIntentList"": [{""intent"": ""sports_chat_qa"", ""sceneType"": ""sport_qa""}]}",足球比赛视频有哪些,general_rule,16250.0,OK,
965,体育,第2轮,比分多少,sports_match_event_card_search,,欧国联的比分,llm_onecall,11563.3,OK,
965,体育,第3轮,英超级的,sports_match_search,"{""query"": {""field"": ""sport_game"", ""value"": ""英超""}}",英超级的,llm_onecall,11073.0,OK,
965,体育,第4轮,英超的,sports_match_search,"{""query"": {""field"": ""sport_game"", ""value"": ""英超""}}",英超的,llm_onecall,13765.8,OK,
965,体育,第5轮,7月21日,sports_match_search,"{""query"": {""field"": ""sport_time"", ""value"": ""20260721""}}",7月21日,llm_onecall,13967.1,OK,
966,体育,第1轮,有啥好看的奥运会乒乓球比赛视频,sports_vod_search,"{""query"": {""and"": [{""field"": ""sport_game"", ""value"": ""奥运会""}, {""field"": ""sport_name"", ""value"": ""乒乓球""}]}}",有啥好看的奥运会乒乓球比赛视频,llm_onecall,18380.1,OK,
966,体育,第2轮,画质清楚,sports_vod_search,"{""query"": {""and"": [{""field"": ""sport_game"", ""value"": ""奥运会""}, {""field"": ""sport_name"", ""value"": ""乒乓球""}]}}",画质清楚的奥运会乒乓球比赛,llm_onecall,14124.9,OK,
966,体育,第3轮,看完整的,sports_vod_search,"{""query"": {""and"": [{""field"": ""sport_game"", ""value"": ""奥运会""}, {""field"": ""sport_name"", ""value"": ""乒乓球""}]}}",看画质清楚的奥运会乒乓球比赛,llm_onecall,16854.6,OK,
966,体育,第4轮,小胖那场,sports_vod_search,"{""query"": {""and"": [{""field"": ""sport_game"", ""value"": ""奥运会""}, {""field"": ""sport_name"", ""value"": ""乒乓球""}, {""field"": ""sport_star"", ""value"": ""小胖""}]}}",看画质清楚的奥运会乒乓球比赛小胖那场,llm_onecall,18064.2,OK,
966,体育,第5轮,全场视频,sports_vod_search,"{""query"": {""and"": [{""field"": ""sport_game"", ""value"": ""奥运会""}, {""field"": ""sport_name"", ""value"": ""乒乓球""}, {""field"": ""sport_star"", ""value"": ""小胖""}]}}",看画质清楚的奥运会乒乓球比赛小胖那场的全场视频,llm_onecall,20309.7,OK,
967,体育,第1轮,有没有好看的电竞比赛视频,sports_vod_search,"{""query"": {""field"": ""sport_name"", ""value"": ""电竞""}}",有没有好看的电竞比赛视频,llm_onecall,16950.4,OK,
967,体育,第2轮,解说版,sports_vod_search,"{""query"": {""field"": ""sport_name"", ""value"": ""电竞""}}",有没有好看的电竞比赛视频,llm_onecall,14400.7,OK,
967,体育,第3轮,世界决赛的那种,sports_vod_search,"{""query"": {""field"": ""sport_name"", ""value"": ""电竞""}}",有没有好看的电竞比赛视频,llm_onecall,16638.7,OK,
967,体育,第4轮,去年那种,sports_vod_search,"{""query"": {""field"": ""sport_name"", ""value"": ""电竞""}}",去年好看的电竞比赛视频,llm_onecall,17829.7,OK,
967,体育,第5轮,去年出的,sports_vod_search,"{""query"": {""field"": ""sport_name"", ""value"": ""电竞""}}",去年出的电竞比赛视频,llm_onecall,19487.7,OK,
968,体育,第1轮,来几部奥运会乒乓球比赛视频,sports_vod_search,"{""query"": {""and"": [{""field"": ""sport_game"", ""value"": ""奥运会""}, {""field"": ""sport_name"", ""value"": ""乒乓球""}]}}",来几部奥运会乒乓球比赛视频,llm_onecall,16505.4,OK,
968,体育,第2轮,男单决赛那种,sports_vod_search,"{""query"": {""and"": [{""field"": ""sport_game"", ""value"": ""奥运会""}, {""field"": ""sport_name"", ""value"": ""乒乓球""}, {""field"": ""sport_competition_phase"", ""value"": ""决赛""}]}}",来几部奥运会乒乓球男单决赛比赛视频,llm_onecall,17471.7,OK,
968,体育,第3轮,樊振东那场,sports_match_search,"{""query"": {""and"": [{""field"": ""sport_game"", ""value"": ""奥运会""}, {""field"": ""sport_name"", ""value"": ""乒乓球""}, {""field"": ""sport_competition_phase"", ""value"": ""决赛""}, {""field"": ""sport_star"", ""value"": ""樊振东""}]}}",樊振东那场奥运会乒乓球男单决赛,llm_onecall,15543.2,OK,
968,体育,第4轮,男单,sports_match_search,"{""query"": {""and"": [{""field"": ""sport_game"", ""value"": ""奥运会""}, {""field"": ""sport_name"", ""value"": ""乒乓球""}, {""field"": ""sport_competition_phase"", ""value"": ""男单决赛""}, {""field"": ""sport_star"", ""value"": ""樊振东""}]}}",樊振东那场奥运会乒乓球男单决赛,llm_onecall,17744.0,OK,
968,体育,第5轮,画质清楚点的,sports_vod_search,"{""query"": {""and"": [{""field"": ""sport_star"", ""value"": ""樊振东""}, {""field"": ""sport_game"", ""value"": ""奥运会""}, {""field"": ""sport_name"", ""value"": ""乒乓球""}, {""field"": ""sport_competition_phase"", ""value"": ""男单决赛""}]}}",搜索樊振东奥运会乒乓球男单决赛,llm_onecall,20400.7,OK,
969,体育,第1轮,有没有好看的马拉松比赛视频,sports_vod_search,"{""query"": {""field"": ""sport_name"", ""value"": ""马拉松""}}",有没有好看的马拉松比赛视频,llm_onecall,16484.5,OK,
969,体育,第2轮,今年的,sports_match_search,"{""query"": {""field"": ""sport_name"", ""value"": ""马拉松""}}",今年的马拉松比赛,llm_onecall,12083.2,OK,
969,体育,第3轮,城市马拉松那种,sports_match_search,"{""query"": {""field"": ""sport_name"", ""value"": ""城市马拉松""}}",今年的城市马拉松,llm_onecall,13357.4,OK,
969,体育,第4轮,国内的城市马拉松,sports_match_search,"{""query"": {""and"": [{""field"": ""sport_name"", ""value"": ""马拉松""}, {""field"": ""sport_game"", ""value"": ""城市马拉松""}]}}",国内的城市马拉松,llm_onecall,15162.1,OK,
969,体育,第5轮,不花钱的有没有,sports_vod_search,"{""query"": {""and"": [{""field"": ""sport_name"", ""value"": ""城市马拉松""}, {""field"": ""sport_game"", ""value"": ""国内""}]}}",不花钱的国内的城市马拉松,llm_onecall,20387.8,OK,
97,影视,第1轮,来点真人秀综艺,vod_search,"{""action"": ""search"", ""query"": {""and"": [{""field"": ""category"", ""value"": ""综艺""}, {""field"": ""tag"", ""value"": ""真人秀""}]}, ""retext"": ""来点真人秀综艺""}",来点真人秀综艺,llm_onecall,15339.7,OK,
97,影视,第2轮,每周六更的,vod_search,"{""action"": ""search"", ""query"": {""and"": [{""field"": ""category"", ""value"": ""综艺""}, {""field"": ""tag"", ""value"": ""真人秀""}]}, ""retext"": ""每周六更新的真人秀综艺"", ""sort"": {""new"": {""order"": ""desc""}}}",每周六更新的真人秀综艺,llm_onecall,17861.7,OK,
97,影视,第3轮,户外的那种,vod_search,"{""action"": ""search"", ""query"": {""and"": [{""field"": ""category"", ""value"": ""综艺""}, {""field"": ""tag"", ""operator"": ""or"", ""values"": [""户外"", ""真人秀""]}]}, ""retext"": ""每周六更新的户外真人秀综艺"", ""sort"": {""new"": {""order"": ""desc""}}}",每周六更新的户外真人秀综艺,llm_onecall,31665.2,OK,
97,影视,第4轮,最新季的,vod_search,"{""action"": ""search"", ""query"": {""and"": [{""field"": ""category"", ""value"": ""综艺""}, {""field"": ""tag"", ""value"": ""户外真人秀""}]}, ""retext"": ""最新季的每周六更新的户外真人秀综艺"", ""sort"": {""new"": {""order"": ""desc""}}}",最新季的每周六更新的户外真人秀综艺,llm_onecall,31987.2,OK,
97,影视,第5轮,最新一季的,vod_search,"{""action"": ""search"", ""query"": {""field"": ""series"", ""value"": ""1""}, ""retext"": ""最新一季的"", ""sort"": {""new"": {""order"": ""desc""}}}",最新一季的,llm_onecall,14131.2,OK,
970,体育,第1轮,拳击比赛有哪些,fan_knowledge_agent,"{""messages"": [{""content"": ""拳击比赛有哪些"", ""role"": ""user""}], ""riskRespStrategy"": ""all_replace"", ""sceneTypeIntentList"": [{""intent"": ""sports_chat_qa"", ""sceneType"": ""sport_qa""}]}",拳击比赛有哪些,general_rule,14596.9,OK,
970,体育,第2轮,全场回放,sports_match_search,"{""query"": {""and"": [{""field"": ""sport_name"", ""value"": ""拳击""}, {""field"": ""live_state"", ""values"": {""and"": [""3"", ""4""]}}]}}",播放拳击比赛全场回放,llm_onecall,12314.2,OK,
970,体育,第3轮,最近那场,sports_match_search,"{""query"": {""field"": ""sport_name"", ""value"": ""拳击""}}",最近那场拳击比赛,llm_onecall,12972.6,OK,
970,体育,第4轮,重量级,sports_match_search,"{""query"": {""field"": ""sport_name"", ""value"": ""重量级拳击""}}",重量级拳击比赛,llm_onecall,12810.2,OK,
970,体育,第5轮,最近一场,sports_match_search,"{""query"": {""and"": [{""field"": ""sport_name"", ""value"": ""拳击""}, {""field"": ""sport_competition_phase"", ""value"": ""重量级""}]}}",最近一场重量级拳击比赛,llm_onecall,14708.8,OK,
971,体育,第1轮,来一部足球比赛视频,sports_vod_search,"{""query"": {""field"": ""sport_name"", ""value"": ""足球""}}",来一部足球比赛视频,llm_onecall,15586.4,OK,
971,体育,第2轮,能看重放吗,sports_match_search,"{""query"": {""field"": ""sport_name"", ""value"": ""足球""}}",能看足球比赛视频的重放吗,llm_onecall,12585.3,OK,
971,体育,第3轮,7月21号的那种,sports_match_search,"{""query"": {""and"": [{""field"": ""sport_name"", ""value"": ""足球""}, {""field"": ""sport_time"", ""value"": ""20260721""}]}}",7月21号的足球比赛,llm_onecall,13889.3,OK,
971,体育,第4轮,有回放,sports_match_search,"{""query"": {""and"": [{""field"": ""sport_name"", ""value"": ""足球""}, {""field"": ""sport_time"", ""value"": ""20260721""}]}}",7月21号的足球比赛,llm_onecall,15574.9,OK,
971,体育,第5轮,半决赛的有吗,sports_match_search,"{""query"": {""and"": [{""field"": ""sport_name"", ""value"": ""足球""}, {""field"": ""sport_competition_phase"", ""value"": ""半决赛""}, {""field"": ""sport_time"", ""value"": ""20260721""}]}}",7月21号的足球比赛的半决赛,llm_onecall,17176.7,OK,
972,体育,第1轮,放网球的视频,vod_search,"{""action"": ""play"", ""query"": {""field"": ""tag"", ""value"": ""网球""}, ""retext"": ""放网球的视频""}",放网球的视频,llm_onecall,26838.4,OK,
972,体育,第2轮,郑钦文,sports_vod_search,"{""query"": {""field"": ""sport_star"", ""value"": ""郑钦文""}}",搜索郑钦文,llm_onecall,16536.0,OK,
972,体育,第3轮,决赛轮的,sports_match_search,"{""query"": {""and"": [{""field"": ""sport_star"", ""value"": ""郑钦文""}, {""field"": ""sport_competition_phase"", ""value"": ""决赛""}]}}",搜索郑钦文决赛轮,llm_onecall,14949.1,OK,
972,体育,第4轮,决赛那种,sports_match_search,"{""query"": {""and"": [{""field"": ""sport_star"", ""value"": ""郑钦文""}, {""field"": ""sport_competition_phase"", ""value"": ""决赛""}]}}",搜索郑钦文决赛轮,llm_onecall,17478.6,OK,
972,体育,第5轮,看决赛轮,sports_match_search,"{""query"": {""and"": [{""field"": ""sport_star"", ""value"": ""郑钦文""}, {""field"": ""sport_competition_phase"", ""value"": ""决赛""}]}}",搜索郑钦文决赛轮,llm_onecall,12711.0,OK,
973,体育,第1轮,看看马拉松比赛视频,sports_vod_search,"{""query"": {""field"": ""sport_name"", ""value"": ""马拉松""}}",看看马拉松比赛视频,llm_onecall,14337.5,OK,
973,体育,第2轮,国内马拉松的那种,sports_vod_search,"{""query"": {""field"": ""sport_name"", ""value"": ""马拉松""}}",看看国内马拉松比赛视频,llm_onecall,15580.3,OK,
973,体育,第3轮,高清版的有吗,sports_vod_search,"{""query"": {""field"": ""sport_name"", ""value"": ""马拉松""}}",看看国内马拉松比赛视频的高清版,llm_onecall,17754.4,OK,
973,体育,第4轮,不要会员的吗,sports_vod_search,"{""query"": {""field"": ""sport_name"", ""value"": ""马拉松""}}",看看国内马拉松比赛视频的高清版不要会员的吗,llm_onecall,21767.0,OK,
973,体育,第5轮,今年办,sports_vod_search,"{""query"": {""field"": ""sport_name"", ""value"": ""马拉松""}}",看看今年举办的国内马拉松比赛视频,llm_onecall,19679.5,OK,
974,体育,第1轮,来一部排球比赛,sports_vod_search,"{""query"": {""field"": ""sport_name"", ""value"": ""排球""}}",来一部排球比赛,llm_onecall,14773.9,OK,
974,体育,第2轮,女排世界联赛的,sports_match_search,"{""query"": {""and"": [{""field"": ""sport_game"", ""value"": ""女排世界联赛""}, {""field"": ""sport_name"", ""value"": ""女排""}]}}",想看女排世界联赛,llm_onecall,14050.3,OK,
974,体育,第3轮,完整版有吗,sports_vod_search,"{""query"": {""field"": ""title"", ""value"": ""女排世界联赛""}}",想看女排世界联赛完整版,llm_onecall,18423.2,OK,
974,体育,第4轮,能免费看吗,sports_vod_search,"{""query"": {""field"": ""title"", ""value"": ""女排世界联赛""}}",搜索女排世界联赛完整版,llm_onecall,20440.5,OK,
974,体育,第5轮,世界女排联赛,sports_match_search,"{""query"": {""field"": ""sport_game"", ""value"": ""世界女排联赛""}}",想看世界女排联赛,llm_onecall,13393.7,OK,
975,体育,第1轮,有什么足球比赛视频,sports_vod_search,"{""query"": {""field"": ""sport_name"", ""value"": ""足球""}}",有什么足球比赛视频,llm_onecall,15524.9,OK,
975,体育,第2轮,7月21日,sports_match_search,"{""query"": {""field"": ""sport_time"", ""value"": ""20260721""}}",7月21日,llm_onecall,11966.5,OK,
975,体育,第3轮,7月21号,sports_match_search,"{""query"": {""field"": ""sport_time"", ""value"": ""20260721""}}",7月21号,llm_onecall,14071.6,OK,
975,体育,第4轮,英超级的,sports_vod_search,"{""query"": {""and"": [{""field"": ""sport_game"", ""value"": ""英超""}, {""field"": ""sport_name"", ""value"": ""足球""}]}}",有什么英超级的足球比赛视频,llm_onecall,19324.0,OK,
975,体育,第5轮,半决赛那场,sports_match_search,"{""query"": {""and"": [{""field"": ""sport_game"", ""value"": ""英超""}, {""field"": ""sport_competition_phase"", ""value"": ""半决赛""}, {""field"": ""sport_time"", ""value"": ""20260721""}]}}",7月21号英超半决赛,llm_onecall,15783.3,OK,
976,体育,第1轮,有什么好看的台球比赛视频,sports_vod_search,"{""query"": {""field"": ""sport_name"", ""value"": ""台球""}}",有什么好看的台球比赛视频,llm_onecall,14340.2,OK,
976,体育,第2轮,斯诺克那种,sports_vod_search,"{""query"": {""or"": [{""field"": ""sport_name"", ""value"": ""斯诺克""}, {""field"": ""sport_game"", ""value"": ""斯诺克""}]}}",有什么好看的斯诺克比赛视频,llm_onecall,17421.2,OK,
976,体育,第3轮,画质细腻的,sports_vod_search,"{""query"": {""or"": [{""field"": ""sport_name"", ""value"": ""斯诺克""}, {""field"": ""sport_game"", ""value"": ""斯诺克""}]}}",有什么画质细腻的斯诺克比赛视频,llm_onecall,19409.4,OK,
976,体育,第4轮,世锦赛的有吗,sports_vod_search,"{""query"": {""and"": [{""field"": ""sport_game"", ""value"": ""斯诺克世锦赛""}, {""field"": ""sport_game"", ""value"": ""世锦赛""}, {""field"": ""sport_game"", ""value"": ""斯诺克""}]}}",有什么画质细腻的斯诺克世锦赛比赛视频,llm_onecall,20976.1,OK,
976,体育,第5轮,要斯诺克,sports_vod_search,"{""query"": {""or"": [{""field"": ""sport_name"", ""value"": ""斯诺克""}, {""field"": ""sport_game"", ""value"": ""斯诺克""}]}}",有什么好看的斯诺克比赛视频,llm_onecall,18610.5,OK,
977,体育,第1轮,有什么网球的视频,sports_vod_search,"{""query"": {""field"": ""sport_name"", ""value"": ""网球""}}",有什么网球的视频,llm_onecall,15527.0,OK,
977,体育,第2轮,昨晚,sports_match_search,"{""query"": null}",昨晚,llm_onecall,12705.6,OK,
977,体育,第3轮,决赛轮的,sports_match_search,"{""query"": {""and"": [{""field"": ""sport_name"", ""value"": ""网球""}, {""field"": ""sport_competition_phase"", ""value"": ""决赛""}]}}",昨晚的网球决赛,llm_onecall,14362.1,OK,
977,体育,第4轮,大满贯,sports_match_search,"{""query"": {""and"": [{""field"": ""sport_name"", ""value"": ""网球""}, {""field"": ""sport_competition_phase"", ""value"": ""决赛""}, {""field"": ""sport_game"", ""value"": ""大满贯""}]}}",昨晚的网球决赛大满贯,llm_onecall,17867.8,OK,
977,体育,第5轮,昨晚那种,sports_match_search,"{""query"": {""and"": [{""field"": ""sport_name"", ""value"": ""网球""}, {""field"": ""sport_competition_phase"", ""value"": ""决赛""}, {""field"": ""sport_game"", ""value"": ""大满贯""}]}}",昨晚的网球决赛大满贯,llm_onecall,15340.3,OK,
978,体育,第1轮,有哪些羽毛球比赛,fan_knowledge_agent,"{""messages"": [{""content"": ""有哪些羽毛球比赛"", ""role"": ""user""}], ""riskRespStrategy"": ""all_replace"", ""sceneTypeIntentList"": [{""intent"": ""sports_chat_qa"", ""sceneType"": ""sport_qa""}]}",有哪些羽毛球比赛,general_rule,13288.0,OK,
978,体育,第2轮,女单决赛,sports_match_search,"{""query"": {""and"": [{""field"": ""sport_game"", ""value"": ""中国羽毛球大师赛""}, {""field"": ""sport_name"", ""value"": ""羽毛球""}, {""field"": ""sport_competition_phase"", ""value"": ""决赛""}]}}",2026年中国羽毛球大师赛女单决赛,llm_onecall,14490.8,OK,
978,体育,第3轮,陈雨菲的比赛的那种,sports_match_search,"{""query"": {""and"": [{""field"": ""sport_game"", ""value"": ""中国羽毛球大师赛""}, {""field"": ""sport_competition_phase"", ""value"": ""女单决赛""}]}}",2026年中国羽毛球大师赛女单决赛,llm_onecall,12966.1,OK,
978,体育,第4轮,雨菲那场的那种,sports_match_search,"{""query"": {""and"": [{""field"": ""sport_game"", ""value"": ""中国羽毛球大师赛""}, {""field"": ""sport_name"", ""value"": ""羽毛球""}, {""field"": ""sport_competition_phase"", ""value"": ""决赛""}]}}",2026年中国羽毛球大师赛女单决赛,llm_onecall,16321.2,OK,
978,体育,第5轮,女子单打决赛,sports_match_search,"{""query"": {""and"": [{""field"": ""sport_game"", ""value"": ""中国羽毛球大师赛""}, {""field"": ""sport_name"", ""value"": ""羽毛球""}, {""field"": ""sport_competition_phase"", ""value"": ""决赛""}]}}",2026年中国羽毛球大师赛女子单打决赛,llm_onecall,15471.7,OK,
979,体育,第1轮,想看篮球比赛视频,sports_vod_search,"{""query"": {""field"": ""sport_name"", ""value"": ""篮球""}}",想看篮球比赛视频,llm_onecall,14492.3,OK,
979,体育,第2轮,新疆那种,sports_match_search,"{""query"": {""and"": [{""field"": ""sport_team"", ""value"": ""新疆""}, {""field"": ""sport_name"", ""value"": ""篮球""}]}}",想看新疆的篮球比赛,llm_onecall,14354.9,OK,
979,体育,第3轮,新疆那队,sports_match_search,"{""query"": {""and"": [{""field"": ""sport_team"", ""value"": ""新疆""}, {""field"": ""sport_name"", ""value"": ""篮球""}]}}",想看新疆的篮球比赛,llm_onecall,14026.4,OK,
979,体育,第4轮,要季后赛,sports_match_search,"{""query"": {""and"": [{""field"": ""sport_team"", ""value"": ""新疆""}, {""field"": ""sport_competition_phase"", ""value"": ""季后赛""}]}}",想看新疆的季后赛,llm_onecall,16828.4,OK,
979,体育,第5轮,中国男篮联赛,sports_match_search,"{""query"": {""and"": [{""field"": ""sport_team"", ""value"": ""中国男篮""}, {""field"": ""sport_game"", ""value"": ""联赛""}]}}",想看中国男篮联赛,llm_onecall,13379.9,OK,
98,影视,第1轮,找点脱口秀节目,vod_search,"{""action"": ""search"", ""query"": {""field"": ""tag"", ""value"": ""脱口秀""}, ""retext"": ""找点脱口秀节目""}",找点脱口秀节目,llm_onecall,16490.4,OK,
98,影视,第2轮,单口那种,,,,,,ERR,TimeoutError: timed out
98,影视,第3轮,单口喜剧的,,,,,,ERR,TimeoutError: timed out
98,影视,第4轮,单人的,,,,,,ERR,TimeoutError: timed out
98,影视,第5轮,脱口秀大会那种,vod_relate_search,"{""query"": {""and"": [{""field"": ""title"", ""value"": ""脱口秀大会""}, {""field"": ""tag"", ""value"": ""脱口秀""}, {""field"": ""category"", ""value"": ""综艺""}]}}",找点脱口秀大会那种,llm_onecall,27831.5,OK,
980,体育,第1轮,放几部网球的视频,sports_vod_search,"{""query"": {""field"": ""sport_name"", ""value"": ""网球""}}",放几部网球的视频,llm_onecall,14586.0,OK,
980,体育,第2轮,决赛那种,sports_vod_search,"{""query"": {""and"": [{""field"": ""sport_name"", ""value"": ""网球""}, {""field"": ""sport_competition_phase"", ""value"": ""决赛""}]}}",放几部网球决赛的视频,llm_onecall,18498.2,OK,
980,体育,第3轮,要高清那种,sports_vod_search,"{""query"": {""and"": [{""field"": ""sport_name"", ""value"": ""网球""}, {""field"": ""sport_competition_phase"", ""value"": ""决赛""}]}}",放几部高清网球决赛的视频,llm_onecall,20235.7,OK,
980,体育,第4轮,郑钦文的比赛,sports_match_search,"{""query"": {""field"": ""sport_star"", ""value"": ""郑钦文""}}",郑钦文的比赛,llm_onecall,15376.0,OK,
980,体育,第5轮,大满贯,sports_match_search,"{""query"": {""and"": [{""field"": ""sport_star"", ""value"": ""郑钦文""}, {""field"": ""sport_game"", ""value"": ""大满贯""}]}}",郑钦文参加的大满贯,llm_onecall,14108.7,OK,
981,体育,第1轮,来点马拉松比赛视频,sports_vod_search,"{""query"": {""field"": ""sport_name"", ""value"": ""马拉松""}}",来点马拉松比赛视频,llm_onecall,15694.9,OK,
981,体育,第2轮,国内的马,sports_match_search,"{""query"": {""field"": ""sport_name"", ""value"": ""马拉松""}}",国内的马拉松比赛,llm_onecall,14437.8,OK,
981,体育,第3轮,全程回放,sports_vod_search,"{""query"": {""and"": [{""field"": ""sport_name"", ""value"": ""马拉松""}, {""field"": ""sport_game"", ""value"": ""国内""}]}}",国内的马拉松比赛全程回放,llm_onecall,18678.8,OK,
981,体育,第4轮,国内马拉松,sports_match_search,"{""query"": {""field"": ""sport_name"", ""value"": ""马拉松""}}",国内马拉松,llm_onecall,13858.5,OK,
981,体育,第5轮,今年那种,sports_match_search,"{""query"": {""field"": ""sport_name"", ""value"": ""马拉松""}}",今年国内的马拉松比赛,llm_onecall,13710.3,OK,
982,体育,第1轮,找点本周的NBA集锦,sports_vod_search,"{""query"": {""and"": [{""field"": ""sport_game"", ""value"": ""NBA""}, {""field"": ""sport_time_range"", ""from"": ""20260907 00:00:00"", ""to"": ""20260913 23:59:59""}]}}",找点本周的NBA集锦,llm_onecall,17194.5,OK,
982,体育,第2轮,不要钱渠道,sports_vod_search,"{""query"": {""and"": [{""field"": ""sport_game"", ""value"": ""NBA""}, {""field"": ""sport_time_range"", ""from"": ""20260907 00:00:00"", ""to"": ""20260913 23:59:59""}]}}",找点本周的NBA集锦不要钱渠道,llm_onecall,17360.3,OK,
982,体育,第3轮,勇士的那种,sports_vod_search,"{""query"": {""and"": [{""field"": ""sport_game"", ""value"": ""NBA""}, {""field"": ""sport_team"", ""value"": ""勇士""}, {""field"": ""sport_time_range"", ""from"": ""20260907 00:00:00"", ""to"": ""20260913 23:59:59""}]}}",找点本周的NBA集锦不要钱渠道勇士的那种,llm_onecall,20964.6,OK,
982,体育,第4轮,库里的比赛的那种,sports_vod_search,"{""query"": {""and"": [{""field"": ""sport_game"", ""value"": ""NBA""}, {""field"": ""sport_star"", ""value"": ""库里""}, {""field"": ""sport_team"", ""value"": ""勇士""}, {""field"": ""sport_time_range"", ""from"": ""20260907 00:00:00"", ""to"": ""20260913 23:59:59""}]}}",找点本周的NBA集锦不要钱渠道勇士的那种库里的比赛的那种,llm_onecall,18699.3,OK,
982,体育,第5轮,库里的,sports_vod_search,"{""query"": {""and"": [{""field"": ""sport_game"", ""value"": ""NBA""}, {""field"": ""sport_star"", ""value"": ""库里""}, {""field"": ""sport_team"", ""value"": ""勇士""}, {""field"": ""sport_time_range"", ""from"": ""20260907 00:00:00"", ""to"": ""20260913 23:59:59""}]}}",找点本周的NBA集锦不要钱渠道勇士的那种库里的比赛的那种,llm_onecall,17700.4,OK,
983,体育,第1轮,好看的排球比赛,sports_vod_search,"{""query"": {""field"": ""sport_name"", ""value"": ""排球""}}",好看的排球比赛,llm_onecall,15786.1,OK,
983,体育,第2轮,能免费看吗,sports_match_search,"{""query"": {""field"": ""sport_name"", ""value"": ""排球""}}",搜索好看的排球比赛,llm_onecall,28561.8,OK,
983,体育,第3轮,要看集锦的那种,sports_vod_search,"{""query"": {""field"": ""sport_name"", ""value"": ""排球""}}",想看免费的排球比赛集锦,llm_onecall,18156.6,OK,
983,体育,第4轮,女排那种,sports_match_search,"{""query"": {""field"": ""sport_name"", ""value"": ""女排""}}",想看免费的女排比赛,llm_onecall,14336.6,OK,
983,体育,第5轮,要女排联赛,sports_match_search,"{""query"": {""and"": [{""field"": ""sport_game"", ""value"": ""女排联赛""}, {""field"": ""sport_name"", ""value"": ""女排""}]}}",想看女排联赛,llm_onecall,11925.1,OK,
984,体育,第1轮,来一部本周的NBA集锦,sports_vod_search,"{""query"": {""and"": [{""field"": ""sport_game"", ""value"": ""NBA""}, {""field"": ""sport_time_range"", ""from"": ""20260907 00:00:00"", ""to"": ""20260913 23:59:59""}]}}",来一部本周的NBA集锦,llm_onecall,17885.5,OK,
984,体育,第2轮,库里的,sports_team_search,"{""sport_team"": ""库里""}",库里,llm_onecall,13060.0,OK,
984,体育,第3轮,库里的比赛,sports_match_search,"{""query"": {""field"": ""sport_star"", ""value"": ""库里""}}",库里的比赛,llm_onecall,15460.7,OK,
984,体育,第4轮,勇士队比赛,sports_match_search,"{""query"": {""field"": ""sport_team"", ""value"": ""勇士""}}",勇士队比赛,llm_onecall,13889.3,OK,
984,体育,第5轮,有十佳球的,sports_vod_search,"{""query"": {""field"": ""title"", ""value"": ""十佳球""}}",有十佳球的,llm_onecall,17303.6,OK,
985,体育,第1轮,想看中超的比赛录像,sports_vod_search,"{""query"": {""field"": ""sport_game"", ""value"": ""中超""}}",想看中超的比赛录像,llm_onecall,16354.8,OK,
985,体育,第2轮,画质高的,sports_vod_search,"{""query"": {""field"": ""sport_game"", ""value"": ""中超""}}",想看画质高的中超比赛录像,llm_onecall,17520.0,OK,
985,体育,第3轮,要上港的,sports_vod_search,"{""query"": {""and"": [{""field"": ""sport_game"", ""value"": ""中超""}, {""field"": ""sport_team"", ""value"": ""上港""}]}}",想看画质高的中超比赛录像；要上港的,llm_onecall,20805.1,OK,
985,体育,第4轮,要上海海港的,sports_vod_search,"{""query"": {""field"": ""sport_game"", ""value"": ""中超""}}",搜索画质高的中超比赛录像,llm_onecall,28666.4,OK,
985,体育,第5轮,不要钱能看吗,sports_match_search,"{""query"": {""field"": ""sport_team"", ""value"": ""上海海港""}}",上海海港的比赛不要钱能看吗,llm_onecall,12619.3,OK,
986,体育,第1轮,推荐几部羽毛球比赛,sports_vod_search,"{""query"": {""field"": ""sport_name"", ""value"": ""羽毛球""}}",推荐几部羽毛球比赛,llm_onecall,17946.3,OK,
986,体育,第2轮,女单那种,sports_match_search,"{""query"": {""and"": [{""field"": ""sport_name"", ""value"": ""羽毛球""}, {""field"": ""sport_gender"", ""value"": ""女""}]}}",推荐女单羽毛球比赛,llm_onecall,14593.2,OK,
986,体育,第3轮,女子单打决赛,sports_match_search,"{""query"": {""field"": ""sport_competition_phase"", ""value"": ""决赛""}}",推荐女子单打决赛,llm_onecall,16371.0,OK,
986,体育,第4轮,陈雨菲,sports_match_search,"{""query"": {""field"": ""sport_star"", ""value"": ""陈雨菲""}}",陈雨菲,llm_onecall,13306.3,OK,
986,体育,第5轮,女单,sports_match_search,"{""query"": {""and"": [{""field"": ""sport_name"", ""value"": ""羽毛球""}, {""field"": ""sport_gender"", ""value"": ""女""}]}}",推荐女单羽毛球比赛,llm_onecall,11191.3,OK,
987,体育,第1轮,世界杯的比赛有哪些,fan_knowledge_agent,"{""messages"": [{""content"": ""世界杯的比赛有哪些"", ""role"": ""user""}], ""riskRespStrategy"": ""all_replace"", ""sceneTypeIntentList"": [{""intent"": ""sports_chat_qa"", ""sceneType"": ""sport_qa""}]}",世界杯的比赛有哪些,general_rule,15076.1,OK,
987,体育,第2轮,最后谁夺冠了,sports_match_search,"{""query"": {""and"": [{""field"": ""sport_game"", ""value"": ""世界杯""}, {""field"": ""live_state"", ""value"": ""4""}]}}",2026年美加墨世界杯最后谁夺冠了,llm_onecall,16578.9,OK,
987,体育,第3轮,金球奖得主是谁,fan_knowledge_agent,"{""messages"": [{""content"": ""世界杯金球奖得主是谁"", ""role"": ""user""}], ""riskRespStrategy"": ""all_replace"", ""sceneTypeIntentList"": [{""intent"": ""sports_chat_qa"", ""sceneType"": ""sport_qa""}]}",世界杯金球奖得主是谁,general_rule,16062.2,OK,
987,体育,第4轮,决赛回放的那种,sports_match_search,"{""query"": {""and"": [{""field"": ""sport_game"", ""value"": ""世界杯""}, {""field"": ""sport_competition_phase"", ""value"": ""决赛""}, {""field"": ""live_state"", ""values"": {""and"": [""3"", ""4""]}}]}}",2026年美加墨世界杯决赛回放,llm_onecall,15591.2,OK,
987,体育,第5轮,举办地的那种,sports_match_search,"{""query"": {""field"": ""sport_game"", ""value"": ""世界杯""}}",2026年美加墨世界杯,llm_onecall,13442.7,OK,
988,体育,第1轮,想看足球比赛视频,sports_vod_search,"{""query"": {""field"": ""sport_name"", ""value"": ""足球""}}",想看足球比赛视频,llm_onecall,17064.3,OK,
988,体育,第2轮,比分多少,sports_vod_search,"{""query"": {""field"": ""sport_name"", ""value"": ""足球""}}",想看足球比赛视频的比分,llm_onecall,17987.4,OK,
988,体育,第3轮,回放有吗,sports_vod_search,"{""query"": {""field"": ""sport_name"", ""value"": ""足球""}}",想看足球比赛视频的比分,llm_onecall,17244.1,OK,
988,体育,第4轮,英超的,sports_match_search,"{""query"": {""and"": [{""field"": ""sport_game"", ""value"": ""英超""}, {""field"": ""sport_name"", ""value"": ""足球""}]}}",想看英超足球比赛,llm_onecall,15581.0,OK,
988,体育,第5轮,能看重放吗,sports_match_search,"{""query"": {""and"": [{""field"": ""sport_game"", ""value"": ""英超""}, {""field"": ""sport_name"", ""value"": ""足球""}, {""field"": ""live_state"", ""value"": ""4""}]}}",想看英超足球比赛的重放,llm_onecall,11139.4,OK,
989,体育,第1轮,想看本周的NBA集锦,sports_vod_search,"{""query"": {""and"": [{""field"": ""sport_game"", ""value"": ""NBA""}, {""field"": ""sport_time_range"", ""from"": ""20260907 00:00:00"", ""to"": ""20260913 23:59:59""}]}}",想看本周的NBA集锦,llm_onecall,20034.8,OK,
989,体育,第2轮,库里,sports_team_search,"{""sport_team"": ""库里""}",库里,llm_onecall,13943.8,OK,
989,体育,第3轮,有精彩进球,sports_vod_search,"{""query"": {""field"": ""sport_star"", ""value"": ""库里""}}",库里精彩进球,llm_onecall,17293.8,OK,
989,体育,第4轮,免费渠道的有吗,sports_vod_search,"{""query"": {""field"": ""sport_star"", ""value"": ""库里""}}",库里精彩进球免费渠道的有吗,llm_onecall,15126.5,OK,
989,体育,第5轮,要库里的,sports_team_search,"{""sport_team"": ""库里""}",库里,llm_onecall,11076.7,OK,
99,影视,第1轮,我想看律政剧,vod_search,"{""action"": ""search"", ""query"": {""and"": [{""field"": ""category"", ""value"": ""电视剧""}, {""field"": ""tag"", ""value"": ""律政""}]}, ""retext"": ""我想看律政剧""}",我想看律政剧,llm_onecall,16508.6,OK,
99,影视,第2轮,评分高的有吗,vod_search,"{""action"": ""search"", ""query"": {""and"": [{""field"": ""category"", ""value"": ""电视剧""}, {""field"": ""tag"", ""value"": ""律政""}]}, ""retext"": ""我想看评分高的律政剧"", ""sort"": {""rate"": {""order"": ""desc""}}}",我想看评分高的律政剧,llm_onecall,18208.2,OK,
99,影视,第3轮,辩论多的,vod_search,"{""action"": ""search"", ""query"": {""and"": [{""field"": ""category"", ""value"": ""电视剧""}, {""field"": ""tag"", ""value"": ""律政""}]}, ""retext"": ""我想看评分高辩论多的律政剧"", ""sort"": {""rate"": {""order"": ""desc""}}}",我想看评分高辩论多的律政剧,llm_onecall,17022.3,OK,
99,影视,第4轮,要完结的有没有,vod_search,"{""action"": ""search"", ""query"": {""and"": [{""field"": ""category"", ""value"": ""电视剧""}, {""field"": ""tag"", ""operator"": ""or"", ""values"": [""辩论"", ""律政""]}, {""field"": ""is_over"", ""value"": ""1""}]}, ""retext"": ""我想看评分高辩论多完结的律政剧"", ""sort"": {""rate"": {""order"": ""desc""}}}",我想看评分高辩论多完结的律政剧,llm_onecall,18214.5,OK,
99,影视,第5轮,法庭戏多的,vod_search,"{""action"": ""search"", ""query"": {""and"": [{""field"": ""category"", ""value"": ""电视剧""}, {""field"": ""tag"", ""operator"": ""or"", ""values"": [""法庭"", ""律政""]}, {""field"": ""is_over"", ""value"": ""1""}]}, ""retext"": ""我想看评分高辩论多完结法庭戏多的律政剧"", ""sort"": {""rate"": {""order"": ""desc""}}}",我想看评分高辩论多完结法庭戏多的律政剧,llm_onecall,17671.7,OK,
990,体育,第1轮,来几部中超的比赛录像,sports_vod_search,"{""query"": {""field"": ""sport_game"", ""value"": ""中超""}}",来几部中超的比赛录像,llm_onecall,18028.9,OK,
990,体育,第2轮,主场,sports_vod_search,"{""query"": {""and"": [{""field"": ""sport_game"", ""value"": ""中超""}, {""field"": ""sport_team_home"", ""value"": ""任意""}]}}",来几部中超比赛录像中主场的,llm_onecall,18020.7,OK,
990,体育,第3轮,主场那种,sports_vod_search,"{""query"": {""and"": [{""field"": ""sport_game"", ""value"": ""中超""}, {""field"": ""sport_team_home"", ""value"": ""任意""}]}}",来几部中超比赛录像中主场的,llm_onecall,19618.8,OK,
990,体育,第4轮,高分辨率,numeric_adjust,"{""device"": """", ""location"": """", ""object"": ""分辨率"", ""operation"": ""设置"", ""value"": """"}",高分辨率,llm_onecall,11108.3,OK,
990,体育,第5轮,主场比赛的那种,sports_vod_search,"{""query"": {""and"": [{""field"": ""sport_game"", ""value"": ""中超""}, {""field"": ""sport_team_home"", ""value"": ""主队""}]}}",来几部中超比赛录像中主场的,llm_onecall,19003.8,OK,
991,体育,第1轮,放几部中超的比赛录像,sports_vod_search,"{""query"": {""field"": ""sport_game"", ""value"": ""中超""}}",放几部中超的比赛录像,llm_onecall,18907.4,OK,
991,体育,第2轮,要画质高的,sports_vod_search,"{""query"": {""field"": ""sport_game"", ""value"": ""中超""}}",找画质高的中超比赛录像,llm_onecall,17360.5,OK,
991,体育,第3轮,上海海港的,sports_vod_search,"{""query"": {""and"": [{""field"": ""sport_team"", ""value"": ""上海海港""}, {""field"": ""sport_game"", ""value"": ""中超""}]}}",找上海海港的中超比赛录像,llm_onecall,18472.0,OK,
991,体育,第4轮,要主场,sports_vod_search,"{""query"": {""and"": [{""field"": ""sport_team_home"", ""value"": ""上海海港""}, {""field"": ""sport_game"", ""value"": ""中超""}]}}",找上海海港的中超比赛录像；要主场,llm_onecall,17745.6,OK,
991,体育,第5轮,主场那种,sports_vod_search,"{""query"": {""and"": [{""field"": ""sport_team_home"", ""value"": ""上海海港""}, {""field"": ""sport_game"", ""value"": ""中超""}]}}",找上海海港的中超比赛录像；要主场,llm_onecall,16692.8,OK,
992,体育,第1轮,最近想看F1的比赛,sports_match_search,"{""query"": {""field"": ""sport_game"", ""value"": ""F1""}}",最近想看F1的比赛,llm_onecall,15772.0,OK,
992,体育,第2轮,上海站,sports_match_search,"{""query"": {""field"": ""sport_game"", ""value"": ""F1""}}",最近想看F1的上海站比赛,llm_onecall,13896.8,OK,
992,体育,第3轮,不要会员的有没有,sports_vod_search,"{""query"": {""field"": ""sport_name"", ""value"": ""体育""}}",不要会员的有没有,llm_onecall,18160.0,OK,
992,体育,第4轮,上海站的,sports_match_search,"{""query"": {""field"": ""sport_game"", ""value"": ""F1""}}",最近想看F1的上海站比赛,llm_onecall,11378.1,OK,
992,体育,第5轮,资格赛,sports_match_search,"{""query"": {""and"": [{""field"": ""sport_game"", ""value"": ""F1""}, {""field"": ""sport_competition_phase"", ""value"": ""资格赛""}]}}",最近想看F1的上海站比赛的资格赛,llm_onecall,13869.6,OK,
993,体育,第1轮,推荐几部台球比赛视频,sports_vod_search,"{""query"": {""field"": ""sport_name"", ""value"": ""台球""}}",推荐几部台球比赛视频,llm_onecall,18406.9,OK,
993,体育,第2轮,丁俊晖,sports_team_search,"{""sport_team"": ""丁俊晖""}",丁俊晖,llm_onecall,12310.4,OK,
993,体育,第3轮,小丁那场,sports_team_search,"{""sport_team"": ""丁俊晖""}",丁俊晖,llm_onecall,14549.8,OK,
993,体育,第4轮,斯诺克的,sports_vod_search,"{""query"": {""and"": [{""field"": ""sport_name"", ""value"": ""斯诺克""}, {""field"": ""sport_star"", ""value"": ""丁俊晖""}]}}",推荐几部丁俊晖的斯诺克比赛视频,llm_onecall,15569.5,OK,
993,体育,第5轮,要细腻画质,sports_vod_search,"{""query"": {""and"": [{""field"": ""sport_name"", ""value"": ""斯诺克""}, {""field"": ""sport_star"", ""value"": ""丁俊晖""}]}}",推荐几部丁俊晖的斯诺克比赛视频,llm_onecall,19568.8,OK,
994,体育,第1轮,放几部篮球比赛视频,sports_vod_search,"{""query"": {""field"": ""sport_name"", ""value"": ""篮球""}}",放几部篮球比赛视频,llm_onecall,18771.9,OK,
994,体育,第2轮,要看集锦的那种,sports_vod_search,"{""query"": {""and"": [{""field"": ""sport_name"", ""value"": ""篮球""}, {""field"": ""title"", ""value"": ""集锦""}]}}",想看篮球比赛集锦,llm_onecall,16224.3,OK,
994,体育,第3轮,要cba的,sports_match_search,"{""query"": {""and"": [{""field"": ""sport_game"", ""value"": ""CBA""}, {""field"": ""sport_name"", ""value"": ""篮球""}]}}",想看cba篮球比赛,llm_onecall,12232.7,OK,
994,体育,第4轮,季后赛那种,sports_match_search,"{""query"": {""and"": [{""field"": ""sport_game"", ""value"": ""CBA""}, {""field"": ""sport_competition_phase"", ""value"": ""季后赛""}]}}",想看cba季后赛,llm_onecall,11894.5,OK,
994,体育,第5轮,季后赛阶段,sports_match_search,"{""query"": {""and"": [{""field"": ""sport_game"", ""value"": ""CBA""}, {""field"": ""sport_competition_phase"", ""value"": ""季后赛""}]}}",想看cba季后赛,llm_onecall,14166.2,OK,
995,体育,第1轮,看看拳击比赛,sports_match_search,"{""query"": {""field"": ""sport_name"", ""value"": ""拳击""}}",看看拳击比赛,llm_onecall,14665.3,OK,
995,体育,第2轮,重量级,sports_match_search,"{""query"": {""field"": ""sport_name"", ""value"": ""重量级拳击""}}",看看重量级拳击比赛,llm_onecall,12783.3,OK,
995,体育,第3轮,完整重放,sports_match_search,"{""query"": {""and"": [{""field"": ""sport_name"", ""value"": ""拳击""}, {""field"": ""sport_competition_phase"", ""value"": ""重量级""}]}}",看看重量级拳击比赛完整重放,llm_onecall,14740.1,OK,
995,体育,第4轮,最近打的,sports_match_search,"{""query"": {""and"": [{""field"": ""sport_name"", ""value"": ""拳击""}, {""field"": ""sport_competition_phase"", ""value"": ""重量级""}, {""field"": ""live_state"", ""value"": ""4""}]}}",看看重量级拳击比赛完整重放最近打的,llm_onecall,11903.3,OK,
995,体育,第5轮,不收费,sports_match_search,"{""query"": {""field"": ""sport_name"", ""value"": ""拳击""}}",看看重量级拳击比赛完整重放最近打的不收费,llm_onecall,12815.4,OK,
996,体育,第1轮,找点中超的比赛录像,sports_vod_search,"{""query"": {""field"": ""sport_game"", ""value"": ""中超""}}",找点中超的比赛录像,llm_onecall,19501.1,OK,
996,体育,第2轮,主场,sports_vod_search,"{""query"": {""field"": ""sport_game"", ""value"": ""中超""}}",找点中超的主场比赛录像,llm_onecall,17870.3,OK,
996,体育,第3轮,清晰的,sports_vod_search,"{""query"": {""field"": ""sport_game"", ""value"": ""中超""}}",找点中超的主场比赛录像,llm_onecall,16428.9,OK,
996,体育,第4轮,主场比赛,sports_vod_search,"{""query"": {""field"": ""sport_game"", ""value"": ""中超""}}",找点中超的主场比赛录像,llm_onecall,17119.7,OK,
996,体育,第5轮,免费能看吗,sports_vod_search,"{""query"": {""field"": ""sport_game"", ""value"": ""中超""}}",找点中超的主场比赛录像免费能看吗,llm_onecall,16563.0,OK,
997,体育,第1轮,推荐几部马拉松比赛视频,sports_vod_search,"{""query"": {""field"": ""sport_name"", ""value"": ""马拉松""}}",推荐几部马拉松比赛视频,llm_onecall,19740.4,OK,
997,体育,第2轮,国内的马,sports_vod_search,"{""query"": {""field"": ""sport_name"", ""value"": ""马拉松""}}",推荐国内的马拉松比赛视频,llm_onecall,16786.7,OK,
997,体育,第3轮,要高清版,sports_vod_search,"{""query"": {""and"": [{""field"": ""sport_name"", ""value"": ""马拉松""}, {""field"": ""sport_game"", ""value"": ""国内""}]}}",推荐国内的马拉松比赛视频,llm_onecall,15776.7,OK,
997,体育,第4轮,免费的吗,sports_match_search,"{""query"": {""field"": ""sport_name"", ""value"": ""马拉松""}}",推荐国内的马拉松比赛,llm_onecall,27211.8,OK,
997,体育,第5轮,完整回放的那种,sports_vod_search,"{""query"": {""and"": [{""field"": ""sport_name"", ""value"": ""马拉松""}, {""field"": ""sport_game"", ""value"": ""国内""}]}}",推荐国内的马拉松比赛视频,llm_onecall,17353.9,OK,
998,体育,第1轮,《三体》讲什么,fan_knowledge_agent,"{""messages"": [{""content"": ""《三体》讲什么"", ""role"": ""user""}], ""riskRespStrategy"": ""all_replace"", ""sceneTypeIntentList"": [{""sceneType"": ""knowledge_qa""}]}",《三体》讲什么,general_rule,17801.6,OK,
998,体育,第2轮,作者是谁,fan_knowledge_agent,"{""messages"": [{""content"": ""《三体》的作者是谁"", ""role"": ""user""}], ""riskRespStrategy"": ""all_replace"", ""sceneTypeIntentList"": [{""sceneType"": ""knowledge_qa""}]}",《三体》的作者是谁,general_rule,15991.5,OK,
998,体育,第3轮,结局是什么,fan_knowledge_agent,"{""messages"": [{""content"": ""《三体》的结局是什么"", ""role"": ""user""}], ""riskRespStrategy"": ""all_replace"", ""sceneTypeIntentList"": [{""sceneType"": ""knowledge_qa""}]}",《三体》的结局是什么,general_rule,14018.0,OK,
998,体育,第4轮,有电视剧版吗,vod_search,"{""action"": ""search"", ""query"": {""and"": [{""field"": ""title"", ""value"": ""三体""}, {""field"": ""category"", ""value"": ""电视剧""}]}, ""retext"": ""《三体》有电视剧版吗""}",《三体》有电视剧版吗,llm_onecall,12533.9,OK,
998,体育,第5轮,第二部叫什么,vod_search,"{""action"": ""search"", ""query"": {""and"": [{""field"": ""title"", ""value"": ""三体""}, {""field"": ""series"", ""value"": ""2""}]}, ""retext"": ""《三体》第二部叫什么""}",《三体》第二部叫什么,llm_onecall,14457.0,OK,
999,体育,第1轮,红楼梦作者是谁,fan_knowledge_agent,"{""messages"": [{""content"": ""红楼梦作者是谁"", ""role"": ""user""}], ""riskRespStrategy"": ""all_replace"", ""sceneTypeIntentList"": [{""sceneType"": ""knowledge_qa""}]}",红楼梦作者是谁,general_rule,13493.2,OK,
999,体育,第2轮,讲什么的,fan_knowledge_agent,"{""messages"": [{""content"": ""《红楼梦》讲什么的"", ""role"": ""user""}], ""riskRespStrategy"": ""all_replace"", ""sceneTypeIntentList"": [{""sceneType"": ""knowledge_qa""}]}",《红楼梦》讲什么的,general_rule,15589.4,OK,
999,体育,第3轮,主角有哪些,fan_knowledge_agent,"{""messages"": [{""content"": ""《红楼梦》主角有哪些"", ""role"": ""user""}], ""riskRespStrategy"": ""all_replace"", ""sceneTypeIntentList"": [{""sceneType"": ""knowledge_qa""}]}",《红楼梦》主角有哪些,general_rule,13289.5,OK,
999,体育,第4轮,有改编的电视剧吗,fan_knowledge_agent,"{""messages"": [{""content"": ""《红楼梦》有改编的电视剧吗"", ""role"": ""user""}], ""riskRespStrategy"": ""all_replace"", ""sceneTypeIntentList"": [{""sceneType"": ""video""}]}",《红楼梦》有改编的电视剧吗,general_rule,18433.2,OK,
999,体育,第5轮,哪个版本最经典,vod_search_all,"{""action"": ""search"", ""query"": {""and"": [{""field"": ""title"", ""value"": ""红楼梦""}, {""field"": ""channel"", ""value"": ""央视""}, {""field"": ""release_time"", ""from"": ""19870101"", ""to"": ""19871231""}]}, ""retext"": ""1987年央视版《红楼梦》""}",1987年央视版《红楼梦》,llm_onecall,12805.4,OK,
